onset	duration	trial_type	value	sample	source_annotation	trial	event_name	stim_presence	contrast	fp_color	response	awareness	trial_complete	fixation_break
58.075	0.000	trigger_101	101	58075	Trigger-In:101	1	trial_start	staircase	16	green	left	unaware	1	0
58.275	0.000	trigger_11	11	58275	Trigger-In:11	1	fixation_point_on	staircase	16	green	left	unaware	1	0
58.885	0.000	trigger_21	21	58885	Trigger-In:21	1	grating_on	staircase	16	green	left	unaware	1	0
58.950	0.000	trigger_20	20	58950	Trigger-In:20	1	grating_off	staircase	16	green	left	unaware	1	0
59.555	0.000	trigger_31	31	59555	Trigger-In:31	1	targets_on_fp_color_change	staircase	16	green	left	unaware	1	0
60.975	0.000	trigger_201	201	60975	Trigger-In:201	1	trial_end_completed	staircase	16	green	left	unaware	1	0
62.235	0.000	trigger_101	101	62235	Trigger-In:101	2	trial_start	absent	70	red	left	aware	1	0
62.345	0.000	trigger_11	11	62345	Trigger-In:11	2	fixation_point_on	absent	70	red	left	aware	1	0
62.945	0.000	trigger_21	21	62945	Trigger-In:21	2	grating_on	absent	70	red	left	aware	1	0
63.000	0.000	trigger_20	20	63000	Trigger-In:20	2	grating_off	absent	70	red	left	aware	1	0
63.600	0.000	trigger_31	31	63600	Trigger-In:31	2	targets_on_fp_color_change	absent	70	red	left	aware	1	0
64.340	0.000	trigger_201	201	64340	Trigger-In:201	2	trial_end_completed	absent	70	red	left	aware	1	0
65.435	0.000	trigger_101	101	65435	Trigger-In:101	3	trial_start	staircase	17	red	left	aware	1	0
65.540	0.000	trigger_11	11	65540	Trigger-In:11	3	fixation_point_on	staircase	17	red	left	aware	1	0
66.140	0.000	trigger_21	21	66140	Trigger-In:21	3	grating_on	staircase	17	red	left	aware	1	0
66.195	0.000	trigger_20	20	66195	Trigger-In:20	3	grating_off	staircase	17	red	left	aware	1	0
66.795	0.000	trigger_31	31	66795	Trigger-In:31	3	targets_on_fp_color_change	staircase	17	red	left	aware	1	0
67.555	0.000	trigger_201	201	67555	Trigger-In:201	3	trial_end_completed	staircase	17	red	left	aware	1	0
68.635	0.000	trigger_101	101	68635	Trigger-In:101	4	trial_start	staircase	16	red	left	aware	1	0
68.740	0.000	trigger_11	11	68740	Trigger-In:11	4	fixation_point_on	staircase	16	red	left	aware	1	0
69.340	0.000	trigger_21	21	69340	Trigger-In:21	4	grating_on	staircase	16	red	left	aware	1	0
69.390	0.000	trigger_20	20	69390	Trigger-In:20	4	grating_off	staircase	16	red	left	aware	1	0
69.990	0.000	trigger_31	31	69990	Trigger-In:31	4	targets_on_fp_color_change	staircase	16	red	left	aware	1	0
71.185	0.000	trigger_201	201	71185	Trigger-In:201	4	trial_end_completed	staircase	16	red	left	aware	1	0
72.265	0.000	trigger_101	101	72265	Trigger-In:101	5	trial_start	staircase	15	green	right	aware	1	0
72.370	0.000	trigger_11	11	72370	Trigger-In:11	5	fixation_point_on	staircase	15	green	right	aware	1	0
72.970	0.000	trigger_21	21	72970	Trigger-In:21	5	grating_on	staircase	15	green	right	aware	1	0
73.020	0.000	trigger_20	20	73020	Trigger-In:20	5	grating_off	staircase	15	green	right	aware	1	0
73.620	0.000	trigger_31	31	73620	Trigger-In:31	5	targets_on_fp_color_change	staircase	15	green	right	aware	1	0
74.345	0.000	trigger_201	201	74345	Trigger-In:201	5	trial_end_completed	staircase	15	green	right	aware	1	0
75.430	0.000	trigger_101	101	75430	Trigger-In:101	6	trial_start	absent	70	green	right	aware	1	0
75.535	0.000	trigger_11	11	75535	Trigger-In:11	6	fixation_point_on	absent	70	green	right	aware	1	0
76.135	0.000	trigger_21	21	76135	Trigger-In:21	6	grating_on	absent	70	green	right	aware	1	0
76.190	0.000	trigger_20	20	76190	Trigger-In:20	6	grating_off	absent	70	green	right	aware	1	0
76.790	0.000	trigger_31	31	76790	Trigger-In:31	6	targets_on_fp_color_change	absent	70	green	right	aware	1	0
77.610	0.000	trigger_201	201	77610	Trigger-In:201	6	trial_end_completed	absent	70	green	right	aware	1	0
78.690	0.000	trigger_101	101	78690	Trigger-In:101	7	trial_start	staircase	14	red	right	unaware	1	0
78.795	0.000	trigger_11	11	78795	Trigger-In:11	7	fixation_point_on	staircase	14	red	right	unaware	1	0
79.395	0.000	trigger_21	21	79395	Trigger-In:21	7	grating_on	staircase	14	red	right	unaware	1	0
79.445	0.000	trigger_20	20	79445	Trigger-In:20	7	grating_off	staircase	14	red	right	unaware	1	0
80.045	0.000	trigger_31	31	80045	Trigger-In:31	7	targets_on_fp_color_change	staircase	14	red	right	unaware	1	0
81.455	0.000	trigger_201	201	81455	Trigger-In:201	7	trial_end_completed	staircase	14	red	right	unaware	1	0
82.535	0.000	trigger_101	101	82535	Trigger-In:101	8	trial_start	salient	0	red	right	unaware	1	0
82.635	0.000	trigger_11	11	82635	Trigger-In:11	8	fixation_point_on	salient	0	red	right	unaware	1	0
83.235	0.000	trigger_21	21	83235	Trigger-In:21	8	grating_on	salient	0	red	right	unaware	1	0
83.290	0.000	trigger_20	20	83290	Trigger-In:20	8	grating_off	salient	0	red	right	unaware	1	0
83.890	0.000	trigger_31	31	83890	Trigger-In:31	8	targets_on_fp_color_change	salient	0	red	right	unaware	1	0
85.115	0.000	trigger_201	201	85115	Trigger-In:201	8	trial_end_completed	salient	0	red	right	unaware	1	0
86.190	0.000	trigger_101	101	86190	Trigger-In:101	9	trial_start	salient	0	red	right	unaware	1	0
86.295	0.000	trigger_11	11	86295	Trigger-In:11	9	fixation_point_on	salient	0	red	right	unaware	1	0
86.895	0.000	trigger_21	21	86895	Trigger-In:21	9	grating_on	salient	0	red	right	unaware	1	0
86.950	0.000	trigger_20	20	86950	Trigger-In:20	9	grating_off	salient	0	red	right	unaware	1	0
87.550	0.000	trigger_31	31	87550	Trigger-In:31	9	targets_on_fp_color_change	salient	0	red	right	unaware	1	0
89.155	0.000	trigger_201	201	89155	Trigger-In:201	9	trial_end_completed	salient	0	red	right	unaware	1	0
90.230	0.000	trigger_101	101	90230	Trigger-In:101	10	trial_start	staircase	15	green	left	unaware	1	0
90.335	0.000	trigger_11	11	90335	Trigger-In:11	10	fixation_point_on	staircase	15	green	left	unaware	1	0
90.935	0.000	trigger_21	21	90935	Trigger-In:21	10	grating_on	staircase	15	green	left	unaware	1	0
90.990	0.000	trigger_20	20	90990	Trigger-In:20	10	grating_off	staircase	15	green	left	unaware	1	0
91.590	0.000	trigger_31	31	91590	Trigger-In:31	10	targets_on_fp_color_change	staircase	15	green	left	unaware	1	0
92.755	0.000	trigger_201	201	92755	Trigger-In:201	10	trial_end_completed	staircase	15	green	left	unaware	1	0
93.835	0.000	trigger_101	101	93835	Trigger-In:101	11	trial_start	absent	70	red	left	aware	1	0
93.935	0.000	trigger_11	11	93935	Trigger-In:11	11	fixation_point_on	absent	70	red	left	aware	1	0
94.535	0.000	trigger_21	21	94535	Trigger-In:21	11	grating_on	absent	70	red	left	aware	1	0
94.585	0.000	trigger_20	20	94585	Trigger-In:20	11	grating_off	absent	70	red	left	aware	1	0
95.190	0.000	trigger_31	31	95190	Trigger-In:31	11	targets_on_fp_color_change	absent	70	red	left	aware	1	0
96.520	0.000	trigger_201	201	96520	Trigger-In:201	11	trial_end_completed	absent	70	red	left	aware	1	0
97.595	0.000	trigger_101	101	97595	Trigger-In:101	12	trial_start	staircase	16	red	left	aware	1	0
97.700	0.000	trigger_11	11	97700	Trigger-In:11	12	fixation_point_on	staircase	16	red	left	aware	1	0
98.300	0.000	trigger_21	21	98300	Trigger-In:21	12	grating_on	staircase	16	red	left	aware	1	0
98.350	0.000	trigger_20	20	98350	Trigger-In:20	12	grating_off	staircase	16	red	left	aware	1	0
98.950	0.000	trigger_31	31	98950	Trigger-In:31	12	targets_on_fp_color_change	staircase	16	red	left	aware	1	0
100.460	0.000	trigger_201	201	100460	Trigger-In:201	12	trial_end_completed	staircase	16	red	left	aware	1	0
101.535	0.000	trigger_101	101	101535	Trigger-In:101	13	trial_start	staircase	15	green	left	unaware	1	0
101.640	0.000	trigger_11	11	101640	Trigger-In:11	13	fixation_point_on	staircase	15	green	left	unaware	1	0
102.240	0.000	trigger_21	21	102240	Trigger-In:21	13	grating_on	staircase	15	green	left	unaware	1	0
102.290	0.000	trigger_20	20	102290	Trigger-In:20	13	grating_off	staircase	15	green	left	unaware	1	0
102.895	0.000	trigger_31	31	102895	Trigger-In:31	13	targets_on_fp_color_change	staircase	15	green	left	unaware	1	0
104.040	0.000	trigger_201	201	104040	Trigger-In:201	13	trial_end_completed	staircase	15	green	left	unaware	1	0
105.120	0.000	trigger_101	101	105120	Trigger-In:101	14	trial_start	absent	70	red	left	aware	1	0
105.230	0.000	trigger_11	11	105230	Trigger-In:11	14	fixation_point_on	absent	70	red	left	aware	1	0
105.835	0.000	trigger_21	21	105835	Trigger-In:21	14	grating_on	absent	70	red	left	aware	1	0
105.885	0.000	trigger_20	20	105885	Trigger-In:20	14	grating_off	absent	70	red	left	aware	1	0
106.485	0.000	trigger_31	31	106485	Trigger-In:31	14	targets_on_fp_color_change	absent	70	red	left	aware	1	0
107.225	0.000	trigger_201	201	107225	Trigger-In:201	14	trial_end_completed	absent	70	red	left	aware	1	0
108.305	0.000	trigger_101	101	108305	Trigger-In:101	15	trial_start	staircase	16	red	left	aware	1	0
108.405	0.000	trigger_11	11	108405	Trigger-In:11	15	fixation_point_on	staircase	16	red	left	aware	1	0
109.010	0.000	trigger_21	21	109010	Trigger-In:21	15	grating_on	staircase	16	red	left	aware	1	0
109.060	0.000	trigger_20	20	109060	Trigger-In:20	15	grating_off	staircase	16	red	left	aware	1	0
109.660	0.000	trigger_31	31	109660	Trigger-In:31	15	targets_on_fp_color_change	staircase	16	red	left	aware	1	0
111.585	0.000	trigger_201	201	111585	Trigger-In:201	15	trial_end_completed	staircase	16	red	left	aware	1	0
112.660	0.000	trigger_101	101	112660	Trigger-In:101	16	trial_start	staircase	15	green	right	aware	1	0
112.765	0.000	trigger_11	11	112765	Trigger-In:11	16	fixation_point_on	staircase	15	green	right	aware	1	0
113.365	0.000	trigger_21	21	113365	Trigger-In:21	16	grating_on	staircase	15	green	right	aware	1	0
113.415	0.000	trigger_20	20	113415	Trigger-In:20	16	grating_off	staircase	15	green	right	aware	1	0
114.015	0.000	trigger_31	31	114015	Trigger-In:31	16	targets_on_fp_color_change	staircase	15	green	right	aware	1	0
115.080	0.000	trigger_201	201	115080	Trigger-In:201	16	trial_end_completed	staircase	15	green	right	aware	1	0
116.160	0.000	trigger_101	101	116160	Trigger-In:101	17	trial_start	staircase	14	green	left	unaware	1	0
116.265	0.000	trigger_11	11	116265	Trigger-In:11	17	fixation_point_on	staircase	14	green	left	unaware	1	0
116.865	0.000	trigger_21	21	116865	Trigger-In:21	17	grating_on	staircase	14	green	left	unaware	1	0
116.915	0.000	trigger_20	20	116915	Trigger-In:20	17	grating_off	staircase	14	green	left	unaware	1	0
117.515	0.000	trigger_31	31	117515	Trigger-In:31	17	targets_on_fp_color_change	staircase	14	green	left	unaware	1	0
118.765	0.000	trigger_201	201	118765	Trigger-In:201	17	trial_end_completed	staircase	14	green	left	unaware	1	0
119.845	0.000	trigger_101	101	119845	Trigger-In:101	18	trial_start	staircase	15	green	left	unaware	1	0
119.945	0.000	trigger_11	11	119945	Trigger-In:11	18	fixation_point_on	staircase	15	green	left	unaware	1	0
120.545	0.000	trigger_21	21	120545	Trigger-In:21	18	grating_on	staircase	15	green	left	unaware	1	0
120.600	0.000	trigger_20	20	120600	Trigger-In:20	18	grating_off	staircase	15	green	left	unaware	1	0
121.200	0.000	trigger_31	31	121200	Trigger-In:31	18	targets_on_fp_color_change	staircase	15	green	left	unaware	1	0
122.400	0.000	trigger_201	201	122400	Trigger-In:201	18	trial_end_completed	staircase	15	green	left	unaware	1	0
123.480	0.000	trigger_101	101	123480	Trigger-In:101	19	trial_start	staircase	16	green	left	unaware	1	0
123.580	0.000	trigger_11	11	123580	Trigger-In:11	19	fixation_point_on	staircase	16	green	left	unaware	1	0
124.185	0.000	trigger_21	21	124185	Trigger-In:21	19	grating_on	staircase	16	green	left	unaware	1	0
124.235	0.000	trigger_20	20	124235	Trigger-In:20	19	grating_off	staircase	16	green	left	unaware	1	0
124.835	0.000	trigger_31	31	124835	Trigger-In:31	19	targets_on_fp_color_change	staircase	16	green	left	unaware	1	0
126.285	0.000	trigger_201	201	126285	Trigger-In:201	19	trial_end_completed	staircase	16	green	left	unaware	1	0
127.365	0.000	trigger_101	101	127365	Trigger-In:101	20	trial_start	staircase	17	red	right	unaware	1	0
127.470	0.000	trigger_11	11	127470	Trigger-In:11	20	fixation_point_on	staircase	17	red	right	unaware	1	0
128.070	0.000	trigger_21	21	128070	Trigger-In:21	20	grating_on	staircase	17	red	right	unaware	1	0
128.120	0.000	trigger_20	20	128120	Trigger-In:20	20	grating_off	staircase	17	red	right	unaware	1	0
128.720	0.000	trigger_31	31	128720	Trigger-In:31	20	targets_on_fp_color_change	staircase	17	red	right	unaware	1	0
130.360	0.000	trigger_201	201	130360	Trigger-In:201	20	trial_end_completed	staircase	17	red	right	unaware	1	0
131.440	0.000	trigger_101	101	131440	Trigger-In:101	21	trial_start	staircase	18	red	left	aware	1	0
131.540	0.000	trigger_11	11	131540	Trigger-In:11	21	fixation_point_on	staircase	18	red	left	aware	1	0
132.140	0.000	trigger_21	21	132140	Trigger-In:21	21	grating_on	staircase	18	red	left	aware	1	0
132.195	0.000	trigger_20	20	132195	Trigger-In:20	21	grating_off	staircase	18	red	left	aware	1	0
132.795	0.000	trigger_31	31	132795	Trigger-In:31	21	targets_on_fp_color_change	staircase	18	red	left	aware	1	0
133.655	0.000	trigger_201	201	133655	Trigger-In:201	21	trial_end_completed	staircase	18	red	left	aware	1	0
134.735	0.000	trigger_101	101	134735	Trigger-In:101	22	trial_start	salient	0	green	left	unaware	1	0
134.835	0.000	trigger_11	11	134835	Trigger-In:11	22	fixation_point_on	salient	0	green	left	unaware	1	0
135.440	0.000	trigger_21	21	135440	Trigger-In:21	22	grating_on	salient	0	green	left	unaware	1	0
135.490	0.000	trigger_20	20	135490	Trigger-In:20	22	grating_off	salient	0	green	left	unaware	1	0
136.090	0.000	trigger_31	31	136090	Trigger-In:31	22	targets_on_fp_color_change	salient	0	green	left	unaware	1	0
137.315	0.000	trigger_201	201	137315	Trigger-In:201	22	trial_end_completed	salient	0	green	left	unaware	1	0
138.395	0.000	trigger_101	101	138395	Trigger-In:101	23	trial_start	staircase	17	green	right	aware	1	0
138.495	0.000	trigger_11	11	138495	Trigger-In:11	23	fixation_point_on	staircase	17	green	right	aware	1	0
139.100	0.000	trigger_21	21	139100	Trigger-In:21	23	grating_on	staircase	17	green	right	aware	1	0
139.150	0.000	trigger_20	20	139150	Trigger-In:20	23	grating_off	staircase	17	green	right	aware	1	0
139.750	0.000	trigger_31	31	139750	Trigger-In:31	23	targets_on_fp_color_change	staircase	17	green	right	aware	1	0
140.925	0.000	trigger_201	201	140925	Trigger-In:201	23	trial_end_completed	staircase	17	green	right	aware	1	0
142.005	0.000	trigger_101	101	142005	Trigger-In:101	24	trial_start	salient	0	green	left	unaware	1	0
142.110	0.000	trigger_11	11	142110	Trigger-In:11	24	fixation_point_on	salient	0	green	left	unaware	1	0
142.710	0.000	trigger_21	21	142710	Trigger-In:21	24	grating_on	salient	0	green	left	unaware	1	0
142.760	0.000	trigger_20	20	142760	Trigger-In:20	24	grating_off	salient	0	green	left	unaware	1	0
143.360	0.000	trigger_31	31	143360	Trigger-In:31	24	targets_on_fp_color_change	salient	0	green	left	unaware	1	0
146.005	0.000	trigger_201	201	146005	Trigger-In:201	24	trial_end_completed	salient	0	green	left	unaware	1	0
147.090	0.000	trigger_101	101	147090	Trigger-In:101	25	trial_start	salient	0	red	right	unaware	1	0
147.190	0.000	trigger_11	11	147190	Trigger-In:11	25	fixation_point_on	salient	0	red	right	unaware	1	0
147.795	0.000	trigger_21	21	147795	Trigger-In:21	25	grating_on	salient	0	red	right	unaware	1	0
147.845	0.000	trigger_20	20	147845	Trigger-In:20	25	grating_off	salient	0	red	right	unaware	1	0
148.445	0.000	trigger_31	31	148445	Trigger-In:31	25	targets_on_fp_color_change	salient	0	red	right	unaware	1	0
150.105	0.000	trigger_201	201	150105	Trigger-In:201	25	trial_end_completed	salient	0	red	right	unaware	1	0
151.185	0.000	trigger_101	101	151185	Trigger-In:101	26	trial_start	staircase	16	red	right	unaware	1	0
151.285	0.000	trigger_11	11	151285	Trigger-In:11	26	fixation_point_on	staircase	16	red	right	unaware	1	0
151.885	0.000	trigger_21	21	151885	Trigger-In:21	26	grating_on	staircase	16	red	right	unaware	1	0
151.940	0.000	trigger_20	20	151940	Trigger-In:20	26	grating_off	staircase	16	red	right	unaware	1	0
152.545	0.000	trigger_31	31	152545	Trigger-In:31	26	targets_on_fp_color_change	staircase	16	red	right	unaware	1	0
153.955	0.000	trigger_201	201	153955	Trigger-In:201	26	trial_end_completed	staircase	16	red	right	unaware	1	0
155.035	0.000	trigger_101	101	155035	Trigger-In:101	27	trial_start	staircase	17	red	right	unaware	1	0
155.135	0.000	trigger_11	11	155135	Trigger-In:11	27	fixation_point_on	staircase	17	red	right	unaware	1	0
155.740	0.000	trigger_21	21	155740	Trigger-In:21	27	grating_on	staircase	17	red	right	unaware	1	0
155.790	0.000	trigger_20	20	155790	Trigger-In:20	27	grating_off	staircase	17	red	right	unaware	1	0
156.390	0.000	trigger_31	31	156390	Trigger-In:31	27	targets_on_fp_color_change	staircase	17	red	right	unaware	1	0
158.330	0.000	trigger_201	201	158330	Trigger-In:201	27	trial_end_completed	staircase	17	red	right	unaware	1	0
159.410	0.000	trigger_101	101	159410	Trigger-In:101	28	trial_start	absent	70	green	right	aware	1	0
159.510	0.000	trigger_11	11	159510	Trigger-In:11	28	fixation_point_on	absent	70	green	right	aware	1	0
160.115	0.000	trigger_21	21	160115	Trigger-In:21	28	grating_on	absent	70	green	right	aware	1	0
160.165	0.000	trigger_20	20	160165	Trigger-In:20	28	grating_off	absent	70	green	right	aware	1	0
160.765	0.000	trigger_31	31	160765	Trigger-In:31	28	targets_on_fp_color_change	absent	70	green	right	aware	1	0
161.470	0.000	trigger_201	201	161470	Trigger-In:201	28	trial_end_completed	absent	70	green	right	aware	1	0
162.550	0.000	trigger_101	101	162550	Trigger-In:101	29	trial_start	staircase	18	green	right	aware	1	0
162.655	0.000	trigger_11	11	162655	Trigger-In:11	29	fixation_point_on	staircase	18	green	right	aware	1	0
163.255	0.000	trigger_21	21	163255	Trigger-In:21	29	grating_on	staircase	18	green	right	aware	1	0
163.305	0.000	trigger_20	20	163305	Trigger-In:20	29	grating_off	staircase	18	green	right	aware	1	0
163.905	0.000	trigger_31	31	163905	Trigger-In:31	29	targets_on_fp_color_change	staircase	18	green	right	aware	1	0
165.075	0.000	trigger_201	201	165075	Trigger-In:201	29	trial_end_completed	staircase	18	green	right	aware	1	0
166.155	0.000	trigger_101	101	166155	Trigger-In:101	30	trial_start	staircase	17	green	right	aware	1	0
166.265	0.000	trigger_11	11	166265	Trigger-In:11	30	fixation_point_on	staircase	17	green	right	aware	1	0
166.865	0.000	trigger_21	21	166865	Trigger-In:21	30	grating_on	staircase	17	green	right	aware	1	0
166.915	0.000	trigger_20	20	166915	Trigger-In:20	30	grating_off	staircase	17	green	right	aware	1	0
167.515	0.000	trigger_31	31	167515	Trigger-In:31	30	targets_on_fp_color_change	staircase	17	green	right	aware	1	0
168.600	0.000	trigger_201	201	168600	Trigger-In:201	30	trial_end_completed	staircase	17	green	right	aware	1	0
169.680	0.000	trigger_101	101	169680	Trigger-In:101	31	trial_start	salient	0	red	right	unaware	1	0
169.785	0.000	trigger_11	11	169785	Trigger-In:11	31	fixation_point_on	salient	0	red	right	unaware	1	0
170.385	0.000	trigger_21	21	170385	Trigger-In:21	31	grating_on	salient	0	red	right	unaware	1	0
170.435	0.000	trigger_20	20	170435	Trigger-In:20	31	grating_off	salient	0	red	right	unaware	1	0
171.035	0.000	trigger_31	31	171035	Trigger-In:31	31	targets_on_fp_color_change	salient	0	red	right	unaware	1	0
172.515	0.000	trigger_201	201	172515	Trigger-In:201	31	trial_end_completed	salient	0	red	right	unaware	1	0
173.595	0.000	trigger_101	101	173595	Trigger-In:101	32	trial_start	staircase	16	green	left	unaware	1	0
173.700	0.000	trigger_11	11	173700	Trigger-In:11	32	fixation_point_on	staircase	16	green	left	unaware	1	0
174.300	0.000	trigger_21	21	174300	Trigger-In:21	32	grating_on	staircase	16	green	left	unaware	1	0
174.350	0.000	trigger_20	20	174350	Trigger-In:20	32	grating_off	staircase	16	green	left	unaware	1	0
174.950	0.000	trigger_31	31	174950	Trigger-In:31	32	targets_on_fp_color_change	staircase	16	green	left	unaware	1	0
176.195	0.000	trigger_201	201	176195	Trigger-In:201	32	trial_end_completed	staircase	16	green	left	unaware	1	0
177.275	0.000	trigger_101	101	177275	Trigger-In:101	33	trial_start	staircase	17	red	right	unaware	1	0
177.380	0.000	trigger_11	11	177380	Trigger-In:11	33	fixation_point_on	staircase	17	red	right	unaware	1	0
177.980	0.000	trigger_21	21	177980	Trigger-In:21	33	grating_on	staircase	17	red	right	unaware	1	0
178.030	0.000	trigger_20	20	178030	Trigger-In:20	33	grating_off	staircase	17	red	right	unaware	1	0
178.630	0.000	trigger_31	31	178630	Trigger-In:31	33	targets_on_fp_color_change	staircase	17	red	right	unaware	1	0
180.430	0.000	trigger_201	201	180430	Trigger-In:201	33	trial_end_completed	staircase	17	red	right	unaware	1	0
181.505	0.000	trigger_101	101	181505	Trigger-In:101	34	trial_start	staircase	18	green	right	aware	1	0
181.610	0.000	trigger_11	11	181610	Trigger-In:11	34	fixation_point_on	staircase	18	green	right	aware	1	0
182.210	0.000	trigger_21	21	182210	Trigger-In:21	34	grating_on	staircase	18	green	right	aware	1	0
182.260	0.000	trigger_20	20	182260	Trigger-In:20	34	grating_off	staircase	18	green	right	aware	1	0
182.860	0.000	trigger_31	31	182860	Trigger-In:31	34	targets_on_fp_color_change	staircase	18	green	right	aware	1	0
183.670	0.000	trigger_201	201	183670	Trigger-In:201	34	trial_end_completed	staircase	18	green	right	aware	1	0
184.750	0.000	trigger_101	101	184750	Trigger-In:101	35	trial_start	staircase	17	green	left	unaware	1	0
184.850	0.000	trigger_11	11	184850	Trigger-In:11	35	fixation_point_on	staircase	17	green	left	unaware	1	0
185.450	0.000	trigger_21	21	185450	Trigger-In:21	35	grating_on	staircase	17	green	left	unaware	1	0
185.500	0.000	trigger_20	20	185500	Trigger-In:20	35	grating_off	staircase	17	green	left	unaware	1	0
186.100	0.000	trigger_31	31	186100	Trigger-In:31	35	targets_on_fp_color_change	staircase	17	green	left	unaware	1	0
186.965	0.000	trigger_201	201	186965	Trigger-In:201	35	trial_end_completed	staircase	17	green	left	unaware	1	0
188.045	0.000	trigger_101	101	188045	Trigger-In:101	36	trial_start	staircase	18	green	right	aware	1	0
188.150	0.000	trigger_11	11	188150	Trigger-In:11	36	fixation_point_on	staircase	18	green	right	aware	1	0
188.750	0.000	trigger_21	21	188750	Trigger-In:21	36	grating_on	staircase	18	green	right	aware	1	0
188.810	0.000	trigger_20	20	188810	Trigger-In:20	36	grating_off	staircase	18	green	right	aware	1	0
189.410	0.000	trigger_31	31	189410	Trigger-In:31	36	targets_on_fp_color_change	staircase	18	green	right	aware	1	0
189.970	0.000	trigger_201	201	189970	Trigger-In:201	36	trial_end_completed	staircase	18	green	right	aware	1	0
191.050	0.000	trigger_101	101	191050	Trigger-In:101	37	trial_start	staircase	17	red	right	unaware	1	0
191.155	0.000	trigger_11	11	191155	Trigger-In:11	37	fixation_point_on	staircase	17	red	right	unaware	1	0
191.755	0.000	trigger_21	21	191755	Trigger-In:21	37	grating_on	staircase	17	red	right	unaware	1	0
191.805	0.000	trigger_20	20	191805	Trigger-In:20	37	grating_off	staircase	17	red	right	unaware	1	0
192.405	0.000	trigger_31	31	192405	Trigger-In:31	37	targets_on_fp_color_change	staircase	17	red	right	unaware	1	0
193.730	0.000	trigger_201	201	193730	Trigger-In:201	37	trial_end_completed	staircase	17	red	right	unaware	1	0
194.810	0.000	trigger_101	101	194810	Trigger-In:101	38	trial_start	staircase	18	red	left	aware	1	0
194.915	0.000	trigger_11	11	194915	Trigger-In:11	38	fixation_point_on	staircase	18	red	left	aware	1	0
195.515	0.000	trigger_21	21	195515	Trigger-In:21	38	grating_on	staircase	18	red	left	aware	1	0
195.565	0.000	trigger_20	20	195565	Trigger-In:20	38	grating_off	staircase	18	red	left	aware	1	0
196.165	0.000	trigger_31	31	196165	Trigger-In:31	38	targets_on_fp_color_change	staircase	18	red	left	aware	1	0
197.645	0.000	trigger_201	201	197645	Trigger-In:201	38	trial_end_completed	staircase	18	red	left	aware	1	0
198.725	0.000	trigger_101	101	198725	Trigger-In:101	39	trial_start	staircase	17	green	left	unaware	1	0
198.835	0.000	trigger_11	11	198835	Trigger-In:11	39	fixation_point_on	staircase	17	green	left	unaware	1	0
199.435	0.000	trigger_21	21	199435	Trigger-In:21	39	grating_on	staircase	17	green	left	unaware	1	0
199.485	0.000	trigger_20	20	199485	Trigger-In:20	39	grating_off	staircase	17	green	left	unaware	1	0
200.085	0.000	trigger_31	31	200085	Trigger-In:31	39	targets_on_fp_color_change	staircase	17	green	left	unaware	1	0
201.665	0.000	trigger_201	201	201665	Trigger-In:201	39	trial_end_completed	staircase	17	green	left	unaware	1	0
202.740	0.000	trigger_101	101	202740	Trigger-In:101	40	trial_start	staircase	18	red	right	unaware	1	0
202.845	0.000	trigger_11	11	202845	Trigger-In:11	40	fixation_point_on	staircase	18	red	right	unaware	1	0
203.450	0.000	trigger_21	21	203450	Trigger-In:21	40	grating_on	staircase	18	red	right	unaware	1	0
203.500	0.000	trigger_20	20	203500	Trigger-In:20	40	grating_off	staircase	18	red	right	unaware	1	0
204.100	0.000	trigger_31	31	204100	Trigger-In:31	40	targets_on_fp_color_change	staircase	18	red	right	unaware	1	0
205.360	0.000	trigger_201	201	205360	Trigger-In:201	40	trial_end_completed	staircase	18	red	right	unaware	1	0
206.440	0.000	trigger_101	101	206440	Trigger-In:101	41	trial_start	staircase	19	red	right	unaware	1	0
206.545	0.000	trigger_11	11	206545	Trigger-In:11	41	fixation_point_on	staircase	19	red	right	unaware	1	0
207.145	0.000	trigger_21	21	207145	Trigger-In:21	41	grating_on	staircase	19	red	right	unaware	1	0
207.195	0.000	trigger_20	20	207195	Trigger-In:20	41	grating_off	staircase	19	red	right	unaware	1	0
207.795	0.000	trigger_31	31	207795	Trigger-In:31	41	targets_on_fp_color_change	staircase	19	red	right	unaware	1	0
209.205	0.000	trigger_201	201	209205	Trigger-In:201	41	trial_end_completed	staircase	19	red	right	unaware	1	0
210.280	0.000	trigger_101	101	210280	Trigger-In:101	42	trial_start	staircase	20	red	right	unaware	1	0
210.390	0.000	trigger_11	11	210390	Trigger-In:11	42	fixation_point_on	staircase	20	red	right	unaware	1	0
210.990	0.000	trigger_21	21	210990	Trigger-In:21	42	grating_on	staircase	20	red	right	unaware	1	0
211.040	0.000	trigger_20	20	211040	Trigger-In:20	42	grating_off	staircase	20	red	right	unaware	1	0
211.640	0.000	trigger_31	31	211640	Trigger-In:31	42	targets_on_fp_color_change	staircase	20	red	right	unaware	1	0
212.895	0.000	trigger_201	201	212895	Trigger-In:201	42	trial_end_completed	staircase	20	red	right	unaware	1	0
213.975	0.000	trigger_101	101	213975	Trigger-In:101	43	trial_start	staircase	21	green	right	aware	1	0
214.080	0.000	trigger_11	11	214080	Trigger-In:11	43	fixation_point_on	staircase	21	green	right	aware	1	0
214.680	0.000	trigger_21	21	214680	Trigger-In:21	43	grating_on	staircase	21	green	right	aware	1	0
214.730	0.000	trigger_20	20	214730	Trigger-In:20	43	grating_off	staircase	21	green	right	aware	1	0
215.330	0.000	trigger_31	31	215330	Trigger-In:31	43	targets_on_fp_color_change	staircase	21	green	right	aware	1	0
216.510	0.000	trigger_201	201	216510	Trigger-In:201	43	trial_end_completed	staircase	21	green	right	aware	1	0
217.585	0.000	trigger_101	101	217585	Trigger-In:101	44	trial_start	salient	0	red	right	unaware	1	0
217.690	0.000	trigger_11	11	217690	Trigger-In:11	44	fixation_point_on	salient	0	red	right	unaware	1	0
218.290	0.000	trigger_21	21	218290	Trigger-In:21	44	grating_on	salient	0	red	right	unaware	1	0
218.340	0.000	trigger_20	20	218340	Trigger-In:20	44	grating_off	salient	0	red	right	unaware	1	0
218.940	0.000	trigger_31	31	218940	Trigger-In:31	44	targets_on_fp_color_change	salient	0	red	right	unaware	1	0
221.020	0.000	trigger_201	201	221020	Trigger-In:201	44	trial_end_completed	salient	0	red	right	unaware	1	0
222.100	0.000	trigger_101	101	222100	Trigger-In:101	45	trial_start	salient	0	red	right	unaware	1	0
222.200	0.000	trigger_11	11	222200	Trigger-In:11	45	fixation_point_on	salient	0	red	right	unaware	1	0
222.800	0.000	trigger_21	21	222800	Trigger-In:21	45	grating_on	salient	0	red	right	unaware	1	0
222.850	0.000	trigger_20	20	222850	Trigger-In:20	45	grating_off	salient	0	red	right	unaware	1	0
223.450	0.000	trigger_31	31	223450	Trigger-In:31	45	targets_on_fp_color_change	salient	0	red	right	unaware	1	0
226.240	0.000	trigger_201	201	226240	Trigger-In:201	45	trial_end_completed	salient	0	red	right	unaware	1	0
227.320	0.000	trigger_101	101	227320	Trigger-In:101	46	trial_start	staircase	20	red	left	aware	1	0
227.425	0.000	trigger_11	11	227425	Trigger-In:11	46	fixation_point_on	staircase	20	red	left	aware	1	0
228.025	0.000	trigger_21	21	228025	Trigger-In:21	46	grating_on	staircase	20	red	left	aware	1	0
228.075	0.000	trigger_20	20	228075	Trigger-In:20	46	grating_off	staircase	20	red	left	aware	1	0
228.675	0.000	trigger_31	31	228675	Trigger-In:31	46	targets_on_fp_color_change	staircase	20	red	left	aware	1	0
229.490	0.000	trigger_201	201	229490	Trigger-In:201	46	trial_end_completed	staircase	20	red	left	aware	1	0
230.565	0.000	trigger_101	101	230565	Trigger-In:101	47	trial_start	staircase	19	red	right	unaware	1	0
230.670	0.000	trigger_11	11	230670	Trigger-In:11	47	fixation_point_on	staircase	19	red	right	unaware	1	0
231.270	0.000	trigger_21	21	231270	Trigger-In:21	47	grating_on	staircase	19	red	right	unaware	1	0
231.320	0.000	trigger_20	20	231320	Trigger-In:20	47	grating_off	staircase	19	red	right	unaware	1	0
231.920	0.000	trigger_31	31	231920	Trigger-In:31	47	targets_on_fp_color_change	staircase	19	red	right	unaware	1	0
233.690	0.000	trigger_201	201	233690	Trigger-In:201	47	trial_end_completed	staircase	19	red	right	unaware	1	0
234.765	0.000	trigger_101	101	234765	Trigger-In:101	48	trial_start	staircase	20	red	right	unaware	1	0
234.875	0.000	trigger_11	11	234875	Trigger-In:11	48	fixation_point_on	staircase	20	red	right	unaware	1	0
235.475	0.000	trigger_21	21	235475	Trigger-In:21	48	grating_on	staircase	20	red	right	unaware	1	0
235.530	0.000	trigger_20	20	235530	Trigger-In:20	48	grating_off	staircase	20	red	right	unaware	1	0
236.130	0.000	trigger_31	31	236130	Trigger-In:31	48	targets_on_fp_color_change	staircase	20	red	right	unaware	1	0
237.490	0.000	trigger_201	201	237490	Trigger-In:201	48	trial_end_completed	staircase	20	red	right	unaware	1	0
238.570	0.000	trigger_101	101	238570	Trigger-In:101	49	trial_start	staircase	21	green	right	aware	1	0
238.675	0.000	trigger_11	11	238675	Trigger-In:11	49	fixation_point_on	staircase	21	green	right	aware	1	0
239.275	0.000	trigger_21	21	239275	Trigger-In:21	49	grating_on	staircase	21	green	right	aware	1	0
239.325	0.000	trigger_20	20	239325	Trigger-In:20	49	grating_off	staircase	21	green	right	aware	1	0
239.925	0.000	trigger_31	31	239925	Trigger-In:31	49	targets_on_fp_color_change	staircase	21	green	right	aware	1	0
241.490	0.000	trigger_201	201	241490	Trigger-In:201	49	trial_end_completed	staircase	21	green	right	aware	1	0
242.570	0.000	trigger_101	101	242570	Trigger-In:101	50	trial_start	absent	70	green	right	aware	1	0
242.675	0.000	trigger_11	11	242675	Trigger-In:11	50	fixation_point_on	absent	70	green	right	aware	1	0
243.275	0.000	trigger_21	21	243275	Trigger-In:21	50	grating_on	absent	70	green	right	aware	1	0
243.325	0.000	trigger_20	20	243325	Trigger-In:20	50	grating_off	absent	70	green	right	aware	1	0
243.925	0.000	trigger_31	31	243925	Trigger-In:31	50	targets_on_fp_color_change	absent	70	green	right	aware	1	0
244.540	0.000	trigger_201	201	244540	Trigger-In:201	50	trial_end_completed	absent	70	green	right	aware	1	0
245.620	0.000	trigger_101	101	245620	Trigger-In:101	51	trial_start	staircase	20	green	right	aware	1	0
245.720	0.000	trigger_11	11	245720	Trigger-In:11	51	fixation_point_on	staircase	20	green	right	aware	1	0
246.320	0.000	trigger_21	21	246320	Trigger-In:21	51	grating_on	staircase	20	green	right	aware	1	0
246.370	0.000	trigger_20	20	246370	Trigger-In:20	51	grating_off	staircase	20	green	right	aware	1	0
246.975	0.000	trigger_31	31	246975	Trigger-In:31	51	targets_on_fp_color_change	staircase	20	green	right	aware	1	0
247.995	0.000	trigger_201	201	247995	Trigger-In:201	51	trial_end_completed	staircase	20	green	right	aware	1	0
249.075	0.000	trigger_101	101	249075	Trigger-In:101	52	trial_start	absent	70	red	left	aware	1	0
249.185	0.000	trigger_11	11	249185	Trigger-In:11	52	fixation_point_on	absent	70	red	left	aware	1	0
249.785	0.000	trigger_21	21	249785	Trigger-In:21	52	grating_on	absent	70	red	left	aware	1	0
249.835	0.000	trigger_20	20	249835	Trigger-In:20	52	grating_off	absent	70	red	left	aware	1	0
250.435	0.000	trigger_31	31	250435	Trigger-In:31	52	targets_on_fp_color_change	absent	70	red	left	aware	1	0
251.995	0.000	trigger_201	201	251995	Trigger-In:201	52	trial_end_completed	absent	70	red	left	aware	1	0
253.070	0.000	trigger_101	101	253070	Trigger-In:101	53	trial_start	staircase	19	green	left	unaware	1	0
253.515	0.000	trigger_11	11	253515	Trigger-In:11	53	fixation_point_on	staircase	19	green	left	unaware	1	0
254.115	0.000	trigger_21	21	254115	Trigger-In:21	53	grating_on	staircase	19	green	left	unaware	1	0
254.170	0.000	trigger_20	20	254170	Trigger-In:20	53	grating_off	staircase	19	green	left	unaware	1	0
254.770	0.000	trigger_31	31	254770	Trigger-In:31	53	targets_on_fp_color_change	staircase	19	green	left	unaware	1	0
255.870	0.000	trigger_201	201	255870	Trigger-In:201	53	trial_end_completed	staircase	19	green	left	unaware	1	0
256.945	0.000	trigger_101	101	256945	Trigger-In:101	54	trial_start	salient	0	red	right	unaware	1	0
257.050	0.000	trigger_11	11	257050	Trigger-In:11	54	fixation_point_on	salient	0	red	right	unaware	1	0
257.650	0.000	trigger_21	21	257650	Trigger-In:21	54	grating_on	salient	0	red	right	unaware	1	0
257.700	0.000	trigger_20	20	257700	Trigger-In:20	54	grating_off	salient	0	red	right	unaware	1	0
258.300	0.000	trigger_31	31	258300	Trigger-In:31	54	targets_on_fp_color_change	salient	0	red	right	unaware	1	0
260.845	0.000	trigger_201	201	260845	Trigger-In:201	54	trial_end_completed	salient	0	red	right	unaware	1	0
261.925	0.000	trigger_101	101	261925	Trigger-In:101	55	trial_start	staircase	20	green	right	aware	1	0
262.025	0.000	trigger_11	11	262025	Trigger-In:11	55	fixation_point_on	staircase	20	green	right	aware	1	0
262.630	0.000	trigger_21	21	262630	Trigger-In:21	55	grating_on	staircase	20	green	right	aware	1	0
262.680	0.000	trigger_20	20	262680	Trigger-In:20	55	grating_off	staircase	20	green	right	aware	1	0
263.280	0.000	trigger_31	31	263280	Trigger-In:31	55	targets_on_fp_color_change	staircase	20	green	right	aware	1	0
264.220	0.000	trigger_201	201	264220	Trigger-In:201	55	trial_end_completed	staircase	20	green	right	aware	1	0
265.300	0.000	trigger_101	101	265300	Trigger-In:101	56	trial_start	staircase	19	red	right	unaware	1	0
265.405	0.000	trigger_11	11	265405	Trigger-In:11	56	fixation_point_on	staircase	19	red	right	unaware	1	0
266.005	0.000	trigger_21	21	266005	Trigger-In:21	56	grating_on	staircase	19	red	right	unaware	1	0
266.055	0.000	trigger_20	20	266055	Trigger-In:20	56	grating_off	staircase	19	red	right	unaware	1	0
266.655	0.000	trigger_31	31	266655	Trigger-In:31	56	targets_on_fp_color_change	staircase	19	red	right	unaware	1	0
267.920	0.000	trigger_201	201	267920	Trigger-In:201	56	trial_end_completed	staircase	19	red	right	unaware	1	0
269.000	0.000	trigger_101	101	269000	Trigger-In:101	57	trial_start	staircase	20	green	left	unaware	1	0
269.105	0.000	trigger_11	11	269105	Trigger-In:11	57	fixation_point_on	staircase	20	green	left	unaware	1	0
269.705	0.000	trigger_21	21	269705	Trigger-In:21	57	grating_on	staircase	20	green	left	unaware	1	0
269.755	0.000	trigger_20	20	269755	Trigger-In:20	57	grating_off	staircase	20	green	left	unaware	1	0
270.355	0.000	trigger_31	31	270355	Trigger-In:31	57	targets_on_fp_color_change	staircase	20	green	left	unaware	1	0
271.700	0.000	trigger_201	201	271700	Trigger-In:201	57	trial_end_completed	staircase	20	green	left	unaware	1	0
272.775	0.000	trigger_101	101	272775	Trigger-In:101	58	trial_start	staircase	21	green	right	aware	1	0
272.880	0.000	trigger_11	11	272880	Trigger-In:11	58	fixation_point_on	staircase	21	green	right	aware	1	0
273.480	0.000	trigger_21	21	273480	Trigger-In:21	58	grating_on	staircase	21	green	right	aware	1	0
273.530	0.000	trigger_20	20	273530	Trigger-In:20	58	grating_off	staircase	21	green	right	aware	1	0
274.130	0.000	trigger_31	31	274130	Trigger-In:31	58	targets_on_fp_color_change	staircase	21	green	right	aware	1	0
275.550	0.000	trigger_201	201	275550	Trigger-In:201	58	trial_end_completed	staircase	21	green	right	aware	1	0
276.630	0.000	trigger_101	101	276630	Trigger-In:101	59	trial_start	staircase	20	red	right	unaware	1	0
276.735	0.000	trigger_11	11	276735	Trigger-In:11	59	fixation_point_on	staircase	20	red	right	unaware	1	0
277.340	0.000	trigger_21	21	277340	Trigger-In:21	59	grating_on	staircase	20	red	right	unaware	1	0
277.390	0.000	trigger_20	20	277390	Trigger-In:20	59	grating_off	staircase	20	red	right	unaware	1	0
277.990	0.000	trigger_31	31	277990	Trigger-In:31	59	targets_on_fp_color_change	staircase	20	red	right	unaware	1	0
279.965	0.000	trigger_201	201	279965	Trigger-In:201	59	trial_end_completed	staircase	20	red	right	unaware	1	0
281.045	0.000	trigger_101	101	281045	Trigger-In:101	60	trial_start	staircase	21	red	right	unaware	1	0
281.150	0.000	trigger_11	11	281150	Trigger-In:11	60	fixation_point_on	staircase	21	red	right	unaware	1	0
281.755	0.000	trigger_21	21	281755	Trigger-In:21	60	grating_on	staircase	21	red	right	unaware	1	0
281.805	0.000	trigger_20	20	281805	Trigger-In:20	60	grating_off	staircase	21	red	right	unaware	1	0
282.405	0.000	trigger_31	31	282405	Trigger-In:31	60	targets_on_fp_color_change	staircase	21	red	right	unaware	1	0
283.510	0.000	trigger_201	201	283510	Trigger-In:201	60	trial_end_completed	staircase	21	red	right	unaware	1	0
284.590	0.000	trigger_101	101	284590	Trigger-In:101	61	trial_start	salient	0	red	right	unaware	1	0
284.690	0.000	trigger_11	11	284690	Trigger-In:11	61	fixation_point_on	salient	0	red	right	unaware	1	0
285.290	0.000	trigger_21	21	285290	Trigger-In:21	61	grating_on	salient	0	red	right	unaware	1	0
285.345	0.000	trigger_20	20	285345	Trigger-In:20	61	grating_off	salient	0	red	right	unaware	1	0
285.945	0.000	trigger_31	31	285945	Trigger-In:31	61	targets_on_fp_color_change	salient	0	red	right	unaware	1	0
286.930	0.000	trigger_201	201	286930	Trigger-In:201	61	trial_end_completed	salient	0	red	right	unaware	1	0
288.010	0.000	trigger_101	101	288010	Trigger-In:101	62	trial_start	salient	0	green	left	unaware	1	0
288.115	0.000	trigger_11	11	288115	Trigger-In:11	62	fixation_point_on	salient	0	green	left	unaware	1	0
288.715	0.000	trigger_21	21	288715	Trigger-In:21	62	grating_on	salient	0	green	left	unaware	1	0
288.765	0.000	trigger_20	20	288765	Trigger-In:20	62	grating_off	salient	0	green	left	unaware	1	0
289.365	0.000	trigger_31	31	289365	Trigger-In:31	62	targets_on_fp_color_change	salient	0	green	left	unaware	1	0
290.445	0.000	trigger_201	201	290445	Trigger-In:201	62	trial_end_completed	salient	0	green	left	unaware	1	0
291.520	0.000	trigger_101	101	291520	Trigger-In:101	63	trial_start	staircase	22	red	left	aware	1	0
291.625	0.000	trigger_11	11	291625	Trigger-In:11	63	fixation_point_on	staircase	22	red	left	aware	1	0
292.225	0.000	trigger_21	21	292225	Trigger-In:21	63	grating_on	staircase	22	red	left	aware	1	0
292.280	0.000	trigger_20	20	292280	Trigger-In:20	63	grating_off	staircase	22	red	left	aware	1	0
292.880	0.000	trigger_31	31	292880	Trigger-In:31	63	targets_on_fp_color_change	staircase	22	red	left	aware	1	0
295.210	0.000	trigger_201	201	295210	Trigger-In:201	63	trial_end_completed	staircase	22	red	left	aware	1	0
296.290	0.000	trigger_101	101	296290	Trigger-In:101	64	trial_start	absent	70	green	right	aware	1	0
296.400	0.000	trigger_11	11	296400	Trigger-In:11	64	fixation_point_on	absent	70	green	right	aware	1	0
297.000	0.000	trigger_21	21	297000	Trigger-In:21	64	grating_on	absent	70	green	right	aware	1	0
297.050	0.000	trigger_20	20	297050	Trigger-In:20	64	grating_off	absent	70	green	right	aware	1	0
297.650	0.000	trigger_31	31	297650	Trigger-In:31	64	targets_on_fp_color_change	absent	70	green	right	aware	1	0
298.255	0.000	trigger_201	201	298255	Trigger-In:201	64	trial_end_completed	absent	70	green	right	aware	1	0
299.335	0.000	trigger_101	101	299335	Trigger-In:101	65	trial_start	salient	0	red	right	unaware	1	0
299.440	0.000	trigger_11	11	299440	Trigger-In:11	65	fixation_point_on	salient	0	red	right	unaware	1	0
300.040	0.000	trigger_21	21	300040	Trigger-In:21	65	grating_on	salient	0	red	right	unaware	1	0
300.090	0.000	trigger_20	20	300090	Trigger-In:20	65	grating_off	salient	0	red	right	unaware	1	0
300.690	0.000	trigger_31	31	300690	Trigger-In:31	65	targets_on_fp_color_change	salient	0	red	right	unaware	1	0
302.085	0.000	trigger_201	201	302085	Trigger-In:201	65	trial_end_completed	salient	0	red	right	unaware	1	0
303.160	0.000	trigger_101	101	303160	Trigger-In:101	66	trial_start	staircase	21	red	right	unaware	1	0
303.265	0.000	trigger_11	11	303265	Trigger-In:11	66	fixation_point_on	staircase	21	red	right	unaware	1	0
303.865	0.000	trigger_21	21	303865	Trigger-In:21	66	grating_on	staircase	21	red	right	unaware	1	0
303.920	0.000	trigger_20	20	303920	Trigger-In:20	66	grating_off	staircase	21	red	right	unaware	1	0
304.520	0.000	trigger_31	31	304520	Trigger-In:31	66	targets_on_fp_color_change	staircase	21	red	right	unaware	1	0
305.670	0.000	trigger_201	201	305670	Trigger-In:201	66	trial_end_completed	staircase	21	red	right	unaware	1	0
306.750	0.000	trigger_101	101	306750	Trigger-In:101	67	trial_start	staircase	22	green	right	aware	1	0
306.855	0.000	trigger_11	11	306855	Trigger-In:11	67	fixation_point_on	staircase	22	green	right	aware	1	0
307.455	0.000	trigger_21	21	307455	Trigger-In:21	67	grating_on	staircase	22	green	right	aware	1	0
307.505	0.000	trigger_20	20	307505	Trigger-In:20	67	grating_off	staircase	22	green	right	aware	1	0
308.105	0.000	trigger_31	31	308105	Trigger-In:31	67	targets_on_fp_color_change	staircase	22	green	right	aware	1	0
309.555	0.000	trigger_201	201	309555	Trigger-In:201	67	trial_end_completed	staircase	22	green	right	aware	1	0
310.635	0.000	trigger_101	101	310635	Trigger-In:101	68	trial_start	staircase	21	green	left	unaware	1	0
310.740	0.000	trigger_11	11	310740	Trigger-In:11	68	fixation_point_on	staircase	21	green	left	unaware	1	0
311.340	0.000	trigger_21	21	311340	Trigger-In:21	68	grating_on	staircase	21	green	left	unaware	1	0
311.390	0.000	trigger_20	20	311390	Trigger-In:20	68	grating_off	staircase	21	green	left	unaware	1	0
311.990	0.000	trigger_31	31	311990	Trigger-In:31	68	targets_on_fp_color_change	staircase	21	green	left	unaware	1	0
313.040	0.000	trigger_201	201	313040	Trigger-In:201	68	trial_end_completed	staircase	21	green	left	unaware	1	0
314.120	0.000	trigger_101	101	314120	Trigger-In:101	69	trial_start	staircase	22	green	left	unaware	1	0
314.220	0.000	trigger_11	11	314220	Trigger-In:11	69	fixation_point_on	staircase	22	green	left	unaware	1	0
314.825	0.000	trigger_21	21	314825	Trigger-In:21	69	grating_on	staircase	22	green	left	unaware	1	0
314.875	0.000	trigger_20	20	314875	Trigger-In:20	69	grating_off	staircase	22	green	left	unaware	1	0
315.475	0.000	trigger_31	31	315475	Trigger-In:31	69	targets_on_fp_color_change	staircase	22	green	left	unaware	1	0
317.190	0.000	trigger_201	201	317190	Trigger-In:201	69	trial_end_completed	staircase	22	green	left	unaware	1	0
318.270	0.000	trigger_101	101	318270	Trigger-In:101	70	trial_start	salient	0	green	left	unaware	1	0
318.375	0.000	trigger_11	11	318375	Trigger-In:11	70	fixation_point_on	salient	0	green	left	unaware	1	0
318.975	0.000	trigger_21	21	318975	Trigger-In:21	70	grating_on	salient	0	green	left	unaware	1	0
319.030	0.000	trigger_20	20	319030	Trigger-In:20	70	grating_off	salient	0	green	left	unaware	1	0
319.630	0.000	trigger_31	31	319630	Trigger-In:31	70	targets_on_fp_color_change	salient	0	green	left	unaware	1	0
320.445	0.000	trigger_201	201	320445	Trigger-In:201	70	trial_end_completed	salient	0	green	left	unaware	1	0
321.520	0.000	trigger_101	101	321520	Trigger-In:101	71	trial_start	salient	0	red	right	unaware	1	0
321.630	0.000	trigger_11	11	321630	Trigger-In:11	71	fixation_point_on	salient	0	red	right	unaware	1	0
322.230	0.000	trigger_21	21	322230	Trigger-In:21	71	grating_on	salient	0	red	right	unaware	1	0
322.280	0.000	trigger_20	20	322280	Trigger-In:20	71	grating_off	salient	0	red	right	unaware	1	0
322.880	0.000	trigger_31	31	322880	Trigger-In:31	71	targets_on_fp_color_change	salient	0	red	right	unaware	1	0
324.060	0.000	trigger_201	201	324060	Trigger-In:201	71	trial_end_completed	salient	0	red	right	unaware	1	0
325.135	0.000	trigger_101	101	325135	Trigger-In:101	72	trial_start	staircase	23	red	left	aware	1	0
325.240	0.000	trigger_11	11	325240	Trigger-In:11	72	fixation_point_on	staircase	23	red	left	aware	1	0
325.840	0.000	trigger_21	21	325840	Trigger-In:21	72	grating_on	staircase	23	red	left	aware	1	0
325.890	0.000	trigger_20	20	325890	Trigger-In:20	72	grating_off	staircase	23	red	left	aware	1	0
326.490	0.000	trigger_31	31	326490	Trigger-In:31	72	targets_on_fp_color_change	staircase	23	red	left	aware	1	0
327.715	0.000	trigger_201	201	327715	Trigger-In:201	72	trial_end_completed	staircase	23	red	left	aware	1	0
328.795	0.000	trigger_101	101	328795	Trigger-In:101	73	trial_start	staircase	22	green	right	aware	1	0
328.895	0.000	trigger_11	11	328895	Trigger-In:11	73	fixation_point_on	staircase	22	green	right	aware	1	0
329.495	0.000	trigger_21	21	329495	Trigger-In:21	73	grating_on	staircase	22	green	right	aware	1	0
329.550	0.000	trigger_20	20	329550	Trigger-In:20	73	grating_off	staircase	22	green	right	aware	1	0
330.150	0.000	trigger_31	31	330150	Trigger-In:31	73	targets_on_fp_color_change	staircase	22	green	right	aware	1	0
331.305	0.000	trigger_201	201	331305	Trigger-In:201	73	trial_end_completed	staircase	22	green	right	aware	1	0
332.385	0.000	trigger_101	101	332385	Trigger-In:101	74	trial_start	absent	70	green	right	aware	1	0
332.490	0.000	trigger_11	11	332490	Trigger-In:11	74	fixation_point_on	absent	70	green	right	aware	1	0
333.090	0.000	trigger_21	21	333090	Trigger-In:21	74	grating_on	absent	70	green	right	aware	1	0
333.140	0.000	trigger_20	20	333140	Trigger-In:20	74	grating_off	absent	70	green	right	aware	1	0
333.740	0.000	trigger_31	31	333740	Trigger-In:31	74	targets_on_fp_color_change	absent	70	green	right	aware	1	0
334.450	0.000	trigger_201	201	334450	Trigger-In:201	74	trial_end_completed	absent	70	green	right	aware	1	0
335.530	0.000	trigger_101	101	335530	Trigger-In:101	75	trial_start	staircase	21	green	right	aware	1	0
335.635	0.000	trigger_11	11	335635	Trigger-In:11	75	fixation_point_on	staircase	21	green	right	aware	1	0
336.240	0.000	trigger_21	21	336240	Trigger-In:21	75	grating_on	staircase	21	green	right	aware	1	0
336.290	0.000	trigger_20	20	336290	Trigger-In:20	75	grating_off	staircase	21	green	right	aware	1	0
336.890	0.000	trigger_31	31	336890	Trigger-In:31	75	targets_on_fp_color_change	staircase	21	green	right	aware	1	0
337.630	0.000	trigger_201	201	337630	Trigger-In:201	75	trial_end_completed	staircase	21	green	right	aware	1	0
338.710	0.000	trigger_101	101	338710	Trigger-In:101	76	trial_start	staircase	20	green	right	aware	1	0
338.815	0.000	trigger_11	11	338815	Trigger-In:11	76	fixation_point_on	staircase	20	green	right	aware	1	0
339.415	0.000	trigger_21	21	339415	Trigger-In:21	76	grating_on	staircase	20	green	right	aware	1	0
339.465	0.000	trigger_20	20	339465	Trigger-In:20	76	grating_off	staircase	20	green	right	aware	1	0
340.065	0.000	trigger_31	31	340065	Trigger-In:31	76	targets_on_fp_color_change	staircase	20	green	right	aware	1	0
340.760	0.000	trigger_201	201	340760	Trigger-In:201	76	trial_end_completed	staircase	20	green	right	aware	1	0
341.835	0.000	trigger_101	101	341835	Trigger-In:101	77	trial_start	staircase	19	red	right	unaware	1	0
341.945	0.000	trigger_11	11	341945	Trigger-In:11	77	fixation_point_on	staircase	19	red	right	unaware	1	0
342.545	0.000	trigger_21	21	342545	Trigger-In:21	77	grating_on	staircase	19	red	right	unaware	1	0
342.595	0.000	trigger_20	20	342595	Trigger-In:20	77	grating_off	staircase	19	red	right	unaware	1	0
343.195	0.000	trigger_31	31	343195	Trigger-In:31	77	targets_on_fp_color_change	staircase	19	red	right	unaware	1	0
344.520	0.000	trigger_201	201	344520	Trigger-In:201	77	trial_end_completed	staircase	19	red	right	unaware	1	0
345.600	0.000	trigger_101	101	345600	Trigger-In:101	78	trial_start	staircase	20	red	right	unaware	1	0
345.705	0.000	trigger_11	11	345705	Trigger-In:11	78	fixation_point_on	staircase	20	red	right	unaware	1	0
346.310	0.000	trigger_21	21	346310	Trigger-In:21	78	grating_on	staircase	20	red	right	unaware	1	0
346.360	0.000	trigger_20	20	346360	Trigger-In:20	78	grating_off	staircase	20	red	right	unaware	1	0
346.960	0.000	trigger_31	31	346960	Trigger-In:31	78	targets_on_fp_color_change	staircase	20	red	right	unaware	1	0
348.485	0.000	trigger_201	201	348485	Trigger-In:201	78	trial_end_completed	staircase	20	red	right	unaware	1	0
349.565	0.000	trigger_101	101	349565	Trigger-In:101	79	trial_start	salient	0	red	right	unaware	1	0
349.670	0.000	trigger_11	11	349670	Trigger-In:11	79	fixation_point_on	salient	0	red	right	unaware	1	0
350.270	0.000	trigger_21	21	350270	Trigger-In:21	79	grating_on	salient	0	red	right	unaware	1	0
350.325	0.000	trigger_20	20	350325	Trigger-In:20	79	grating_off	salient	0	red	right	unaware	1	0
350.925	0.000	trigger_31	31	350925	Trigger-In:31	79	targets_on_fp_color_change	salient	0	red	right	unaware	1	0
352.495	0.000	trigger_201	201	352495	Trigger-In:201	79	trial_end_completed	salient	0	red	right	unaware	1	0
353.575	0.000	trigger_101	101	353575	Trigger-In:101	80	trial_start	staircase	21	green	left	unaware	1	0
353.680	0.000	trigger_11	11	353680	Trigger-In:11	80	fixation_point_on	staircase	21	green	left	unaware	1	0
354.280	0.000	trigger_21	21	354280	Trigger-In:21	80	grating_on	staircase	21	green	left	unaware	1	0
354.330	0.000	trigger_20	20	354330	Trigger-In:20	80	grating_off	staircase	21	green	left	unaware	1	0
354.930	0.000	trigger_31	31	354930	Trigger-In:31	80	targets_on_fp_color_change	staircase	21	green	left	unaware	1	0
356.785	0.000	trigger_201	201	356785	Trigger-In:201	80	trial_end_completed	staircase	21	green	left	unaware	1	0
357.865	0.000	trigger_101	101	357865	Trigger-In:101	81	trial_start	staircase	22	red	right	unaware	1	0
357.970	0.000	trigger_11	11	357970	Trigger-In:11	81	fixation_point_on	staircase	22	red	right	unaware	1	0
358.570	0.000	trigger_21	21	358570	Trigger-In:21	81	grating_on	staircase	22	red	right	unaware	1	0
358.620	0.000	trigger_20	20	358620	Trigger-In:20	81	grating_off	staircase	22	red	right	unaware	1	0
359.220	0.000	trigger_31	31	359220	Trigger-In:31	81	targets_on_fp_color_change	staircase	22	red	right	unaware	1	0
362.280	0.000	trigger_201	201	362280	Trigger-In:201	81	trial_end_completed	staircase	22	red	right	unaware	1	0
363.360	0.000	trigger_101	101	363360	Trigger-In:101	82	trial_start	staircase	23	green	left	unaware	1	0
363.470	0.000	trigger_11	11	363470	Trigger-In:11	82	fixation_point_on	staircase	23	green	left	unaware	1	0
364.070	0.000	trigger_21	21	364070	Trigger-In:21	82	grating_on	staircase	23	green	left	unaware	1	0
364.120	0.000	trigger_20	20	364120	Trigger-In:20	82	grating_off	staircase	23	green	left	unaware	1	0
364.720	0.000	trigger_31	31	364720	Trigger-In:31	82	targets_on_fp_color_change	staircase	23	green	left	unaware	1	0
365.690	0.000	trigger_201	201	365690	Trigger-In:201	82	trial_end_completed	staircase	23	green	left	unaware	1	0
366.770	0.000	trigger_101	101	366770	Trigger-In:101	83	trial_start	salient	0	green	left	unaware	1	0
366.880	0.000	trigger_11	11	366880	Trigger-In:11	83	fixation_point_on	salient	0	green	left	unaware	1	0
367.480	0.000	trigger_21	21	367480	Trigger-In:21	83	grating_on	salient	0	green	left	unaware	1	0
367.530	0.000	trigger_20	20	367530	Trigger-In:20	83	grating_off	salient	0	green	left	unaware	1	0
368.130	0.000	trigger_31	31	368130	Trigger-In:31	83	targets_on_fp_color_change	salient	0	green	left	unaware	1	0
369.040	0.000	trigger_201	201	369040	Trigger-In:201	83	trial_end_completed	salient	0	green	left	unaware	1	0
370.120	0.000	trigger_101	101	370120	Trigger-In:101	84	trial_start	staircase	24	red	right	unaware	1	0
370.225	0.000	trigger_11	11	370225	Trigger-In:11	84	fixation_point_on	staircase	24	red	right	unaware	1	0
370.825	0.000	trigger_21	21	370825	Trigger-In:21	84	grating_on	staircase	24	red	right	unaware	1	0
370.875	0.000	trigger_20	20	370875	Trigger-In:20	84	grating_off	staircase	24	red	right	unaware	1	0
371.475	0.000	trigger_31	31	371475	Trigger-In:31	84	targets_on_fp_color_change	staircase	24	red	right	unaware	1	0
372.430	0.000	trigger_201	201	372430	Trigger-In:201	84	trial_end_completed	staircase	24	red	right	unaware	1	0
373.510	0.000	trigger_101	101	373510	Trigger-In:101	85	trial_start	salient	0	green	left	unaware	1	0
373.615	0.000	trigger_11	11	373615	Trigger-In:11	85	fixation_point_on	salient	0	green	left	unaware	1	0
374.215	0.000	trigger_21	21	374215	Trigger-In:21	85	grating_on	salient	0	green	left	unaware	1	0
374.265	0.000	trigger_20	20	374265	Trigger-In:20	85	grating_off	salient	0	green	left	unaware	1	0
374.865	0.000	trigger_31	31	374865	Trigger-In:31	85	targets_on_fp_color_change	salient	0	green	left	unaware	1	0
376.230	0.000	trigger_201	201	376230	Trigger-In:201	85	trial_end_completed	salient	0	green	left	unaware	1	0
377.310	0.000	trigger_101	101	377310	Trigger-In:101	86	trial_start	staircase	25	red	left	aware	1	0
377.415	0.000	trigger_11	11	377415	Trigger-In:11	86	fixation_point_on	staircase	25	red	left	aware	1	0
378.015	0.000	trigger_21	21	378015	Trigger-In:21	86	grating_on	staircase	25	red	left	aware	1	0
378.065	0.000	trigger_20	20	378065	Trigger-In:20	86	grating_off	staircase	25	red	left	aware	1	0
378.665	0.000	trigger_31	31	378665	Trigger-In:31	86	targets_on_fp_color_change	staircase	25	red	left	aware	1	0
379.865	0.000	trigger_201	201	379865	Trigger-In:201	86	trial_end_completed	staircase	25	red	left	aware	1	0
380.945	0.000	trigger_101	101	380945	Trigger-In:101	87	trial_start	staircase	24	green	left	unaware	1	0
381.050	0.000	trigger_11	11	381050	Trigger-In:11	87	fixation_point_on	staircase	24	green	left	unaware	1	0
381.650	0.000	trigger_21	21	381650	Trigger-In:21	87	grating_on	staircase	24	green	left	unaware	1	0
381.700	0.000	trigger_20	20	381700	Trigger-In:20	87	grating_off	staircase	24	green	left	unaware	1	0
382.300	0.000	trigger_31	31	382300	Trigger-In:31	87	targets_on_fp_color_change	staircase	24	green	left	unaware	1	0
383.370	0.000	trigger_201	201	383370	Trigger-In:201	87	trial_end_completed	staircase	24	green	left	unaware	1	0
384.450	0.000	trigger_101	101	384450	Trigger-In:101	88	trial_start	staircase	25	red	left	aware	1	0
384.555	0.000	trigger_11	11	384555	Trigger-In:11	88	fixation_point_on	staircase	25	red	left	aware	1	0
385.155	0.000	trigger_21	21	385155	Trigger-In:21	88	grating_on	staircase	25	red	left	aware	1	0
385.205	0.000	trigger_20	20	385205	Trigger-In:20	88	grating_off	staircase	25	red	left	aware	1	0
385.805	0.000	trigger_31	31	385805	Trigger-In:31	88	targets_on_fp_color_change	staircase	25	red	left	aware	1	0
386.655	0.000	trigger_201	201	386655	Trigger-In:201	88	trial_end_completed	staircase	25	red	left	aware	1	0
387.730	0.000	trigger_101	101	387730	Trigger-In:101	89	trial_start	staircase	24	green	right	aware	1	0
387.840	0.000	trigger_11	11	387840	Trigger-In:11	89	fixation_point_on	staircase	24	green	right	aware	1	0
388.440	0.000	trigger_21	21	388440	Trigger-In:21	89	grating_on	staircase	24	green	right	aware	1	0
388.490	0.000	trigger_20	20	388490	Trigger-In:20	89	grating_off	staircase	24	green	right	aware	1	0
389.090	0.000	trigger_31	31	389090	Trigger-In:31	89	targets_on_fp_color_change	staircase	24	green	right	aware	1	0
390.215	0.000	trigger_201	201	390215	Trigger-In:201	89	trial_end_completed	staircase	24	green	right	aware	1	0
391.295	0.000	trigger_101	101	391295	Trigger-In:101	90	trial_start	salient	0	green	left	unaware	1	0
391.400	0.000	trigger_11	11	391400	Trigger-In:11	90	fixation_point_on	salient	0	green	left	unaware	1	0
392.000	0.000	trigger_21	21	392000	Trigger-In:21	90	grating_on	salient	0	green	left	unaware	1	0
392.050	0.000	trigger_20	20	392050	Trigger-In:20	90	grating_off	salient	0	green	left	unaware	1	0
392.650	0.000	trigger_31	31	392650	Trigger-In:31	90	targets_on_fp_color_change	salient	0	green	left	unaware	1	0
393.835	0.000	trigger_201	201	393835	Trigger-In:201	90	trial_end_completed	salient	0	green	left	unaware	1	0
394.915	0.000	trigger_101	101	394915	Trigger-In:101	91	trial_start	staircase	23	red	left	aware	1	0
395.020	0.000	trigger_11	11	395020	Trigger-In:11	91	fixation_point_on	staircase	23	red	left	aware	1	0
395.625	0.000	trigger_21	21	395625	Trigger-In:21	91	grating_on	staircase	23	red	left	aware	1	0
395.675	0.000	trigger_20	20	395675	Trigger-In:20	91	grating_off	staircase	23	red	left	aware	1	0
396.275	0.000	trigger_31	31	396275	Trigger-In:31	91	targets_on_fp_color_change	staircase	23	red	left	aware	1	0
397.225	0.000	trigger_201	201	397225	Trigger-In:201	91	trial_end_completed	staircase	23	red	left	aware	1	0
398.300	0.000	trigger_101	101	398300	Trigger-In:101	92	trial_start	staircase	22	red	left	aware	1	0
398.410	0.000	trigger_11	11	398410	Trigger-In:11	92	fixation_point_on	staircase	22	red	left	aware	1	0
399.010	0.000	trigger_21	21	399010	Trigger-In:21	92	grating_on	staircase	22	red	left	aware	1	0
399.060	0.000	trigger_20	20	399060	Trigger-In:20	92	grating_off	staircase	22	red	left	aware	1	0
399.660	0.000	trigger_31	31	399660	Trigger-In:31	92	targets_on_fp_color_change	staircase	22	red	left	aware	1	0
400.770	0.000	trigger_201	201	400770	Trigger-In:201	92	trial_end_completed	staircase	22	red	left	aware	1	0
401.850	0.000	trigger_101	101	401850	Trigger-In:101	93	trial_start	staircase	21	green	left	unaware	1	0
401.955	0.000	trigger_11	11	401955	Trigger-In:11	93	fixation_point_on	staircase	21	green	left	unaware	1	0
402.560	0.000	trigger_21	21	402560	Trigger-In:21	93	grating_on	staircase	21	green	left	unaware	1	0
402.610	0.000	trigger_20	20	402610	Trigger-In:20	93	grating_off	staircase	21	green	left	unaware	1	0
403.210	0.000	trigger_31	31	403210	Trigger-In:31	93	targets_on_fp_color_change	staircase	21	green	left	unaware	1	0
405.240	0.000	trigger_201	201	405240	Trigger-In:201	93	trial_end_completed	staircase	21	green	left	unaware	1	0
406.320	0.000	trigger_101	101	406320	Trigger-In:101	94	trial_start	salient	0	green	left	unaware	1	0
406.425	0.000	trigger_11	11	406425	Trigger-In:11	94	fixation_point_on	salient	0	green	left	unaware	1	0
407.025	0.000	trigger_21	21	407025	Trigger-In:21	94	grating_on	salient	0	green	left	unaware	1	0
407.080	0.000	trigger_20	20	407080	Trigger-In:20	94	grating_off	salient	0	green	left	unaware	1	0
407.685	0.000	trigger_31	31	407685	Trigger-In:31	94	targets_on_fp_color_change	salient	0	green	left	unaware	1	0
409.190	0.000	trigger_201	201	409190	Trigger-In:201	94	trial_end_completed	salient	0	green	left	unaware	1	0
410.270	0.000	trigger_101	101	410270	Trigger-In:101	95	trial_start	staircase	22	green	right	aware	1	0
410.375	0.000	trigger_11	11	410375	Trigger-In:11	95	fixation_point_on	staircase	22	green	right	aware	1	0
410.975	0.000	trigger_21	21	410975	Trigger-In:21	95	grating_on	staircase	22	green	right	aware	1	0
411.030	0.000	trigger_20	20	411030	Trigger-In:20	95	grating_off	staircase	22	green	right	aware	1	0
411.630	0.000	trigger_31	31	411630	Trigger-In:31	95	targets_on_fp_color_change	staircase	22	green	right	aware	1	0
412.350	0.000	trigger_201	201	412350	Trigger-In:201	95	trial_end_completed	staircase	22	green	right	aware	1	0
413.430	0.000	trigger_101	101	413430	Trigger-In:101	96	trial_start	staircase	21	green	left	unaware	1	0
413.535	0.000	trigger_11	11	413535	Trigger-In:11	96	fixation_point_on	staircase	21	green	left	unaware	1	0
414.135	0.000	trigger_21	21	414135	Trigger-In:21	96	grating_on	staircase	21	green	left	unaware	1	0
414.185	0.000	trigger_20	20	414185	Trigger-In:20	96	grating_off	staircase	21	green	left	unaware	1	0
414.785	0.000	trigger_31	31	414785	Trigger-In:31	96	targets_on_fp_color_change	staircase	21	green	left	unaware	1	0
415.950	0.000	trigger_201	201	415950	Trigger-In:201	96	trial_end_completed	staircase	21	green	left	unaware	1	0
417.030	0.000	trigger_101	101	417030	Trigger-In:101	97	trial_start	staircase	22	red	left	aware	1	0
417.135	0.000	trigger_11	11	417135	Trigger-In:11	97	fixation_point_on	staircase	22	red	left	aware	1	0
417.735	0.000	trigger_21	21	417735	Trigger-In:21	97	grating_on	staircase	22	red	left	aware	1	0
417.785	0.000	trigger_20	20	417785	Trigger-In:20	97	grating_off	staircase	22	red	left	aware	1	0
418.385	0.000	trigger_31	31	418385	Trigger-In:31	97	targets_on_fp_color_change	staircase	22	red	left	aware	1	0
420.415	0.000	trigger_201	201	420415	Trigger-In:201	97	trial_end_completed	staircase	22	red	left	aware	1	0
421.495	0.000	trigger_101	101	421495	Trigger-In:101	98	trial_start	absent	70	red	n/a	n/a	0	1
421.600	0.000	trigger_11	11	421600	Trigger-In:11	98	fixation_point_on	absent	70	red	n/a	n/a	0	1
421.915	0.000	trigger_204	204	421915	Trigger-In:204	98	trial_end_fixation_break	absent	70	red	n/a	n/a	0	1
423.670	0.000	trigger_101	101	423670	Trigger-In:101	99	trial_start	staircase	21	green	right	aware	1	0
423.775	0.000	trigger_11	11	423775	Trigger-In:11	99	fixation_point_on	staircase	21	green	right	aware	1	0
424.375	0.000	trigger_21	21	424375	Trigger-In:21	99	grating_on	staircase	21	green	right	aware	1	0
424.425	0.000	trigger_20	20	424425	Trigger-In:20	99	grating_off	staircase	21	green	right	aware	1	0
425.025	0.000	trigger_31	31	425025	Trigger-In:31	99	targets_on_fp_color_change	staircase	21	green	right	aware	1	0
426.710	0.000	trigger_201	201	426710	Trigger-In:201	99	trial_end_completed	staircase	21	green	right	aware	1	0
427.790	0.000	trigger_101	101	427790	Trigger-In:101	100	trial_start	salient	0	green	left	unaware	1	0
427.895	0.000	trigger_11	11	427895	Trigger-In:11	100	fixation_point_on	salient	0	green	left	unaware	1	0
428.495	0.000	trigger_21	21	428495	Trigger-In:21	100	grating_on	salient	0	green	left	unaware	1	0
428.550	0.000	trigger_20	20	428550	Trigger-In:20	100	grating_off	salient	0	green	left	unaware	1	0
429.150	0.000	trigger_31	31	429150	Trigger-In:31	100	targets_on_fp_color_change	salient	0	green	left	unaware	1	0
430.685	0.000	trigger_201	201	430685	Trigger-In:201	100	trial_end_completed	salient	0	green	left	unaware	1	0
431.765	0.000	trigger_101	101	431765	Trigger-In:101	101	trial_start	staircase	20	red	left	aware	1	0
431.870	0.000	trigger_11	11	431870	Trigger-In:11	101	fixation_point_on	staircase	20	red	left	aware	1	0
432.470	0.000	trigger_21	21	432470	Trigger-In:21	101	grating_on	staircase	20	red	left	aware	1	0
432.520	0.000	trigger_20	20	432520	Trigger-In:20	101	grating_off	staircase	20	red	left	aware	1	0
433.120	0.000	trigger_31	31	433120	Trigger-In:31	101	targets_on_fp_color_change	staircase	20	red	left	aware	1	0
435.735	0.000	trigger_201	201	435735	Trigger-In:201	101	trial_end_completed	staircase	20	red	left	aware	1	0
436.815	0.000	trigger_101	101	436815	Trigger-In:101	102	trial_start	staircase	19	red	right	unaware	1	0
436.920	0.000	trigger_11	11	436920	Trigger-In:11	102	fixation_point_on	staircase	19	red	right	unaware	1	0
437.520	0.000	trigger_21	21	437520	Trigger-In:21	102	grating_on	staircase	19	red	right	unaware	1	0
437.575	0.000	trigger_20	20	437575	Trigger-In:20	102	grating_off	staircase	19	red	right	unaware	1	0
438.175	0.000	trigger_31	31	438175	Trigger-In:31	102	targets_on_fp_color_change	staircase	19	red	right	unaware	1	0
439.430	0.000	trigger_201	201	439430	Trigger-In:201	102	trial_end_completed	staircase	19	red	right	unaware	1	0
440.510	0.000	trigger_101	101	440510	Trigger-In:101	103	trial_start	staircase	20	red	right	unaware	1	0
440.615	0.000	trigger_11	11	440615	Trigger-In:11	103	fixation_point_on	staircase	20	red	right	unaware	1	0
441.215	0.000	trigger_21	21	441215	Trigger-In:21	103	grating_on	staircase	20	red	right	unaware	1	0
441.265	0.000	trigger_20	20	441265	Trigger-In:20	103	grating_off	staircase	20	red	right	unaware	1	0
441.865	0.000	trigger_31	31	441865	Trigger-In:31	103	targets_on_fp_color_change	staircase	20	red	right	unaware	1	0
443.000	0.000	trigger_201	201	443000	Trigger-In:201	103	trial_end_completed	staircase	20	red	right	unaware	1	0
444.080	0.000	trigger_101	101	444080	Trigger-In:101	104	trial_start	salient	0	green	left	unaware	1	0
444.185	0.000	trigger_11	11	444185	Trigger-In:11	104	fixation_point_on	salient	0	green	left	unaware	1	0
444.785	0.000	trigger_21	21	444785	Trigger-In:21	104	grating_on	salient	0	green	left	unaware	1	0
444.835	0.000	trigger_20	20	444835	Trigger-In:20	104	grating_off	salient	0	green	left	unaware	1	0
445.440	0.000	trigger_31	31	445440	Trigger-In:31	104	targets_on_fp_color_change	salient	0	green	left	unaware	1	0
446.550	0.000	trigger_201	201	446550	Trigger-In:201	104	trial_end_completed	salient	0	green	left	unaware	1	0
447.630	0.000	trigger_101	101	447630	Trigger-In:101	105	trial_start	salient	0	green	left	unaware	1	0
447.735	0.000	trigger_11	11	447735	Trigger-In:11	105	fixation_point_on	salient	0	green	left	unaware	1	0
448.340	0.000	trigger_21	21	448340	Trigger-In:21	105	grating_on	salient	0	green	left	unaware	1	0
448.390	0.000	trigger_20	20	448390	Trigger-In:20	105	grating_off	salient	0	green	left	unaware	1	0
448.990	0.000	trigger_31	31	448990	Trigger-In:31	105	targets_on_fp_color_change	salient	0	green	left	unaware	1	0
450.265	0.000	trigger_201	201	450265	Trigger-In:201	105	trial_end_completed	salient	0	green	left	unaware	1	0
451.340	0.000	trigger_101	101	451340	Trigger-In:101	106	trial_start	salient	0	green	left	unaware	1	0
451.450	0.000	trigger_11	11	451450	Trigger-In:11	106	fixation_point_on	salient	0	green	left	unaware	1	0
452.050	0.000	trigger_21	21	452050	Trigger-In:21	106	grating_on	salient	0	green	left	unaware	1	0
452.100	0.000	trigger_20	20	452100	Trigger-In:20	106	grating_off	salient	0	green	left	unaware	1	0
452.700	0.000	trigger_31	31	452700	Trigger-In:31	106	targets_on_fp_color_change	salient	0	green	left	unaware	1	0
453.965	0.000	trigger_201	201	453965	Trigger-In:201	106	trial_end_completed	salient	0	green	left	unaware	1	0
455.045	0.000	trigger_101	101	455045	Trigger-In:101	107	trial_start	staircase	21	red	right	unaware	1	0
455.150	0.000	trigger_11	11	455150	Trigger-In:11	107	fixation_point_on	staircase	21	red	right	unaware	1	0
455.750	0.000	trigger_21	21	455750	Trigger-In:21	107	grating_on	staircase	21	red	right	unaware	1	0
455.800	0.000	trigger_20	20	455800	Trigger-In:20	107	grating_off	staircase	21	red	right	unaware	1	0
456.400	0.000	trigger_31	31	456400	Trigger-In:31	107	targets_on_fp_color_change	staircase	21	red	right	unaware	1	0
457.715	0.000	trigger_201	201	457715	Trigger-In:201	107	trial_end_completed	staircase	21	red	right	unaware	1	0
458.795	0.000	trigger_101	101	458795	Trigger-In:101	108	trial_start	staircase	22	green	left	unaware	1	0
458.900	0.000	trigger_11	11	458900	Trigger-In:11	108	fixation_point_on	staircase	22	green	left	unaware	1	0
459.500	0.000	trigger_21	21	459500	Trigger-In:21	108	grating_on	staircase	22	green	left	unaware	1	0
459.555	0.000	trigger_20	20	459555	Trigger-In:20	108	grating_off	staircase	22	green	left	unaware	1	0
460.155	0.000	trigger_31	31	460155	Trigger-In:31	108	targets_on_fp_color_change	staircase	22	green	left	unaware	1	0
461.220	0.000	trigger_201	201	461220	Trigger-In:201	108	trial_end_completed	staircase	22	green	left	unaware	1	0
462.305	0.000	trigger_101	101	462305	Trigger-In:101	109	trial_start	staircase	23	red	left	aware	1	0
462.410	0.000	trigger_11	11	462410	Trigger-In:11	109	fixation_point_on	staircase	23	red	left	aware	1	0
463.010	0.000	trigger_21	21	463010	Trigger-In:21	109	grating_on	staircase	23	red	left	aware	1	0
463.060	0.000	trigger_20	20	463060	Trigger-In:20	109	grating_off	staircase	23	red	left	aware	1	0
463.660	0.000	trigger_31	31	463660	Trigger-In:31	109	targets_on_fp_color_change	staircase	23	red	left	aware	1	0
464.620	0.000	trigger_201	201	464620	Trigger-In:201	109	trial_end_completed	staircase	23	red	left	aware	1	0
465.700	0.000	trigger_101	101	465700	Trigger-In:101	110	trial_start	staircase	22	green	right	aware	1	0
465.805	0.000	trigger_11	11	465805	Trigger-In:11	110	fixation_point_on	staircase	22	green	right	aware	1	0
466.405	0.000	trigger_21	21	466405	Trigger-In:21	110	grating_on	staircase	22	green	right	aware	1	0
466.460	0.000	trigger_20	20	466460	Trigger-In:20	110	grating_off	staircase	22	green	right	aware	1	0
467.060	0.000	trigger_31	31	467060	Trigger-In:31	110	targets_on_fp_color_change	staircase	22	green	right	aware	1	0
467.770	0.000	trigger_201	201	467770	Trigger-In:201	110	trial_end_completed	staircase	22	green	right	aware	1	0
468.850	0.000	trigger_101	101	468850	Trigger-In:101	111	trial_start	staircase	21	green	right	aware	1	0
468.955	0.000	trigger_11	11	468955	Trigger-In:11	111	fixation_point_on	staircase	21	green	right	aware	1	0
469.555	0.000	trigger_21	21	469555	Trigger-In:21	111	grating_on	staircase	21	green	right	aware	1	0
469.605	0.000	trigger_20	20	469605	Trigger-In:20	111	grating_off	staircase	21	green	right	aware	1	0
470.205	0.000	trigger_31	31	470205	Trigger-In:31	111	targets_on_fp_color_change	staircase	21	green	right	aware	1	0
471.110	0.000	trigger_201	201	471110	Trigger-In:201	111	trial_end_completed	staircase	21	green	right	aware	1	0
472.190	0.000	trigger_101	101	472190	Trigger-In:101	112	trial_start	staircase	20	red	right	unaware	1	0
472.295	0.000	trigger_11	11	472295	Trigger-In:11	112	fixation_point_on	staircase	20	red	right	unaware	1	0
472.895	0.000	trigger_21	21	472895	Trigger-In:21	112	grating_on	staircase	20	red	right	unaware	1	0
472.950	0.000	trigger_20	20	472950	Trigger-In:20	112	grating_off	staircase	20	red	right	unaware	1	0
473.550	0.000	trigger_31	31	473550	Trigger-In:31	112	targets_on_fp_color_change	staircase	20	red	right	unaware	1	0
475.095	0.000	trigger_201	201	475095	Trigger-In:201	112	trial_end_completed	staircase	20	red	right	unaware	1	0
476.175	0.000	trigger_101	101	476175	Trigger-In:101	113	trial_start	staircase	21	red	right	unaware	1	0
476.280	0.000	trigger_11	11	476280	Trigger-In:11	113	fixation_point_on	staircase	21	red	right	unaware	1	0
476.885	0.000	trigger_21	21	476885	Trigger-In:21	113	grating_on	staircase	21	red	right	unaware	1	0
476.935	0.000	trigger_20	20	476935	Trigger-In:20	113	grating_off	staircase	21	red	right	unaware	1	0
477.535	0.000	trigger_31	31	477535	Trigger-In:31	113	targets_on_fp_color_change	staircase	21	red	right	unaware	1	0
479.600	0.000	trigger_201	201	479600	Trigger-In:201	113	trial_end_completed	staircase	21	red	right	unaware	1	0
480.675	0.000	trigger_101	101	480675	Trigger-In:101	114	trial_start	staircase	22	red	left	aware	1	0
480.780	0.000	trigger_11	11	480780	Trigger-In:11	114	fixation_point_on	staircase	22	red	left	aware	1	0
481.385	0.000	trigger_21	21	481385	Trigger-In:21	114	grating_on	staircase	22	red	left	aware	1	0
481.435	0.000	trigger_20	20	481435	Trigger-In:20	114	grating_off	staircase	22	red	left	aware	1	0
482.035	0.000	trigger_31	31	482035	Trigger-In:31	114	targets_on_fp_color_change	staircase	22	red	left	aware	1	0
482.775	0.000	trigger_201	201	482775	Trigger-In:201	114	trial_end_completed	staircase	22	red	left	aware	1	0
483.855	0.000	trigger_101	101	483855	Trigger-In:101	115	trial_start	staircase	21	red	right	unaware	1	0
483.960	0.000	trigger_11	11	483960	Trigger-In:11	115	fixation_point_on	staircase	21	red	right	unaware	1	0
484.560	0.000	trigger_21	21	484560	Trigger-In:21	115	grating_on	staircase	21	red	right	unaware	1	0
484.615	0.000	trigger_20	20	484615	Trigger-In:20	115	grating_off	staircase	21	red	right	unaware	1	0
485.215	0.000	trigger_31	31	485215	Trigger-In:31	115	targets_on_fp_color_change	staircase	21	red	right	unaware	1	0
486.740	0.000	trigger_201	201	486740	Trigger-In:201	115	trial_end_completed	staircase	21	red	right	unaware	1	0
487.825	0.000	trigger_101	101	487825	Trigger-In:101	116	trial_start	staircase	22	green	right	aware	1	0
487.930	0.000	trigger_11	11	487930	Trigger-In:11	116	fixation_point_on	staircase	22	green	right	aware	1	0
488.530	0.000	trigger_21	21	488530	Trigger-In:21	116	grating_on	staircase	22	green	right	aware	1	0
488.580	0.000	trigger_20	20	488580	Trigger-In:20	116	grating_off	staircase	22	green	right	aware	1	0
489.180	0.000	trigger_31	31	489180	Trigger-In:31	116	targets_on_fp_color_change	staircase	22	green	right	aware	1	0
490.010	0.000	trigger_201	201	490010	Trigger-In:201	116	trial_end_completed	staircase	22	green	right	aware	1	0
491.090	0.000	trigger_101	101	491090	Trigger-In:101	117	trial_start	staircase	21	red	right	unaware	1	0
491.195	0.000	trigger_11	11	491195	Trigger-In:11	117	fixation_point_on	staircase	21	red	right	unaware	1	0
491.795	0.000	trigger_21	21	491795	Trigger-In:21	117	grating_on	staircase	21	red	right	unaware	1	0
491.845	0.000	trigger_20	20	491845	Trigger-In:20	117	grating_off	staircase	21	red	right	unaware	1	0
492.445	0.000	trigger_31	31	492445	Trigger-In:31	117	targets_on_fp_color_change	staircase	21	red	right	unaware	1	0
494.000	0.000	trigger_201	201	494000	Trigger-In:201	117	trial_end_completed	staircase	21	red	right	unaware	1	0
495.080	0.000	trigger_101	101	495080	Trigger-In:101	118	trial_start	absent	70	red	left	aware	1	0
495.185	0.000	trigger_11	11	495185	Trigger-In:11	118	fixation_point_on	absent	70	red	left	aware	1	0
495.785	0.000	trigger_21	21	495785	Trigger-In:21	118	grating_on	absent	70	red	left	aware	1	0
495.835	0.000	trigger_20	20	495835	Trigger-In:20	118	grating_off	absent	70	red	left	aware	1	0
496.435	0.000	trigger_31	31	496435	Trigger-In:31	118	targets_on_fp_color_change	absent	70	red	left	aware	1	0
497.525	0.000	trigger_201	201	497525	Trigger-In:201	118	trial_end_completed	absent	70	red	left	aware	1	0
498.605	0.000	trigger_101	101	498605	Trigger-In:101	119	trial_start	salient	0	green	left	unaware	1	0
498.705	0.000	trigger_11	11	498705	Trigger-In:11	119	fixation_point_on	salient	0	green	left	unaware	1	0
499.305	0.000	trigger_21	21	499305	Trigger-In:21	119	grating_on	salient	0	green	left	unaware	1	0
499.355	0.000	trigger_20	20	499355	Trigger-In:20	119	grating_off	salient	0	green	left	unaware	1	0
499.955	0.000	trigger_31	31	499955	Trigger-In:31	119	targets_on_fp_color_change	salient	0	green	left	unaware	1	0
501.045	0.000	trigger_201	201	501045	Trigger-In:201	119	trial_end_completed	salient	0	green	left	unaware	1	0
502.125	0.000	trigger_101	101	502125	Trigger-In:101	120	trial_start	staircase	22	red	left	aware	1	0
502.230	0.000	trigger_11	11	502230	Trigger-In:11	120	fixation_point_on	staircase	22	red	left	aware	1	0
502.830	0.000	trigger_21	21	502830	Trigger-In:21	120	grating_on	staircase	22	red	left	aware	1	0
502.880	0.000	trigger_20	20	502880	Trigger-In:20	120	grating_off	staircase	22	red	left	aware	1	0
503.480	0.000	trigger_31	31	503480	Trigger-In:31	120	targets_on_fp_color_change	staircase	22	red	left	aware	1	0
504.600	0.000	trigger_201	201	504600	Trigger-In:201	120	trial_end_completed	staircase	22	red	left	aware	1	0
505.680	0.000	trigger_101	101	505680	Trigger-In:101	121	trial_start	salient	0	green	left	unaware	1	0
505.785	0.000	trigger_11	11	505785	Trigger-In:11	121	fixation_point_on	salient	0	green	left	unaware	1	0
506.385	0.000	trigger_21	21	506385	Trigger-In:21	121	grating_on	salient	0	green	left	unaware	1	0
506.435	0.000	trigger_20	20	506435	Trigger-In:20	121	grating_off	salient	0	green	left	unaware	1	0
507.035	0.000	trigger_31	31	507035	Trigger-In:31	121	targets_on_fp_color_change	salient	0	green	left	unaware	1	0
508.685	0.000	trigger_201	201	508685	Trigger-In:201	121	trial_end_completed	salient	0	green	left	unaware	1	0
509.765	0.000	trigger_101	101	509765	Trigger-In:101	122	trial_start	absent	70	red	left	aware	1	0
509.870	0.000	trigger_11	11	509870	Trigger-In:11	122	fixation_point_on	absent	70	red	left	aware	1	0
510.470	0.000	trigger_21	21	510470	Trigger-In:21	122	grating_on	absent	70	red	left	aware	1	0
510.520	0.000	trigger_20	20	510520	Trigger-In:20	122	grating_off	absent	70	red	left	aware	1	0
511.120	0.000	trigger_31	31	511120	Trigger-In:31	122	targets_on_fp_color_change	absent	70	red	left	aware	1	0
512.920	0.000	trigger_201	201	512920	Trigger-In:201	122	trial_end_completed	absent	70	red	left	aware	1	0
514.005	0.000	trigger_101	101	514005	Trigger-In:101	123	trial_start	staircase	21	green	right	aware	1	0
514.110	0.000	trigger_11	11	514110	Trigger-In:11	123	fixation_point_on	staircase	21	green	right	aware	1	0
514.710	0.000	trigger_21	21	514710	Trigger-In:21	123	grating_on	staircase	21	green	right	aware	1	0
514.760	0.000	trigger_20	20	514760	Trigger-In:20	123	grating_off	staircase	21	green	right	aware	1	0
515.360	0.000	trigger_31	31	515360	Trigger-In:31	123	targets_on_fp_color_change	staircase	21	green	right	aware	1	0
516.355	0.000	trigger_201	201	516355	Trigger-In:201	123	trial_end_completed	staircase	21	green	right	aware	1	0
517.430	0.000	trigger_101	101	517430	Trigger-In:101	124	trial_start	staircase	20	red	right	unaware	1	0
517.535	0.000	trigger_11	11	517535	Trigger-In:11	124	fixation_point_on	staircase	20	red	right	unaware	1	0
518.140	0.000	trigger_21	21	518140	Trigger-In:21	124	grating_on	staircase	20	red	right	unaware	1	0
518.190	0.000	trigger_20	20	518190	Trigger-In:20	124	grating_off	staircase	20	red	right	unaware	1	0
518.790	0.000	trigger_31	31	518790	Trigger-In:31	124	targets_on_fp_color_change	staircase	20	red	right	unaware	1	0
520.355	0.000	trigger_201	201	520355	Trigger-In:201	124	trial_end_completed	staircase	20	red	right	unaware	1	0
521.435	0.000	trigger_101	101	521435	Trigger-In:101	125	trial_start	salient	0	red	right	unaware	1	0
521.540	0.000	trigger_11	11	521540	Trigger-In:11	125	fixation_point_on	salient	0	red	right	unaware	1	0
522.140	0.000	trigger_21	21	522140	Trigger-In:21	125	grating_on	salient	0	red	right	unaware	1	0
522.190	0.000	trigger_20	20	522190	Trigger-In:20	125	grating_off	salient	0	red	right	unaware	1	0
522.790	0.000	trigger_31	31	522790	Trigger-In:31	125	targets_on_fp_color_change	salient	0	red	right	unaware	1	0
524.530	0.000	trigger_201	201	524530	Trigger-In:201	125	trial_end_completed	salient	0	red	right	unaware	1	0
525.610	0.000	trigger_101	101	525610	Trigger-In:101	126	trial_start	staircase	21	green	right	aware	1	0
525.715	0.000	trigger_11	11	525715	Trigger-In:11	126	fixation_point_on	staircase	21	green	right	aware	1	0
526.320	0.000	trigger_21	21	526320	Trigger-In:21	126	grating_on	staircase	21	green	right	aware	1	0
526.370	0.000	trigger_20	20	526370	Trigger-In:20	126	grating_off	staircase	21	green	right	aware	1	0
526.970	0.000	trigger_31	31	526970	Trigger-In:31	126	targets_on_fp_color_change	staircase	21	green	right	aware	1	0
529.000	0.000	trigger_201	201	529000	Trigger-In:201	126	trial_end_completed	staircase	21	green	right	aware	1	0
530.080	0.000	trigger_101	101	530080	Trigger-In:101	127	trial_start	staircase	20	red	right	unaware	1	0
530.185	0.000	trigger_11	11	530185	Trigger-In:11	127	fixation_point_on	staircase	20	red	right	unaware	1	0
530.785	0.000	trigger_21	21	530785	Trigger-In:21	127	grating_on	staircase	20	red	right	unaware	1	0
530.835	0.000	trigger_20	20	530835	Trigger-In:20	127	grating_off	staircase	20	red	right	unaware	1	0
531.435	0.000	trigger_31	31	531435	Trigger-In:31	127	targets_on_fp_color_change	staircase	20	red	right	unaware	1	0
532.630	0.000	trigger_201	201	532630	Trigger-In:201	127	trial_end_completed	staircase	20	red	right	unaware	1	0
533.710	0.000	trigger_101	101	533710	Trigger-In:101	128	trial_start	staircase	21	red	right	unaware	1	0
533.815	0.000	trigger_11	11	533815	Trigger-In:11	128	fixation_point_on	staircase	21	red	right	unaware	1	0
534.415	0.000	trigger_21	21	534415	Trigger-In:21	128	grating_on	staircase	21	red	right	unaware	1	0
534.470	0.000	trigger_20	20	534470	Trigger-In:20	128	grating_off	staircase	21	red	right	unaware	1	0
535.070	0.000	trigger_31	31	535070	Trigger-In:31	128	targets_on_fp_color_change	staircase	21	red	right	unaware	1	0
537.090	0.000	trigger_201	201	537090	Trigger-In:201	128	trial_end_completed	staircase	21	red	right	unaware	1	0
538.170	0.000	trigger_101	101	538170	Trigger-In:101	129	trial_start	salient	0	green	left	unaware	1	0
538.275	0.000	trigger_11	11	538275	Trigger-In:11	129	fixation_point_on	salient	0	green	left	unaware	1	0
538.875	0.000	trigger_21	21	538875	Trigger-In:21	129	grating_on	salient	0	green	left	unaware	1	0
538.925	0.000	trigger_20	20	538925	Trigger-In:20	129	grating_off	salient	0	green	left	unaware	1	0
539.530	0.000	trigger_31	31	539530	Trigger-In:31	129	targets_on_fp_color_change	salient	0	green	left	unaware	1	0
540.630	0.000	trigger_201	201	540630	Trigger-In:201	129	trial_end_completed	salient	0	green	left	unaware	1	0
541.710	0.000	trigger_101	101	541710	Trigger-In:101	130	trial_start	absent	70	green	right	aware	1	0
541.815	0.000	trigger_11	11	541815	Trigger-In:11	130	fixation_point_on	absent	70	green	right	aware	1	0
542.420	0.000	trigger_21	21	542420	Trigger-In:21	130	grating_on	absent	70	green	right	aware	1	0
542.470	0.000	trigger_20	20	542470	Trigger-In:20	130	grating_off	absent	70	green	right	aware	1	0
543.070	0.000	trigger_31	31	543070	Trigger-In:31	130	targets_on_fp_color_change	absent	70	green	right	aware	1	0
543.755	0.000	trigger_201	201	543755	Trigger-In:201	130	trial_end_completed	absent	70	green	right	aware	1	0
544.835	0.000	trigger_101	101	544835	Trigger-In:101	131	trial_start	staircase	22	green	right	aware	1	0
544.940	0.000	trigger_11	11	544940	Trigger-In:11	131	fixation_point_on	staircase	22	green	right	aware	1	0
545.540	0.000	trigger_21	21	545540	Trigger-In:21	131	grating_on	staircase	22	green	right	aware	1	0
545.590	0.000	trigger_20	20	545590	Trigger-In:20	131	grating_off	staircase	22	green	right	aware	1	0
546.190	0.000	trigger_31	31	546190	Trigger-In:31	131	targets_on_fp_color_change	staircase	22	green	right	aware	1	0
546.880	0.000	trigger_201	201	546880	Trigger-In:201	131	trial_end_completed	staircase	22	green	right	aware	1	0
547.960	0.000	trigger_101	101	547960	Trigger-In:101	132	trial_start	staircase	21	red	right	unaware	1	0
548.065	0.000	trigger_11	11	548065	Trigger-In:11	132	fixation_point_on	staircase	21	red	right	unaware	1	0
548.665	0.000	trigger_21	21	548665	Trigger-In:21	132	grating_on	staircase	21	red	right	unaware	1	0
548.720	0.000	trigger_20	20	548720	Trigger-In:20	132	grating_off	staircase	21	red	right	unaware	1	0
549.320	0.000	trigger_31	31	549320	Trigger-In:31	132	targets_on_fp_color_change	staircase	21	red	right	unaware	1	0
550.885	0.000	trigger_201	201	550885	Trigger-In:201	132	trial_end_completed	staircase	21	red	right	unaware	1	0
551.965	0.000	trigger_101	101	551965	Trigger-In:101	133	trial_start	absent	70	red	left	aware	1	0
552.070	0.000	trigger_11	11	552070	Trigger-In:11	133	fixation_point_on	absent	70	red	left	aware	1	0
552.670	0.000	trigger_21	21	552670	Trigger-In:21	133	grating_on	absent	70	red	left	aware	1	0
552.720	0.000	trigger_20	20	552720	Trigger-In:20	133	grating_off	absent	70	red	left	aware	1	0
553.320	0.000	trigger_31	31	553320	Trigger-In:31	133	targets_on_fp_color_change	absent	70	red	left	aware	1	0
554.535	0.000	trigger_201	201	554535	Trigger-In:201	133	trial_end_completed	absent	70	red	left	aware	1	0
555.615	0.000	trigger_101	101	555615	Trigger-In:101	134	trial_start	staircase	22	red	right	unaware	1	0
555.720	0.000	trigger_11	11	555720	Trigger-In:11	134	fixation_point_on	staircase	22	red	right	unaware	1	0
556.320	0.000	trigger_21	21	556320	Trigger-In:21	134	grating_on	staircase	22	red	right	unaware	1	0
556.370	0.000	trigger_20	20	556370	Trigger-In:20	134	grating_off	staircase	22	red	right	unaware	1	0
556.970	0.000	trigger_31	31	556970	Trigger-In:31	134	targets_on_fp_color_change	staircase	22	red	right	unaware	1	0
559.300	0.000	trigger_201	201	559300	Trigger-In:201	134	trial_end_completed	staircase	22	red	right	unaware	1	0
560.385	0.000	trigger_101	101	560385	Trigger-In:101	135	trial_start	absent	70	red	left	aware	1	0
560.490	0.000	trigger_11	11	560490	Trigger-In:11	135	fixation_point_on	absent	70	red	left	aware	1	0
561.095	0.000	trigger_21	21	561095	Trigger-In:21	135	grating_on	absent	70	red	left	aware	1	0
561.145	0.000	trigger_20	20	561145	Trigger-In:20	135	grating_off	absent	70	red	left	aware	1	0
561.745	0.000	trigger_31	31	561745	Trigger-In:31	135	targets_on_fp_color_change	absent	70	red	left	aware	1	0
562.500	0.000	trigger_201	201	562500	Trigger-In:201	135	trial_end_completed	absent	70	red	left	aware	1	0
563.580	0.000	trigger_101	101	563580	Trigger-In:101	136	trial_start	staircase	23	green	right	aware	1	0
563.685	0.000	trigger_11	11	563685	Trigger-In:11	136	fixation_point_on	staircase	23	green	right	aware	1	0
564.285	0.000	trigger_21	21	564285	Trigger-In:21	136	grating_on	staircase	23	green	right	aware	1	0
564.335	0.000	trigger_20	20	564335	Trigger-In:20	136	grating_off	staircase	23	green	right	aware	1	0
564.935	0.000	trigger_31	31	564935	Trigger-In:31	136	targets_on_fp_color_change	staircase	23	green	right	aware	1	0
565.965	0.000	trigger_201	201	565965	Trigger-In:201	136	trial_end_completed	staircase	23	green	right	aware	1	0
567.045	0.000	trigger_101	101	567045	Trigger-In:101	137	trial_start	staircase	22	green	right	aware	1	0
567.150	0.000	trigger_11	11	567150	Trigger-In:11	137	fixation_point_on	staircase	22	green	right	aware	1	0
567.750	0.000	trigger_21	21	567750	Trigger-In:21	137	grating_on	staircase	22	green	right	aware	1	0
567.800	0.000	trigger_20	20	567800	Trigger-In:20	137	grating_off	staircase	22	green	right	aware	1	0
568.400	0.000	trigger_31	31	568400	Trigger-In:31	137	targets_on_fp_color_change	staircase	22	green	right	aware	1	0
569.380	0.000	trigger_201	201	569380	Trigger-In:201	137	trial_end_completed	staircase	22	green	right	aware	1	0
570.460	0.000	trigger_101	101	570460	Trigger-In:101	138	trial_start	staircase	21	green	right	aware	1	0
570.560	0.000	trigger_11	11	570560	Trigger-In:11	138	fixation_point_on	staircase	21	green	right	aware	1	0
571.165	0.000	trigger_21	21	571165	Trigger-In:21	138	grating_on	staircase	21	green	right	aware	1	0
571.215	0.000	trigger_20	20	571215	Trigger-In:20	138	grating_off	staircase	21	green	right	aware	1	0
571.815	0.000	trigger_31	31	571815	Trigger-In:31	138	targets_on_fp_color_change	staircase	21	green	right	aware	1	0
572.470	0.000	trigger_201	201	572470	Trigger-In:201	138	trial_end_completed	staircase	21	green	right	aware	1	0
573.550	0.000	trigger_101	101	573550	Trigger-In:101	139	trial_start	staircase	20	green	left	unaware	1	0
573.655	0.000	trigger_11	11	573655	Trigger-In:11	139	fixation_point_on	staircase	20	green	left	unaware	1	0
574.260	0.000	trigger_21	21	574260	Trigger-In:21	139	grating_on	staircase	20	green	left	unaware	1	0
574.310	0.000	trigger_20	20	574310	Trigger-In:20	139	grating_off	staircase	20	green	left	unaware	1	0
574.910	0.000	trigger_31	31	574910	Trigger-In:31	139	targets_on_fp_color_change	staircase	20	green	left	unaware	1	0
576.055	0.000	trigger_201	201	576055	Trigger-In:201	139	trial_end_completed	staircase	20	green	left	unaware	1	0
577.135	0.000	trigger_101	101	577135	Trigger-In:101	140	trial_start	staircase	21	green	left	unaware	1	0
577.240	0.000	trigger_11	11	577240	Trigger-In:11	140	fixation_point_on	staircase	21	green	left	unaware	1	0
577.840	0.000	trigger_21	21	577840	Trigger-In:21	140	grating_on	staircase	21	green	left	unaware	1	0
577.890	0.000	trigger_20	20	577890	Trigger-In:20	140	grating_off	staircase	21	green	left	unaware	1	0
578.490	0.000	trigger_31	31	578490	Trigger-In:31	140	targets_on_fp_color_change	staircase	21	green	left	unaware	1	0
580.875	0.000	trigger_201	201	580875	Trigger-In:201	140	trial_end_completed	staircase	21	green	left	unaware	1	0
581.955	0.000	trigger_101	101	581955	Trigger-In:101	141	trial_start	salient	0	green	left	unaware	1	0
582.060	0.000	trigger_11	11	582060	Trigger-In:11	141	fixation_point_on	salient	0	green	left	unaware	1	0
582.660	0.000	trigger_21	21	582660	Trigger-In:21	141	grating_on	salient	0	green	left	unaware	1	0
582.715	0.000	trigger_20	20	582715	Trigger-In:20	141	grating_off	salient	0	green	left	unaware	1	0
583.315	0.000	trigger_31	31	583315	Trigger-In:31	141	targets_on_fp_color_change	salient	0	green	left	unaware	1	0
584.760	0.000	trigger_201	201	584760	Trigger-In:201	141	trial_end_completed	salient	0	green	left	unaware	1	0
585.840	0.000	trigger_101	101	585840	Trigger-In:101	142	trial_start	salient	0	green	left	unaware	1	0
585.945	0.000	trigger_11	11	585945	Trigger-In:11	142	fixation_point_on	salient	0	green	left	unaware	1	0
586.550	0.000	trigger_21	21	586550	Trigger-In:21	142	grating_on	salient	0	green	left	unaware	1	0
586.600	0.000	trigger_20	20	586600	Trigger-In:20	142	grating_off	salient	0	green	left	unaware	1	0
587.200	0.000	trigger_31	31	587200	Trigger-In:31	142	targets_on_fp_color_change	salient	0	green	left	unaware	1	0
588.185	0.000	trigger_201	201	588185	Trigger-In:201	142	trial_end_completed	salient	0	green	left	unaware	1	0
589.265	0.000	trigger_101	101	589265	Trigger-In:101	143	trial_start	staircase	22	red	right	unaware	1	0
589.370	0.000	trigger_11	11	589370	Trigger-In:11	143	fixation_point_on	staircase	22	red	right	unaware	1	0
589.970	0.000	trigger_21	21	589970	Trigger-In:21	143	grating_on	staircase	22	red	right	unaware	1	0
590.020	0.000	trigger_20	20	590020	Trigger-In:20	143	grating_off	staircase	22	red	right	unaware	1	0
590.620	0.000	trigger_31	31	590620	Trigger-In:31	143	targets_on_fp_color_change	staircase	22	red	right	unaware	1	0
592.070	0.000	trigger_201	201	592070	Trigger-In:201	143	trial_end_completed	staircase	22	red	right	unaware	1	0
593.155	0.000	trigger_101	101	593155	Trigger-In:101	144	trial_start	salient	0	red	right	unaware	1	0
593.255	0.000	trigger_11	11	593255	Trigger-In:11	144	fixation_point_on	salient	0	red	right	unaware	1	0
593.860	0.000	trigger_21	21	593860	Trigger-In:21	144	grating_on	salient	0	red	right	unaware	1	0
593.910	0.000	trigger_20	20	593910	Trigger-In:20	144	grating_off	salient	0	red	right	unaware	1	0
594.510	0.000	trigger_31	31	594510	Trigger-In:31	144	targets_on_fp_color_change	salient	0	red	right	unaware	1	0
595.320	0.000	trigger_201	201	595320	Trigger-In:201	144	trial_end_completed	salient	0	red	right	unaware	1	0
596.405	0.000	trigger_101	101	596405	Trigger-In:101	145	trial_start	staircase	23	red	right	unaware	1	0
596.510	0.000	trigger_11	11	596510	Trigger-In:11	145	fixation_point_on	staircase	23	red	right	unaware	1	0
597.110	0.000	trigger_21	21	597110	Trigger-In:21	145	grating_on	staircase	23	red	right	unaware	1	0
597.160	0.000	trigger_20	20	597160	Trigger-In:20	145	grating_off	staircase	23	red	right	unaware	1	0
597.760	0.000	trigger_31	31	597760	Trigger-In:31	145	targets_on_fp_color_change	staircase	23	red	right	unaware	1	0
598.820	0.000	trigger_201	201	598820	Trigger-In:201	145	trial_end_completed	staircase	23	red	right	unaware	1	0
599.905	0.000	trigger_101	101	599905	Trigger-In:101	146	trial_start	staircase	24	red	left	aware	1	0
600.010	0.000	trigger_11	11	600010	Trigger-In:11	146	fixation_point_on	staircase	24	red	left	aware	1	0
600.610	0.000	trigger_21	21	600610	Trigger-In:21	146	grating_on	staircase	24	red	left	aware	1	0
600.660	0.000	trigger_20	20	600660	Trigger-In:20	146	grating_off	staircase	24	red	left	aware	1	0
601.260	0.000	trigger_31	31	601260	Trigger-In:31	146	targets_on_fp_color_change	staircase	24	red	left	aware	1	0
602.440	0.000	trigger_201	201	602440	Trigger-In:201	146	trial_end_completed	staircase	24	red	left	aware	1	0
603.520	0.000	trigger_101	101	603520	Trigger-In:101	147	trial_start	absent	70	green	right	aware	1	0
603.625	0.000	trigger_11	11	603625	Trigger-In:11	147	fixation_point_on	absent	70	green	right	aware	1	0
604.225	0.000	trigger_21	21	604225	Trigger-In:21	147	grating_on	absent	70	green	right	aware	1	0
604.275	0.000	trigger_20	20	604275	Trigger-In:20	147	grating_off	absent	70	green	right	aware	1	0
604.880	0.000	trigger_31	31	604880	Trigger-In:31	147	targets_on_fp_color_change	absent	70	green	right	aware	1	0
605.575	0.000	trigger_201	201	605575	Trigger-In:201	147	trial_end_completed	absent	70	green	right	aware	1	0
606.655	0.000	trigger_101	101	606655	Trigger-In:101	148	trial_start	staircase	23	green	right	aware	1	0
606.760	0.000	trigger_11	11	606760	Trigger-In:11	148	fixation_point_on	staircase	23	green	right	aware	1	0
607.360	0.000	trigger_21	21	607360	Trigger-In:21	148	grating_on	staircase	23	green	right	aware	1	0
607.410	0.000	trigger_20	20	607410	Trigger-In:20	148	grating_off	staircase	23	green	right	aware	1	0
608.015	0.000	trigger_31	31	608015	Trigger-In:31	148	targets_on_fp_color_change	staircase	23	green	right	aware	1	0
608.975	0.000	trigger_201	201	608975	Trigger-In:201	148	trial_end_completed	staircase	23	green	right	aware	1	0
610.055	0.000	trigger_101	101	610055	Trigger-In:101	149	trial_start	salient	0	green	right	aware	1	0
610.165	0.000	trigger_11	11	610165	Trigger-In:11	149	fixation_point_on	salient	0	green	right	aware	1	0
610.765	0.000	trigger_21	21	610765	Trigger-In:21	149	grating_on	salient	0	green	right	aware	1	0
610.815	0.000	trigger_20	20	610815	Trigger-In:20	149	grating_off	salient	0	green	right	aware	1	0
611.415	0.000	trigger_31	31	611415	Trigger-In:31	149	targets_on_fp_color_change	salient	0	green	right	aware	1	0
613.290	0.000	trigger_201	201	613290	Trigger-In:201	149	trial_end_completed	salient	0	green	right	aware	1	0
614.635	0.000	trigger_101	101	614635	Trigger-In:101	150	trial_start	staircase	22	green	right	aware	1	0
614.740	0.000	trigger_11	11	614740	Trigger-In:11	150	fixation_point_on	staircase	22	green	right	aware	1	0
615.345	0.000	trigger_21	21	615345	Trigger-In:21	150	grating_on	staircase	22	green	right	aware	1	0
615.395	0.000	trigger_20	20	615395	Trigger-In:20	150	grating_off	staircase	22	green	right	aware	1	0
615.995	0.000	trigger_31	31	615995	Trigger-In:31	150	targets_on_fp_color_change	staircase	22	green	right	aware	1	0
617.805	0.000	trigger_201	201	617805	Trigger-In:201	150	trial_end_completed	staircase	22	green	right	aware	1	0
618.885	0.000	trigger_101	101	618885	Trigger-In:101	151	trial_start	staircase	21	red	left	aware	1	0
618.990	0.000	trigger_11	11	618990	Trigger-In:11	151	fixation_point_on	staircase	21	red	left	aware	1	0
619.590	0.000	trigger_21	21	619590	Trigger-In:21	151	grating_on	staircase	21	red	left	aware	1	0
619.640	0.000	trigger_20	20	619640	Trigger-In:20	151	grating_off	staircase	21	red	left	aware	1	0
620.240	0.000	trigger_31	31	620240	Trigger-In:31	151	targets_on_fp_color_change	staircase	21	red	left	aware	1	0
623.375	0.000	trigger_201	201	623375	Trigger-In:201	151	trial_end_completed	staircase	21	red	left	aware	1	0
624.460	0.000	trigger_101	101	624460	Trigger-In:101	152	trial_start	absent	70	red	left	aware	1	0
624.570	0.000	trigger_11	11	624570	Trigger-In:11	152	fixation_point_on	absent	70	red	left	aware	1	0
625.170	0.000	trigger_21	21	625170	Trigger-In:21	152	grating_on	absent	70	red	left	aware	1	0
625.220	0.000	trigger_20	20	625220	Trigger-In:20	152	grating_off	absent	70	red	left	aware	1	0
625.820	0.000	trigger_31	31	625820	Trigger-In:31	152	targets_on_fp_color_change	absent	70	red	left	aware	1	0
626.725	0.000	trigger_201	201	626725	Trigger-In:201	152	trial_end_completed	absent	70	red	left	aware	1	0
627.805	0.000	trigger_101	101	627805	Trigger-In:101	153	trial_start	staircase	20	red	right	unaware	1	0
627.915	0.000	trigger_11	11	627915	Trigger-In:11	153	fixation_point_on	staircase	20	red	right	unaware	1	0
628.515	0.000	trigger_21	21	628515	Trigger-In:21	153	grating_on	staircase	20	red	right	unaware	1	0
628.565	0.000	trigger_20	20	628565	Trigger-In:20	153	grating_off	staircase	20	red	right	unaware	1	0
629.165	0.000	trigger_31	31	629165	Trigger-In:31	153	targets_on_fp_color_change	staircase	20	red	right	unaware	1	0
630.575	0.000	trigger_201	201	630575	Trigger-In:201	153	trial_end_completed	staircase	20	red	right	unaware	1	0
631.655	0.000	trigger_101	101	631655	Trigger-In:101	154	trial_start	staircase	21	green	left	unaware	1	0
631.760	0.000	trigger_11	11	631760	Trigger-In:11	154	fixation_point_on	staircase	21	green	left	unaware	1	0
632.365	0.000	trigger_21	21	632365	Trigger-In:21	154	grating_on	staircase	21	green	left	unaware	1	0
632.415	0.000	trigger_20	20	632415	Trigger-In:20	154	grating_off	staircase	21	green	left	unaware	1	0
633.015	0.000	trigger_31	31	633015	Trigger-In:31	154	targets_on_fp_color_change	staircase	21	green	left	unaware	1	0
635.075	0.000	trigger_201	201	635075	Trigger-In:201	154	trial_end_completed	staircase	21	green	left	unaware	1	0
636.155	0.000	trigger_101	101	636155	Trigger-In:101	155	trial_start	staircase	22	red	right	unaware	1	0
636.260	0.000	trigger_11	11	636260	Trigger-In:11	155	fixation_point_on	staircase	22	red	right	unaware	1	0
636.860	0.000	trigger_21	21	636860	Trigger-In:21	155	grating_on	staircase	22	red	right	unaware	1	0
636.910	0.000	trigger_20	20	636910	Trigger-In:20	155	grating_off	staircase	22	red	right	unaware	1	0
637.510	0.000	trigger_31	31	637510	Trigger-In:31	155	targets_on_fp_color_change	staircase	22	red	right	unaware	1	0
639.090	0.000	trigger_201	201	639090	Trigger-In:201	155	trial_end_completed	staircase	22	red	right	unaware	1	0
640.170	0.000	trigger_101	101	640170	Trigger-In:101	156	trial_start	staircase	23	red	right	unaware	1	0
640.275	0.000	trigger_11	11	640275	Trigger-In:11	156	fixation_point_on	staircase	23	red	right	unaware	1	0
640.875	0.000	trigger_21	21	640875	Trigger-In:21	156	grating_on	staircase	23	red	right	unaware	1	0
640.925	0.000	trigger_20	20	640925	Trigger-In:20	156	grating_off	staircase	23	red	right	unaware	1	0
641.525	0.000	trigger_31	31	641525	Trigger-In:31	156	targets_on_fp_color_change	staircase	23	red	right	unaware	1	0
642.660	0.000	trigger_201	201	642660	Trigger-In:201	156	trial_end_completed	staircase	23	red	right	unaware	1	0
643.740	0.000	trigger_101	101	643740	Trigger-In:101	157	trial_start	staircase	24	red	right	unaware	1	0
643.840	0.000	trigger_11	11	643840	Trigger-In:11	157	fixation_point_on	staircase	24	red	right	unaware	1	0
644.445	0.000	trigger_21	21	644445	Trigger-In:21	157	grating_on	staircase	24	red	right	unaware	1	0
644.495	0.000	trigger_20	20	644495	Trigger-In:20	157	grating_off	staircase	24	red	right	unaware	1	0
645.095	0.000	trigger_31	31	645095	Trigger-In:31	157	targets_on_fp_color_change	staircase	24	red	right	unaware	1	0
646.260	0.000	trigger_201	201	646260	Trigger-In:201	157	trial_end_completed	staircase	24	red	right	unaware	1	0
647.345	0.000	trigger_101	101	647345	Trigger-In:101	158	trial_start	staircase	25	red	right	unaware	1	0
647.450	0.000	trigger_11	11	647450	Trigger-In:11	158	fixation_point_on	staircase	25	red	right	unaware	1	0
648.050	0.000	trigger_21	21	648050	Trigger-In:21	158	grating_on	staircase	25	red	right	unaware	1	0
648.100	0.000	trigger_20	20	648100	Trigger-In:20	158	grating_off	staircase	25	red	right	unaware	1	0
648.700	0.000	trigger_31	31	648700	Trigger-In:31	158	targets_on_fp_color_change	staircase	25	red	right	unaware	1	0
650.070	0.000	trigger_201	201	650070	Trigger-In:201	158	trial_end_completed	staircase	25	red	right	unaware	1	0
651.150	0.000	trigger_101	101	651150	Trigger-In:101	159	trial_start	salient	0	green	left	unaware	1	0
651.255	0.000	trigger_11	11	651255	Trigger-In:11	159	fixation_point_on	salient	0	green	left	unaware	1	0
651.855	0.000	trigger_21	21	651855	Trigger-In:21	159	grating_on	salient	0	green	left	unaware	1	0
651.905	0.000	trigger_20	20	651905	Trigger-In:20	159	grating_off	salient	0	green	left	unaware	1	0
652.505	0.000	trigger_31	31	652505	Trigger-In:31	159	targets_on_fp_color_change	salient	0	green	left	unaware	1	0
653.685	0.000	trigger_201	201	653685	Trigger-In:201	159	trial_end_completed	salient	0	green	left	unaware	1	0
654.770	0.000	trigger_101	101	654770	Trigger-In:101	160	trial_start	salient	0	red	right	unaware	1	0
654.875	0.000	trigger_11	11	654875	Trigger-In:11	160	fixation_point_on	salient	0	red	right	unaware	1	0
655.475	0.000	trigger_21	21	655475	Trigger-In:21	160	grating_on	salient	0	red	right	unaware	1	0
655.530	0.000	trigger_20	20	655530	Trigger-In:20	160	grating_off	salient	0	red	right	unaware	1	0
656.130	0.000	trigger_31	31	656130	Trigger-In:31	160	targets_on_fp_color_change	salient	0	red	right	unaware	1	0
657.615	0.000	trigger_201	201	657615	Trigger-In:201	160	trial_end_completed	salient	0	red	right	unaware	1	0
658.695	0.000	trigger_101	101	658695	Trigger-In:101	161	trial_start	staircase	26	green	right	aware	1	0
658.800	0.000	trigger_11	11	658800	Trigger-In:11	161	fixation_point_on	staircase	26	green	right	aware	1	0
659.400	0.000	trigger_21	21	659400	Trigger-In:21	161	grating_on	staircase	26	green	right	aware	1	0
659.450	0.000	trigger_20	20	659450	Trigger-In:20	161	grating_off	staircase	26	green	right	aware	1	0
660.050	0.000	trigger_31	31	660050	Trigger-In:31	161	targets_on_fp_color_change	staircase	26	green	right	aware	1	0
660.785	0.000	trigger_201	201	660785	Trigger-In:201	161	trial_end_completed	staircase	26	green	right	aware	1	0
661.865	0.000	trigger_101	101	661865	Trigger-In:101	162	trial_start	staircase	25	green	right	aware	1	0
661.970	0.000	trigger_11	11	661970	Trigger-In:11	162	fixation_point_on	staircase	25	green	right	aware	1	0
662.575	0.000	trigger_21	21	662575	Trigger-In:21	162	grating_on	staircase	25	green	right	aware	1	0
662.625	0.000	trigger_20	20	662625	Trigger-In:20	162	grating_off	staircase	25	green	right	aware	1	0
663.225	0.000	trigger_31	31	663225	Trigger-In:31	162	targets_on_fp_color_change	staircase	25	green	right	aware	1	0
663.925	0.000	trigger_201	201	663925	Trigger-In:201	162	trial_end_completed	staircase	25	green	right	aware	1	0
665.005	0.000	trigger_101	101	665005	Trigger-In:101	163	trial_start	salient	0	green	left	unaware	1	0
665.110	0.000	trigger_11	11	665110	Trigger-In:11	163	fixation_point_on	salient	0	green	left	unaware	1	0
665.710	0.000	trigger_21	21	665710	Trigger-In:21	163	grating_on	salient	0	green	left	unaware	1	0
665.765	0.000	trigger_20	20	665765	Trigger-In:20	163	grating_off	salient	0	green	left	unaware	1	0
666.365	0.000	trigger_31	31	666365	Trigger-In:31	163	targets_on_fp_color_change	salient	0	green	left	unaware	1	0
667.520	0.000	trigger_201	201	667520	Trigger-In:201	163	trial_end_completed	salient	0	green	left	unaware	1	0
668.600	0.000	trigger_101	101	668600	Trigger-In:101	164	trial_start	staircase	24	green	left	unaware	1	0
668.705	0.000	trigger_11	11	668705	Trigger-In:11	164	fixation_point_on	staircase	24	green	left	unaware	1	0
669.305	0.000	trigger_21	21	669305	Trigger-In:21	164	grating_on	staircase	24	green	left	unaware	1	0
669.355	0.000	trigger_20	20	669355	Trigger-In:20	164	grating_off	staircase	24	green	left	unaware	1	0
669.955	0.000	trigger_31	31	669955	Trigger-In:31	164	targets_on_fp_color_change	staircase	24	green	left	unaware	1	0
671.200	0.000	trigger_201	201	671200	Trigger-In:201	164	trial_end_completed	staircase	24	green	left	unaware	1	0
672.280	0.000	trigger_101	101	672280	Trigger-In:101	165	trial_start	staircase	25	green	left	unaware	1	0
672.385	0.000	trigger_11	11	672385	Trigger-In:11	165	fixation_point_on	staircase	25	green	left	unaware	1	0
672.985	0.000	trigger_21	21	672985	Trigger-In:21	165	grating_on	staircase	25	green	left	unaware	1	0
673.035	0.000	trigger_20	20	673035	Trigger-In:20	165	grating_off	staircase	25	green	left	unaware	1	0
673.635	0.000	trigger_31	31	673635	Trigger-In:31	165	targets_on_fp_color_change	staircase	25	green	left	unaware	1	0
674.590	0.000	trigger_201	201	674590	Trigger-In:201	165	trial_end_completed	staircase	25	green	left	unaware	1	0
675.670	0.000	trigger_101	101	675670	Trigger-In:101	166	trial_start	staircase	26	red	left	aware	1	0
675.775	0.000	trigger_11	11	675775	Trigger-In:11	166	fixation_point_on	staircase	26	red	left	aware	1	0
676.380	0.000	trigger_21	21	676380	Trigger-In:21	166	grating_on	staircase	26	red	left	aware	1	0
676.430	0.000	trigger_20	20	676430	Trigger-In:20	166	grating_off	staircase	26	red	left	aware	1	0
677.030	0.000	trigger_31	31	677030	Trigger-In:31	166	targets_on_fp_color_change	staircase	26	red	left	aware	1	0
678.320	0.000	trigger_201	201	678320	Trigger-In:201	166	trial_end_completed	staircase	26	red	left	aware	1	0
679.400	0.000	trigger_101	101	679400	Trigger-In:101	167	trial_start	salient	0	green	left	unaware	1	0
679.505	0.000	trigger_11	11	679505	Trigger-In:11	167	fixation_point_on	salient	0	green	left	unaware	1	0
680.110	0.000	trigger_21	21	680110	Trigger-In:21	167	grating_on	salient	0	green	left	unaware	1	0
680.160	0.000	trigger_20	20	680160	Trigger-In:20	167	grating_off	salient	0	green	left	unaware	1	0
680.760	0.000	trigger_31	31	680760	Trigger-In:31	167	targets_on_fp_color_change	salient	0	green	left	unaware	1	0
681.940	0.000	trigger_201	201	681940	Trigger-In:201	167	trial_end_completed	salient	0	green	left	unaware	1	0
683.025	0.000	trigger_101	101	683025	Trigger-In:101	168	trial_start	staircase	25	red	left	aware	1	0
683.130	0.000	trigger_11	11	683130	Trigger-In:11	168	fixation_point_on	staircase	25	red	left	aware	1	0
683.730	0.000	trigger_21	21	683730	Trigger-In:21	168	grating_on	staircase	25	red	left	aware	1	0
683.780	0.000	trigger_20	20	683780	Trigger-In:20	168	grating_off	staircase	25	red	left	aware	1	0
684.385	0.000	trigger_31	31	684385	Trigger-In:31	168	targets_on_fp_color_change	staircase	25	red	left	aware	1	0
685.400	0.000	trigger_201	201	685400	Trigger-In:201	168	trial_end_completed	staircase	25	red	left	aware	1	0
686.480	0.000	trigger_101	101	686480	Trigger-In:101	169	trial_start	staircase	24	green	right	aware	1	0
686.585	0.000	trigger_11	11	686585	Trigger-In:11	169	fixation_point_on	staircase	24	green	right	aware	1	0
687.185	0.000	trigger_21	21	687185	Trigger-In:21	169	grating_on	staircase	24	green	right	aware	1	0
687.235	0.000	trigger_20	20	687235	Trigger-In:20	169	grating_off	staircase	24	green	right	aware	1	0
687.835	0.000	trigger_31	31	687835	Trigger-In:31	169	targets_on_fp_color_change	staircase	24	green	right	aware	1	0
688.940	0.000	trigger_201	201	688940	Trigger-In:201	169	trial_end_completed	staircase	24	green	right	aware	1	0
690.020	0.000	trigger_101	101	690020	Trigger-In:101	170	trial_start	staircase	23	green	left	unaware	1	0
690.125	0.000	trigger_11	11	690125	Trigger-In:11	170	fixation_point_on	staircase	23	green	left	unaware	1	0
690.725	0.000	trigger_21	21	690725	Trigger-In:21	170	grating_on	staircase	23	green	left	unaware	1	0
690.775	0.000	trigger_20	20	690775	Trigger-In:20	170	grating_off	staircase	23	green	left	unaware	1	0
691.375	0.000	trigger_31	31	691375	Trigger-In:31	170	targets_on_fp_color_change	staircase	23	green	left	unaware	1	0
692.815	0.000	trigger_201	201	692815	Trigger-In:201	170	trial_end_completed	staircase	23	green	left	unaware	1	0
693.895	0.000	trigger_101	101	693895	Trigger-In:101	171	trial_start	staircase	24	red	right	unaware	1	0
694.000	0.000	trigger_11	11	694000	Trigger-In:11	171	fixation_point_on	staircase	24	red	right	unaware	1	0
694.600	0.000	trigger_21	21	694600	Trigger-In:21	171	grating_on	staircase	24	red	right	unaware	1	0
694.655	0.000	trigger_20	20	694655	Trigger-In:20	171	grating_off	staircase	24	red	right	unaware	1	0
695.255	0.000	trigger_31	31	695255	Trigger-In:31	171	targets_on_fp_color_change	staircase	24	red	right	unaware	1	0
697.660	0.000	trigger_201	201	697660	Trigger-In:201	171	trial_end_completed	staircase	24	red	right	unaware	1	0
698.740	0.000	trigger_101	101	698740	Trigger-In:101	172	trial_start	staircase	25	red	right	unaware	1	0
698.845	0.000	trigger_11	11	698845	Trigger-In:11	172	fixation_point_on	staircase	25	red	right	unaware	1	0
699.445	0.000	trigger_21	21	699445	Trigger-In:21	172	grating_on	staircase	25	red	right	unaware	1	0
699.500	0.000	trigger_20	20	699500	Trigger-In:20	172	grating_off	staircase	25	red	right	unaware	1	0
700.100	0.000	trigger_31	31	700100	Trigger-In:31	172	targets_on_fp_color_change	staircase	25	red	right	unaware	1	0
702.365	0.000	trigger_201	201	702365	Trigger-In:201	172	trial_end_completed	staircase	25	red	right	unaware	1	0
703.445	0.000	trigger_101	101	703445	Trigger-In:101	173	trial_start	absent	70	green	right	aware	1	0
703.555	0.000	trigger_11	11	703555	Trigger-In:11	173	fixation_point_on	absent	70	green	right	aware	1	0
704.155	0.000	trigger_21	21	704155	Trigger-In:21	173	grating_on	absent	70	green	right	aware	1	0
704.205	0.000	trigger_20	20	704205	Trigger-In:20	173	grating_off	absent	70	green	right	aware	1	0
704.805	0.000	trigger_31	31	704805	Trigger-In:31	173	targets_on_fp_color_change	absent	70	green	right	aware	1	0
705.505	0.000	trigger_201	201	705505	Trigger-In:201	173	trial_end_completed	absent	70	green	right	aware	1	0
706.585	0.000	trigger_101	101	706585	Trigger-In:101	174	trial_start	staircase	26	red	left	aware	1	0
706.690	0.000	trigger_11	11	706690	Trigger-In:11	174	fixation_point_on	staircase	26	red	left	aware	1	0
707.295	0.000	trigger_21	21	707295	Trigger-In:21	174	grating_on	staircase	26	red	left	aware	1	0
707.345	0.000	trigger_20	20	707345	Trigger-In:20	174	grating_off	staircase	26	red	left	aware	1	0
707.945	0.000	trigger_31	31	707945	Trigger-In:31	174	targets_on_fp_color_change	staircase	26	red	left	aware	1	0
708.850	0.000	trigger_201	201	708850	Trigger-In:201	174	trial_end_completed	staircase	26	red	left	aware	1	0
709.935	0.000	trigger_101	101	709935	Trigger-In:101	175	trial_start	salient	0	red	right	unaware	1	0
710.035	0.000	trigger_11	11	710035	Trigger-In:11	175	fixation_point_on	salient	0	red	right	unaware	1	0
710.635	0.000	trigger_21	21	710635	Trigger-In:21	175	grating_on	salient	0	red	right	unaware	1	0
710.685	0.000	trigger_20	20	710685	Trigger-In:20	175	grating_off	salient	0	red	right	unaware	1	0
711.285	0.000	trigger_31	31	711285	Trigger-In:31	175	targets_on_fp_color_change	salient	0	red	right	unaware	1	0
712.965	0.000	trigger_201	201	712965	Trigger-In:201	175	trial_end_completed	salient	0	red	right	unaware	1	0
714.045	0.000	trigger_101	101	714045	Trigger-In:101	176	trial_start	staircase	25	red	left	aware	1	0
714.150	0.000	trigger_11	11	714150	Trigger-In:11	176	fixation_point_on	staircase	25	red	left	aware	1	0
714.750	0.000	trigger_21	21	714750	Trigger-In:21	176	grating_on	staircase	25	red	left	aware	1	0
714.800	0.000	trigger_20	20	714800	Trigger-In:20	176	grating_off	staircase	25	red	left	aware	1	0
715.405	0.000	trigger_31	31	715405	Trigger-In:31	176	targets_on_fp_color_change	staircase	25	red	left	aware	1	0
716.295	0.000	trigger_201	201	716295	Trigger-In:201	176	trial_end_completed	staircase	25	red	left	aware	1	0
717.375	0.000	trigger_101	101	717375	Trigger-In:101	177	trial_start	staircase	24	green	left	unaware	1	0
717.480	0.000	trigger_11	11	717480	Trigger-In:11	177	fixation_point_on	staircase	24	green	left	unaware	1	0
718.080	0.000	trigger_21	21	718080	Trigger-In:21	177	grating_on	staircase	24	green	left	unaware	1	0
718.130	0.000	trigger_20	20	718130	Trigger-In:20	177	grating_off	staircase	24	green	left	unaware	1	0
718.735	0.000	trigger_31	31	718735	Trigger-In:31	177	targets_on_fp_color_change	staircase	24	green	left	unaware	1	0
719.910	0.000	trigger_201	201	719910	Trigger-In:201	177	trial_end_completed	staircase	24	green	left	unaware	1	0
720.990	0.000	trigger_101	101	720990	Trigger-In:101	178	trial_start	staircase	25	red	right	unaware	1	0
721.095	0.000	trigger_11	11	721095	Trigger-In:11	178	fixation_point_on	staircase	25	red	right	unaware	1	0
721.700	0.000	trigger_21	21	721700	Trigger-In:21	178	grating_on	staircase	25	red	right	unaware	1	0
721.750	0.000	trigger_20	20	721750	Trigger-In:20	178	grating_off	staircase	25	red	right	unaware	1	0
722.350	0.000	trigger_31	31	722350	Trigger-In:31	178	targets_on_fp_color_change	staircase	25	red	right	unaware	1	0
723.750	0.000	trigger_201	201	723750	Trigger-In:201	178	trial_end_completed	staircase	25	red	right	unaware	1	0
724.830	0.000	trigger_101	101	724830	Trigger-In:101	179	trial_start	staircase	26	green	left	unaware	1	0
724.935	0.000	trigger_11	11	724935	Trigger-In:11	179	fixation_point_on	staircase	26	green	left	unaware	1	0
725.535	0.000	trigger_21	21	725535	Trigger-In:21	179	grating_on	staircase	26	green	left	unaware	1	0
725.590	0.000	trigger_20	20	725590	Trigger-In:20	179	grating_off	staircase	26	green	left	unaware	1	0
726.190	0.000	trigger_31	31	726190	Trigger-In:31	179	targets_on_fp_color_change	staircase	26	green	left	unaware	1	0
727.955	0.000	trigger_201	201	727955	Trigger-In:201	179	trial_end_completed	staircase	26	green	left	unaware	1	0
729.040	0.000	trigger_101	101	729040	Trigger-In:101	180	trial_start	staircase	27	green	right	aware	1	0
729.145	0.000	trigger_11	11	729145	Trigger-In:11	180	fixation_point_on	staircase	27	green	right	aware	1	0
729.745	0.000	trigger_21	21	729745	Trigger-In:21	180	grating_on	staircase	27	green	right	aware	1	0
729.795	0.000	trigger_20	20	729795	Trigger-In:20	180	grating_off	staircase	27	green	right	aware	1	0
730.395	0.000	trigger_31	31	730395	Trigger-In:31	180	targets_on_fp_color_change	staircase	27	green	right	aware	1	0
732.340	0.000	trigger_201	201	732340	Trigger-In:201	180	trial_end_completed	staircase	27	green	right	aware	1	0
