onset	duration	trial_type	value	sample	source_annotation	trial	event_name	stim_presence	contrast	fp_color	response	awareness	trial_complete	fixation_break
54.945	0.000	trigger_101	101	54945	Trigger-In:101	1	trial_start	staircase	13	red	left	aware	1	0
55.205	0.000	trigger_11	11	55205	Trigger-In:11	1	fixation_point_on	staircase	13	red	left	aware	1	0
55.805	0.000	trigger_21	21	55805	Trigger-In:21	1	grating_on	staircase	13	red	left	aware	1	0
55.875	0.000	trigger_20	20	55875	Trigger-In:20	1	grating_off	staircase	13	red	left	aware	1	0
56.475	0.000	trigger_31	31	56475	Trigger-In:31	1	targets_on_fp_color_change	staircase	13	red	left	aware	1	0
57.620	0.000	trigger_201	201	57620	Trigger-In:201	1	trial_end_completed	staircase	13	red	left	aware	1	0
58.885	0.000	trigger_101	101	58885	Trigger-In:101	2	trial_start	salient	0	green	left	unaware	1	0
58.985	0.000	trigger_11	11	58985	Trigger-In:11	2	fixation_point_on	salient	0	green	left	unaware	1	0
59.590	0.000	trigger_21	21	59590	Trigger-In:21	2	grating_on	salient	0	green	left	unaware	1	0
59.640	0.000	trigger_20	20	59640	Trigger-In:20	2	grating_off	salient	0	green	left	unaware	1	0
60.240	0.000	trigger_31	31	60240	Trigger-In:31	2	targets_on_fp_color_change	salient	0	green	left	unaware	1	0
62.475	0.000	trigger_201	201	62475	Trigger-In:201	2	trial_end_completed	salient	0	green	left	unaware	1	0
63.570	0.000	trigger_101	101	63570	Trigger-In:101	3	trial_start	salient	0	red	right	unaware	1	0
63.680	0.000	trigger_11	11	63680	Trigger-In:11	3	fixation_point_on	salient	0	red	right	unaware	1	0
64.280	0.000	trigger_21	21	64280	Trigger-In:21	3	grating_on	salient	0	red	right	unaware	1	0
64.330	0.000	trigger_20	20	64330	Trigger-In:20	3	grating_off	salient	0	red	right	unaware	1	0
64.930	0.000	trigger_31	31	64930	Trigger-In:31	3	targets_on_fp_color_change	salient	0	red	right	unaware	1	0
66.195	0.000	trigger_201	201	66195	Trigger-In:201	3	trial_end_completed	salient	0	red	right	unaware	1	0
67.275	0.000	trigger_101	101	67275	Trigger-In:101	4	trial_start	staircase	12	red	left	aware	1	0
67.380	0.000	trigger_11	11	67380	Trigger-In:11	4	fixation_point_on	staircase	12	red	left	aware	1	0
67.980	0.000	trigger_21	21	67980	Trigger-In:21	4	grating_on	staircase	12	red	left	aware	1	0
68.030	0.000	trigger_20	20	68030	Trigger-In:20	4	grating_off	staircase	12	red	left	aware	1	0
68.630	0.000	trigger_31	31	68630	Trigger-In:31	4	targets_on_fp_color_change	staircase	12	red	left	aware	1	0
69.750	0.000	trigger_201	201	69750	Trigger-In:201	4	trial_end_completed	staircase	12	red	left	aware	1	0
70.830	0.000	trigger_101	101	70830	Trigger-In:101	5	trial_start	absent	70	red	left	aware	1	0
70.940	0.000	trigger_11	11	70940	Trigger-In:11	5	fixation_point_on	absent	70	red	left	aware	1	0
71.540	0.000	trigger_21	21	71540	Trigger-In:21	5	grating_on	absent	70	red	left	aware	1	0
71.590	0.000	trigger_20	20	71590	Trigger-In:20	5	grating_off	absent	70	red	left	aware	1	0
72.190	0.000	trigger_31	31	72190	Trigger-In:31	5	targets_on_fp_color_change	absent	70	red	left	aware	1	0
73.270	0.000	trigger_201	201	73270	Trigger-In:201	5	trial_end_completed	absent	70	red	left	aware	1	0
74.355	0.000	trigger_101	101	74355	Trigger-In:101	6	trial_start	absent	70	green	right	aware	1	0
74.460	0.000	trigger_11	11	74460	Trigger-In:11	6	fixation_point_on	absent	70	green	right	aware	1	0
75.060	0.000	trigger_21	21	75060	Trigger-In:21	6	grating_on	absent	70	green	right	aware	1	0
75.110	0.000	trigger_20	20	75110	Trigger-In:20	6	grating_off	absent	70	green	right	aware	1	0
75.710	0.000	trigger_31	31	75710	Trigger-In:31	6	targets_on_fp_color_change	absent	70	green	right	aware	1	0
76.555	0.000	trigger_201	201	76555	Trigger-In:201	6	trial_end_completed	absent	70	green	right	aware	1	0
77.630	0.000	trigger_101	101	77630	Trigger-In:101	7	trial_start	staircase	11	red	right	unaware	1	0
77.735	0.000	trigger_11	11	77735	Trigger-In:11	7	fixation_point_on	staircase	11	red	right	unaware	1	0
78.335	0.000	trigger_21	21	78335	Trigger-In:21	7	grating_on	staircase	11	red	right	unaware	1	0
78.385	0.000	trigger_20	20	78385	Trigger-In:20	7	grating_off	staircase	11	red	right	unaware	1	0
78.985	0.000	trigger_31	31	78985	Trigger-In:31	7	targets_on_fp_color_change	staircase	11	red	right	unaware	1	0
81.425	0.000	trigger_201	201	81425	Trigger-In:201	7	trial_end_completed	staircase	11	red	right	unaware	1	0
82.505	0.000	trigger_101	101	82505	Trigger-In:101	8	trial_start	staircase	12	green	right	aware	1	0
82.610	0.000	trigger_11	11	82610	Trigger-In:11	8	fixation_point_on	staircase	12	green	right	aware	1	0
83.210	0.000	trigger_21	21	83210	Trigger-In:21	8	grating_on	staircase	12	green	right	aware	1	0
83.260	0.000	trigger_20	20	83260	Trigger-In:20	8	grating_off	staircase	12	green	right	aware	1	0
83.860	0.000	trigger_31	31	83860	Trigger-In:31	8	targets_on_fp_color_change	staircase	12	green	right	aware	1	0
85.465	0.000	trigger_201	201	85465	Trigger-In:201	8	trial_end_completed	staircase	12	green	right	aware	1	0
86.545	0.000	trigger_101	101	86545	Trigger-In:101	9	trial_start	staircase	11	green	right	aware	1	0
86.650	0.000	trigger_11	11	86650	Trigger-In:11	9	fixation_point_on	staircase	11	green	right	aware	1	0
87.250	0.000	trigger_21	21	87250	Trigger-In:21	9	grating_on	staircase	11	green	right	aware	1	0
87.300	0.000	trigger_20	20	87300	Trigger-In:20	9	grating_off	staircase	11	green	right	aware	1	0
87.900	0.000	trigger_31	31	87900	Trigger-In:31	9	targets_on_fp_color_change	staircase	11	green	right	aware	1	0
90.080	0.000	trigger_201	201	90080	Trigger-In:201	9	trial_end_completed	staircase	11	green	right	aware	1	0
91.155	0.000	trigger_101	101	91155	Trigger-In:101	10	trial_start	salient	0	green	left	unaware	1	0
91.260	0.000	trigger_11	11	91260	Trigger-In:11	10	fixation_point_on	salient	0	green	left	unaware	1	0
91.865	0.000	trigger_21	21	91865	Trigger-In:21	10	grating_on	salient	0	green	left	unaware	1	0
91.915	0.000	trigger_20	20	91915	Trigger-In:20	10	grating_off	salient	0	green	left	unaware	1	0
92.515	0.000	trigger_31	31	92515	Trigger-In:31	10	targets_on_fp_color_change	salient	0	green	left	unaware	1	0
95.190	0.000	trigger_201	201	95190	Trigger-In:201	10	trial_end_completed	salient	0	green	left	unaware	1	0
96.270	0.000	trigger_101	101	96270	Trigger-In:101	11	trial_start	salient	0	red	right	unaware	1	0
96.375	0.000	trigger_11	11	96375	Trigger-In:11	11	fixation_point_on	salient	0	red	right	unaware	1	0
96.975	0.000	trigger_21	21	96975	Trigger-In:21	11	grating_on	salient	0	red	right	unaware	1	0
97.030	0.000	trigger_20	20	97030	Trigger-In:20	11	grating_off	salient	0	red	right	unaware	1	0
97.630	0.000	trigger_31	31	97630	Trigger-In:31	11	targets_on_fp_color_change	salient	0	red	right	unaware	1	0
102.385	0.000	trigger_201	201	102385	Trigger-In:201	11	trial_end_completed	salient	0	red	right	unaware	1	0
103.470	0.000	trigger_101	101	103470	Trigger-In:101	12	trial_start	staircase	10	green	right	aware	1	0
103.575	0.000	trigger_11	11	103575	Trigger-In:11	12	fixation_point_on	staircase	10	green	right	aware	1	0
104.175	0.000	trigger_21	21	104175	Trigger-In:21	12	grating_on	staircase	10	green	right	aware	1	0
104.225	0.000	trigger_20	20	104225	Trigger-In:20	12	grating_off	staircase	10	green	right	aware	1	0
104.825	0.000	trigger_31	31	104825	Trigger-In:31	12	targets_on_fp_color_change	staircase	10	green	right	aware	1	0
105.700	0.000	trigger_201	201	105700	Trigger-In:201	12	trial_end_completed	staircase	10	green	right	aware	1	0
106.780	0.000	trigger_101	101	106780	Trigger-In:101	13	trial_start	salient	0	green	left	unaware	1	0
106.880	0.000	trigger_11	11	106880	Trigger-In:11	13	fixation_point_on	salient	0	green	left	unaware	1	0
107.485	0.000	trigger_21	21	107485	Trigger-In:21	13	grating_on	salient	0	green	left	unaware	1	0
107.535	0.000	trigger_20	20	107535	Trigger-In:20	13	grating_off	salient	0	green	left	unaware	1	0
108.135	0.000	trigger_31	31	108135	Trigger-In:31	13	targets_on_fp_color_change	salient	0	green	left	unaware	1	0
109.880	0.000	trigger_201	201	109880	Trigger-In:201	13	trial_end_completed	salient	0	green	left	unaware	1	0
110.955	0.000	trigger_101	101	110955	Trigger-In:101	14	trial_start	salient	0	green	left	unaware	1	0
111.060	0.000	trigger_11	11	111060	Trigger-In:11	14	fixation_point_on	salient	0	green	left	unaware	1	0
111.660	0.000	trigger_21	21	111660	Trigger-In:21	14	grating_on	salient	0	green	left	unaware	1	0
111.710	0.000	trigger_20	20	111710	Trigger-In:20	14	grating_off	salient	0	green	left	unaware	1	0
112.310	0.000	trigger_31	31	112310	Trigger-In:31	14	targets_on_fp_color_change	salient	0	green	left	unaware	1	0
114.710	0.000	trigger_201	201	114710	Trigger-In:201	14	trial_end_completed	salient	0	green	left	unaware	1	0
115.790	0.000	trigger_101	101	115790	Trigger-In:101	15	trial_start	staircase	9	red	right	unaware	1	0
115.890	0.000	trigger_11	11	115890	Trigger-In:11	15	fixation_point_on	staircase	9	red	right	unaware	1	0
116.490	0.000	trigger_21	21	116490	Trigger-In:21	15	grating_on	staircase	9	red	right	unaware	1	0
116.545	0.000	trigger_20	20	116545	Trigger-In:20	15	grating_off	staircase	9	red	right	unaware	1	0
117.145	0.000	trigger_31	31	117145	Trigger-In:31	15	targets_on_fp_color_change	staircase	9	red	right	unaware	1	0
119.170	0.000	trigger_201	201	119170	Trigger-In:201	15	trial_end_completed	staircase	9	red	right	unaware	1	0
120.250	0.000	trigger_101	101	120250	Trigger-In:101	16	trial_start	absent	70	green	right	aware	1	0
120.355	0.000	trigger_11	11	120355	Trigger-In:11	16	fixation_point_on	absent	70	green	right	aware	1	0
120.955	0.000	trigger_21	21	120955	Trigger-In:21	16	grating_on	absent	70	green	right	aware	1	0
121.005	0.000	trigger_20	20	121005	Trigger-In:20	16	grating_off	absent	70	green	right	aware	1	0
121.605	0.000	trigger_31	31	121605	Trigger-In:31	16	targets_on_fp_color_change	absent	70	green	right	aware	1	0
122.390	0.000	trigger_201	201	122390	Trigger-In:201	16	trial_end_completed	absent	70	green	right	aware	1	0
123.465	0.000	trigger_101	101	123465	Trigger-In:101	17	trial_start	staircase	10	green	right	aware	1	0
123.565	0.000	trigger_11	11	123565	Trigger-In:11	17	fixation_point_on	staircase	10	green	right	aware	1	0
124.170	0.000	trigger_21	21	124170	Trigger-In:21	17	grating_on	staircase	10	green	right	aware	1	0
124.220	0.000	trigger_20	20	124220	Trigger-In:20	17	grating_off	staircase	10	green	right	aware	1	0
124.820	0.000	trigger_31	31	124820	Trigger-In:31	17	targets_on_fp_color_change	staircase	10	green	right	aware	1	0
125.880	0.000	trigger_201	201	125880	Trigger-In:201	17	trial_end_completed	staircase	10	green	right	aware	1	0
126.955	0.000	trigger_101	101	126955	Trigger-In:101	18	trial_start	staircase	9	green	left	unaware	1	0
127.060	0.000	trigger_11	11	127060	Trigger-In:11	18	fixation_point_on	staircase	9	green	left	unaware	1	0
127.665	0.000	trigger_21	21	127665	Trigger-In:21	18	grating_on	staircase	9	green	left	unaware	1	0
127.715	0.000	trigger_20	20	127715	Trigger-In:20	18	grating_off	staircase	9	green	left	unaware	1	0
128.315	0.000	trigger_31	31	128315	Trigger-In:31	18	targets_on_fp_color_change	staircase	9	green	left	unaware	1	0
129.565	0.000	trigger_201	201	129565	Trigger-In:201	18	trial_end_completed	staircase	9	green	left	unaware	1	0
130.645	0.000	trigger_101	101	130645	Trigger-In:101	19	trial_start	staircase	10	red	left	aware	1	0
130.745	0.000	trigger_11	11	130745	Trigger-In:11	19	fixation_point_on	staircase	10	red	left	aware	1	0
131.345	0.000	trigger_21	21	131345	Trigger-In:21	19	grating_on	staircase	10	red	left	aware	1	0
131.395	0.000	trigger_20	20	131395	Trigger-In:20	19	grating_off	staircase	10	red	left	aware	1	0
131.995	0.000	trigger_31	31	131995	Trigger-In:31	19	targets_on_fp_color_change	staircase	10	red	left	aware	1	0
134.445	0.000	trigger_201	201	134445	Trigger-In:201	19	trial_end_completed	staircase	10	red	left	aware	1	0
135.520	0.000	trigger_101	101	135520	Trigger-In:101	20	trial_start	staircase	9	red	right	unaware	1	0
135.630	0.000	trigger_11	11	135630	Trigger-In:11	20	fixation_point_on	staircase	9	red	right	unaware	1	0
136.230	0.000	trigger_21	21	136230	Trigger-In:21	20	grating_on	staircase	9	red	right	unaware	1	0
136.280	0.000	trigger_20	20	136280	Trigger-In:20	20	grating_off	staircase	9	red	right	unaware	1	0
136.880	0.000	trigger_31	31	136880	Trigger-In:31	20	targets_on_fp_color_change	staircase	9	red	right	unaware	1	0
139.260	0.000	trigger_201	201	139260	Trigger-In:201	20	trial_end_completed	staircase	9	red	right	unaware	1	0
140.335	0.000	trigger_101	101	140335	Trigger-In:101	21	trial_start	staircase	10	green	right	aware	1	0
140.440	0.000	trigger_11	11	140440	Trigger-In:11	21	fixation_point_on	staircase	10	green	right	aware	1	0
141.040	0.000	trigger_21	21	141040	Trigger-In:21	21	grating_on	staircase	10	green	right	aware	1	0
141.090	0.000	trigger_20	20	141090	Trigger-In:20	21	grating_off	staircase	10	green	right	aware	1	0
141.695	0.000	trigger_31	31	141695	Trigger-In:31	21	targets_on_fp_color_change	staircase	10	green	right	aware	1	0
143.130	0.000	trigger_201	201	143130	Trigger-In:201	21	trial_end_completed	staircase	10	green	right	aware	1	0
144.205	0.000	trigger_101	101	144205	Trigger-In:101	22	trial_start	staircase	9	red	right	unaware	1	0
144.310	0.000	trigger_11	11	144310	Trigger-In:11	22	fixation_point_on	staircase	9	red	right	unaware	1	0
144.910	0.000	trigger_21	21	144910	Trigger-In:21	22	grating_on	staircase	9	red	right	unaware	1	0
144.960	0.000	trigger_20	20	144960	Trigger-In:20	22	grating_off	staircase	9	red	right	unaware	1	0
145.560	0.000	trigger_31	31	145560	Trigger-In:31	22	targets_on_fp_color_change	staircase	9	red	right	unaware	1	0
147.595	0.000	trigger_201	201	147595	Trigger-In:201	22	trial_end_completed	staircase	9	red	right	unaware	1	0
148.670	0.000	trigger_101	101	148670	Trigger-In:101	23	trial_start	absent	70	red	left	aware	1	0
148.775	0.000	trigger_11	11	148775	Trigger-In:11	23	fixation_point_on	absent	70	red	left	aware	1	0
149.375	0.000	trigger_21	21	149375	Trigger-In:21	23	grating_on	absent	70	red	left	aware	1	0
149.425	0.000	trigger_20	20	149425	Trigger-In:20	23	grating_off	absent	70	red	left	aware	1	0
150.025	0.000	trigger_31	31	150025	Trigger-In:31	23	targets_on_fp_color_change	absent	70	red	left	aware	1	0
151.055	0.000	trigger_201	201	151055	Trigger-In:201	23	trial_end_completed	absent	70	red	left	aware	1	0
152.130	0.000	trigger_101	101	152130	Trigger-In:101	24	trial_start	staircase	10	green	right	aware	1	0
152.235	0.000	trigger_11	11	152235	Trigger-In:11	24	fixation_point_on	staircase	10	green	right	aware	1	0
152.835	0.000	trigger_21	21	152835	Trigger-In:21	24	grating_on	staircase	10	green	right	aware	1	0
152.890	0.000	trigger_20	20	152890	Trigger-In:20	24	grating_off	staircase	10	green	right	aware	1	0
153.490	0.000	trigger_31	31	153490	Trigger-In:31	24	targets_on_fp_color_change	staircase	10	green	right	aware	1	0
155.540	0.000	trigger_201	201	155540	Trigger-In:201	24	trial_end_completed	staircase	10	green	right	aware	1	0
156.620	0.000	trigger_101	101	156620	Trigger-In:101	25	trial_start	salient	0	green	left	unaware	1	0
156.725	0.000	trigger_11	11	156725	Trigger-In:11	25	fixation_point_on	salient	0	green	left	unaware	1	0
157.325	0.000	trigger_21	21	157325	Trigger-In:21	25	grating_on	salient	0	green	left	unaware	1	0
157.375	0.000	trigger_20	20	157375	Trigger-In:20	25	grating_off	salient	0	green	left	unaware	1	0
157.980	0.000	trigger_31	31	157980	Trigger-In:31	25	targets_on_fp_color_change	salient	0	green	left	unaware	1	0
160.685	0.000	trigger_201	201	160685	Trigger-In:201	25	trial_end_completed	salient	0	green	left	unaware	1	0
161.765	0.000	trigger_101	101	161765	Trigger-In:101	26	trial_start	salient	0	green	left	unaware	1	0
161.870	0.000	trigger_11	11	161870	Trigger-In:11	26	fixation_point_on	salient	0	green	left	unaware	1	0
162.470	0.000	trigger_21	21	162470	Trigger-In:21	26	grating_on	salient	0	green	left	unaware	1	0
162.520	0.000	trigger_20	20	162520	Trigger-In:20	26	grating_off	salient	0	green	left	unaware	1	0
163.125	0.000	trigger_31	31	163125	Trigger-In:31	26	targets_on_fp_color_change	salient	0	green	left	unaware	1	0
165.960	0.000	trigger_201	201	165960	Trigger-In:201	26	trial_end_completed	salient	0	green	left	unaware	1	0
167.040	0.000	trigger_101	101	167040	Trigger-In:101	27	trial_start	staircase	9	green	right	aware	1	0
167.145	0.000	trigger_11	11	167145	Trigger-In:11	27	fixation_point_on	staircase	9	green	right	aware	1	0
167.750	0.000	trigger_21	21	167750	Trigger-In:21	27	grating_on	staircase	9	green	right	aware	1	0
167.800	0.000	trigger_20	20	167800	Trigger-In:20	27	grating_off	staircase	9	green	right	aware	1	0
168.400	0.000	trigger_31	31	168400	Trigger-In:31	27	targets_on_fp_color_change	staircase	9	green	right	aware	1	0
170.190	0.000	trigger_201	201	170190	Trigger-In:201	27	trial_end_completed	staircase	9	green	right	aware	1	0
171.265	0.000	trigger_101	101	171265	Trigger-In:101	28	trial_start	staircase	8	red	right	unaware	1	0
171.370	0.000	trigger_11	11	171370	Trigger-In:11	28	fixation_point_on	staircase	8	red	right	unaware	1	0
171.975	0.000	trigger_21	21	171975	Trigger-In:21	28	grating_on	staircase	8	red	right	unaware	1	0
172.025	0.000	trigger_20	20	172025	Trigger-In:20	28	grating_off	staircase	8	red	right	unaware	1	0
172.625	0.000	trigger_31	31	172625	Trigger-In:31	28	targets_on_fp_color_change	staircase	8	red	right	unaware	1	0
174.775	0.000	trigger_201	201	174775	Trigger-In:201	28	trial_end_completed	staircase	8	red	right	unaware	1	0
175.855	0.000	trigger_101	101	175855	Trigger-In:101	29	trial_start	staircase	9	green	left	unaware	1	0
175.960	0.000	trigger_11	11	175960	Trigger-In:11	29	fixation_point_on	staircase	9	green	left	unaware	1	0
176.560	0.000	trigger_21	21	176560	Trigger-In:21	29	grating_on	staircase	9	green	left	unaware	1	0
176.610	0.000	trigger_20	20	176610	Trigger-In:20	29	grating_off	staircase	9	green	left	unaware	1	0
177.215	0.000	trigger_31	31	177215	Trigger-In:31	29	targets_on_fp_color_change	staircase	9	green	left	unaware	1	0
180.475	0.000	trigger_201	201	180475	Trigger-In:201	29	trial_end_completed	staircase	9	green	left	unaware	1	0
181.555	0.000	trigger_101	101	181555	Trigger-In:101	30	trial_start	staircase	10	green	right	aware	1	0
181.660	0.000	trigger_11	11	181660	Trigger-In:11	30	fixation_point_on	staircase	10	green	right	aware	1	0
182.260	0.000	trigger_21	21	182260	Trigger-In:21	30	grating_on	staircase	10	green	right	aware	1	0
182.310	0.000	trigger_20	20	182310	Trigger-In:20	30	grating_off	staircase	10	green	right	aware	1	0
182.910	0.000	trigger_31	31	182910	Trigger-In:31	30	targets_on_fp_color_change	staircase	10	green	right	aware	1	0
183.825	0.000	trigger_201	201	183825	Trigger-In:201	30	trial_end_completed	staircase	10	green	right	aware	1	0
184.900	0.000	trigger_101	101	184900	Trigger-In:101	31	trial_start	staircase	9	red	right	unaware	1	0
185.010	0.000	trigger_11	11	185010	Trigger-In:11	31	fixation_point_on	staircase	9	red	right	unaware	1	0
185.610	0.000	trigger_21	21	185610	Trigger-In:21	31	grating_on	staircase	9	red	right	unaware	1	0
185.660	0.000	trigger_20	20	185660	Trigger-In:20	31	grating_off	staircase	9	red	right	unaware	1	0
186.260	0.000	trigger_31	31	186260	Trigger-In:31	31	targets_on_fp_color_change	staircase	9	red	right	unaware	1	0
187.955	0.000	trigger_201	201	187955	Trigger-In:201	31	trial_end_completed	staircase	9	red	right	unaware	1	0
189.030	0.000	trigger_101	101	189030	Trigger-In:101	32	trial_start	staircase	10	green	right	aware	1	0
189.135	0.000	trigger_11	11	189135	Trigger-In:11	32	fixation_point_on	staircase	10	green	right	aware	1	0
189.735	0.000	trigger_21	21	189735	Trigger-In:21	32	grating_on	staircase	10	green	right	aware	1	0
189.785	0.000	trigger_20	20	189785	Trigger-In:20	32	grating_off	staircase	10	green	right	aware	1	0
190.385	0.000	trigger_31	31	190385	Trigger-In:31	32	targets_on_fp_color_change	staircase	10	green	right	aware	1	0
193.040	0.000	trigger_201	201	193040	Trigger-In:201	32	trial_end_completed	staircase	10	green	right	aware	1	0
194.120	0.000	trigger_101	101	194120	Trigger-In:101	33	trial_start	salient	0	red	right	unaware	1	0
194.230	0.000	trigger_11	11	194230	Trigger-In:11	33	fixation_point_on	salient	0	red	right	unaware	1	0
194.830	0.000	trigger_21	21	194830	Trigger-In:21	33	grating_on	salient	0	red	right	unaware	1	0
194.880	0.000	trigger_20	20	194880	Trigger-In:20	33	grating_off	salient	0	red	right	unaware	1	0
195.480	0.000	trigger_31	31	195480	Trigger-In:31	33	targets_on_fp_color_change	salient	0	red	right	unaware	1	0
197.330	0.000	trigger_201	201	197330	Trigger-In:201	33	trial_end_completed	salient	0	red	right	unaware	1	0
198.410	0.000	trigger_101	101	198410	Trigger-In:101	34	trial_start	staircase	9	red	right	unaware	1	0
198.510	0.000	trigger_11	11	198510	Trigger-In:11	34	fixation_point_on	staircase	9	red	right	unaware	1	0
199.110	0.000	trigger_21	21	199110	Trigger-In:21	34	grating_on	staircase	9	red	right	unaware	1	0
199.165	0.000	trigger_20	20	199165	Trigger-In:20	34	grating_off	staircase	9	red	right	unaware	1	0
199.765	0.000	trigger_31	31	199765	Trigger-In:31	34	targets_on_fp_color_change	staircase	9	red	right	unaware	1	0
203.580	0.000	trigger_201	201	203580	Trigger-In:201	34	trial_end_completed	staircase	9	red	right	unaware	1	0
204.660	0.000	trigger_101	101	204660	Trigger-In:101	35	trial_start	salient	0	red	right	unaware	1	0
204.765	0.000	trigger_11	11	204765	Trigger-In:11	35	fixation_point_on	salient	0	red	right	unaware	1	0
205.365	0.000	trigger_21	21	205365	Trigger-In:21	35	grating_on	salient	0	red	right	unaware	1	0
205.415	0.000	trigger_20	20	205415	Trigger-In:20	35	grating_off	salient	0	red	right	unaware	1	0
206.020	0.000	trigger_31	31	206020	Trigger-In:31	35	targets_on_fp_color_change	salient	0	red	right	unaware	1	0
207.205	0.000	trigger_201	201	207205	Trigger-In:201	35	trial_end_completed	salient	0	red	right	unaware	1	0
208.280	0.000	trigger_101	101	208280	Trigger-In:101	36	trial_start	staircase	10	red	right	unaware	1	0
208.390	0.000	trigger_11	11	208390	Trigger-In:11	36	fixation_point_on	staircase	10	red	right	unaware	1	0
208.990	0.000	trigger_21	21	208990	Trigger-In:21	36	grating_on	staircase	10	red	right	unaware	1	0
209.040	0.000	trigger_20	20	209040	Trigger-In:20	36	grating_off	staircase	10	red	right	unaware	1	0
209.640	0.000	trigger_31	31	209640	Trigger-In:31	36	targets_on_fp_color_change	staircase	10	red	right	unaware	1	0
210.920	0.000	trigger_201	201	210920	Trigger-In:201	36	trial_end_completed	staircase	10	red	right	unaware	1	0
212.000	0.000	trigger_101	101	212000	Trigger-In:101	37	trial_start	absent	70	red	left	aware	1	0
212.100	0.000	trigger_11	11	212100	Trigger-In:11	37	fixation_point_on	absent	70	red	left	aware	1	0
212.700	0.000	trigger_21	21	212700	Trigger-In:21	37	grating_on	absent	70	red	left	aware	1	0
212.750	0.000	trigger_20	20	212750	Trigger-In:20	37	grating_off	absent	70	red	left	aware	1	0
213.355	0.000	trigger_31	31	213355	Trigger-In:31	37	targets_on_fp_color_change	absent	70	red	left	aware	1	0
214.305	0.000	trigger_201	201	214305	Trigger-In:201	37	trial_end_completed	absent	70	red	left	aware	1	0
215.385	0.000	trigger_101	101	215385	Trigger-In:101	38	trial_start	staircase	11	green	right	aware	1	0
215.485	0.000	trigger_11	11	215485	Trigger-In:11	38	fixation_point_on	staircase	11	green	right	aware	1	0
216.085	0.000	trigger_21	21	216085	Trigger-In:21	38	grating_on	staircase	11	green	right	aware	1	0
216.135	0.000	trigger_20	20	216135	Trigger-In:20	38	grating_off	staircase	11	green	right	aware	1	0
216.740	0.000	trigger_31	31	216740	Trigger-In:31	38	targets_on_fp_color_change	staircase	11	green	right	aware	1	0
218.060	0.000	trigger_201	201	218060	Trigger-In:201	38	trial_end_completed	staircase	11	green	right	aware	1	0
219.135	0.000	trigger_101	101	219135	Trigger-In:101	39	trial_start	staircase	10	red	right	unaware	1	0
219.240	0.000	trigger_11	11	219240	Trigger-In:11	39	fixation_point_on	staircase	10	red	right	unaware	1	0
219.840	0.000	trigger_21	21	219840	Trigger-In:21	39	grating_on	staircase	10	red	right	unaware	1	0
219.890	0.000	trigger_20	20	219890	Trigger-In:20	39	grating_off	staircase	10	red	right	unaware	1	0
220.490	0.000	trigger_31	31	220490	Trigger-In:31	39	targets_on_fp_color_change	staircase	10	red	right	unaware	1	0
223.235	0.000	trigger_201	201	223235	Trigger-In:201	39	trial_end_completed	staircase	10	red	right	unaware	1	0
224.315	0.000	trigger_101	101	224315	Trigger-In:101	40	trial_start	staircase	11	red	left	aware	1	0
224.425	0.000	trigger_11	11	224425	Trigger-In:11	40	fixation_point_on	staircase	11	red	left	aware	1	0
225.025	0.000	trigger_21	21	225025	Trigger-In:21	40	grating_on	staircase	11	red	left	aware	1	0
225.075	0.000	trigger_20	20	225075	Trigger-In:20	40	grating_off	staircase	11	red	left	aware	1	0
225.675	0.000	trigger_31	31	225675	Trigger-In:31	40	targets_on_fp_color_change	staircase	11	red	left	aware	1	0
226.605	0.000	trigger_201	201	226605	Trigger-In:201	40	trial_end_completed	staircase	11	red	left	aware	1	0
227.685	0.000	trigger_101	101	227685	Trigger-In:101	41	trial_start	staircase	10	red	left	aware	1	0
227.790	0.000	trigger_11	11	227790	Trigger-In:11	41	fixation_point_on	staircase	10	red	left	aware	1	0
228.390	0.000	trigger_21	21	228390	Trigger-In:21	41	grating_on	staircase	10	red	left	aware	1	0
228.440	0.000	trigger_20	20	228440	Trigger-In:20	41	grating_off	staircase	10	red	left	aware	1	0
229.045	0.000	trigger_31	31	229045	Trigger-In:31	41	targets_on_fp_color_change	staircase	10	red	left	aware	1	0
230.125	0.000	trigger_201	201	230125	Trigger-In:201	41	trial_end_completed	staircase	10	red	left	aware	1	0
231.205	0.000	trigger_101	101	231205	Trigger-In:101	42	trial_start	staircase	9	green	right	aware	1	0
231.310	0.000	trigger_11	11	231310	Trigger-In:11	42	fixation_point_on	staircase	9	green	right	aware	1	0
231.910	0.000	trigger_21	21	231910	Trigger-In:21	42	grating_on	staircase	9	green	right	aware	1	0
231.960	0.000	trigger_20	20	231960	Trigger-In:20	42	grating_off	staircase	9	green	right	aware	1	0
232.560	0.000	trigger_31	31	232560	Trigger-In:31	42	targets_on_fp_color_change	staircase	9	green	right	aware	1	0
235.495	0.000	trigger_201	201	235495	Trigger-In:201	42	trial_end_completed	staircase	9	green	right	aware	1	0
236.580	0.000	trigger_101	101	236580	Trigger-In:101	43	trial_start	staircase	8	red	left	aware	1	0
236.685	0.000	trigger_11	11	236685	Trigger-In:11	43	fixation_point_on	staircase	8	red	left	aware	1	0
237.285	0.000	trigger_21	21	237285	Trigger-In:21	43	grating_on	staircase	8	red	left	aware	1	0
237.335	0.000	trigger_20	20	237335	Trigger-In:20	43	grating_off	staircase	8	red	left	aware	1	0
237.935	0.000	trigger_31	31	237935	Trigger-In:31	43	targets_on_fp_color_change	staircase	8	red	left	aware	1	0
239.370	0.000	trigger_201	201	239370	Trigger-In:201	43	trial_end_completed	staircase	8	red	left	aware	1	0
240.450	0.000	trigger_101	101	240450	Trigger-In:101	44	trial_start	staircase	7	green	left	unaware	1	0
240.555	0.000	trigger_11	11	240555	Trigger-In:11	44	fixation_point_on	staircase	7	green	left	unaware	1	0
241.155	0.000	trigger_21	21	241155	Trigger-In:21	44	grating_on	staircase	7	green	left	unaware	1	0
241.205	0.000	trigger_20	20	241205	Trigger-In:20	44	grating_off	staircase	7	green	left	unaware	1	0
241.805	0.000	trigger_31	31	241805	Trigger-In:31	44	targets_on_fp_color_change	staircase	7	green	left	unaware	1	0
243.285	0.000	trigger_201	201	243285	Trigger-In:201	44	trial_end_completed	staircase	7	green	left	unaware	1	0
244.365	0.000	trigger_101	101	244365	Trigger-In:101	45	trial_start	absent	70	green	right	aware	1	0
244.465	0.000	trigger_11	11	244465	Trigger-In:11	45	fixation_point_on	absent	70	green	right	aware	1	0
245.065	0.000	trigger_21	21	245065	Trigger-In:21	45	grating_on	absent	70	green	right	aware	1	0
245.115	0.000	trigger_20	20	245115	Trigger-In:20	45	grating_off	absent	70	green	right	aware	1	0
245.715	0.000	trigger_31	31	245715	Trigger-In:31	45	targets_on_fp_color_change	absent	70	green	right	aware	1	0
246.905	0.000	trigger_201	201	246905	Trigger-In:201	45	trial_end_completed	absent	70	green	right	aware	1	0
247.980	0.000	trigger_101	101	247980	Trigger-In:101	46	trial_start	staircase	8	red	right	unaware	1	0
248.375	0.000	trigger_11	11	248375	Trigger-In:11	46	fixation_point_on	staircase	8	red	right	unaware	1	0
248.975	0.000	trigger_21	21	248975	Trigger-In:21	46	grating_on	staircase	8	red	right	unaware	1	0
249.025	0.000	trigger_20	20	249025	Trigger-In:20	46	grating_off	staircase	8	red	right	unaware	1	0
249.630	0.000	trigger_31	31	249630	Trigger-In:31	46	targets_on_fp_color_change	staircase	8	red	right	unaware	1	0
251.760	0.000	trigger_201	201	251760	Trigger-In:201	46	trial_end_completed	staircase	8	red	right	unaware	1	0
252.840	0.000	trigger_101	101	252840	Trigger-In:101	47	trial_start	staircase	9	green	right	aware	1	0
253.135	0.000	trigger_11	11	253135	Trigger-In:11	47	fixation_point_on	staircase	9	green	right	aware	1	0
253.735	0.000	trigger_21	21	253735	Trigger-In:21	47	grating_on	staircase	9	green	right	aware	1	0
253.785	0.000	trigger_20	20	253785	Trigger-In:20	47	grating_off	staircase	9	green	right	aware	1	0
254.385	0.000	trigger_31	31	254385	Trigger-In:31	47	targets_on_fp_color_change	staircase	9	green	right	aware	1	0
255.595	0.000	trigger_201	201	255595	Trigger-In:201	47	trial_end_completed	staircase	9	green	right	aware	1	0
256.675	0.000	trigger_101	101	256675	Trigger-In:101	48	trial_start	salient	0	green	left	unaware	1	0
256.780	0.000	trigger_11	11	256780	Trigger-In:11	48	fixation_point_on	salient	0	green	left	unaware	1	0
257.385	0.000	trigger_21	21	257385	Trigger-In:21	48	grating_on	salient	0	green	left	unaware	1	0
257.440	0.000	trigger_20	20	257440	Trigger-In:20	48	grating_off	salient	0	green	left	unaware	1	0
258.040	0.000	trigger_31	31	258040	Trigger-In:31	48	targets_on_fp_color_change	salient	0	green	left	unaware	1	0
261.725	0.000	trigger_201	201	261725	Trigger-In:201	48	trial_end_completed	salient	0	green	left	unaware	1	0
262.805	0.000	trigger_101	101	262805	Trigger-In:101	49	trial_start	salient	0	green	left	unaware	1	0
262.910	0.000	trigger_11	11	262910	Trigger-In:11	49	fixation_point_on	salient	0	green	left	unaware	1	0
263.510	0.000	trigger_21	21	263510	Trigger-In:21	49	grating_on	salient	0	green	left	unaware	1	0
263.560	0.000	trigger_20	20	263560	Trigger-In:20	49	grating_off	salient	0	green	left	unaware	1	0
264.160	0.000	trigger_31	31	264160	Trigger-In:31	49	targets_on_fp_color_change	salient	0	green	left	unaware	1	0
266.860	0.000	trigger_201	201	266860	Trigger-In:201	49	trial_end_completed	salient	0	green	left	unaware	1	0
267.940	0.000	trigger_101	101	267940	Trigger-In:101	50	trial_start	staircase	8	green	left	unaware	1	0
268.045	0.000	trigger_11	11	268045	Trigger-In:11	50	fixation_point_on	staircase	8	green	left	unaware	1	0
268.645	0.000	trigger_21	21	268645	Trigger-In:21	50	grating_on	staircase	8	green	left	unaware	1	0
268.695	0.000	trigger_20	20	268695	Trigger-In:20	50	grating_off	staircase	8	green	left	unaware	1	0
269.295	0.000	trigger_31	31	269295	Trigger-In:31	50	targets_on_fp_color_change	staircase	8	green	left	unaware	1	0
271.780	0.000	trigger_201	201	271780	Trigger-In:201	50	trial_end_completed	staircase	8	green	left	unaware	1	0
272.860	0.000	trigger_101	101	272860	Trigger-In:101	51	trial_start	salient	0	green	left	unaware	1	0
272.965	0.000	trigger_11	11	272965	Trigger-In:11	51	fixation_point_on	salient	0	green	left	unaware	1	0
273.565	0.000	trigger_21	21	273565	Trigger-In:21	51	grating_on	salient	0	green	left	unaware	1	0
273.615	0.000	trigger_20	20	273615	Trigger-In:20	51	grating_off	salient	0	green	left	unaware	1	0
274.220	0.000	trigger_31	31	274220	Trigger-In:31	51	targets_on_fp_color_change	salient	0	green	left	unaware	1	0
275.470	0.000	trigger_201	201	275470	Trigger-In:201	51	trial_end_completed	salient	0	green	left	unaware	1	0
276.550	0.000	trigger_101	101	276550	Trigger-In:101	52	trial_start	staircase	9	red	left	aware	1	0
276.655	0.000	trigger_11	11	276655	Trigger-In:11	52	fixation_point_on	staircase	9	red	left	aware	1	0
277.255	0.000	trigger_21	21	277255	Trigger-In:21	52	grating_on	staircase	9	red	left	aware	1	0
277.305	0.000	trigger_20	20	277305	Trigger-In:20	52	grating_off	staircase	9	red	left	aware	1	0
277.905	0.000	trigger_31	31	277905	Trigger-In:31	52	targets_on_fp_color_change	staircase	9	red	left	aware	1	0
279.045	0.000	trigger_201	201	279045	Trigger-In:201	52	trial_end_completed	staircase	9	red	left	aware	1	0
280.125	0.000	trigger_101	101	280125	Trigger-In:101	53	trial_start	staircase	8	red	left	aware	1	0
280.230	0.000	trigger_11	11	280230	Trigger-In:11	53	fixation_point_on	staircase	8	red	left	aware	1	0
280.830	0.000	trigger_21	21	280830	Trigger-In:21	53	grating_on	staircase	8	red	left	aware	1	0
280.885	0.000	trigger_20	20	280885	Trigger-In:20	53	grating_off	staircase	8	red	left	aware	1	0
281.485	0.000	trigger_31	31	281485	Trigger-In:31	53	targets_on_fp_color_change	staircase	8	red	left	aware	1	0
284.695	0.000	trigger_201	201	284695	Trigger-In:201	53	trial_end_completed	staircase	8	red	left	aware	1	0
285.775	0.000	trigger_101	101	285775	Trigger-In:101	54	trial_start	staircase	7	red	right	unaware	1	0
285.880	0.000	trigger_11	11	285880	Trigger-In:11	54	fixation_point_on	staircase	7	red	right	unaware	1	0
286.485	0.000	trigger_21	21	286485	Trigger-In:21	54	grating_on	staircase	7	red	right	unaware	1	0
286.535	0.000	trigger_20	20	286535	Trigger-In:20	54	grating_off	staircase	7	red	right	unaware	1	0
287.135	0.000	trigger_31	31	287135	Trigger-In:31	54	targets_on_fp_color_change	staircase	7	red	right	unaware	1	0
288.140	0.000	trigger_201	201	288140	Trigger-In:201	54	trial_end_completed	staircase	7	red	right	unaware	1	0
289.215	0.000	trigger_101	101	289215	Trigger-In:101	55	trial_start	staircase	8	green	left	unaware	1	0
289.325	0.000	trigger_11	11	289325	Trigger-In:11	55	fixation_point_on	staircase	8	green	left	unaware	1	0
289.925	0.000	trigger_21	21	289925	Trigger-In:21	55	grating_on	staircase	8	green	left	unaware	1	0
289.975	0.000	trigger_20	20	289975	Trigger-In:20	55	grating_off	staircase	8	green	left	unaware	1	0
290.575	0.000	trigger_31	31	290575	Trigger-In:31	55	targets_on_fp_color_change	staircase	8	green	left	unaware	1	0
292.360	0.000	trigger_201	201	292360	Trigger-In:201	55	trial_end_completed	staircase	8	green	left	unaware	1	0
293.440	0.000	trigger_101	101	293440	Trigger-In:101	56	trial_start	staircase	9	red	right	unaware	1	0
293.805	0.000	trigger_11	11	293805	Trigger-In:11	56	fixation_point_on	staircase	9	red	right	unaware	1	0
294.405	0.000	trigger_21	21	294405	Trigger-In:21	56	grating_on	staircase	9	red	right	unaware	1	0
294.455	0.000	trigger_20	20	294455	Trigger-In:20	56	grating_off	staircase	9	red	right	unaware	1	0
295.055	0.000	trigger_31	31	295055	Trigger-In:31	56	targets_on_fp_color_change	staircase	9	red	right	unaware	1	0
297.685	0.000	trigger_201	201	297685	Trigger-In:201	56	trial_end_completed	staircase	9	red	right	unaware	1	0
298.765	0.000	trigger_101	101	298765	Trigger-In:101	57	trial_start	staircase	10	green	right	aware	1	0
298.870	0.000	trigger_11	11	298870	Trigger-In:11	57	fixation_point_on	staircase	10	green	right	aware	1	0
299.470	0.000	trigger_21	21	299470	Trigger-In:21	57	grating_on	staircase	10	green	right	aware	1	0
299.520	0.000	trigger_20	20	299520	Trigger-In:20	57	grating_off	staircase	10	green	right	aware	1	0
300.120	0.000	trigger_31	31	300120	Trigger-In:31	57	targets_on_fp_color_change	staircase	10	green	right	aware	1	0
301.960	0.000	trigger_201	201	301960	Trigger-In:201	57	trial_end_completed	staircase	10	green	right	aware	1	0
303.040	0.000	trigger_101	101	303040	Trigger-In:101	58	trial_start	absent	70	green	right	aware	1	0
303.145	0.000	trigger_11	11	303145	Trigger-In:11	58	fixation_point_on	absent	70	green	right	aware	1	0
303.745	0.000	trigger_21	21	303745	Trigger-In:21	58	grating_on	absent	70	green	right	aware	1	0
303.795	0.000	trigger_20	20	303795	Trigger-In:20	58	grating_off	absent	70	green	right	aware	1	0
304.395	0.000	trigger_31	31	304395	Trigger-In:31	58	targets_on_fp_color_change	absent	70	green	right	aware	1	0
305.495	0.000	trigger_201	201	305495	Trigger-In:201	58	trial_end_completed	absent	70	green	right	aware	1	0
306.575	0.000	trigger_101	101	306575	Trigger-In:101	59	trial_start	staircase	9	green	right	aware	1	0
306.675	0.000	trigger_11	11	306675	Trigger-In:11	59	fixation_point_on	staircase	9	green	right	aware	1	0
307.275	0.000	trigger_21	21	307275	Trigger-In:21	59	grating_on	staircase	9	green	right	aware	1	0
307.325	0.000	trigger_20	20	307325	Trigger-In:20	59	grating_off	staircase	9	green	right	aware	1	0
307.925	0.000	trigger_31	31	307925	Trigger-In:31	59	targets_on_fp_color_change	staircase	9	green	right	aware	1	0
312.135	0.000	trigger_201	201	312135	Trigger-In:201	59	trial_end_completed	staircase	9	green	right	aware	1	0
313.220	0.000	trigger_101	101	313220	Trigger-In:101	60	trial_start	salient	0	green	left	unaware	1	0
313.325	0.000	trigger_11	11	313325	Trigger-In:11	60	fixation_point_on	salient	0	green	left	unaware	1	0
313.925	0.000	trigger_21	21	313925	Trigger-In:21	60	grating_on	salient	0	green	left	unaware	1	0
313.975	0.000	trigger_20	20	313975	Trigger-In:20	60	grating_off	salient	0	green	left	unaware	1	0
314.575	0.000	trigger_31	31	314575	Trigger-In:31	60	targets_on_fp_color_change	salient	0	green	left	unaware	1	0
315.765	0.000	trigger_201	201	315765	Trigger-In:201	60	trial_end_completed	salient	0	green	left	unaware	1	0
316.845	0.000	trigger_101	101	316845	Trigger-In:101	61	trial_start	staircase	8	red	right	unaware	1	0
316.945	0.000	trigger_11	11	316945	Trigger-In:11	61	fixation_point_on	staircase	8	red	right	unaware	1	0
317.550	0.000	trigger_21	21	317550	Trigger-In:21	61	grating_on	staircase	8	red	right	unaware	1	0
317.600	0.000	trigger_20	20	317600	Trigger-In:20	61	grating_off	staircase	8	red	right	unaware	1	0
318.200	0.000	trigger_31	31	318200	Trigger-In:31	61	targets_on_fp_color_change	staircase	8	red	right	unaware	1	0
319.925	0.000	trigger_201	201	319925	Trigger-In:201	61	trial_end_completed	staircase	8	red	right	unaware	1	0
321.000	0.000	trigger_101	101	321000	Trigger-In:101	62	trial_start	absent	70	green	right	aware	1	0
321.110	0.000	trigger_11	11	321110	Trigger-In:11	62	fixation_point_on	absent	70	green	right	aware	1	0
321.710	0.000	trigger_21	21	321710	Trigger-In:21	62	grating_on	absent	70	green	right	aware	1	0
321.760	0.000	trigger_20	20	321760	Trigger-In:20	62	grating_off	absent	70	green	right	aware	1	0
322.360	0.000	trigger_31	31	322360	Trigger-In:31	62	targets_on_fp_color_change	absent	70	green	right	aware	1	0
323.220	0.000	trigger_201	201	323220	Trigger-In:201	62	trial_end_completed	absent	70	green	right	aware	1	0
324.300	0.000	trigger_101	101	324300	Trigger-In:101	63	trial_start	staircase	9	red	right	unaware	1	0
324.405	0.000	trigger_11	11	324405	Trigger-In:11	63	fixation_point_on	staircase	9	red	right	unaware	1	0
325.005	0.000	trigger_21	21	325005	Trigger-In:21	63	grating_on	staircase	9	red	right	unaware	1	0
325.055	0.000	trigger_20	20	325055	Trigger-In:20	63	grating_off	staircase	9	red	right	unaware	1	0
325.655	0.000	trigger_31	31	325655	Trigger-In:31	63	targets_on_fp_color_change	staircase	9	red	right	unaware	1	0
329.925	0.000	trigger_201	201	329925	Trigger-In:201	63	trial_end_completed	staircase	9	red	right	unaware	1	0
331.010	0.000	trigger_101	101	331010	Trigger-In:101	64	trial_start	staircase	10	red	left	aware	1	0
331.115	0.000	trigger_11	11	331115	Trigger-In:11	64	fixation_point_on	staircase	10	red	left	aware	1	0
331.715	0.000	trigger_21	21	331715	Trigger-In:21	64	grating_on	staircase	10	red	left	aware	1	0
331.765	0.000	trigger_20	20	331765	Trigger-In:20	64	grating_off	staircase	10	red	left	aware	1	0
332.365	0.000	trigger_31	31	332365	Trigger-In:31	64	targets_on_fp_color_change	staircase	10	red	left	aware	1	0
334.895	0.000	trigger_201	201	334895	Trigger-In:201	64	trial_end_completed	staircase	10	red	left	aware	1	0
335.975	0.000	trigger_101	101	335975	Trigger-In:101	65	trial_start	staircase	9	green	right	aware	1	0
336.080	0.000	trigger_11	11	336080	Trigger-In:11	65	fixation_point_on	staircase	9	green	right	aware	1	0
336.680	0.000	trigger_21	21	336680	Trigger-In:21	65	grating_on	staircase	9	green	right	aware	1	0
336.730	0.000	trigger_20	20	336730	Trigger-In:20	65	grating_off	staircase	9	green	right	aware	1	0
337.330	0.000	trigger_31	31	337330	Trigger-In:31	65	targets_on_fp_color_change	staircase	9	green	right	aware	1	0
338.280	0.000	trigger_201	201	338280	Trigger-In:201	65	trial_end_completed	staircase	9	green	right	aware	1	0
339.360	0.000	trigger_101	101	339360	Trigger-In:101	66	trial_start	staircase	8	red	right	unaware	1	0
339.495	0.000	trigger_11	11	339495	Trigger-In:11	66	fixation_point_on	staircase	8	red	right	unaware	1	0
340.095	0.000	trigger_21	21	340095	Trigger-In:21	66	grating_on	staircase	8	red	right	unaware	1	0
340.145	0.000	trigger_20	20	340145	Trigger-In:20	66	grating_off	staircase	8	red	right	unaware	1	0
340.745	0.000	trigger_31	31	340745	Trigger-In:31	66	targets_on_fp_color_change	staircase	8	red	right	unaware	1	0
344.170	0.000	trigger_201	201	344170	Trigger-In:201	66	trial_end_completed	staircase	8	red	right	unaware	1	0
345.255	0.000	trigger_101	101	345255	Trigger-In:101	67	trial_start	staircase	9	red	right	unaware	1	0
345.355	0.000	trigger_11	11	345355	Trigger-In:11	67	fixation_point_on	staircase	9	red	right	unaware	1	0
345.955	0.000	trigger_21	21	345955	Trigger-In:21	67	grating_on	staircase	9	red	right	unaware	1	0
346.005	0.000	trigger_20	20	346005	Trigger-In:20	67	grating_off	staircase	9	red	right	unaware	1	0
346.610	0.000	trigger_31	31	346610	Trigger-In:31	67	targets_on_fp_color_change	staircase	9	red	right	unaware	1	0
350.165	0.000	trigger_201	201	350165	Trigger-In:201	67	trial_end_completed	staircase	9	red	right	unaware	1	0
351.250	0.000	trigger_101	101	351250	Trigger-In:101	68	trial_start	staircase	10	green	left	unaware	1	0
351.355	0.000	trigger_11	11	351355	Trigger-In:11	68	fixation_point_on	staircase	10	green	left	unaware	1	0
351.955	0.000	trigger_21	21	351955	Trigger-In:21	68	grating_on	staircase	10	green	left	unaware	1	0
352.005	0.000	trigger_20	20	352005	Trigger-In:20	68	grating_off	staircase	10	green	left	unaware	1	0
352.605	0.000	trigger_31	31	352605	Trigger-In:31	68	targets_on_fp_color_change	staircase	10	green	left	unaware	1	0
354.130	0.000	trigger_201	201	354130	Trigger-In:201	68	trial_end_completed	staircase	10	green	left	unaware	1	0
355.205	0.000	trigger_101	101	355205	Trigger-In:101	69	trial_start	staircase	11	green	right	aware	1	0
355.310	0.000	trigger_11	11	355310	Trigger-In:11	69	fixation_point_on	staircase	11	green	right	aware	1	0
355.910	0.000	trigger_21	21	355910	Trigger-In:21	69	grating_on	staircase	11	green	right	aware	1	0
355.960	0.000	trigger_20	20	355960	Trigger-In:20	69	grating_off	staircase	11	green	right	aware	1	0
356.560	0.000	trigger_31	31	356560	Trigger-In:31	69	targets_on_fp_color_change	staircase	11	green	right	aware	1	0
358.700	0.000	trigger_201	201	358700	Trigger-In:201	69	trial_end_completed	staircase	11	green	right	aware	1	0
359.780	0.000	trigger_101	101	359780	Trigger-In:101	70	trial_start	staircase	10	red	right	unaware	1	0
359.885	0.000	trigger_11	11	359885	Trigger-In:11	70	fixation_point_on	staircase	10	red	right	unaware	1	0
360.485	0.000	trigger_21	21	360485	Trigger-In:21	70	grating_on	staircase	10	red	right	unaware	1	0
360.535	0.000	trigger_20	20	360535	Trigger-In:20	70	grating_off	staircase	10	red	right	unaware	1	0
361.135	0.000	trigger_31	31	361135	Trigger-In:31	70	targets_on_fp_color_change	staircase	10	red	right	unaware	1	0
363.525	0.000	trigger_201	201	363525	Trigger-In:201	70	trial_end_completed	staircase	10	red	right	unaware	1	0
364.605	0.000	trigger_101	101	364605	Trigger-In:101	71	trial_start	staircase	11	green	right	aware	1	0
364.715	0.000	trigger_11	11	364715	Trigger-In:11	71	fixation_point_on	staircase	11	green	right	aware	1	0
365.315	0.000	trigger_21	21	365315	Trigger-In:21	71	grating_on	staircase	11	green	right	aware	1	0
365.365	0.000	trigger_20	20	365365	Trigger-In:20	71	grating_off	staircase	11	green	right	aware	1	0
365.965	0.000	trigger_31	31	365965	Trigger-In:31	71	targets_on_fp_color_change	staircase	11	green	right	aware	1	0
366.810	0.000	trigger_201	201	366810	Trigger-In:201	71	trial_end_completed	staircase	11	green	right	aware	1	0
367.890	0.000	trigger_101	101	367890	Trigger-In:101	72	trial_start	staircase	10	red	left	aware	1	0
367.990	0.000	trigger_11	11	367990	Trigger-In:11	72	fixation_point_on	staircase	10	red	left	aware	1	0
368.590	0.000	trigger_21	21	368590	Trigger-In:21	72	grating_on	staircase	10	red	left	aware	1	0
368.645	0.000	trigger_20	20	368645	Trigger-In:20	72	grating_off	staircase	10	red	left	aware	1	0
369.245	0.000	trigger_31	31	369245	Trigger-In:31	72	targets_on_fp_color_change	staircase	10	red	left	aware	1	0
371.385	0.000	trigger_201	201	371385	Trigger-In:201	72	trial_end_completed	staircase	10	red	left	aware	1	0
372.465	0.000	trigger_101	101	372465	Trigger-In:101	73	trial_start	staircase	9	red	right	unaware	1	0
372.570	0.000	trigger_11	11	372570	Trigger-In:11	73	fixation_point_on	staircase	9	red	right	unaware	1	0
373.170	0.000	trigger_21	21	373170	Trigger-In:21	73	grating_on	staircase	9	red	right	unaware	1	0
373.220	0.000	trigger_20	20	373220	Trigger-In:20	73	grating_off	staircase	9	red	right	unaware	1	0
373.820	0.000	trigger_31	31	373820	Trigger-In:31	73	targets_on_fp_color_change	staircase	9	red	right	unaware	1	0
376.425	0.000	trigger_201	201	376425	Trigger-In:201	73	trial_end_completed	staircase	9	red	right	unaware	1	0
377.505	0.000	trigger_101	101	377505	Trigger-In:101	74	trial_start	salient	0	green	left	unaware	1	0
377.615	0.000	trigger_11	11	377615	Trigger-In:11	74	fixation_point_on	salient	0	green	left	unaware	1	0
378.215	0.000	trigger_21	21	378215	Trigger-In:21	74	grating_on	salient	0	green	left	unaware	1	0
378.265	0.000	trigger_20	20	378265	Trigger-In:20	74	grating_off	salient	0	green	left	unaware	1	0
378.865	0.000	trigger_31	31	378865	Trigger-In:31	74	targets_on_fp_color_change	salient	0	green	left	unaware	1	0
380.475	0.000	trigger_201	201	380475	Trigger-In:201	74	trial_end_completed	salient	0	green	left	unaware	1	0
381.555	0.000	trigger_101	101	381555	Trigger-In:101	75	trial_start	salient	0	green	left	unaware	1	0
381.660	0.000	trigger_11	11	381660	Trigger-In:11	75	fixation_point_on	salient	0	green	left	unaware	1	0
382.260	0.000	trigger_21	21	382260	Trigger-In:21	75	grating_on	salient	0	green	left	unaware	1	0
382.315	0.000	trigger_20	20	382315	Trigger-In:20	75	grating_off	salient	0	green	left	unaware	1	0
382.915	0.000	trigger_31	31	382915	Trigger-In:31	75	targets_on_fp_color_change	salient	0	green	left	unaware	1	0
384.815	0.000	trigger_201	201	384815	Trigger-In:201	75	trial_end_completed	salient	0	green	left	unaware	1	0
385.895	0.000	trigger_101	101	385895	Trigger-In:101	76	trial_start	absent	70	red	left	aware	1	0
386.005	0.000	trigger_11	11	386005	Trigger-In:11	76	fixation_point_on	absent	70	red	left	aware	1	0
386.605	0.000	trigger_21	21	386605	Trigger-In:21	76	grating_on	absent	70	red	left	aware	1	0
386.655	0.000	trigger_20	20	386655	Trigger-In:20	76	grating_off	absent	70	red	left	aware	1	0
387.255	0.000	trigger_31	31	387255	Trigger-In:31	76	targets_on_fp_color_change	absent	70	red	left	aware	1	0
389.080	0.000	trigger_201	201	389080	Trigger-In:201	76	trial_end_completed	absent	70	red	left	aware	1	0
390.160	0.000	trigger_101	101	390160	Trigger-In:101	77	trial_start	staircase	10	green	left	unaware	1	0
390.260	0.000	trigger_11	11	390260	Trigger-In:11	77	fixation_point_on	staircase	10	green	left	unaware	1	0
390.865	0.000	trigger_21	21	390865	Trigger-In:21	77	grating_on	staircase	10	green	left	unaware	1	0
390.915	0.000	trigger_20	20	390915	Trigger-In:20	77	grating_off	staircase	10	green	left	unaware	1	0
391.515	0.000	trigger_31	31	391515	Trigger-In:31	77	targets_on_fp_color_change	staircase	10	green	left	unaware	1	0
394.500	0.000	trigger_201	201	394500	Trigger-In:201	77	trial_end_completed	staircase	10	green	left	unaware	1	0
395.580	0.000	trigger_101	101	395580	Trigger-In:101	78	trial_start	salient	0	green	left	unaware	1	0
395.685	0.000	trigger_11	11	395685	Trigger-In:11	78	fixation_point_on	salient	0	green	left	unaware	1	0
396.285	0.000	trigger_21	21	396285	Trigger-In:21	78	grating_on	salient	0	green	left	unaware	1	0
396.340	0.000	trigger_20	20	396340	Trigger-In:20	78	grating_off	salient	0	green	left	unaware	1	0
396.940	0.000	trigger_31	31	396940	Trigger-In:31	78	targets_on_fp_color_change	salient	0	green	left	unaware	1	0
398.670	0.000	trigger_201	201	398670	Trigger-In:201	78	trial_end_completed	salient	0	green	left	unaware	1	0
399.750	0.000	trigger_101	101	399750	Trigger-In:101	79	trial_start	staircase	11	red	right	unaware	1	0
399.855	0.000	trigger_11	11	399855	Trigger-In:11	79	fixation_point_on	staircase	11	red	right	unaware	1	0
400.455	0.000	trigger_21	21	400455	Trigger-In:21	79	grating_on	staircase	11	red	right	unaware	1	0
400.505	0.000	trigger_20	20	400505	Trigger-In:20	79	grating_off	staircase	11	red	right	unaware	1	0
401.105	0.000	trigger_31	31	401105	Trigger-In:31	79	targets_on_fp_color_change	staircase	11	red	right	unaware	1	0
404.635	0.000	trigger_201	201	404635	Trigger-In:201	79	trial_end_completed	staircase	11	red	right	unaware	1	0
405.715	0.000	trigger_101	101	405715	Trigger-In:101	80	trial_start	salient	0	green	left	unaware	1	0
405.820	0.000	trigger_11	11	405820	Trigger-In:11	80	fixation_point_on	salient	0	green	left	unaware	1	0
406.425	0.000	trigger_21	21	406425	Trigger-In:21	80	grating_on	salient	0	green	left	unaware	1	0
406.475	0.000	trigger_20	20	406475	Trigger-In:20	80	grating_off	salient	0	green	left	unaware	1	0
407.075	0.000	trigger_31	31	407075	Trigger-In:31	80	targets_on_fp_color_change	salient	0	green	left	unaware	1	0
408.315	0.000	trigger_201	201	408315	Trigger-In:201	80	trial_end_completed	salient	0	green	left	unaware	1	0
409.390	0.000	trigger_101	101	409390	Trigger-In:101	81	trial_start	staircase	12	green	right	aware	1	0
409.500	0.000	trigger_11	11	409500	Trigger-In:11	81	fixation_point_on	staircase	12	green	right	aware	1	0
410.100	0.000	trigger_21	21	410100	Trigger-In:21	81	grating_on	staircase	12	green	right	aware	1	0
410.150	0.000	trigger_20	20	410150	Trigger-In:20	81	grating_off	staircase	12	green	right	aware	1	0
410.750	0.000	trigger_31	31	410750	Trigger-In:31	81	targets_on_fp_color_change	staircase	12	green	right	aware	1	0
412.015	0.000	trigger_201	201	412015	Trigger-In:201	81	trial_end_completed	staircase	12	green	right	aware	1	0
413.090	0.000	trigger_101	101	413090	Trigger-In:101	82	trial_start	staircase	11	red	right	unaware	1	0
413.195	0.000	trigger_11	11	413195	Trigger-In:11	82	fixation_point_on	staircase	11	red	right	unaware	1	0
413.800	0.000	trigger_21	21	413800	Trigger-In:21	82	grating_on	staircase	11	red	right	unaware	1	0
413.850	0.000	trigger_20	20	413850	Trigger-In:20	82	grating_off	staircase	11	red	right	unaware	1	0
414.450	0.000	trigger_31	31	414450	Trigger-In:31	82	targets_on_fp_color_change	staircase	11	red	right	unaware	1	0
416.205	0.000	trigger_201	201	416205	Trigger-In:201	82	trial_end_completed	staircase	11	red	right	unaware	1	0
417.285	0.000	trigger_101	101	417285	Trigger-In:101	83	trial_start	salient	0	green	left	unaware	1	0
417.390	0.000	trigger_11	11	417390	Trigger-In:11	83	fixation_point_on	salient	0	green	left	unaware	1	0
417.990	0.000	trigger_21	21	417990	Trigger-In:21	83	grating_on	salient	0	green	left	unaware	1	0
418.040	0.000	trigger_20	20	418040	Trigger-In:20	83	grating_off	salient	0	green	left	unaware	1	0
418.640	0.000	trigger_31	31	418640	Trigger-In:31	83	targets_on_fp_color_change	salient	0	green	left	unaware	1	0
420.145	0.000	trigger_201	201	420145	Trigger-In:201	83	trial_end_completed	salient	0	green	left	unaware	1	0
421.220	0.000	trigger_101	101	421220	Trigger-In:101	84	trial_start	salient	0	green	left	unaware	1	0
421.330	0.000	trigger_11	11	421330	Trigger-In:11	84	fixation_point_on	salient	0	green	left	unaware	1	0
421.930	0.000	trigger_21	21	421930	Trigger-In:21	84	grating_on	salient	0	green	left	unaware	1	0
421.980	0.000	trigger_20	20	421980	Trigger-In:20	84	grating_off	salient	0	green	left	unaware	1	0
422.580	0.000	trigger_31	31	422580	Trigger-In:31	84	targets_on_fp_color_change	salient	0	green	left	unaware	1	0
426.585	0.000	trigger_201	201	426585	Trigger-In:201	84	trial_end_completed	salient	0	green	left	unaware	1	0
427.665	0.000	trigger_101	101	427665	Trigger-In:101	85	trial_start	staircase	12	red	right	unaware	1	0
427.770	0.000	trigger_11	11	427770	Trigger-In:11	85	fixation_point_on	staircase	12	red	right	unaware	1	0
428.375	0.000	trigger_21	21	428375	Trigger-In:21	85	grating_on	staircase	12	red	right	unaware	1	0
428.425	0.000	trigger_20	20	428425	Trigger-In:20	85	grating_off	staircase	12	red	right	unaware	1	0
429.025	0.000	trigger_31	31	429025	Trigger-In:31	85	targets_on_fp_color_change	staircase	12	red	right	unaware	1	0
432.950	0.000	trigger_201	201	432950	Trigger-In:201	85	trial_end_completed	staircase	12	red	right	unaware	1	0
434.030	0.000	trigger_101	101	434030	Trigger-In:101	86	trial_start	absent	70	red	left	aware	1	0
434.135	0.000	trigger_11	11	434135	Trigger-In:11	86	fixation_point_on	absent	70	red	left	aware	1	0
434.735	0.000	trigger_21	21	434735	Trigger-In:21	86	grating_on	absent	70	red	left	aware	1	0
434.785	0.000	trigger_20	20	434785	Trigger-In:20	86	grating_off	absent	70	red	left	aware	1	0
435.385	0.000	trigger_31	31	435385	Trigger-In:31	86	targets_on_fp_color_change	absent	70	red	left	aware	1	0
437.705	0.000	trigger_201	201	437705	Trigger-In:201	86	trial_end_completed	absent	70	red	left	aware	1	0
438.780	0.000	trigger_101	101	438780	Trigger-In:101	87	trial_start	staircase	13	red	left	aware	1	0
438.885	0.000	trigger_11	11	438885	Trigger-In:11	87	fixation_point_on	staircase	13	red	left	aware	1	0
439.490	0.000	trigger_21	21	439490	Trigger-In:21	87	grating_on	staircase	13	red	left	aware	1	0
439.540	0.000	trigger_20	20	439540	Trigger-In:20	87	grating_off	staircase	13	red	left	aware	1	0
440.140	0.000	trigger_31	31	440140	Trigger-In:31	87	targets_on_fp_color_change	staircase	13	red	left	aware	1	0
441.015	0.000	trigger_201	201	441015	Trigger-In:201	87	trial_end_completed	staircase	13	red	left	aware	1	0
442.090	0.000	trigger_101	101	442090	Trigger-In:101	88	trial_start	staircase	12	red	left	aware	1	0
442.195	0.000	trigger_11	11	442195	Trigger-In:11	88	fixation_point_on	staircase	12	red	left	aware	1	0
442.800	0.000	trigger_21	21	442800	Trigger-In:21	88	grating_on	staircase	12	red	left	aware	1	0
442.850	0.000	trigger_20	20	442850	Trigger-In:20	88	grating_off	staircase	12	red	left	aware	1	0
443.450	0.000	trigger_31	31	443450	Trigger-In:31	88	targets_on_fp_color_change	staircase	12	red	left	aware	1	0
444.370	0.000	trigger_201	201	444370	Trigger-In:201	88	trial_end_completed	staircase	12	red	left	aware	1	0
445.450	0.000	trigger_101	101	445450	Trigger-In:101	89	trial_start	staircase	11	red	left	aware	1	0
445.555	0.000	trigger_11	11	445555	Trigger-In:11	89	fixation_point_on	staircase	11	red	left	aware	1	0
446.155	0.000	trigger_21	21	446155	Trigger-In:21	89	grating_on	staircase	11	red	left	aware	1	0
446.205	0.000	trigger_20	20	446205	Trigger-In:20	89	grating_off	staircase	11	red	left	aware	1	0
446.805	0.000	trigger_31	31	446805	Trigger-In:31	89	targets_on_fp_color_change	staircase	11	red	left	aware	1	0
447.695	0.000	trigger_201	201	447695	Trigger-In:201	89	trial_end_completed	staircase	11	red	left	aware	1	0
448.775	0.000	trigger_101	101	448775	Trigger-In:101	90	trial_start	salient	0	green	left	unaware	1	0
448.880	0.000	trigger_11	11	448880	Trigger-In:11	90	fixation_point_on	salient	0	green	left	unaware	1	0
449.480	0.000	trigger_21	21	449480	Trigger-In:21	90	grating_on	salient	0	green	left	unaware	1	0
449.530	0.000	trigger_20	20	449530	Trigger-In:20	90	grating_off	salient	0	green	left	unaware	1	0
450.130	0.000	trigger_31	31	450130	Trigger-In:31	90	targets_on_fp_color_change	salient	0	green	left	unaware	1	0
451.525	0.000	trigger_201	201	451525	Trigger-In:201	90	trial_end_completed	salient	0	green	left	unaware	1	0
452.605	0.000	trigger_101	101	452605	Trigger-In:101	91	trial_start	staircase	10	red	right	unaware	1	0
452.710	0.000	trigger_11	11	452710	Trigger-In:11	91	fixation_point_on	staircase	10	red	right	unaware	1	0
453.310	0.000	trigger_21	21	453310	Trigger-In:21	91	grating_on	staircase	10	red	right	unaware	1	0
453.360	0.000	trigger_20	20	453360	Trigger-In:20	91	grating_off	staircase	10	red	right	unaware	1	0
453.965	0.000	trigger_31	31	453965	Trigger-In:31	91	targets_on_fp_color_change	staircase	10	red	right	unaware	1	0
455.975	0.000	trigger_201	201	455975	Trigger-In:201	91	trial_end_completed	staircase	10	red	right	unaware	1	0
457.055	0.000	trigger_101	101	457055	Trigger-In:101	92	trial_start	staircase	11	green	left	unaware	1	0
457.160	0.000	trigger_11	11	457160	Trigger-In:11	92	fixation_point_on	staircase	11	green	left	unaware	1	0
457.760	0.000	trigger_21	21	457760	Trigger-In:21	92	grating_on	staircase	11	green	left	unaware	1	0
457.810	0.000	trigger_20	20	457810	Trigger-In:20	92	grating_off	staircase	11	green	left	unaware	1	0
458.410	0.000	trigger_31	31	458410	Trigger-In:31	92	targets_on_fp_color_change	staircase	11	green	left	unaware	1	0
459.700	0.000	trigger_201	201	459700	Trigger-In:201	92	trial_end_completed	staircase	11	green	left	unaware	1	0
460.780	0.000	trigger_101	101	460780	Trigger-In:101	93	trial_start	staircase	12	red	right	unaware	1	0
460.890	0.000	trigger_11	11	460890	Trigger-In:11	93	fixation_point_on	staircase	12	red	right	unaware	1	0
461.490	0.000	trigger_21	21	461490	Trigger-In:21	93	grating_on	staircase	12	red	right	unaware	1	0
461.540	0.000	trigger_20	20	461540	Trigger-In:20	93	grating_off	staircase	12	red	right	unaware	1	0
462.140	0.000	trigger_31	31	462140	Trigger-In:31	93	targets_on_fp_color_change	staircase	12	red	right	unaware	1	0
464.815	0.000	trigger_201	201	464815	Trigger-In:201	93	trial_end_completed	staircase	12	red	right	unaware	1	0
465.895	0.000	trigger_101	101	465895	Trigger-In:101	94	trial_start	salient	0	red	right	unaware	1	0
466.000	0.000	trigger_11	11	466000	Trigger-In:11	94	fixation_point_on	salient	0	red	right	unaware	1	0
466.600	0.000	trigger_21	21	466600	Trigger-In:21	94	grating_on	salient	0	red	right	unaware	1	0
466.650	0.000	trigger_20	20	466650	Trigger-In:20	94	grating_off	salient	0	red	right	unaware	1	0
467.250	0.000	trigger_31	31	467250	Trigger-In:31	94	targets_on_fp_color_change	salient	0	red	right	unaware	1	0
471.420	0.000	trigger_201	201	471420	Trigger-In:201	94	trial_end_completed	salient	0	red	right	unaware	1	0
472.505	0.000	trigger_101	101	472505	Trigger-In:101	95	trial_start	salient	0	red	right	unaware	1	0
472.610	0.000	trigger_11	11	472610	Trigger-In:11	95	fixation_point_on	salient	0	red	right	unaware	1	0
473.210	0.000	trigger_21	21	473210	Trigger-In:21	95	grating_on	salient	0	red	right	unaware	1	0
473.260	0.000	trigger_20	20	473260	Trigger-In:20	95	grating_off	salient	0	red	right	unaware	1	0
473.860	0.000	trigger_31	31	473860	Trigger-In:31	95	targets_on_fp_color_change	salient	0	red	right	unaware	1	0
475.240	0.000	trigger_201	201	475240	Trigger-In:201	95	trial_end_completed	salient	0	red	right	unaware	1	0
476.320	0.000	trigger_101	101	476320	Trigger-In:101	96	trial_start	staircase	13	red	right	unaware	1	0
476.430	0.000	trigger_11	11	476430	Trigger-In:11	96	fixation_point_on	staircase	13	red	right	unaware	1	0
477.030	0.000	trigger_21	21	477030	Trigger-In:21	96	grating_on	staircase	13	red	right	unaware	1	0
477.080	0.000	trigger_20	20	477080	Trigger-In:20	96	grating_off	staircase	13	red	right	unaware	1	0
477.680	0.000	trigger_31	31	477680	Trigger-In:31	96	targets_on_fp_color_change	staircase	13	red	right	unaware	1	0
481.020	0.000	trigger_201	201	481020	Trigger-In:201	96	trial_end_completed	staircase	13	red	right	unaware	1	0
482.105	0.000	trigger_101	101	482105	Trigger-In:101	97	trial_start	staircase	14	green	right	aware	1	0
482.210	0.000	trigger_11	11	482210	Trigger-In:11	97	fixation_point_on	staircase	14	green	right	aware	1	0
482.815	0.000	trigger_21	21	482815	Trigger-In:21	97	grating_on	staircase	14	green	right	aware	1	0
482.865	0.000	trigger_20	20	482865	Trigger-In:20	97	grating_off	staircase	14	green	right	aware	1	0
483.465	0.000	trigger_31	31	483465	Trigger-In:31	97	targets_on_fp_color_change	staircase	14	green	right	aware	1	0
484.395	0.000	trigger_201	201	484395	Trigger-In:201	97	trial_end_completed	staircase	14	green	right	aware	1	0
485.475	0.000	trigger_101	101	485475	Trigger-In:101	98	trial_start	salient	0	red	right	unaware	1	0
485.580	0.000	trigger_11	11	485580	Trigger-In:11	98	fixation_point_on	salient	0	red	right	unaware	1	0
486.180	0.000	trigger_21	21	486180	Trigger-In:21	98	grating_on	salient	0	red	right	unaware	1	0
486.230	0.000	trigger_20	20	486230	Trigger-In:20	98	grating_off	salient	0	red	right	unaware	1	0
486.835	0.000	trigger_31	31	486835	Trigger-In:31	98	targets_on_fp_color_change	salient	0	red	right	unaware	1	0
489.890	0.000	trigger_201	201	489890	Trigger-In:201	98	trial_end_completed	salient	0	red	right	unaware	1	0
490.970	0.000	trigger_101	101	490970	Trigger-In:101	99	trial_start	staircase	13	red	right	unaware	1	0
491.245	0.000	trigger_11	11	491245	Trigger-In:11	99	fixation_point_on	staircase	13	red	right	unaware	1	0
491.850	0.000	trigger_21	21	491850	Trigger-In:21	99	grating_on	staircase	13	red	right	unaware	1	0
491.900	0.000	trigger_20	20	491900	Trigger-In:20	99	grating_off	staircase	13	red	right	unaware	1	0
492.500	0.000	trigger_31	31	492500	Trigger-In:31	99	targets_on_fp_color_change	staircase	13	red	right	unaware	1	0
494.505	0.000	trigger_201	201	494505	Trigger-In:201	99	trial_end_completed	staircase	13	red	right	unaware	1	0
495.585	0.000	trigger_101	101	495585	Trigger-In:101	100	trial_start	staircase	14	green	n/a	n/a	0	0
495.690	0.000	trigger_11	11	495690	Trigger-In:11	100	fixation_point_on	staircase	14	green	n/a	n/a	0	0
496.290	0.000	trigger_21	21	496290	Trigger-In:21	100	grating_on	staircase	14	green	n/a	n/a	0	0
496.340	0.000	trigger_20	20	496340	Trigger-In:20	100	grating_off	staircase	14	green	n/a	n/a	0	0
496.940	0.000	trigger_31	31	496940	Trigger-In:31	100	targets_on_fp_color_change	staircase	14	green	n/a	n/a	0	0
501.830	0.000	trigger_203	203	501830	Trigger-In:203	100	trial_end_not_completed	staircase	14	green	n/a	n/a	0	0
502.950	0.000	trigger_101	101	502950	Trigger-In:101	101	trial_start	staircase	14	green	right	aware	1	0
503.060	0.000	trigger_11	11	503060	Trigger-In:11	101	fixation_point_on	staircase	14	green	right	aware	1	0
503.660	0.000	trigger_21	21	503660	Trigger-In:21	101	grating_on	staircase	14	green	right	aware	1	0
503.710	0.000	trigger_20	20	503710	Trigger-In:20	101	grating_off	staircase	14	green	right	aware	1	0
504.310	0.000	trigger_31	31	504310	Trigger-In:31	101	targets_on_fp_color_change	staircase	14	green	right	aware	1	0
505.730	0.000	trigger_201	201	505730	Trigger-In:201	101	trial_end_completed	staircase	14	green	right	aware	1	0
506.810	0.000	trigger_101	101	506810	Trigger-In:101	102	trial_start	salient	0	green	left	unaware	1	0
506.920	0.000	trigger_11	11	506920	Trigger-In:11	102	fixation_point_on	salient	0	green	left	unaware	1	0
507.520	0.000	trigger_21	21	507520	Trigger-In:21	102	grating_on	salient	0	green	left	unaware	1	0
507.570	0.000	trigger_20	20	507570	Trigger-In:20	102	grating_off	salient	0	green	left	unaware	1	0
508.170	0.000	trigger_31	31	508170	Trigger-In:31	102	targets_on_fp_color_change	salient	0	green	left	unaware	1	0
509.290	0.000	trigger_201	201	509290	Trigger-In:201	102	trial_end_completed	salient	0	green	left	unaware	1	0
510.365	0.000	trigger_101	101	510365	Trigger-In:101	103	trial_start	staircase	13	red	right	unaware	1	0
510.475	0.000	trigger_11	11	510475	Trigger-In:11	103	fixation_point_on	staircase	13	red	right	unaware	1	0
511.075	0.000	trigger_21	21	511075	Trigger-In:21	103	grating_on	staircase	13	red	right	unaware	1	0
511.125	0.000	trigger_20	20	511125	Trigger-In:20	103	grating_off	staircase	13	red	right	unaware	1	0
511.725	0.000	trigger_31	31	511725	Trigger-In:31	103	targets_on_fp_color_change	staircase	13	red	right	unaware	1	0
513.615	0.000	trigger_201	201	513615	Trigger-In:201	103	trial_end_completed	staircase	13	red	right	unaware	1	0
514.700	0.000	trigger_101	101	514700	Trigger-In:101	104	trial_start	salient	0	green	left	unaware	1	0
514.805	0.000	trigger_11	11	514805	Trigger-In:11	104	fixation_point_on	salient	0	green	left	unaware	1	0
515.405	0.000	trigger_21	21	515405	Trigger-In:21	104	grating_on	salient	0	green	left	unaware	1	0
515.455	0.000	trigger_20	20	515455	Trigger-In:20	104	grating_off	salient	0	green	left	unaware	1	0
516.060	0.000	trigger_31	31	516060	Trigger-In:31	104	targets_on_fp_color_change	salient	0	green	left	unaware	1	0
518.985	0.000	trigger_201	201	518985	Trigger-In:201	104	trial_end_completed	salient	0	green	left	unaware	1	0
520.065	0.000	trigger_101	101	520065	Trigger-In:101	105	trial_start	staircase	14	red	right	unaware	1	0
520.175	0.000	trigger_11	11	520175	Trigger-In:11	105	fixation_point_on	staircase	14	red	right	unaware	1	0
520.775	0.000	trigger_21	21	520775	Trigger-In:21	105	grating_on	staircase	14	red	right	unaware	1	0
520.825	0.000	trigger_20	20	520825	Trigger-In:20	105	grating_off	staircase	14	red	right	unaware	1	0
521.425	0.000	trigger_31	31	521425	Trigger-In:31	105	targets_on_fp_color_change	staircase	14	red	right	unaware	1	0
522.990	0.000	trigger_201	201	522990	Trigger-In:201	105	trial_end_completed	staircase	14	red	right	unaware	1	0
524.070	0.000	trigger_101	101	524070	Trigger-In:101	106	trial_start	staircase	15	red	left	aware	1	0
524.175	0.000	trigger_11	11	524175	Trigger-In:11	106	fixation_point_on	staircase	15	red	left	aware	1	0
524.775	0.000	trigger_21	21	524775	Trigger-In:21	106	grating_on	staircase	15	red	left	aware	1	0
524.825	0.000	trigger_20	20	524825	Trigger-In:20	106	grating_off	staircase	15	red	left	aware	1	0
525.425	0.000	trigger_31	31	525425	Trigger-In:31	106	targets_on_fp_color_change	staircase	15	red	left	aware	1	0
526.355	0.000	trigger_201	201	526355	Trigger-In:201	106	trial_end_completed	staircase	15	red	left	aware	1	0
527.435	0.000	trigger_101	101	527435	Trigger-In:101	107	trial_start	salient	0	red	right	unaware	1	0
527.540	0.000	trigger_11	11	527540	Trigger-In:11	107	fixation_point_on	salient	0	red	right	unaware	1	0
528.140	0.000	trigger_21	21	528140	Trigger-In:21	107	grating_on	salient	0	red	right	unaware	1	0
528.190	0.000	trigger_20	20	528190	Trigger-In:20	107	grating_off	salient	0	red	right	unaware	1	0
528.790	0.000	trigger_31	31	528790	Trigger-In:31	107	targets_on_fp_color_change	salient	0	red	right	unaware	1	0
530.760	0.000	trigger_201	201	530760	Trigger-In:201	107	trial_end_completed	salient	0	red	right	unaware	1	0
531.840	0.000	trigger_101	101	531840	Trigger-In:101	108	trial_start	staircase	14	red	left	aware	1	0
531.945	0.000	trigger_11	11	531945	Trigger-In:11	108	fixation_point_on	staircase	14	red	left	aware	1	0
532.545	0.000	trigger_21	21	532545	Trigger-In:21	108	grating_on	staircase	14	red	left	aware	1	0
532.595	0.000	trigger_20	20	532595	Trigger-In:20	108	grating_off	staircase	14	red	left	aware	1	0
533.195	0.000	trigger_31	31	533195	Trigger-In:31	108	targets_on_fp_color_change	staircase	14	red	left	aware	1	0
534.455	0.000	trigger_201	201	534455	Trigger-In:201	108	trial_end_completed	staircase	14	red	left	aware	1	0
535.535	0.000	trigger_101	101	535535	Trigger-In:101	109	trial_start	staircase	13	green	right	aware	1	0
535.640	0.000	trigger_11	11	535640	Trigger-In:11	109	fixation_point_on	staircase	13	green	right	aware	1	0
536.240	0.000	trigger_21	21	536240	Trigger-In:21	109	grating_on	staircase	13	green	right	aware	1	0
536.290	0.000	trigger_20	20	536290	Trigger-In:20	109	grating_off	staircase	13	green	right	aware	1	0
536.890	0.000	trigger_31	31	536890	Trigger-In:31	109	targets_on_fp_color_change	staircase	13	green	right	aware	1	0
539.195	0.000	trigger_201	201	539195	Trigger-In:201	109	trial_end_completed	staircase	13	green	right	aware	1	0
540.275	0.000	trigger_101	101	540275	Trigger-In:101	110	trial_start	staircase	12	green	left	unaware	1	0
540.380	0.000	trigger_11	11	540380	Trigger-In:11	110	fixation_point_on	staircase	12	green	left	unaware	1	0
540.985	0.000	trigger_21	21	540985	Trigger-In:21	110	grating_on	staircase	12	green	left	unaware	1	0
541.035	0.000	trigger_20	20	541035	Trigger-In:20	110	grating_off	staircase	12	green	left	unaware	1	0
541.635	0.000	trigger_31	31	541635	Trigger-In:31	110	targets_on_fp_color_change	staircase	12	green	left	unaware	1	0
545.510	0.000	trigger_201	201	545510	Trigger-In:201	110	trial_end_completed	staircase	12	green	left	unaware	1	0
546.595	0.000	trigger_101	101	546595	Trigger-In:101	111	trial_start	staircase	13	red	right	unaware	1	0
546.700	0.000	trigger_11	11	546700	Trigger-In:11	111	fixation_point_on	staircase	13	red	right	unaware	1	0
547.300	0.000	trigger_21	21	547300	Trigger-In:21	111	grating_on	staircase	13	red	right	unaware	1	0
547.350	0.000	trigger_20	20	547350	Trigger-In:20	111	grating_off	staircase	13	red	right	unaware	1	0
547.950	0.000	trigger_31	31	547950	Trigger-In:31	111	targets_on_fp_color_change	staircase	13	red	right	unaware	1	0
549.410	0.000	trigger_201	201	549410	Trigger-In:201	111	trial_end_completed	staircase	13	red	right	unaware	1	0
550.485	0.000	trigger_101	101	550485	Trigger-In:101	112	trial_start	salient	0	red	right	unaware	1	0
550.590	0.000	trigger_11	11	550590	Trigger-In:11	112	fixation_point_on	salient	0	red	right	unaware	1	0
551.190	0.000	trigger_21	21	551190	Trigger-In:21	112	grating_on	salient	0	red	right	unaware	1	0
551.245	0.000	trigger_20	20	551245	Trigger-In:20	112	grating_off	salient	0	red	right	unaware	1	0
551.845	0.000	trigger_31	31	551845	Trigger-In:31	112	targets_on_fp_color_change	salient	0	red	right	unaware	1	0
555.150	0.000	trigger_201	201	555150	Trigger-In:201	112	trial_end_completed	salient	0	red	right	unaware	1	0
556.235	0.000	trigger_101	101	556235	Trigger-In:101	113	trial_start	staircase	14	green	right	aware	1	0
556.340	0.000	trigger_11	11	556340	Trigger-In:11	113	fixation_point_on	staircase	14	green	right	aware	1	0
556.940	0.000	trigger_21	21	556940	Trigger-In:21	113	grating_on	staircase	14	green	right	aware	1	0
556.995	0.000	trigger_20	20	556995	Trigger-In:20	113	grating_off	staircase	14	green	right	aware	1	0
557.595	0.000	trigger_31	31	557595	Trigger-In:31	113	targets_on_fp_color_change	staircase	14	green	right	aware	1	0
558.540	0.000	trigger_201	201	558540	Trigger-In:201	113	trial_end_completed	staircase	14	green	right	aware	1	0
559.620	0.000	trigger_101	101	559620	Trigger-In:101	114	trial_start	salient	0	green	left	unaware	1	0
559.725	0.000	trigger_11	11	559725	Trigger-In:11	114	fixation_point_on	salient	0	green	left	unaware	1	0
560.325	0.000	trigger_21	21	560325	Trigger-In:21	114	grating_on	salient	0	green	left	unaware	1	0
560.375	0.000	trigger_20	20	560375	Trigger-In:20	114	grating_off	salient	0	green	left	unaware	1	0
560.975	0.000	trigger_31	31	560975	Trigger-In:31	114	targets_on_fp_color_change	salient	0	green	left	unaware	1	0
563.395	0.000	trigger_201	201	563395	Trigger-In:201	114	trial_end_completed	salient	0	green	left	unaware	1	0
564.475	0.000	trigger_101	101	564475	Trigger-In:101	115	trial_start	staircase	13	red	right	unaware	1	0
564.580	0.000	trigger_11	11	564580	Trigger-In:11	115	fixation_point_on	staircase	13	red	right	unaware	1	0
565.180	0.000	trigger_21	21	565180	Trigger-In:21	115	grating_on	staircase	13	red	right	unaware	1	0
565.230	0.000	trigger_20	20	565230	Trigger-In:20	115	grating_off	staircase	13	red	right	unaware	1	0
565.830	0.000	trigger_31	31	565830	Trigger-In:31	115	targets_on_fp_color_change	staircase	13	red	right	unaware	1	0
567.350	0.000	trigger_201	201	567350	Trigger-In:201	115	trial_end_completed	staircase	13	red	right	unaware	1	0
568.430	0.000	trigger_101	101	568430	Trigger-In:101	116	trial_start	staircase	14	green	right	aware	1	0
568.535	0.000	trigger_11	11	568535	Trigger-In:11	116	fixation_point_on	staircase	14	green	right	aware	1	0
569.135	0.000	trigger_21	21	569135	Trigger-In:21	116	grating_on	staircase	14	green	right	aware	1	0
569.185	0.000	trigger_20	20	569185	Trigger-In:20	116	grating_off	staircase	14	green	right	aware	1	0
569.785	0.000	trigger_31	31	569785	Trigger-In:31	116	targets_on_fp_color_change	staircase	14	green	right	aware	1	0
570.535	0.000	trigger_201	201	570535	Trigger-In:201	116	trial_end_completed	staircase	14	green	right	aware	1	0
571.610	0.000	trigger_101	101	571610	Trigger-In:101	117	trial_start	staircase	13	green	right	aware	1	0
571.715	0.000	trigger_11	11	571715	Trigger-In:11	117	fixation_point_on	staircase	13	green	right	aware	1	0
572.315	0.000	trigger_21	21	572315	Trigger-In:21	117	grating_on	staircase	13	green	right	aware	1	0
572.365	0.000	trigger_20	20	572365	Trigger-In:20	117	grating_off	staircase	13	green	right	aware	1	0
572.970	0.000	trigger_31	31	572970	Trigger-In:31	117	targets_on_fp_color_change	staircase	13	green	right	aware	1	0
573.775	0.000	trigger_201	201	573775	Trigger-In:201	117	trial_end_completed	staircase	13	green	right	aware	1	0
574.855	0.000	trigger_101	101	574855	Trigger-In:101	118	trial_start	staircase	12	red	right	unaware	1	0
574.960	0.000	trigger_11	11	574960	Trigger-In:11	118	fixation_point_on	staircase	12	red	right	unaware	1	0
575.560	0.000	trigger_21	21	575560	Trigger-In:21	118	grating_on	staircase	12	red	right	unaware	1	0
575.610	0.000	trigger_20	20	575610	Trigger-In:20	118	grating_off	staircase	12	red	right	unaware	1	0
576.210	0.000	trigger_31	31	576210	Trigger-In:31	118	targets_on_fp_color_change	staircase	12	red	right	unaware	1	0
580.305	0.000	trigger_201	201	580305	Trigger-In:201	118	trial_end_completed	staircase	12	red	right	unaware	1	0
581.390	0.000	trigger_101	101	581390	Trigger-In:101	119	trial_start	absent	70	red	left	aware	1	0
581.495	0.000	trigger_11	11	581495	Trigger-In:11	119	fixation_point_on	absent	70	red	left	aware	1	0
582.095	0.000	trigger_21	21	582095	Trigger-In:21	119	grating_on	absent	70	red	left	aware	1	0
582.145	0.000	trigger_20	20	582145	Trigger-In:20	119	grating_off	absent	70	red	left	aware	1	0
582.745	0.000	trigger_31	31	582745	Trigger-In:31	119	targets_on_fp_color_change	absent	70	red	left	aware	1	0
583.860	0.000	trigger_201	201	583860	Trigger-In:201	119	trial_end_completed	absent	70	red	left	aware	1	0
584.940	0.000	trigger_101	101	584940	Trigger-In:101	120	trial_start	staircase	13	red	left	aware	1	0
585.045	0.000	trigger_11	11	585045	Trigger-In:11	120	fixation_point_on	staircase	13	red	left	aware	1	0
585.645	0.000	trigger_21	21	585645	Trigger-In:21	120	grating_on	staircase	13	red	left	aware	1	0
585.695	0.000	trigger_20	20	585695	Trigger-In:20	120	grating_off	staircase	13	red	left	aware	1	0
586.295	0.000	trigger_31	31	586295	Trigger-In:31	120	targets_on_fp_color_change	staircase	13	red	left	aware	1	0
589.980	0.000	trigger_201	201	589980	Trigger-In:201	120	trial_end_completed	staircase	13	red	left	aware	1	0
591.060	0.000	trigger_101	101	591060	Trigger-In:101	121	trial_start	staircase	12	green	right	aware	1	0
591.170	0.000	trigger_11	11	591170	Trigger-In:11	121	fixation_point_on	staircase	12	green	right	aware	1	0
591.770	0.000	trigger_21	21	591770	Trigger-In:21	121	grating_on	staircase	12	green	right	aware	1	0
591.820	0.000	trigger_20	20	591820	Trigger-In:20	121	grating_off	staircase	12	green	right	aware	1	0
592.420	0.000	trigger_31	31	592420	Trigger-In:31	121	targets_on_fp_color_change	staircase	12	green	right	aware	1	0
593.280	0.000	trigger_201	201	593280	Trigger-In:201	121	trial_end_completed	staircase	12	green	right	aware	1	0
594.360	0.000	trigger_101	101	594360	Trigger-In:101	122	trial_start	staircase	11	green	left	unaware	1	0
594.460	0.000	trigger_11	11	594460	Trigger-In:11	122	fixation_point_on	staircase	11	green	left	unaware	1	0
595.060	0.000	trigger_21	21	595060	Trigger-In:21	122	grating_on	staircase	11	green	left	unaware	1	0
595.110	0.000	trigger_20	20	595110	Trigger-In:20	122	grating_off	staircase	11	green	left	unaware	1	0
595.710	0.000	trigger_31	31	595710	Trigger-In:31	122	targets_on_fp_color_change	staircase	11	green	left	unaware	1	0
596.840	0.000	trigger_201	201	596840	Trigger-In:201	122	trial_end_completed	staircase	11	green	left	unaware	1	0
597.920	0.000	trigger_101	101	597920	Trigger-In:101	123	trial_start	staircase	12	red	right	unaware	1	0
598.025	0.000	trigger_11	11	598025	Trigger-In:11	123	fixation_point_on	staircase	12	red	right	unaware	1	0
598.625	0.000	trigger_21	21	598625	Trigger-In:21	123	grating_on	staircase	12	red	right	unaware	1	0
598.680	0.000	trigger_20	20	598680	Trigger-In:20	123	grating_off	staircase	12	red	right	unaware	1	0
599.280	0.000	trigger_31	31	599280	Trigger-In:31	123	targets_on_fp_color_change	staircase	12	red	right	unaware	1	0
600.780	0.000	trigger_201	201	600780	Trigger-In:201	123	trial_end_completed	staircase	12	red	right	unaware	1	0
601.860	0.000	trigger_101	101	601860	Trigger-In:101	124	trial_start	staircase	13	green	left	unaware	1	0
601.965	0.000	trigger_11	11	601965	Trigger-In:11	124	fixation_point_on	staircase	13	green	left	unaware	1	0
602.565	0.000	trigger_21	21	602565	Trigger-In:21	124	grating_on	staircase	13	green	left	unaware	1	0
602.615	0.000	trigger_20	20	602615	Trigger-In:20	124	grating_off	staircase	13	green	left	unaware	1	0
603.215	0.000	trigger_31	31	603215	Trigger-In:31	124	targets_on_fp_color_change	staircase	13	green	left	unaware	1	0
605.910	0.000	trigger_201	201	605910	Trigger-In:201	124	trial_end_completed	staircase	13	green	left	unaware	1	0
606.995	0.000	trigger_101	101	606995	Trigger-In:101	125	trial_start	staircase	14	red	right	unaware	1	0
607.100	0.000	trigger_11	11	607100	Trigger-In:11	125	fixation_point_on	staircase	14	red	right	unaware	1	0
607.700	0.000	trigger_21	21	607700	Trigger-In:21	125	grating_on	staircase	14	red	right	unaware	1	0
607.750	0.000	trigger_20	20	607750	Trigger-In:20	125	grating_off	staircase	14	red	right	unaware	1	0
608.350	0.000	trigger_31	31	608350	Trigger-In:31	125	targets_on_fp_color_change	staircase	14	red	right	unaware	1	0
611.885	0.000	trigger_201	201	611885	Trigger-In:201	125	trial_end_completed	staircase	14	red	right	unaware	1	0
612.965	0.000	trigger_101	101	612965	Trigger-In:101	126	trial_start	staircase	15	red	right	unaware	1	0
613.070	0.000	trigger_11	11	613070	Trigger-In:11	126	fixation_point_on	staircase	15	red	right	unaware	1	0
613.670	0.000	trigger_21	21	613670	Trigger-In:21	126	grating_on	staircase	15	red	right	unaware	1	0
613.720	0.000	trigger_20	20	613720	Trigger-In:20	126	grating_off	staircase	15	red	right	unaware	1	0
614.320	0.000	trigger_31	31	614320	Trigger-In:31	126	targets_on_fp_color_change	staircase	15	red	right	unaware	1	0
616.010	0.000	trigger_201	201	616010	Trigger-In:201	126	trial_end_completed	staircase	15	red	right	unaware	1	0
617.090	0.000	trigger_101	101	617090	Trigger-In:101	127	trial_start	salient	0	red	right	unaware	1	0
617.460	0.000	trigger_11	11	617460	Trigger-In:11	127	fixation_point_on	salient	0	red	right	unaware	1	0
618.060	0.000	trigger_21	21	618060	Trigger-In:21	127	grating_on	salient	0	red	right	unaware	1	0
618.115	0.000	trigger_20	20	618115	Trigger-In:20	127	grating_off	salient	0	red	right	unaware	1	0
618.715	0.000	trigger_31	31	618715	Trigger-In:31	127	targets_on_fp_color_change	salient	0	red	right	unaware	1	0
620.545	0.000	trigger_201	201	620545	Trigger-In:201	127	trial_end_completed	salient	0	red	right	unaware	1	0
621.625	0.000	trigger_101	101	621625	Trigger-In:101	128	trial_start	absent	70	green	right	aware	1	0
621.810	0.000	trigger_11	11	621810	Trigger-In:11	128	fixation_point_on	absent	70	green	right	aware	1	0
622.410	0.000	trigger_21	21	622410	Trigger-In:21	128	grating_on	absent	70	green	right	aware	1	0
622.460	0.000	trigger_20	20	622460	Trigger-In:20	128	grating_off	absent	70	green	right	aware	1	0
623.060	0.000	trigger_31	31	623060	Trigger-In:31	128	targets_on_fp_color_change	absent	70	green	right	aware	1	0
624.230	0.000	trigger_201	201	624230	Trigger-In:201	128	trial_end_completed	absent	70	green	right	aware	1	0
625.310	0.000	trigger_101	101	625310	Trigger-In:101	129	trial_start	staircase	16	green	right	aware	1	0
625.415	0.000	trigger_11	11	625415	Trigger-In:11	129	fixation_point_on	staircase	16	green	right	aware	1	0
626.015	0.000	trigger_21	21	626015	Trigger-In:21	129	grating_on	staircase	16	green	right	aware	1	0
626.065	0.000	trigger_20	20	626065	Trigger-In:20	129	grating_off	staircase	16	green	right	aware	1	0
626.665	0.000	trigger_31	31	626665	Trigger-In:31	129	targets_on_fp_color_change	staircase	16	green	right	aware	1	0
629.095	0.000	trigger_201	201	629095	Trigger-In:201	129	trial_end_completed	staircase	16	green	right	aware	1	0
630.175	0.000	trigger_101	101	630175	Trigger-In:101	130	trial_start	staircase	15	red	left	aware	1	0
630.285	0.000	trigger_11	11	630285	Trigger-In:11	130	fixation_point_on	staircase	15	red	left	aware	1	0
630.885	0.000	trigger_21	21	630885	Trigger-In:21	130	grating_on	staircase	15	red	left	aware	1	0
630.935	0.000	trigger_20	20	630935	Trigger-In:20	130	grating_off	staircase	15	red	left	aware	1	0
631.540	0.000	trigger_31	31	631540	Trigger-In:31	130	targets_on_fp_color_change	staircase	15	red	left	aware	1	0
632.225	0.000	trigger_201	201	632225	Trigger-In:201	130	trial_end_completed	staircase	15	red	left	aware	1	0
633.305	0.000	trigger_101	101	633305	Trigger-In:101	131	trial_start	absent	70	red	left	aware	1	0
633.410	0.000	trigger_11	11	633410	Trigger-In:11	131	fixation_point_on	absent	70	red	left	aware	1	0
634.010	0.000	trigger_21	21	634010	Trigger-In:21	131	grating_on	absent	70	red	left	aware	1	0
634.060	0.000	trigger_20	20	634060	Trigger-In:20	131	grating_off	absent	70	red	left	aware	1	0
634.665	0.000	trigger_31	31	634665	Trigger-In:31	131	targets_on_fp_color_change	absent	70	red	left	aware	1	0
635.745	0.000	trigger_201	201	635745	Trigger-In:201	131	trial_end_completed	absent	70	red	left	aware	1	0
636.820	0.000	trigger_101	101	636820	Trigger-In:101	132	trial_start	staircase	14	red	left	aware	1	0
636.925	0.000	trigger_11	11	636925	Trigger-In:11	132	fixation_point_on	staircase	14	red	left	aware	1	0
637.530	0.000	trigger_21	21	637530	Trigger-In:21	132	grating_on	staircase	14	red	left	aware	1	0
637.580	0.000	trigger_20	20	637580	Trigger-In:20	132	grating_off	staircase	14	red	left	aware	1	0
638.180	0.000	trigger_31	31	638180	Trigger-In:31	132	targets_on_fp_color_change	staircase	14	red	left	aware	1	0
639.200	0.000	trigger_201	201	639200	Trigger-In:201	132	trial_end_completed	staircase	14	red	left	aware	1	0
640.280	0.000	trigger_101	101	640280	Trigger-In:101	133	trial_start	staircase	13	green	left	unaware	1	0
640.385	0.000	trigger_11	11	640385	Trigger-In:11	133	fixation_point_on	staircase	13	green	left	unaware	1	0
640.985	0.000	trigger_21	21	640985	Trigger-In:21	133	grating_on	staircase	13	green	left	unaware	1	0
641.035	0.000	trigger_20	20	641035	Trigger-In:20	133	grating_off	staircase	13	green	left	unaware	1	0
641.640	0.000	trigger_31	31	641640	Trigger-In:31	133	targets_on_fp_color_change	staircase	13	green	left	unaware	1	0
643.770	0.000	trigger_201	201	643770	Trigger-In:201	133	trial_end_completed	staircase	13	green	left	unaware	1	0
644.845	0.000	trigger_101	101	644845	Trigger-In:101	134	trial_start	absent	70	red	left	aware	1	0
644.955	0.000	trigger_11	11	644955	Trigger-In:11	134	fixation_point_on	absent	70	red	left	aware	1	0
645.555	0.000	trigger_21	21	645555	Trigger-In:21	134	grating_on	absent	70	red	left	aware	1	0
645.605	0.000	trigger_20	20	645605	Trigger-In:20	134	grating_off	absent	70	red	left	aware	1	0
646.205	0.000	trigger_31	31	646205	Trigger-In:31	134	targets_on_fp_color_change	absent	70	red	left	aware	1	0
647.300	0.000	trigger_201	201	647300	Trigger-In:201	134	trial_end_completed	absent	70	red	left	aware	1	0
648.380	0.000	trigger_101	101	648380	Trigger-In:101	135	trial_start	absent	70	green	right	aware	1	0
648.485	0.000	trigger_11	11	648485	Trigger-In:11	135	fixation_point_on	absent	70	green	right	aware	1	0
649.085	0.000	trigger_21	21	649085	Trigger-In:21	135	grating_on	absent	70	green	right	aware	1	0
649.135	0.000	trigger_20	20	649135	Trigger-In:20	135	grating_off	absent	70	green	right	aware	1	0
649.735	0.000	trigger_31	31	649735	Trigger-In:31	135	targets_on_fp_color_change	absent	70	green	right	aware	1	0
651.300	0.000	trigger_201	201	651300	Trigger-In:201	135	trial_end_completed	absent	70	green	right	aware	1	0
652.380	0.000	trigger_101	101	652380	Trigger-In:101	136	trial_start	staircase	14	green	left	unaware	1	0
652.485	0.000	trigger_11	11	652485	Trigger-In:11	136	fixation_point_on	staircase	14	green	left	unaware	1	0
653.085	0.000	trigger_21	21	653085	Trigger-In:21	136	grating_on	staircase	14	green	left	unaware	1	0
653.135	0.000	trigger_20	20	653135	Trigger-In:20	136	grating_off	staircase	14	green	left	unaware	1	0
653.735	0.000	trigger_31	31	653735	Trigger-In:31	136	targets_on_fp_color_change	staircase	14	green	left	unaware	1	0
654.490	0.000	trigger_201	201	654490	Trigger-In:201	136	trial_end_completed	staircase	14	green	left	unaware	1	0
655.570	0.000	trigger_101	101	655570	Trigger-In:101	137	trial_start	staircase	15	red	left	aware	1	0
655.675	0.000	trigger_11	11	655675	Trigger-In:11	137	fixation_point_on	staircase	15	red	left	aware	1	0
656.275	0.000	trigger_21	21	656275	Trigger-In:21	137	grating_on	staircase	15	red	left	aware	1	0
656.325	0.000	trigger_20	20	656325	Trigger-In:20	137	grating_off	staircase	15	red	left	aware	1	0
656.930	0.000	trigger_31	31	656930	Trigger-In:31	137	targets_on_fp_color_change	staircase	15	red	left	aware	1	0
658.885	0.000	trigger_201	201	658885	Trigger-In:201	137	trial_end_completed	staircase	15	red	left	aware	1	0
659.965	0.000	trigger_101	101	659965	Trigger-In:101	138	trial_start	staircase	14	red	left	aware	1	0
660.070	0.000	trigger_11	11	660070	Trigger-In:11	138	fixation_point_on	staircase	14	red	left	aware	1	0
660.670	0.000	trigger_21	21	660670	Trigger-In:21	138	grating_on	staircase	14	red	left	aware	1	0
660.720	0.000	trigger_20	20	660720	Trigger-In:20	138	grating_off	staircase	14	red	left	aware	1	0
661.320	0.000	trigger_31	31	661320	Trigger-In:31	138	targets_on_fp_color_change	staircase	14	red	left	aware	1	0
663.635	0.000	trigger_201	201	663635	Trigger-In:201	138	trial_end_completed	staircase	14	red	left	aware	1	0
664.720	0.000	trigger_101	101	664720	Trigger-In:101	139	trial_start	staircase	13	red	left	aware	1	0
664.825	0.000	trigger_11	11	664825	Trigger-In:11	139	fixation_point_on	staircase	13	red	left	aware	1	0
665.425	0.000	trigger_21	21	665425	Trigger-In:21	139	grating_on	staircase	13	red	left	aware	1	0
665.475	0.000	trigger_20	20	665475	Trigger-In:20	139	grating_off	staircase	13	red	left	aware	1	0
666.075	0.000	trigger_31	31	666075	Trigger-In:31	139	targets_on_fp_color_change	staircase	13	red	left	aware	1	0
667.320	0.000	trigger_201	201	667320	Trigger-In:201	139	trial_end_completed	staircase	13	red	left	aware	1	0
668.400	0.000	trigger_101	101	668400	Trigger-In:101	140	trial_start	staircase	12	green	left	unaware	1	0
668.505	0.000	trigger_11	11	668505	Trigger-In:11	140	fixation_point_on	staircase	12	green	left	unaware	1	0
669.105	0.000	trigger_21	21	669105	Trigger-In:21	140	grating_on	staircase	12	green	left	unaware	1	0
669.160	0.000	trigger_20	20	669160	Trigger-In:20	140	grating_off	staircase	12	green	left	unaware	1	0
669.760	0.000	trigger_31	31	669760	Trigger-In:31	140	targets_on_fp_color_change	staircase	12	green	left	unaware	1	0
671.395	0.000	trigger_201	201	671395	Trigger-In:201	140	trial_end_completed	staircase	12	green	left	unaware	1	0
672.475	0.000	trigger_101	101	672475	Trigger-In:101	141	trial_start	staircase	13	green	left	unaware	1	0
672.580	0.000	trigger_11	11	672580	Trigger-In:11	141	fixation_point_on	staircase	13	green	left	unaware	1	0
673.180	0.000	trigger_21	21	673180	Trigger-In:21	141	grating_on	staircase	13	green	left	unaware	1	0
673.235	0.000	trigger_20	20	673235	Trigger-In:20	141	grating_off	staircase	13	green	left	unaware	1	0
673.835	0.000	trigger_31	31	673835	Trigger-In:31	141	targets_on_fp_color_change	staircase	13	green	left	unaware	1	0
675.365	0.000	trigger_201	201	675365	Trigger-In:201	141	trial_end_completed	staircase	13	green	left	unaware	1	0
676.445	0.000	trigger_101	101	676445	Trigger-In:101	142	trial_start	staircase	14	red	left	aware	1	0
676.545	0.000	trigger_11	11	676545	Trigger-In:11	142	fixation_point_on	staircase	14	red	left	aware	1	0
677.145	0.000	trigger_21	21	677145	Trigger-In:21	142	grating_on	staircase	14	red	left	aware	1	0
677.195	0.000	trigger_20	20	677195	Trigger-In:20	142	grating_off	staircase	14	red	left	aware	1	0
677.795	0.000	trigger_31	31	677795	Trigger-In:31	142	targets_on_fp_color_change	staircase	14	red	left	aware	1	0
681.140	0.000	trigger_201	201	681140	Trigger-In:201	142	trial_end_completed	staircase	14	red	left	aware	1	0
682.225	0.000	trigger_101	101	682225	Trigger-In:101	143	trial_start	staircase	13	green	right	aware	1	0
682.325	0.000	trigger_11	11	682325	Trigger-In:11	143	fixation_point_on	staircase	13	green	right	aware	1	0
682.925	0.000	trigger_21	21	682925	Trigger-In:21	143	grating_on	staircase	13	green	right	aware	1	0
682.980	0.000	trigger_20	20	682980	Trigger-In:20	143	grating_off	staircase	13	green	right	aware	1	0
683.580	0.000	trigger_31	31	683580	Trigger-In:31	143	targets_on_fp_color_change	staircase	13	green	right	aware	1	0
686.700	0.000	trigger_201	201	686700	Trigger-In:201	143	trial_end_completed	staircase	13	green	right	aware	1	0
687.785	0.000	trigger_101	101	687785	Trigger-In:101	144	trial_start	staircase	12	green	n/a	n/a	0	0
687.890	0.000	trigger_11	11	687890	Trigger-In:11	144	fixation_point_on	staircase	12	green	n/a	n/a	0	0
688.495	0.000	trigger_21	21	688495	Trigger-In:21	144	grating_on	staircase	12	green	n/a	n/a	0	0
688.545	0.000	trigger_20	20	688545	Trigger-In:20	144	grating_off	staircase	12	green	n/a	n/a	0	0
689.145	0.000	trigger_31	31	689145	Trigger-In:31	144	targets_on_fp_color_change	staircase	12	green	n/a	n/a	0	0
694.110	0.000	trigger_203	203	694110	Trigger-In:203	144	trial_end_not_completed	staircase	12	green	n/a	n/a	0	0
695.225	0.000	trigger_101	101	695225	Trigger-In:101	145	trial_start	staircase	12	red	left	aware	1	0
695.335	0.000	trigger_11	11	695335	Trigger-In:11	145	fixation_point_on	staircase	12	red	left	aware	1	0
695.935	0.000	trigger_21	21	695935	Trigger-In:21	145	grating_on	staircase	12	red	left	aware	1	0
695.985	0.000	trigger_20	20	695985	Trigger-In:20	145	grating_off	staircase	12	red	left	aware	1	0
696.585	0.000	trigger_31	31	696585	Trigger-In:31	145	targets_on_fp_color_change	staircase	12	red	left	aware	1	0
697.990	0.000	trigger_201	201	697990	Trigger-In:201	145	trial_end_completed	staircase	12	red	left	aware	1	0
699.070	0.000	trigger_101	101	699070	Trigger-In:101	146	trial_start	staircase	11	red	right	unaware	1	0
699.175	0.000	trigger_11	11	699175	Trigger-In:11	146	fixation_point_on	staircase	11	red	right	unaware	1	0
699.775	0.000	trigger_21	21	699775	Trigger-In:21	146	grating_on	staircase	11	red	right	unaware	1	0
699.825	0.000	trigger_20	20	699825	Trigger-In:20	146	grating_off	staircase	11	red	right	unaware	1	0
700.425	0.000	trigger_31	31	700425	Trigger-In:31	146	targets_on_fp_color_change	staircase	11	red	right	unaware	1	0
702.040	0.000	trigger_201	201	702040	Trigger-In:201	146	trial_end_completed	staircase	11	red	right	unaware	1	0
703.120	0.000	trigger_101	101	703120	Trigger-In:101	147	trial_start	staircase	12	green	left	unaware	1	0
703.225	0.000	trigger_11	11	703225	Trigger-In:11	147	fixation_point_on	staircase	12	green	left	unaware	1	0
703.825	0.000	trigger_21	21	703825	Trigger-In:21	147	grating_on	staircase	12	green	left	unaware	1	0
703.875	0.000	trigger_20	20	703875	Trigger-In:20	147	grating_off	staircase	12	green	left	unaware	1	0
704.480	0.000	trigger_31	31	704480	Trigger-In:31	147	targets_on_fp_color_change	staircase	12	green	left	unaware	1	0
705.750	0.000	trigger_201	201	705750	Trigger-In:201	147	trial_end_completed	staircase	12	green	left	unaware	1	0
706.830	0.000	trigger_101	101	706830	Trigger-In:101	148	trial_start	staircase	13	green	left	unaware	1	0
706.940	0.000	trigger_11	11	706940	Trigger-In:11	148	fixation_point_on	staircase	13	green	left	unaware	1	0
707.540	0.000	trigger_21	21	707540	Trigger-In:21	148	grating_on	staircase	13	green	left	unaware	1	0
707.590	0.000	trigger_20	20	707590	Trigger-In:20	148	grating_off	staircase	13	green	left	unaware	1	0
708.190	0.000	trigger_31	31	708190	Trigger-In:31	148	targets_on_fp_color_change	staircase	13	green	left	unaware	1	0
710.195	0.000	trigger_201	201	710195	Trigger-In:201	148	trial_end_completed	staircase	13	green	left	unaware	1	0
711.275	0.000	trigger_101	101	711275	Trigger-In:101	149	trial_start	staircase	14	green	left	unaware	1	0
711.375	0.000	trigger_11	11	711375	Trigger-In:11	149	fixation_point_on	staircase	14	green	left	unaware	1	0
711.975	0.000	trigger_21	21	711975	Trigger-In:21	149	grating_on	staircase	14	green	left	unaware	1	0
712.025	0.000	trigger_20	20	712025	Trigger-In:20	149	grating_off	staircase	14	green	left	unaware	1	0
712.630	0.000	trigger_31	31	712630	Trigger-In:31	149	targets_on_fp_color_change	staircase	14	green	left	unaware	1	0
713.470	0.000	trigger_201	201	713470	Trigger-In:201	149	trial_end_completed	staircase	14	green	left	unaware	1	0
714.550	0.000	trigger_101	101	714550	Trigger-In:101	150	trial_start	staircase	15	red	left	aware	1	0
714.655	0.000	trigger_11	11	714655	Trigger-In:11	150	fixation_point_on	staircase	15	red	left	aware	1	0
715.260	0.000	trigger_21	21	715260	Trigger-In:21	150	grating_on	staircase	15	red	left	aware	1	0
715.310	0.000	trigger_20	20	715310	Trigger-In:20	150	grating_off	staircase	15	red	left	aware	1	0
715.910	0.000	trigger_31	31	715910	Trigger-In:31	150	targets_on_fp_color_change	staircase	15	red	left	aware	1	0
716.950	0.000	trigger_201	201	716950	Trigger-In:201	150	trial_end_completed	staircase	15	red	left	aware	1	0
718.030	0.000	trigger_101	101	718030	Trigger-In:101	151	trial_start	salient	0	green	left	unaware	1	0
718.135	0.000	trigger_11	11	718135	Trigger-In:11	151	fixation_point_on	salient	0	green	left	unaware	1	0
718.740	0.000	trigger_21	21	718740	Trigger-In:21	151	grating_on	salient	0	green	left	unaware	1	0
718.790	0.000	trigger_20	20	718790	Trigger-In:20	151	grating_off	salient	0	green	left	unaware	1	0
719.390	0.000	trigger_31	31	719390	Trigger-In:31	151	targets_on_fp_color_change	salient	0	green	left	unaware	1	0
720.140	0.000	trigger_201	201	720140	Trigger-In:201	151	trial_end_completed	salient	0	green	left	unaware	1	0
721.215	0.000	trigger_101	101	721215	Trigger-In:101	152	trial_start	staircase	14	red	left	aware	1	0
721.320	0.000	trigger_11	11	721320	Trigger-In:11	152	fixation_point_on	staircase	14	red	left	aware	1	0
721.920	0.000	trigger_21	21	721920	Trigger-In:21	152	grating_on	staircase	14	red	left	aware	1	0
721.970	0.000	trigger_20	20	721970	Trigger-In:20	152	grating_off	staircase	14	red	left	aware	1	0
722.570	0.000	trigger_31	31	722570	Trigger-In:31	152	targets_on_fp_color_change	staircase	14	red	left	aware	1	0
723.800	0.000	trigger_201	201	723800	Trigger-In:201	152	trial_end_completed	staircase	14	red	left	aware	1	0
724.880	0.000	trigger_101	101	724880	Trigger-In:101	153	trial_start	salient	0	green	left	unaware	1	0
724.985	0.000	trigger_11	11	724985	Trigger-In:11	153	fixation_point_on	salient	0	green	left	unaware	1	0
725.585	0.000	trigger_21	21	725585	Trigger-In:21	153	grating_on	salient	0	green	left	unaware	1	0
725.635	0.000	trigger_20	20	725635	Trigger-In:20	153	grating_off	salient	0	green	left	unaware	1	0
726.235	0.000	trigger_31	31	726235	Trigger-In:31	153	targets_on_fp_color_change	salient	0	green	left	unaware	1	0
728.740	0.000	trigger_201	201	728740	Trigger-In:201	153	trial_end_completed	salient	0	green	left	unaware	1	0
729.815	0.000	trigger_101	101	729815	Trigger-In:101	154	trial_start	staircase	13	green	left	unaware	1	0
729.920	0.000	trigger_11	11	729920	Trigger-In:11	154	fixation_point_on	staircase	13	green	left	unaware	1	0
730.520	0.000	trigger_21	21	730520	Trigger-In:21	154	grating_on	staircase	13	green	left	unaware	1	0
730.570	0.000	trigger_20	20	730570	Trigger-In:20	154	grating_off	staircase	13	green	left	unaware	1	0
731.170	0.000	trigger_31	31	731170	Trigger-In:31	154	targets_on_fp_color_change	staircase	13	green	left	unaware	1	0
732.915	0.000	trigger_201	201	732915	Trigger-In:201	154	trial_end_completed	staircase	13	green	left	unaware	1	0
733.995	0.000	trigger_101	101	733995	Trigger-In:101	155	trial_start	staircase	14	green	right	aware	1	0
734.095	0.000	trigger_11	11	734095	Trigger-In:11	155	fixation_point_on	staircase	14	green	right	aware	1	0
734.700	0.000	trigger_21	21	734700	Trigger-In:21	155	grating_on	staircase	14	green	right	aware	1	0
734.750	0.000	trigger_20	20	734750	Trigger-In:20	155	grating_off	staircase	14	green	right	aware	1	0
735.350	0.000	trigger_31	31	735350	Trigger-In:31	155	targets_on_fp_color_change	staircase	14	green	right	aware	1	0
736.230	0.000	trigger_201	201	736230	Trigger-In:201	155	trial_end_completed	staircase	14	green	right	aware	1	0
737.310	0.000	trigger_101	101	737310	Trigger-In:101	156	trial_start	staircase	13	red	left	aware	1	0
737.415	0.000	trigger_11	11	737415	Trigger-In:11	156	fixation_point_on	staircase	13	red	left	aware	1	0
738.015	0.000	trigger_21	21	738015	Trigger-In:21	156	grating_on	staircase	13	red	left	aware	1	0
738.065	0.000	trigger_20	20	738065	Trigger-In:20	156	grating_off	staircase	13	red	left	aware	1	0
738.670	0.000	trigger_31	31	738670	Trigger-In:31	156	targets_on_fp_color_change	staircase	13	red	left	aware	1	0
739.625	0.000	trigger_201	201	739625	Trigger-In:201	156	trial_end_completed	staircase	13	red	left	aware	1	0
740.705	0.000	trigger_101	101	740705	Trigger-In:101	157	trial_start	salient	0	green	left	unaware	1	0
740.805	0.000	trigger_11	11	740805	Trigger-In:11	157	fixation_point_on	salient	0	green	left	unaware	1	0
741.405	0.000	trigger_21	21	741405	Trigger-In:21	157	grating_on	salient	0	green	left	unaware	1	0
741.455	0.000	trigger_20	20	741455	Trigger-In:20	157	grating_off	salient	0	green	left	unaware	1	0
742.060	0.000	trigger_31	31	742060	Trigger-In:31	157	targets_on_fp_color_change	salient	0	green	left	unaware	1	0
743.985	0.000	trigger_201	201	743985	Trigger-In:201	157	trial_end_completed	salient	0	green	left	unaware	1	0
745.065	0.000	trigger_101	101	745065	Trigger-In:101	158	trial_start	salient	0	green	right	aware	1	0
745.165	0.000	trigger_11	11	745165	Trigger-In:11	158	fixation_point_on	salient	0	green	right	aware	1	0
745.765	0.000	trigger_21	21	745765	Trigger-In:21	158	grating_on	salient	0	green	right	aware	1	0
745.820	0.000	trigger_20	20	745820	Trigger-In:20	158	grating_off	salient	0	green	right	aware	1	0
746.420	0.000	trigger_31	31	746420	Trigger-In:31	158	targets_on_fp_color_change	salient	0	green	right	aware	1	0
751.175	0.000	trigger_201	201	751175	Trigger-In:201	158	trial_end_completed	salient	0	green	right	aware	1	0
752.525	0.000	trigger_101	101	752525	Trigger-In:101	159	trial_start	staircase	12	green	left	unaware	1	0
752.625	0.000	trigger_11	11	752625	Trigger-In:11	159	fixation_point_on	staircase	12	green	left	unaware	1	0
753.225	0.000	trigger_21	21	753225	Trigger-In:21	159	grating_on	staircase	12	green	left	unaware	1	0
753.275	0.000	trigger_20	20	753275	Trigger-In:20	159	grating_off	staircase	12	green	left	unaware	1	0
753.880	0.000	trigger_31	31	753880	Trigger-In:31	159	targets_on_fp_color_change	staircase	12	green	left	unaware	1	0
758.375	0.000	trigger_201	201	758375	Trigger-In:201	159	trial_end_completed	staircase	12	green	left	unaware	1	0
759.460	0.000	trigger_101	101	759460	Trigger-In:101	160	trial_start	staircase	13	red	left	aware	1	0
759.565	0.000	trigger_11	11	759565	Trigger-In:11	160	fixation_point_on	staircase	13	red	left	aware	1	0
760.165	0.000	trigger_21	21	760165	Trigger-In:21	160	grating_on	staircase	13	red	left	aware	1	0
760.215	0.000	trigger_20	20	760215	Trigger-In:20	160	grating_off	staircase	13	red	left	aware	1	0
760.815	0.000	trigger_31	31	760815	Trigger-In:31	160	targets_on_fp_color_change	staircase	13	red	left	aware	1	0
761.740	0.000	trigger_201	201	761740	Trigger-In:201	160	trial_end_completed	staircase	13	red	left	aware	1	0
762.820	0.000	trigger_101	101	762820	Trigger-In:101	161	trial_start	staircase	12	green	right	aware	1	0
762.925	0.000	trigger_11	11	762925	Trigger-In:11	161	fixation_point_on	staircase	12	green	right	aware	1	0
763.525	0.000	trigger_21	21	763525	Trigger-In:21	161	grating_on	staircase	12	green	right	aware	1	0
763.575	0.000	trigger_20	20	763575	Trigger-In:20	161	grating_off	staircase	12	green	right	aware	1	0
764.175	0.000	trigger_31	31	764175	Trigger-In:31	161	targets_on_fp_color_change	staircase	12	green	right	aware	1	0
765.165	0.000	trigger_201	201	765165	Trigger-In:201	161	trial_end_completed	staircase	12	green	right	aware	1	0
766.250	0.000	trigger_101	101	766250	Trigger-In:101	162	trial_start	staircase	11	green	left	unaware	1	0
766.350	0.000	trigger_11	11	766350	Trigger-In:11	162	fixation_point_on	staircase	11	green	left	unaware	1	0
766.955	0.000	trigger_21	21	766955	Trigger-In:21	162	grating_on	staircase	11	green	left	unaware	1	0
767.005	0.000	trigger_20	20	767005	Trigger-In:20	162	grating_off	staircase	11	green	left	unaware	1	0
767.605	0.000	trigger_31	31	767605	Trigger-In:31	162	targets_on_fp_color_change	staircase	11	green	left	unaware	1	0
769.560	0.000	trigger_201	201	769560	Trigger-In:201	162	trial_end_completed	staircase	11	green	left	unaware	1	0
770.640	0.000	trigger_101	101	770640	Trigger-In:101	163	trial_start	staircase	12	green	left	unaware	1	0
770.745	0.000	trigger_11	11	770745	Trigger-In:11	163	fixation_point_on	staircase	12	green	left	unaware	1	0
771.345	0.000	trigger_21	21	771345	Trigger-In:21	163	grating_on	staircase	12	green	left	unaware	1	0
771.395	0.000	trigger_20	20	771395	Trigger-In:20	163	grating_off	staircase	12	green	left	unaware	1	0
771.995	0.000	trigger_31	31	771995	Trigger-In:31	163	targets_on_fp_color_change	staircase	12	green	left	unaware	1	0
773.250	0.000	trigger_201	201	773250	Trigger-In:201	163	trial_end_completed	staircase	12	green	left	unaware	1	0
774.330	0.000	trigger_101	101	774330	Trigger-In:101	164	trial_start	staircase	13	green	left	unaware	1	0
774.430	0.000	trigger_11	11	774430	Trigger-In:11	164	fixation_point_on	staircase	13	green	left	unaware	1	0
775.030	0.000	trigger_21	21	775030	Trigger-In:21	164	grating_on	staircase	13	green	left	unaware	1	0
775.080	0.000	trigger_20	20	775080	Trigger-In:20	164	grating_off	staircase	13	green	left	unaware	1	0
775.680	0.000	trigger_31	31	775680	Trigger-In:31	164	targets_on_fp_color_change	staircase	13	green	left	unaware	1	0
776.630	0.000	trigger_201	201	776630	Trigger-In:201	164	trial_end_completed	staircase	13	green	left	unaware	1	0
777.710	0.000	trigger_101	101	777710	Trigger-In:101	165	trial_start	staircase	14	green	right	aware	1	0
777.815	0.000	trigger_11	11	777815	Trigger-In:11	165	fixation_point_on	staircase	14	green	right	aware	1	0
778.415	0.000	trigger_21	21	778415	Trigger-In:21	165	grating_on	staircase	14	green	right	aware	1	0
778.465	0.000	trigger_20	20	778465	Trigger-In:20	165	grating_off	staircase	14	green	right	aware	1	0
779.065	0.000	trigger_31	31	779065	Trigger-In:31	165	targets_on_fp_color_change	staircase	14	green	right	aware	1	0
780.030	0.000	trigger_201	201	780030	Trigger-In:201	165	trial_end_completed	staircase	14	green	right	aware	1	0
781.110	0.000	trigger_101	101	781110	Trigger-In:101	166	trial_start	staircase	13	green	right	aware	1	0
781.210	0.000	trigger_11	11	781210	Trigger-In:11	166	fixation_point_on	staircase	13	green	right	aware	1	0
781.810	0.000	trigger_21	21	781810	Trigger-In:21	166	grating_on	staircase	13	green	right	aware	1	0
781.860	0.000	trigger_20	20	781860	Trigger-In:20	166	grating_off	staircase	13	green	right	aware	1	0
782.465	0.000	trigger_31	31	782465	Trigger-In:31	166	targets_on_fp_color_change	staircase	13	green	right	aware	1	0
783.205	0.000	trigger_201	201	783205	Trigger-In:201	166	trial_end_completed	staircase	13	green	right	aware	1	0
784.280	0.000	trigger_101	101	784280	Trigger-In:101	167	trial_start	absent	70	green	right	aware	1	0
784.390	0.000	trigger_11	11	784390	Trigger-In:11	167	fixation_point_on	absent	70	green	right	aware	1	0
784.990	0.000	trigger_21	21	784990	Trigger-In:21	167	grating_on	absent	70	green	right	aware	1	0
785.040	0.000	trigger_20	20	785040	Trigger-In:20	167	grating_off	absent	70	green	right	aware	1	0
785.640	0.000	trigger_31	31	785640	Trigger-In:31	167	targets_on_fp_color_change	absent	70	green	right	aware	1	0
786.825	0.000	trigger_201	201	786825	Trigger-In:201	167	trial_end_completed	absent	70	green	right	aware	1	0
787.905	0.000	trigger_101	101	787905	Trigger-In:101	168	trial_start	salient	0	red	right	unaware	1	0
788.010	0.000	trigger_11	11	788010	Trigger-In:11	168	fixation_point_on	salient	0	red	right	unaware	1	0
788.610	0.000	trigger_21	21	788610	Trigger-In:21	168	grating_on	salient	0	red	right	unaware	1	0
788.665	0.000	trigger_20	20	788665	Trigger-In:20	168	grating_off	salient	0	red	right	unaware	1	0
789.265	0.000	trigger_31	31	789265	Trigger-In:31	168	targets_on_fp_color_change	salient	0	red	right	unaware	1	0
790.535	0.000	trigger_201	201	790535	Trigger-In:201	168	trial_end_completed	salient	0	red	right	unaware	1	0
791.610	0.000	trigger_101	101	791610	Trigger-In:101	169	trial_start	staircase	12	red	right	unaware	1	0
791.715	0.000	trigger_11	11	791715	Trigger-In:11	169	fixation_point_on	staircase	12	red	right	unaware	1	0
792.315	0.000	trigger_21	21	792315	Trigger-In:21	169	grating_on	staircase	12	red	right	unaware	1	0
792.365	0.000	trigger_20	20	792365	Trigger-In:20	169	grating_off	staircase	12	red	right	unaware	1	0
792.965	0.000	trigger_31	31	792965	Trigger-In:31	169	targets_on_fp_color_change	staircase	12	red	right	unaware	1	0
794.660	0.000	trigger_201	201	794660	Trigger-In:201	169	trial_end_completed	staircase	12	red	right	unaware	1	0
795.740	0.000	trigger_101	101	795740	Trigger-In:101	170	trial_start	staircase	13	red	right	unaware	1	0
795.845	0.000	trigger_11	11	795845	Trigger-In:11	170	fixation_point_on	staircase	13	red	right	unaware	1	0
796.445	0.000	trigger_21	21	796445	Trigger-In:21	170	grating_on	staircase	13	red	right	unaware	1	0
796.495	0.000	trigger_20	20	796495	Trigger-In:20	170	grating_off	staircase	13	red	right	unaware	1	0
797.095	0.000	trigger_31	31	797095	Trigger-In:31	170	targets_on_fp_color_change	staircase	13	red	right	unaware	1	0
799.055	0.000	trigger_201	201	799055	Trigger-In:201	170	trial_end_completed	staircase	13	red	right	unaware	1	0
800.130	0.000	trigger_101	101	800130	Trigger-In:101	171	trial_start	absent	70	green	right	aware	1	0
800.235	0.000	trigger_11	11	800235	Trigger-In:11	171	fixation_point_on	absent	70	green	right	aware	1	0
800.835	0.000	trigger_21	21	800835	Trigger-In:21	171	grating_on	absent	70	green	right	aware	1	0
800.890	0.000	trigger_20	20	800890	Trigger-In:20	171	grating_off	absent	70	green	right	aware	1	0
801.490	0.000	trigger_31	31	801490	Trigger-In:31	171	targets_on_fp_color_change	absent	70	green	right	aware	1	0
802.520	0.000	trigger_201	201	802520	Trigger-In:201	171	trial_end_completed	absent	70	green	right	aware	1	0
803.600	0.000	trigger_101	101	803600	Trigger-In:101	172	trial_start	staircase	14	red	right	unaware	1	0
803.705	0.000	trigger_11	11	803705	Trigger-In:11	172	fixation_point_on	staircase	14	red	right	unaware	1	0
804.305	0.000	trigger_21	21	804305	Trigger-In:21	172	grating_on	staircase	14	red	right	unaware	1	0
804.355	0.000	trigger_20	20	804355	Trigger-In:20	172	grating_off	staircase	14	red	right	unaware	1	0
804.955	0.000	trigger_31	31	804955	Trigger-In:31	172	targets_on_fp_color_change	staircase	14	red	right	unaware	1	0
807.215	0.000	trigger_201	201	807215	Trigger-In:201	172	trial_end_completed	staircase	14	red	right	unaware	1	0
808.295	0.000	trigger_101	101	808295	Trigger-In:101	173	trial_start	staircase	15	red	right	unaware	1	0
808.400	0.000	trigger_11	11	808400	Trigger-In:11	173	fixation_point_on	staircase	15	red	right	unaware	1	0
809.000	0.000	trigger_21	21	809000	Trigger-In:21	173	grating_on	staircase	15	red	right	unaware	1	0
809.050	0.000	trigger_20	20	809050	Trigger-In:20	173	grating_off	staircase	15	red	right	unaware	1	0
809.655	0.000	trigger_31	31	809655	Trigger-In:31	173	targets_on_fp_color_change	staircase	15	red	right	unaware	1	0
813.965	0.000	trigger_201	201	813965	Trigger-In:201	173	trial_end_completed	staircase	15	red	right	unaware	1	0
815.050	0.000	trigger_101	101	815050	Trigger-In:101	174	trial_start	salient	0	red	right	unaware	1	0
815.155	0.000	trigger_11	11	815155	Trigger-In:11	174	fixation_point_on	salient	0	red	right	unaware	1	0
815.755	0.000	trigger_21	21	815755	Trigger-In:21	174	grating_on	salient	0	red	right	unaware	1	0
815.805	0.000	trigger_20	20	815805	Trigger-In:20	174	grating_off	salient	0	red	right	unaware	1	0
816.405	0.000	trigger_31	31	816405	Trigger-In:31	174	targets_on_fp_color_change	salient	0	red	right	unaware	1	0
818.085	0.000	trigger_201	201	818085	Trigger-In:201	174	trial_end_completed	salient	0	red	right	unaware	1	0
819.170	0.000	trigger_101	101	819170	Trigger-In:101	175	trial_start	staircase	16	red	right	unaware	1	0
819.275	0.000	trigger_11	11	819275	Trigger-In:11	175	fixation_point_on	staircase	16	red	right	unaware	1	0
819.875	0.000	trigger_21	21	819875	Trigger-In:21	175	grating_on	staircase	16	red	right	unaware	1	0
819.925	0.000	trigger_20	20	819925	Trigger-In:20	175	grating_off	staircase	16	red	right	unaware	1	0
820.525	0.000	trigger_31	31	820525	Trigger-In:31	175	targets_on_fp_color_change	staircase	16	red	right	unaware	1	0
822.900	0.000	trigger_201	201	822900	Trigger-In:201	175	trial_end_completed	staircase	16	red	right	unaware	1	0
823.980	0.000	trigger_101	101	823980	Trigger-In:101	176	trial_start	staircase	17	green	right	aware	1	0
824.085	0.000	trigger_11	11	824085	Trigger-In:11	176	fixation_point_on	staircase	17	green	right	aware	1	0
824.685	0.000	trigger_21	21	824685	Trigger-In:21	176	grating_on	staircase	17	green	right	aware	1	0
824.735	0.000	trigger_20	20	824735	Trigger-In:20	176	grating_off	staircase	17	green	right	aware	1	0
825.335	0.000	trigger_31	31	825335	Trigger-In:31	176	targets_on_fp_color_change	staircase	17	green	right	aware	1	0
826.220	0.000	trigger_201	201	826220	Trigger-In:201	176	trial_end_completed	staircase	17	green	right	aware	1	0
827.300	0.000	trigger_101	101	827300	Trigger-In:101	177	trial_start	staircase	16	red	left	aware	1	0
827.410	0.000	trigger_11	11	827410	Trigger-In:11	177	fixation_point_on	staircase	16	red	left	aware	1	0
828.010	0.000	trigger_21	21	828010	Trigger-In:21	177	grating_on	staircase	16	red	left	aware	1	0
828.060	0.000	trigger_20	20	828060	Trigger-In:20	177	grating_off	staircase	16	red	left	aware	1	0
828.660	0.000	trigger_31	31	828660	Trigger-In:31	177	targets_on_fp_color_change	staircase	16	red	left	aware	1	0
829.910	0.000	trigger_201	201	829910	Trigger-In:201	177	trial_end_completed	staircase	16	red	left	aware	1	0
830.990	0.000	trigger_101	101	830990	Trigger-In:101	178	trial_start	staircase	15	red	left	aware	1	0
831.095	0.000	trigger_11	11	831095	Trigger-In:11	178	fixation_point_on	staircase	15	red	left	aware	1	0
831.695	0.000	trigger_21	21	831695	Trigger-In:21	178	grating_on	staircase	15	red	left	aware	1	0
831.745	0.000	trigger_20	20	831745	Trigger-In:20	178	grating_off	staircase	15	red	left	aware	1	0
832.345	0.000	trigger_31	31	832345	Trigger-In:31	178	targets_on_fp_color_change	staircase	15	red	left	aware	1	0
833.255	0.000	trigger_201	201	833255	Trigger-In:201	178	trial_end_completed	staircase	15	red	left	aware	1	0
834.335	0.000	trigger_101	101	834335	Trigger-In:101	179	trial_start	absent	70	red	left	aware	1	0
834.440	0.000	trigger_11	11	834440	Trigger-In:11	179	fixation_point_on	absent	70	red	left	aware	1	0
835.045	0.000	trigger_21	21	835045	Trigger-In:21	179	grating_on	absent	70	red	left	aware	1	0
835.095	0.000	trigger_20	20	835095	Trigger-In:20	179	grating_off	absent	70	red	left	aware	1	0
835.695	0.000	trigger_31	31	835695	Trigger-In:31	179	targets_on_fp_color_change	absent	70	red	left	aware	1	0
839.015	0.000	trigger_201	201	839015	Trigger-In:201	179	trial_end_completed	absent	70	red	left	aware	1	0
840.100	0.000	trigger_101	101	840100	Trigger-In:101	180	trial_start	staircase	14	red	left	aware	1	0
840.210	0.000	trigger_11	11	840210	Trigger-In:11	180	fixation_point_on	staircase	14	red	left	aware	1	0
840.810	0.000	trigger_21	21	840810	Trigger-In:21	180	grating_on	staircase	14	red	left	aware	1	0
840.860	0.000	trigger_20	20	840860	Trigger-In:20	180	grating_off	staircase	14	red	left	aware	1	0
841.460	0.000	trigger_31	31	841460	Trigger-In:31	180	targets_on_fp_color_change	staircase	14	red	left	aware	1	0
843.070	0.000	trigger_201	201	843070	Trigger-In:201	180	trial_end_completed	staircase	14	red	left	aware	1	0
