onset	duration	trial_type	value	sample	source_annotation	trial	event_name	stim_presence	contrast	fp_color	response	awareness	trial_complete	fixation_break
52.476	0.000	trigger_101	101	52476	Trigger-In:101	1	trial_start	absent	70	green	right	aware	1	0
52.476	0.000	trigger_255	255	52476	Trigger-In:255	1	n/a	absent	70	green	right	aware	1	0
53.081	0.000	trigger_11	11	53081	Trigger-In:11	1	fixation_point_on	absent	70	green	right	aware	1	0
53.681	0.000	trigger_21	21	53681	Trigger-In:21	1	grating_on	absent	70	green	right	aware	1	0
53.746	0.000	trigger_20	20	53746	Trigger-In:20	1	grating_off	absent	70	green	right	aware	1	0
54.351	0.000	trigger_31	31	54351	Trigger-In:31	1	targets_on_fp_color_change	absent	70	green	right	aware	1	0
56.491	0.000	trigger_201	201	56491	Trigger-In:201	1	trial_end_completed	absent	70	green	right	aware	1	0
57.726	0.000	trigger_101	101	57726	Trigger-In:101	2	trial_start	staircase	12	red	left	aware	1	0
57.831	0.000	trigger_11	11	57831	Trigger-In:11	2	fixation_point_on	staircase	12	red	left	aware	1	0
58.431	0.000	trigger_21	21	58431	Trigger-In:21	2	grating_on	staircase	12	red	left	aware	1	0
58.481	0.000	trigger_20	20	58481	Trigger-In:20	2	grating_off	staircase	12	red	left	aware	1	0
59.081	0.000	trigger_31	31	59081	Trigger-In:31	2	targets_on_fp_color_change	staircase	12	red	left	aware	1	0
60.046	0.000	trigger_201	201	60046	Trigger-In:201	2	trial_end_completed	staircase	12	red	left	aware	1	0
61.126	0.000	trigger_101	101	61126	Trigger-In:101	3	trial_start	staircase	11	red	left	aware	1	0
61.231	0.000	trigger_11	11	61231	Trigger-In:11	3	fixation_point_on	staircase	11	red	left	aware	1	0
61.831	0.000	trigger_21	21	61831	Trigger-In:21	3	grating_on	staircase	11	red	left	aware	1	0
61.881	0.000	trigger_20	20	61881	Trigger-In:20	3	grating_off	staircase	11	red	left	aware	1	0
62.481	0.000	trigger_31	31	62481	Trigger-In:31	3	targets_on_fp_color_change	staircase	11	red	left	aware	1	0
63.436	0.000	trigger_201	201	63436	Trigger-In:201	3	trial_end_completed	staircase	11	red	left	aware	1	0
64.516	0.000	trigger_101	101	64516	Trigger-In:101	4	trial_start	staircase	10	red	left	aware	1	0
64.621	0.000	trigger_11	11	64621	Trigger-In:11	4	fixation_point_on	staircase	10	red	left	aware	1	0
65.221	0.000	trigger_21	21	65221	Trigger-In:21	4	grating_on	staircase	10	red	left	aware	1	0
65.271	0.000	trigger_20	20	65271	Trigger-In:20	4	grating_off	staircase	10	red	left	aware	1	0
65.871	0.000	trigger_31	31	65871	Trigger-In:31	4	targets_on_fp_color_change	staircase	10	red	left	aware	1	0
67.066	0.000	trigger_201	201	67066	Trigger-In:201	4	trial_end_completed	staircase	10	red	left	aware	1	0
68.151	0.000	trigger_101	101	68151	Trigger-In:101	5	trial_start	staircase	9	red	left	aware	1	0
68.376	0.000	trigger_11	11	68376	Trigger-In:11	5	fixation_point_on	staircase	9	red	left	aware	1	0
68.976	0.000	trigger_21	21	68976	Trigger-In:21	5	grating_on	staircase	9	red	left	aware	1	0
69.031	0.000	trigger_20	20	69031	Trigger-In:20	5	grating_off	staircase	9	red	left	aware	1	0
69.631	0.000	trigger_31	31	69631	Trigger-In:31	5	targets_on_fp_color_change	staircase	9	red	left	aware	1	0
70.461	0.000	trigger_201	201	70461	Trigger-In:201	5	trial_end_completed	staircase	9	red	left	aware	1	0
71.571	0.000	trigger_101	101	71571	Trigger-In:101	6	trial_start	staircase	8	red	left	aware	1	0
71.676	0.000	trigger_11	11	71676	Trigger-In:11	6	fixation_point_on	staircase	8	red	left	aware	1	0
72.276	0.000	trigger_21	21	72276	Trigger-In:21	6	grating_on	staircase	8	red	left	aware	1	0
72.326	0.000	trigger_20	20	72326	Trigger-In:20	6	grating_off	staircase	8	red	left	aware	1	0
72.926	0.000	trigger_31	31	72926	Trigger-In:31	6	targets_on_fp_color_change	staircase	8	red	left	aware	1	0
73.771	0.000	trigger_201	201	73771	Trigger-In:201	6	trial_end_completed	staircase	8	red	left	aware	1	0
74.851	0.000	trigger_101	101	74851	Trigger-In:101	7	trial_start	staircase	7	green	left	unaware	1	0
74.951	0.000	trigger_11	11	74951	Trigger-In:11	7	fixation_point_on	staircase	7	green	left	unaware	1	0
75.551	0.000	trigger_21	21	75551	Trigger-In:21	7	grating_on	staircase	7	green	left	unaware	1	0
75.606	0.000	trigger_20	20	75606	Trigger-In:20	7	grating_off	staircase	7	green	left	unaware	1	0
76.206	0.000	trigger_31	31	76206	Trigger-In:31	7	targets_on_fp_color_change	staircase	7	green	left	unaware	1	0
77.971	0.000	trigger_201	201	77971	Trigger-In:201	7	trial_end_completed	staircase	7	green	left	unaware	1	0
79.051	0.000	trigger_101	101	79051	Trigger-In:101	8	trial_start	salient	0	green	left	unaware	1	0
79.156	0.000	trigger_11	11	79156	Trigger-In:11	8	fixation_point_on	salient	0	green	left	unaware	1	0
79.756	0.000	trigger_21	21	79756	Trigger-In:21	8	grating_on	salient	0	green	left	unaware	1	0
79.806	0.000	trigger_20	20	79806	Trigger-In:20	8	grating_off	salient	0	green	left	unaware	1	0
80.406	0.000	trigger_31	31	80406	Trigger-In:31	8	targets_on_fp_color_change	salient	0	green	left	unaware	1	0
81.511	0.000	trigger_201	201	81511	Trigger-In:201	8	trial_end_completed	salient	0	green	left	unaware	1	0
82.591	0.000	trigger_101	101	82591	Trigger-In:101	9	trial_start	staircase	8	green	right	aware	1	0
82.696	0.000	trigger_11	11	82696	Trigger-In:11	9	fixation_point_on	staircase	8	green	right	aware	1	0
83.296	0.000	trigger_21	21	83296	Trigger-In:21	9	grating_on	staircase	8	green	right	aware	1	0
83.346	0.000	trigger_20	20	83346	Trigger-In:20	9	grating_off	staircase	8	green	right	aware	1	0
83.946	0.000	trigger_31	31	83946	Trigger-In:31	9	targets_on_fp_color_change	staircase	8	green	right	aware	1	0
84.756	0.000	trigger_201	201	84756	Trigger-In:201	9	trial_end_completed	staircase	8	green	right	aware	1	0
85.831	0.000	trigger_101	101	85831	Trigger-In:101	10	trial_start	staircase	7	green	left	unaware	1	0
85.936	0.000	trigger_11	11	85936	Trigger-In:11	10	fixation_point_on	staircase	7	green	left	unaware	1	0
86.536	0.000	trigger_21	21	86536	Trigger-In:21	10	grating_on	staircase	7	green	left	unaware	1	0
86.586	0.000	trigger_20	20	86586	Trigger-In:20	10	grating_off	staircase	7	green	left	unaware	1	0
87.186	0.000	trigger_31	31	87186	Trigger-In:31	10	targets_on_fp_color_change	staircase	7	green	left	unaware	1	0
88.236	0.000	trigger_201	201	88236	Trigger-In:201	10	trial_end_completed	staircase	7	green	left	unaware	1	0
89.316	0.000	trigger_101	101	89316	Trigger-In:101	11	trial_start	staircase	8	red	right	unaware	1	0
89.421	0.000	trigger_11	11	89421	Trigger-In:11	11	fixation_point_on	staircase	8	red	right	unaware	1	0
90.021	0.000	trigger_21	21	90021	Trigger-In:21	11	grating_on	staircase	8	red	right	unaware	1	0
90.071	0.000	trigger_20	20	90071	Trigger-In:20	11	grating_off	staircase	8	red	right	unaware	1	0
90.676	0.000	trigger_31	31	90676	Trigger-In:31	11	targets_on_fp_color_change	staircase	8	red	right	unaware	1	0
92.061	0.000	trigger_201	201	92061	Trigger-In:201	11	trial_end_completed	staircase	8	red	right	unaware	1	0
93.136	0.000	trigger_101	101	93136	Trigger-In:101	12	trial_start	absent	70	red	right	unaware	1	0
93.236	0.000	trigger_11	11	93236	Trigger-In:11	12	fixation_point_on	absent	70	red	right	unaware	1	0
93.841	0.000	trigger_21	21	93841	Trigger-In:21	12	grating_on	absent	70	red	right	unaware	1	0
93.891	0.000	trigger_20	20	93891	Trigger-In:20	12	grating_off	absent	70	red	right	unaware	1	0
94.491	0.000	trigger_31	31	94491	Trigger-In:31	12	targets_on_fp_color_change	absent	70	red	right	unaware	1	0
96.041	0.000	trigger_201	201	96041	Trigger-In:201	12	trial_end_completed	absent	70	red	right	unaware	1	0
97.386	0.000	trigger_101	101	97386	Trigger-In:101	13	trial_start	staircase	9	green	left	unaware	1	0
97.491	0.000	trigger_11	11	97491	Trigger-In:11	13	fixation_point_on	staircase	9	green	left	unaware	1	0
98.091	0.000	trigger_21	21	98091	Trigger-In:21	13	grating_on	staircase	9	green	left	unaware	1	0
98.141	0.000	trigger_20	20	98141	Trigger-In:20	13	grating_off	staircase	9	green	left	unaware	1	0
98.741	0.000	trigger_31	31	98741	Trigger-In:31	13	targets_on_fp_color_change	staircase	9	green	left	unaware	1	0
101.121	0.000	trigger_201	201	101121	Trigger-In:201	13	trial_end_completed	staircase	9	green	left	unaware	1	0
102.206	0.000	trigger_101	101	102206	Trigger-In:101	14	trial_start	staircase	10	green	left	unaware	1	0
102.306	0.000	trigger_11	11	102306	Trigger-In:11	14	fixation_point_on	staircase	10	green	left	unaware	1	0
102.906	0.000	trigger_21	21	102906	Trigger-In:21	14	grating_on	staircase	10	green	left	unaware	1	0
102.956	0.000	trigger_20	20	102956	Trigger-In:20	14	grating_off	staircase	10	green	left	unaware	1	0
103.561	0.000	trigger_31	31	103561	Trigger-In:31	14	targets_on_fp_color_change	staircase	10	green	left	unaware	1	0
104.636	0.000	trigger_201	201	104636	Trigger-In:201	14	trial_end_completed	staircase	10	green	left	unaware	1	0
105.711	0.000	trigger_101	101	105711	Trigger-In:101	15	trial_start	staircase	11	green	right	aware	1	0
105.816	0.000	trigger_11	11	105816	Trigger-In:11	15	fixation_point_on	staircase	11	green	right	aware	1	0
106.416	0.000	trigger_21	21	106416	Trigger-In:21	15	grating_on	staircase	11	green	right	aware	1	0
106.466	0.000	trigger_20	20	106466	Trigger-In:20	15	grating_off	staircase	11	green	right	aware	1	0
107.066	0.000	trigger_31	31	107066	Trigger-In:31	15	targets_on_fp_color_change	staircase	11	green	right	aware	1	0
108.026	0.000	trigger_201	201	108026	Trigger-In:201	15	trial_end_completed	staircase	11	green	right	aware	1	0
109.106	0.000	trigger_101	101	109106	Trigger-In:101	16	trial_start	staircase	10	green	right	aware	1	0
109.211	0.000	trigger_11	11	109211	Trigger-In:11	16	fixation_point_on	staircase	10	green	right	aware	1	0
109.811	0.000	trigger_21	21	109811	Trigger-In:21	16	grating_on	staircase	10	green	right	aware	1	0
109.861	0.000	trigger_20	20	109861	Trigger-In:20	16	grating_off	staircase	10	green	right	aware	1	0
110.461	0.000	trigger_31	31	110461	Trigger-In:31	16	targets_on_fp_color_change	staircase	10	green	right	aware	1	0
111.781	0.000	trigger_201	201	111781	Trigger-In:201	16	trial_end_completed	staircase	10	green	right	aware	1	0
112.861	0.000	trigger_101	101	112861	Trigger-In:101	17	trial_start	salient	0	green	left	unaware	1	0
112.961	0.000	trigger_11	11	112961	Trigger-In:11	17	fixation_point_on	salient	0	green	left	unaware	1	0
113.561	0.000	trigger_21	21	113561	Trigger-In:21	17	grating_on	salient	0	green	left	unaware	1	0
113.616	0.000	trigger_20	20	113616	Trigger-In:20	17	grating_off	salient	0	green	left	unaware	1	0
114.216	0.000	trigger_31	31	114216	Trigger-In:31	17	targets_on_fp_color_change	salient	0	green	left	unaware	1	0
116.351	0.000	trigger_201	201	116351	Trigger-In:201	17	trial_end_completed	salient	0	green	left	unaware	1	0
117.426	0.000	trigger_101	101	117426	Trigger-In:101	18	trial_start	absent	70	green	right	aware	1	0
117.531	0.000	trigger_11	11	117531	Trigger-In:11	18	fixation_point_on	absent	70	green	right	aware	1	0
118.131	0.000	trigger_21	21	118131	Trigger-In:21	18	grating_on	absent	70	green	right	aware	1	0
118.181	0.000	trigger_20	20	118181	Trigger-In:20	18	grating_off	absent	70	green	right	aware	1	0
118.781	0.000	trigger_31	31	118781	Trigger-In:31	18	targets_on_fp_color_change	absent	70	green	right	aware	1	0
119.451	0.000	trigger_201	201	119451	Trigger-In:201	18	trial_end_completed	absent	70	green	right	aware	1	0
120.531	0.000	trigger_101	101	120531	Trigger-In:101	19	trial_start	staircase	9	red	right	unaware	1	0
120.636	0.000	trigger_11	11	120636	Trigger-In:11	19	fixation_point_on	staircase	9	red	right	unaware	1	0
121.236	0.000	trigger_21	21	121236	Trigger-In:21	19	grating_on	staircase	9	red	right	unaware	1	0
121.286	0.000	trigger_20	20	121286	Trigger-In:20	19	grating_off	staircase	9	red	right	unaware	1	0
121.886	0.000	trigger_31	31	121886	Trigger-In:31	19	targets_on_fp_color_change	staircase	9	red	right	unaware	1	0
123.176	0.000	trigger_201	201	123176	Trigger-In:201	19	trial_end_completed	staircase	9	red	right	unaware	1	0
124.256	0.000	trigger_101	101	124256	Trigger-In:101	20	trial_start	staircase	10	green	right	aware	1	0
124.361	0.000	trigger_11	11	124361	Trigger-In:11	20	fixation_point_on	staircase	10	green	right	aware	1	0
124.961	0.000	trigger_21	21	124961	Trigger-In:21	20	grating_on	staircase	10	green	right	aware	1	0
125.011	0.000	trigger_20	20	125011	Trigger-In:20	20	grating_off	staircase	10	green	right	aware	1	0
125.611	0.000	trigger_31	31	125611	Trigger-In:31	20	targets_on_fp_color_change	staircase	10	green	right	aware	1	0
127.096	0.000	trigger_201	201	127096	Trigger-In:201	20	trial_end_completed	staircase	10	green	right	aware	1	0
128.171	0.000	trigger_101	101	128171	Trigger-In:101	21	trial_start	staircase	9	green	left	unaware	1	0
128.276	0.000	trigger_11	11	128276	Trigger-In:11	21	fixation_point_on	staircase	9	green	left	unaware	1	0
128.876	0.000	trigger_21	21	128876	Trigger-In:21	21	grating_on	staircase	9	green	left	unaware	1	0
128.926	0.000	trigger_20	20	128926	Trigger-In:20	21	grating_off	staircase	9	green	left	unaware	1	0
129.531	0.000	trigger_31	31	129531	Trigger-In:31	21	targets_on_fp_color_change	staircase	9	green	left	unaware	1	0
131.871	0.000	trigger_201	201	131871	Trigger-In:201	21	trial_end_completed	staircase	9	green	left	unaware	1	0
132.951	0.000	trigger_101	101	132951	Trigger-In:101	22	trial_start	staircase	10	red	right	unaware	1	0
133.056	0.000	trigger_11	11	133056	Trigger-In:11	22	fixation_point_on	staircase	10	red	right	unaware	1	0
133.656	0.000	trigger_21	21	133656	Trigger-In:21	22	grating_on	staircase	10	red	right	unaware	1	0
133.706	0.000	trigger_20	20	133706	Trigger-In:20	22	grating_off	staircase	10	red	right	unaware	1	0
134.306	0.000	trigger_31	31	134306	Trigger-In:31	22	targets_on_fp_color_change	staircase	10	red	right	unaware	1	0
136.626	0.000	trigger_201	201	136626	Trigger-In:201	22	trial_end_completed	staircase	10	red	right	unaware	1	0
137.706	0.000	trigger_101	101	137706	Trigger-In:101	23	trial_start	staircase	11	red	right	unaware	1	0
137.806	0.000	trigger_11	11	137806	Trigger-In:11	23	fixation_point_on	staircase	11	red	right	unaware	1	0
138.406	0.000	trigger_21	21	138406	Trigger-In:21	23	grating_on	staircase	11	red	right	unaware	1	0
138.456	0.000	trigger_20	20	138456	Trigger-In:20	23	grating_off	staircase	11	red	right	unaware	1	0
139.061	0.000	trigger_31	31	139061	Trigger-In:31	23	targets_on_fp_color_change	staircase	11	red	right	unaware	1	0
140.526	0.000	trigger_201	201	140526	Trigger-In:201	23	trial_end_completed	staircase	11	red	right	unaware	1	0
141.606	0.000	trigger_101	101	141606	Trigger-In:101	24	trial_start	salient	0	red	right	unaware	1	0
141.706	0.000	trigger_11	11	141706	Trigger-In:11	24	fixation_point_on	salient	0	red	right	unaware	1	0
142.311	0.000	trigger_21	21	142311	Trigger-In:21	24	grating_on	salient	0	red	right	unaware	1	0
142.366	0.000	trigger_20	20	142366	Trigger-In:20	24	grating_off	salient	0	red	right	unaware	1	0
142.966	0.000	trigger_31	31	142966	Trigger-In:31	24	targets_on_fp_color_change	salient	0	red	right	unaware	1	0
145.211	0.000	trigger_201	201	145211	Trigger-In:201	24	trial_end_completed	salient	0	red	right	unaware	1	0
146.291	0.000	trigger_101	101	146291	Trigger-In:101	25	trial_start	salient	0	green	left	unaware	1	0
146.396	0.000	trigger_11	11	146396	Trigger-In:11	25	fixation_point_on	salient	0	green	left	unaware	1	0
147.001	0.000	trigger_21	21	147001	Trigger-In:21	25	grating_on	salient	0	green	left	unaware	1	0
147.051	0.000	trigger_20	20	147051	Trigger-In:20	25	grating_off	salient	0	green	left	unaware	1	0
147.651	0.000	trigger_31	31	147651	Trigger-In:31	25	targets_on_fp_color_change	salient	0	green	left	unaware	1	0
150.246	0.000	trigger_201	201	150246	Trigger-In:201	25	trial_end_completed	salient	0	green	left	unaware	1	0
151.331	0.000	trigger_101	101	151331	Trigger-In:101	26	trial_start	staircase	12	red	right	unaware	1	0
151.436	0.000	trigger_11	11	151436	Trigger-In:11	26	fixation_point_on	staircase	12	red	right	unaware	1	0
152.036	0.000	trigger_21	21	152036	Trigger-In:21	26	grating_on	staircase	12	red	right	unaware	1	0
152.086	0.000	trigger_20	20	152086	Trigger-In:20	26	grating_off	staircase	12	red	right	unaware	1	0
152.686	0.000	trigger_31	31	152686	Trigger-In:31	26	targets_on_fp_color_change	staircase	12	red	right	unaware	1	0
154.166	0.000	trigger_201	201	154166	Trigger-In:201	26	trial_end_completed	staircase	12	red	right	unaware	1	0
155.241	0.000	trigger_101	101	155241	Trigger-In:101	27	trial_start	staircase	13	red	right	unaware	1	0
155.346	0.000	trigger_11	11	155346	Trigger-In:11	27	fixation_point_on	staircase	13	red	right	unaware	1	0
155.951	0.000	trigger_21	21	155951	Trigger-In:21	27	grating_on	staircase	13	red	right	unaware	1	0
156.001	0.000	trigger_20	20	156001	Trigger-In:20	27	grating_off	staircase	13	red	right	unaware	1	0
156.601	0.000	trigger_31	31	156601	Trigger-In:31	27	targets_on_fp_color_change	staircase	13	red	right	unaware	1	0
158.211	0.000	trigger_201	201	158211	Trigger-In:201	27	trial_end_completed	staircase	13	red	right	unaware	1	0
159.286	0.000	trigger_101	101	159286	Trigger-In:101	28	trial_start	staircase	14	green	right	aware	1	0
159.391	0.000	trigger_11	11	159391	Trigger-In:11	28	fixation_point_on	staircase	14	green	right	aware	1	0
159.991	0.000	trigger_21	21	159991	Trigger-In:21	28	grating_on	staircase	14	green	right	aware	1	0
160.041	0.000	trigger_20	20	160041	Trigger-In:20	28	grating_off	staircase	14	green	right	aware	1	0
160.641	0.000	trigger_31	31	160641	Trigger-In:31	28	targets_on_fp_color_change	staircase	14	green	right	aware	1	0
161.901	0.000	trigger_201	201	161901	Trigger-In:201	28	trial_end_completed	staircase	14	green	right	aware	1	0
162.981	0.000	trigger_101	101	162981	Trigger-In:101	29	trial_start	salient	0	red	right	unaware	1	0
163.111	0.000	trigger_11	11	163111	Trigger-In:11	29	fixation_point_on	salient	0	red	right	unaware	1	0
163.716	0.000	trigger_21	21	163716	Trigger-In:21	29	grating_on	salient	0	red	right	unaware	1	0
163.766	0.000	trigger_20	20	163766	Trigger-In:20	29	grating_off	salient	0	red	right	unaware	1	0
164.366	0.000	trigger_31	31	164366	Trigger-In:31	29	targets_on_fp_color_change	salient	0	red	right	unaware	1	0
166.361	0.000	trigger_201	201	166361	Trigger-In:201	29	trial_end_completed	salient	0	red	right	unaware	1	0
167.441	0.000	trigger_101	101	167441	Trigger-In:101	30	trial_start	staircase	13	green	right	aware	1	0
167.546	0.000	trigger_11	11	167546	Trigger-In:11	30	fixation_point_on	staircase	13	green	right	aware	1	0
168.146	0.000	trigger_21	21	168146	Trigger-In:21	30	grating_on	staircase	13	green	right	aware	1	0
168.196	0.000	trigger_20	20	168196	Trigger-In:20	30	grating_off	staircase	13	green	right	aware	1	0
168.796	0.000	trigger_31	31	168796	Trigger-In:31	30	targets_on_fp_color_change	staircase	13	green	right	aware	1	0
170.556	0.000	trigger_201	201	170556	Trigger-In:201	30	trial_end_completed	staircase	13	green	right	aware	1	0
171.631	0.000	trigger_101	101	171631	Trigger-In:101	31	trial_start	staircase	12	red	left	aware	1	0
171.741	0.000	trigger_11	11	171741	Trigger-In:11	31	fixation_point_on	staircase	12	red	left	aware	1	0
172.341	0.000	trigger_21	21	172341	Trigger-In:21	31	grating_on	staircase	12	red	left	aware	1	0
172.391	0.000	trigger_20	20	172391	Trigger-In:20	31	grating_off	staircase	12	red	left	aware	1	0
172.991	0.000	trigger_31	31	172991	Trigger-In:31	31	targets_on_fp_color_change	staircase	12	red	left	aware	1	0
174.651	0.000	trigger_201	201	174651	Trigger-In:201	31	trial_end_completed	staircase	12	red	left	aware	1	0
175.731	0.000	trigger_101	101	175731	Trigger-In:101	32	trial_start	staircase	11	green	right	aware	1	0
175.831	0.000	trigger_11	11	175831	Trigger-In:11	32	fixation_point_on	staircase	11	green	right	aware	1	0
176.436	0.000	trigger_21	21	176436	Trigger-In:21	32	grating_on	staircase	11	green	right	aware	1	0
176.486	0.000	trigger_20	20	176486	Trigger-In:20	32	grating_off	staircase	11	green	right	aware	1	0
177.086	0.000	trigger_31	31	177086	Trigger-In:31	32	targets_on_fp_color_change	staircase	11	green	right	aware	1	0
179.101	0.000	trigger_201	201	179101	Trigger-In:201	32	trial_end_completed	staircase	11	green	right	aware	1	0
180.181	0.000	trigger_101	101	180181	Trigger-In:101	33	trial_start	salient	0	green	left	unaware	1	0
180.281	0.000	trigger_11	11	180281	Trigger-In:11	33	fixation_point_on	salient	0	green	left	unaware	1	0
180.886	0.000	trigger_21	21	180886	Trigger-In:21	33	grating_on	salient	0	green	left	unaware	1	0
180.936	0.000	trigger_20	20	180936	Trigger-In:20	33	grating_off	salient	0	green	left	unaware	1	0
181.536	0.000	trigger_31	31	181536	Trigger-In:31	33	targets_on_fp_color_change	salient	0	green	left	unaware	1	0
183.636	0.000	trigger_201	201	183636	Trigger-In:201	33	trial_end_completed	salient	0	green	left	unaware	1	0
184.716	0.000	trigger_101	101	184716	Trigger-In:101	34	trial_start	staircase	10	red	left	aware	1	0
184.816	0.000	trigger_11	11	184816	Trigger-In:11	34	fixation_point_on	staircase	10	red	left	aware	1	0
185.416	0.000	trigger_21	21	185416	Trigger-In:21	34	grating_on	staircase	10	red	left	aware	1	0
185.466	0.000	trigger_20	20	185466	Trigger-In:20	34	grating_off	staircase	10	red	left	aware	1	0
186.066	0.000	trigger_31	31	186066	Trigger-In:31	34	targets_on_fp_color_change	staircase	10	red	left	aware	1	0
187.896	0.000	trigger_201	201	187896	Trigger-In:201	34	trial_end_completed	staircase	10	red	left	aware	1	0
188.976	0.000	trigger_101	101	188976	Trigger-In:101	35	trial_start	staircase	9	red	right	unaware	1	0
189.081	0.000	trigger_11	11	189081	Trigger-In:11	35	fixation_point_on	staircase	9	red	right	unaware	1	0
189.681	0.000	trigger_21	21	189681	Trigger-In:21	35	grating_on	staircase	9	red	right	unaware	1	0
189.731	0.000	trigger_20	20	189731	Trigger-In:20	35	grating_off	staircase	9	red	right	unaware	1	0
190.331	0.000	trigger_31	31	190331	Trigger-In:31	35	targets_on_fp_color_change	staircase	9	red	right	unaware	1	0
192.096	0.000	trigger_201	201	192096	Trigger-In:201	35	trial_end_completed	staircase	9	red	right	unaware	1	0
193.171	0.000	trigger_101	101	193171	Trigger-In:101	36	trial_start	staircase	10	red	right	unaware	1	0
193.276	0.000	trigger_11	11	193276	Trigger-In:11	36	fixation_point_on	staircase	10	red	right	unaware	1	0
193.876	0.000	trigger_21	21	193876	Trigger-In:21	36	grating_on	staircase	10	red	right	unaware	1	0
193.926	0.000	trigger_20	20	193926	Trigger-In:20	36	grating_off	staircase	10	red	right	unaware	1	0
194.526	0.000	trigger_31	31	194526	Trigger-In:31	36	targets_on_fp_color_change	staircase	10	red	right	unaware	1	0
197.671	0.000	trigger_201	201	197671	Trigger-In:201	36	trial_end_completed	staircase	10	red	right	unaware	1	0
198.751	0.000	trigger_101	101	198751	Trigger-In:101	37	trial_start	absent	70	green	right	aware	1	0
198.861	0.000	trigger_11	11	198861	Trigger-In:11	37	fixation_point_on	absent	70	green	right	aware	1	0
199.461	0.000	trigger_21	21	199461	Trigger-In:21	37	grating_on	absent	70	green	right	aware	1	0
199.511	0.000	trigger_20	20	199511	Trigger-In:20	37	grating_off	absent	70	green	right	aware	1	0
200.111	0.000	trigger_31	31	200111	Trigger-In:31	37	targets_on_fp_color_change	absent	70	green	right	aware	1	0
200.981	0.000	trigger_201	201	200981	Trigger-In:201	37	trial_end_completed	absent	70	green	right	aware	1	0
202.061	0.000	trigger_101	101	202061	Trigger-In:101	38	trial_start	staircase	11	green	right	aware	1	0
202.166	0.000	trigger_11	11	202166	Trigger-In:11	38	fixation_point_on	staircase	11	green	right	aware	1	0
202.771	0.000	trigger_21	21	202771	Trigger-In:21	38	grating_on	staircase	11	green	right	aware	1	0
202.821	0.000	trigger_20	20	202821	Trigger-In:20	38	grating_off	staircase	11	green	right	aware	1	0
203.421	0.000	trigger_31	31	203421	Trigger-In:31	38	targets_on_fp_color_change	staircase	11	green	right	aware	1	0
204.381	0.000	trigger_201	201	204381	Trigger-In:201	38	trial_end_completed	staircase	11	green	right	aware	1	0
205.461	0.000	trigger_101	101	205461	Trigger-In:101	39	trial_start	staircase	10	red	right	unaware	1	0
205.571	0.000	trigger_11	11	205571	Trigger-In:11	39	fixation_point_on	staircase	10	red	right	unaware	1	0
206.171	0.000	trigger_21	21	206171	Trigger-In:21	39	grating_on	staircase	10	red	right	unaware	1	0
206.221	0.000	trigger_20	20	206221	Trigger-In:20	39	grating_off	staircase	10	red	right	unaware	1	0
206.821	0.000	trigger_31	31	206821	Trigger-In:31	39	targets_on_fp_color_change	staircase	10	red	right	unaware	1	0
208.311	0.000	trigger_201	201	208311	Trigger-In:201	39	trial_end_completed	staircase	10	red	right	unaware	1	0
209.386	0.000	trigger_101	101	209386	Trigger-In:101	40	trial_start	absent	70	green	right	aware	1	0
209.491	0.000	trigger_11	11	209491	Trigger-In:11	40	fixation_point_on	absent	70	green	right	aware	1	0
210.091	0.000	trigger_21	21	210091	Trigger-In:21	40	grating_on	absent	70	green	right	aware	1	0
210.141	0.000	trigger_20	20	210141	Trigger-In:20	40	grating_off	absent	70	green	right	aware	1	0
210.741	0.000	trigger_31	31	210741	Trigger-In:31	40	targets_on_fp_color_change	absent	70	green	right	aware	1	0
211.476	0.000	trigger_201	201	211476	Trigger-In:201	40	trial_end_completed	absent	70	green	right	aware	1	0
212.556	0.000	trigger_101	101	212556	Trigger-In:101	41	trial_start	staircase	11	green	right	aware	1	0
212.666	0.000	trigger_11	11	212666	Trigger-In:11	41	fixation_point_on	staircase	11	green	right	aware	1	0
213.266	0.000	trigger_21	21	213266	Trigger-In:21	41	grating_on	staircase	11	green	right	aware	1	0
213.316	0.000	trigger_20	20	213316	Trigger-In:20	41	grating_off	staircase	11	green	right	aware	1	0
213.916	0.000	trigger_31	31	213916	Trigger-In:31	41	targets_on_fp_color_change	staircase	11	green	right	aware	1	0
214.556	0.000	trigger_201	201	214556	Trigger-In:201	41	trial_end_completed	staircase	11	green	right	aware	1	0
215.631	0.000	trigger_101	101	215631	Trigger-In:101	42	trial_start	staircase	10	green	right	aware	1	0
215.736	0.000	trigger_11	11	215736	Trigger-In:11	42	fixation_point_on	staircase	10	green	right	aware	1	0
216.336	0.000	trigger_21	21	216336	Trigger-In:21	42	grating_on	staircase	10	green	right	aware	1	0
216.386	0.000	trigger_20	20	216386	Trigger-In:20	42	grating_off	staircase	10	green	right	aware	1	0
216.986	0.000	trigger_31	31	216986	Trigger-In:31	42	targets_on_fp_color_change	staircase	10	green	right	aware	1	0
218.871	0.000	trigger_201	201	218871	Trigger-In:201	42	trial_end_completed	staircase	10	green	right	aware	1	0
219.946	0.000	trigger_101	101	219946	Trigger-In:101	43	trial_start	staircase	9	green	left	unaware	1	0
220.056	0.000	trigger_11	11	220056	Trigger-In:11	43	fixation_point_on	staircase	9	green	left	unaware	1	0
220.656	0.000	trigger_21	21	220656	Trigger-In:21	43	grating_on	staircase	9	green	left	unaware	1	0
220.706	0.000	trigger_20	20	220706	Trigger-In:20	43	grating_off	staircase	9	green	left	unaware	1	0
221.306	0.000	trigger_31	31	221306	Trigger-In:31	43	targets_on_fp_color_change	staircase	9	green	left	unaware	1	0
224.181	0.000	trigger_201	201	224181	Trigger-In:201	43	trial_end_completed	staircase	9	green	left	unaware	1	0
225.261	0.000	trigger_101	101	225261	Trigger-In:101	44	trial_start	salient	0	red	right	unaware	1	0
225.361	0.000	trigger_11	11	225361	Trigger-In:11	44	fixation_point_on	salient	0	red	right	unaware	1	0
225.961	0.000	trigger_21	21	225961	Trigger-In:21	44	grating_on	salient	0	red	right	unaware	1	0
226.016	0.000	trigger_20	20	226016	Trigger-In:20	44	grating_off	salient	0	red	right	unaware	1	0
226.616	0.000	trigger_31	31	226616	Trigger-In:31	44	targets_on_fp_color_change	salient	0	red	right	unaware	1	0
230.101	0.000	trigger_201	201	230101	Trigger-In:201	44	trial_end_completed	salient	0	red	right	unaware	1	0
231.186	0.000	trigger_101	101	231186	Trigger-In:101	45	trial_start	salient	0	red	right	unaware	1	0
231.291	0.000	trigger_11	11	231291	Trigger-In:11	45	fixation_point_on	salient	0	red	right	unaware	1	0
231.891	0.000	trigger_21	21	231891	Trigger-In:21	45	grating_on	salient	0	red	right	unaware	1	0
231.941	0.000	trigger_20	20	231941	Trigger-In:20	45	grating_off	salient	0	red	right	unaware	1	0
232.541	0.000	trigger_31	31	232541	Trigger-In:31	45	targets_on_fp_color_change	salient	0	red	right	unaware	1	0
235.961	0.000	trigger_201	201	235961	Trigger-In:201	45	trial_end_completed	salient	0	red	right	unaware	1	0
237.041	0.000	trigger_101	101	237041	Trigger-In:101	46	trial_start	absent	70	green	right	aware	1	0
237.146	0.000	trigger_11	11	237146	Trigger-In:11	46	fixation_point_on	absent	70	green	right	aware	1	0
237.746	0.000	trigger_21	21	237746	Trigger-In:21	46	grating_on	absent	70	green	right	aware	1	0
237.801	0.000	trigger_20	20	237801	Trigger-In:20	46	grating_off	absent	70	green	right	aware	1	0
238.401	0.000	trigger_31	31	238401	Trigger-In:31	46	targets_on_fp_color_change	absent	70	green	right	aware	1	0
239.276	0.000	trigger_201	201	239276	Trigger-In:201	46	trial_end_completed	absent	70	green	right	aware	1	0
240.356	0.000	trigger_101	101	240356	Trigger-In:101	47	trial_start	staircase	10	green	right	aware	1	0
240.461	0.000	trigger_11	11	240461	Trigger-In:11	47	fixation_point_on	staircase	10	green	right	aware	1	0
241.061	0.000	trigger_21	21	241061	Trigger-In:21	47	grating_on	staircase	10	green	right	aware	1	0
241.111	0.000	trigger_20	20	241111	Trigger-In:20	47	grating_off	staircase	10	green	right	aware	1	0
241.711	0.000	trigger_31	31	241711	Trigger-In:31	47	targets_on_fp_color_change	staircase	10	green	right	aware	1	0
242.831	0.000	trigger_201	201	242831	Trigger-In:201	47	trial_end_completed	staircase	10	green	right	aware	1	0
243.911	0.000	trigger_101	101	243911	Trigger-In:101	48	trial_start	salient	0	red	right	unaware	1	0
244.016	0.000	trigger_11	11	244016	Trigger-In:11	48	fixation_point_on	salient	0	red	right	unaware	1	0
244.616	0.000	trigger_21	21	244616	Trigger-In:21	48	grating_on	salient	0	red	right	unaware	1	0
244.671	0.000	trigger_20	20	244671	Trigger-In:20	48	grating_off	salient	0	red	right	unaware	1	0
245.271	0.000	trigger_31	31	245271	Trigger-In:31	48	targets_on_fp_color_change	salient	0	red	right	unaware	1	0
246.921	0.000	trigger_201	201	246921	Trigger-In:201	48	trial_end_completed	salient	0	red	right	unaware	1	0
248.001	0.000	trigger_101	101	248001	Trigger-In:101	49	trial_start	salient	0	green	left	unaware	1	0
248.106	0.000	trigger_11	11	248106	Trigger-In:11	49	fixation_point_on	salient	0	green	left	unaware	1	0
248.706	0.000	trigger_21	21	248706	Trigger-In:21	49	grating_on	salient	0	green	left	unaware	1	0
248.756	0.000	trigger_20	20	248756	Trigger-In:20	49	grating_off	salient	0	green	left	unaware	1	0
249.356	0.000	trigger_31	31	249356	Trigger-In:31	49	targets_on_fp_color_change	salient	0	green	left	unaware	1	0
250.951	0.000	trigger_201	201	250951	Trigger-In:201	49	trial_end_completed	salient	0	green	left	unaware	1	0
252.031	0.000	trigger_101	101	252031	Trigger-In:101	50	trial_start	staircase	9	green	right	aware	1	0
252.136	0.000	trigger_11	11	252136	Trigger-In:11	50	fixation_point_on	staircase	9	green	right	aware	1	0
252.736	0.000	trigger_21	21	252736	Trigger-In:21	50	grating_on	staircase	9	green	right	aware	1	0
252.786	0.000	trigger_20	20	252786	Trigger-In:20	50	grating_off	staircase	9	green	right	aware	1	0
253.386	0.000	trigger_31	31	253386	Trigger-In:31	50	targets_on_fp_color_change	staircase	9	green	right	aware	1	0
254.926	0.000	trigger_201	201	254926	Trigger-In:201	50	trial_end_completed	staircase	9	green	right	aware	1	0
256.006	0.000	trigger_101	101	256006	Trigger-In:101	51	trial_start	salient	0	green	left	unaware	1	0
256.116	0.000	trigger_11	11	256116	Trigger-In:11	51	fixation_point_on	salient	0	green	left	unaware	1	0
256.716	0.000	trigger_21	21	256716	Trigger-In:21	51	grating_on	salient	0	green	left	unaware	1	0
256.766	0.000	trigger_20	20	256766	Trigger-In:20	51	grating_off	salient	0	green	left	unaware	1	0
257.366	0.000	trigger_31	31	257366	Trigger-In:31	51	targets_on_fp_color_change	salient	0	green	left	unaware	1	0
259.836	0.000	trigger_201	201	259836	Trigger-In:201	51	trial_end_completed	salient	0	green	left	unaware	1	0
260.916	0.000	trigger_101	101	260916	Trigger-In:101	52	trial_start	salient	0	green	left	unaware	1	0
261.021	0.000	trigger_11	11	261021	Trigger-In:11	52	fixation_point_on	salient	0	green	left	unaware	1	0
261.621	0.000	trigger_21	21	261621	Trigger-In:21	52	grating_on	salient	0	green	left	unaware	1	0
261.671	0.000	trigger_20	20	261671	Trigger-In:20	52	grating_off	salient	0	green	left	unaware	1	0
262.276	0.000	trigger_31	31	262276	Trigger-In:31	52	targets_on_fp_color_change	salient	0	green	left	unaware	1	0
264.581	0.000	trigger_201	201	264581	Trigger-In:201	52	trial_end_completed	salient	0	green	left	unaware	1	0
265.656	0.000	trigger_101	101	265656	Trigger-In:101	53	trial_start	staircase	8	red	right	unaware	1	0
265.761	0.000	trigger_11	11	265761	Trigger-In:11	53	fixation_point_on	staircase	8	red	right	unaware	1	0
266.361	0.000	trigger_21	21	266361	Trigger-In:21	53	grating_on	staircase	8	red	right	unaware	1	0
266.416	0.000	trigger_20	20	266416	Trigger-In:20	53	grating_off	staircase	8	red	right	unaware	1	0
267.016	0.000	trigger_31	31	267016	Trigger-In:31	53	targets_on_fp_color_change	staircase	8	red	right	unaware	1	0
268.661	0.000	trigger_201	201	268661	Trigger-In:201	53	trial_end_completed	staircase	8	red	right	unaware	1	0
269.741	0.000	trigger_101	101	269741	Trigger-In:101	54	trial_start	salient	0	red	right	unaware	1	0
269.846	0.000	trigger_11	11	269846	Trigger-In:11	54	fixation_point_on	salient	0	red	right	unaware	1	0
270.446	0.000	trigger_21	21	270446	Trigger-In:21	54	grating_on	salient	0	red	right	unaware	1	0
270.496	0.000	trigger_20	20	270496	Trigger-In:20	54	grating_off	salient	0	red	right	unaware	1	0
271.101	0.000	trigger_31	31	271101	Trigger-In:31	54	targets_on_fp_color_change	salient	0	red	right	unaware	1	0
272.481	0.000	trigger_201	201	272481	Trigger-In:201	54	trial_end_completed	salient	0	red	right	unaware	1	0
273.556	0.000	trigger_101	101	273556	Trigger-In:101	55	trial_start	salient	0	green	left	unaware	1	0
273.666	0.000	trigger_11	11	273666	Trigger-In:11	55	fixation_point_on	salient	0	green	left	unaware	1	0
274.266	0.000	trigger_21	21	274266	Trigger-In:21	55	grating_on	salient	0	green	left	unaware	1	0
274.316	0.000	trigger_20	20	274316	Trigger-In:20	55	grating_off	salient	0	green	left	unaware	1	0
274.916	0.000	trigger_31	31	274916	Trigger-In:31	55	targets_on_fp_color_change	salient	0	green	left	unaware	1	0
276.621	0.000	trigger_201	201	276621	Trigger-In:201	55	trial_end_completed	salient	0	green	left	unaware	1	0
277.696	0.000	trigger_101	101	277696	Trigger-In:101	56	trial_start	salient	0	green	left	unaware	1	0
277.801	0.000	trigger_11	11	277801	Trigger-In:11	56	fixation_point_on	salient	0	green	left	unaware	1	0
278.401	0.000	trigger_21	21	278401	Trigger-In:21	56	grating_on	salient	0	green	left	unaware	1	0
278.451	0.000	trigger_20	20	278451	Trigger-In:20	56	grating_off	salient	0	green	left	unaware	1	0
279.051	0.000	trigger_31	31	279051	Trigger-In:31	56	targets_on_fp_color_change	salient	0	green	left	unaware	1	0
280.756	0.000	trigger_201	201	280756	Trigger-In:201	56	trial_end_completed	salient	0	green	left	unaware	1	0
281.836	0.000	trigger_101	101	281836	Trigger-In:101	57	trial_start	absent	70	red	left	aware	1	0
281.941	0.000	trigger_11	11	281941	Trigger-In:11	57	fixation_point_on	absent	70	red	left	aware	1	0
282.541	0.000	trigger_21	21	282541	Trigger-In:21	57	grating_on	absent	70	red	left	aware	1	0
282.591	0.000	trigger_20	20	282591	Trigger-In:20	57	grating_off	absent	70	red	left	aware	1	0
283.196	0.000	trigger_31	31	283196	Trigger-In:31	57	targets_on_fp_color_change	absent	70	red	left	aware	1	0
285.316	0.000	trigger_201	201	285316	Trigger-In:201	57	trial_end_completed	absent	70	red	left	aware	1	0
286.391	0.000	trigger_101	101	286391	Trigger-In:101	58	trial_start	staircase	9	green	right	aware	1	0
286.496	0.000	trigger_11	11	286496	Trigger-In:11	58	fixation_point_on	staircase	9	green	right	aware	1	0
287.096	0.000	trigger_21	21	287096	Trigger-In:21	58	grating_on	staircase	9	green	right	aware	1	0
287.146	0.000	trigger_20	20	287146	Trigger-In:20	58	grating_off	staircase	9	green	right	aware	1	0
287.746	0.000	trigger_31	31	287746	Trigger-In:31	58	targets_on_fp_color_change	staircase	9	green	right	aware	1	0
288.986	0.000	trigger_201	201	288986	Trigger-In:201	58	trial_end_completed	staircase	9	green	right	aware	1	0
290.061	0.000	trigger_101	101	290061	Trigger-In:101	59	trial_start	staircase	8	red	n/a	n/a	0	1
290.166	0.000	trigger_11	11	290166	Trigger-In:11	59	fixation_point_on	staircase	8	red	n/a	n/a	0	1
290.766	0.000	trigger_21	21	290766	Trigger-In:21	59	grating_on	staircase	8	red	n/a	n/a	0	1
290.821	0.000	trigger_20	20	290821	Trigger-In:20	59	grating_off	staircase	8	red	n/a	n/a	0	1
290.901	0.000	trigger_204	204	290901	Trigger-In:204	59	trial_end_fixation_break	staircase	8	red	n/a	n/a	0	1
292.646	0.000	trigger_101	101	292646	Trigger-In:101	60	trial_start	staircase	8	green	left	unaware	1	0
292.751	0.000	trigger_11	11	292751	Trigger-In:11	60	fixation_point_on	staircase	8	green	left	unaware	1	0
293.351	0.000	trigger_21	21	293351	Trigger-In:21	60	grating_on	staircase	8	green	left	unaware	1	0
293.401	0.000	trigger_20	20	293401	Trigger-In:20	60	grating_off	staircase	8	green	left	unaware	1	0
294.001	0.000	trigger_31	31	294001	Trigger-In:31	60	targets_on_fp_color_change	staircase	8	green	left	unaware	1	0
296.031	0.000	trigger_201	201	296031	Trigger-In:201	60	trial_end_completed	staircase	8	green	left	unaware	1	0
297.116	0.000	trigger_101	101	297116	Trigger-In:101	61	trial_start	staircase	9	red	left	aware	1	0
297.221	0.000	trigger_11	11	297221	Trigger-In:11	61	fixation_point_on	staircase	9	red	left	aware	1	0
297.821	0.000	trigger_21	21	297821	Trigger-In:21	61	grating_on	staircase	9	red	left	aware	1	0
297.871	0.000	trigger_20	20	297871	Trigger-In:20	61	grating_off	staircase	9	red	left	aware	1	0
298.476	0.000	trigger_31	31	298476	Trigger-In:31	61	targets_on_fp_color_change	staircase	9	red	left	aware	1	0
299.806	0.000	trigger_201	201	299806	Trigger-In:201	61	trial_end_completed	staircase	9	red	left	aware	1	0
300.886	0.000	trigger_101	101	300886	Trigger-In:101	62	trial_start	staircase	8	red	right	unaware	1	0
300.991	0.000	trigger_11	11	300991	Trigger-In:11	62	fixation_point_on	staircase	8	red	right	unaware	1	0
301.591	0.000	trigger_21	21	301591	Trigger-In:21	62	grating_on	staircase	8	red	right	unaware	1	0
301.641	0.000	trigger_20	20	301641	Trigger-In:20	62	grating_off	staircase	8	red	right	unaware	1	0
302.246	0.000	trigger_31	31	302246	Trigger-In:31	62	targets_on_fp_color_change	staircase	8	red	right	unaware	1	0
305.111	0.000	trigger_201	201	305111	Trigger-In:201	62	trial_end_completed	staircase	8	red	right	unaware	1	0
306.191	0.000	trigger_101	101	306191	Trigger-In:101	63	trial_start	staircase	9	red	right	unaware	1	0
306.296	0.000	trigger_11	11	306296	Trigger-In:11	63	fixation_point_on	staircase	9	red	right	unaware	1	0
306.901	0.000	trigger_21	21	306901	Trigger-In:21	63	grating_on	staircase	9	red	right	unaware	1	0
306.951	0.000	trigger_20	20	306951	Trigger-In:20	63	grating_off	staircase	9	red	right	unaware	1	0
307.551	0.000	trigger_31	31	307551	Trigger-In:31	63	targets_on_fp_color_change	staircase	9	red	right	unaware	1	0
310.976	0.000	trigger_201	201	310976	Trigger-In:201	63	trial_end_completed	staircase	9	red	right	unaware	1	0
312.061	0.000	trigger_101	101	312061	Trigger-In:101	64	trial_start	staircase	10	green	left	unaware	1	0
312.161	0.000	trigger_11	11	312161	Trigger-In:11	64	fixation_point_on	staircase	10	green	left	unaware	1	0
312.766	0.000	trigger_21	21	312766	Trigger-In:21	64	grating_on	staircase	10	green	left	unaware	1	0
312.816	0.000	trigger_20	20	312816	Trigger-In:20	64	grating_off	staircase	10	green	left	unaware	1	0
313.416	0.000	trigger_31	31	313416	Trigger-In:31	64	targets_on_fp_color_change	staircase	10	green	left	unaware	1	0
315.416	0.000	trigger_201	201	315416	Trigger-In:201	64	trial_end_completed	staircase	10	green	left	unaware	1	0
316.491	0.000	trigger_101	101	316491	Trigger-In:101	65	trial_start	staircase	11	green	left	unaware	1	0
316.596	0.000	trigger_11	11	316596	Trigger-In:11	65	fixation_point_on	staircase	11	green	left	unaware	1	0
317.201	0.000	trigger_21	21	317201	Trigger-In:21	65	grating_on	staircase	11	green	left	unaware	1	0
317.251	0.000	trigger_20	20	317251	Trigger-In:20	65	grating_off	staircase	11	green	left	unaware	1	0
317.851	0.000	trigger_31	31	317851	Trigger-In:31	65	targets_on_fp_color_change	staircase	11	green	left	unaware	1	0
320.886	0.000	trigger_201	201	320886	Trigger-In:201	65	trial_end_completed	staircase	11	green	left	unaware	1	0
321.966	0.000	trigger_101	101	321966	Trigger-In:101	66	trial_start	staircase	12	red	left	aware	1	0
322.071	0.000	trigger_11	11	322071	Trigger-In:11	66	fixation_point_on	staircase	12	red	left	aware	1	0
322.671	0.000	trigger_21	21	322671	Trigger-In:21	66	grating_on	staircase	12	red	left	aware	1	0
322.721	0.000	trigger_20	20	322721	Trigger-In:20	66	grating_off	staircase	12	red	left	aware	1	0
323.321	0.000	trigger_31	31	323321	Trigger-In:31	66	targets_on_fp_color_change	staircase	12	red	left	aware	1	0
324.536	0.000	trigger_201	201	324536	Trigger-In:201	66	trial_end_completed	staircase	12	red	left	aware	1	0
325.616	0.000	trigger_101	101	325616	Trigger-In:101	67	trial_start	salient	0	green	left	unaware	1	0
325.716	0.000	trigger_11	11	325716	Trigger-In:11	67	fixation_point_on	salient	0	green	left	unaware	1	0
326.316	0.000	trigger_21	21	326316	Trigger-In:21	67	grating_on	salient	0	green	left	unaware	1	0
326.371	0.000	trigger_20	20	326371	Trigger-In:20	67	grating_off	salient	0	green	left	unaware	1	0
326.971	0.000	trigger_31	31	326971	Trigger-In:31	67	targets_on_fp_color_change	salient	0	green	left	unaware	1	0
329.481	0.000	trigger_201	201	329481	Trigger-In:201	67	trial_end_completed	salient	0	green	left	unaware	1	0
330.561	0.000	trigger_101	101	330561	Trigger-In:101	68	trial_start	salient	0	green	left	unaware	1	0
330.666	0.000	trigger_11	11	330666	Trigger-In:11	68	fixation_point_on	salient	0	green	left	unaware	1	0
331.266	0.000	trigger_21	21	331266	Trigger-In:21	68	grating_on	salient	0	green	left	unaware	1	0
331.316	0.000	trigger_20	20	331316	Trigger-In:20	68	grating_off	salient	0	green	left	unaware	1	0
331.916	0.000	trigger_31	31	331916	Trigger-In:31	68	targets_on_fp_color_change	salient	0	green	left	unaware	1	0
333.941	0.000	trigger_201	201	333941	Trigger-In:201	68	trial_end_completed	salient	0	green	left	unaware	1	0
335.021	0.000	trigger_101	101	335021	Trigger-In:101	69	trial_start	staircase	11	red	left	aware	1	0
335.126	0.000	trigger_11	11	335126	Trigger-In:11	69	fixation_point_on	staircase	11	red	left	aware	1	0
335.726	0.000	trigger_21	21	335726	Trigger-In:21	69	grating_on	staircase	11	red	left	aware	1	0
335.776	0.000	trigger_20	20	335776	Trigger-In:20	69	grating_off	staircase	11	red	left	aware	1	0
336.376	0.000	trigger_31	31	336376	Trigger-In:31	69	targets_on_fp_color_change	staircase	11	red	left	aware	1	0
337.421	0.000	trigger_201	201	337421	Trigger-In:201	69	trial_end_completed	staircase	11	red	left	aware	1	0
338.501	0.000	trigger_101	101	338501	Trigger-In:101	70	trial_start	salient	0	green	left	unaware	1	0
338.606	0.000	trigger_11	11	338606	Trigger-In:11	70	fixation_point_on	salient	0	green	left	unaware	1	0
339.206	0.000	trigger_21	21	339206	Trigger-In:21	70	grating_on	salient	0	green	left	unaware	1	0
339.256	0.000	trigger_20	20	339256	Trigger-In:20	70	grating_off	salient	0	green	left	unaware	1	0
339.856	0.000	trigger_31	31	339856	Trigger-In:31	70	targets_on_fp_color_change	salient	0	green	left	unaware	1	0
341.691	0.000	trigger_201	201	341691	Trigger-In:201	70	trial_end_completed	salient	0	green	left	unaware	1	0
342.766	0.000	trigger_101	101	342766	Trigger-In:101	71	trial_start	staircase	10	red	left	aware	1	0
342.876	0.000	trigger_11	11	342876	Trigger-In:11	71	fixation_point_on	staircase	10	red	left	aware	1	0
343.476	0.000	trigger_21	21	343476	Trigger-In:21	71	grating_on	staircase	10	red	left	aware	1	0
343.526	0.000	trigger_20	20	343526	Trigger-In:20	71	grating_off	staircase	10	red	left	aware	1	0
344.126	0.000	trigger_31	31	344126	Trigger-In:31	71	targets_on_fp_color_change	staircase	10	red	left	aware	1	0
345.966	0.000	trigger_201	201	345966	Trigger-In:201	71	trial_end_completed	staircase	10	red	left	aware	1	0
347.046	0.000	trigger_101	101	347046	Trigger-In:101	72	trial_start	salient	0	green	left	unaware	1	0
347.151	0.000	trigger_11	11	347151	Trigger-In:11	72	fixation_point_on	salient	0	green	left	unaware	1	0
347.751	0.000	trigger_21	21	347751	Trigger-In:21	72	grating_on	salient	0	green	left	unaware	1	0
347.801	0.000	trigger_20	20	347801	Trigger-In:20	72	grating_off	salient	0	green	left	unaware	1	0
348.401	0.000	trigger_31	31	348401	Trigger-In:31	72	targets_on_fp_color_change	salient	0	green	left	unaware	1	0
350.976	0.000	trigger_201	201	350976	Trigger-In:201	72	trial_end_completed	salient	0	green	left	unaware	1	0
352.056	0.000	trigger_101	101	352056	Trigger-In:101	73	trial_start	staircase	9	red	right	unaware	1	0
352.161	0.000	trigger_11	11	352161	Trigger-In:11	73	fixation_point_on	staircase	9	red	right	unaware	1	0
352.761	0.000	trigger_21	21	352761	Trigger-In:21	73	grating_on	staircase	9	red	right	unaware	1	0
352.811	0.000	trigger_20	20	352811	Trigger-In:20	73	grating_off	staircase	9	red	right	unaware	1	0
353.411	0.000	trigger_31	31	353411	Trigger-In:31	73	targets_on_fp_color_change	staircase	9	red	right	unaware	1	0
357.566	0.000	trigger_201	201	357566	Trigger-In:201	73	trial_end_completed	staircase	9	red	right	unaware	1	0
358.651	0.000	trigger_101	101	358651	Trigger-In:101	74	trial_start	staircase	10	red	left	aware	1	0
358.756	0.000	trigger_11	11	358756	Trigger-In:11	74	fixation_point_on	staircase	10	red	left	aware	1	0
359.356	0.000	trigger_21	21	359356	Trigger-In:21	74	grating_on	staircase	10	red	left	aware	1	0
359.406	0.000	trigger_20	20	359406	Trigger-In:20	74	grating_off	staircase	10	red	left	aware	1	0
360.006	0.000	trigger_31	31	360006	Trigger-In:31	74	targets_on_fp_color_change	staircase	10	red	left	aware	1	0
361.346	0.000	trigger_201	201	361346	Trigger-In:201	74	trial_end_completed	staircase	10	red	left	aware	1	0
362.426	0.000	trigger_101	101	362426	Trigger-In:101	75	trial_start	salient	0	red	n/a	n/a	0	0
362.531	0.000	trigger_11	11	362531	Trigger-In:11	75	fixation_point_on	salient	0	red	n/a	n/a	0	0
363.136	0.000	trigger_21	21	363136	Trigger-In:21	75	grating_on	salient	0	red	n/a	n/a	0	0
363.186	0.000	trigger_20	20	363186	Trigger-In:20	75	grating_off	salient	0	red	n/a	n/a	0	0
363.786	0.000	trigger_31	31	363786	Trigger-In:31	75	targets_on_fp_color_change	salient	0	red	n/a	n/a	0	0
368.656	0.000	trigger_203	203	368656	Trigger-In:203	75	trial_end_not_completed	salient	0	red	n/a	n/a	0	0
369.771	0.000	trigger_101	101	369771	Trigger-In:101	76	trial_start	absent	70	red	left	aware	1	0
369.876	0.000	trigger_11	11	369876	Trigger-In:11	76	fixation_point_on	absent	70	red	left	aware	1	0
370.476	0.000	trigger_21	21	370476	Trigger-In:21	76	grating_on	absent	70	red	left	aware	1	0
370.526	0.000	trigger_20	20	370526	Trigger-In:20	76	grating_off	absent	70	red	left	aware	1	0
371.126	0.000	trigger_31	31	371126	Trigger-In:31	76	targets_on_fp_color_change	absent	70	red	left	aware	1	0
373.806	0.000	trigger_201	201	373806	Trigger-In:201	76	trial_end_completed	absent	70	red	left	aware	1	0
374.891	0.000	trigger_101	101	374891	Trigger-In:101	77	trial_start	staircase	9	green	left	unaware	1	0
374.996	0.000	trigger_11	11	374996	Trigger-In:11	77	fixation_point_on	staircase	9	green	left	unaware	1	0
375.596	0.000	trigger_21	21	375596	Trigger-In:21	77	grating_on	staircase	9	green	left	unaware	1	0
375.646	0.000	trigger_20	20	375646	Trigger-In:20	77	grating_off	staircase	9	green	left	unaware	1	0
376.246	0.000	trigger_31	31	376246	Trigger-In:31	77	targets_on_fp_color_change	staircase	9	green	left	unaware	1	0
378.181	0.000	trigger_201	201	378181	Trigger-In:201	77	trial_end_completed	staircase	9	green	left	unaware	1	0
379.261	0.000	trigger_101	101	379261	Trigger-In:101	78	trial_start	staircase	10	green	left	unaware	1	0
379.366	0.000	trigger_11	11	379366	Trigger-In:11	78	fixation_point_on	staircase	10	green	left	unaware	1	0
379.966	0.000	trigger_21	21	379966	Trigger-In:21	78	grating_on	staircase	10	green	left	unaware	1	0
380.016	0.000	trigger_20	20	380016	Trigger-In:20	78	grating_off	staircase	10	green	left	unaware	1	0
380.616	0.000	trigger_31	31	380616	Trigger-In:31	78	targets_on_fp_color_change	staircase	10	green	left	unaware	1	0
382.631	0.000	trigger_201	201	382631	Trigger-In:201	78	trial_end_completed	staircase	10	green	left	unaware	1	0
383.711	0.000	trigger_101	101	383711	Trigger-In:101	79	trial_start	staircase	11	green	right	aware	1	0
383.816	0.000	trigger_11	11	383816	Trigger-In:11	79	fixation_point_on	staircase	11	green	right	aware	1	0
384.416	0.000	trigger_21	21	384416	Trigger-In:21	79	grating_on	staircase	11	green	right	aware	1	0
384.466	0.000	trigger_20	20	384466	Trigger-In:20	79	grating_off	staircase	11	green	right	aware	1	0
385.071	0.000	trigger_31	31	385071	Trigger-In:31	79	targets_on_fp_color_change	staircase	11	green	right	aware	1	0
385.876	0.000	trigger_201	201	385876	Trigger-In:201	79	trial_end_completed	staircase	11	green	right	aware	1	0
386.956	0.000	trigger_101	101	386956	Trigger-In:101	80	trial_start	staircase	10	red	right	unaware	1	0
387.066	0.000	trigger_11	11	387066	Trigger-In:11	80	fixation_point_on	staircase	10	red	right	unaware	1	0
387.666	0.000	trigger_21	21	387666	Trigger-In:21	80	grating_on	staircase	10	red	right	unaware	1	0
387.716	0.000	trigger_20	20	387716	Trigger-In:20	80	grating_off	staircase	10	red	right	unaware	1	0
388.316	0.000	trigger_31	31	388316	Trigger-In:31	80	targets_on_fp_color_change	staircase	10	red	right	unaware	1	0
391.001	0.000	trigger_201	201	391001	Trigger-In:201	80	trial_end_completed	staircase	10	red	right	unaware	1	0
392.081	0.000	trigger_101	101	392081	Trigger-In:101	81	trial_start	staircase	11	green	right	aware	1	0
392.186	0.000	trigger_11	11	392186	Trigger-In:11	81	fixation_point_on	staircase	11	green	right	aware	1	0
392.786	0.000	trigger_21	21	392786	Trigger-In:21	81	grating_on	staircase	11	green	right	aware	1	0
392.836	0.000	trigger_20	20	392836	Trigger-In:20	81	grating_off	staircase	11	green	right	aware	1	0
393.436	0.000	trigger_31	31	393436	Trigger-In:31	81	targets_on_fp_color_change	staircase	11	green	right	aware	1	0
394.321	0.000	trigger_201	201	394321	Trigger-In:201	81	trial_end_completed	staircase	11	green	right	aware	1	0
395.401	0.000	trigger_101	101	395401	Trigger-In:101	82	trial_start	staircase	10	red	left	aware	1	0
395.501	0.000	trigger_11	11	395501	Trigger-In:11	82	fixation_point_on	staircase	10	red	left	aware	1	0
396.106	0.000	trigger_21	21	396106	Trigger-In:21	82	grating_on	staircase	10	red	left	aware	1	0
396.156	0.000	trigger_20	20	396156	Trigger-In:20	82	grating_off	staircase	10	red	left	aware	1	0
396.756	0.000	trigger_31	31	396756	Trigger-In:31	82	targets_on_fp_color_change	staircase	10	red	left	aware	1	0
398.046	0.000	trigger_201	201	398046	Trigger-In:201	82	trial_end_completed	staircase	10	red	left	aware	1	0
399.126	0.000	trigger_101	101	399126	Trigger-In:101	83	trial_start	staircase	9	red	right	unaware	1	0
399.231	0.000	trigger_11	11	399231	Trigger-In:11	83	fixation_point_on	staircase	9	red	right	unaware	1	0
399.831	0.000	trigger_21	21	399831	Trigger-In:21	83	grating_on	staircase	9	red	right	unaware	1	0
399.881	0.000	trigger_20	20	399881	Trigger-In:20	83	grating_off	staircase	9	red	right	unaware	1	0
400.481	0.000	trigger_31	31	400481	Trigger-In:31	83	targets_on_fp_color_change	staircase	9	red	right	unaware	1	0
403.561	0.000	trigger_201	201	403561	Trigger-In:201	83	trial_end_completed	staircase	9	red	right	unaware	1	0
404.646	0.000	trigger_101	101	404646	Trigger-In:101	84	trial_start	salient	0	red	right	unaware	1	0
404.751	0.000	trigger_11	11	404751	Trigger-In:11	84	fixation_point_on	salient	0	red	right	unaware	1	0
405.351	0.000	trigger_21	21	405351	Trigger-In:21	84	grating_on	salient	0	red	right	unaware	1	0
405.401	0.000	trigger_20	20	405401	Trigger-In:20	84	grating_off	salient	0	red	right	unaware	1	0
406.001	0.000	trigger_31	31	406001	Trigger-In:31	84	targets_on_fp_color_change	salient	0	red	right	unaware	1	0
407.326	0.000	trigger_201	201	407326	Trigger-In:201	84	trial_end_completed	salient	0	red	right	unaware	1	0
408.406	0.000	trigger_101	101	408406	Trigger-In:101	85	trial_start	staircase	10	green	left	unaware	1	0
408.511	0.000	trigger_11	11	408511	Trigger-In:11	85	fixation_point_on	staircase	10	green	left	unaware	1	0
409.111	0.000	trigger_21	21	409111	Trigger-In:21	85	grating_on	staircase	10	green	left	unaware	1	0
409.161	0.000	trigger_20	20	409161	Trigger-In:20	85	grating_off	staircase	10	green	left	unaware	1	0
409.761	0.000	trigger_31	31	409761	Trigger-In:31	85	targets_on_fp_color_change	staircase	10	green	left	unaware	1	0
411.231	0.000	trigger_201	201	411231	Trigger-In:201	85	trial_end_completed	staircase	10	green	left	unaware	1	0
412.306	0.000	trigger_101	101	412306	Trigger-In:101	86	trial_start	staircase	11	red	left	aware	1	0
412.411	0.000	trigger_11	11	412411	Trigger-In:11	86	fixation_point_on	staircase	11	red	left	aware	1	0
413.011	0.000	trigger_21	21	413011	Trigger-In:21	86	grating_on	staircase	11	red	left	aware	1	0
413.061	0.000	trigger_20	20	413061	Trigger-In:20	86	grating_off	staircase	11	red	left	aware	1	0
413.666	0.000	trigger_31	31	413666	Trigger-In:31	86	targets_on_fp_color_change	staircase	11	red	left	aware	1	0
414.756	0.000	trigger_201	201	414756	Trigger-In:201	86	trial_end_completed	staircase	11	red	left	aware	1	0
415.836	0.000	trigger_101	101	415836	Trigger-In:101	87	trial_start	staircase	10	red	right	unaware	1	0
415.941	0.000	trigger_11	11	415941	Trigger-In:11	87	fixation_point_on	staircase	10	red	right	unaware	1	0
416.541	0.000	trigger_21	21	416541	Trigger-In:21	87	grating_on	staircase	10	red	right	unaware	1	0
416.591	0.000	trigger_20	20	416591	Trigger-In:20	87	grating_off	staircase	10	red	right	unaware	1	0
417.191	0.000	trigger_31	31	417191	Trigger-In:31	87	targets_on_fp_color_change	staircase	10	red	right	unaware	1	0
418.541	0.000	trigger_201	201	418541	Trigger-In:201	87	trial_end_completed	staircase	10	red	right	unaware	1	0
419.621	0.000	trigger_101	101	419621	Trigger-In:101	88	trial_start	staircase	11	green	right	aware	1	0
419.726	0.000	trigger_11	11	419726	Trigger-In:11	88	fixation_point_on	staircase	11	green	right	aware	1	0
420.326	0.000	trigger_21	21	420326	Trigger-In:21	88	grating_on	staircase	11	green	right	aware	1	0
420.376	0.000	trigger_20	20	420376	Trigger-In:20	88	grating_off	staircase	11	green	right	aware	1	0
420.976	0.000	trigger_31	31	420976	Trigger-In:31	88	targets_on_fp_color_change	staircase	11	green	right	aware	1	0
422.651	0.000	trigger_201	201	422651	Trigger-In:201	88	trial_end_completed	staircase	11	green	right	aware	1	0
423.731	0.000	trigger_101	101	423731	Trigger-In:101	89	trial_start	staircase	10	green	right	aware	1	0
423.836	0.000	trigger_11	11	423836	Trigger-In:11	89	fixation_point_on	staircase	10	green	right	aware	1	0
424.436	0.000	trigger_21	21	424436	Trigger-In:21	89	grating_on	staircase	10	green	right	aware	1	0
424.486	0.000	trigger_20	20	424486	Trigger-In:20	89	grating_off	staircase	10	green	right	aware	1	0
425.086	0.000	trigger_31	31	425086	Trigger-In:31	89	targets_on_fp_color_change	staircase	10	green	right	aware	1	0
426.616	0.000	trigger_201	201	426616	Trigger-In:201	89	trial_end_completed	staircase	10	green	right	aware	1	0
427.696	0.000	trigger_101	101	427696	Trigger-In:101	90	trial_start	staircase	9	red	right	unaware	1	0
427.801	0.000	trigger_11	11	427801	Trigger-In:11	90	fixation_point_on	staircase	9	red	right	unaware	1	0
428.401	0.000	trigger_21	21	428401	Trigger-In:21	90	grating_on	staircase	9	red	right	unaware	1	0
428.451	0.000	trigger_20	20	428451	Trigger-In:20	90	grating_off	staircase	9	red	right	unaware	1	0
429.051	0.000	trigger_31	31	429051	Trigger-In:31	90	targets_on_fp_color_change	staircase	9	red	right	unaware	1	0
430.611	0.000	trigger_201	201	430611	Trigger-In:201	90	trial_end_completed	staircase	9	red	right	unaware	1	0
431.691	0.000	trigger_101	101	431691	Trigger-In:101	91	trial_start	staircase	10	green	left	unaware	1	0
431.796	0.000	trigger_11	11	431796	Trigger-In:11	91	fixation_point_on	staircase	10	green	left	unaware	1	0
432.401	0.000	trigger_21	21	432401	Trigger-In:21	91	grating_on	staircase	10	green	left	unaware	1	0
432.451	0.000	trigger_20	20	432451	Trigger-In:20	91	grating_off	staircase	10	green	left	unaware	1	0
433.051	0.000	trigger_31	31	433051	Trigger-In:31	91	targets_on_fp_color_change	staircase	10	green	left	unaware	1	0
436.776	0.000	trigger_201	201	436776	Trigger-In:201	91	trial_end_completed	staircase	10	green	left	unaware	1	0
437.861	0.000	trigger_101	101	437861	Trigger-In:101	92	trial_start	staircase	11	green	left	unaware	1	0
437.966	0.000	trigger_11	11	437966	Trigger-In:11	92	fixation_point_on	staircase	11	green	left	unaware	1	0
438.566	0.000	trigger_21	21	438566	Trigger-In:21	92	grating_on	staircase	11	green	left	unaware	1	0
438.621	0.000	trigger_20	20	438621	Trigger-In:20	92	grating_off	staircase	11	green	left	unaware	1	0
439.221	0.000	trigger_31	31	439221	Trigger-In:31	92	targets_on_fp_color_change	staircase	11	green	left	unaware	1	0
443.376	0.000	trigger_201	201	443376	Trigger-In:201	92	trial_end_completed	staircase	11	green	left	unaware	1	0
444.456	0.000	trigger_101	101	444456	Trigger-In:101	93	trial_start	salient	0	red	right	unaware	1	0
444.561	0.000	trigger_11	11	444561	Trigger-In:11	93	fixation_point_on	salient	0	red	right	unaware	1	0
445.161	0.000	trigger_21	21	445161	Trigger-In:21	93	grating_on	salient	0	red	right	unaware	1	0
445.211	0.000	trigger_20	20	445211	Trigger-In:20	93	grating_off	salient	0	red	right	unaware	1	0
445.811	0.000	trigger_31	31	445811	Trigger-In:31	93	targets_on_fp_color_change	salient	0	red	right	unaware	1	0
447.356	0.000	trigger_201	201	447356	Trigger-In:201	93	trial_end_completed	salient	0	red	right	unaware	1	0
448.436	0.000	trigger_101	101	448436	Trigger-In:101	94	trial_start	absent	70	red	left	aware	1	0
448.536	0.000	trigger_11	11	448536	Trigger-In:11	94	fixation_point_on	absent	70	red	left	aware	1	0
449.136	0.000	trigger_21	21	449136	Trigger-In:21	94	grating_on	absent	70	red	left	aware	1	0
449.186	0.000	trigger_20	20	449186	Trigger-In:20	94	grating_off	absent	70	red	left	aware	1	0
449.786	0.000	trigger_31	31	449786	Trigger-In:31	94	targets_on_fp_color_change	absent	70	red	left	aware	1	0
450.891	0.000	trigger_201	201	450891	Trigger-In:201	94	trial_end_completed	absent	70	red	left	aware	1	0
451.971	0.000	trigger_101	101	451971	Trigger-In:101	95	trial_start	staircase	12	red	left	aware	1	0
452.076	0.000	trigger_11	11	452076	Trigger-In:11	95	fixation_point_on	staircase	12	red	left	aware	1	0
452.676	0.000	trigger_21	21	452676	Trigger-In:21	95	grating_on	staircase	12	red	left	aware	1	0
452.726	0.000	trigger_20	20	452726	Trigger-In:20	95	grating_off	staircase	12	red	left	aware	1	0
453.326	0.000	trigger_31	31	453326	Trigger-In:31	95	targets_on_fp_color_change	staircase	12	red	left	aware	1	0
454.491	0.000	trigger_201	201	454491	Trigger-In:201	95	trial_end_completed	staircase	12	red	left	aware	1	0
455.571	0.000	trigger_101	101	455571	Trigger-In:101	96	trial_start	salient	0	red	right	unaware	1	0
455.676	0.000	trigger_11	11	455676	Trigger-In:11	96	fixation_point_on	salient	0	red	right	unaware	1	0
456.281	0.000	trigger_21	21	456281	Trigger-In:21	96	grating_on	salient	0	red	right	unaware	1	0
456.331	0.000	trigger_20	20	456331	Trigger-In:20	96	grating_off	salient	0	red	right	unaware	1	0
457.016	0.000	trigger_31	31	457016	Trigger-In:31	96	targets_on_fp_color_change	salient	0	red	right	unaware	1	0
458.756	0.000	trigger_201	201	458756	Trigger-In:201	96	trial_end_completed	salient	0	red	right	unaware	1	0
459.831	0.000	trigger_101	101	459831	Trigger-In:101	97	trial_start	staircase	11	red	left	aware	1	0
459.936	0.000	trigger_11	11	459936	Trigger-In:11	97	fixation_point_on	staircase	11	red	left	aware	1	0
460.541	0.000	trigger_21	21	460541	Trigger-In:21	97	grating_on	staircase	11	red	left	aware	1	0
460.591	0.000	trigger_20	20	460591	Trigger-In:20	97	grating_off	staircase	11	red	left	aware	1	0
461.191	0.000	trigger_31	31	461191	Trigger-In:31	97	targets_on_fp_color_change	staircase	11	red	left	aware	1	0
462.946	0.000	trigger_201	201	462946	Trigger-In:201	97	trial_end_completed	staircase	11	red	left	aware	1	0
464.026	0.000	trigger_101	101	464026	Trigger-In:101	98	trial_start	absent	70	red	left	aware	1	0
464.131	0.000	trigger_11	11	464131	Trigger-In:11	98	fixation_point_on	absent	70	red	left	aware	1	0
464.731	0.000	trigger_21	21	464731	Trigger-In:21	98	grating_on	absent	70	red	left	aware	1	0
464.781	0.000	trigger_20	20	464781	Trigger-In:20	98	grating_off	absent	70	red	left	aware	1	0
465.381	0.000	trigger_31	31	465381	Trigger-In:31	98	targets_on_fp_color_change	absent	70	red	left	aware	1	0
466.441	0.000	trigger_201	201	466441	Trigger-In:201	98	trial_end_completed	absent	70	red	left	aware	1	0
467.516	0.000	trigger_101	101	467516	Trigger-In:101	99	trial_start	staircase	10	green	left	unaware	1	0
467.621	0.000	trigger_11	11	467621	Trigger-In:11	99	fixation_point_on	staircase	10	green	left	unaware	1	0
468.221	0.000	trigger_21	21	468221	Trigger-In:21	99	grating_on	staircase	10	green	left	unaware	1	0
468.276	0.000	trigger_20	20	468276	Trigger-In:20	99	grating_off	staircase	10	green	left	unaware	1	0
468.876	0.000	trigger_31	31	468876	Trigger-In:31	99	targets_on_fp_color_change	staircase	10	green	left	unaware	1	0
470.581	0.000	trigger_201	201	470581	Trigger-In:201	99	trial_end_completed	staircase	10	green	left	unaware	1	0
471.661	0.000	trigger_101	101	471661	Trigger-In:101	100	trial_start	staircase	11	red	right	unaware	1	0
471.766	0.000	trigger_11	11	471766	Trigger-In:11	100	fixation_point_on	staircase	11	red	right	unaware	1	0
472.366	0.000	trigger_21	21	472366	Trigger-In:21	100	grating_on	staircase	11	red	right	unaware	1	0
472.416	0.000	trigger_20	20	472416	Trigger-In:20	100	grating_off	staircase	11	red	right	unaware	1	0
473.016	0.000	trigger_31	31	473016	Trigger-In:31	100	targets_on_fp_color_change	staircase	11	red	right	unaware	1	0
476.026	0.000	trigger_201	201	476026	Trigger-In:201	100	trial_end_completed	staircase	11	red	right	unaware	1	0
477.106	0.000	trigger_101	101	477106	Trigger-In:101	101	trial_start	salient	0	red	right	unaware	1	0
477.211	0.000	trigger_11	11	477211	Trigger-In:11	101	fixation_point_on	salient	0	red	right	unaware	1	0
477.811	0.000	trigger_21	21	477811	Trigger-In:21	101	grating_on	salient	0	red	right	unaware	1	0
477.866	0.000	trigger_20	20	477866	Trigger-In:20	101	grating_off	salient	0	red	right	unaware	1	0
478.466	0.000	trigger_31	31	478466	Trigger-In:31	101	targets_on_fp_color_change	salient	0	red	right	unaware	1	0
480.886	0.000	trigger_201	201	480886	Trigger-In:201	101	trial_end_completed	salient	0	red	right	unaware	1	0
481.966	0.000	trigger_101	101	481966	Trigger-In:101	102	trial_start	staircase	12	green	right	aware	1	0
482.071	0.000	trigger_11	11	482071	Trigger-In:11	102	fixation_point_on	staircase	12	green	right	aware	1	0
482.671	0.000	trigger_21	21	482671	Trigger-In:21	102	grating_on	staircase	12	green	right	aware	1	0
482.726	0.000	trigger_20	20	482726	Trigger-In:20	102	grating_off	staircase	12	green	right	aware	1	0
483.326	0.000	trigger_31	31	483326	Trigger-In:31	102	targets_on_fp_color_change	staircase	12	green	right	aware	1	0
484.451	0.000	trigger_201	201	484451	Trigger-In:201	102	trial_end_completed	staircase	12	green	right	aware	1	0
485.531	0.000	trigger_101	101	485531	Trigger-In:101	103	trial_start	staircase	11	red	right	unaware	1	0
485.636	0.000	trigger_11	11	485636	Trigger-In:11	103	fixation_point_on	staircase	11	red	right	unaware	1	0
486.236	0.000	trigger_21	21	486236	Trigger-In:21	103	grating_on	staircase	11	red	right	unaware	1	0
486.286	0.000	trigger_20	20	486286	Trigger-In:20	103	grating_off	staircase	11	red	right	unaware	1	0
486.886	0.000	trigger_31	31	486886	Trigger-In:31	103	targets_on_fp_color_change	staircase	11	red	right	unaware	1	0
489.101	0.000	trigger_201	201	489101	Trigger-In:201	103	trial_end_completed	staircase	11	red	right	unaware	1	0
490.181	0.000	trigger_101	101	490181	Trigger-In:101	104	trial_start	staircase	12	green	left	unaware	1	0
490.286	0.000	trigger_11	11	490286	Trigger-In:11	104	fixation_point_on	staircase	12	green	left	unaware	1	0
490.886	0.000	trigger_21	21	490886	Trigger-In:21	104	grating_on	staircase	12	green	left	unaware	1	0
490.936	0.000	trigger_20	20	490936	Trigger-In:20	104	grating_off	staircase	12	green	left	unaware	1	0
491.536	0.000	trigger_31	31	491536	Trigger-In:31	104	targets_on_fp_color_change	staircase	12	green	left	unaware	1	0
494.331	0.000	trigger_201	201	494331	Trigger-In:201	104	trial_end_completed	staircase	12	green	left	unaware	1	0
495.411	0.000	trigger_101	101	495411	Trigger-In:101	105	trial_start	staircase	13	green	right	aware	1	0
495.516	0.000	trigger_11	11	495516	Trigger-In:11	105	fixation_point_on	staircase	13	green	right	aware	1	0
496.116	0.000	trigger_21	21	496116	Trigger-In:21	105	grating_on	staircase	13	green	right	aware	1	0
496.171	0.000	trigger_20	20	496171	Trigger-In:20	105	grating_off	staircase	13	green	right	aware	1	0
496.771	0.000	trigger_31	31	496771	Trigger-In:31	105	targets_on_fp_color_change	staircase	13	green	right	aware	1	0
497.606	0.000	trigger_201	201	497606	Trigger-In:201	105	trial_end_completed	staircase	13	green	right	aware	1	0
498.686	0.000	trigger_101	101	498686	Trigger-In:101	106	trial_start	staircase	12	red	left	aware	1	0
498.791	0.000	trigger_11	11	498791	Trigger-In:11	106	fixation_point_on	staircase	12	red	left	aware	1	0
499.391	0.000	trigger_21	21	499391	Trigger-In:21	106	grating_on	staircase	12	red	left	aware	1	0
499.441	0.000	trigger_20	20	499441	Trigger-In:20	106	grating_off	staircase	12	red	left	aware	1	0
500.046	0.000	trigger_31	31	500046	Trigger-In:31	106	targets_on_fp_color_change	staircase	12	red	left	aware	1	0
501.201	0.000	trigger_201	201	501201	Trigger-In:201	106	trial_end_completed	staircase	12	red	left	aware	1	0
502.281	0.000	trigger_101	101	502281	Trigger-In:101	107	trial_start	absent	70	green	right	aware	1	0
502.381	0.000	trigger_11	11	502381	Trigger-In:11	107	fixation_point_on	absent	70	green	right	aware	1	0
502.981	0.000	trigger_21	21	502981	Trigger-In:21	107	grating_on	absent	70	green	right	aware	1	0
503.031	0.000	trigger_20	20	503031	Trigger-In:20	107	grating_off	absent	70	green	right	aware	1	0
503.631	0.000	trigger_31	31	503631	Trigger-In:31	107	targets_on_fp_color_change	absent	70	green	right	aware	1	0
504.556	0.000	trigger_201	201	504556	Trigger-In:201	107	trial_end_completed	absent	70	green	right	aware	1	0
505.641	0.000	trigger_101	101	505641	Trigger-In:101	108	trial_start	salient	0	green	left	unaware	1	0
505.746	0.000	trigger_11	11	505746	Trigger-In:11	108	fixation_point_on	salient	0	green	left	unaware	1	0
506.346	0.000	trigger_21	21	506346	Trigger-In:21	108	grating_on	salient	0	green	left	unaware	1	0
506.396	0.000	trigger_20	20	506396	Trigger-In:20	108	grating_off	salient	0	green	left	unaware	1	0
506.996	0.000	trigger_31	31	506996	Trigger-In:31	108	targets_on_fp_color_change	salient	0	green	left	unaware	1	0
509.641	0.000	trigger_201	201	509641	Trigger-In:201	108	trial_end_completed	salient	0	green	left	unaware	1	0
510.721	0.000	trigger_101	101	510721	Trigger-In:101	109	trial_start	staircase	11	green	left	unaware	1	0
510.826	0.000	trigger_11	11	510826	Trigger-In:11	109	fixation_point_on	staircase	11	green	left	unaware	1	0
511.426	0.000	trigger_21	21	511426	Trigger-In:21	109	grating_on	staircase	11	green	left	unaware	1	0
511.476	0.000	trigger_20	20	511476	Trigger-In:20	109	grating_off	staircase	11	green	left	unaware	1	0
512.076	0.000	trigger_31	31	512076	Trigger-In:31	109	targets_on_fp_color_change	staircase	11	green	left	unaware	1	0
513.376	0.000	trigger_201	201	513376	Trigger-In:201	109	trial_end_completed	staircase	11	green	left	unaware	1	0
514.451	0.000	trigger_101	101	514451	Trigger-In:101	110	trial_start	salient	0	red	right	unaware	1	0
514.556	0.000	trigger_11	11	514556	Trigger-In:11	110	fixation_point_on	salient	0	red	right	unaware	1	0
515.161	0.000	trigger_21	21	515161	Trigger-In:21	110	grating_on	salient	0	red	right	unaware	1	0
515.211	0.000	trigger_20	20	515211	Trigger-In:20	110	grating_off	salient	0	red	right	unaware	1	0
515.811	0.000	trigger_31	31	515811	Trigger-In:31	110	targets_on_fp_color_change	salient	0	red	right	unaware	1	0
517.976	0.000	trigger_201	201	517976	Trigger-In:201	110	trial_end_completed	salient	0	red	right	unaware	1	0
519.056	0.000	trigger_101	101	519056	Trigger-In:101	111	trial_start	staircase	12	red	left	aware	1	0
519.161	0.000	trigger_11	11	519161	Trigger-In:11	111	fixation_point_on	staircase	12	red	left	aware	1	0
519.761	0.000	trigger_21	21	519761	Trigger-In:21	111	grating_on	staircase	12	red	left	aware	1	0
519.811	0.000	trigger_20	20	519811	Trigger-In:20	111	grating_off	staircase	12	red	left	aware	1	0
520.411	0.000	trigger_31	31	520411	Trigger-In:31	111	targets_on_fp_color_change	staircase	12	red	left	aware	1	0
522.396	0.000	trigger_201	201	522396	Trigger-In:201	111	trial_end_completed	staircase	12	red	left	aware	1	0
523.481	0.000	trigger_101	101	523481	Trigger-In:101	112	trial_start	staircase	11	green	n/a	n/a	0	1
523.586	0.000	trigger_11	11	523586	Trigger-In:11	112	fixation_point_on	staircase	11	green	n/a	n/a	0	1
524.141	0.000	trigger_204	204	524141	Trigger-In:204	112	trial_end_fixation_break	staircase	11	green	n/a	n/a	0	1
525.876	0.000	trigger_101	101	525876	Trigger-In:101	113	trial_start	staircase	11	green	right	aware	1	0
525.981	0.000	trigger_11	11	525981	Trigger-In:11	113	fixation_point_on	staircase	11	green	right	aware	1	0
526.581	0.000	trigger_21	21	526581	Trigger-In:21	113	grating_on	staircase	11	green	right	aware	1	0
526.631	0.000	trigger_20	20	526631	Trigger-In:20	113	grating_off	staircase	11	green	right	aware	1	0
527.236	0.000	trigger_31	31	527236	Trigger-In:31	113	targets_on_fp_color_change	staircase	11	green	right	aware	1	0
529.986	0.000	trigger_201	201	529986	Trigger-In:201	113	trial_end_completed	staircase	11	green	right	aware	1	0
531.071	0.000	trigger_101	101	531071	Trigger-In:101	114	trial_start	staircase	10	green	n/a	n/a	0	0
531.176	0.000	trigger_11	11	531176	Trigger-In:11	114	fixation_point_on	staircase	10	green	n/a	n/a	0	0
531.776	0.000	trigger_21	21	531776	Trigger-In:21	114	grating_on	staircase	10	green	n/a	n/a	0	0
531.826	0.000	trigger_20	20	531826	Trigger-In:20	114	grating_off	staircase	10	green	n/a	n/a	0	0
532.426	0.000	trigger_31	31	532426	Trigger-In:31	114	targets_on_fp_color_change	staircase	10	green	n/a	n/a	0	0
537.271	0.000	trigger_203	203	537271	Trigger-In:203	114	trial_end_not_completed	staircase	10	green	n/a	n/a	0	0
538.386	0.000	trigger_101	101	538386	Trigger-In:101	115	trial_start	staircase	10	green	left	unaware	1	0
538.491	0.000	trigger_11	11	538491	Trigger-In:11	115	fixation_point_on	staircase	10	green	left	unaware	1	0
539.091	0.000	trigger_21	21	539091	Trigger-In:21	115	grating_on	staircase	10	green	left	unaware	1	0
539.141	0.000	trigger_20	20	539141	Trigger-In:20	115	grating_off	staircase	10	green	left	unaware	1	0
539.741	0.000	trigger_31	31	539741	Trigger-In:31	115	targets_on_fp_color_change	staircase	10	green	left	unaware	1	0
541.131	0.000	trigger_201	201	541131	Trigger-In:201	115	trial_end_completed	staircase	10	green	left	unaware	1	0
542.216	0.000	trigger_101	101	542216	Trigger-In:101	116	trial_start	staircase	11	green	right	aware	1	0
542.321	0.000	trigger_11	11	542321	Trigger-In:11	116	fixation_point_on	staircase	11	green	right	aware	1	0
542.921	0.000	trigger_21	21	542921	Trigger-In:21	116	grating_on	staircase	11	green	right	aware	1	0
542.976	0.000	trigger_20	20	542976	Trigger-In:20	116	grating_off	staircase	11	green	right	aware	1	0
543.576	0.000	trigger_31	31	543576	Trigger-In:31	116	targets_on_fp_color_change	staircase	11	green	right	aware	1	0
544.836	0.000	trigger_201	201	544836	Trigger-In:201	116	trial_end_completed	staircase	11	green	right	aware	1	0
545.921	0.000	trigger_101	101	545921	Trigger-In:101	117	trial_start	staircase	10	green	left	unaware	1	0
546.021	0.000	trigger_11	11	546021	Trigger-In:11	117	fixation_point_on	staircase	10	green	left	unaware	1	0
546.626	0.000	trigger_21	21	546626	Trigger-In:21	117	grating_on	staircase	10	green	left	unaware	1	0
546.676	0.000	trigger_20	20	546676	Trigger-In:20	117	grating_off	staircase	10	green	left	unaware	1	0
547.276	0.000	trigger_31	31	547276	Trigger-In:31	117	targets_on_fp_color_change	staircase	10	green	left	unaware	1	0
550.496	0.000	trigger_201	201	550496	Trigger-In:201	117	trial_end_completed	staircase	10	green	left	unaware	1	0
551.576	0.000	trigger_101	101	551576	Trigger-In:101	118	trial_start	staircase	11	red	left	aware	1	0
551.686	0.000	trigger_11	11	551686	Trigger-In:11	118	fixation_point_on	staircase	11	red	left	aware	1	0
552.286	0.000	trigger_21	21	552286	Trigger-In:21	118	grating_on	staircase	11	red	left	aware	1	0
552.336	0.000	trigger_20	20	552336	Trigger-In:20	118	grating_off	staircase	11	red	left	aware	1	0
552.936	0.000	trigger_31	31	552936	Trigger-In:31	118	targets_on_fp_color_change	staircase	11	red	left	aware	1	0
554.156	0.000	trigger_201	201	554156	Trigger-In:201	118	trial_end_completed	staircase	11	red	left	aware	1	0
555.236	0.000	trigger_101	101	555236	Trigger-In:101	119	trial_start	salient	0	red	right	unaware	1	0
555.341	0.000	trigger_11	11	555341	Trigger-In:11	119	fixation_point_on	salient	0	red	right	unaware	1	0
555.941	0.000	trigger_21	21	555941	Trigger-In:21	119	grating_on	salient	0	red	right	unaware	1	0
555.996	0.000	trigger_20	20	555996	Trigger-In:20	119	grating_off	salient	0	red	right	unaware	1	0
556.596	0.000	trigger_31	31	556596	Trigger-In:31	119	targets_on_fp_color_change	salient	0	red	right	unaware	1	0
558.011	0.000	trigger_201	201	558011	Trigger-In:201	119	trial_end_completed	salient	0	red	right	unaware	1	0
559.091	0.000	trigger_101	101	559091	Trigger-In:101	120	trial_start	staircase	10	red	right	unaware	1	0
559.196	0.000	trigger_11	11	559196	Trigger-In:11	120	fixation_point_on	staircase	10	red	right	unaware	1	0
559.796	0.000	trigger_21	21	559796	Trigger-In:21	120	grating_on	staircase	10	red	right	unaware	1	0
559.846	0.000	trigger_20	20	559846	Trigger-In:20	120	grating_off	staircase	10	red	right	unaware	1	0
560.446	0.000	trigger_31	31	560446	Trigger-In:31	120	targets_on_fp_color_change	staircase	10	red	right	unaware	1	0
563.081	0.000	trigger_201	201	563081	Trigger-In:201	120	trial_end_completed	staircase	10	red	right	unaware	1	0
564.166	0.000	trigger_101	101	564166	Trigger-In:101	121	trial_start	staircase	11	red	right	unaware	1	0
564.271	0.000	trigger_11	11	564271	Trigger-In:11	121	fixation_point_on	staircase	11	red	right	unaware	1	0
564.871	0.000	trigger_21	21	564871	Trigger-In:21	121	grating_on	staircase	11	red	right	unaware	1	0
564.926	0.000	trigger_20	20	564926	Trigger-In:20	121	grating_off	staircase	11	red	right	unaware	1	0
565.526	0.000	trigger_31	31	565526	Trigger-In:31	121	targets_on_fp_color_change	staircase	11	red	right	unaware	1	0
568.241	0.000	trigger_201	201	568241	Trigger-In:201	121	trial_end_completed	staircase	11	red	right	unaware	1	0
569.321	0.000	trigger_101	101	569321	Trigger-In:101	122	trial_start	salient	0	red	right	unaware	1	0
569.426	0.000	trigger_11	11	569426	Trigger-In:11	122	fixation_point_on	salient	0	red	right	unaware	1	0
570.031	0.000	trigger_21	21	570031	Trigger-In:21	122	grating_on	salient	0	red	right	unaware	1	0
570.081	0.000	trigger_20	20	570081	Trigger-In:20	122	grating_off	salient	0	red	right	unaware	1	0
570.681	0.000	trigger_31	31	570681	Trigger-In:31	122	targets_on_fp_color_change	salient	0	red	right	unaware	1	0
573.126	0.000	trigger_201	201	573126	Trigger-In:201	122	trial_end_completed	salient	0	red	right	unaware	1	0
574.216	0.000	trigger_101	101	574216	Trigger-In:101	123	trial_start	staircase	12	green	left	unaware	1	0
574.321	0.000	trigger_11	11	574321	Trigger-In:11	123	fixation_point_on	staircase	12	green	left	unaware	1	0
574.921	0.000	trigger_21	21	574921	Trigger-In:21	123	grating_on	staircase	12	green	left	unaware	1	0
574.971	0.000	trigger_20	20	574971	Trigger-In:20	123	grating_off	staircase	12	green	left	unaware	1	0
575.576	0.000	trigger_31	31	575576	Trigger-In:31	123	targets_on_fp_color_change	staircase	12	green	left	unaware	1	0
577.076	0.000	trigger_201	201	577076	Trigger-In:201	123	trial_end_completed	staircase	12	green	left	unaware	1	0
578.156	0.000	trigger_101	101	578156	Trigger-In:101	124	trial_start	staircase	13	red	left	aware	1	0
578.261	0.000	trigger_11	11	578261	Trigger-In:11	124	fixation_point_on	staircase	13	red	left	aware	1	0
578.861	0.000	trigger_21	21	578861	Trigger-In:21	124	grating_on	staircase	13	red	left	aware	1	0
578.911	0.000	trigger_20	20	578911	Trigger-In:20	124	grating_off	staircase	13	red	left	aware	1	0
579.511	0.000	trigger_31	31	579511	Trigger-In:31	124	targets_on_fp_color_change	staircase	13	red	left	aware	1	0
582.106	0.000	trigger_201	201	582106	Trigger-In:201	124	trial_end_completed	staircase	13	red	left	aware	1	0
583.191	0.000	trigger_101	101	583191	Trigger-In:101	125	trial_start	staircase	12	green	right	aware	1	0
583.296	0.000	trigger_11	11	583296	Trigger-In:11	125	fixation_point_on	staircase	12	green	right	aware	1	0
583.896	0.000	trigger_21	21	583896	Trigger-In:21	125	grating_on	staircase	12	green	right	aware	1	0
583.946	0.000	trigger_20	20	583946	Trigger-In:20	125	grating_off	staircase	12	green	right	aware	1	0
584.546	0.000	trigger_31	31	584546	Trigger-In:31	125	targets_on_fp_color_change	staircase	12	green	right	aware	1	0
587.571	0.000	trigger_201	201	587571	Trigger-In:201	125	trial_end_completed	staircase	12	green	right	aware	1	0
588.651	0.000	trigger_101	101	588651	Trigger-In:101	126	trial_start	staircase	11	red	left	aware	1	0
588.756	0.000	trigger_11	11	588756	Trigger-In:11	126	fixation_point_on	staircase	11	red	left	aware	1	0
589.356	0.000	trigger_21	21	589356	Trigger-In:21	126	grating_on	staircase	11	red	left	aware	1	0
589.406	0.000	trigger_20	20	589406	Trigger-In:20	126	grating_off	staircase	11	red	left	aware	1	0
590.011	0.000	trigger_31	31	590011	Trigger-In:31	126	targets_on_fp_color_change	staircase	11	red	left	aware	1	0
592.646	0.000	trigger_201	201	592646	Trigger-In:201	126	trial_end_completed	staircase	11	red	left	aware	1	0
593.726	0.000	trigger_101	101	593726	Trigger-In:101	127	trial_start	staircase	10	red	left	aware	1	0
593.831	0.000	trigger_11	11	593831	Trigger-In:11	127	fixation_point_on	staircase	10	red	left	aware	1	0
594.431	0.000	trigger_21	21	594431	Trigger-In:21	127	grating_on	staircase	10	red	left	aware	1	0
594.486	0.000	trigger_20	20	594486	Trigger-In:20	127	grating_off	staircase	10	red	left	aware	1	0
595.086	0.000	trigger_31	31	595086	Trigger-In:31	127	targets_on_fp_color_change	staircase	10	red	left	aware	1	0
598.851	0.000	trigger_201	201	598851	Trigger-In:201	127	trial_end_completed	staircase	10	red	left	aware	1	0
599.936	0.000	trigger_101	101	599936	Trigger-In:101	128	trial_start	salient	0	green	left	unaware	1	0
600.041	0.000	trigger_11	11	600041	Trigger-In:11	128	fixation_point_on	salient	0	green	left	unaware	1	0
600.641	0.000	trigger_21	21	600641	Trigger-In:21	128	grating_on	salient	0	green	left	unaware	1	0
600.691	0.000	trigger_20	20	600691	Trigger-In:20	128	grating_off	salient	0	green	left	unaware	1	0
601.296	0.000	trigger_31	31	601296	Trigger-In:31	128	targets_on_fp_color_change	salient	0	green	left	unaware	1	0
602.726	0.000	trigger_201	201	602726	Trigger-In:201	128	trial_end_completed	salient	0	green	left	unaware	1	0
603.806	0.000	trigger_101	101	603806	Trigger-In:101	129	trial_start	staircase	9	green	left	unaware	1	0
603.911	0.000	trigger_11	11	603911	Trigger-In:11	129	fixation_point_on	staircase	9	green	left	unaware	1	0
604.511	0.000	trigger_21	21	604511	Trigger-In:21	129	grating_on	staircase	9	green	left	unaware	1	0
604.561	0.000	trigger_20	20	604561	Trigger-In:20	129	grating_off	staircase	9	green	left	unaware	1	0
605.161	0.000	trigger_31	31	605161	Trigger-In:31	129	targets_on_fp_color_change	staircase	9	green	left	unaware	1	0
608.871	0.000	trigger_201	201	608871	Trigger-In:201	129	trial_end_completed	staircase	9	green	left	unaware	1	0
609.951	0.000	trigger_101	101	609951	Trigger-In:101	130	trial_start	salient	0	green	left	unaware	1	0
610.061	0.000	trigger_11	11	610061	Trigger-In:11	130	fixation_point_on	salient	0	green	left	unaware	1	0
610.661	0.000	trigger_21	21	610661	Trigger-In:21	130	grating_on	salient	0	green	left	unaware	1	0
610.711	0.000	trigger_20	20	610711	Trigger-In:20	130	grating_off	salient	0	green	left	unaware	1	0
611.311	0.000	trigger_31	31	611311	Trigger-In:31	130	targets_on_fp_color_change	salient	0	green	left	unaware	1	0
613.041	0.000	trigger_201	201	613041	Trigger-In:201	130	trial_end_completed	salient	0	green	left	unaware	1	0
614.121	0.000	trigger_101	101	614121	Trigger-In:101	131	trial_start	absent	70	red	left	aware	1	0
614.226	0.000	trigger_11	11	614226	Trigger-In:11	131	fixation_point_on	absent	70	red	left	aware	1	0
614.826	0.000	trigger_21	21	614826	Trigger-In:21	131	grating_on	absent	70	red	left	aware	1	0
614.876	0.000	trigger_20	20	614876	Trigger-In:20	131	grating_off	absent	70	red	left	aware	1	0
615.476	0.000	trigger_31	31	615476	Trigger-In:31	131	targets_on_fp_color_change	absent	70	red	left	aware	1	0
617.031	0.000	trigger_201	201	617031	Trigger-In:201	131	trial_end_completed	absent	70	red	left	aware	1	0
618.111	0.000	trigger_101	101	618111	Trigger-In:101	132	trial_start	staircase	10	green	left	unaware	1	0
618.211	0.000	trigger_11	11	618211	Trigger-In:11	132	fixation_point_on	staircase	10	green	left	unaware	1	0
618.811	0.000	trigger_21	21	618811	Trigger-In:21	132	grating_on	staircase	10	green	left	unaware	1	0
618.866	0.000	trigger_20	20	618866	Trigger-In:20	132	grating_off	staircase	10	green	left	unaware	1	0
619.466	0.000	trigger_31	31	619466	Trigger-In:31	132	targets_on_fp_color_change	staircase	10	green	left	unaware	1	0
621.786	0.000	trigger_201	201	621786	Trigger-In:201	132	trial_end_completed	staircase	10	green	left	unaware	1	0
622.866	0.000	trigger_101	101	622866	Trigger-In:101	133	trial_start	staircase	11	red	right	unaware	1	0
622.971	0.000	trigger_11	11	622971	Trigger-In:11	133	fixation_point_on	staircase	11	red	right	unaware	1	0
623.571	0.000	trigger_21	21	623571	Trigger-In:21	133	grating_on	staircase	11	red	right	unaware	1	0
623.621	0.000	trigger_20	20	623621	Trigger-In:20	133	grating_off	staircase	11	red	right	unaware	1	0
624.221	0.000	trigger_31	31	624221	Trigger-In:31	133	targets_on_fp_color_change	staircase	11	red	right	unaware	1	0
626.366	0.000	trigger_201	201	626366	Trigger-In:201	133	trial_end_completed	staircase	11	red	right	unaware	1	0
627.446	0.000	trigger_101	101	627446	Trigger-In:101	134	trial_start	absent	70	green	right	aware	1	0
627.686	0.000	trigger_11	11	627686	Trigger-In:11	134	fixation_point_on	absent	70	green	right	aware	1	0
628.286	0.000	trigger_21	21	628286	Trigger-In:21	134	grating_on	absent	70	green	right	aware	1	0
628.336	0.000	trigger_20	20	628336	Trigger-In:20	134	grating_off	absent	70	green	right	aware	1	0
628.936	0.000	trigger_31	31	628936	Trigger-In:31	134	targets_on_fp_color_change	absent	70	green	right	aware	1	0
629.881	0.000	trigger_201	201	629881	Trigger-In:201	134	trial_end_completed	absent	70	green	right	aware	1	0
630.961	0.000	trigger_101	101	630961	Trigger-In:101	135	trial_start	absent	70	red	left	aware	1	0
631.061	0.000	trigger_11	11	631061	Trigger-In:11	135	fixation_point_on	absent	70	red	left	aware	1	0
631.661	0.000	trigger_21	21	631661	Trigger-In:21	135	grating_on	absent	70	red	left	aware	1	0
631.711	0.000	trigger_20	20	631711	Trigger-In:20	135	grating_off	absent	70	red	left	aware	1	0
632.316	0.000	trigger_31	31	632316	Trigger-In:31	135	targets_on_fp_color_change	absent	70	red	left	aware	1	0
633.801	0.000	trigger_201	201	633801	Trigger-In:201	135	trial_end_completed	absent	70	red	left	aware	1	0
634.881	0.000	trigger_101	101	634881	Trigger-In:101	136	trial_start	staircase	12	red	left	aware	1	0
634.986	0.000	trigger_11	11	634986	Trigger-In:11	136	fixation_point_on	staircase	12	red	left	aware	1	0
635.586	0.000	trigger_21	21	635586	Trigger-In:21	136	grating_on	staircase	12	red	left	aware	1	0
635.636	0.000	trigger_20	20	635636	Trigger-In:20	136	grating_off	staircase	12	red	left	aware	1	0
636.236	0.000	trigger_31	31	636236	Trigger-In:31	136	targets_on_fp_color_change	staircase	12	red	left	aware	1	0
639.336	0.000	trigger_201	201	639336	Trigger-In:201	136	trial_end_completed	staircase	12	red	left	aware	1	0
640.416	0.000	trigger_101	101	640416	Trigger-In:101	137	trial_start	salient	0	red	left	aware	1	0
640.521	0.000	trigger_11	11	640521	Trigger-In:11	137	fixation_point_on	salient	0	red	left	aware	1	0
641.121	0.000	trigger_21	21	641121	Trigger-In:21	137	grating_on	salient	0	red	left	aware	1	0
641.171	0.000	trigger_20	20	641171	Trigger-In:20	137	grating_off	salient	0	red	left	aware	1	0
641.771	0.000	trigger_31	31	641771	Trigger-In:31	137	targets_on_fp_color_change	salient	0	red	left	aware	1	0
644.331	0.000	trigger_201	201	644331	Trigger-In:201	137	trial_end_completed	salient	0	red	left	aware	1	0
645.671	0.000	trigger_101	101	645671	Trigger-In:101	138	trial_start	staircase	11	red	right	unaware	1	0
645.776	0.000	trigger_11	11	645776	Trigger-In:11	138	fixation_point_on	staircase	11	red	right	unaware	1	0
646.376	0.000	trigger_21	21	646376	Trigger-In:21	138	grating_on	staircase	11	red	right	unaware	1	0
646.426	0.000	trigger_20	20	646426	Trigger-In:20	138	grating_off	staircase	11	red	right	unaware	1	0
647.026	0.000	trigger_31	31	647026	Trigger-In:31	138	targets_on_fp_color_change	staircase	11	red	right	unaware	1	0
651.856	0.000	trigger_201	201	651856	Trigger-In:201	138	trial_end_completed	staircase	11	red	right	unaware	1	0
652.941	0.000	trigger_101	101	652941	Trigger-In:101	139	trial_start	staircase	12	green	left	unaware	1	0
653.046	0.000	trigger_11	11	653046	Trigger-In:11	139	fixation_point_on	staircase	12	green	left	unaware	1	0
653.646	0.000	trigger_21	21	653646	Trigger-In:21	139	grating_on	staircase	12	green	left	unaware	1	0
653.696	0.000	trigger_20	20	653696	Trigger-In:20	139	grating_off	staircase	12	green	left	unaware	1	0
654.301	0.000	trigger_31	31	654301	Trigger-In:31	139	targets_on_fp_color_change	staircase	12	green	left	unaware	1	0
655.761	0.000	trigger_201	201	655761	Trigger-In:201	139	trial_end_completed	staircase	12	green	left	unaware	1	0
656.841	0.000	trigger_101	101	656841	Trigger-In:101	140	trial_start	staircase	13	red	right	unaware	1	0
656.946	0.000	trigger_11	11	656946	Trigger-In:11	140	fixation_point_on	staircase	13	red	right	unaware	1	0
657.546	0.000	trigger_21	21	657546	Trigger-In:21	140	grating_on	staircase	13	red	right	unaware	1	0
657.601	0.000	trigger_20	20	657601	Trigger-In:20	140	grating_off	staircase	13	red	right	unaware	1	0
658.201	0.000	trigger_31	31	658201	Trigger-In:31	140	targets_on_fp_color_change	staircase	13	red	right	unaware	1	0
660.311	0.000	trigger_201	201	660311	Trigger-In:201	140	trial_end_completed	staircase	13	red	right	unaware	1	0
661.396	0.000	trigger_101	101	661396	Trigger-In:101	141	trial_start	staircase	14	green	right	aware	1	0
661.501	0.000	trigger_11	11	661501	Trigger-In:11	141	fixation_point_on	staircase	14	green	right	aware	1	0
662.101	0.000	trigger_21	21	662101	Trigger-In:21	141	grating_on	staircase	14	green	right	aware	1	0
662.151	0.000	trigger_20	20	662151	Trigger-In:20	141	grating_off	staircase	14	green	right	aware	1	0
662.751	0.000	trigger_31	31	662751	Trigger-In:31	141	targets_on_fp_color_change	staircase	14	green	right	aware	1	0
666.651	0.000	trigger_201	201	666651	Trigger-In:201	141	trial_end_completed	staircase	14	green	right	aware	1	0
667.736	0.000	trigger_101	101	667736	Trigger-In:101	142	trial_start	salient	0	red	right	unaware	1	0
667.846	0.000	trigger_11	11	667846	Trigger-In:11	142	fixation_point_on	salient	0	red	right	unaware	1	0
668.446	0.000	trigger_21	21	668446	Trigger-In:21	142	grating_on	salient	0	red	right	unaware	1	0
668.496	0.000	trigger_20	20	668496	Trigger-In:20	142	grating_off	salient	0	red	right	unaware	1	0
669.096	0.000	trigger_31	31	669096	Trigger-In:31	142	targets_on_fp_color_change	salient	0	red	right	unaware	1	0
670.616	0.000	trigger_201	201	670616	Trigger-In:201	142	trial_end_completed	salient	0	red	right	unaware	1	0
671.696	0.000	trigger_101	101	671696	Trigger-In:101	143	trial_start	staircase	13	red	left	aware	1	0
671.801	0.000	trigger_11	11	671801	Trigger-In:11	143	fixation_point_on	staircase	13	red	left	aware	1	0
672.406	0.000	trigger_21	21	672406	Trigger-In:21	143	grating_on	staircase	13	red	left	aware	1	0
672.456	0.000	trigger_20	20	672456	Trigger-In:20	143	grating_off	staircase	13	red	left	aware	1	0
673.056	0.000	trigger_31	31	673056	Trigger-In:31	143	targets_on_fp_color_change	staircase	13	red	left	aware	1	0
674.526	0.000	trigger_201	201	674526	Trigger-In:201	143	trial_end_completed	staircase	13	red	left	aware	1	0
675.606	0.000	trigger_101	101	675606	Trigger-In:101	144	trial_start	staircase	12	red	right	unaware	1	0
675.711	0.000	trigger_11	11	675711	Trigger-In:11	144	fixation_point_on	staircase	12	red	right	unaware	1	0
676.311	0.000	trigger_21	21	676311	Trigger-In:21	144	grating_on	staircase	12	red	right	unaware	1	0
676.361	0.000	trigger_20	20	676361	Trigger-In:20	144	grating_off	staircase	12	red	right	unaware	1	0
676.961	0.000	trigger_31	31	676961	Trigger-In:31	144	targets_on_fp_color_change	staircase	12	red	right	unaware	1	0
679.641	0.000	trigger_201	201	679641	Trigger-In:201	144	trial_end_completed	staircase	12	red	right	unaware	1	0
680.736	0.000	trigger_101	101	680736	Trigger-In:101	145	trial_start	salient	0	red	right	unaware	1	0
680.841	0.000	trigger_11	11	680841	Trigger-In:11	145	fixation_point_on	salient	0	red	right	unaware	1	0
681.441	0.000	trigger_21	21	681441	Trigger-In:21	145	grating_on	salient	0	red	right	unaware	1	0
681.491	0.000	trigger_20	20	681491	Trigger-In:20	145	grating_off	salient	0	red	right	unaware	1	0
682.096	0.000	trigger_31	31	682096	Trigger-In:31	145	targets_on_fp_color_change	salient	0	red	right	unaware	1	0
686.056	0.000	trigger_201	201	686056	Trigger-In:201	145	trial_end_completed	salient	0	red	right	unaware	1	0
687.141	0.000	trigger_101	101	687141	Trigger-In:101	146	trial_start	salient	0	green	left	unaware	1	0
687.246	0.000	trigger_11	11	687246	Trigger-In:11	146	fixation_point_on	salient	0	green	left	unaware	1	0
687.846	0.000	trigger_21	21	687846	Trigger-In:21	146	grating_on	salient	0	green	left	unaware	1	0
687.896	0.000	trigger_20	20	687896	Trigger-In:20	146	grating_off	salient	0	green	left	unaware	1	0
688.496	0.000	trigger_31	31	688496	Trigger-In:31	146	targets_on_fp_color_change	salient	0	green	left	unaware	1	0
692.646	0.000	trigger_201	201	692646	Trigger-In:201	146	trial_end_completed	salient	0	green	left	unaware	1	0
693.731	0.000	trigger_101	101	693731	Trigger-In:101	147	trial_start	staircase	13	red	right	unaware	1	0
693.836	0.000	trigger_11	11	693836	Trigger-In:11	147	fixation_point_on	staircase	13	red	right	unaware	1	0
694.436	0.000	trigger_21	21	694436	Trigger-In:21	147	grating_on	staircase	13	red	right	unaware	1	0
694.486	0.000	trigger_20	20	694486	Trigger-In:20	147	grating_off	staircase	13	red	right	unaware	1	0
695.086	0.000	trigger_31	31	695086	Trigger-In:31	147	targets_on_fp_color_change	staircase	13	red	right	unaware	1	0
696.711	0.000	trigger_201	201	696711	Trigger-In:201	147	trial_end_completed	staircase	13	red	right	unaware	1	0
697.791	0.000	trigger_101	101	697791	Trigger-In:101	148	trial_start	salient	0	green	left	unaware	1	0
697.896	0.000	trigger_11	11	697896	Trigger-In:11	148	fixation_point_on	salient	0	green	left	unaware	1	0
698.496	0.000	trigger_21	21	698496	Trigger-In:21	148	grating_on	salient	0	green	left	unaware	1	0
698.546	0.000	trigger_20	20	698546	Trigger-In:20	148	grating_off	salient	0	green	left	unaware	1	0
699.146	0.000	trigger_31	31	699146	Trigger-In:31	148	targets_on_fp_color_change	salient	0	green	left	unaware	1	0
702.366	0.000	trigger_201	201	702366	Trigger-In:201	148	trial_end_completed	salient	0	green	left	unaware	1	0
703.451	0.000	trigger_101	101	703451	Trigger-In:101	149	trial_start	staircase	14	green	right	aware	1	0
703.556	0.000	trigger_11	11	703556	Trigger-In:11	149	fixation_point_on	staircase	14	green	right	aware	1	0
704.156	0.000	trigger_21	21	704156	Trigger-In:21	149	grating_on	staircase	14	green	right	aware	1	0
704.206	0.000	trigger_20	20	704206	Trigger-In:20	149	grating_off	staircase	14	green	right	aware	1	0
704.806	0.000	trigger_31	31	704806	Trigger-In:31	149	targets_on_fp_color_change	staircase	14	green	right	aware	1	0
705.981	0.000	trigger_201	201	705981	Trigger-In:201	149	trial_end_completed	staircase	14	green	right	aware	1	0
707.061	0.000	trigger_101	101	707061	Trigger-In:101	150	trial_start	staircase	13	green	right	aware	1	0
707.166	0.000	trigger_11	11	707166	Trigger-In:11	150	fixation_point_on	staircase	13	green	right	aware	1	0
707.766	0.000	trigger_21	21	707766	Trigger-In:21	150	grating_on	staircase	13	green	right	aware	1	0
707.816	0.000	trigger_20	20	707816	Trigger-In:20	150	grating_off	staircase	13	green	right	aware	1	0
708.421	0.000	trigger_31	31	708421	Trigger-In:31	150	targets_on_fp_color_change	staircase	13	green	right	aware	1	0
709.951	0.000	trigger_201	201	709951	Trigger-In:201	150	trial_end_completed	staircase	13	green	right	aware	1	0
711.031	0.000	trigger_101	101	711031	Trigger-In:101	151	trial_start	staircase	12	green	left	unaware	1	0
711.136	0.000	trigger_11	11	711136	Trigger-In:11	151	fixation_point_on	staircase	12	green	left	unaware	1	0
711.736	0.000	trigger_21	21	711736	Trigger-In:21	151	grating_on	staircase	12	green	left	unaware	1	0
711.786	0.000	trigger_20	20	711786	Trigger-In:20	151	grating_off	staircase	12	green	left	unaware	1	0
712.386	0.000	trigger_31	31	712386	Trigger-In:31	151	targets_on_fp_color_change	staircase	12	green	left	unaware	1	0
713.646	0.000	trigger_201	201	713646	Trigger-In:201	151	trial_end_completed	staircase	12	green	left	unaware	1	0
714.731	0.000	trigger_101	101	714731	Trigger-In:101	152	trial_start	staircase	13	green	right	aware	1	0
714.836	0.000	trigger_11	11	714836	Trigger-In:11	152	fixation_point_on	staircase	13	green	right	aware	1	0
715.436	0.000	trigger_21	21	715436	Trigger-In:21	152	grating_on	staircase	13	green	right	aware	1	0
715.486	0.000	trigger_20	20	715486	Trigger-In:20	152	grating_off	staircase	13	green	right	aware	1	0
716.086	0.000	trigger_31	31	716086	Trigger-In:31	152	targets_on_fp_color_change	staircase	13	green	right	aware	1	0
716.946	0.000	trigger_201	201	716946	Trigger-In:201	152	trial_end_completed	staircase	13	green	right	aware	1	0
718.021	0.000	trigger_101	101	718021	Trigger-In:101	153	trial_start	staircase	12	green	n/a	n/a	0	1
718.131	0.000	trigger_11	11	718131	Trigger-In:11	153	fixation_point_on	staircase	12	green	n/a	n/a	0	1
718.586	0.000	trigger_204	204	718586	Trigger-In:204	153	trial_end_fixation_break	staircase	12	green	n/a	n/a	0	1
720.336	0.000	trigger_101	101	720336	Trigger-In:101	154	trial_start	absent	70	red	left	aware	1	0
720.441	0.000	trigger_11	11	720441	Trigger-In:11	154	fixation_point_on	absent	70	red	left	aware	1	0
721.041	0.000	trigger_21	21	721041	Trigger-In:21	154	grating_on	absent	70	red	left	aware	1	0
721.091	0.000	trigger_20	20	721091	Trigger-In:20	154	grating_off	absent	70	red	left	aware	1	0
721.691	0.000	trigger_31	31	721691	Trigger-In:31	154	targets_on_fp_color_change	absent	70	red	left	aware	1	0
723.761	0.000	trigger_201	201	723761	Trigger-In:201	154	trial_end_completed	absent	70	red	left	aware	1	0
724.846	0.000	trigger_101	101	724846	Trigger-In:101	155	trial_start	staircase	12	green	left	unaware	1	0
724.951	0.000	trigger_11	11	724951	Trigger-In:11	155	fixation_point_on	staircase	12	green	left	unaware	1	0
725.551	0.000	trigger_21	21	725551	Trigger-In:21	155	grating_on	staircase	12	green	left	unaware	1	0
725.601	0.000	trigger_20	20	725601	Trigger-In:20	155	grating_off	staircase	12	green	left	unaware	1	0
726.201	0.000	trigger_31	31	726201	Trigger-In:31	155	targets_on_fp_color_change	staircase	12	green	left	unaware	1	0
727.981	0.000	trigger_201	201	727981	Trigger-In:201	155	trial_end_completed	staircase	12	green	left	unaware	1	0
729.061	0.000	trigger_101	101	729061	Trigger-In:101	156	trial_start	staircase	13	green	left	unaware	1	0
729.166	0.000	trigger_11	11	729166	Trigger-In:11	156	fixation_point_on	staircase	13	green	left	unaware	1	0
729.766	0.000	trigger_21	21	729766	Trigger-In:21	156	grating_on	staircase	13	green	left	unaware	1	0
729.816	0.000	trigger_20	20	729816	Trigger-In:20	156	grating_off	staircase	13	green	left	unaware	1	0
730.416	0.000	trigger_31	31	730416	Trigger-In:31	156	targets_on_fp_color_change	staircase	13	green	left	unaware	1	0
734.186	0.000	trigger_201	201	734186	Trigger-In:201	156	trial_end_completed	staircase	13	green	left	unaware	1	0
735.276	0.000	trigger_101	101	735276	Trigger-In:101	157	trial_start	staircase	14	red	right	unaware	1	0
735.381	0.000	trigger_11	11	735381	Trigger-In:11	157	fixation_point_on	staircase	14	red	right	unaware	1	0
735.981	0.000	trigger_21	21	735981	Trigger-In:21	157	grating_on	staircase	14	red	right	unaware	1	0
736.031	0.000	trigger_20	20	736031	Trigger-In:20	157	grating_off	staircase	14	red	right	unaware	1	0
736.631	0.000	trigger_31	31	736631	Trigger-In:31	157	targets_on_fp_color_change	staircase	14	red	right	unaware	1	0
738.866	0.000	trigger_201	201	738866	Trigger-In:201	157	trial_end_completed	staircase	14	red	right	unaware	1	0
739.946	0.000	trigger_101	101	739946	Trigger-In:101	158	trial_start	staircase	15	red	left	aware	1	0
740.051	0.000	trigger_11	11	740051	Trigger-In:11	158	fixation_point_on	staircase	15	red	left	aware	1	0
740.651	0.000	trigger_21	21	740651	Trigger-In:21	158	grating_on	staircase	15	red	left	aware	1	0
740.701	0.000	trigger_20	20	740701	Trigger-In:20	158	grating_off	staircase	15	red	left	aware	1	0
741.301	0.000	trigger_31	31	741301	Trigger-In:31	158	targets_on_fp_color_change	staircase	15	red	left	aware	1	0
745.311	0.000	trigger_201	201	745311	Trigger-In:201	158	trial_end_completed	staircase	15	red	left	aware	1	0
746.396	0.000	trigger_101	101	746396	Trigger-In:101	159	trial_start	staircase	14	red	left	aware	1	0
746.501	0.000	trigger_11	11	746501	Trigger-In:11	159	fixation_point_on	staircase	14	red	left	aware	1	0
747.101	0.000	trigger_21	21	747101	Trigger-In:21	159	grating_on	staircase	14	red	left	aware	1	0
747.151	0.000	trigger_20	20	747151	Trigger-In:20	159	grating_off	staircase	14	red	left	aware	1	0
747.751	0.000	trigger_31	31	747751	Trigger-In:31	159	targets_on_fp_color_change	staircase	14	red	left	aware	1	0
749.106	0.000	trigger_201	201	749106	Trigger-In:201	159	trial_end_completed	staircase	14	red	left	aware	1	0
750.186	0.000	trigger_101	101	750186	Trigger-In:101	160	trial_start	staircase	13	red	right	unaware	1	0
750.291	0.000	trigger_11	11	750291	Trigger-In:11	160	fixation_point_on	staircase	13	red	right	unaware	1	0
750.891	0.000	trigger_21	21	750891	Trigger-In:21	160	grating_on	staircase	13	red	right	unaware	1	0
750.941	0.000	trigger_20	20	750941	Trigger-In:20	160	grating_off	staircase	13	red	right	unaware	1	0
751.546	0.000	trigger_31	31	751546	Trigger-In:31	160	targets_on_fp_color_change	staircase	13	red	right	unaware	1	0
753.086	0.000	trigger_201	201	753086	Trigger-In:201	160	trial_end_completed	staircase	13	red	right	unaware	1	0
754.166	0.000	trigger_101	101	754166	Trigger-In:101	161	trial_start	staircase	14	green	right	aware	1	0
754.271	0.000	trigger_11	11	754271	Trigger-In:11	161	fixation_point_on	staircase	14	green	right	aware	1	0
754.876	0.000	trigger_21	21	754876	Trigger-In:21	161	grating_on	staircase	14	green	right	aware	1	0
754.926	0.000	trigger_20	20	754926	Trigger-In:20	161	grating_off	staircase	14	green	right	aware	1	0
755.526	0.000	trigger_31	31	755526	Trigger-In:31	161	targets_on_fp_color_change	staircase	14	green	right	aware	1	0
756.836	0.000	trigger_201	201	756836	Trigger-In:201	161	trial_end_completed	staircase	14	green	right	aware	1	0
757.916	0.000	trigger_101	101	757916	Trigger-In:101	162	trial_start	staircase	13	green	right	aware	1	0
758.021	0.000	trigger_11	11	758021	Trigger-In:11	162	fixation_point_on	staircase	13	green	right	aware	1	0
758.621	0.000	trigger_21	21	758621	Trigger-In:21	162	grating_on	staircase	13	green	right	aware	1	0
758.676	0.000	trigger_20	20	758676	Trigger-In:20	162	grating_off	staircase	13	green	right	aware	1	0
759.276	0.000	trigger_31	31	759276	Trigger-In:31	162	targets_on_fp_color_change	staircase	13	green	right	aware	1	0
760.736	0.000	trigger_201	201	760736	Trigger-In:201	162	trial_end_completed	staircase	13	green	right	aware	1	0
761.821	0.000	trigger_101	101	761821	Trigger-In:101	163	trial_start	staircase	12	green	left	unaware	1	0
761.926	0.000	trigger_11	11	761926	Trigger-In:11	163	fixation_point_on	staircase	12	green	left	unaware	1	0
762.526	0.000	trigger_21	21	762526	Trigger-In:21	163	grating_on	staircase	12	green	left	unaware	1	0
762.576	0.000	trigger_20	20	762576	Trigger-In:20	163	grating_off	staircase	12	green	left	unaware	1	0
763.176	0.000	trigger_31	31	763176	Trigger-In:31	163	targets_on_fp_color_change	staircase	12	green	left	unaware	1	0
767.836	0.000	trigger_201	201	767836	Trigger-In:201	163	trial_end_completed	staircase	12	green	left	unaware	1	0
768.921	0.000	trigger_101	101	768921	Trigger-In:101	164	trial_start	staircase	13	red	left	aware	1	0
769.036	0.000	trigger_11	11	769036	Trigger-In:11	164	fixation_point_on	staircase	13	red	left	aware	1	0
769.641	0.000	trigger_21	21	769641	Trigger-In:21	164	grating_on	staircase	13	red	left	aware	1	0
769.691	0.000	trigger_20	20	769691	Trigger-In:20	164	grating_off	staircase	13	red	left	aware	1	0
770.291	0.000	trigger_31	31	770291	Trigger-In:31	164	targets_on_fp_color_change	staircase	13	red	left	aware	1	0
773.711	0.000	trigger_201	201	773711	Trigger-In:201	164	trial_end_completed	staircase	13	red	left	aware	1	0
774.796	0.000	trigger_101	101	774796	Trigger-In:101	165	trial_start	staircase	12	red	left	aware	1	0
774.901	0.000	trigger_11	11	774901	Trigger-In:11	165	fixation_point_on	staircase	12	red	left	aware	1	0
775.501	0.000	trigger_21	21	775501	Trigger-In:21	165	grating_on	staircase	12	red	left	aware	1	0
775.551	0.000	trigger_20	20	775551	Trigger-In:20	165	grating_off	staircase	12	red	left	aware	1	0
776.151	0.000	trigger_31	31	776151	Trigger-In:31	165	targets_on_fp_color_change	staircase	12	red	left	aware	1	0
777.081	0.000	trigger_201	201	777081	Trigger-In:201	165	trial_end_completed	staircase	12	red	left	aware	1	0
778.161	0.000	trigger_101	101	778161	Trigger-In:101	166	trial_start	staircase	11	green	right	aware	1	0
778.266	0.000	trigger_11	11	778266	Trigger-In:11	166	fixation_point_on	staircase	11	green	right	aware	1	0
778.866	0.000	trigger_21	21	778866	Trigger-In:21	166	grating_on	staircase	11	green	right	aware	1	0
778.916	0.000	trigger_20	20	778916	Trigger-In:20	166	grating_off	staircase	11	green	right	aware	1	0
779.521	0.000	trigger_31	31	779521	Trigger-In:31	166	targets_on_fp_color_change	staircase	11	green	right	aware	1	0
780.481	0.000	trigger_201	201	780481	Trigger-In:201	166	trial_end_completed	staircase	11	green	right	aware	1	0
781.561	0.000	trigger_101	101	781561	Trigger-In:101	167	trial_start	staircase	10	green	left	unaware	1	0
781.666	0.000	trigger_11	11	781666	Trigger-In:11	167	fixation_point_on	staircase	10	green	left	unaware	1	0
782.266	0.000	trigger_21	21	782266	Trigger-In:21	167	grating_on	staircase	10	green	left	unaware	1	0
782.316	0.000	trigger_20	20	782316	Trigger-In:20	167	grating_off	staircase	10	green	left	unaware	1	0
782.916	0.000	trigger_31	31	782916	Trigger-In:31	167	targets_on_fp_color_change	staircase	10	green	left	unaware	1	0
784.841	0.000	trigger_201	201	784841	Trigger-In:201	167	trial_end_completed	staircase	10	green	left	unaware	1	0
785.921	0.000	trigger_101	101	785921	Trigger-In:101	168	trial_start	absent	70	green	right	aware	1	0
786.026	0.000	trigger_11	11	786026	Trigger-In:11	168	fixation_point_on	absent	70	green	right	aware	1	0
786.626	0.000	trigger_21	21	786626	Trigger-In:21	168	grating_on	absent	70	green	right	aware	1	0
786.676	0.000	trigger_20	20	786676	Trigger-In:20	168	grating_off	absent	70	green	right	aware	1	0
787.276	0.000	trigger_31	31	787276	Trigger-In:31	168	targets_on_fp_color_change	absent	70	green	right	aware	1	0
788.106	0.000	trigger_201	201	788106	Trigger-In:201	168	trial_end_completed	absent	70	green	right	aware	1	0
789.186	0.000	trigger_101	101	789186	Trigger-In:101	169	trial_start	staircase	11	red	left	aware	1	0
789.431	0.000	trigger_11	11	789431	Trigger-In:11	169	fixation_point_on	staircase	11	red	left	aware	1	0
790.031	0.000	trigger_21	21	790031	Trigger-In:21	169	grating_on	staircase	11	red	left	aware	1	0
790.081	0.000	trigger_20	20	790081	Trigger-In:20	169	grating_off	staircase	11	red	left	aware	1	0
790.681	0.000	trigger_31	31	790681	Trigger-In:31	169	targets_on_fp_color_change	staircase	11	red	left	aware	1	0
791.891	0.000	trigger_201	201	791891	Trigger-In:201	169	trial_end_completed	staircase	11	red	left	aware	1	0
792.971	0.000	trigger_101	101	792971	Trigger-In:101	170	trial_start	staircase	10	red	left	aware	1	0
793.081	0.000	trigger_11	11	793081	Trigger-In:11	170	fixation_point_on	staircase	10	red	left	aware	1	0
793.681	0.000	trigger_21	21	793681	Trigger-In:21	170	grating_on	staircase	10	red	left	aware	1	0
793.731	0.000	trigger_20	20	793731	Trigger-In:20	170	grating_off	staircase	10	red	left	aware	1	0
794.331	0.000	trigger_31	31	794331	Trigger-In:31	170	targets_on_fp_color_change	staircase	10	red	left	aware	1	0
796.381	0.000	trigger_201	201	796381	Trigger-In:201	170	trial_end_completed	staircase	10	red	left	aware	1	0
797.466	0.000	trigger_101	101	797466	Trigger-In:101	171	trial_start	staircase	9	red	right	unaware	1	0
797.571	0.000	trigger_11	11	797571	Trigger-In:11	171	fixation_point_on	staircase	9	red	right	unaware	1	0
798.171	0.000	trigger_21	21	798171	Trigger-In:21	171	grating_on	staircase	9	red	right	unaware	1	0
798.221	0.000	trigger_20	20	798221	Trigger-In:20	171	grating_off	staircase	9	red	right	unaware	1	0
798.821	0.000	trigger_31	31	798821	Trigger-In:31	171	targets_on_fp_color_change	staircase	9	red	right	unaware	1	0
800.796	0.000	trigger_201	201	800796	Trigger-In:201	171	trial_end_completed	staircase	9	red	right	unaware	1	0
801.876	0.000	trigger_101	101	801876	Trigger-In:101	172	trial_start	staircase	10	green	n/a	n/a	0	0
801.981	0.000	trigger_11	11	801981	Trigger-In:11	172	fixation_point_on	staircase	10	green	n/a	n/a	0	0
802.581	0.000	trigger_21	21	802581	Trigger-In:21	172	grating_on	staircase	10	green	n/a	n/a	0	0
802.631	0.000	trigger_20	20	802631	Trigger-In:20	172	grating_off	staircase	10	green	n/a	n/a	0	0
803.231	0.000	trigger_31	31	803231	Trigger-In:31	172	targets_on_fp_color_change	staircase	10	green	n/a	n/a	0	0
808.111	0.000	trigger_203	203	808111	Trigger-In:203	172	trial_end_not_completed	staircase	10	green	n/a	n/a	0	0
809.221	0.000	trigger_101	101	809221	Trigger-In:101	173	trial_start	staircase	10	green	left	unaware	1	0
809.331	0.000	trigger_11	11	809331	Trigger-In:11	173	fixation_point_on	staircase	10	green	left	unaware	1	0
809.931	0.000	trigger_21	21	809931	Trigger-In:21	173	grating_on	staircase	10	green	left	unaware	1	0
809.981	0.000	trigger_20	20	809981	Trigger-In:20	173	grating_off	staircase	10	green	left	unaware	1	0
810.581	0.000	trigger_31	31	810581	Trigger-In:31	173	targets_on_fp_color_change	staircase	10	green	left	unaware	1	0
811.916	0.000	trigger_201	201	811916	Trigger-In:201	173	trial_end_completed	staircase	10	green	left	unaware	1	0
812.996	0.000	trigger_101	101	812996	Trigger-In:101	174	trial_start	staircase	11	red	right	unaware	1	0
813.101	0.000	trigger_11	11	813101	Trigger-In:11	174	fixation_point_on	staircase	11	red	right	unaware	1	0
813.701	0.000	trigger_21	21	813701	Trigger-In:21	174	grating_on	staircase	11	red	right	unaware	1	0
813.751	0.000	trigger_20	20	813751	Trigger-In:20	174	grating_off	staircase	11	red	right	unaware	1	0
814.351	0.000	trigger_31	31	814351	Trigger-In:31	174	targets_on_fp_color_change	staircase	11	red	right	unaware	1	0
815.846	0.000	trigger_201	201	815846	Trigger-In:201	174	trial_end_completed	staircase	11	red	right	unaware	1	0
816.926	0.000	trigger_101	101	816926	Trigger-In:101	175	trial_start	staircase	12	green	left	unaware	1	0
817.031	0.000	trigger_11	11	817031	Trigger-In:11	175	fixation_point_on	staircase	12	green	left	unaware	1	0
817.631	0.000	trigger_21	21	817631	Trigger-In:21	175	grating_on	staircase	12	green	left	unaware	1	0
817.681	0.000	trigger_20	20	817681	Trigger-In:20	175	grating_off	staircase	12	green	left	unaware	1	0
818.281	0.000	trigger_31	31	818281	Trigger-In:31	175	targets_on_fp_color_change	staircase	12	green	left	unaware	1	0
820.566	0.000	trigger_201	201	820566	Trigger-In:201	175	trial_end_completed	staircase	12	green	left	unaware	1	0
821.651	0.000	trigger_101	101	821651	Trigger-In:101	176	trial_start	absent	70	green	right	aware	1	0
821.756	0.000	trigger_11	11	821756	Trigger-In:11	176	fixation_point_on	absent	70	green	right	aware	1	0
822.356	0.000	trigger_21	21	822356	Trigger-In:21	176	grating_on	absent	70	green	right	aware	1	0
822.411	0.000	trigger_20	20	822411	Trigger-In:20	176	grating_off	absent	70	green	right	aware	1	0
823.011	0.000	trigger_31	31	823011	Trigger-In:31	176	targets_on_fp_color_change	absent	70	green	right	aware	1	0
823.941	0.000	trigger_201	201	823941	Trigger-In:201	176	trial_end_completed	absent	70	green	right	aware	1	0
825.021	0.000	trigger_101	101	825021	Trigger-In:101	177	trial_start	staircase	13	red	right	unaware	1	0
825.126	0.000	trigger_11	11	825126	Trigger-In:11	177	fixation_point_on	staircase	13	red	right	unaware	1	0
825.726	0.000	trigger_21	21	825726	Trigger-In:21	177	grating_on	staircase	13	red	right	unaware	1	0
825.776	0.000	trigger_20	20	825776	Trigger-In:20	177	grating_off	staircase	13	red	right	unaware	1	0
826.376	0.000	trigger_31	31	826376	Trigger-In:31	177	targets_on_fp_color_change	staircase	13	red	right	unaware	1	0
828.951	0.000	trigger_201	201	828951	Trigger-In:201	177	trial_end_completed	staircase	13	red	right	unaware	1	0
830.036	0.000	trigger_101	101	830036	Trigger-In:101	178	trial_start	absent	70	red	left	aware	1	0
830.141	0.000	trigger_11	11	830141	Trigger-In:11	178	fixation_point_on	absent	70	red	left	aware	1	0
830.741	0.000	trigger_21	21	830741	Trigger-In:21	178	grating_on	absent	70	red	left	aware	1	0
830.791	0.000	trigger_20	20	830791	Trigger-In:20	178	grating_off	absent	70	red	left	aware	1	0
831.391	0.000	trigger_31	31	831391	Trigger-In:31	178	targets_on_fp_color_change	absent	70	red	left	aware	1	0
833.251	0.000	trigger_201	201	833251	Trigger-In:201	178	trial_end_completed	absent	70	red	left	aware	1	0
834.331	0.000	trigger_101	101	834331	Trigger-In:101	179	trial_start	salient	0	red	left	aware	1	0
834.436	0.000	trigger_11	11	834436	Trigger-In:11	179	fixation_point_on	salient	0	red	left	aware	1	0
835.041	0.000	trigger_21	21	835041	Trigger-In:21	179	grating_on	salient	0	red	left	aware	1	0
835.091	0.000	trigger_20	20	835091	Trigger-In:20	179	grating_off	salient	0	red	left	aware	1	0
835.691	0.000	trigger_31	31	835691	Trigger-In:31	179	targets_on_fp_color_change	salient	0	red	left	aware	1	0
836.976	0.000	trigger_201	201	836976	Trigger-In:201	179	trial_end_completed	salient	0	red	left	aware	1	0
838.316	0.000	trigger_101	101	838316	Trigger-In:101	180	trial_start	staircase	14	red	n/a	n/a	0	0
838.421	0.000	trigger_11	11	838421	Trigger-In:11	180	fixation_point_on	staircase	14	red	n/a	n/a	0	0
839.021	0.000	trigger_21	21	839021	Trigger-In:21	180	grating_on	staircase	14	red	n/a	n/a	0	0
839.071	0.000	trigger_20	20	839071	Trigger-In:20	180	grating_off	staircase	14	red	n/a	n/a	0	0
839.671	0.000	trigger_31	31	839671	Trigger-In:31	180	targets_on_fp_color_change	staircase	14	red	n/a	n/a	0	0
844.541	0.000	trigger_203	203	844541	Trigger-In:203	180	trial_end_not_completed	staircase	14	red	n/a	n/a	0	0
