onset	duration	trial_type	value	sample	source_annotation	trial	event_name	stim_presence	contrast	fp_color	response	awareness	trial_complete	fixation_break
80.970	0.000	trigger_101	101	80970	Trigger-In:101	1	trial_start	salient	0	green	left	unaware	1	0
81.080	0.000	trigger_11	11	81080	Trigger-In:11	1	fixation_point_on	salient	0	green	left	unaware	1	0
81.685	0.000	trigger_21	21	81685	Trigger-In:21	1	grating_on	salient	0	green	left	unaware	1	0
81.750	0.000	trigger_20	20	81750	Trigger-In:20	1	grating_off	salient	0	green	left	unaware	1	0
82.350	0.000	trigger_31	31	82350	Trigger-In:31	1	targets_on_fp_color_change	salient	0	green	left	unaware	1	0
83.495	0.000	trigger_201	201	83495	Trigger-In:201	1	trial_end_completed	salient	0	green	left	unaware	1	0
84.755	0.000	trigger_101	101	84755	Trigger-In:101	2	trial_start	staircase	14	red	left	aware	1	0
84.860	0.000	trigger_11	11	84860	Trigger-In:11	2	fixation_point_on	staircase	14	red	left	aware	1	0
85.460	0.000	trigger_21	21	85460	Trigger-In:21	2	grating_on	staircase	14	red	left	aware	1	0
85.515	0.000	trigger_20	20	85515	Trigger-In:20	2	grating_off	staircase	14	red	left	aware	1	0
86.115	0.000	trigger_31	31	86115	Trigger-In:31	2	targets_on_fp_color_change	staircase	14	red	left	aware	1	0
86.995	0.000	trigger_201	201	86995	Trigger-In:201	2	trial_end_completed	staircase	14	red	left	aware	1	0
88.085	0.000	trigger_101	101	88085	Trigger-In:101	3	trial_start	staircase	13	green	right	aware	1	0
88.190	0.000	trigger_11	11	88190	Trigger-In:11	3	fixation_point_on	staircase	13	green	right	aware	1	0
88.790	0.000	trigger_21	21	88790	Trigger-In:21	3	grating_on	staircase	13	green	right	aware	1	0
88.840	0.000	trigger_20	20	88840	Trigger-In:20	3	grating_off	staircase	13	green	right	aware	1	0
89.445	0.000	trigger_31	31	89445	Trigger-In:31	3	targets_on_fp_color_change	staircase	13	green	right	aware	1	0
90.395	0.000	trigger_201	201	90395	Trigger-In:201	3	trial_end_completed	staircase	13	green	right	aware	1	0
91.480	0.000	trigger_101	101	91480	Trigger-In:101	4	trial_start	salient	0	red	right	unaware	1	0
91.580	0.000	trigger_11	11	91580	Trigger-In:11	4	fixation_point_on	salient	0	red	right	unaware	1	0
92.180	0.000	trigger_21	21	92180	Trigger-In:21	4	grating_on	salient	0	red	right	unaware	1	0
92.235	0.000	trigger_20	20	92235	Trigger-In:20	4	grating_off	salient	0	red	right	unaware	1	0
92.835	0.000	trigger_31	31	92835	Trigger-In:31	4	targets_on_fp_color_change	salient	0	red	right	unaware	1	0
93.880	0.000	trigger_201	201	93880	Trigger-In:201	4	trial_end_completed	salient	0	red	right	unaware	1	0
94.955	0.000	trigger_101	101	94955	Trigger-In:101	5	trial_start	staircase	12	red	left	aware	1	0
95.065	0.000	trigger_11	11	95065	Trigger-In:11	5	fixation_point_on	staircase	12	red	left	aware	1	0
95.665	0.000	trigger_21	21	95665	Trigger-In:21	5	grating_on	staircase	12	red	left	aware	1	0
95.715	0.000	trigger_20	20	95715	Trigger-In:20	5	grating_off	staircase	12	red	left	aware	1	0
96.315	0.000	trigger_31	31	96315	Trigger-In:31	5	targets_on_fp_color_change	staircase	12	red	left	aware	1	0
97.900	0.000	trigger_201	201	97900	Trigger-In:201	5	trial_end_completed	staircase	12	red	left	aware	1	0
98.985	0.000	trigger_101	101	98985	Trigger-In:101	6	trial_start	staircase	11	red	left	aware	1	0
99.085	0.000	trigger_11	11	99085	Trigger-In:11	6	fixation_point_on	staircase	11	red	left	aware	1	0
99.685	0.000	trigger_21	21	99685	Trigger-In:21	6	grating_on	staircase	11	red	left	aware	1	0
99.735	0.000	trigger_20	20	99735	Trigger-In:20	6	grating_off	staircase	11	red	left	aware	1	0
100.340	0.000	trigger_31	31	100340	Trigger-In:31	6	targets_on_fp_color_change	staircase	11	red	left	aware	1	0
101.350	0.000	trigger_201	201	101350	Trigger-In:201	6	trial_end_completed	staircase	11	red	left	aware	1	0
102.430	0.000	trigger_101	101	102430	Trigger-In:101	7	trial_start	staircase	10	red	left	aware	1	0
102.535	0.000	trigger_11	11	102535	Trigger-In:11	7	fixation_point_on	staircase	10	red	left	aware	1	0
103.140	0.000	trigger_21	21	103140	Trigger-In:21	7	grating_on	staircase	10	red	left	aware	1	0
103.190	0.000	trigger_20	20	103190	Trigger-In:20	7	grating_off	staircase	10	red	left	aware	1	0
103.790	0.000	trigger_31	31	103790	Trigger-In:31	7	targets_on_fp_color_change	staircase	10	red	left	aware	1	0
104.800	0.000	trigger_201	201	104800	Trigger-In:201	7	trial_end_completed	staircase	10	red	left	aware	1	0
105.875	0.000	trigger_101	101	105875	Trigger-In:101	8	trial_start	staircase	9	green	left	unaware	1	0
105.980	0.000	trigger_11	11	105980	Trigger-In:11	8	fixation_point_on	staircase	9	green	left	unaware	1	0
106.580	0.000	trigger_21	21	106580	Trigger-In:21	8	grating_on	staircase	9	green	left	unaware	1	0
106.630	0.000	trigger_20	20	106630	Trigger-In:20	8	grating_off	staircase	9	green	left	unaware	1	0
107.230	0.000	trigger_31	31	107230	Trigger-In:31	8	targets_on_fp_color_change	staircase	9	green	left	unaware	1	0
108.555	0.000	trigger_201	201	108555	Trigger-In:201	8	trial_end_completed	staircase	9	green	left	unaware	1	0
109.635	0.000	trigger_101	101	109635	Trigger-In:101	9	trial_start	staircase	10	red	right	unaware	1	0
109.740	0.000	trigger_11	11	109740	Trigger-In:11	9	fixation_point_on	staircase	10	red	right	unaware	1	0
110.340	0.000	trigger_21	21	110340	Trigger-In:21	9	grating_on	staircase	10	red	right	unaware	1	0
110.390	0.000	trigger_20	20	110390	Trigger-In:20	9	grating_off	staircase	10	red	right	unaware	1	0
110.990	0.000	trigger_31	31	110990	Trigger-In:31	9	targets_on_fp_color_change	staircase	10	red	right	unaware	1	0
113.065	0.000	trigger_201	201	113065	Trigger-In:201	9	trial_end_completed	staircase	10	red	right	unaware	1	0
114.145	0.000	trigger_101	101	114145	Trigger-In:101	10	trial_start	salient	0	red	right	unaware	1	0
114.250	0.000	trigger_11	11	114250	Trigger-In:11	10	fixation_point_on	salient	0	red	right	unaware	1	0
114.855	0.000	trigger_21	21	114855	Trigger-In:21	10	grating_on	salient	0	red	right	unaware	1	0
114.905	0.000	trigger_20	20	114905	Trigger-In:20	10	grating_off	salient	0	red	right	unaware	1	0
115.505	0.000	trigger_31	31	115505	Trigger-In:31	10	targets_on_fp_color_change	salient	0	red	right	unaware	1	0
116.890	0.000	trigger_201	201	116890	Trigger-In:201	10	trial_end_completed	salient	0	red	right	unaware	1	0
117.970	0.000	trigger_101	101	117970	Trigger-In:101	11	trial_start	staircase	11	red	right	unaware	1	0
118.075	0.000	trigger_11	11	118075	Trigger-In:11	11	fixation_point_on	staircase	11	red	right	unaware	1	0
118.675	0.000	trigger_21	21	118675	Trigger-In:21	11	grating_on	staircase	11	red	right	unaware	1	0
118.725	0.000	trigger_20	20	118725	Trigger-In:20	11	grating_off	staircase	11	red	right	unaware	1	0
119.330	0.000	trigger_31	31	119330	Trigger-In:31	11	targets_on_fp_color_change	staircase	11	red	right	unaware	1	0
120.485	0.000	trigger_201	201	120485	Trigger-In:201	11	trial_end_completed	staircase	11	red	right	unaware	1	0
121.565	0.000	trigger_101	101	121565	Trigger-In:101	12	trial_start	staircase	12	green	left	unaware	1	0
121.670	0.000	trigger_11	11	121670	Trigger-In:11	12	fixation_point_on	staircase	12	green	left	unaware	1	0
122.270	0.000	trigger_21	21	122270	Trigger-In:21	12	grating_on	staircase	12	green	left	unaware	1	0
122.320	0.000	trigger_20	20	122320	Trigger-In:20	12	grating_off	staircase	12	green	left	unaware	1	0
122.920	0.000	trigger_31	31	122920	Trigger-In:31	12	targets_on_fp_color_change	staircase	12	green	left	unaware	1	0
124.815	0.000	trigger_201	201	124815	Trigger-In:201	12	trial_end_completed	staircase	12	green	left	unaware	1	0
125.895	0.000	trigger_101	101	125895	Trigger-In:101	13	trial_start	staircase	13	red	right	unaware	1	0
126.000	0.000	trigger_11	11	126000	Trigger-In:11	13	fixation_point_on	staircase	13	red	right	unaware	1	0
126.600	0.000	trigger_21	21	126600	Trigger-In:21	13	grating_on	staircase	13	red	right	unaware	1	0
126.650	0.000	trigger_20	20	126650	Trigger-In:20	13	grating_off	staircase	13	red	right	unaware	1	0
127.250	0.000	trigger_31	31	127250	Trigger-In:31	13	targets_on_fp_color_change	staircase	13	red	right	unaware	1	0
128.785	0.000	trigger_201	201	128785	Trigger-In:201	13	trial_end_completed	staircase	13	red	right	unaware	1	0
129.860	0.000	trigger_101	101	129860	Trigger-In:101	14	trial_start	staircase	14	red	left	aware	1	0
129.970	0.000	trigger_11	11	129970	Trigger-In:11	14	fixation_point_on	staircase	14	red	left	aware	1	0
130.570	0.000	trigger_21	21	130570	Trigger-In:21	14	grating_on	staircase	14	red	left	aware	1	0
130.620	0.000	trigger_20	20	130620	Trigger-In:20	14	grating_off	staircase	14	red	left	aware	1	0
131.220	0.000	trigger_31	31	131220	Trigger-In:31	14	targets_on_fp_color_change	staircase	14	red	left	aware	1	0
132.170	0.000	trigger_201	201	132170	Trigger-In:201	14	trial_end_completed	staircase	14	red	left	aware	1	0
133.245	0.000	trigger_101	101	133245	Trigger-In:101	15	trial_start	absent	70	green	right	aware	1	0
133.355	0.000	trigger_11	11	133355	Trigger-In:11	15	fixation_point_on	absent	70	green	right	aware	1	0
133.955	0.000	trigger_21	21	133955	Trigger-In:21	15	grating_on	absent	70	green	right	aware	1	0
134.005	0.000	trigger_20	20	134005	Trigger-In:20	15	grating_off	absent	70	green	right	aware	1	0
134.605	0.000	trigger_31	31	134605	Trigger-In:31	15	targets_on_fp_color_change	absent	70	green	right	aware	1	0
135.305	0.000	trigger_201	201	135305	Trigger-In:201	15	trial_end_completed	absent	70	green	right	aware	1	0
136.380	0.000	trigger_101	101	136380	Trigger-In:101	16	trial_start	staircase	13	green	right	aware	1	0
136.485	0.000	trigger_11	11	136485	Trigger-In:11	16	fixation_point_on	staircase	13	green	right	aware	1	0
137.085	0.000	trigger_21	21	137085	Trigger-In:21	16	grating_on	staircase	13	green	right	aware	1	0
137.135	0.000	trigger_20	20	137135	Trigger-In:20	16	grating_off	staircase	13	green	right	aware	1	0
137.735	0.000	trigger_31	31	137735	Trigger-In:31	16	targets_on_fp_color_change	staircase	13	green	right	aware	1	0
138.840	0.000	trigger_201	201	138840	Trigger-In:201	16	trial_end_completed	staircase	13	green	right	aware	1	0
139.915	0.000	trigger_101	101	139915	Trigger-In:101	17	trial_start	staircase	12	red	left	aware	1	0
140.295	0.000	trigger_11	11	140295	Trigger-In:11	17	fixation_point_on	staircase	12	red	left	aware	1	0
140.895	0.000	trigger_21	21	140895	Trigger-In:21	17	grating_on	staircase	12	red	left	aware	1	0
140.945	0.000	trigger_20	20	140945	Trigger-In:20	17	grating_off	staircase	12	red	left	aware	1	0
141.550	0.000	trigger_31	31	141550	Trigger-In:31	17	targets_on_fp_color_change	staircase	12	red	left	aware	1	0
142.890	0.000	trigger_201	201	142890	Trigger-In:201	17	trial_end_completed	staircase	12	red	left	aware	1	0
143.970	0.000	trigger_101	101	143970	Trigger-In:101	18	trial_start	staircase	11	red	left	aware	1	0
144.075	0.000	trigger_11	11	144075	Trigger-In:11	18	fixation_point_on	staircase	11	red	left	aware	1	0
144.675	0.000	trigger_21	21	144675	Trigger-In:21	18	grating_on	staircase	11	red	left	aware	1	0
144.725	0.000	trigger_20	20	144725	Trigger-In:20	18	grating_off	staircase	11	red	left	aware	1	0
145.325	0.000	trigger_31	31	145325	Trigger-In:31	18	targets_on_fp_color_change	staircase	11	red	left	aware	1	0
146.680	0.000	trigger_201	201	146680	Trigger-In:201	18	trial_end_completed	staircase	11	red	left	aware	1	0
147.755	0.000	trigger_101	101	147755	Trigger-In:101	19	trial_start	staircase	10	green	left	unaware	1	0
147.860	0.000	trigger_11	11	147860	Trigger-In:11	19	fixation_point_on	staircase	10	green	left	unaware	1	0
148.460	0.000	trigger_21	21	148460	Trigger-In:21	19	grating_on	staircase	10	green	left	unaware	1	0
148.510	0.000	trigger_20	20	148510	Trigger-In:20	19	grating_off	staircase	10	green	left	unaware	1	0
149.110	0.000	trigger_31	31	149110	Trigger-In:31	19	targets_on_fp_color_change	staircase	10	green	left	unaware	1	0
150.455	0.000	trigger_201	201	150455	Trigger-In:201	19	trial_end_completed	staircase	10	green	left	unaware	1	0
151.530	0.000	trigger_101	101	151530	Trigger-In:101	20	trial_start	staircase	11	red	right	unaware	1	0
151.635	0.000	trigger_11	11	151635	Trigger-In:11	20	fixation_point_on	staircase	11	red	right	unaware	1	0
152.235	0.000	trigger_21	21	152235	Trigger-In:21	20	grating_on	staircase	11	red	right	unaware	1	0
152.285	0.000	trigger_20	20	152285	Trigger-In:20	20	grating_off	staircase	11	red	right	unaware	1	0
152.885	0.000	trigger_31	31	152885	Trigger-In:31	20	targets_on_fp_color_change	staircase	11	red	right	unaware	1	0
154.580	0.000	trigger_201	201	154580	Trigger-In:201	20	trial_end_completed	staircase	11	red	right	unaware	1	0
155.660	0.000	trigger_101	101	155660	Trigger-In:101	21	trial_start	staircase	12	red	right	unaware	1	0
155.760	0.000	trigger_11	11	155760	Trigger-In:11	21	fixation_point_on	staircase	12	red	right	unaware	1	0
156.365	0.000	trigger_21	21	156365	Trigger-In:21	21	grating_on	staircase	12	red	right	unaware	1	0
156.415	0.000	trigger_20	20	156415	Trigger-In:20	21	grating_off	staircase	12	red	right	unaware	1	0
157.015	0.000	trigger_31	31	157015	Trigger-In:31	21	targets_on_fp_color_change	staircase	12	red	right	unaware	1	0
158.075	0.000	trigger_201	201	158075	Trigger-In:201	21	trial_end_completed	staircase	12	red	right	unaware	1	0
159.155	0.000	trigger_101	101	159155	Trigger-In:101	22	trial_start	salient	0	red	right	unaware	1	0
159.265	0.000	trigger_11	11	159265	Trigger-In:11	22	fixation_point_on	salient	0	red	right	unaware	1	0
159.865	0.000	trigger_21	21	159865	Trigger-In:21	22	grating_on	salient	0	red	right	unaware	1	0
159.915	0.000	trigger_20	20	159915	Trigger-In:20	22	grating_off	salient	0	red	right	unaware	1	0
160.520	0.000	trigger_31	31	160520	Trigger-In:31	22	targets_on_fp_color_change	salient	0	red	right	unaware	1	0
161.885	0.000	trigger_201	201	161885	Trigger-In:201	22	trial_end_completed	salient	0	red	right	unaware	1	0
162.960	0.000	trigger_101	101	162960	Trigger-In:101	23	trial_start	staircase	13	red	right	unaware	1	0
163.065	0.000	trigger_11	11	163065	Trigger-In:11	23	fixation_point_on	staircase	13	red	right	unaware	1	0
163.665	0.000	trigger_21	21	163665	Trigger-In:21	23	grating_on	staircase	13	red	right	unaware	1	0
163.715	0.000	trigger_20	20	163715	Trigger-In:20	23	grating_off	staircase	13	red	right	unaware	1	0
164.315	0.000	trigger_31	31	164315	Trigger-In:31	23	targets_on_fp_color_change	staircase	13	red	right	unaware	1	0
165.455	0.000	trigger_201	201	165455	Trigger-In:201	23	trial_end_completed	staircase	13	red	right	unaware	1	0
166.530	0.000	trigger_101	101	166530	Trigger-In:101	24	trial_start	salient	0	red	right	unaware	1	0
166.670	0.000	trigger_11	11	166670	Trigger-In:11	24	fixation_point_on	salient	0	red	right	unaware	1	0
167.270	0.000	trigger_21	21	167270	Trigger-In:21	24	grating_on	salient	0	red	right	unaware	1	0
167.320	0.000	trigger_20	20	167320	Trigger-In:20	24	grating_off	salient	0	red	right	unaware	1	0
167.920	0.000	trigger_31	31	167920	Trigger-In:31	24	targets_on_fp_color_change	salient	0	red	right	unaware	1	0
168.905	0.000	trigger_201	201	168905	Trigger-In:201	24	trial_end_completed	salient	0	red	right	unaware	1	0
169.985	0.000	trigger_101	101	169985	Trigger-In:101	25	trial_start	staircase	14	green	right	aware	1	0
170.085	0.000	trigger_11	11	170085	Trigger-In:11	25	fixation_point_on	staircase	14	green	right	aware	1	0
170.685	0.000	trigger_21	21	170685	Trigger-In:21	25	grating_on	staircase	14	green	right	aware	1	0
170.735	0.000	trigger_20	20	170735	Trigger-In:20	25	grating_off	staircase	14	green	right	aware	1	0
171.335	0.000	trigger_31	31	171335	Trigger-In:31	25	targets_on_fp_color_change	staircase	14	green	right	aware	1	0
172.370	0.000	trigger_201	201	172370	Trigger-In:201	25	trial_end_completed	staircase	14	green	right	aware	1	0
173.445	0.000	trigger_101	101	173445	Trigger-In:101	26	trial_start	staircase	13	red	right	unaware	1	0
173.550	0.000	trigger_11	11	173550	Trigger-In:11	26	fixation_point_on	staircase	13	red	right	unaware	1	0
174.150	0.000	trigger_21	21	174150	Trigger-In:21	26	grating_on	staircase	13	red	right	unaware	1	0
174.205	0.000	trigger_20	20	174205	Trigger-In:20	26	grating_off	staircase	13	red	right	unaware	1	0
174.810	0.000	trigger_31	31	174810	Trigger-In:31	26	targets_on_fp_color_change	staircase	13	red	right	unaware	1	0
176.500	0.000	trigger_201	201	176500	Trigger-In:201	26	trial_end_completed	staircase	13	red	right	unaware	1	0
177.580	0.000	trigger_101	101	177580	Trigger-In:101	27	trial_start	staircase	14	red	right	unaware	1	0
177.680	0.000	trigger_11	11	177680	Trigger-In:11	27	fixation_point_on	staircase	14	red	right	unaware	1	0
178.280	0.000	trigger_21	21	178280	Trigger-In:21	27	grating_on	staircase	14	red	right	unaware	1	0
178.330	0.000	trigger_20	20	178330	Trigger-In:20	27	grating_off	staircase	14	red	right	unaware	1	0
178.935	0.000	trigger_31	31	178935	Trigger-In:31	27	targets_on_fp_color_change	staircase	14	red	right	unaware	1	0
179.990	0.000	trigger_201	201	179990	Trigger-In:201	27	trial_end_completed	staircase	14	red	right	unaware	1	0
181.070	0.000	trigger_101	101	181070	Trigger-In:101	28	trial_start	staircase	15	green	right	aware	1	0
181.175	0.000	trigger_11	11	181175	Trigger-In:11	28	fixation_point_on	staircase	15	green	right	aware	1	0
181.775	0.000	trigger_21	21	181775	Trigger-In:21	28	grating_on	staircase	15	green	right	aware	1	0
181.825	0.000	trigger_20	20	181825	Trigger-In:20	28	grating_off	staircase	15	green	right	aware	1	0
182.425	0.000	trigger_31	31	182425	Trigger-In:31	28	targets_on_fp_color_change	staircase	15	green	right	aware	1	0
183.155	0.000	trigger_201	201	183155	Trigger-In:201	28	trial_end_completed	staircase	15	green	right	aware	1	0
184.230	0.000	trigger_101	101	184230	Trigger-In:101	29	trial_start	staircase	14	green	right	aware	1	0
184.335	0.000	trigger_11	11	184335	Trigger-In:11	29	fixation_point_on	staircase	14	green	right	aware	1	0
184.935	0.000	trigger_21	21	184935	Trigger-In:21	29	grating_on	staircase	14	green	right	aware	1	0
184.985	0.000	trigger_20	20	184985	Trigger-In:20	29	grating_off	staircase	14	green	right	aware	1	0
185.585	0.000	trigger_31	31	185585	Trigger-In:31	29	targets_on_fp_color_change	staircase	14	green	right	aware	1	0
186.720	0.000	trigger_201	201	186720	Trigger-In:201	29	trial_end_completed	staircase	14	green	right	aware	1	0
187.800	0.000	trigger_101	101	187800	Trigger-In:101	30	trial_start	salient	0	green	left	unaware	1	0
187.900	0.000	trigger_11	11	187900	Trigger-In:11	30	fixation_point_on	salient	0	green	left	unaware	1	0
188.500	0.000	trigger_21	21	188500	Trigger-In:21	30	grating_on	salient	0	green	left	unaware	1	0
188.555	0.000	trigger_20	20	188555	Trigger-In:20	30	grating_off	salient	0	green	left	unaware	1	0
189.155	0.000	trigger_31	31	189155	Trigger-In:31	30	targets_on_fp_color_change	salient	0	green	left	unaware	1	0
190.600	0.000	trigger_201	201	190600	Trigger-In:201	30	trial_end_completed	salient	0	green	left	unaware	1	0
191.680	0.000	trigger_101	101	191680	Trigger-In:101	31	trial_start	staircase	13	red	right	unaware	1	0
191.785	0.000	trigger_11	11	191785	Trigger-In:11	31	fixation_point_on	staircase	13	red	right	unaware	1	0
192.385	0.000	trigger_21	21	192385	Trigger-In:21	31	grating_on	staircase	13	red	right	unaware	1	0
192.435	0.000	trigger_20	20	192435	Trigger-In:20	31	grating_off	staircase	13	red	right	unaware	1	0
193.035	0.000	trigger_31	31	193035	Trigger-In:31	31	targets_on_fp_color_change	staircase	13	red	right	unaware	1	0
194.385	0.000	trigger_201	201	194385	Trigger-In:201	31	trial_end_completed	staircase	13	red	right	unaware	1	0
195.465	0.000	trigger_101	101	195465	Trigger-In:101	32	trial_start	salient	0	green	left	unaware	1	0
195.565	0.000	trigger_11	11	195565	Trigger-In:11	32	fixation_point_on	salient	0	green	left	unaware	1	0
196.165	0.000	trigger_21	21	196165	Trigger-In:21	32	grating_on	salient	0	green	left	unaware	1	0
196.215	0.000	trigger_20	20	196215	Trigger-In:20	32	grating_off	salient	0	green	left	unaware	1	0
196.815	0.000	trigger_31	31	196815	Trigger-In:31	32	targets_on_fp_color_change	salient	0	green	left	unaware	1	0
198.030	0.000	trigger_201	201	198030	Trigger-In:201	32	trial_end_completed	salient	0	green	left	unaware	1	0
199.110	0.000	trigger_101	101	199110	Trigger-In:101	33	trial_start	staircase	14	red	right	unaware	1	0
199.215	0.000	trigger_11	11	199215	Trigger-In:11	33	fixation_point_on	staircase	14	red	right	unaware	1	0
199.815	0.000	trigger_21	21	199815	Trigger-In:21	33	grating_on	staircase	14	red	right	unaware	1	0
199.870	0.000	trigger_20	20	199870	Trigger-In:20	33	grating_off	staircase	14	red	right	unaware	1	0
200.470	0.000	trigger_31	31	200470	Trigger-In:31	33	targets_on_fp_color_change	staircase	14	red	right	unaware	1	0
201.710	0.000	trigger_201	201	201710	Trigger-In:201	33	trial_end_completed	staircase	14	red	right	unaware	1	0
202.785	0.000	trigger_101	101	202785	Trigger-In:101	34	trial_start	staircase	15	red	right	unaware	1	0
202.890	0.000	trigger_11	11	202890	Trigger-In:11	34	fixation_point_on	staircase	15	red	right	unaware	1	0
203.490	0.000	trigger_21	21	203490	Trigger-In:21	34	grating_on	staircase	15	red	right	unaware	1	0
203.540	0.000	trigger_20	20	203540	Trigger-In:20	34	grating_off	staircase	15	red	right	unaware	1	0
204.140	0.000	trigger_31	31	204140	Trigger-In:31	34	targets_on_fp_color_change	staircase	15	red	right	unaware	1	0
206.210	0.000	trigger_201	201	206210	Trigger-In:201	34	trial_end_completed	staircase	15	red	right	unaware	1	0
207.290	0.000	trigger_101	101	207290	Trigger-In:101	35	trial_start	staircase	16	red	right	unaware	1	0
207.395	0.000	trigger_11	11	207395	Trigger-In:11	35	fixation_point_on	staircase	16	red	right	unaware	1	0
207.995	0.000	trigger_21	21	207995	Trigger-In:21	35	grating_on	staircase	16	red	right	unaware	1	0
208.045	0.000	trigger_20	20	208045	Trigger-In:20	35	grating_off	staircase	16	red	right	unaware	1	0
208.645	0.000	trigger_31	31	208645	Trigger-In:31	35	targets_on_fp_color_change	staircase	16	red	right	unaware	1	0
209.660	0.000	trigger_201	201	209660	Trigger-In:201	35	trial_end_completed	staircase	16	red	right	unaware	1	0
210.740	0.000	trigger_101	101	210740	Trigger-In:101	36	trial_start	salient	0	green	left	unaware	1	0
210.845	0.000	trigger_11	11	210845	Trigger-In:11	36	fixation_point_on	salient	0	green	left	unaware	1	0
211.445	0.000	trigger_21	21	211445	Trigger-In:21	36	grating_on	salient	0	green	left	unaware	1	0
211.495	0.000	trigger_20	20	211495	Trigger-In:20	36	grating_off	salient	0	green	left	unaware	1	0
212.095	0.000	trigger_31	31	212095	Trigger-In:31	36	targets_on_fp_color_change	salient	0	green	left	unaware	1	0
213.220	0.000	trigger_201	201	213220	Trigger-In:201	36	trial_end_completed	salient	0	green	left	unaware	1	0
214.300	0.000	trigger_101	101	214300	Trigger-In:101	37	trial_start	salient	0	red	right	unaware	1	0
214.405	0.000	trigger_11	11	214405	Trigger-In:11	37	fixation_point_on	salient	0	red	right	unaware	1	0
215.010	0.000	trigger_21	21	215010	Trigger-In:21	37	grating_on	salient	0	red	right	unaware	1	0
215.060	0.000	trigger_20	20	215060	Trigger-In:20	37	grating_off	salient	0	red	right	unaware	1	0
215.660	0.000	trigger_31	31	215660	Trigger-In:31	37	targets_on_fp_color_change	salient	0	red	right	unaware	1	0
217.290	0.000	trigger_201	201	217290	Trigger-In:201	37	trial_end_completed	salient	0	red	right	unaware	1	0
218.365	0.000	trigger_101	101	218365	Trigger-In:101	38	trial_start	staircase	17	green	right	aware	1	0
218.470	0.000	trigger_11	11	218470	Trigger-In:11	38	fixation_point_on	staircase	17	green	right	aware	1	0
219.070	0.000	trigger_21	21	219070	Trigger-In:21	38	grating_on	staircase	17	green	right	aware	1	0
219.120	0.000	trigger_20	20	219120	Trigger-In:20	38	grating_off	staircase	17	green	right	aware	1	0
219.720	0.000	trigger_31	31	219720	Trigger-In:31	38	targets_on_fp_color_change	staircase	17	green	right	aware	1	0
220.515	0.000	trigger_201	201	220515	Trigger-In:201	38	trial_end_completed	staircase	17	green	right	aware	1	0
221.595	0.000	trigger_101	101	221595	Trigger-In:101	39	trial_start	salient	0	green	left	unaware	1	0
221.700	0.000	trigger_11	11	221700	Trigger-In:11	39	fixation_point_on	salient	0	green	left	unaware	1	0
222.300	0.000	trigger_21	21	222300	Trigger-In:21	39	grating_on	salient	0	green	left	unaware	1	0
222.355	0.000	trigger_20	20	222355	Trigger-In:20	39	grating_off	salient	0	green	left	unaware	1	0
222.955	0.000	trigger_31	31	222955	Trigger-In:31	39	targets_on_fp_color_change	salient	0	green	left	unaware	1	0
224.055	0.000	trigger_201	201	224055	Trigger-In:201	39	trial_end_completed	salient	0	green	left	unaware	1	0
225.135	0.000	trigger_101	101	225135	Trigger-In:101	40	trial_start	staircase	16	red	right	unaware	1	0
225.235	0.000	trigger_11	11	225235	Trigger-In:11	40	fixation_point_on	staircase	16	red	right	unaware	1	0
225.835	0.000	trigger_21	21	225835	Trigger-In:21	40	grating_on	staircase	16	red	right	unaware	1	0
225.885	0.000	trigger_20	20	225885	Trigger-In:20	40	grating_off	staircase	16	red	right	unaware	1	0
226.485	0.000	trigger_31	31	226485	Trigger-In:31	40	targets_on_fp_color_change	staircase	16	red	right	unaware	1	0
228.065	0.000	trigger_201	201	228065	Trigger-In:201	40	trial_end_completed	staircase	16	red	right	unaware	1	0
229.140	0.000	trigger_101	101	229140	Trigger-In:101	41	trial_start	staircase	17	red	left	aware	1	0
229.250	0.000	trigger_11	11	229250	Trigger-In:11	41	fixation_point_on	staircase	17	red	left	aware	1	0
229.850	0.000	trigger_21	21	229850	Trigger-In:21	41	grating_on	staircase	17	red	left	aware	1	0
229.900	0.000	trigger_20	20	229900	Trigger-In:20	41	grating_off	staircase	17	red	left	aware	1	0
230.500	0.000	trigger_31	31	230500	Trigger-In:31	41	targets_on_fp_color_change	staircase	17	red	left	aware	1	0
232.140	0.000	trigger_201	201	232140	Trigger-In:201	41	trial_end_completed	staircase	17	red	left	aware	1	0
233.220	0.000	trigger_101	101	233220	Trigger-In:101	42	trial_start	salient	0	red	right	unaware	1	0
233.325	0.000	trigger_11	11	233325	Trigger-In:11	42	fixation_point_on	salient	0	red	right	unaware	1	0
233.925	0.000	trigger_21	21	233925	Trigger-In:21	42	grating_on	salient	0	red	right	unaware	1	0
233.975	0.000	trigger_20	20	233975	Trigger-In:20	42	grating_off	salient	0	red	right	unaware	1	0
234.575	0.000	trigger_31	31	234575	Trigger-In:31	42	targets_on_fp_color_change	salient	0	red	right	unaware	1	0
236.345	0.000	trigger_201	201	236345	Trigger-In:201	42	trial_end_completed	salient	0	red	right	unaware	1	0
237.425	0.000	trigger_101	101	237425	Trigger-In:101	43	trial_start	salient	0	red	right	unaware	1	0
237.525	0.000	trigger_11	11	237525	Trigger-In:11	43	fixation_point_on	salient	0	red	right	unaware	1	0
238.125	0.000	trigger_21	21	238125	Trigger-In:21	43	grating_on	salient	0	red	right	unaware	1	0
238.180	0.000	trigger_20	20	238180	Trigger-In:20	43	grating_off	salient	0	red	right	unaware	1	0
238.780	0.000	trigger_31	31	238780	Trigger-In:31	43	targets_on_fp_color_change	salient	0	red	right	unaware	1	0
240.345	0.000	trigger_201	201	240345	Trigger-In:201	43	trial_end_completed	salient	0	red	right	unaware	1	0
241.420	0.000	trigger_101	101	241420	Trigger-In:101	44	trial_start	staircase	16	green	left	unaware	1	0
241.530	0.000	trigger_11	11	241530	Trigger-In:11	44	fixation_point_on	staircase	16	green	left	unaware	1	0
242.130	0.000	trigger_21	21	242130	Trigger-In:21	44	grating_on	staircase	16	green	left	unaware	1	0
242.180	0.000	trigger_20	20	242180	Trigger-In:20	44	grating_off	staircase	16	green	left	unaware	1	0
242.780	0.000	trigger_31	31	242780	Trigger-In:31	44	targets_on_fp_color_change	staircase	16	green	left	unaware	1	0
244.450	0.000	trigger_201	201	244450	Trigger-In:201	44	trial_end_completed	staircase	16	green	left	unaware	1	0
245.530	0.000	trigger_101	101	245530	Trigger-In:101	45	trial_start	absent	70	green	right	aware	1	0
245.635	0.000	trigger_11	11	245635	Trigger-In:11	45	fixation_point_on	absent	70	green	right	aware	1	0
246.235	0.000	trigger_21	21	246235	Trigger-In:21	45	grating_on	absent	70	green	right	aware	1	0
246.285	0.000	trigger_20	20	246285	Trigger-In:20	45	grating_off	absent	70	green	right	aware	1	0
246.885	0.000	trigger_31	31	246885	Trigger-In:31	45	targets_on_fp_color_change	absent	70	green	right	aware	1	0
247.620	0.000	trigger_201	201	247620	Trigger-In:201	45	trial_end_completed	absent	70	green	right	aware	1	0
248.695	0.000	trigger_101	101	248695	Trigger-In:101	46	trial_start	absent	70	green	right	aware	1	0
248.800	0.000	trigger_11	11	248800	Trigger-In:11	46	fixation_point_on	absent	70	green	right	aware	1	0
249.400	0.000	trigger_21	21	249400	Trigger-In:21	46	grating_on	absent	70	green	right	aware	1	0
249.455	0.000	trigger_20	20	249455	Trigger-In:20	46	grating_off	absent	70	green	right	aware	1	0
250.055	0.000	trigger_31	31	250055	Trigger-In:31	46	targets_on_fp_color_change	absent	70	green	right	aware	1	0
250.880	0.000	trigger_201	201	250880	Trigger-In:201	46	trial_end_completed	absent	70	green	right	aware	1	0
251.955	0.000	trigger_101	101	251955	Trigger-In:101	47	trial_start	staircase	17	green	left	unaware	1	0
252.060	0.000	trigger_11	11	252060	Trigger-In:11	47	fixation_point_on	staircase	17	green	left	unaware	1	0
252.660	0.000	trigger_21	21	252660	Trigger-In:21	47	grating_on	staircase	17	green	left	unaware	1	0
252.710	0.000	trigger_20	20	252710	Trigger-In:20	47	grating_off	staircase	17	green	left	unaware	1	0
253.310	0.000	trigger_31	31	253310	Trigger-In:31	47	targets_on_fp_color_change	staircase	17	green	left	unaware	1	0
254.550	0.000	trigger_201	201	254550	Trigger-In:201	47	trial_end_completed	staircase	17	green	left	unaware	1	0
255.630	0.000	trigger_101	101	255630	Trigger-In:101	48	trial_start	staircase	18	green	right	aware	1	0
255.730	0.000	trigger_11	11	255730	Trigger-In:11	48	fixation_point_on	staircase	18	green	right	aware	1	0
256.335	0.000	trigger_21	21	256335	Trigger-In:21	48	grating_on	staircase	18	green	right	aware	1	0
256.385	0.000	trigger_20	20	256385	Trigger-In:20	48	grating_off	staircase	18	green	right	aware	1	0
256.990	0.000	trigger_31	31	256990	Trigger-In:31	48	targets_on_fp_color_change	staircase	18	green	right	aware	1	0
257.725	0.000	trigger_201	201	257725	Trigger-In:201	48	trial_end_completed	staircase	18	green	right	aware	1	0
258.800	0.000	trigger_101	101	258800	Trigger-In:101	49	trial_start	staircase	17	green	right	aware	1	0
258.905	0.000	trigger_11	11	258905	Trigger-In:11	49	fixation_point_on	staircase	17	green	right	aware	1	0
259.505	0.000	trigger_21	21	259505	Trigger-In:21	49	grating_on	staircase	17	green	right	aware	1	0
259.555	0.000	trigger_20	20	259555	Trigger-In:20	49	grating_off	staircase	17	green	right	aware	1	0
260.155	0.000	trigger_31	31	260155	Trigger-In:31	49	targets_on_fp_color_change	staircase	17	green	right	aware	1	0
261.780	0.000	trigger_201	201	261780	Trigger-In:201	49	trial_end_completed	staircase	17	green	right	aware	1	0
262.860	0.000	trigger_101	101	262860	Trigger-In:101	50	trial_start	absent	70	red	left	aware	1	0
262.965	0.000	trigger_11	11	262965	Trigger-In:11	50	fixation_point_on	absent	70	red	left	aware	1	0
263.565	0.000	trigger_21	21	263565	Trigger-In:21	50	grating_on	absent	70	red	left	aware	1	0
263.615	0.000	trigger_20	20	263615	Trigger-In:20	50	grating_off	absent	70	red	left	aware	1	0
264.215	0.000	trigger_31	31	264215	Trigger-In:31	50	targets_on_fp_color_change	absent	70	red	left	aware	1	0
265.610	0.000	trigger_201	201	265610	Trigger-In:201	50	trial_end_completed	absent	70	red	left	aware	1	0
266.685	0.000	trigger_101	101	266685	Trigger-In:101	51	trial_start	salient	0	red	right	unaware	1	0
266.795	0.000	trigger_11	11	266795	Trigger-In:11	51	fixation_point_on	salient	0	red	right	unaware	1	0
267.395	0.000	trigger_21	21	267395	Trigger-In:21	51	grating_on	salient	0	red	right	unaware	1	0
267.445	0.000	trigger_20	20	267445	Trigger-In:20	51	grating_off	salient	0	red	right	unaware	1	0
268.045	0.000	trigger_31	31	268045	Trigger-In:31	51	targets_on_fp_color_change	salient	0	red	right	unaware	1	0
269.795	0.000	trigger_201	201	269795	Trigger-In:201	51	trial_end_completed	salient	0	red	right	unaware	1	0
270.875	0.000	trigger_101	101	270875	Trigger-In:101	52	trial_start	absent	70	red	left	aware	1	0
270.980	0.000	trigger_11	11	270980	Trigger-In:11	52	fixation_point_on	absent	70	red	left	aware	1	0
271.580	0.000	trigger_21	21	271580	Trigger-In:21	52	grating_on	absent	70	red	left	aware	1	0
271.635	0.000	trigger_20	20	271635	Trigger-In:20	52	grating_off	absent	70	red	left	aware	1	0
272.235	0.000	trigger_31	31	272235	Trigger-In:31	52	targets_on_fp_color_change	absent	70	red	left	aware	1	0
273.400	0.000	trigger_201	201	273400	Trigger-In:201	52	trial_end_completed	absent	70	red	left	aware	1	0
274.480	0.000	trigger_101	101	274480	Trigger-In:101	53	trial_start	staircase	16	red	right	unaware	1	0
274.580	0.000	trigger_11	11	274580	Trigger-In:11	53	fixation_point_on	staircase	16	red	right	unaware	1	0
275.180	0.000	trigger_21	21	275180	Trigger-In:21	53	grating_on	staircase	16	red	right	unaware	1	0
275.230	0.000	trigger_20	20	275230	Trigger-In:20	53	grating_off	staircase	16	red	right	unaware	1	0
275.830	0.000	trigger_31	31	275830	Trigger-In:31	53	targets_on_fp_color_change	staircase	16	red	right	unaware	1	0
277.065	0.000	trigger_201	201	277065	Trigger-In:201	53	trial_end_completed	staircase	16	red	right	unaware	1	0
278.140	0.000	trigger_101	101	278140	Trigger-In:101	54	trial_start	staircase	17	red	right	unaware	1	0
278.250	0.000	trigger_11	11	278250	Trigger-In:11	54	fixation_point_on	staircase	17	red	right	unaware	1	0
278.850	0.000	trigger_21	21	278850	Trigger-In:21	54	grating_on	staircase	17	red	right	unaware	1	0
278.900	0.000	trigger_20	20	278900	Trigger-In:20	54	grating_off	staircase	17	red	right	unaware	1	0
279.500	0.000	trigger_31	31	279500	Trigger-In:31	54	targets_on_fp_color_change	staircase	17	red	right	unaware	1	0
282.300	0.000	trigger_201	201	282300	Trigger-In:201	54	trial_end_completed	staircase	17	red	right	unaware	1	0
283.380	0.000	trigger_101	101	283380	Trigger-In:101	55	trial_start	staircase	18	green	right	aware	1	0
283.485	0.000	trigger_11	11	283485	Trigger-In:11	55	fixation_point_on	staircase	18	green	right	aware	1	0
284.085	0.000	trigger_21	21	284085	Trigger-In:21	55	grating_on	staircase	18	green	right	aware	1	0
284.135	0.000	trigger_20	20	284135	Trigger-In:20	55	grating_off	staircase	18	green	right	aware	1	0
284.735	0.000	trigger_31	31	284735	Trigger-In:31	55	targets_on_fp_color_change	staircase	18	green	right	aware	1	0
286.020	0.000	trigger_201	201	286020	Trigger-In:201	55	trial_end_completed	staircase	18	green	right	aware	1	0
287.100	0.000	trigger_101	101	287100	Trigger-In:101	56	trial_start	staircase	17	green	right	aware	1	0
287.205	0.000	trigger_11	11	287205	Trigger-In:11	56	fixation_point_on	staircase	17	green	right	aware	1	0
287.805	0.000	trigger_21	21	287805	Trigger-In:21	56	grating_on	staircase	17	green	right	aware	1	0
287.855	0.000	trigger_20	20	287855	Trigger-In:20	56	grating_off	staircase	17	green	right	aware	1	0
288.455	0.000	trigger_31	31	288455	Trigger-In:31	56	targets_on_fp_color_change	staircase	17	green	right	aware	1	0
289.550	0.000	trigger_201	201	289550	Trigger-In:201	56	trial_end_completed	staircase	17	green	right	aware	1	0
290.630	0.000	trigger_101	101	290630	Trigger-In:101	57	trial_start	absent	70	red	left	aware	1	0
290.735	0.000	trigger_11	11	290735	Trigger-In:11	57	fixation_point_on	absent	70	red	left	aware	1	0
291.335	0.000	trigger_21	21	291335	Trigger-In:21	57	grating_on	absent	70	red	left	aware	1	0
291.385	0.000	trigger_20	20	291385	Trigger-In:20	57	grating_off	absent	70	red	left	aware	1	0
291.985	0.000	trigger_31	31	291985	Trigger-In:31	57	targets_on_fp_color_change	absent	70	red	left	aware	1	0
293.825	0.000	trigger_201	201	293825	Trigger-In:201	57	trial_end_completed	absent	70	red	left	aware	1	0
294.905	0.000	trigger_101	101	294905	Trigger-In:101	58	trial_start	staircase	16	green	right	aware	1	0
295.005	0.000	trigger_11	11	295005	Trigger-In:11	58	fixation_point_on	staircase	16	green	right	aware	1	0
295.605	0.000	trigger_21	21	295605	Trigger-In:21	58	grating_on	staircase	16	green	right	aware	1	0
295.655	0.000	trigger_20	20	295655	Trigger-In:20	58	grating_off	staircase	16	green	right	aware	1	0
296.260	0.000	trigger_31	31	296260	Trigger-In:31	58	targets_on_fp_color_change	staircase	16	green	right	aware	1	0
296.985	0.000	trigger_201	201	296985	Trigger-In:201	58	trial_end_completed	staircase	16	green	right	aware	1	0
298.060	0.000	trigger_101	101	298060	Trigger-In:101	59	trial_start	absent	70	red	left	aware	1	0
298.165	0.000	trigger_11	11	298165	Trigger-In:11	59	fixation_point_on	absent	70	red	left	aware	1	0
298.765	0.000	trigger_21	21	298765	Trigger-In:21	59	grating_on	absent	70	red	left	aware	1	0
298.815	0.000	trigger_20	20	298815	Trigger-In:20	59	grating_off	absent	70	red	left	aware	1	0
299.415	0.000	trigger_31	31	299415	Trigger-In:31	59	targets_on_fp_color_change	absent	70	red	left	aware	1	0
300.165	0.000	trigger_201	201	300165	Trigger-In:201	59	trial_end_completed	absent	70	red	left	aware	1	0
301.245	0.000	trigger_101	101	301245	Trigger-In:101	60	trial_start	staircase	15	green	right	aware	1	0
301.350	0.000	trigger_11	11	301350	Trigger-In:11	60	fixation_point_on	staircase	15	green	right	aware	1	0
301.950	0.000	trigger_21	21	301950	Trigger-In:21	60	grating_on	staircase	15	green	right	aware	1	0
302.000	0.000	trigger_20	20	302000	Trigger-In:20	60	grating_off	staircase	15	green	right	aware	1	0
302.605	0.000	trigger_31	31	302605	Trigger-In:31	60	targets_on_fp_color_change	staircase	15	green	right	aware	1	0
303.400	0.000	trigger_201	201	303400	Trigger-In:201	60	trial_end_completed	staircase	15	green	right	aware	1	0
304.475	0.000	trigger_101	101	304475	Trigger-In:101	61	trial_start	staircase	14	red	left	aware	1	0
304.580	0.000	trigger_11	11	304580	Trigger-In:11	61	fixation_point_on	staircase	14	red	left	aware	1	0
305.180	0.000	trigger_21	21	305180	Trigger-In:21	61	grating_on	staircase	14	red	left	aware	1	0
305.230	0.000	trigger_20	20	305230	Trigger-In:20	61	grating_off	staircase	14	red	left	aware	1	0
305.830	0.000	trigger_31	31	305830	Trigger-In:31	61	targets_on_fp_color_change	staircase	14	red	left	aware	1	0
307.025	0.000	trigger_201	201	307025	Trigger-In:201	61	trial_end_completed	staircase	14	red	left	aware	1	0
308.105	0.000	trigger_101	101	308105	Trigger-In:101	62	trial_start	staircase	13	green	right	aware	1	0
308.205	0.000	trigger_11	11	308205	Trigger-In:11	62	fixation_point_on	staircase	13	green	right	aware	1	0
308.805	0.000	trigger_21	21	308805	Trigger-In:21	62	grating_on	staircase	13	green	right	aware	1	0
308.860	0.000	trigger_20	20	308860	Trigger-In:20	62	grating_off	staircase	13	green	right	aware	1	0
309.460	0.000	trigger_31	31	309460	Trigger-In:31	62	targets_on_fp_color_change	staircase	13	green	right	aware	1	0
310.980	0.000	trigger_201	201	310980	Trigger-In:201	62	trial_end_completed	staircase	13	green	right	aware	1	0
312.060	0.000	trigger_101	101	312060	Trigger-In:101	63	trial_start	staircase	12	red	right	unaware	1	0
312.165	0.000	trigger_11	11	312165	Trigger-In:11	63	fixation_point_on	staircase	12	red	right	unaware	1	0
312.765	0.000	trigger_21	21	312765	Trigger-In:21	63	grating_on	staircase	12	red	right	unaware	1	0
312.815	0.000	trigger_20	20	312815	Trigger-In:20	63	grating_off	staircase	12	red	right	unaware	1	0
313.415	0.000	trigger_31	31	313415	Trigger-In:31	63	targets_on_fp_color_change	staircase	12	red	right	unaware	1	0
315.275	0.000	trigger_201	201	315275	Trigger-In:201	63	trial_end_completed	staircase	12	red	right	unaware	1	0
316.355	0.000	trigger_101	101	316355	Trigger-In:101	64	trial_start	absent	70	green	right	aware	1	0
316.460	0.000	trigger_11	11	316460	Trigger-In:11	64	fixation_point_on	absent	70	green	right	aware	1	0
317.060	0.000	trigger_21	21	317060	Trigger-In:21	64	grating_on	absent	70	green	right	aware	1	0
317.110	0.000	trigger_20	20	317110	Trigger-In:20	64	grating_off	absent	70	green	right	aware	1	0
317.710	0.000	trigger_31	31	317710	Trigger-In:31	64	targets_on_fp_color_change	absent	70	green	right	aware	1	0
318.735	0.000	trigger_201	201	318735	Trigger-In:201	64	trial_end_completed	absent	70	green	right	aware	1	0
319.815	0.000	trigger_101	101	319815	Trigger-In:101	65	trial_start	salient	0	green	left	unaware	1	0
319.915	0.000	trigger_11	11	319915	Trigger-In:11	65	fixation_point_on	salient	0	green	left	unaware	1	0
320.520	0.000	trigger_21	21	320520	Trigger-In:21	65	grating_on	salient	0	green	left	unaware	1	0
320.570	0.000	trigger_20	20	320570	Trigger-In:20	65	grating_off	salient	0	green	left	unaware	1	0
321.170	0.000	trigger_31	31	321170	Trigger-In:31	65	targets_on_fp_color_change	salient	0	green	left	unaware	1	0
322.320	0.000	trigger_201	201	322320	Trigger-In:201	65	trial_end_completed	salient	0	green	left	unaware	1	0
323.400	0.000	trigger_101	101	323400	Trigger-In:101	66	trial_start	salient	0	green	left	unaware	1	0
323.500	0.000	trigger_11	11	323500	Trigger-In:11	66	fixation_point_on	salient	0	green	left	unaware	1	0
324.100	0.000	trigger_21	21	324100	Trigger-In:21	66	grating_on	salient	0	green	left	unaware	1	0
324.150	0.000	trigger_20	20	324150	Trigger-In:20	66	grating_off	salient	0	green	left	unaware	1	0
324.755	0.000	trigger_31	31	324755	Trigger-In:31	66	targets_on_fp_color_change	salient	0	green	left	unaware	1	0
326.185	0.000	trigger_201	201	326185	Trigger-In:201	66	trial_end_completed	salient	0	green	left	unaware	1	0
327.260	0.000	trigger_101	101	327260	Trigger-In:101	67	trial_start	staircase	13	green	right	aware	1	0
327.365	0.000	trigger_11	11	327365	Trigger-In:11	67	fixation_point_on	staircase	13	green	right	aware	1	0
327.965	0.000	trigger_21	21	327965	Trigger-In:21	67	grating_on	staircase	13	green	right	aware	1	0
328.015	0.000	trigger_20	20	328015	Trigger-In:20	67	grating_off	staircase	13	green	right	aware	1	0
328.615	0.000	trigger_31	31	328615	Trigger-In:31	67	targets_on_fp_color_change	staircase	13	green	right	aware	1	0
329.780	0.000	trigger_201	201	329780	Trigger-In:201	67	trial_end_completed	staircase	13	green	right	aware	1	0
330.860	0.000	trigger_101	101	330860	Trigger-In:101	68	trial_start	staircase	12	red	right	unaware	1	0
330.960	0.000	trigger_11	11	330960	Trigger-In:11	68	fixation_point_on	staircase	12	red	right	unaware	1	0
331.560	0.000	trigger_21	21	331560	Trigger-In:21	68	grating_on	staircase	12	red	right	unaware	1	0
331.610	0.000	trigger_20	20	331610	Trigger-In:20	68	grating_off	staircase	12	red	right	unaware	1	0
332.215	0.000	trigger_31	31	332215	Trigger-In:31	68	targets_on_fp_color_change	staircase	12	red	right	unaware	1	0
333.990	0.000	trigger_201	201	333990	Trigger-In:201	68	trial_end_completed	staircase	12	red	right	unaware	1	0
335.065	0.000	trigger_101	101	335065	Trigger-In:101	69	trial_start	staircase	13	green	right	aware	1	0
335.170	0.000	trigger_11	11	335170	Trigger-In:11	69	fixation_point_on	staircase	13	green	right	aware	1	0
335.770	0.000	trigger_21	21	335770	Trigger-In:21	69	grating_on	staircase	13	green	right	aware	1	0
335.820	0.000	trigger_20	20	335820	Trigger-In:20	69	grating_off	staircase	13	green	right	aware	1	0
336.420	0.000	trigger_31	31	336420	Trigger-In:31	69	targets_on_fp_color_change	staircase	13	green	right	aware	1	0
337.625	0.000	trigger_201	201	337625	Trigger-In:201	69	trial_end_completed	staircase	13	green	right	aware	1	0
338.705	0.000	trigger_101	101	338705	Trigger-In:101	70	trial_start	staircase	12	red	right	unaware	1	0
338.805	0.000	trigger_11	11	338805	Trigger-In:11	70	fixation_point_on	staircase	12	red	right	unaware	1	0
339.405	0.000	trigger_21	21	339405	Trigger-In:21	70	grating_on	staircase	12	red	right	unaware	1	0
339.460	0.000	trigger_20	20	339460	Trigger-In:20	70	grating_off	staircase	12	red	right	unaware	1	0
340.060	0.000	trigger_31	31	340060	Trigger-In:31	70	targets_on_fp_color_change	staircase	12	red	right	unaware	1	0
342.785	0.000	trigger_201	201	342785	Trigger-In:201	70	trial_end_completed	staircase	12	red	right	unaware	1	0
343.870	0.000	trigger_101	101	343870	Trigger-In:101	71	trial_start	staircase	13	red	left	aware	1	0
343.970	0.000	trigger_11	11	343970	Trigger-In:11	71	fixation_point_on	staircase	13	red	left	aware	1	0
344.570	0.000	trigger_21	21	344570	Trigger-In:21	71	grating_on	staircase	13	red	left	aware	1	0
344.620	0.000	trigger_20	20	344620	Trigger-In:20	71	grating_off	staircase	13	red	left	aware	1	0
345.225	0.000	trigger_31	31	345225	Trigger-In:31	71	targets_on_fp_color_change	staircase	13	red	left	aware	1	0
347.650	0.000	trigger_201	201	347650	Trigger-In:201	71	trial_end_completed	staircase	13	red	left	aware	1	0
348.730	0.000	trigger_101	101	348730	Trigger-In:101	72	trial_start	staircase	12	green	right	aware	1	0
348.830	0.000	trigger_11	11	348830	Trigger-In:11	72	fixation_point_on	staircase	12	green	right	aware	1	0
349.435	0.000	trigger_21	21	349435	Trigger-In:21	72	grating_on	staircase	12	green	right	aware	1	0
349.485	0.000	trigger_20	20	349485	Trigger-In:20	72	grating_off	staircase	12	green	right	aware	1	0
350.085	0.000	trigger_31	31	350085	Trigger-In:31	72	targets_on_fp_color_change	staircase	12	green	right	aware	1	0
351.000	0.000	trigger_201	201	351000	Trigger-In:201	72	trial_end_completed	staircase	12	green	right	aware	1	0
352.080	0.000	trigger_101	101	352080	Trigger-In:101	73	trial_start	staircase	11	green	left	unaware	1	0
352.185	0.000	trigger_11	11	352185	Trigger-In:11	73	fixation_point_on	staircase	11	green	left	unaware	1	0
352.790	0.000	trigger_21	21	352790	Trigger-In:21	73	grating_on	staircase	11	green	left	unaware	1	0
352.840	0.000	trigger_20	20	352840	Trigger-In:20	73	grating_off	staircase	11	green	left	unaware	1	0
353.440	0.000	trigger_31	31	353440	Trigger-In:31	73	targets_on_fp_color_change	staircase	11	green	left	unaware	1	0
354.425	0.000	trigger_201	201	354425	Trigger-In:201	73	trial_end_completed	staircase	11	green	left	unaware	1	0
355.505	0.000	trigger_101	101	355505	Trigger-In:101	74	trial_start	staircase	12	green	left	unaware	1	0
355.610	0.000	trigger_11	11	355610	Trigger-In:11	74	fixation_point_on	staircase	12	green	left	unaware	1	0
356.210	0.000	trigger_21	21	356210	Trigger-In:21	74	grating_on	staircase	12	green	left	unaware	1	0
356.260	0.000	trigger_20	20	356260	Trigger-In:20	74	grating_off	staircase	12	green	left	unaware	1	0
356.865	0.000	trigger_31	31	356865	Trigger-In:31	74	targets_on_fp_color_change	staircase	12	green	left	unaware	1	0
358.000	0.000	trigger_201	201	358000	Trigger-In:201	74	trial_end_completed	staircase	12	green	left	unaware	1	0
359.080	0.000	trigger_101	101	359080	Trigger-In:101	75	trial_start	absent	70	green	right	aware	1	0
359.185	0.000	trigger_11	11	359185	Trigger-In:11	75	fixation_point_on	absent	70	green	right	aware	1	0
359.790	0.000	trigger_21	21	359790	Trigger-In:21	75	grating_on	absent	70	green	right	aware	1	0
359.840	0.000	trigger_20	20	359840	Trigger-In:20	75	grating_off	absent	70	green	right	aware	1	0
360.440	0.000	trigger_31	31	360440	Trigger-In:31	75	targets_on_fp_color_change	absent	70	green	right	aware	1	0
361.125	0.000	trigger_201	201	361125	Trigger-In:201	75	trial_end_completed	absent	70	green	right	aware	1	0
362.205	0.000	trigger_101	101	362205	Trigger-In:101	76	trial_start	salient	0	green	left	unaware	1	0
362.310	0.000	trigger_11	11	362310	Trigger-In:11	76	fixation_point_on	salient	0	green	left	unaware	1	0
362.910	0.000	trigger_21	21	362910	Trigger-In:21	76	grating_on	salient	0	green	left	unaware	1	0
362.960	0.000	trigger_20	20	362960	Trigger-In:20	76	grating_off	salient	0	green	left	unaware	1	0
363.560	0.000	trigger_31	31	363560	Trigger-In:31	76	targets_on_fp_color_change	salient	0	green	left	unaware	1	0
364.795	0.000	trigger_201	201	364795	Trigger-In:201	76	trial_end_completed	salient	0	green	left	unaware	1	0
365.875	0.000	trigger_101	101	365875	Trigger-In:101	77	trial_start	absent	70	red	left	aware	1	0
365.980	0.000	trigger_11	11	365980	Trigger-In:11	77	fixation_point_on	absent	70	red	left	aware	1	0
366.585	0.000	trigger_21	21	366585	Trigger-In:21	77	grating_on	absent	70	red	left	aware	1	0
366.635	0.000	trigger_20	20	366635	Trigger-In:20	77	grating_off	absent	70	red	left	aware	1	0
367.235	0.000	trigger_31	31	367235	Trigger-In:31	77	targets_on_fp_color_change	absent	70	red	left	aware	1	0
368.525	0.000	trigger_201	201	368525	Trigger-In:201	77	trial_end_completed	absent	70	red	left	aware	1	0
369.605	0.000	trigger_101	101	369605	Trigger-In:101	78	trial_start	absent	70	red	left	aware	1	0
369.710	0.000	trigger_11	11	369710	Trigger-In:11	78	fixation_point_on	absent	70	red	left	aware	1	0
370.310	0.000	trigger_21	21	370310	Trigger-In:21	78	grating_on	absent	70	red	left	aware	1	0
370.360	0.000	trigger_20	20	370360	Trigger-In:20	78	grating_off	absent	70	red	left	aware	1	0
370.960	0.000	trigger_31	31	370960	Trigger-In:31	78	targets_on_fp_color_change	absent	70	red	left	aware	1	0
372.270	0.000	trigger_201	201	372270	Trigger-In:201	78	trial_end_completed	absent	70	red	left	aware	1	0
373.350	0.000	trigger_101	101	373350	Trigger-In:101	79	trial_start	staircase	13	red	right	unaware	1	0
373.455	0.000	trigger_11	11	373455	Trigger-In:11	79	fixation_point_on	staircase	13	red	right	unaware	1	0
374.055	0.000	trigger_21	21	374055	Trigger-In:21	79	grating_on	staircase	13	red	right	unaware	1	0
374.105	0.000	trigger_20	20	374105	Trigger-In:20	79	grating_off	staircase	13	red	right	unaware	1	0
374.705	0.000	trigger_31	31	374705	Trigger-In:31	79	targets_on_fp_color_change	staircase	13	red	right	unaware	1	0
375.860	0.000	trigger_201	201	375860	Trigger-In:201	79	trial_end_completed	staircase	13	red	right	unaware	1	0
376.940	0.000	trigger_101	101	376940	Trigger-In:101	80	trial_start	staircase	14	red	left	aware	1	0
377.045	0.000	trigger_11	11	377045	Trigger-In:11	80	fixation_point_on	staircase	14	red	left	aware	1	0
377.645	0.000	trigger_21	21	377645	Trigger-In:21	80	grating_on	staircase	14	red	left	aware	1	0
377.695	0.000	trigger_20	20	377695	Trigger-In:20	80	grating_off	staircase	14	red	left	aware	1	0
378.295	0.000	trigger_31	31	378295	Trigger-In:31	80	targets_on_fp_color_change	staircase	14	red	left	aware	1	0
379.450	0.000	trigger_201	201	379450	Trigger-In:201	80	trial_end_completed	staircase	14	red	left	aware	1	0
380.530	0.000	trigger_101	101	380530	Trigger-In:101	81	trial_start	staircase	13	green	left	unaware	1	0
380.635	0.000	trigger_11	11	380635	Trigger-In:11	81	fixation_point_on	staircase	13	green	left	unaware	1	0
381.235	0.000	trigger_21	21	381235	Trigger-In:21	81	grating_on	staircase	13	green	left	unaware	1	0
381.285	0.000	trigger_20	20	381285	Trigger-In:20	81	grating_off	staircase	13	green	left	unaware	1	0
381.885	0.000	trigger_31	31	381885	Trigger-In:31	81	targets_on_fp_color_change	staircase	13	green	left	unaware	1	0
383.190	0.000	trigger_201	201	383190	Trigger-In:201	81	trial_end_completed	staircase	13	green	left	unaware	1	0
384.270	0.000	trigger_101	101	384270	Trigger-In:101	82	trial_start	staircase	14	red	right	unaware	1	0
384.370	0.000	trigger_11	11	384370	Trigger-In:11	82	fixation_point_on	staircase	14	red	right	unaware	1	0
384.975	0.000	trigger_21	21	384975	Trigger-In:21	82	grating_on	staircase	14	red	right	unaware	1	0
385.025	0.000	trigger_20	20	385025	Trigger-In:20	82	grating_off	staircase	14	red	right	unaware	1	0
385.625	0.000	trigger_31	31	385625	Trigger-In:31	82	targets_on_fp_color_change	staircase	14	red	right	unaware	1	0
387.520	0.000	trigger_201	201	387520	Trigger-In:201	82	trial_end_completed	staircase	14	red	right	unaware	1	0
388.600	0.000	trigger_101	101	388600	Trigger-In:101	83	trial_start	staircase	15	red	left	aware	1	0
388.705	0.000	trigger_11	11	388705	Trigger-In:11	83	fixation_point_on	staircase	15	red	left	aware	1	0
389.305	0.000	trigger_21	21	389305	Trigger-In:21	83	grating_on	staircase	15	red	left	aware	1	0
389.355	0.000	trigger_20	20	389355	Trigger-In:20	83	grating_off	staircase	15	red	left	aware	1	0
389.955	0.000	trigger_31	31	389955	Trigger-In:31	83	targets_on_fp_color_change	staircase	15	red	left	aware	1	0
391.580	0.000	trigger_201	201	391580	Trigger-In:201	83	trial_end_completed	staircase	15	red	left	aware	1	0
392.660	0.000	trigger_101	101	392660	Trigger-In:101	84	trial_start	staircase	14	red	right	unaware	1	0
392.765	0.000	trigger_11	11	392765	Trigger-In:11	84	fixation_point_on	staircase	14	red	right	unaware	1	0
393.365	0.000	trigger_21	21	393365	Trigger-In:21	84	grating_on	staircase	14	red	right	unaware	1	0
393.415	0.000	trigger_20	20	393415	Trigger-In:20	84	grating_off	staircase	14	red	right	unaware	1	0
394.015	0.000	trigger_31	31	394015	Trigger-In:31	84	targets_on_fp_color_change	staircase	14	red	right	unaware	1	0
395.220	0.000	trigger_201	201	395220	Trigger-In:201	84	trial_end_completed	staircase	14	red	right	unaware	1	0
396.300	0.000	trigger_101	101	396300	Trigger-In:101	85	trial_start	staircase	15	green	right	aware	1	0
396.405	0.000	trigger_11	11	396405	Trigger-In:11	85	fixation_point_on	staircase	15	green	right	aware	1	0
397.005	0.000	trigger_21	21	397005	Trigger-In:21	85	grating_on	staircase	15	green	right	aware	1	0
397.055	0.000	trigger_20	20	397055	Trigger-In:20	85	grating_off	staircase	15	green	right	aware	1	0
397.655	0.000	trigger_31	31	397655	Trigger-In:31	85	targets_on_fp_color_change	staircase	15	green	right	aware	1	0
398.575	0.000	trigger_201	201	398575	Trigger-In:201	85	trial_end_completed	staircase	15	green	right	aware	1	0
399.655	0.000	trigger_101	101	399655	Trigger-In:101	86	trial_start	staircase	14	green	left	unaware	1	0
399.765	0.000	trigger_11	11	399765	Trigger-In:11	86	fixation_point_on	staircase	14	green	left	unaware	1	0
400.365	0.000	trigger_21	21	400365	Trigger-In:21	86	grating_on	staircase	14	green	left	unaware	1	0
400.415	0.000	trigger_20	20	400415	Trigger-In:20	86	grating_off	staircase	14	green	left	unaware	1	0
401.015	0.000	trigger_31	31	401015	Trigger-In:31	86	targets_on_fp_color_change	staircase	14	green	left	unaware	1	0
402.700	0.000	trigger_201	201	402700	Trigger-In:201	86	trial_end_completed	staircase	14	green	left	unaware	1	0
403.780	0.000	trigger_101	101	403780	Trigger-In:101	87	trial_start	staircase	15	green	left	unaware	1	0
403.885	0.000	trigger_11	11	403885	Trigger-In:11	87	fixation_point_on	staircase	15	green	left	unaware	1	0
404.485	0.000	trigger_21	21	404485	Trigger-In:21	87	grating_on	staircase	15	green	left	unaware	1	0
404.535	0.000	trigger_20	20	404535	Trigger-In:20	87	grating_off	staircase	15	green	left	unaware	1	0
405.135	0.000	trigger_31	31	405135	Trigger-In:31	87	targets_on_fp_color_change	staircase	15	green	left	unaware	1	0
406.485	0.000	trigger_201	201	406485	Trigger-In:201	87	trial_end_completed	staircase	15	green	left	unaware	1	0
407.565	0.000	trigger_101	101	407565	Trigger-In:101	88	trial_start	staircase	16	red	right	unaware	1	0
407.665	0.000	trigger_11	11	407665	Trigger-In:11	88	fixation_point_on	staircase	16	red	right	unaware	1	0
408.265	0.000	trigger_21	21	408265	Trigger-In:21	88	grating_on	staircase	16	red	right	unaware	1	0
408.315	0.000	trigger_20	20	408315	Trigger-In:20	88	grating_off	staircase	16	red	right	unaware	1	0
408.915	0.000	trigger_31	31	408915	Trigger-In:31	88	targets_on_fp_color_change	staircase	16	red	right	unaware	1	0
411.045	0.000	trigger_201	201	411045	Trigger-In:201	88	trial_end_completed	staircase	16	red	right	unaware	1	0
412.125	0.000	trigger_101	101	412125	Trigger-In:101	89	trial_start	salient	0	red	right	unaware	1	0
412.230	0.000	trigger_11	11	412230	Trigger-In:11	89	fixation_point_on	salient	0	red	right	unaware	1	0
412.830	0.000	trigger_21	21	412830	Trigger-In:21	89	grating_on	salient	0	red	right	unaware	1	0
412.880	0.000	trigger_20	20	412880	Trigger-In:20	89	grating_off	salient	0	red	right	unaware	1	0
413.480	0.000	trigger_31	31	413480	Trigger-In:31	89	targets_on_fp_color_change	salient	0	red	right	unaware	1	0
415.820	0.000	trigger_201	201	415820	Trigger-In:201	89	trial_end_completed	salient	0	red	right	unaware	1	0
416.900	0.000	trigger_101	101	416900	Trigger-In:101	90	trial_start	staircase	17	green	right	aware	1	0
417.005	0.000	trigger_11	11	417005	Trigger-In:11	90	fixation_point_on	staircase	17	green	right	aware	1	0
417.605	0.000	trigger_21	21	417605	Trigger-In:21	90	grating_on	staircase	17	green	right	aware	1	0
417.655	0.000	trigger_20	20	417655	Trigger-In:20	90	grating_off	staircase	17	green	right	aware	1	0
418.255	0.000	trigger_31	31	418255	Trigger-In:31	90	targets_on_fp_color_change	staircase	17	green	right	aware	1	0
419.095	0.000	trigger_201	201	419095	Trigger-In:201	90	trial_end_completed	staircase	17	green	right	aware	1	0
420.170	0.000	trigger_101	101	420170	Trigger-In:101	91	trial_start	staircase	16	green	left	unaware	1	0
420.275	0.000	trigger_11	11	420275	Trigger-In:11	91	fixation_point_on	staircase	16	green	left	unaware	1	0
420.880	0.000	trigger_21	21	420880	Trigger-In:21	91	grating_on	staircase	16	green	left	unaware	1	0
420.930	0.000	trigger_20	20	420930	Trigger-In:20	91	grating_off	staircase	16	green	left	unaware	1	0
421.530	0.000	trigger_31	31	421530	Trigger-In:31	91	targets_on_fp_color_change	staircase	16	green	left	unaware	1	0
422.565	0.000	trigger_201	201	422565	Trigger-In:201	91	trial_end_completed	staircase	16	green	left	unaware	1	0
423.645	0.000	trigger_101	101	423645	Trigger-In:101	92	trial_start	salient	0	green	left	unaware	1	0
423.750	0.000	trigger_11	11	423750	Trigger-In:11	92	fixation_point_on	salient	0	green	left	unaware	1	0
424.355	0.000	trigger_21	21	424355	Trigger-In:21	92	grating_on	salient	0	green	left	unaware	1	0
424.405	0.000	trigger_20	20	424405	Trigger-In:20	92	grating_off	salient	0	green	left	unaware	1	0
425.005	0.000	trigger_31	31	425005	Trigger-In:31	92	targets_on_fp_color_change	salient	0	green	left	unaware	1	0
426.460	0.000	trigger_201	201	426460	Trigger-In:201	92	trial_end_completed	salient	0	green	left	unaware	1	0
427.540	0.000	trigger_101	101	427540	Trigger-In:101	93	trial_start	salient	0	red	right	unaware	1	0
427.645	0.000	trigger_11	11	427645	Trigger-In:11	93	fixation_point_on	salient	0	red	right	unaware	1	0
428.245	0.000	trigger_21	21	428245	Trigger-In:21	93	grating_on	salient	0	red	right	unaware	1	0
428.300	0.000	trigger_20	20	428300	Trigger-In:20	93	grating_off	salient	0	red	right	unaware	1	0
428.900	0.000	trigger_31	31	428900	Trigger-In:31	93	targets_on_fp_color_change	salient	0	red	right	unaware	1	0
430.285	0.000	trigger_201	201	430285	Trigger-In:201	93	trial_end_completed	salient	0	red	right	unaware	1	0
431.365	0.000	trigger_101	101	431365	Trigger-In:101	94	trial_start	staircase	17	red	right	unaware	1	0
431.470	0.000	trigger_11	11	431470	Trigger-In:11	94	fixation_point_on	staircase	17	red	right	unaware	1	0
432.070	0.000	trigger_21	21	432070	Trigger-In:21	94	grating_on	staircase	17	red	right	unaware	1	0
432.120	0.000	trigger_20	20	432120	Trigger-In:20	94	grating_off	staircase	17	red	right	unaware	1	0
432.720	0.000	trigger_31	31	432720	Trigger-In:31	94	targets_on_fp_color_change	staircase	17	red	right	unaware	1	0
434.170	0.000	trigger_201	201	434170	Trigger-In:201	94	trial_end_completed	staircase	17	red	right	unaware	1	0
435.250	0.000	trigger_101	101	435250	Trigger-In:101	95	trial_start	salient	0	red	right	unaware	1	0
435.355	0.000	trigger_11	11	435355	Trigger-In:11	95	fixation_point_on	salient	0	red	right	unaware	1	0
435.955	0.000	trigger_21	21	435955	Trigger-In:21	95	grating_on	salient	0	red	right	unaware	1	0
436.005	0.000	trigger_20	20	436005	Trigger-In:20	95	grating_off	salient	0	red	right	unaware	1	0
436.610	0.000	trigger_31	31	436610	Trigger-In:31	95	targets_on_fp_color_change	salient	0	red	right	unaware	1	0
437.615	0.000	trigger_201	201	437615	Trigger-In:201	95	trial_end_completed	salient	0	red	right	unaware	1	0
438.695	0.000	trigger_101	101	438695	Trigger-In:101	96	trial_start	staircase	18	red	left	aware	1	0
438.800	0.000	trigger_11	11	438800	Trigger-In:11	96	fixation_point_on	staircase	18	red	left	aware	1	0
439.400	0.000	trigger_21	21	439400	Trigger-In:21	96	grating_on	staircase	18	red	left	aware	1	0
439.455	0.000	trigger_20	20	439455	Trigger-In:20	96	grating_off	staircase	18	red	left	aware	1	0
440.055	0.000	trigger_31	31	440055	Trigger-In:31	96	targets_on_fp_color_change	staircase	18	red	left	aware	1	0
441.010	0.000	trigger_201	201	441010	Trigger-In:201	96	trial_end_completed	staircase	18	red	left	aware	1	0
442.090	0.000	trigger_101	101	442090	Trigger-In:101	97	trial_start	salient	0	red	right	unaware	1	0
442.200	0.000	trigger_11	11	442200	Trigger-In:11	97	fixation_point_on	salient	0	red	right	unaware	1	0
442.800	0.000	trigger_21	21	442800	Trigger-In:21	97	grating_on	salient	0	red	right	unaware	1	0
442.850	0.000	trigger_20	20	442850	Trigger-In:20	97	grating_off	salient	0	red	right	unaware	1	0
443.450	0.000	trigger_31	31	443450	Trigger-In:31	97	targets_on_fp_color_change	salient	0	red	right	unaware	1	0
444.875	0.000	trigger_201	201	444875	Trigger-In:201	97	trial_end_completed	salient	0	red	right	unaware	1	0
445.955	0.000	trigger_101	101	445955	Trigger-In:101	98	trial_start	staircase	17	green	right	aware	1	0
446.060	0.000	trigger_11	11	446060	Trigger-In:11	98	fixation_point_on	staircase	17	green	right	aware	1	0
446.660	0.000	trigger_21	21	446660	Trigger-In:21	98	grating_on	staircase	17	green	right	aware	1	0
446.710	0.000	trigger_20	20	446710	Trigger-In:20	98	grating_off	staircase	17	green	right	aware	1	0
447.310	0.000	trigger_31	31	447310	Trigger-In:31	98	targets_on_fp_color_change	staircase	17	green	right	aware	1	0
448.970	0.000	trigger_201	201	448970	Trigger-In:201	98	trial_end_completed	staircase	17	green	right	aware	1	0
450.050	0.000	trigger_101	101	450050	Trigger-In:101	99	trial_start	staircase	16	red	left	aware	1	0
450.155	0.000	trigger_11	11	450155	Trigger-In:11	99	fixation_point_on	staircase	16	red	left	aware	1	0
450.755	0.000	trigger_21	21	450755	Trigger-In:21	99	grating_on	staircase	16	red	left	aware	1	0
450.805	0.000	trigger_20	20	450805	Trigger-In:20	99	grating_off	staircase	16	red	left	aware	1	0
451.405	0.000	trigger_31	31	451405	Trigger-In:31	99	targets_on_fp_color_change	staircase	16	red	left	aware	1	0
453.750	0.000	trigger_201	201	453750	Trigger-In:201	99	trial_end_completed	staircase	16	red	left	aware	1	0
454.830	0.000	trigger_101	101	454830	Trigger-In:101	100	trial_start	staircase	15	red	left	aware	1	0
454.935	0.000	trigger_11	11	454935	Trigger-In:11	100	fixation_point_on	staircase	15	red	left	aware	1	0
455.535	0.000	trigger_21	21	455535	Trigger-In:21	100	grating_on	staircase	15	red	left	aware	1	0
455.590	0.000	trigger_20	20	455590	Trigger-In:20	100	grating_off	staircase	15	red	left	aware	1	0
456.190	0.000	trigger_31	31	456190	Trigger-In:31	100	targets_on_fp_color_change	staircase	15	red	left	aware	1	0
457.030	0.000	trigger_201	201	457030	Trigger-In:201	100	trial_end_completed	staircase	15	red	left	aware	1	0
458.110	0.000	trigger_101	101	458110	Trigger-In:101	101	trial_start	staircase	14	green	right	aware	1	0
458.215	0.000	trigger_11	11	458215	Trigger-In:11	101	fixation_point_on	staircase	14	green	right	aware	1	0
458.815	0.000	trigger_21	21	458815	Trigger-In:21	101	grating_on	staircase	14	green	right	aware	1	0
458.865	0.000	trigger_20	20	458865	Trigger-In:20	101	grating_off	staircase	14	green	right	aware	1	0
459.465	0.000	trigger_31	31	459465	Trigger-In:31	101	targets_on_fp_color_change	staircase	14	green	right	aware	1	0
460.285	0.000	trigger_201	201	460285	Trigger-In:201	101	trial_end_completed	staircase	14	green	right	aware	1	0
461.365	0.000	trigger_101	101	461365	Trigger-In:101	102	trial_start	salient	0	red	right	unaware	1	0
461.470	0.000	trigger_11	11	461470	Trigger-In:11	102	fixation_point_on	salient	0	red	right	unaware	1	0
462.070	0.000	trigger_21	21	462070	Trigger-In:21	102	grating_on	salient	0	red	right	unaware	1	0
462.120	0.000	trigger_20	20	462120	Trigger-In:20	102	grating_off	salient	0	red	right	unaware	1	0
462.720	0.000	trigger_31	31	462720	Trigger-In:31	102	targets_on_fp_color_change	salient	0	red	right	unaware	1	0
463.785	0.000	trigger_201	201	463785	Trigger-In:201	102	trial_end_completed	salient	0	red	right	unaware	1	0
464.870	0.000	trigger_101	101	464870	Trigger-In:101	103	trial_start	staircase	13	red	right	unaware	1	0
464.975	0.000	trigger_11	11	464975	Trigger-In:11	103	fixation_point_on	staircase	13	red	right	unaware	1	0
465.575	0.000	trigger_21	21	465575	Trigger-In:21	103	grating_on	staircase	13	red	right	unaware	1	0
465.625	0.000	trigger_20	20	465625	Trigger-In:20	103	grating_off	staircase	13	red	right	unaware	1	0
466.225	0.000	trigger_31	31	466225	Trigger-In:31	103	targets_on_fp_color_change	staircase	13	red	right	unaware	1	0
467.855	0.000	trigger_201	201	467855	Trigger-In:201	103	trial_end_completed	staircase	13	red	right	unaware	1	0
468.930	0.000	trigger_101	101	468930	Trigger-In:101	104	trial_start	staircase	14	green	right	aware	1	0
469.035	0.000	trigger_11	11	469035	Trigger-In:11	104	fixation_point_on	staircase	14	green	right	aware	1	0
469.635	0.000	trigger_21	21	469635	Trigger-In:21	104	grating_on	staircase	14	green	right	aware	1	0
469.690	0.000	trigger_20	20	469690	Trigger-In:20	104	grating_off	staircase	14	green	right	aware	1	0
470.290	0.000	trigger_31	31	470290	Trigger-In:31	104	targets_on_fp_color_change	staircase	14	green	right	aware	1	0
471.590	0.000	trigger_201	201	471590	Trigger-In:201	104	trial_end_completed	staircase	14	green	right	aware	1	0
472.670	0.000	trigger_101	101	472670	Trigger-In:101	105	trial_start	staircase	13	green	left	unaware	1	0
472.775	0.000	trigger_11	11	472775	Trigger-In:11	105	fixation_point_on	staircase	13	green	left	unaware	1	0
473.380	0.000	trigger_21	21	473380	Trigger-In:21	105	grating_on	staircase	13	green	left	unaware	1	0
473.430	0.000	trigger_20	20	473430	Trigger-In:20	105	grating_off	staircase	13	green	left	unaware	1	0
474.030	0.000	trigger_31	31	474030	Trigger-In:31	105	targets_on_fp_color_change	staircase	13	green	left	unaware	1	0
475.000	0.000	trigger_201	201	475000	Trigger-In:201	105	trial_end_completed	staircase	13	green	left	unaware	1	0
476.080	0.000	trigger_101	101	476080	Trigger-In:101	106	trial_start	staircase	14	green	right	aware	1	0
476.185	0.000	trigger_11	11	476185	Trigger-In:11	106	fixation_point_on	staircase	14	green	right	aware	1	0
476.785	0.000	trigger_21	21	476785	Trigger-In:21	106	grating_on	staircase	14	green	right	aware	1	0
476.835	0.000	trigger_20	20	476835	Trigger-In:20	106	grating_off	staircase	14	green	right	aware	1	0
477.435	0.000	trigger_31	31	477435	Trigger-In:31	106	targets_on_fp_color_change	staircase	14	green	right	aware	1	0
478.620	0.000	trigger_201	201	478620	Trigger-In:201	106	trial_end_completed	staircase	14	green	right	aware	1	0
479.695	0.000	trigger_101	101	479695	Trigger-In:101	107	trial_start	salient	0	green	left	unaware	1	0
479.800	0.000	trigger_11	11	479800	Trigger-In:11	107	fixation_point_on	salient	0	green	left	unaware	1	0
480.405	0.000	trigger_21	21	480405	Trigger-In:21	107	grating_on	salient	0	green	left	unaware	1	0
480.455	0.000	trigger_20	20	480455	Trigger-In:20	107	grating_off	salient	0	green	left	unaware	1	0
481.055	0.000	trigger_31	31	481055	Trigger-In:31	107	targets_on_fp_color_change	salient	0	green	left	unaware	1	0
482.395	0.000	trigger_201	201	482395	Trigger-In:201	107	trial_end_completed	salient	0	green	left	unaware	1	0
483.475	0.000	trigger_101	101	483475	Trigger-In:101	108	trial_start	staircase	13	green	right	aware	1	0
483.580	0.000	trigger_11	11	483580	Trigger-In:11	108	fixation_point_on	staircase	13	green	right	aware	1	0
484.180	0.000	trigger_21	21	484180	Trigger-In:21	108	grating_on	staircase	13	green	right	aware	1	0
484.230	0.000	trigger_20	20	484230	Trigger-In:20	108	grating_off	staircase	13	green	right	aware	1	0
484.830	0.000	trigger_31	31	484830	Trigger-In:31	108	targets_on_fp_color_change	staircase	13	green	right	aware	1	0
486.050	0.000	trigger_201	201	486050	Trigger-In:201	108	trial_end_completed	staircase	13	green	right	aware	1	0
487.130	0.000	trigger_101	101	487130	Trigger-In:101	109	trial_start	staircase	12	red	right	unaware	1	0
487.235	0.000	trigger_11	11	487235	Trigger-In:11	109	fixation_point_on	staircase	12	red	right	unaware	1	0
487.835	0.000	trigger_21	21	487835	Trigger-In:21	109	grating_on	staircase	12	red	right	unaware	1	0
487.885	0.000	trigger_20	20	487885	Trigger-In:20	109	grating_off	staircase	12	red	right	unaware	1	0
488.485	0.000	trigger_31	31	488485	Trigger-In:31	109	targets_on_fp_color_change	staircase	12	red	right	unaware	1	0
490.680	0.000	trigger_201	201	490680	Trigger-In:201	109	trial_end_completed	staircase	12	red	right	unaware	1	0
491.760	0.000	trigger_101	101	491760	Trigger-In:101	110	trial_start	staircase	13	red	right	unaware	1	0
491.865	0.000	trigger_11	11	491865	Trigger-In:11	110	fixation_point_on	staircase	13	red	right	unaware	1	0
492.465	0.000	trigger_21	21	492465	Trigger-In:21	110	grating_on	staircase	13	red	right	unaware	1	0
492.515	0.000	trigger_20	20	492515	Trigger-In:20	110	grating_off	staircase	13	red	right	unaware	1	0
493.115	0.000	trigger_31	31	493115	Trigger-In:31	110	targets_on_fp_color_change	staircase	13	red	right	unaware	1	0
494.850	0.000	trigger_201	201	494850	Trigger-In:201	110	trial_end_completed	staircase	13	red	right	unaware	1	0
495.930	0.000	trigger_101	101	495930	Trigger-In:101	111	trial_start	absent	70	green	right	aware	1	0
496.035	0.000	trigger_11	11	496035	Trigger-In:11	111	fixation_point_on	absent	70	green	right	aware	1	0
496.640	0.000	trigger_21	21	496640	Trigger-In:21	111	grating_on	absent	70	green	right	aware	1	0
496.690	0.000	trigger_20	20	496690	Trigger-In:20	111	grating_off	absent	70	green	right	aware	1	0
497.290	0.000	trigger_31	31	497290	Trigger-In:31	111	targets_on_fp_color_change	absent	70	green	right	aware	1	0
498.185	0.000	trigger_201	201	498185	Trigger-In:201	111	trial_end_completed	absent	70	green	right	aware	1	0
499.265	0.000	trigger_101	101	499265	Trigger-In:101	112	trial_start	staircase	14	red	right	unaware	1	0
499.370	0.000	trigger_11	11	499370	Trigger-In:11	112	fixation_point_on	staircase	14	red	right	unaware	1	0
499.970	0.000	trigger_21	21	499970	Trigger-In:21	112	grating_on	staircase	14	red	right	unaware	1	0
500.020	0.000	trigger_20	20	500020	Trigger-In:20	112	grating_off	staircase	14	red	right	unaware	1	0
500.625	0.000	trigger_31	31	500625	Trigger-In:31	112	targets_on_fp_color_change	staircase	14	red	right	unaware	1	0
502.720	0.000	trigger_201	201	502720	Trigger-In:201	112	trial_end_completed	staircase	14	red	right	unaware	1	0
503.805	0.000	trigger_101	101	503805	Trigger-In:101	113	trial_start	absent	70	red	left	aware	1	0
503.910	0.000	trigger_11	11	503910	Trigger-In:11	113	fixation_point_on	absent	70	red	left	aware	1	0
504.510	0.000	trigger_21	21	504510	Trigger-In:21	113	grating_on	absent	70	red	left	aware	1	0
504.560	0.000	trigger_20	20	504560	Trigger-In:20	113	grating_off	absent	70	red	left	aware	1	0
505.160	0.000	trigger_31	31	505160	Trigger-In:31	113	targets_on_fp_color_change	absent	70	red	left	aware	1	0
507.105	0.000	trigger_201	201	507105	Trigger-In:201	113	trial_end_completed	absent	70	red	left	aware	1	0
508.185	0.000	trigger_101	101	508185	Trigger-In:101	114	trial_start	staircase	15	red	right	unaware	1	0
508.290	0.000	trigger_11	11	508290	Trigger-In:11	114	fixation_point_on	staircase	15	red	right	unaware	1	0
508.890	0.000	trigger_21	21	508890	Trigger-In:21	114	grating_on	staircase	15	red	right	unaware	1	0
508.940	0.000	trigger_20	20	508940	Trigger-In:20	114	grating_off	staircase	15	red	right	unaware	1	0
509.540	0.000	trigger_31	31	509540	Trigger-In:31	114	targets_on_fp_color_change	staircase	15	red	right	unaware	1	0
510.785	0.000	trigger_201	201	510785	Trigger-In:201	114	trial_end_completed	staircase	15	red	right	unaware	1	0
511.865	0.000	trigger_101	101	511865	Trigger-In:101	115	trial_start	staircase	16	red	right	unaware	1	0
511.975	0.000	trigger_11	11	511975	Trigger-In:11	115	fixation_point_on	staircase	16	red	right	unaware	1	0
512.575	0.000	trigger_21	21	512575	Trigger-In:21	115	grating_on	staircase	16	red	right	unaware	1	0
512.625	0.000	trigger_20	20	512625	Trigger-In:20	115	grating_off	staircase	16	red	right	unaware	1	0
513.225	0.000	trigger_31	31	513225	Trigger-In:31	115	targets_on_fp_color_change	staircase	16	red	right	unaware	1	0
514.885	0.000	trigger_201	201	514885	Trigger-In:201	115	trial_end_completed	staircase	16	red	right	unaware	1	0
515.965	0.000	trigger_101	101	515965	Trigger-In:101	116	trial_start	staircase	17	green	right	aware	1	0
516.070	0.000	trigger_11	11	516070	Trigger-In:11	116	fixation_point_on	staircase	17	green	right	aware	1	0
516.670	0.000	trigger_21	21	516670	Trigger-In:21	116	grating_on	staircase	17	green	right	aware	1	0
516.720	0.000	trigger_20	20	516720	Trigger-In:20	116	grating_off	staircase	17	green	right	aware	1	0
517.320	0.000	trigger_31	31	517320	Trigger-In:31	116	targets_on_fp_color_change	staircase	17	green	right	aware	1	0
518.930	0.000	trigger_201	201	518930	Trigger-In:201	116	trial_end_completed	staircase	17	green	right	aware	1	0
520.015	0.000	trigger_101	101	520015	Trigger-In:101	117	trial_start	staircase	16	red	left	aware	1	0
520.120	0.000	trigger_11	11	520120	Trigger-In:11	117	fixation_point_on	staircase	16	red	left	aware	1	0
520.720	0.000	trigger_21	21	520720	Trigger-In:21	117	grating_on	staircase	16	red	left	aware	1	0
520.770	0.000	trigger_20	20	520770	Trigger-In:20	117	grating_off	staircase	16	red	left	aware	1	0
521.370	0.000	trigger_31	31	521370	Trigger-In:31	117	targets_on_fp_color_change	staircase	16	red	left	aware	1	0
523.100	0.000	trigger_201	201	523100	Trigger-In:201	117	trial_end_completed	staircase	16	red	left	aware	1	0
524.180	0.000	trigger_101	101	524180	Trigger-In:101	118	trial_start	staircase	15	green	right	aware	1	0
524.285	0.000	trigger_11	11	524285	Trigger-In:11	118	fixation_point_on	staircase	15	green	right	aware	1	0
524.885	0.000	trigger_21	21	524885	Trigger-In:21	118	grating_on	staircase	15	green	right	aware	1	0
524.940	0.000	trigger_20	20	524940	Trigger-In:20	118	grating_off	staircase	15	green	right	aware	1	0
525.540	0.000	trigger_31	31	525540	Trigger-In:31	118	targets_on_fp_color_change	staircase	15	green	right	aware	1	0
526.680	0.000	trigger_201	201	526680	Trigger-In:201	118	trial_end_completed	staircase	15	green	right	aware	1	0
527.760	0.000	trigger_101	101	527760	Trigger-In:101	119	trial_start	staircase	14	green	left	unaware	1	0
527.865	0.000	trigger_11	11	527865	Trigger-In:11	119	fixation_point_on	staircase	14	green	left	unaware	1	0
528.465	0.000	trigger_21	21	528465	Trigger-In:21	119	grating_on	staircase	14	green	left	unaware	1	0
528.515	0.000	trigger_20	20	528515	Trigger-In:20	119	grating_off	staircase	14	green	left	unaware	1	0
529.120	0.000	trigger_31	31	529120	Trigger-In:31	119	targets_on_fp_color_change	staircase	14	green	left	unaware	1	0
530.245	0.000	trigger_201	201	530245	Trigger-In:201	119	trial_end_completed	staircase	14	green	left	unaware	1	0
531.325	0.000	trigger_101	101	531325	Trigger-In:101	120	trial_start	staircase	15	green	left	unaware	1	0
531.435	0.000	trigger_11	11	531435	Trigger-In:11	120	fixation_point_on	staircase	15	green	left	unaware	1	0
532.035	0.000	trigger_21	21	532035	Trigger-In:21	120	grating_on	staircase	15	green	left	unaware	1	0
532.085	0.000	trigger_20	20	532085	Trigger-In:20	120	grating_off	staircase	15	green	left	unaware	1	0
532.685	0.000	trigger_31	31	532685	Trigger-In:31	120	targets_on_fp_color_change	staircase	15	green	left	unaware	1	0
534.520	0.000	trigger_201	201	534520	Trigger-In:201	120	trial_end_completed	staircase	15	green	left	unaware	1	0
535.600	0.000	trigger_101	101	535600	Trigger-In:101	121	trial_start	salient	0	green	left	unaware	1	0
535.710	0.000	trigger_11	11	535710	Trigger-In:11	121	fixation_point_on	salient	0	green	left	unaware	1	0
536.310	0.000	trigger_21	21	536310	Trigger-In:21	121	grating_on	salient	0	green	left	unaware	1	0
536.360	0.000	trigger_20	20	536360	Trigger-In:20	121	grating_off	salient	0	green	left	unaware	1	0
536.960	0.000	trigger_31	31	536960	Trigger-In:31	121	targets_on_fp_color_change	salient	0	green	left	unaware	1	0
538.150	0.000	trigger_201	201	538150	Trigger-In:201	121	trial_end_completed	salient	0	green	left	unaware	1	0
539.230	0.000	trigger_101	101	539230	Trigger-In:101	122	trial_start	absent	70	green	right	aware	1	0
539.335	0.000	trigger_11	11	539335	Trigger-In:11	122	fixation_point_on	absent	70	green	right	aware	1	0
539.935	0.000	trigger_21	21	539935	Trigger-In:21	122	grating_on	absent	70	green	right	aware	1	0
539.985	0.000	trigger_20	20	539985	Trigger-In:20	122	grating_off	absent	70	green	right	aware	1	0
540.585	0.000	trigger_31	31	540585	Trigger-In:31	122	targets_on_fp_color_change	absent	70	green	right	aware	1	0
541.500	0.000	trigger_201	201	541500	Trigger-In:201	122	trial_end_completed	absent	70	green	right	aware	1	0
542.585	0.000	trigger_101	101	542585	Trigger-In:101	123	trial_start	staircase	16	red	right	unaware	1	0
542.690	0.000	trigger_11	11	542690	Trigger-In:11	123	fixation_point_on	staircase	16	red	right	unaware	1	0
543.290	0.000	trigger_21	21	543290	Trigger-In:21	123	grating_on	staircase	16	red	right	unaware	1	0
543.340	0.000	trigger_20	20	543340	Trigger-In:20	123	grating_off	staircase	16	red	right	unaware	1	0
543.945	0.000	trigger_31	31	543945	Trigger-In:31	123	targets_on_fp_color_change	staircase	16	red	right	unaware	1	0
545.825	0.000	trigger_201	201	545825	Trigger-In:201	123	trial_end_completed	staircase	16	red	right	unaware	1	0
546.905	0.000	trigger_101	101	546905	Trigger-In:101	124	trial_start	salient	0	green	left	unaware	1	0
547.015	0.000	trigger_11	11	547015	Trigger-In:11	124	fixation_point_on	salient	0	green	left	unaware	1	0
547.615	0.000	trigger_21	21	547615	Trigger-In:21	124	grating_on	salient	0	green	left	unaware	1	0
547.665	0.000	trigger_20	20	547665	Trigger-In:20	124	grating_off	salient	0	green	left	unaware	1	0
548.265	0.000	trigger_31	31	548265	Trigger-In:31	124	targets_on_fp_color_change	salient	0	green	left	unaware	1	0
549.380	0.000	trigger_201	201	549380	Trigger-In:201	124	trial_end_completed	salient	0	green	left	unaware	1	0
550.460	0.000	trigger_101	101	550460	Trigger-In:101	125	trial_start	staircase	17	green	left	unaware	1	0
550.565	0.000	trigger_11	11	550565	Trigger-In:11	125	fixation_point_on	staircase	17	green	left	unaware	1	0
551.165	0.000	trigger_21	21	551165	Trigger-In:21	125	grating_on	staircase	17	green	left	unaware	1	0
551.215	0.000	trigger_20	20	551215	Trigger-In:20	125	grating_off	staircase	17	green	left	unaware	1	0
551.815	0.000	trigger_31	31	551815	Trigger-In:31	125	targets_on_fp_color_change	staircase	17	green	left	unaware	1	0
552.870	0.000	trigger_201	201	552870	Trigger-In:201	125	trial_end_completed	staircase	17	green	left	unaware	1	0
553.950	0.000	trigger_101	101	553950	Trigger-In:101	126	trial_start	staircase	18	red	left	aware	1	0
554.055	0.000	trigger_11	11	554055	Trigger-In:11	126	fixation_point_on	staircase	18	red	left	aware	1	0
554.655	0.000	trigger_21	21	554655	Trigger-In:21	126	grating_on	staircase	18	red	left	aware	1	0
554.705	0.000	trigger_20	20	554705	Trigger-In:20	126	grating_off	staircase	18	red	left	aware	1	0
555.310	0.000	trigger_31	31	555310	Trigger-In:31	126	targets_on_fp_color_change	staircase	18	red	left	aware	1	0
556.205	0.000	trigger_201	201	556205	Trigger-In:201	126	trial_end_completed	staircase	18	red	left	aware	1	0
557.285	0.000	trigger_101	101	557285	Trigger-In:101	127	trial_start	staircase	17	red	left	aware	1	0
557.390	0.000	trigger_11	11	557390	Trigger-In:11	127	fixation_point_on	staircase	17	red	left	aware	1	0
557.990	0.000	trigger_21	21	557990	Trigger-In:21	127	grating_on	staircase	17	red	left	aware	1	0
558.040	0.000	trigger_20	20	558040	Trigger-In:20	127	grating_off	staircase	17	red	left	aware	1	0
558.640	0.000	trigger_31	31	558640	Trigger-In:31	127	targets_on_fp_color_change	staircase	17	red	left	aware	1	0
559.495	0.000	trigger_201	201	559495	Trigger-In:201	127	trial_end_completed	staircase	17	red	left	aware	1	0
560.575	0.000	trigger_101	101	560575	Trigger-In:101	128	trial_start	salient	0	green	left	unaware	1	0
560.680	0.000	trigger_11	11	560680	Trigger-In:11	128	fixation_point_on	salient	0	green	left	unaware	1	0
561.280	0.000	trigger_21	21	561280	Trigger-In:21	128	grating_on	salient	0	green	left	unaware	1	0
561.330	0.000	trigger_20	20	561330	Trigger-In:20	128	grating_off	salient	0	green	left	unaware	1	0
561.935	0.000	trigger_31	31	561935	Trigger-In:31	128	targets_on_fp_color_change	salient	0	green	left	unaware	1	0
563.040	0.000	trigger_201	201	563040	Trigger-In:201	128	trial_end_completed	salient	0	green	left	unaware	1	0
564.120	0.000	trigger_101	101	564120	Trigger-In:101	129	trial_start	salient	0	green	left	unaware	1	0
564.225	0.000	trigger_11	11	564225	Trigger-In:11	129	fixation_point_on	salient	0	green	left	unaware	1	0
564.825	0.000	trigger_21	21	564825	Trigger-In:21	129	grating_on	salient	0	green	left	unaware	1	0
564.875	0.000	trigger_20	20	564875	Trigger-In:20	129	grating_off	salient	0	green	left	unaware	1	0
565.475	0.000	trigger_31	31	565475	Trigger-In:31	129	targets_on_fp_color_change	salient	0	green	left	unaware	1	0
566.680	0.000	trigger_201	201	566680	Trigger-In:201	129	trial_end_completed	salient	0	green	left	unaware	1	0
567.760	0.000	trigger_101	101	567760	Trigger-In:101	130	trial_start	staircase	16	red	right	unaware	1	0
567.865	0.000	trigger_11	11	567865	Trigger-In:11	130	fixation_point_on	staircase	16	red	right	unaware	1	0
568.465	0.000	trigger_21	21	568465	Trigger-In:21	130	grating_on	staircase	16	red	right	unaware	1	0
568.515	0.000	trigger_20	20	568515	Trigger-In:20	130	grating_off	staircase	16	red	right	unaware	1	0
569.120	0.000	trigger_31	31	569120	Trigger-In:31	130	targets_on_fp_color_change	staircase	16	red	right	unaware	1	0
570.860	0.000	trigger_201	201	570860	Trigger-In:201	130	trial_end_completed	staircase	16	red	right	unaware	1	0
571.940	0.000	trigger_101	101	571940	Trigger-In:101	131	trial_start	salient	0	green	left	unaware	1	0
572.045	0.000	trigger_11	11	572045	Trigger-In:11	131	fixation_point_on	salient	0	green	left	unaware	1	0
572.645	0.000	trigger_21	21	572645	Trigger-In:21	131	grating_on	salient	0	green	left	unaware	1	0
572.695	0.000	trigger_20	20	572695	Trigger-In:20	131	grating_off	salient	0	green	left	unaware	1	0
573.295	0.000	trigger_31	31	573295	Trigger-In:31	131	targets_on_fp_color_change	salient	0	green	left	unaware	1	0
574.405	0.000	trigger_201	201	574405	Trigger-In:201	131	trial_end_completed	salient	0	green	left	unaware	1	0
575.485	0.000	trigger_101	101	575485	Trigger-In:101	132	trial_start	staircase	17	green	right	aware	1	0
575.590	0.000	trigger_11	11	575590	Trigger-In:11	132	fixation_point_on	staircase	17	green	right	aware	1	0
576.190	0.000	trigger_21	21	576190	Trigger-In:21	132	grating_on	staircase	17	green	right	aware	1	0
576.240	0.000	trigger_20	20	576240	Trigger-In:20	132	grating_off	staircase	17	green	right	aware	1	0
576.840	0.000	trigger_31	31	576840	Trigger-In:31	132	targets_on_fp_color_change	staircase	17	green	right	aware	1	0
577.505	0.000	trigger_201	201	577505	Trigger-In:201	132	trial_end_completed	staircase	17	green	right	aware	1	0
578.590	0.000	trigger_101	101	578590	Trigger-In:101	133	trial_start	staircase	16	green	right	aware	1	0
578.695	0.000	trigger_11	11	578695	Trigger-In:11	133	fixation_point_on	staircase	16	green	right	aware	1	0
579.295	0.000	trigger_21	21	579295	Trigger-In:21	133	grating_on	staircase	16	green	right	aware	1	0
579.345	0.000	trigger_20	20	579345	Trigger-In:20	133	grating_off	staircase	16	green	right	aware	1	0
579.945	0.000	trigger_31	31	579945	Trigger-In:31	133	targets_on_fp_color_change	staircase	16	green	right	aware	1	0
581.110	0.000	trigger_201	201	581110	Trigger-In:201	133	trial_end_completed	staircase	16	green	right	aware	1	0
582.190	0.000	trigger_101	101	582190	Trigger-In:101	134	trial_start	staircase	15	green	left	unaware	1	0
582.295	0.000	trigger_11	11	582295	Trigger-In:11	134	fixation_point_on	staircase	15	green	left	unaware	1	0
582.895	0.000	trigger_21	21	582895	Trigger-In:21	134	grating_on	staircase	15	green	left	unaware	1	0
582.945	0.000	trigger_20	20	582945	Trigger-In:20	134	grating_off	staircase	15	green	left	unaware	1	0
583.545	0.000	trigger_31	31	583545	Trigger-In:31	134	targets_on_fp_color_change	staircase	15	green	left	unaware	1	0
584.615	0.000	trigger_201	201	584615	Trigger-In:201	134	trial_end_completed	staircase	15	green	left	unaware	1	0
585.700	0.000	trigger_101	101	585700	Trigger-In:101	135	trial_start	staircase	16	red	right	unaware	1	0
585.800	0.000	trigger_11	11	585800	Trigger-In:11	135	fixation_point_on	staircase	16	red	right	unaware	1	0
586.400	0.000	trigger_21	21	586400	Trigger-In:21	135	grating_on	staircase	16	red	right	unaware	1	0
586.450	0.000	trigger_20	20	586450	Trigger-In:20	135	grating_off	staircase	16	red	right	unaware	1	0
587.050	0.000	trigger_31	31	587050	Trigger-In:31	135	targets_on_fp_color_change	staircase	16	red	right	unaware	1	0
588.145	0.000	trigger_201	201	588145	Trigger-In:201	135	trial_end_completed	staircase	16	red	right	unaware	1	0
589.225	0.000	trigger_101	101	589225	Trigger-In:101	136	trial_start	salient	0	green	left	unaware	1	0
589.330	0.000	trigger_11	11	589330	Trigger-In:11	136	fixation_point_on	salient	0	green	left	unaware	1	0
589.935	0.000	trigger_21	21	589935	Trigger-In:21	136	grating_on	salient	0	green	left	unaware	1	0
589.985	0.000	trigger_20	20	589985	Trigger-In:20	136	grating_off	salient	0	green	left	unaware	1	0
590.585	0.000	trigger_31	31	590585	Trigger-In:31	136	targets_on_fp_color_change	salient	0	green	left	unaware	1	0
592.665	0.000	trigger_201	201	592665	Trigger-In:201	136	trial_end_completed	salient	0	green	left	unaware	1	0
593.745	0.000	trigger_101	101	593745	Trigger-In:101	137	trial_start	salient	0	red	right	unaware	1	0
593.845	0.000	trigger_11	11	593845	Trigger-In:11	137	fixation_point_on	salient	0	red	right	unaware	1	0
594.450	0.000	trigger_21	21	594450	Trigger-In:21	137	grating_on	salient	0	red	right	unaware	1	0
594.500	0.000	trigger_20	20	594500	Trigger-In:20	137	grating_off	salient	0	red	right	unaware	1	0
595.100	0.000	trigger_31	31	595100	Trigger-In:31	137	targets_on_fp_color_change	salient	0	red	right	unaware	1	0
596.545	0.000	trigger_201	201	596545	Trigger-In:201	137	trial_end_completed	salient	0	red	right	unaware	1	0
597.630	0.000	trigger_101	101	597630	Trigger-In:101	138	trial_start	absent	70	green	right	aware	1	0
597.735	0.000	trigger_11	11	597735	Trigger-In:11	138	fixation_point_on	absent	70	green	right	aware	1	0
598.335	0.000	trigger_21	21	598335	Trigger-In:21	138	grating_on	absent	70	green	right	aware	1	0
598.385	0.000	trigger_20	20	598385	Trigger-In:20	138	grating_off	absent	70	green	right	aware	1	0
598.985	0.000	trigger_31	31	598985	Trigger-In:31	138	targets_on_fp_color_change	absent	70	green	right	aware	1	0
599.760	0.000	trigger_201	201	599760	Trigger-In:201	138	trial_end_completed	absent	70	green	right	aware	1	0
600.840	0.000	trigger_101	101	600840	Trigger-In:101	139	trial_start	absent	70	red	left	aware	1	0
600.945	0.000	trigger_11	11	600945	Trigger-In:11	139	fixation_point_on	absent	70	red	left	aware	1	0
601.545	0.000	trigger_21	21	601545	Trigger-In:21	139	grating_on	absent	70	red	left	aware	1	0
601.595	0.000	trigger_20	20	601595	Trigger-In:20	139	grating_off	absent	70	red	left	aware	1	0
602.195	0.000	trigger_31	31	602195	Trigger-In:31	139	targets_on_fp_color_change	absent	70	red	left	aware	1	0
603.255	0.000	trigger_201	201	603255	Trigger-In:201	139	trial_end_completed	absent	70	red	left	aware	1	0
604.335	0.000	trigger_101	101	604335	Trigger-In:101	140	trial_start	staircase	17	green	right	aware	1	0
604.440	0.000	trigger_11	11	604440	Trigger-In:11	140	fixation_point_on	staircase	17	green	right	aware	1	0
605.040	0.000	trigger_21	21	605040	Trigger-In:21	140	grating_on	staircase	17	green	right	aware	1	0
605.095	0.000	trigger_20	20	605095	Trigger-In:20	140	grating_off	staircase	17	green	right	aware	1	0
605.695	0.000	trigger_31	31	605695	Trigger-In:31	140	targets_on_fp_color_change	staircase	17	green	right	aware	1	0
606.550	0.000	trigger_201	201	606550	Trigger-In:201	140	trial_end_completed	staircase	17	green	right	aware	1	0
607.635	0.000	trigger_101	101	607635	Trigger-In:101	141	trial_start	staircase	16	green	right	aware	1	0
607.740	0.000	trigger_11	11	607740	Trigger-In:11	141	fixation_point_on	staircase	16	green	right	aware	1	0
608.340	0.000	trigger_21	21	608340	Trigger-In:21	141	grating_on	staircase	16	green	right	aware	1	0
608.390	0.000	trigger_20	20	608390	Trigger-In:20	141	grating_off	staircase	16	green	right	aware	1	0
608.990	0.000	trigger_31	31	608990	Trigger-In:31	141	targets_on_fp_color_change	staircase	16	green	right	aware	1	0
609.910	0.000	trigger_201	201	609910	Trigger-In:201	141	trial_end_completed	staircase	16	green	right	aware	1	0
610.985	0.000	trigger_101	101	610985	Trigger-In:101	142	trial_start	salient	0	green	left	unaware	1	0
611.095	0.000	trigger_11	11	611095	Trigger-In:11	142	fixation_point_on	salient	0	green	left	unaware	1	0
611.695	0.000	trigger_21	21	611695	Trigger-In:21	142	grating_on	salient	0	green	left	unaware	1	0
611.745	0.000	trigger_20	20	611745	Trigger-In:20	142	grating_off	salient	0	green	left	unaware	1	0
612.345	0.000	trigger_31	31	612345	Trigger-In:31	142	targets_on_fp_color_change	salient	0	green	left	unaware	1	0
613.700	0.000	trigger_201	201	613700	Trigger-In:201	142	trial_end_completed	salient	0	green	left	unaware	1	0
614.780	0.000	trigger_101	101	614780	Trigger-In:101	143	trial_start	staircase	15	green	right	aware	1	0
614.890	0.000	trigger_11	11	614890	Trigger-In:11	143	fixation_point_on	staircase	15	green	right	aware	1	0
615.490	0.000	trigger_21	21	615490	Trigger-In:21	143	grating_on	staircase	15	green	right	aware	1	0
615.545	0.000	trigger_20	20	615545	Trigger-In:20	143	grating_off	staircase	15	green	right	aware	1	0
616.145	0.000	trigger_31	31	616145	Trigger-In:31	143	targets_on_fp_color_change	staircase	15	green	right	aware	1	0
617.120	0.000	trigger_201	201	617120	Trigger-In:201	143	trial_end_completed	staircase	15	green	right	aware	1	0
618.200	0.000	trigger_101	101	618200	Trigger-In:101	144	trial_start	staircase	14	green	right	aware	1	0
618.305	0.000	trigger_11	11	618305	Trigger-In:11	144	fixation_point_on	staircase	14	green	right	aware	1	0
618.905	0.000	trigger_21	21	618905	Trigger-In:21	144	grating_on	staircase	14	green	right	aware	1	0
618.955	0.000	trigger_20	20	618955	Trigger-In:20	144	grating_off	staircase	14	green	right	aware	1	0
619.555	0.000	trigger_31	31	619555	Trigger-In:31	144	targets_on_fp_color_change	staircase	14	green	right	aware	1	0
620.555	0.000	trigger_201	201	620555	Trigger-In:201	144	trial_end_completed	staircase	14	green	right	aware	1	0
621.635	0.000	trigger_101	101	621635	Trigger-In:101	145	trial_start	staircase	13	red	right	unaware	1	0
621.740	0.000	trigger_11	11	621740	Trigger-In:11	145	fixation_point_on	staircase	13	red	right	unaware	1	0
622.345	0.000	trigger_21	21	622345	Trigger-In:21	145	grating_on	staircase	13	red	right	unaware	1	0
622.395	0.000	trigger_20	20	622395	Trigger-In:20	145	grating_off	staircase	13	red	right	unaware	1	0
623.000	0.000	trigger_31	31	623000	Trigger-In:31	145	targets_on_fp_color_change	staircase	13	red	right	unaware	1	0
625.100	0.000	trigger_201	201	625100	Trigger-In:201	145	trial_end_completed	staircase	13	red	right	unaware	1	0
626.180	0.000	trigger_101	101	626180	Trigger-In:101	146	trial_start	staircase	14	green	left	unaware	1	0
626.285	0.000	trigger_11	11	626285	Trigger-In:11	146	fixation_point_on	staircase	14	green	left	unaware	1	0
626.890	0.000	trigger_21	21	626890	Trigger-In:21	146	grating_on	staircase	14	green	left	unaware	1	0
626.940	0.000	trigger_20	20	626940	Trigger-In:20	146	grating_off	staircase	14	green	left	unaware	1	0
627.540	0.000	trigger_31	31	627540	Trigger-In:31	146	targets_on_fp_color_change	staircase	14	green	left	unaware	1	0
628.695	0.000	trigger_201	201	628695	Trigger-In:201	146	trial_end_completed	staircase	14	green	left	unaware	1	0
629.770	0.000	trigger_101	101	629770	Trigger-In:101	147	trial_start	staircase	15	green	right	aware	1	0
629.880	0.000	trigger_11	11	629880	Trigger-In:11	147	fixation_point_on	staircase	15	green	right	aware	1	0
630.480	0.000	trigger_21	21	630480	Trigger-In:21	147	grating_on	staircase	15	green	right	aware	1	0
630.530	0.000	trigger_20	20	630530	Trigger-In:20	147	grating_off	staircase	15	green	right	aware	1	0
631.130	0.000	trigger_31	31	631130	Trigger-In:31	147	targets_on_fp_color_change	staircase	15	green	right	aware	1	0
632.205	0.000	trigger_201	201	632205	Trigger-In:201	147	trial_end_completed	staircase	15	green	right	aware	1	0
633.285	0.000	trigger_101	101	633285	Trigger-In:101	148	trial_start	staircase	14	green	left	unaware	1	0
633.385	0.000	trigger_11	11	633385	Trigger-In:11	148	fixation_point_on	staircase	14	green	left	unaware	1	0
633.990	0.000	trigger_21	21	633990	Trigger-In:21	148	grating_on	staircase	14	green	left	unaware	1	0
634.040	0.000	trigger_20	20	634040	Trigger-In:20	148	grating_off	staircase	14	green	left	unaware	1	0
634.640	0.000	trigger_31	31	634640	Trigger-In:31	148	targets_on_fp_color_change	staircase	14	green	left	unaware	1	0
635.835	0.000	trigger_201	201	635835	Trigger-In:201	148	trial_end_completed	staircase	14	green	left	unaware	1	0
636.915	0.000	trigger_101	101	636915	Trigger-In:101	149	trial_start	staircase	15	red	right	unaware	1	0
637.020	0.000	trigger_11	11	637020	Trigger-In:11	149	fixation_point_on	staircase	15	red	right	unaware	1	0
637.620	0.000	trigger_21	21	637620	Trigger-In:21	149	grating_on	staircase	15	red	right	unaware	1	0
637.670	0.000	trigger_20	20	637670	Trigger-In:20	149	grating_off	staircase	15	red	right	unaware	1	0
638.270	0.000	trigger_31	31	638270	Trigger-In:31	149	targets_on_fp_color_change	staircase	15	red	right	unaware	1	0
639.765	0.000	trigger_201	201	639765	Trigger-In:201	149	trial_end_completed	staircase	15	red	right	unaware	1	0
640.850	0.000	trigger_101	101	640850	Trigger-In:101	150	trial_start	staircase	16	red	left	aware	1	0
640.955	0.000	trigger_11	11	640955	Trigger-In:11	150	fixation_point_on	staircase	16	red	left	aware	1	0
641.555	0.000	trigger_21	21	641555	Trigger-In:21	150	grating_on	staircase	16	red	left	aware	1	0
641.605	0.000	trigger_20	20	641605	Trigger-In:20	150	grating_off	staircase	16	red	left	aware	1	0
642.205	0.000	trigger_31	31	642205	Trigger-In:31	150	targets_on_fp_color_change	staircase	16	red	left	aware	1	0
643.845	0.000	trigger_201	201	643845	Trigger-In:201	150	trial_end_completed	staircase	16	red	left	aware	1	0
644.925	0.000	trigger_101	101	644925	Trigger-In:101	151	trial_start	staircase	15	green	left	unaware	1	0
645.030	0.000	trigger_11	11	645030	Trigger-In:11	151	fixation_point_on	staircase	15	green	left	unaware	1	0
645.630	0.000	trigger_21	21	645630	Trigger-In:21	151	grating_on	staircase	15	green	left	unaware	1	0
645.680	0.000	trigger_20	20	645680	Trigger-In:20	151	grating_off	staircase	15	green	left	unaware	1	0
646.285	0.000	trigger_31	31	646285	Trigger-In:31	151	targets_on_fp_color_change	staircase	15	green	left	unaware	1	0
647.815	0.000	trigger_201	201	647815	Trigger-In:201	151	trial_end_completed	staircase	15	green	left	unaware	1	0
648.900	0.000	trigger_101	101	648900	Trigger-In:101	152	trial_start	salient	0	green	left	unaware	1	0
649.005	0.000	trigger_11	11	649005	Trigger-In:11	152	fixation_point_on	salient	0	green	left	unaware	1	0
649.605	0.000	trigger_21	21	649605	Trigger-In:21	152	grating_on	salient	0	green	left	unaware	1	0
649.655	0.000	trigger_20	20	649655	Trigger-In:20	152	grating_off	salient	0	green	left	unaware	1	0
650.255	0.000	trigger_31	31	650255	Trigger-In:31	152	targets_on_fp_color_change	salient	0	green	left	unaware	1	0
652.680	0.000	trigger_201	201	652680	Trigger-In:201	152	trial_end_completed	salient	0	green	left	unaware	1	0
653.765	0.000	trigger_101	101	653765	Trigger-In:101	153	trial_start	staircase	16	red	right	unaware	1	0
653.870	0.000	trigger_11	11	653870	Trigger-In:11	153	fixation_point_on	staircase	16	red	right	unaware	1	0
654.470	0.000	trigger_21	21	654470	Trigger-In:21	153	grating_on	staircase	16	red	right	unaware	1	0
654.520	0.000	trigger_20	20	654520	Trigger-In:20	153	grating_off	staircase	16	red	right	unaware	1	0
655.120	0.000	trigger_31	31	655120	Trigger-In:31	153	targets_on_fp_color_change	staircase	16	red	right	unaware	1	0
657.235	0.000	trigger_201	201	657235	Trigger-In:201	153	trial_end_completed	staircase	16	red	right	unaware	1	0
658.320	0.000	trigger_101	101	658320	Trigger-In:101	154	trial_start	salient	0	red	right	unaware	1	0
658.425	0.000	trigger_11	11	658425	Trigger-In:11	154	fixation_point_on	salient	0	red	right	unaware	1	0
659.025	0.000	trigger_21	21	659025	Trigger-In:21	154	grating_on	salient	0	red	right	unaware	1	0
659.075	0.000	trigger_20	20	659075	Trigger-In:20	154	grating_off	salient	0	red	right	unaware	1	0
659.675	0.000	trigger_31	31	659675	Trigger-In:31	154	targets_on_fp_color_change	salient	0	red	right	unaware	1	0
661.130	0.000	trigger_201	201	661130	Trigger-In:201	154	trial_end_completed	salient	0	red	right	unaware	1	0
662.210	0.000	trigger_101	101	662210	Trigger-In:101	155	trial_start	staircase	17	red	right	unaware	1	0
662.315	0.000	trigger_11	11	662315	Trigger-In:11	155	fixation_point_on	staircase	17	red	right	unaware	1	0
662.915	0.000	trigger_21	21	662915	Trigger-In:21	155	grating_on	staircase	17	red	right	unaware	1	0
662.965	0.000	trigger_20	20	662965	Trigger-In:20	155	grating_off	staircase	17	red	right	unaware	1	0
663.570	0.000	trigger_31	31	663570	Trigger-In:31	155	targets_on_fp_color_change	staircase	17	red	right	unaware	1	0
665.120	0.000	trigger_201	201	665120	Trigger-In:201	155	trial_end_completed	staircase	17	red	right	unaware	1	0
666.200	0.000	trigger_101	101	666200	Trigger-In:101	156	trial_start	salient	0	red	right	unaware	1	0
666.305	0.000	trigger_11	11	666305	Trigger-In:11	156	fixation_point_on	salient	0	red	right	unaware	1	0
666.905	0.000	trigger_21	21	666905	Trigger-In:21	156	grating_on	salient	0	red	right	unaware	1	0
666.955	0.000	trigger_20	20	666955	Trigger-In:20	156	grating_off	salient	0	red	right	unaware	1	0
667.555	0.000	trigger_31	31	667555	Trigger-In:31	156	targets_on_fp_color_change	salient	0	red	right	unaware	1	0
668.700	0.000	trigger_201	201	668700	Trigger-In:201	156	trial_end_completed	salient	0	red	right	unaware	1	0
669.780	0.000	trigger_101	101	669780	Trigger-In:101	157	trial_start	staircase	18	green	right	aware	1	0
669.885	0.000	trigger_11	11	669885	Trigger-In:11	157	fixation_point_on	staircase	18	green	right	aware	1	0
670.485	0.000	trigger_21	21	670485	Trigger-In:21	157	grating_on	staircase	18	green	right	aware	1	0
670.535	0.000	trigger_20	20	670535	Trigger-In:20	157	grating_off	staircase	18	green	right	aware	1	0
671.135	0.000	trigger_31	31	671135	Trigger-In:31	157	targets_on_fp_color_change	staircase	18	green	right	aware	1	0
672.040	0.000	trigger_201	201	672040	Trigger-In:201	157	trial_end_completed	staircase	18	green	right	aware	1	0
673.125	0.000	trigger_101	101	673125	Trigger-In:101	158	trial_start	staircase	17	red	right	unaware	1	0
673.230	0.000	trigger_11	11	673230	Trigger-In:11	158	fixation_point_on	staircase	17	red	right	unaware	1	0
673.830	0.000	trigger_21	21	673830	Trigger-In:21	158	grating_on	staircase	17	red	right	unaware	1	0
673.880	0.000	trigger_20	20	673880	Trigger-In:20	158	grating_off	staircase	17	red	right	unaware	1	0
674.480	0.000	trigger_31	31	674480	Trigger-In:31	158	targets_on_fp_color_change	staircase	17	red	right	unaware	1	0
676.365	0.000	trigger_201	201	676365	Trigger-In:201	158	trial_end_completed	staircase	17	red	right	unaware	1	0
677.445	0.000	trigger_101	101	677445	Trigger-In:101	159	trial_start	staircase	18	green	right	aware	1	0
677.550	0.000	trigger_11	11	677550	Trigger-In:11	159	fixation_point_on	staircase	18	green	right	aware	1	0
678.150	0.000	trigger_21	21	678150	Trigger-In:21	159	grating_on	staircase	18	green	right	aware	1	0
678.200	0.000	trigger_20	20	678200	Trigger-In:20	159	grating_off	staircase	18	green	right	aware	1	0
678.800	0.000	trigger_31	31	678800	Trigger-In:31	159	targets_on_fp_color_change	staircase	18	green	right	aware	1	0
679.815	0.000	trigger_201	201	679815	Trigger-In:201	159	trial_end_completed	staircase	18	green	right	aware	1	0
680.895	0.000	trigger_101	101	680895	Trigger-In:101	160	trial_start	staircase	17	red	right	unaware	1	0
681.000	0.000	trigger_11	11	681000	Trigger-In:11	160	fixation_point_on	staircase	17	red	right	unaware	1	0
681.600	0.000	trigger_21	21	681600	Trigger-In:21	160	grating_on	staircase	17	red	right	unaware	1	0
681.650	0.000	trigger_20	20	681650	Trigger-In:20	160	grating_off	staircase	17	red	right	unaware	1	0
682.250	0.000	trigger_31	31	682250	Trigger-In:31	160	targets_on_fp_color_change	staircase	17	red	right	unaware	1	0
684.245	0.000	trigger_201	201	684245	Trigger-In:201	160	trial_end_completed	staircase	17	red	right	unaware	1	0
685.330	0.000	trigger_101	101	685330	Trigger-In:101	161	trial_start	staircase	18	green	right	aware	1	0
685.435	0.000	trigger_11	11	685435	Trigger-In:11	161	fixation_point_on	staircase	18	green	right	aware	1	0
686.035	0.000	trigger_21	21	686035	Trigger-In:21	161	grating_on	staircase	18	green	right	aware	1	0
686.085	0.000	trigger_20	20	686085	Trigger-In:20	161	grating_off	staircase	18	green	right	aware	1	0
686.685	0.000	trigger_31	31	686685	Trigger-In:31	161	targets_on_fp_color_change	staircase	18	green	right	aware	1	0
687.695	0.000	trigger_201	201	687695	Trigger-In:201	161	trial_end_completed	staircase	18	green	right	aware	1	0
688.780	0.000	trigger_101	101	688780	Trigger-In:101	162	trial_start	staircase	17	green	left	unaware	1	0
688.885	0.000	trigger_11	11	688885	Trigger-In:11	162	fixation_point_on	staircase	17	green	left	unaware	1	0
689.485	0.000	trigger_21	21	689485	Trigger-In:21	162	grating_on	staircase	17	green	left	unaware	1	0
689.535	0.000	trigger_20	20	689535	Trigger-In:20	162	grating_off	staircase	17	green	left	unaware	1	0
690.140	0.000	trigger_31	31	690140	Trigger-In:31	162	targets_on_fp_color_change	staircase	17	green	left	unaware	1	0
691.210	0.000	trigger_201	201	691210	Trigger-In:201	162	trial_end_completed	staircase	17	green	left	unaware	1	0
692.290	0.000	trigger_101	101	692290	Trigger-In:101	163	trial_start	salient	0	green	left	unaware	1	0
692.395	0.000	trigger_11	11	692395	Trigger-In:11	163	fixation_point_on	salient	0	green	left	unaware	1	0
692.995	0.000	trigger_21	21	692995	Trigger-In:21	163	grating_on	salient	0	green	left	unaware	1	0
693.045	0.000	trigger_20	20	693045	Trigger-In:20	163	grating_off	salient	0	green	left	unaware	1	0
693.645	0.000	trigger_31	31	693645	Trigger-In:31	163	targets_on_fp_color_change	salient	0	green	left	unaware	1	0
695.125	0.000	trigger_201	201	695125	Trigger-In:201	163	trial_end_completed	salient	0	green	left	unaware	1	0
696.205	0.000	trigger_101	101	696205	Trigger-In:101	164	trial_start	staircase	18	green	right	aware	1	0
696.310	0.000	trigger_11	11	696310	Trigger-In:11	164	fixation_point_on	staircase	18	green	right	aware	1	0
696.915	0.000	trigger_21	21	696915	Trigger-In:21	164	grating_on	staircase	18	green	right	aware	1	0
696.965	0.000	trigger_20	20	696965	Trigger-In:20	164	grating_off	staircase	18	green	right	aware	1	0
697.565	0.000	trigger_31	31	697565	Trigger-In:31	164	targets_on_fp_color_change	staircase	18	green	right	aware	1	0
698.360	0.000	trigger_201	201	698360	Trigger-In:201	164	trial_end_completed	staircase	18	green	right	aware	1	0
699.440	0.000	trigger_101	101	699440	Trigger-In:101	165	trial_start	staircase	17	red	left	aware	1	0
699.545	0.000	trigger_11	11	699545	Trigger-In:11	165	fixation_point_on	staircase	17	red	left	aware	1	0
700.150	0.000	trigger_21	21	700150	Trigger-In:21	165	grating_on	staircase	17	red	left	aware	1	0
700.200	0.000	trigger_20	20	700200	Trigger-In:20	165	grating_off	staircase	17	red	left	aware	1	0
700.800	0.000	trigger_31	31	700800	Trigger-In:31	165	targets_on_fp_color_change	staircase	17	red	left	aware	1	0
701.705	0.000	trigger_201	201	701705	Trigger-In:201	165	trial_end_completed	staircase	17	red	left	aware	1	0
702.790	0.000	trigger_101	101	702790	Trigger-In:101	166	trial_start	staircase	16	green	right	aware	1	0
702.895	0.000	trigger_11	11	702895	Trigger-In:11	166	fixation_point_on	staircase	16	green	right	aware	1	0
703.495	0.000	trigger_21	21	703495	Trigger-In:21	166	grating_on	staircase	16	green	right	aware	1	0
703.545	0.000	trigger_20	20	703545	Trigger-In:20	166	grating_off	staircase	16	green	right	aware	1	0
704.145	0.000	trigger_31	31	704145	Trigger-In:31	166	targets_on_fp_color_change	staircase	16	green	right	aware	1	0
705.285	0.000	trigger_201	201	705285	Trigger-In:201	166	trial_end_completed	staircase	16	green	right	aware	1	0
706.365	0.000	trigger_101	101	706365	Trigger-In:101	167	trial_start	staircase	15	red	left	aware	1	0
706.475	0.000	trigger_11	11	706475	Trigger-In:11	167	fixation_point_on	staircase	15	red	left	aware	1	0
707.075	0.000	trigger_21	21	707075	Trigger-In:21	167	grating_on	staircase	15	red	left	aware	1	0
707.125	0.000	trigger_20	20	707125	Trigger-In:20	167	grating_off	staircase	15	red	left	aware	1	0
707.725	0.000	trigger_31	31	707725	Trigger-In:31	167	targets_on_fp_color_change	staircase	15	red	left	aware	1	0
709.310	0.000	trigger_201	201	709310	Trigger-In:201	167	trial_end_completed	staircase	15	red	left	aware	1	0
710.390	0.000	trigger_101	101	710390	Trigger-In:101	168	trial_start	staircase	14	green	left	unaware	1	0
710.495	0.000	trigger_11	11	710495	Trigger-In:11	168	fixation_point_on	staircase	14	green	left	unaware	1	0
711.095	0.000	trigger_21	21	711095	Trigger-In:21	168	grating_on	staircase	14	green	left	unaware	1	0
711.145	0.000	trigger_20	20	711145	Trigger-In:20	168	grating_off	staircase	14	green	left	unaware	1	0
711.745	0.000	trigger_31	31	711745	Trigger-In:31	168	targets_on_fp_color_change	staircase	14	green	left	unaware	1	0
712.945	0.000	trigger_201	201	712945	Trigger-In:201	168	trial_end_completed	staircase	14	green	left	unaware	1	0
714.025	0.000	trigger_101	101	714025	Trigger-In:101	169	trial_start	absent	70	red	left	aware	1	0
714.130	0.000	trigger_11	11	714130	Trigger-In:11	169	fixation_point_on	absent	70	red	left	aware	1	0
714.730	0.000	trigger_21	21	714730	Trigger-In:21	169	grating_on	absent	70	red	left	aware	1	0
714.785	0.000	trigger_20	20	714785	Trigger-In:20	169	grating_off	absent	70	red	left	aware	1	0
715.385	0.000	trigger_31	31	715385	Trigger-In:31	169	targets_on_fp_color_change	absent	70	red	left	aware	1	0
716.325	0.000	trigger_201	201	716325	Trigger-In:201	169	trial_end_completed	absent	70	red	left	aware	1	0
717.405	0.000	trigger_101	101	717405	Trigger-In:101	170	trial_start	staircase	15	red	right	unaware	1	0
717.510	0.000	trigger_11	11	717510	Trigger-In:11	170	fixation_point_on	staircase	15	red	right	unaware	1	0
718.110	0.000	trigger_21	21	718110	Trigger-In:21	170	grating_on	staircase	15	red	right	unaware	1	0
718.160	0.000	trigger_20	20	718160	Trigger-In:20	170	grating_off	staircase	15	red	right	unaware	1	0
718.760	0.000	trigger_31	31	718760	Trigger-In:31	170	targets_on_fp_color_change	staircase	15	red	right	unaware	1	0
720.225	0.000	trigger_201	201	720225	Trigger-In:201	170	trial_end_completed	staircase	15	red	right	unaware	1	0
721.305	0.000	trigger_101	101	721305	Trigger-In:101	171	trial_start	staircase	16	red	right	unaware	1	0
721.410	0.000	trigger_11	11	721410	Trigger-In:11	171	fixation_point_on	staircase	16	red	right	unaware	1	0
722.010	0.000	trigger_21	21	722010	Trigger-In:21	171	grating_on	staircase	16	red	right	unaware	1	0
722.060	0.000	trigger_20	20	722060	Trigger-In:20	171	grating_off	staircase	16	red	right	unaware	1	0
722.660	0.000	trigger_31	31	722660	Trigger-In:31	171	targets_on_fp_color_change	staircase	16	red	right	unaware	1	0
723.860	0.000	trigger_201	201	723860	Trigger-In:201	171	trial_end_completed	staircase	16	red	right	unaware	1	0
724.945	0.000	trigger_101	101	724945	Trigger-In:101	172	trial_start	staircase	17	red	right	unaware	1	0
725.050	0.000	trigger_11	11	725050	Trigger-In:11	172	fixation_point_on	staircase	17	red	right	unaware	1	0
725.650	0.000	trigger_21	21	725650	Trigger-In:21	172	grating_on	staircase	17	red	right	unaware	1	0
725.700	0.000	trigger_20	20	725700	Trigger-In:20	172	grating_off	staircase	17	red	right	unaware	1	0
726.300	0.000	trigger_31	31	726300	Trigger-In:31	172	targets_on_fp_color_change	staircase	17	red	right	unaware	1	0
727.245	0.000	trigger_201	201	727245	Trigger-In:201	172	trial_end_completed	staircase	17	red	right	unaware	1	0
728.325	0.000	trigger_101	101	728325	Trigger-In:101	173	trial_start	staircase	18	green	right	aware	1	0
728.430	0.000	trigger_11	11	728430	Trigger-In:11	173	fixation_point_on	staircase	18	green	right	aware	1	0
729.030	0.000	trigger_21	21	729030	Trigger-In:21	173	grating_on	staircase	18	green	right	aware	1	0
729.080	0.000	trigger_20	20	729080	Trigger-In:20	173	grating_off	staircase	18	green	right	aware	1	0
729.680	0.000	trigger_31	31	729680	Trigger-In:31	173	targets_on_fp_color_change	staircase	18	green	right	aware	1	0
730.325	0.000	trigger_201	201	730325	Trigger-In:201	173	trial_end_completed	staircase	18	green	right	aware	1	0
731.405	0.000	trigger_101	101	731405	Trigger-In:101	174	trial_start	staircase	17	green	right	aware	1	0
731.510	0.000	trigger_11	11	731510	Trigger-In:11	174	fixation_point_on	staircase	17	green	right	aware	1	0
732.115	0.000	trigger_21	21	732115	Trigger-In:21	174	grating_on	staircase	17	green	right	aware	1	0
732.165	0.000	trigger_20	20	732165	Trigger-In:20	174	grating_off	staircase	17	green	right	aware	1	0
732.765	0.000	trigger_31	31	732765	Trigger-In:31	174	targets_on_fp_color_change	staircase	17	green	right	aware	1	0
733.755	0.000	trigger_201	201	733755	Trigger-In:201	174	trial_end_completed	staircase	17	green	right	aware	1	0
734.840	0.000	trigger_101	101	734840	Trigger-In:101	175	trial_start	absent	70	red	left	aware	1	0
734.945	0.000	trigger_11	11	734945	Trigger-In:11	175	fixation_point_on	absent	70	red	left	aware	1	0
735.545	0.000	trigger_21	21	735545	Trigger-In:21	175	grating_on	absent	70	red	left	aware	1	0
735.595	0.000	trigger_20	20	735595	Trigger-In:20	175	grating_off	absent	70	red	left	aware	1	0
736.195	0.000	trigger_31	31	736195	Trigger-In:31	175	targets_on_fp_color_change	absent	70	red	left	aware	1	0
737.210	0.000	trigger_201	201	737210	Trigger-In:201	175	trial_end_completed	absent	70	red	left	aware	1	0
738.290	0.000	trigger_101	101	738290	Trigger-In:101	176	trial_start	salient	0	red	right	unaware	1	0
738.395	0.000	trigger_11	11	738395	Trigger-In:11	176	fixation_point_on	salient	0	red	right	unaware	1	0
738.995	0.000	trigger_21	21	738995	Trigger-In:21	176	grating_on	salient	0	red	right	unaware	1	0
739.050	0.000	trigger_20	20	739050	Trigger-In:20	176	grating_off	salient	0	red	right	unaware	1	0
739.650	0.000	trigger_31	31	739650	Trigger-In:31	176	targets_on_fp_color_change	salient	0	red	right	unaware	1	0
742.345	0.000	trigger_201	201	742345	Trigger-In:201	176	trial_end_completed	salient	0	red	right	unaware	1	0
743.430	0.000	trigger_101	101	743430	Trigger-In:101	177	trial_start	staircase	16	green	right	aware	1	0
743.535	0.000	trigger_11	11	743535	Trigger-In:11	177	fixation_point_on	staircase	16	green	right	aware	1	0
744.135	0.000	trigger_21	21	744135	Trigger-In:21	177	grating_on	staircase	16	green	right	aware	1	0
744.185	0.000	trigger_20	20	744185	Trigger-In:20	177	grating_off	staircase	16	green	right	aware	1	0
744.785	0.000	trigger_31	31	744785	Trigger-In:31	177	targets_on_fp_color_change	staircase	16	green	right	aware	1	0
745.535	0.000	trigger_201	201	745535	Trigger-In:201	177	trial_end_completed	staircase	16	green	right	aware	1	0
746.620	0.000	trigger_101	101	746620	Trigger-In:101	178	trial_start	staircase	15	green	right	aware	1	0
746.725	0.000	trigger_11	11	746725	Trigger-In:11	178	fixation_point_on	staircase	15	green	right	aware	1	0
747.325	0.000	trigger_21	21	747325	Trigger-In:21	178	grating_on	staircase	15	green	right	aware	1	0
747.375	0.000	trigger_20	20	747375	Trigger-In:20	178	grating_off	staircase	15	green	right	aware	1	0
747.975	0.000	trigger_31	31	747975	Trigger-In:31	178	targets_on_fp_color_change	staircase	15	green	right	aware	1	0
748.685	0.000	trigger_201	201	748685	Trigger-In:201	178	trial_end_completed	staircase	15	green	right	aware	1	0
749.765	0.000	trigger_101	101	749765	Trigger-In:101	179	trial_start	staircase	14	green	right	aware	1	0
749.870	0.000	trigger_11	11	749870	Trigger-In:11	179	fixation_point_on	staircase	14	green	right	aware	1	0
750.470	0.000	trigger_21	21	750470	Trigger-In:21	179	grating_on	staircase	14	green	right	aware	1	0
750.520	0.000	trigger_20	20	750520	Trigger-In:20	179	grating_off	staircase	14	green	right	aware	1	0
751.120	0.000	trigger_31	31	751120	Trigger-In:31	179	targets_on_fp_color_change	staircase	14	green	right	aware	1	0
752.860	0.000	trigger_201	201	752860	Trigger-In:201	179	trial_end_completed	staircase	14	green	right	aware	1	0
753.945	0.000	trigger_101	101	753945	Trigger-In:101	180	trial_start	staircase	13	red	right	unaware	1	0
754.050	0.000	trigger_11	11	754050	Trigger-In:11	180	fixation_point_on	staircase	13	red	right	unaware	1	0
754.650	0.000	trigger_21	21	754650	Trigger-In:21	180	grating_on	staircase	13	red	right	unaware	1	0
754.700	0.000	trigger_20	20	754700	Trigger-In:20	180	grating_off	staircase	13	red	right	unaware	1	0
755.300	0.000	trigger_31	31	755300	Trigger-In:31	180	targets_on_fp_color_change	staircase	13	red	right	unaware	1	0
757.200	0.000	trigger_201	201	757200	Trigger-In:201	180	trial_end_completed	staircase	13	red	right	unaware	1	0
