onset	duration	trial_type	value	sample	source_annotation	trial	event_name	stim_presence	contrast	fp_color	response	awareness	trial_complete	fixation_break
57.755	0.000	trigger_101	101	57755	Trigger-In:101	1	trial_start	staircase	12	green	left	unaware	1	0
58.590	0.000	trigger_11	11	58590	Trigger-In:11	1	fixation_point_on	staircase	12	green	left	unaware	1	0
59.205	0.000	trigger_21	21	59205	Trigger-In:21	1	grating_on	staircase	12	green	left	unaware	1	0
59.270	0.000	trigger_20	20	59270	Trigger-In:20	1	grating_off	staircase	12	green	left	unaware	1	0
59.880	0.000	trigger_31	31	59880	Trigger-In:31	1	targets_on_fp_color_change	staircase	12	green	left	unaware	1	0
61.470	0.000	trigger_201	201	61470	Trigger-In:201	1	trial_end_completed	staircase	12	green	left	unaware	1	0
62.730	0.000	trigger_101	101	62730	Trigger-In:101	2	trial_start	absent	70	green	right	aware	1	0
62.835	0.000	trigger_11	11	62835	Trigger-In:11	2	fixation_point_on	absent	70	green	right	aware	1	0
63.435	0.000	trigger_21	21	63435	Trigger-In:21	2	grating_on	absent	70	green	right	aware	1	0
63.485	0.000	trigger_20	20	63485	Trigger-In:20	2	grating_off	absent	70	green	right	aware	1	0
64.090	0.000	trigger_31	31	64090	Trigger-In:31	2	targets_on_fp_color_change	absent	70	green	right	aware	1	0
64.730	0.000	trigger_201	201	64730	Trigger-In:201	2	trial_end_completed	absent	70	green	right	aware	1	0
65.820	0.000	trigger_101	101	65820	Trigger-In:101	3	trial_start	absent	70	red	left	aware	1	0
65.925	0.000	trigger_11	11	65925	Trigger-In:11	3	fixation_point_on	absent	70	red	left	aware	1	0
66.525	0.000	trigger_21	21	66525	Trigger-In:21	3	grating_on	absent	70	red	left	aware	1	0
66.575	0.000	trigger_20	20	66575	Trigger-In:20	3	grating_off	absent	70	red	left	aware	1	0
67.175	0.000	trigger_31	31	67175	Trigger-In:31	3	targets_on_fp_color_change	absent	70	red	left	aware	1	0
67.950	0.000	trigger_201	201	67950	Trigger-In:201	3	trial_end_completed	absent	70	red	left	aware	1	0
69.035	0.000	trigger_101	101	69035	Trigger-In:101	4	trial_start	salient	0	red	right	unaware	1	0
69.135	0.000	trigger_11	11	69135	Trigger-In:11	4	fixation_point_on	salient	0	red	right	unaware	1	0
69.735	0.000	trigger_21	21	69735	Trigger-In:21	4	grating_on	salient	0	red	right	unaware	1	0
69.785	0.000	trigger_20	20	69785	Trigger-In:20	4	grating_off	salient	0	red	right	unaware	1	0
70.385	0.000	trigger_31	31	70385	Trigger-In:31	4	targets_on_fp_color_change	salient	0	red	right	unaware	1	0
71.800	0.000	trigger_201	201	71800	Trigger-In:201	4	trial_end_completed	salient	0	red	right	unaware	1	0
72.875	0.000	trigger_101	101	72875	Trigger-In:101	5	trial_start	staircase	13	red	left	aware	1	0
72.980	0.000	trigger_11	11	72980	Trigger-In:11	5	fixation_point_on	staircase	13	red	left	aware	1	0
73.580	0.000	trigger_21	21	73580	Trigger-In:21	5	grating_on	staircase	13	red	left	aware	1	0
73.640	0.000	trigger_20	20	73640	Trigger-In:20	5	grating_off	staircase	13	red	left	aware	1	0
74.240	0.000	trigger_31	31	74240	Trigger-In:31	5	targets_on_fp_color_change	staircase	13	red	left	aware	1	0
76.565	0.000	trigger_201	201	76565	Trigger-In:201	5	trial_end_completed	staircase	13	red	left	aware	1	0
77.650	0.000	trigger_101	101	77650	Trigger-In:101	6	trial_start	absent	70	red	left	aware	1	0
77.755	0.000	trigger_11	11	77755	Trigger-In:11	6	fixation_point_on	absent	70	red	left	aware	1	0
78.355	0.000	trigger_21	21	78355	Trigger-In:21	6	grating_on	absent	70	red	left	aware	1	0
78.405	0.000	trigger_20	20	78405	Trigger-In:20	6	grating_off	absent	70	red	left	aware	1	0
79.005	0.000	trigger_31	31	79005	Trigger-In:31	6	targets_on_fp_color_change	absent	70	red	left	aware	1	0
80.035	0.000	trigger_201	201	80035	Trigger-In:201	6	trial_end_completed	absent	70	red	left	aware	1	0
81.115	0.000	trigger_101	101	81115	Trigger-In:101	7	trial_start	staircase	12	red	left	aware	1	0
81.215	0.000	trigger_11	11	81215	Trigger-In:11	7	fixation_point_on	staircase	12	red	left	aware	1	0
81.815	0.000	trigger_21	21	81815	Trigger-In:21	7	grating_on	staircase	12	red	left	aware	1	0
81.865	0.000	trigger_20	20	81865	Trigger-In:20	7	grating_off	staircase	12	red	left	aware	1	0
82.470	0.000	trigger_31	31	82470	Trigger-In:31	7	targets_on_fp_color_change	staircase	12	red	left	aware	1	0
84.070	0.000	trigger_201	201	84070	Trigger-In:201	7	trial_end_completed	staircase	12	red	left	aware	1	0
85.150	0.000	trigger_101	101	85150	Trigger-In:101	8	trial_start	staircase	11	red	left	aware	1	0
85.255	0.000	trigger_11	11	85255	Trigger-In:11	8	fixation_point_on	staircase	11	red	left	aware	1	0
85.855	0.000	trigger_21	21	85855	Trigger-In:21	8	grating_on	staircase	11	red	left	aware	1	0
85.905	0.000	trigger_20	20	85905	Trigger-In:20	8	grating_off	staircase	11	red	left	aware	1	0
86.510	0.000	trigger_31	31	86510	Trigger-In:31	8	targets_on_fp_color_change	staircase	11	red	left	aware	1	0
87.600	0.000	trigger_201	201	87600	Trigger-In:201	8	trial_end_completed	staircase	11	red	left	aware	1	0
88.675	0.000	trigger_101	101	88675	Trigger-In:101	9	trial_start	staircase	10	green	right	aware	1	0
88.780	0.000	trigger_11	11	88780	Trigger-In:11	9	fixation_point_on	staircase	10	green	right	aware	1	0
89.380	0.000	trigger_21	21	89380	Trigger-In:21	9	grating_on	staircase	10	green	right	aware	1	0
89.430	0.000	trigger_20	20	89430	Trigger-In:20	9	grating_off	staircase	10	green	right	aware	1	0
90.030	0.000	trigger_31	31	90030	Trigger-In:31	9	targets_on_fp_color_change	staircase	10	green	right	aware	1	0
90.855	0.000	trigger_201	201	90855	Trigger-In:201	9	trial_end_completed	staircase	10	green	right	aware	1	0
91.935	0.000	trigger_101	101	91935	Trigger-In:101	10	trial_start	staircase	9	red	left	aware	1	0
92.040	0.000	trigger_11	11	92040	Trigger-In:11	10	fixation_point_on	staircase	9	red	left	aware	1	0
92.640	0.000	trigger_21	21	92640	Trigger-In:21	10	grating_on	staircase	9	red	left	aware	1	0
92.690	0.000	trigger_20	20	92690	Trigger-In:20	10	grating_off	staircase	9	red	left	aware	1	0
93.290	0.000	trigger_31	31	93290	Trigger-In:31	10	targets_on_fp_color_change	staircase	9	red	left	aware	1	0
95.450	0.000	trigger_201	201	95450	Trigger-In:201	10	trial_end_completed	staircase	9	red	left	aware	1	0
96.525	0.000	trigger_101	101	96525	Trigger-In:101	11	trial_start	salient	0	green	left	unaware	1	0
96.635	0.000	trigger_11	11	96635	Trigger-In:11	11	fixation_point_on	salient	0	green	left	unaware	1	0
97.235	0.000	trigger_21	21	97235	Trigger-In:21	11	grating_on	salient	0	green	left	unaware	1	0
97.285	0.000	trigger_20	20	97285	Trigger-In:20	11	grating_off	salient	0	green	left	unaware	1	0
97.885	0.000	trigger_31	31	97885	Trigger-In:31	11	targets_on_fp_color_change	salient	0	green	left	unaware	1	0
99.440	0.000	trigger_201	201	99440	Trigger-In:201	11	trial_end_completed	salient	0	green	left	unaware	1	0
100.515	0.000	trigger_101	101	100515	Trigger-In:101	12	trial_start	salient	0	green	left	unaware	1	0
100.620	0.000	trigger_11	11	100620	Trigger-In:11	12	fixation_point_on	salient	0	green	left	unaware	1	0
101.220	0.000	trigger_21	21	101220	Trigger-In:21	12	grating_on	salient	0	green	left	unaware	1	0
101.270	0.000	trigger_20	20	101270	Trigger-In:20	12	grating_off	salient	0	green	left	unaware	1	0
101.870	0.000	trigger_31	31	101870	Trigger-In:31	12	targets_on_fp_color_change	salient	0	green	left	unaware	1	0
103.320	0.000	trigger_201	201	103320	Trigger-In:201	12	trial_end_completed	salient	0	green	left	unaware	1	0
104.405	0.000	trigger_101	101	104405	Trigger-In:101	13	trial_start	salient	0	green	left	unaware	1	0
104.505	0.000	trigger_11	11	104505	Trigger-In:11	13	fixation_point_on	salient	0	green	left	unaware	1	0
105.110	0.000	trigger_21	21	105110	Trigger-In:21	13	grating_on	salient	0	green	left	unaware	1	0
105.160	0.000	trigger_20	20	105160	Trigger-In:20	13	grating_off	salient	0	green	left	unaware	1	0
105.760	0.000	trigger_31	31	105760	Trigger-In:31	13	targets_on_fp_color_change	salient	0	green	left	unaware	1	0
107.270	0.000	trigger_201	201	107270	Trigger-In:201	13	trial_end_completed	salient	0	green	left	unaware	1	0
108.345	0.000	trigger_101	101	108345	Trigger-In:101	14	trial_start	staircase	8	green	left	unaware	1	0
108.455	0.000	trigger_11	11	108455	Trigger-In:11	14	fixation_point_on	staircase	8	green	left	unaware	1	0
109.055	0.000	trigger_21	21	109055	Trigger-In:21	14	grating_on	staircase	8	green	left	unaware	1	0
109.105	0.000	trigger_20	20	109105	Trigger-In:20	14	grating_off	staircase	8	green	left	unaware	1	0
109.705	0.000	trigger_31	31	109705	Trigger-In:31	14	targets_on_fp_color_change	staircase	8	green	left	unaware	1	0
110.885	0.000	trigger_201	201	110885	Trigger-In:201	14	trial_end_completed	staircase	8	green	left	unaware	1	0
111.975	0.000	trigger_101	101	111975	Trigger-In:101	15	trial_start	staircase	9	red	right	unaware	1	0
112.085	0.000	trigger_11	11	112085	Trigger-In:11	15	fixation_point_on	staircase	9	red	right	unaware	1	0
112.685	0.000	trigger_21	21	112685	Trigger-In:21	15	grating_on	staircase	9	red	right	unaware	1	0
112.735	0.000	trigger_20	20	112735	Trigger-In:20	15	grating_off	staircase	9	red	right	unaware	1	0
113.335	0.000	trigger_31	31	113335	Trigger-In:31	15	targets_on_fp_color_change	staircase	9	red	right	unaware	1	0
114.920	0.000	trigger_201	201	114920	Trigger-In:201	15	trial_end_completed	staircase	9	red	right	unaware	1	0
116.000	0.000	trigger_101	101	116000	Trigger-In:101	16	trial_start	staircase	10	red	right	unaware	1	0
116.105	0.000	trigger_11	11	116105	Trigger-In:11	16	fixation_point_on	staircase	10	red	right	unaware	1	0
116.705	0.000	trigger_21	21	116705	Trigger-In:21	16	grating_on	staircase	10	red	right	unaware	1	0
116.755	0.000	trigger_20	20	116755	Trigger-In:20	16	grating_off	staircase	10	red	right	unaware	1	0
117.355	0.000	trigger_31	31	117355	Trigger-In:31	16	targets_on_fp_color_change	staircase	10	red	right	unaware	1	0
119.485	0.000	trigger_201	201	119485	Trigger-In:201	16	trial_end_completed	staircase	10	red	right	unaware	1	0
120.560	0.000	trigger_101	101	120560	Trigger-In:101	17	trial_start	absent	70	red	left	aware	1	0
120.670	0.000	trigger_11	11	120670	Trigger-In:11	17	fixation_point_on	absent	70	red	left	aware	1	0
121.270	0.000	trigger_21	21	121270	Trigger-In:21	17	grating_on	absent	70	red	left	aware	1	0
121.320	0.000	trigger_20	20	121320	Trigger-In:20	17	grating_off	absent	70	red	left	aware	1	0
121.920	0.000	trigger_31	31	121920	Trigger-In:31	17	targets_on_fp_color_change	absent	70	red	left	aware	1	0
122.885	0.000	trigger_201	201	122885	Trigger-In:201	17	trial_end_completed	absent	70	red	left	aware	1	0
123.960	0.000	trigger_101	101	123960	Trigger-In:101	18	trial_start	staircase	11	red	left	aware	1	0
124.070	0.000	trigger_11	11	124070	Trigger-In:11	18	fixation_point_on	staircase	11	red	left	aware	1	0
124.670	0.000	trigger_21	21	124670	Trigger-In:21	18	grating_on	staircase	11	red	left	aware	1	0
124.720	0.000	trigger_20	20	124720	Trigger-In:20	18	grating_off	staircase	11	red	left	aware	1	0
125.320	0.000	trigger_31	31	125320	Trigger-In:31	18	targets_on_fp_color_change	staircase	11	red	left	aware	1	0
126.400	0.000	trigger_201	201	126400	Trigger-In:201	18	trial_end_completed	staircase	11	red	left	aware	1	0
127.480	0.000	trigger_101	101	127480	Trigger-In:101	19	trial_start	staircase	10	green	right	aware	1	0
127.585	0.000	trigger_11	11	127585	Trigger-In:11	19	fixation_point_on	staircase	10	green	right	aware	1	0
128.185	0.000	trigger_21	21	128185	Trigger-In:21	19	grating_on	staircase	10	green	right	aware	1	0
128.235	0.000	trigger_20	20	128235	Trigger-In:20	19	grating_off	staircase	10	green	right	aware	1	0
128.840	0.000	trigger_31	31	128840	Trigger-In:31	19	targets_on_fp_color_change	staircase	10	green	right	aware	1	0
131.195	0.000	trigger_201	201	131195	Trigger-In:201	19	trial_end_completed	staircase	10	green	right	aware	1	0
132.275	0.000	trigger_101	101	132275	Trigger-In:101	20	trial_start	staircase	9	green	right	aware	1	0
132.380	0.000	trigger_11	11	132380	Trigger-In:11	20	fixation_point_on	staircase	9	green	right	aware	1	0
132.980	0.000	trigger_21	21	132980	Trigger-In:21	20	grating_on	staircase	9	green	right	aware	1	0
133.030	0.000	trigger_20	20	133030	Trigger-In:20	20	grating_off	staircase	9	green	right	aware	1	0
133.630	0.000	trigger_31	31	133630	Trigger-In:31	20	targets_on_fp_color_change	staircase	9	green	right	aware	1	0
136.235	0.000	trigger_201	201	136235	Trigger-In:201	20	trial_end_completed	staircase	9	green	right	aware	1	0
137.320	0.000	trigger_101	101	137320	Trigger-In:101	21	trial_start	staircase	8	red	right	unaware	1	0
137.425	0.000	trigger_11	11	137425	Trigger-In:11	21	fixation_point_on	staircase	8	red	right	unaware	1	0
138.025	0.000	trigger_21	21	138025	Trigger-In:21	21	grating_on	staircase	8	red	right	unaware	1	0
138.075	0.000	trigger_20	20	138075	Trigger-In:20	21	grating_off	staircase	8	red	right	unaware	1	0
138.675	0.000	trigger_31	31	138675	Trigger-In:31	21	targets_on_fp_color_change	staircase	8	red	right	unaware	1	0
141.935	0.000	trigger_201	201	141935	Trigger-In:201	21	trial_end_completed	staircase	8	red	right	unaware	1	0
143.020	0.000	trigger_101	101	143020	Trigger-In:101	22	trial_start	staircase	9	green	left	unaware	1	0
143.125	0.000	trigger_11	11	143125	Trigger-In:11	22	fixation_point_on	staircase	9	green	left	unaware	1	0
143.725	0.000	trigger_21	21	143725	Trigger-In:21	22	grating_on	staircase	9	green	left	unaware	1	0
143.775	0.000	trigger_20	20	143775	Trigger-In:20	22	grating_off	staircase	9	green	left	unaware	1	0
144.375	0.000	trigger_31	31	144375	Trigger-In:31	22	targets_on_fp_color_change	staircase	9	green	left	unaware	1	0
145.705	0.000	trigger_201	201	145705	Trigger-In:201	22	trial_end_completed	staircase	9	green	left	unaware	1	0
146.785	0.000	trigger_101	101	146785	Trigger-In:101	23	trial_start	staircase	10	red	right	unaware	1	0
146.890	0.000	trigger_11	11	146890	Trigger-In:11	23	fixation_point_on	staircase	10	red	right	unaware	1	0
147.490	0.000	trigger_21	21	147490	Trigger-In:21	23	grating_on	staircase	10	red	right	unaware	1	0
147.540	0.000	trigger_20	20	147540	Trigger-In:20	23	grating_off	staircase	10	red	right	unaware	1	0
148.140	0.000	trigger_31	31	148140	Trigger-In:31	23	targets_on_fp_color_change	staircase	10	red	right	unaware	1	0
150.000	0.000	trigger_201	201	150000	Trigger-In:201	23	trial_end_completed	staircase	10	red	right	unaware	1	0
151.080	0.000	trigger_101	101	151080	Trigger-In:101	24	trial_start	staircase	11	green	right	aware	1	0
151.185	0.000	trigger_11	11	151185	Trigger-In:11	24	fixation_point_on	staircase	11	green	right	aware	1	0
151.785	0.000	trigger_21	21	151785	Trigger-In:21	24	grating_on	staircase	11	green	right	aware	1	0
151.835	0.000	trigger_20	20	151835	Trigger-In:20	24	grating_off	staircase	11	green	right	aware	1	0
152.435	0.000	trigger_31	31	152435	Trigger-In:31	24	targets_on_fp_color_change	staircase	11	green	right	aware	1	0
153.540	0.000	trigger_201	201	153540	Trigger-In:201	24	trial_end_completed	staircase	11	green	right	aware	1	0
154.615	0.000	trigger_101	101	154615	Trigger-In:101	25	trial_start	salient	0	red	right	unaware	1	0
154.725	0.000	trigger_11	11	154725	Trigger-In:11	25	fixation_point_on	salient	0	red	right	unaware	1	0
155.325	0.000	trigger_21	21	155325	Trigger-In:21	25	grating_on	salient	0	red	right	unaware	1	0
155.375	0.000	trigger_20	20	155375	Trigger-In:20	25	grating_off	salient	0	red	right	unaware	1	0
155.975	0.000	trigger_31	31	155975	Trigger-In:31	25	targets_on_fp_color_change	salient	0	red	right	unaware	1	0
158.035	0.000	trigger_201	201	158035	Trigger-In:201	25	trial_end_completed	salient	0	red	right	unaware	1	0
159.115	0.000	trigger_101	101	159115	Trigger-In:101	26	trial_start	staircase	10	red	right	unaware	1	0
159.220	0.000	trigger_11	11	159220	Trigger-In:11	26	fixation_point_on	staircase	10	red	right	unaware	1	0
159.820	0.000	trigger_21	21	159820	Trigger-In:21	26	grating_on	staircase	10	red	right	unaware	1	0
159.870	0.000	trigger_20	20	159870	Trigger-In:20	26	grating_off	staircase	10	red	right	unaware	1	0
160.470	0.000	trigger_31	31	160470	Trigger-In:31	26	targets_on_fp_color_change	staircase	10	red	right	unaware	1	0
162.310	0.000	trigger_201	201	162310	Trigger-In:201	26	trial_end_completed	staircase	10	red	right	unaware	1	0
163.390	0.000	trigger_101	101	163390	Trigger-In:101	27	trial_start	staircase	11	red	left	aware	1	0
163.495	0.000	trigger_11	11	163495	Trigger-In:11	27	fixation_point_on	staircase	11	red	left	aware	1	0
164.095	0.000	trigger_21	21	164095	Trigger-In:21	27	grating_on	staircase	11	red	left	aware	1	0
164.145	0.000	trigger_20	20	164145	Trigger-In:20	27	grating_off	staircase	11	red	left	aware	1	0
164.745	0.000	trigger_31	31	164745	Trigger-In:31	27	targets_on_fp_color_change	staircase	11	red	left	aware	1	0
166.130	0.000	trigger_201	201	166130	Trigger-In:201	27	trial_end_completed	staircase	11	red	left	aware	1	0
167.205	0.000	trigger_101	101	167205	Trigger-In:101	28	trial_start	staircase	10	green	right	aware	1	0
167.310	0.000	trigger_11	11	167310	Trigger-In:11	28	fixation_point_on	staircase	10	green	right	aware	1	0
167.910	0.000	trigger_21	21	167910	Trigger-In:21	28	grating_on	staircase	10	green	right	aware	1	0
167.965	0.000	trigger_20	20	167965	Trigger-In:20	28	grating_off	staircase	10	green	right	aware	1	0
168.565	0.000	trigger_31	31	168565	Trigger-In:31	28	targets_on_fp_color_change	staircase	10	green	right	aware	1	0
173.365	0.000	trigger_201	201	173365	Trigger-In:201	28	trial_end_completed	staircase	10	green	right	aware	1	0
174.450	0.000	trigger_101	101	174450	Trigger-In:101	29	trial_start	staircase	9	red	right	unaware	1	0
174.555	0.000	trigger_11	11	174555	Trigger-In:11	29	fixation_point_on	staircase	9	red	right	unaware	1	0
175.155	0.000	trigger_21	21	175155	Trigger-In:21	29	grating_on	staircase	9	red	right	unaware	1	0
175.205	0.000	trigger_20	20	175205	Trigger-In:20	29	grating_off	staircase	9	red	right	unaware	1	0
175.805	0.000	trigger_31	31	175805	Trigger-In:31	29	targets_on_fp_color_change	staircase	9	red	right	unaware	1	0
179.070	0.000	trigger_201	201	179070	Trigger-In:201	29	trial_end_completed	staircase	9	red	right	unaware	1	0
180.150	0.000	trigger_101	101	180150	Trigger-In:101	30	trial_start	salient	0	green	left	unaware	1	0
180.255	0.000	trigger_11	11	180255	Trigger-In:11	30	fixation_point_on	salient	0	green	left	unaware	1	0
180.855	0.000	trigger_21	21	180855	Trigger-In:21	30	grating_on	salient	0	green	left	unaware	1	0
180.910	0.000	trigger_20	20	180910	Trigger-In:20	30	grating_off	salient	0	green	left	unaware	1	0
181.510	0.000	trigger_31	31	181510	Trigger-In:31	30	targets_on_fp_color_change	salient	0	green	left	unaware	1	0
183.025	0.000	trigger_201	201	183025	Trigger-In:201	30	trial_end_completed	salient	0	green	left	unaware	1	0
184.105	0.000	trigger_101	101	184105	Trigger-In:101	31	trial_start	staircase	10	red	right	unaware	1	0
184.205	0.000	trigger_11	11	184205	Trigger-In:11	31	fixation_point_on	staircase	10	red	right	unaware	1	0
184.805	0.000	trigger_21	21	184805	Trigger-In:21	31	grating_on	staircase	10	red	right	unaware	1	0
184.855	0.000	trigger_20	20	184855	Trigger-In:20	31	grating_off	staircase	10	red	right	unaware	1	0
185.460	0.000	trigger_31	31	185460	Trigger-In:31	31	targets_on_fp_color_change	staircase	10	red	right	unaware	1	0
187.380	0.000	trigger_201	201	187380	Trigger-In:201	31	trial_end_completed	staircase	10	red	right	unaware	1	0
188.455	0.000	trigger_101	101	188455	Trigger-In:101	32	trial_start	salient	0	red	right	unaware	1	0
188.560	0.000	trigger_11	11	188560	Trigger-In:11	32	fixation_point_on	salient	0	red	right	unaware	1	0
189.160	0.000	trigger_21	21	189160	Trigger-In:21	32	grating_on	salient	0	red	right	unaware	1	0
189.215	0.000	trigger_20	20	189215	Trigger-In:20	32	grating_off	salient	0	red	right	unaware	1	0
189.815	0.000	trigger_31	31	189815	Trigger-In:31	32	targets_on_fp_color_change	salient	0	red	right	unaware	1	0
193.405	0.000	trigger_201	201	193405	Trigger-In:201	32	trial_end_completed	salient	0	red	right	unaware	1	0
194.490	0.000	trigger_101	101	194490	Trigger-In:101	33	trial_start	staircase	11	red	left	aware	1	0
194.595	0.000	trigger_11	11	194595	Trigger-In:11	33	fixation_point_on	staircase	11	red	left	aware	1	0
195.195	0.000	trigger_21	21	195195	Trigger-In:21	33	grating_on	staircase	11	red	left	aware	1	0
195.245	0.000	trigger_20	20	195245	Trigger-In:20	33	grating_off	staircase	11	red	left	aware	1	0
195.845	0.000	trigger_31	31	195845	Trigger-In:31	33	targets_on_fp_color_change	staircase	11	red	left	aware	1	0
196.990	0.000	trigger_201	201	196990	Trigger-In:201	33	trial_end_completed	staircase	11	red	left	aware	1	0
198.065	0.000	trigger_101	101	198065	Trigger-In:101	34	trial_start	staircase	10	red	left	aware	1	0
198.170	0.000	trigger_11	11	198170	Trigger-In:11	34	fixation_point_on	staircase	10	red	left	aware	1	0
198.770	0.000	trigger_21	21	198770	Trigger-In:21	34	grating_on	staircase	10	red	left	aware	1	0
198.820	0.000	trigger_20	20	198820	Trigger-In:20	34	grating_off	staircase	10	red	left	aware	1	0
199.420	0.000	trigger_31	31	199420	Trigger-In:31	34	targets_on_fp_color_change	staircase	10	red	left	aware	1	0
202.910	0.000	trigger_201	201	202910	Trigger-In:201	34	trial_end_completed	staircase	10	red	left	aware	1	0
203.990	0.000	trigger_101	101	203990	Trigger-In:101	35	trial_start	salient	0	green	left	unaware	1	0
204.100	0.000	trigger_11	11	204100	Trigger-In:11	35	fixation_point_on	salient	0	green	left	unaware	1	0
204.700	0.000	trigger_21	21	204700	Trigger-In:21	35	grating_on	salient	0	green	left	unaware	1	0
204.750	0.000	trigger_20	20	204750	Trigger-In:20	35	grating_off	salient	0	green	left	unaware	1	0
205.350	0.000	trigger_31	31	205350	Trigger-In:31	35	targets_on_fp_color_change	salient	0	green	left	unaware	1	0
206.570	0.000	trigger_201	201	206570	Trigger-In:201	35	trial_end_completed	salient	0	green	left	unaware	1	0
207.650	0.000	trigger_101	101	207650	Trigger-In:101	36	trial_start	staircase	9	green	left	unaware	1	0
207.750	0.000	trigger_11	11	207750	Trigger-In:11	36	fixation_point_on	staircase	9	green	left	unaware	1	0
208.350	0.000	trigger_21	21	208350	Trigger-In:21	36	grating_on	staircase	9	green	left	unaware	1	0
208.400	0.000	trigger_20	20	208400	Trigger-In:20	36	grating_off	staircase	9	green	left	unaware	1	0
209.005	0.000	trigger_31	31	209005	Trigger-In:31	36	targets_on_fp_color_change	staircase	9	green	left	unaware	1	0
211.210	0.000	trigger_201	201	211210	Trigger-In:201	36	trial_end_completed	staircase	9	green	left	unaware	1	0
212.290	0.000	trigger_101	101	212290	Trigger-In:101	37	trial_start	staircase	10	green	left	unaware	1	0
212.395	0.000	trigger_11	11	212395	Trigger-In:11	37	fixation_point_on	staircase	10	green	left	unaware	1	0
212.995	0.000	trigger_21	21	212995	Trigger-In:21	37	grating_on	staircase	10	green	left	unaware	1	0
213.045	0.000	trigger_20	20	213045	Trigger-In:20	37	grating_off	staircase	10	green	left	unaware	1	0
213.650	0.000	trigger_31	31	213650	Trigger-In:31	37	targets_on_fp_color_change	staircase	10	green	left	unaware	1	0
215.880	0.000	trigger_201	201	215880	Trigger-In:201	37	trial_end_completed	staircase	10	green	left	unaware	1	0
216.965	0.000	trigger_101	101	216965	Trigger-In:101	38	trial_start	salient	0	green	left	unaware	1	0
217.070	0.000	trigger_11	11	217070	Trigger-In:11	38	fixation_point_on	salient	0	green	left	unaware	1	0
217.670	0.000	trigger_21	21	217670	Trigger-In:21	38	grating_on	salient	0	green	left	unaware	1	0
217.720	0.000	trigger_20	20	217720	Trigger-In:20	38	grating_off	salient	0	green	left	unaware	1	0
218.320	0.000	trigger_31	31	218320	Trigger-In:31	38	targets_on_fp_color_change	salient	0	green	left	unaware	1	0
219.665	0.000	trigger_201	201	219665	Trigger-In:201	38	trial_end_completed	salient	0	green	left	unaware	1	0
220.745	0.000	trigger_101	101	220745	Trigger-In:101	39	trial_start	staircase	11	green	left	unaware	1	0
220.850	0.000	trigger_11	11	220850	Trigger-In:11	39	fixation_point_on	staircase	11	green	left	unaware	1	0
221.450	0.000	trigger_21	21	221450	Trigger-In:21	39	grating_on	staircase	11	green	left	unaware	1	0
221.500	0.000	trigger_20	20	221500	Trigger-In:20	39	grating_off	staircase	11	green	left	unaware	1	0
222.100	0.000	trigger_31	31	222100	Trigger-In:31	39	targets_on_fp_color_change	staircase	11	green	left	unaware	1	0
224.585	0.000	trigger_201	201	224585	Trigger-In:201	39	trial_end_completed	staircase	11	green	left	unaware	1	0
225.660	0.000	trigger_101	101	225660	Trigger-In:101	40	trial_start	staircase	12	red	left	aware	1	0
225.765	0.000	trigger_11	11	225765	Trigger-In:11	40	fixation_point_on	staircase	12	red	left	aware	1	0
226.365	0.000	trigger_21	21	226365	Trigger-In:21	40	grating_on	staircase	12	red	left	aware	1	0
226.420	0.000	trigger_20	20	226420	Trigger-In:20	40	grating_off	staircase	12	red	left	aware	1	0
227.020	0.000	trigger_31	31	227020	Trigger-In:31	40	targets_on_fp_color_change	staircase	12	red	left	aware	1	0
228.080	0.000	trigger_201	201	228080	Trigger-In:201	40	trial_end_completed	staircase	12	red	left	aware	1	0
229.160	0.000	trigger_101	101	229160	Trigger-In:101	41	trial_start	salient	0	green	left	unaware	1	0
229.265	0.000	trigger_11	11	229265	Trigger-In:11	41	fixation_point_on	salient	0	green	left	unaware	1	0
229.865	0.000	trigger_21	21	229865	Trigger-In:21	41	grating_on	salient	0	green	left	unaware	1	0
229.915	0.000	trigger_20	20	229915	Trigger-In:20	41	grating_off	salient	0	green	left	unaware	1	0
230.515	0.000	trigger_31	31	230515	Trigger-In:31	41	targets_on_fp_color_change	salient	0	green	left	unaware	1	0
231.710	0.000	trigger_201	201	231710	Trigger-In:201	41	trial_end_completed	salient	0	green	left	unaware	1	0
232.785	0.000	trigger_101	101	232785	Trigger-In:101	42	trial_start	staircase	11	green	left	unaware	1	0
232.890	0.000	trigger_11	11	232890	Trigger-In:11	42	fixation_point_on	staircase	11	green	left	unaware	1	0
233.490	0.000	trigger_21	21	233490	Trigger-In:21	42	grating_on	staircase	11	green	left	unaware	1	0
233.540	0.000	trigger_20	20	233540	Trigger-In:20	42	grating_off	staircase	11	green	left	unaware	1	0
234.140	0.000	trigger_31	31	234140	Trigger-In:31	42	targets_on_fp_color_change	staircase	11	green	left	unaware	1	0
236.190	0.000	trigger_201	201	236190	Trigger-In:201	42	trial_end_completed	staircase	11	green	left	unaware	1	0
237.265	0.000	trigger_101	101	237265	Trigger-In:101	43	trial_start	staircase	12	green	right	aware	1	0
237.370	0.000	trigger_11	11	237370	Trigger-In:11	43	fixation_point_on	staircase	12	green	right	aware	1	0
237.970	0.000	trigger_21	21	237970	Trigger-In:21	43	grating_on	staircase	12	green	right	aware	1	0
238.020	0.000	trigger_20	20	238020	Trigger-In:20	43	grating_off	staircase	12	green	right	aware	1	0
238.620	0.000	trigger_31	31	238620	Trigger-In:31	43	targets_on_fp_color_change	staircase	12	green	right	aware	1	0
239.555	0.000	trigger_201	201	239555	Trigger-In:201	43	trial_end_completed	staircase	12	green	right	aware	1	0
240.635	0.000	trigger_101	101	240635	Trigger-In:101	44	trial_start	staircase	11	green	left	unaware	1	0
240.740	0.000	trigger_11	11	240740	Trigger-In:11	44	fixation_point_on	staircase	11	green	left	unaware	1	0
241.340	0.000	trigger_21	21	241340	Trigger-In:21	44	grating_on	staircase	11	green	left	unaware	1	0
241.390	0.000	trigger_20	20	241390	Trigger-In:20	44	grating_off	staircase	11	green	left	unaware	1	0
241.990	0.000	trigger_31	31	241990	Trigger-In:31	44	targets_on_fp_color_change	staircase	11	green	left	unaware	1	0
243.985	0.000	trigger_201	201	243985	Trigger-In:201	44	trial_end_completed	staircase	11	green	left	unaware	1	0
245.065	0.000	trigger_101	101	245065	Trigger-In:101	45	trial_start	salient	0	red	right	unaware	1	0
245.170	0.000	trigger_11	11	245170	Trigger-In:11	45	fixation_point_on	salient	0	red	right	unaware	1	0
245.770	0.000	trigger_21	21	245770	Trigger-In:21	45	grating_on	salient	0	red	right	unaware	1	0
245.820	0.000	trigger_20	20	245820	Trigger-In:20	45	grating_off	salient	0	red	right	unaware	1	0
246.420	0.000	trigger_31	31	246420	Trigger-In:31	45	targets_on_fp_color_change	salient	0	red	right	unaware	1	0
248.580	0.000	trigger_201	201	248580	Trigger-In:201	45	trial_end_completed	salient	0	red	right	unaware	1	0
249.660	0.000	trigger_101	101	249660	Trigger-In:101	46	trial_start	staircase	12	red	left	aware	1	0
249.765	0.000	trigger_11	11	249765	Trigger-In:11	46	fixation_point_on	staircase	12	red	left	aware	1	0
250.365	0.000	trigger_21	21	250365	Trigger-In:21	46	grating_on	staircase	12	red	left	aware	1	0
250.415	0.000	trigger_20	20	250415	Trigger-In:20	46	grating_off	staircase	12	red	left	aware	1	0
251.015	0.000	trigger_31	31	251015	Trigger-In:31	46	targets_on_fp_color_change	staircase	12	red	left	aware	1	0
252.025	0.000	trigger_201	201	252025	Trigger-In:201	46	trial_end_completed	staircase	12	red	left	aware	1	0
253.105	0.000	trigger_101	101	253105	Trigger-In:101	47	trial_start	staircase	11	red	left	aware	1	0
253.210	0.000	trigger_11	11	253210	Trigger-In:11	47	fixation_point_on	staircase	11	red	left	aware	1	0
253.810	0.000	trigger_21	21	253810	Trigger-In:21	47	grating_on	staircase	11	red	left	aware	1	0
253.860	0.000	trigger_20	20	253860	Trigger-In:20	47	grating_off	staircase	11	red	left	aware	1	0
254.460	0.000	trigger_31	31	254460	Trigger-In:31	47	targets_on_fp_color_change	staircase	11	red	left	aware	1	0
256.605	0.000	trigger_201	201	256605	Trigger-In:201	47	trial_end_completed	staircase	11	red	left	aware	1	0
257.685	0.000	trigger_101	101	257685	Trigger-In:101	48	trial_start	absent	70	red	left	aware	1	0
257.790	0.000	trigger_11	11	257790	Trigger-In:11	48	fixation_point_on	absent	70	red	left	aware	1	0
258.390	0.000	trigger_21	21	258390	Trigger-In:21	48	grating_on	absent	70	red	left	aware	1	0
258.445	0.000	trigger_20	20	258445	Trigger-In:20	48	grating_off	absent	70	red	left	aware	1	0
259.045	0.000	trigger_31	31	259045	Trigger-In:31	48	targets_on_fp_color_change	absent	70	red	left	aware	1	0
260.920	0.000	trigger_201	201	260920	Trigger-In:201	48	trial_end_completed	absent	70	red	left	aware	1	0
261.995	0.000	trigger_101	101	261995	Trigger-In:101	49	trial_start	staircase	10	red	left	aware	1	0
262.100	0.000	trigger_11	11	262100	Trigger-In:11	49	fixation_point_on	staircase	10	red	left	aware	1	0
262.700	0.000	trigger_21	21	262700	Trigger-In:21	49	grating_on	staircase	10	red	left	aware	1	0
262.750	0.000	trigger_20	20	262750	Trigger-In:20	49	grating_off	staircase	10	red	left	aware	1	0
263.355	0.000	trigger_31	31	263355	Trigger-In:31	49	targets_on_fp_color_change	staircase	10	red	left	aware	1	0
265.015	0.000	trigger_201	201	265015	Trigger-In:201	49	trial_end_completed	staircase	10	red	left	aware	1	0
266.095	0.000	trigger_101	101	266095	Trigger-In:101	50	trial_start	staircase	9	green	right	aware	1	0
266.200	0.000	trigger_11	11	266200	Trigger-In:11	50	fixation_point_on	staircase	9	green	right	aware	1	0
266.800	0.000	trigger_21	21	266800	Trigger-In:21	50	grating_on	staircase	9	green	right	aware	1	0
266.850	0.000	trigger_20	20	266850	Trigger-In:20	50	grating_off	staircase	9	green	right	aware	1	0
267.450	0.000	trigger_31	31	267450	Trigger-In:31	50	targets_on_fp_color_change	staircase	9	green	right	aware	1	0
268.590	0.000	trigger_201	201	268590	Trigger-In:201	50	trial_end_completed	staircase	9	green	right	aware	1	0
269.665	0.000	trigger_101	101	269665	Trigger-In:101	51	trial_start	staircase	8	red	right	unaware	1	0
269.775	0.000	trigger_11	11	269775	Trigger-In:11	51	fixation_point_on	staircase	8	red	right	unaware	1	0
270.375	0.000	trigger_21	21	270375	Trigger-In:21	51	grating_on	staircase	8	red	right	unaware	1	0
270.425	0.000	trigger_20	20	270425	Trigger-In:20	51	grating_off	staircase	8	red	right	unaware	1	0
271.025	0.000	trigger_31	31	271025	Trigger-In:31	51	targets_on_fp_color_change	staircase	8	red	right	unaware	1	0
272.955	0.000	trigger_201	201	272955	Trigger-In:201	51	trial_end_completed	staircase	8	red	right	unaware	1	0
274.035	0.000	trigger_101	101	274035	Trigger-In:101	52	trial_start	staircase	9	red	n/a	n/a	0	0
274.140	0.000	trigger_11	11	274140	Trigger-In:11	52	fixation_point_on	staircase	9	red	n/a	n/a	0	0
274.740	0.000	trigger_21	21	274740	Trigger-In:21	52	grating_on	staircase	9	red	n/a	n/a	0	0
274.790	0.000	trigger_20	20	274790	Trigger-In:20	52	grating_off	staircase	9	red	n/a	n/a	0	0
275.390	0.000	trigger_31	31	275390	Trigger-In:31	52	targets_on_fp_color_change	staircase	9	red	n/a	n/a	0	0
280.245	0.000	trigger_203	203	280245	Trigger-In:203	52	trial_end_not_completed	staircase	9	red	n/a	n/a	0	0
281.360	0.000	trigger_101	101	281360	Trigger-In:101	53	trial_start	staircase	9	green	right	aware	1	0
281.465	0.000	trigger_11	11	281465	Trigger-In:11	53	fixation_point_on	staircase	9	green	right	aware	1	0
282.070	0.000	trigger_21	21	282070	Trigger-In:21	53	grating_on	staircase	9	green	right	aware	1	0
282.120	0.000	trigger_20	20	282120	Trigger-In:20	53	grating_off	staircase	9	green	right	aware	1	0
282.720	0.000	trigger_31	31	282720	Trigger-In:31	53	targets_on_fp_color_change	staircase	9	green	right	aware	1	0
284.210	0.000	trigger_201	201	284210	Trigger-In:201	53	trial_end_completed	staircase	9	green	right	aware	1	0
285.290	0.000	trigger_101	101	285290	Trigger-In:101	54	trial_start	staircase	8	green	left	unaware	1	0
285.395	0.000	trigger_11	11	285395	Trigger-In:11	54	fixation_point_on	staircase	8	green	left	unaware	1	0
285.995	0.000	trigger_21	21	285995	Trigger-In:21	54	grating_on	staircase	8	green	left	unaware	1	0
286.045	0.000	trigger_20	20	286045	Trigger-In:20	54	grating_off	staircase	8	green	left	unaware	1	0
286.645	0.000	trigger_31	31	286645	Trigger-In:31	54	targets_on_fp_color_change	staircase	8	green	left	unaware	1	0
288.050	0.000	trigger_201	201	288050	Trigger-In:201	54	trial_end_completed	staircase	8	green	left	unaware	1	0
289.130	0.000	trigger_101	101	289130	Trigger-In:101	55	trial_start	absent	70	red	left	aware	1	0
289.230	0.000	trigger_11	11	289230	Trigger-In:11	55	fixation_point_on	absent	70	red	left	aware	1	0
289.835	0.000	trigger_21	21	289835	Trigger-In:21	55	grating_on	absent	70	red	left	aware	1	0
289.885	0.000	trigger_20	20	289885	Trigger-In:20	55	grating_off	absent	70	red	left	aware	1	0
290.485	0.000	trigger_31	31	290485	Trigger-In:31	55	targets_on_fp_color_change	absent	70	red	left	aware	1	0
291.615	0.000	trigger_201	201	291615	Trigger-In:201	55	trial_end_completed	absent	70	red	left	aware	1	0
292.695	0.000	trigger_101	101	292695	Trigger-In:101	56	trial_start	staircase	9	green	left	unaware	1	0
292.800	0.000	trigger_11	11	292800	Trigger-In:11	56	fixation_point_on	staircase	9	green	left	unaware	1	0
293.400	0.000	trigger_21	21	293400	Trigger-In:21	56	grating_on	staircase	9	green	left	unaware	1	0
293.450	0.000	trigger_20	20	293450	Trigger-In:20	56	grating_off	staircase	9	green	left	unaware	1	0
294.050	0.000	trigger_31	31	294050	Trigger-In:31	56	targets_on_fp_color_change	staircase	9	green	left	unaware	1	0
295.775	0.000	trigger_201	201	295775	Trigger-In:201	56	trial_end_completed	staircase	9	green	left	unaware	1	0
296.855	0.000	trigger_101	101	296855	Trigger-In:101	57	trial_start	staircase	10	red	left	aware	1	0
296.960	0.000	trigger_11	11	296960	Trigger-In:11	57	fixation_point_on	staircase	10	red	left	aware	1	0
297.560	0.000	trigger_21	21	297560	Trigger-In:21	57	grating_on	staircase	10	red	left	aware	1	0
297.610	0.000	trigger_20	20	297610	Trigger-In:20	57	grating_off	staircase	10	red	left	aware	1	0
298.210	0.000	trigger_31	31	298210	Trigger-In:31	57	targets_on_fp_color_change	staircase	10	red	left	aware	1	0
300.865	0.000	trigger_201	201	300865	Trigger-In:201	57	trial_end_completed	staircase	10	red	left	aware	1	0
301.950	0.000	trigger_101	101	301950	Trigger-In:101	58	trial_start	staircase	9	green	left	unaware	1	0
302.055	0.000	trigger_11	11	302055	Trigger-In:11	58	fixation_point_on	staircase	9	green	left	unaware	1	0
302.655	0.000	trigger_21	21	302655	Trigger-In:21	58	grating_on	staircase	9	green	left	unaware	1	0
302.705	0.000	trigger_20	20	302705	Trigger-In:20	58	grating_off	staircase	9	green	left	unaware	1	0
303.305	0.000	trigger_31	31	303305	Trigger-In:31	58	targets_on_fp_color_change	staircase	9	green	left	unaware	1	0
305.690	0.000	trigger_201	201	305690	Trigger-In:201	58	trial_end_completed	staircase	9	green	left	unaware	1	0
306.770	0.000	trigger_101	101	306770	Trigger-In:101	59	trial_start	staircase	10	green	left	unaware	1	0
306.875	0.000	trigger_11	11	306875	Trigger-In:11	59	fixation_point_on	staircase	10	green	left	unaware	1	0
307.475	0.000	trigger_21	21	307475	Trigger-In:21	59	grating_on	staircase	10	green	left	unaware	1	0
307.525	0.000	trigger_20	20	307525	Trigger-In:20	59	grating_off	staircase	10	green	left	unaware	1	0
308.125	0.000	trigger_31	31	308125	Trigger-In:31	59	targets_on_fp_color_change	staircase	10	green	left	unaware	1	0
309.365	0.000	trigger_201	201	309365	Trigger-In:201	59	trial_end_completed	staircase	10	green	left	unaware	1	0
310.445	0.000	trigger_101	101	310445	Trigger-In:101	60	trial_start	staircase	11	red	right	unaware	1	0
310.550	0.000	trigger_11	11	310550	Trigger-In:11	60	fixation_point_on	staircase	11	red	right	unaware	1	0
311.150	0.000	trigger_21	21	311150	Trigger-In:21	60	grating_on	staircase	11	red	right	unaware	1	0
311.200	0.000	trigger_20	20	311200	Trigger-In:20	60	grating_off	staircase	11	red	right	unaware	1	0
311.800	0.000	trigger_31	31	311800	Trigger-In:31	60	targets_on_fp_color_change	staircase	11	red	right	unaware	1	0
315.200	0.000	trigger_201	201	315200	Trigger-In:201	60	trial_end_completed	staircase	11	red	right	unaware	1	0
316.285	0.000	trigger_101	101	316285	Trigger-In:101	61	trial_start	staircase	12	red	right	unaware	1	0
316.385	0.000	trigger_11	11	316385	Trigger-In:11	61	fixation_point_on	staircase	12	red	right	unaware	1	0
316.990	0.000	trigger_21	21	316990	Trigger-In:21	61	grating_on	staircase	12	red	right	unaware	1	0
317.040	0.000	trigger_20	20	317040	Trigger-In:20	61	grating_off	staircase	12	red	right	unaware	1	0
317.640	0.000	trigger_31	31	317640	Trigger-In:31	61	targets_on_fp_color_change	staircase	12	red	right	unaware	1	0
319.290	0.000	trigger_201	201	319290	Trigger-In:201	61	trial_end_completed	staircase	12	red	right	unaware	1	0
320.370	0.000	trigger_101	101	320370	Trigger-In:101	62	trial_start	absent	70	green	right	aware	1	0
320.475	0.000	trigger_11	11	320475	Trigger-In:11	62	fixation_point_on	absent	70	green	right	aware	1	0
321.075	0.000	trigger_21	21	321075	Trigger-In:21	62	grating_on	absent	70	green	right	aware	1	0
321.125	0.000	trigger_20	20	321125	Trigger-In:20	62	grating_off	absent	70	green	right	aware	1	0
321.725	0.000	trigger_31	31	321725	Trigger-In:31	62	targets_on_fp_color_change	absent	70	green	right	aware	1	0
322.670	0.000	trigger_201	201	322670	Trigger-In:201	62	trial_end_completed	absent	70	green	right	aware	1	0
323.750	0.000	trigger_101	101	323750	Trigger-In:101	63	trial_start	staircase	13	red	left	aware	1	0
323.855	0.000	trigger_11	11	323855	Trigger-In:11	63	fixation_point_on	staircase	13	red	left	aware	1	0
324.455	0.000	trigger_21	21	324455	Trigger-In:21	63	grating_on	staircase	13	red	left	aware	1	0
324.505	0.000	trigger_20	20	324505	Trigger-In:20	63	grating_off	staircase	13	red	left	aware	1	0
325.105	0.000	trigger_31	31	325105	Trigger-In:31	63	targets_on_fp_color_change	staircase	13	red	left	aware	1	0
326.045	0.000	trigger_201	201	326045	Trigger-In:201	63	trial_end_completed	staircase	13	red	left	aware	1	0
327.125	0.000	trigger_101	101	327125	Trigger-In:101	64	trial_start	staircase	12	red	left	aware	1	0
327.230	0.000	trigger_11	11	327230	Trigger-In:11	64	fixation_point_on	staircase	12	red	left	aware	1	0
327.830	0.000	trigger_21	21	327830	Trigger-In:21	64	grating_on	staircase	12	red	left	aware	1	0
327.885	0.000	trigger_20	20	327885	Trigger-In:20	64	grating_off	staircase	12	red	left	aware	1	0
328.485	0.000	trigger_31	31	328485	Trigger-In:31	64	targets_on_fp_color_change	staircase	12	red	left	aware	1	0
331.755	0.000	trigger_201	201	331755	Trigger-In:201	64	trial_end_completed	staircase	12	red	left	aware	1	0
332.840	0.000	trigger_101	101	332840	Trigger-In:101	65	trial_start	staircase	11	red	right	unaware	1	0
332.945	0.000	trigger_11	11	332945	Trigger-In:11	65	fixation_point_on	staircase	11	red	right	unaware	1	0
333.545	0.000	trigger_21	21	333545	Trigger-In:21	65	grating_on	staircase	11	red	right	unaware	1	0
333.595	0.000	trigger_20	20	333595	Trigger-In:20	65	grating_off	staircase	11	red	right	unaware	1	0
334.195	0.000	trigger_31	31	334195	Trigger-In:31	65	targets_on_fp_color_change	staircase	11	red	right	unaware	1	0
335.440	0.000	trigger_201	201	335440	Trigger-In:201	65	trial_end_completed	staircase	11	red	right	unaware	1	0
336.515	0.000	trigger_101	101	336515	Trigger-In:101	66	trial_start	staircase	12	green	right	aware	1	0
336.620	0.000	trigger_11	11	336620	Trigger-In:11	66	fixation_point_on	staircase	12	green	right	aware	1	0
337.220	0.000	trigger_21	21	337220	Trigger-In:21	66	grating_on	staircase	12	green	right	aware	1	0
337.275	0.000	trigger_20	20	337275	Trigger-In:20	66	grating_off	staircase	12	green	right	aware	1	0
337.875	0.000	trigger_31	31	337875	Trigger-In:31	66	targets_on_fp_color_change	staircase	12	green	right	aware	1	0
339.185	0.000	trigger_201	201	339185	Trigger-In:201	66	trial_end_completed	staircase	12	green	right	aware	1	0
340.265	0.000	trigger_101	101	340265	Trigger-In:101	67	trial_start	staircase	11	red	left	aware	1	0
340.370	0.000	trigger_11	11	340370	Trigger-In:11	67	fixation_point_on	staircase	11	red	left	aware	1	0
340.970	0.000	trigger_21	21	340970	Trigger-In:21	67	grating_on	staircase	11	red	left	aware	1	0
341.020	0.000	trigger_20	20	341020	Trigger-In:20	67	grating_off	staircase	11	red	left	aware	1	0
341.620	0.000	trigger_31	31	341620	Trigger-In:31	67	targets_on_fp_color_change	staircase	11	red	left	aware	1	0
344.030	0.000	trigger_201	201	344030	Trigger-In:201	67	trial_end_completed	staircase	11	red	left	aware	1	0
345.110	0.000	trigger_101	101	345110	Trigger-In:101	68	trial_start	staircase	10	green	left	unaware	1	0
345.215	0.000	trigger_11	11	345215	Trigger-In:11	68	fixation_point_on	staircase	10	green	left	unaware	1	0
345.815	0.000	trigger_21	21	345815	Trigger-In:21	68	grating_on	staircase	10	green	left	unaware	1	0
345.865	0.000	trigger_20	20	345865	Trigger-In:20	68	grating_off	staircase	10	green	left	unaware	1	0
346.465	0.000	trigger_31	31	346465	Trigger-In:31	68	targets_on_fp_color_change	staircase	10	green	left	unaware	1	0
349.295	0.000	trigger_201	201	349295	Trigger-In:201	68	trial_end_completed	staircase	10	green	left	unaware	1	0
350.375	0.000	trigger_101	101	350375	Trigger-In:101	69	trial_start	absent	70	red	left	aware	1	0
350.480	0.000	trigger_11	11	350480	Trigger-In:11	69	fixation_point_on	absent	70	red	left	aware	1	0
351.080	0.000	trigger_21	21	351080	Trigger-In:21	69	grating_on	absent	70	red	left	aware	1	0
351.135	0.000	trigger_20	20	351135	Trigger-In:20	69	grating_off	absent	70	red	left	aware	1	0
351.735	0.000	trigger_31	31	351735	Trigger-In:31	69	targets_on_fp_color_change	absent	70	red	left	aware	1	0
352.995	0.000	trigger_201	201	352995	Trigger-In:201	69	trial_end_completed	absent	70	red	left	aware	1	0
354.075	0.000	trigger_101	101	354075	Trigger-In:101	70	trial_start	staircase	11	green	left	unaware	1	0
354.180	0.000	trigger_11	11	354180	Trigger-In:11	70	fixation_point_on	staircase	11	green	left	unaware	1	0
354.785	0.000	trigger_21	21	354785	Trigger-In:21	70	grating_on	staircase	11	green	left	unaware	1	0
354.835	0.000	trigger_20	20	354835	Trigger-In:20	70	grating_off	staircase	11	green	left	unaware	1	0
355.435	0.000	trigger_31	31	355435	Trigger-In:31	70	targets_on_fp_color_change	staircase	11	green	left	unaware	1	0
357.145	0.000	trigger_201	201	357145	Trigger-In:201	70	trial_end_completed	staircase	11	green	left	unaware	1	0
358.225	0.000	trigger_101	101	358225	Trigger-In:101	71	trial_start	staircase	12	red	n/a	n/a	0	1
358.330	0.000	trigger_11	11	358330	Trigger-In:11	71	fixation_point_on	staircase	12	red	n/a	n/a	0	1
358.725	0.000	trigger_204	204	358725	Trigger-In:204	71	trial_end_fixation_break	staircase	12	red	n/a	n/a	0	1
360.475	0.000	trigger_101	101	360475	Trigger-In:101	72	trial_start	staircase	12	green	left	unaware	1	0
360.580	0.000	trigger_11	11	360580	Trigger-In:11	72	fixation_point_on	staircase	12	green	left	unaware	1	0
361.180	0.000	trigger_21	21	361180	Trigger-In:21	72	grating_on	staircase	12	green	left	unaware	1	0
361.230	0.000	trigger_20	20	361230	Trigger-In:20	72	grating_off	staircase	12	green	left	unaware	1	0
361.830	0.000	trigger_31	31	361830	Trigger-In:31	72	targets_on_fp_color_change	staircase	12	green	left	unaware	1	0
364.140	0.000	trigger_201	201	364140	Trigger-In:201	72	trial_end_completed	staircase	12	green	left	unaware	1	0
365.225	0.000	trigger_101	101	365225	Trigger-In:101	73	trial_start	staircase	13	red	left	aware	1	0
365.335	0.000	trigger_11	11	365335	Trigger-In:11	73	fixation_point_on	staircase	13	red	left	aware	1	0
365.935	0.000	trigger_21	21	365935	Trigger-In:21	73	grating_on	staircase	13	red	left	aware	1	0
365.985	0.000	trigger_20	20	365985	Trigger-In:20	73	grating_off	staircase	13	red	left	aware	1	0
366.585	0.000	trigger_31	31	366585	Trigger-In:31	73	targets_on_fp_color_change	staircase	13	red	left	aware	1	0
368.850	0.000	trigger_201	201	368850	Trigger-In:201	73	trial_end_completed	staircase	13	red	left	aware	1	0
369.925	0.000	trigger_101	101	369925	Trigger-In:101	74	trial_start	staircase	12	green	right	aware	1	0
370.030	0.000	trigger_11	11	370030	Trigger-In:11	74	fixation_point_on	staircase	12	green	right	aware	1	0
370.630	0.000	trigger_21	21	370630	Trigger-In:21	74	grating_on	staircase	12	green	right	aware	1	0
370.685	0.000	trigger_20	20	370685	Trigger-In:20	74	grating_off	staircase	12	green	right	aware	1	0
371.285	0.000	trigger_31	31	371285	Trigger-In:31	74	targets_on_fp_color_change	staircase	12	green	right	aware	1	0
373.395	0.000	trigger_201	201	373395	Trigger-In:201	74	trial_end_completed	staircase	12	green	right	aware	1	0
374.470	0.000	trigger_101	101	374470	Trigger-In:101	75	trial_start	staircase	11	green	left	unaware	1	0
374.575	0.000	trigger_11	11	374575	Trigger-In:11	75	fixation_point_on	staircase	11	green	left	unaware	1	0
375.180	0.000	trigger_21	21	375180	Trigger-In:21	75	grating_on	staircase	11	green	left	unaware	1	0
375.230	0.000	trigger_20	20	375230	Trigger-In:20	75	grating_off	staircase	11	green	left	unaware	1	0
375.830	0.000	trigger_31	31	375830	Trigger-In:31	75	targets_on_fp_color_change	staircase	11	green	left	unaware	1	0
378.245	0.000	trigger_201	201	378245	Trigger-In:201	75	trial_end_completed	staircase	11	green	left	unaware	1	0
379.325	0.000	trigger_101	101	379325	Trigger-In:101	76	trial_start	staircase	12	green	right	aware	1	0
379.430	0.000	trigger_11	11	379430	Trigger-In:11	76	fixation_point_on	staircase	12	green	right	aware	1	0
380.030	0.000	trigger_21	21	380030	Trigger-In:21	76	grating_on	staircase	12	green	right	aware	1	0
380.085	0.000	trigger_20	20	380085	Trigger-In:20	76	grating_off	staircase	12	green	right	aware	1	0
380.685	0.000	trigger_31	31	380685	Trigger-In:31	76	targets_on_fp_color_change	staircase	12	green	right	aware	1	0
383.565	0.000	trigger_201	201	383565	Trigger-In:201	76	trial_end_completed	staircase	12	green	right	aware	1	0
384.645	0.000	trigger_101	101	384645	Trigger-In:101	77	trial_start	staircase	11	green	right	aware	1	0
384.750	0.000	trigger_11	11	384750	Trigger-In:11	77	fixation_point_on	staircase	11	green	right	aware	1	0
385.350	0.000	trigger_21	21	385350	Trigger-In:21	77	grating_on	staircase	11	green	right	aware	1	0
385.400	0.000	trigger_20	20	385400	Trigger-In:20	77	grating_off	staircase	11	green	right	aware	1	0
386.005	0.000	trigger_31	31	386005	Trigger-In:31	77	targets_on_fp_color_change	staircase	11	green	right	aware	1	0
387.445	0.000	trigger_201	201	387445	Trigger-In:201	77	trial_end_completed	staircase	11	green	right	aware	1	0
388.520	0.000	trigger_101	101	388520	Trigger-In:101	78	trial_start	staircase	10	green	right	aware	1	0
388.625	0.000	trigger_11	11	388625	Trigger-In:11	78	fixation_point_on	staircase	10	green	right	aware	1	0
389.225	0.000	trigger_21	21	389225	Trigger-In:21	78	grating_on	staircase	10	green	right	aware	1	0
389.275	0.000	trigger_20	20	389275	Trigger-In:20	78	grating_off	staircase	10	green	right	aware	1	0
389.875	0.000	trigger_31	31	389875	Trigger-In:31	78	targets_on_fp_color_change	staircase	10	green	right	aware	1	0
391.535	0.000	trigger_201	201	391535	Trigger-In:201	78	trial_end_completed	staircase	10	green	right	aware	1	0
392.615	0.000	trigger_101	101	392615	Trigger-In:101	79	trial_start	staircase	9	green	left	unaware	1	0
392.720	0.000	trigger_11	11	392720	Trigger-In:11	79	fixation_point_on	staircase	9	green	left	unaware	1	0
393.320	0.000	trigger_21	21	393320	Trigger-In:21	79	grating_on	staircase	9	green	left	unaware	1	0
393.370	0.000	trigger_20	20	393370	Trigger-In:20	79	grating_off	staircase	9	green	left	unaware	1	0
393.970	0.000	trigger_31	31	393970	Trigger-In:31	79	targets_on_fp_color_change	staircase	9	green	left	unaware	1	0
395.800	0.000	trigger_201	201	395800	Trigger-In:201	79	trial_end_completed	staircase	9	green	left	unaware	1	0
396.880	0.000	trigger_101	101	396880	Trigger-In:101	80	trial_start	salient	0	green	left	unaware	1	0
396.985	0.000	trigger_11	11	396985	Trigger-In:11	80	fixation_point_on	salient	0	green	left	unaware	1	0
397.585	0.000	trigger_21	21	397585	Trigger-In:21	80	grating_on	salient	0	green	left	unaware	1	0
397.635	0.000	trigger_20	20	397635	Trigger-In:20	80	grating_off	salient	0	green	left	unaware	1	0
398.235	0.000	trigger_31	31	398235	Trigger-In:31	80	targets_on_fp_color_change	salient	0	green	left	unaware	1	0
399.915	0.000	trigger_201	201	399915	Trigger-In:201	80	trial_end_completed	salient	0	green	left	unaware	1	0
400.995	0.000	trigger_101	101	400995	Trigger-In:101	81	trial_start	absent	70	green	right	aware	1	0
401.100	0.000	trigger_11	11	401100	Trigger-In:11	81	fixation_point_on	absent	70	green	right	aware	1	0
401.700	0.000	trigger_21	21	401700	Trigger-In:21	81	grating_on	absent	70	green	right	aware	1	0
401.750	0.000	trigger_20	20	401750	Trigger-In:20	81	grating_off	absent	70	green	right	aware	1	0
402.350	0.000	trigger_31	31	402350	Trigger-In:31	81	targets_on_fp_color_change	absent	70	green	right	aware	1	0
403.750	0.000	trigger_201	201	403750	Trigger-In:201	81	trial_end_completed	absent	70	green	right	aware	1	0
404.830	0.000	trigger_101	101	404830	Trigger-In:101	82	trial_start	salient	0	red	right	unaware	1	0
404.935	0.000	trigger_11	11	404935	Trigger-In:11	82	fixation_point_on	salient	0	red	right	unaware	1	0
405.540	0.000	trigger_21	21	405540	Trigger-In:21	82	grating_on	salient	0	red	right	unaware	1	0
405.590	0.000	trigger_20	20	405590	Trigger-In:20	82	grating_off	salient	0	red	right	unaware	1	0
406.190	0.000	trigger_31	31	406190	Trigger-In:31	82	targets_on_fp_color_change	salient	0	red	right	unaware	1	0
408.090	0.000	trigger_201	201	408090	Trigger-In:201	82	trial_end_completed	salient	0	red	right	unaware	1	0
409.170	0.000	trigger_101	101	409170	Trigger-In:101	83	trial_start	staircase	10	red	right	unaware	1	0
409.275	0.000	trigger_11	11	409275	Trigger-In:11	83	fixation_point_on	staircase	10	red	right	unaware	1	0
409.875	0.000	trigger_21	21	409875	Trigger-In:21	83	grating_on	staircase	10	red	right	unaware	1	0
409.930	0.000	trigger_20	20	409930	Trigger-In:20	83	grating_off	staircase	10	red	right	unaware	1	0
410.530	0.000	trigger_31	31	410530	Trigger-In:31	83	targets_on_fp_color_change	staircase	10	red	right	unaware	1	0
412.400	0.000	trigger_201	201	412400	Trigger-In:201	83	trial_end_completed	staircase	10	red	right	unaware	1	0
413.480	0.000	trigger_101	101	413480	Trigger-In:101	84	trial_start	salient	0	red	right	unaware	1	0
413.585	0.000	trigger_11	11	413585	Trigger-In:11	84	fixation_point_on	salient	0	red	right	unaware	1	0
414.185	0.000	trigger_21	21	414185	Trigger-In:21	84	grating_on	salient	0	red	right	unaware	1	0
414.235	0.000	trigger_20	20	414235	Trigger-In:20	84	grating_off	salient	0	red	right	unaware	1	0
414.835	0.000	trigger_31	31	414835	Trigger-In:31	84	targets_on_fp_color_change	salient	0	red	right	unaware	1	0
419.640	0.000	trigger_201	201	419640	Trigger-In:201	84	trial_end_completed	salient	0	red	right	unaware	1	0
420.725	0.000	trigger_101	101	420725	Trigger-In:101	85	trial_start	staircase	11	red	left	aware	1	0
420.825	0.000	trigger_11	11	420825	Trigger-In:11	85	fixation_point_on	staircase	11	red	left	aware	1	0
421.430	0.000	trigger_21	21	421430	Trigger-In:21	85	grating_on	staircase	11	red	left	aware	1	0
421.480	0.000	trigger_20	20	421480	Trigger-In:20	85	grating_off	staircase	11	red	left	aware	1	0
422.080	0.000	trigger_31	31	422080	Trigger-In:31	85	targets_on_fp_color_change	staircase	11	red	left	aware	1	0
424.785	0.000	trigger_201	201	424785	Trigger-In:201	85	trial_end_completed	staircase	11	red	left	aware	1	0
425.865	0.000	trigger_101	101	425865	Trigger-In:101	86	trial_start	staircase	10	green	right	aware	1	0
425.965	0.000	trigger_11	11	425965	Trigger-In:11	86	fixation_point_on	staircase	10	green	right	aware	1	0
426.570	0.000	trigger_21	21	426570	Trigger-In:21	86	grating_on	staircase	10	green	right	aware	1	0
426.620	0.000	trigger_20	20	426620	Trigger-In:20	86	grating_off	staircase	10	green	right	aware	1	0
427.220	0.000	trigger_31	31	427220	Trigger-In:31	86	targets_on_fp_color_change	staircase	10	green	right	aware	1	0
428.445	0.000	trigger_201	201	428445	Trigger-In:201	86	trial_end_completed	staircase	10	green	right	aware	1	0
429.525	0.000	trigger_101	101	429525	Trigger-In:101	87	trial_start	staircase	9	red	right	unaware	1	0
429.630	0.000	trigger_11	11	429630	Trigger-In:11	87	fixation_point_on	staircase	9	red	right	unaware	1	0
430.230	0.000	trigger_21	21	430230	Trigger-In:21	87	grating_on	staircase	9	red	right	unaware	1	0
430.280	0.000	trigger_20	20	430280	Trigger-In:20	87	grating_off	staircase	9	red	right	unaware	1	0
430.880	0.000	trigger_31	31	430880	Trigger-In:31	87	targets_on_fp_color_change	staircase	9	red	right	unaware	1	0
433.520	0.000	trigger_201	201	433520	Trigger-In:201	87	trial_end_completed	staircase	9	red	right	unaware	1	0
434.605	0.000	trigger_101	101	434605	Trigger-In:101	88	trial_start	staircase	10	green	left	unaware	1	0
434.710	0.000	trigger_11	11	434710	Trigger-In:11	88	fixation_point_on	staircase	10	green	left	unaware	1	0
435.310	0.000	trigger_21	21	435310	Trigger-In:21	88	grating_on	staircase	10	green	left	unaware	1	0
435.360	0.000	trigger_20	20	435360	Trigger-In:20	88	grating_off	staircase	10	green	left	unaware	1	0
435.960	0.000	trigger_31	31	435960	Trigger-In:31	88	targets_on_fp_color_change	staircase	10	green	left	unaware	1	0
438.235	0.000	trigger_201	201	438235	Trigger-In:201	88	trial_end_completed	staircase	10	green	left	unaware	1	0
439.315	0.000	trigger_101	101	439315	Trigger-In:101	89	trial_start	staircase	11	red	right	unaware	1	0
439.420	0.000	trigger_11	11	439420	Trigger-In:11	89	fixation_point_on	staircase	11	red	right	unaware	1	0
440.020	0.000	trigger_21	21	440020	Trigger-In:21	89	grating_on	staircase	11	red	right	unaware	1	0
440.070	0.000	trigger_20	20	440070	Trigger-In:20	89	grating_off	staircase	11	red	right	unaware	1	0
440.675	0.000	trigger_31	31	440675	Trigger-In:31	89	targets_on_fp_color_change	staircase	11	red	right	unaware	1	0
443.170	0.000	trigger_201	201	443170	Trigger-In:201	89	trial_end_completed	staircase	11	red	right	unaware	1	0
444.250	0.000	trigger_101	101	444250	Trigger-In:101	90	trial_start	staircase	12	green	left	unaware	1	0
444.355	0.000	trigger_11	11	444355	Trigger-In:11	90	fixation_point_on	staircase	12	green	left	unaware	1	0
444.955	0.000	trigger_21	21	444955	Trigger-In:21	90	grating_on	staircase	12	green	left	unaware	1	0
445.005	0.000	trigger_20	20	445005	Trigger-In:20	90	grating_off	staircase	12	green	left	unaware	1	0
445.605	0.000	trigger_31	31	445605	Trigger-In:31	90	targets_on_fp_color_change	staircase	12	green	left	unaware	1	0
450.195	0.000	trigger_201	201	450195	Trigger-In:201	90	trial_end_completed	staircase	12	green	left	unaware	1	0
451.275	0.000	trigger_101	101	451275	Trigger-In:101	91	trial_start	staircase	13	red	right	unaware	1	0
451.380	0.000	trigger_11	11	451380	Trigger-In:11	91	fixation_point_on	staircase	13	red	right	unaware	1	0
451.980	0.000	trigger_21	21	451980	Trigger-In:21	91	grating_on	staircase	13	red	right	unaware	1	0
452.030	0.000	trigger_20	20	452030	Trigger-In:20	91	grating_off	staircase	13	red	right	unaware	1	0
452.635	0.000	trigger_31	31	452635	Trigger-In:31	91	targets_on_fp_color_change	staircase	13	red	right	unaware	1	0
455.920	0.000	trigger_201	201	455920	Trigger-In:201	91	trial_end_completed	staircase	13	red	right	unaware	1	0
457.005	0.000	trigger_101	101	457005	Trigger-In:101	92	trial_start	salient	0	red	n/a	n/a	0	0
457.115	0.000	trigger_11	11	457115	Trigger-In:11	92	fixation_point_on	salient	0	red	n/a	n/a	0	0
457.715	0.000	trigger_21	21	457715	Trigger-In:21	92	grating_on	salient	0	red	n/a	n/a	0	0
457.765	0.000	trigger_20	20	457765	Trigger-In:20	92	grating_off	salient	0	red	n/a	n/a	0	0
458.365	0.000	trigger_31	31	458365	Trigger-In:31	92	targets_on_fp_color_change	salient	0	red	n/a	n/a	0	0
463.265	0.000	trigger_203	203	463265	Trigger-In:203	92	trial_end_not_completed	salient	0	red	n/a	n/a	0	0
464.380	0.000	trigger_101	101	464380	Trigger-In:101	93	trial_start	staircase	14	green	right	aware	1	0
464.490	0.000	trigger_11	11	464490	Trigger-In:11	93	fixation_point_on	staircase	14	green	right	aware	1	0
465.090	0.000	trigger_21	21	465090	Trigger-In:21	93	grating_on	staircase	14	green	right	aware	1	0
465.140	0.000	trigger_20	20	465140	Trigger-In:20	93	grating_off	staircase	14	green	right	aware	1	0
465.740	0.000	trigger_31	31	465740	Trigger-In:31	93	targets_on_fp_color_change	staircase	14	green	right	aware	1	0
466.735	0.000	trigger_201	201	466735	Trigger-In:201	93	trial_end_completed	staircase	14	green	right	aware	1	0
467.810	0.000	trigger_101	101	467810	Trigger-In:101	94	trial_start	staircase	13	green	left	unaware	1	0
467.920	0.000	trigger_11	11	467920	Trigger-In:11	94	fixation_point_on	staircase	13	green	left	unaware	1	0
468.520	0.000	trigger_21	21	468520	Trigger-In:21	94	grating_on	staircase	13	green	left	unaware	1	0
468.570	0.000	trigger_20	20	468570	Trigger-In:20	94	grating_off	staircase	13	green	left	unaware	1	0
469.170	0.000	trigger_31	31	469170	Trigger-In:31	94	targets_on_fp_color_change	staircase	13	green	left	unaware	1	0
470.350	0.000	trigger_201	201	470350	Trigger-In:201	94	trial_end_completed	staircase	13	green	left	unaware	1	0
471.430	0.000	trigger_101	101	471430	Trigger-In:101	95	trial_start	staircase	14	green	right	aware	1	0
471.535	0.000	trigger_11	11	471535	Trigger-In:11	95	fixation_point_on	staircase	14	green	right	aware	1	0
472.135	0.000	trigger_21	21	472135	Trigger-In:21	95	grating_on	staircase	14	green	right	aware	1	0
472.185	0.000	trigger_20	20	472185	Trigger-In:20	95	grating_off	staircase	14	green	right	aware	1	0
472.785	0.000	trigger_31	31	472785	Trigger-In:31	95	targets_on_fp_color_change	staircase	14	green	right	aware	1	0
473.805	0.000	trigger_201	201	473805	Trigger-In:201	95	trial_end_completed	staircase	14	green	right	aware	1	0
474.885	0.000	trigger_101	101	474885	Trigger-In:101	96	trial_start	staircase	13	red	right	unaware	1	0
474.990	0.000	trigger_11	11	474990	Trigger-In:11	96	fixation_point_on	staircase	13	red	right	unaware	1	0
475.590	0.000	trigger_21	21	475590	Trigger-In:21	96	grating_on	staircase	13	red	right	unaware	1	0
475.640	0.000	trigger_20	20	475640	Trigger-In:20	96	grating_off	staircase	13	red	right	unaware	1	0
476.240	0.000	trigger_31	31	476240	Trigger-In:31	96	targets_on_fp_color_change	staircase	13	red	right	unaware	1	0
477.750	0.000	trigger_201	201	477750	Trigger-In:201	96	trial_end_completed	staircase	13	red	right	unaware	1	0
478.830	0.000	trigger_101	101	478830	Trigger-In:101	97	trial_start	staircase	14	green	right	aware	1	0
479.065	0.000	trigger_11	11	479065	Trigger-In:11	97	fixation_point_on	staircase	14	green	right	aware	1	0
479.670	0.000	trigger_21	21	479670	Trigger-In:21	97	grating_on	staircase	14	green	right	aware	1	0
479.720	0.000	trigger_20	20	479720	Trigger-In:20	97	grating_off	staircase	14	green	right	aware	1	0
480.320	0.000	trigger_31	31	480320	Trigger-In:31	97	targets_on_fp_color_change	staircase	14	green	right	aware	1	0
481.175	0.000	trigger_201	201	481175	Trigger-In:201	97	trial_end_completed	staircase	14	green	right	aware	1	0
482.255	0.000	trigger_101	101	482255	Trigger-In:101	98	trial_start	staircase	13	green	right	aware	1	0
482.360	0.000	trigger_11	11	482360	Trigger-In:11	98	fixation_point_on	staircase	13	green	right	aware	1	0
482.960	0.000	trigger_21	21	482960	Trigger-In:21	98	grating_on	staircase	13	green	right	aware	1	0
483.010	0.000	trigger_20	20	483010	Trigger-In:20	98	grating_off	staircase	13	green	right	aware	1	0
483.610	0.000	trigger_31	31	483610	Trigger-In:31	98	targets_on_fp_color_change	staircase	13	green	right	aware	1	0
485.025	0.000	trigger_201	201	485025	Trigger-In:201	98	trial_end_completed	staircase	13	green	right	aware	1	0
486.100	0.000	trigger_101	101	486100	Trigger-In:101	99	trial_start	salient	0	green	left	unaware	1	0
486.210	0.000	trigger_11	11	486210	Trigger-In:11	99	fixation_point_on	salient	0	green	left	unaware	1	0
486.810	0.000	trigger_21	21	486810	Trigger-In:21	99	grating_on	salient	0	green	left	unaware	1	0
486.860	0.000	trigger_20	20	486860	Trigger-In:20	99	grating_off	salient	0	green	left	unaware	1	0
487.460	0.000	trigger_31	31	487460	Trigger-In:31	99	targets_on_fp_color_change	salient	0	green	left	unaware	1	0
488.565	0.000	trigger_201	201	488565	Trigger-In:201	99	trial_end_completed	salient	0	green	left	unaware	1	0
489.645	0.000	trigger_101	101	489645	Trigger-In:101	100	trial_start	absent	70	red	right	unaware	1	0
489.750	0.000	trigger_11	11	489750	Trigger-In:11	100	fixation_point_on	absent	70	red	right	unaware	1	0
490.350	0.000	trigger_21	21	490350	Trigger-In:21	100	grating_on	absent	70	red	right	unaware	1	0
490.405	0.000	trigger_20	20	490405	Trigger-In:20	100	grating_off	absent	70	red	right	unaware	1	0
491.005	0.000	trigger_31	31	491005	Trigger-In:31	100	targets_on_fp_color_change	absent	70	red	right	unaware	1	0
492.800	0.000	trigger_201	201	492800	Trigger-In:201	100	trial_end_completed	absent	70	red	right	unaware	1	0
494.145	0.000	trigger_101	101	494145	Trigger-In:101	101	trial_start	staircase	12	red	right	unaware	1	0
494.580	0.000	trigger_11	11	494580	Trigger-In:11	101	fixation_point_on	staircase	12	red	right	unaware	1	0
495.180	0.000	trigger_21	21	495180	Trigger-In:21	101	grating_on	staircase	12	red	right	unaware	1	0
495.230	0.000	trigger_20	20	495230	Trigger-In:20	101	grating_off	staircase	12	red	right	unaware	1	0
495.830	0.000	trigger_31	31	495830	Trigger-In:31	101	targets_on_fp_color_change	staircase	12	red	right	unaware	1	0
499.320	0.000	trigger_201	201	499320	Trigger-In:201	101	trial_end_completed	staircase	12	red	right	unaware	1	0
500.405	0.000	trigger_101	101	500405	Trigger-In:101	102	trial_start	salient	0	red	right	unaware	1	0
500.510	0.000	trigger_11	11	500510	Trigger-In:11	102	fixation_point_on	salient	0	red	right	unaware	1	0
501.110	0.000	trigger_21	21	501110	Trigger-In:21	102	grating_on	salient	0	red	right	unaware	1	0
501.165	0.000	trigger_20	20	501165	Trigger-In:20	102	grating_off	salient	0	red	right	unaware	1	0
501.765	0.000	trigger_31	31	501765	Trigger-In:31	102	targets_on_fp_color_change	salient	0	red	right	unaware	1	0
503.610	0.000	trigger_201	201	503610	Trigger-In:201	102	trial_end_completed	salient	0	red	right	unaware	1	0
504.690	0.000	trigger_101	101	504690	Trigger-In:101	103	trial_start	absent	70	red	left	aware	1	0
504.795	0.000	trigger_11	11	504795	Trigger-In:11	103	fixation_point_on	absent	70	red	left	aware	1	0
505.395	0.000	trigger_21	21	505395	Trigger-In:21	103	grating_on	absent	70	red	left	aware	1	0
505.450	0.000	trigger_20	20	505450	Trigger-In:20	103	grating_off	absent	70	red	left	aware	1	0
506.050	0.000	trigger_31	31	506050	Trigger-In:31	103	targets_on_fp_color_change	absent	70	red	left	aware	1	0
507.035	0.000	trigger_201	201	507035	Trigger-In:201	103	trial_end_completed	absent	70	red	left	aware	1	0
508.115	0.000	trigger_101	101	508115	Trigger-In:101	104	trial_start	salient	0	red	right	unaware	1	0
508.220	0.000	trigger_11	11	508220	Trigger-In:11	104	fixation_point_on	salient	0	red	right	unaware	1	0
508.820	0.000	trigger_21	21	508820	Trigger-In:21	104	grating_on	salient	0	red	right	unaware	1	0
508.870	0.000	trigger_20	20	508870	Trigger-In:20	104	grating_off	salient	0	red	right	unaware	1	0
509.470	0.000	trigger_31	31	509470	Trigger-In:31	104	targets_on_fp_color_change	salient	0	red	right	unaware	1	0
510.840	0.000	trigger_201	201	510840	Trigger-In:201	104	trial_end_completed	salient	0	red	right	unaware	1	0
511.920	0.000	trigger_101	101	511920	Trigger-In:101	105	trial_start	staircase	13	red	left	aware	1	0
512.025	0.000	trigger_11	11	512025	Trigger-In:11	105	fixation_point_on	staircase	13	red	left	aware	1	0
512.625	0.000	trigger_21	21	512625	Trigger-In:21	105	grating_on	staircase	13	red	left	aware	1	0
512.675	0.000	trigger_20	20	512675	Trigger-In:20	105	grating_off	staircase	13	red	left	aware	1	0
513.275	0.000	trigger_31	31	513275	Trigger-In:31	105	targets_on_fp_color_change	staircase	13	red	left	aware	1	0
518.060	0.000	trigger_201	201	518060	Trigger-In:201	105	trial_end_completed	staircase	13	red	left	aware	1	0
519.145	0.000	trigger_101	101	519145	Trigger-In:101	106	trial_start	staircase	12	red	left	aware	1	0
519.250	0.000	trigger_11	11	519250	Trigger-In:11	106	fixation_point_on	staircase	12	red	left	aware	1	0
519.850	0.000	trigger_21	21	519850	Trigger-In:21	106	grating_on	staircase	12	red	left	aware	1	0
519.900	0.000	trigger_20	20	519900	Trigger-In:20	106	grating_off	staircase	12	red	left	aware	1	0
520.500	0.000	trigger_31	31	520500	Trigger-In:31	106	targets_on_fp_color_change	staircase	12	red	left	aware	1	0
522.275	0.000	trigger_201	201	522275	Trigger-In:201	106	trial_end_completed	staircase	12	red	left	aware	1	0
523.355	0.000	trigger_101	101	523355	Trigger-In:101	107	trial_start	staircase	11	green	left	unaware	1	0
523.460	0.000	trigger_11	11	523460	Trigger-In:11	107	fixation_point_on	staircase	11	green	left	unaware	1	0
524.060	0.000	trigger_21	21	524060	Trigger-In:21	107	grating_on	staircase	11	green	left	unaware	1	0
524.110	0.000	trigger_20	20	524110	Trigger-In:20	107	grating_off	staircase	11	green	left	unaware	1	0
524.710	0.000	trigger_31	31	524710	Trigger-In:31	107	targets_on_fp_color_change	staircase	11	green	left	unaware	1	0
526.030	0.000	trigger_201	201	526030	Trigger-In:201	107	trial_end_completed	staircase	11	green	left	unaware	1	0
527.110	0.000	trigger_101	101	527110	Trigger-In:101	108	trial_start	staircase	12	green	left	unaware	1	0
527.215	0.000	trigger_11	11	527215	Trigger-In:11	108	fixation_point_on	staircase	12	green	left	unaware	1	0
527.815	0.000	trigger_21	21	527815	Trigger-In:21	108	grating_on	staircase	12	green	left	unaware	1	0
527.870	0.000	trigger_20	20	527870	Trigger-In:20	108	grating_off	staircase	12	green	left	unaware	1	0
528.470	0.000	trigger_31	31	528470	Trigger-In:31	108	targets_on_fp_color_change	staircase	12	green	left	unaware	1	0
530.555	0.000	trigger_201	201	530555	Trigger-In:201	108	trial_end_completed	staircase	12	green	left	unaware	1	0
531.635	0.000	trigger_101	101	531635	Trigger-In:101	109	trial_start	absent	70	red	left	aware	1	0
531.740	0.000	trigger_11	11	531740	Trigger-In:11	109	fixation_point_on	absent	70	red	left	aware	1	0
532.340	0.000	trigger_21	21	532340	Trigger-In:21	109	grating_on	absent	70	red	left	aware	1	0
532.390	0.000	trigger_20	20	532390	Trigger-In:20	109	grating_off	absent	70	red	left	aware	1	0
532.990	0.000	trigger_31	31	532990	Trigger-In:31	109	targets_on_fp_color_change	absent	70	red	left	aware	1	0
534.275	0.000	trigger_201	201	534275	Trigger-In:201	109	trial_end_completed	absent	70	red	left	aware	1	0
535.355	0.000	trigger_101	101	535355	Trigger-In:101	110	trial_start	staircase	13	green	right	aware	1	0
535.460	0.000	trigger_11	11	535460	Trigger-In:11	110	fixation_point_on	staircase	13	green	right	aware	1	0
536.060	0.000	trigger_21	21	536060	Trigger-In:21	110	grating_on	staircase	13	green	right	aware	1	0
536.115	0.000	trigger_20	20	536115	Trigger-In:20	110	grating_off	staircase	13	green	right	aware	1	0
536.715	0.000	trigger_31	31	536715	Trigger-In:31	110	targets_on_fp_color_change	staircase	13	green	right	aware	1	0
538.715	0.000	trigger_201	201	538715	Trigger-In:201	110	trial_end_completed	staircase	13	green	right	aware	1	0
539.795	0.000	trigger_101	101	539795	Trigger-In:101	111	trial_start	staircase	12	green	right	aware	1	0
539.900	0.000	trigger_11	11	539900	Trigger-In:11	111	fixation_point_on	staircase	12	green	right	aware	1	0
540.500	0.000	trigger_21	21	540500	Trigger-In:21	111	grating_on	staircase	12	green	right	aware	1	0
540.550	0.000	trigger_20	20	540550	Trigger-In:20	111	grating_off	staircase	12	green	right	aware	1	0
541.150	0.000	trigger_31	31	541150	Trigger-In:31	111	targets_on_fp_color_change	staircase	12	green	right	aware	1	0
543.410	0.000	trigger_201	201	543410	Trigger-In:201	111	trial_end_completed	staircase	12	green	right	aware	1	0
544.490	0.000	trigger_101	101	544490	Trigger-In:101	112	trial_start	salient	0	red	right	unaware	1	0
544.595	0.000	trigger_11	11	544595	Trigger-In:11	112	fixation_point_on	salient	0	red	right	unaware	1	0
545.195	0.000	trigger_21	21	545195	Trigger-In:21	112	grating_on	salient	0	red	right	unaware	1	0
545.245	0.000	trigger_20	20	545245	Trigger-In:20	112	grating_off	salient	0	red	right	unaware	1	0
545.850	0.000	trigger_31	31	545850	Trigger-In:31	112	targets_on_fp_color_change	salient	0	red	right	unaware	1	0
548.665	0.000	trigger_201	201	548665	Trigger-In:201	112	trial_end_completed	salient	0	red	right	unaware	1	0
549.750	0.000	trigger_101	101	549750	Trigger-In:101	113	trial_start	staircase	11	red	right	unaware	1	0
549.855	0.000	trigger_11	11	549855	Trigger-In:11	113	fixation_point_on	staircase	11	red	right	unaware	1	0
550.455	0.000	trigger_21	21	550455	Trigger-In:21	113	grating_on	staircase	11	red	right	unaware	1	0
550.505	0.000	trigger_20	20	550505	Trigger-In:20	113	grating_off	staircase	11	red	right	unaware	1	0
551.110	0.000	trigger_31	31	551110	Trigger-In:31	113	targets_on_fp_color_change	staircase	11	red	right	unaware	1	0
555.870	0.000	trigger_201	201	555870	Trigger-In:201	113	trial_end_completed	staircase	11	red	right	unaware	1	0
556.955	0.000	trigger_101	101	556955	Trigger-In:101	114	trial_start	staircase	12	green	left	unaware	1	0
557.060	0.000	trigger_11	11	557060	Trigger-In:11	114	fixation_point_on	staircase	12	green	left	unaware	1	0
557.660	0.000	trigger_21	21	557660	Trigger-In:21	114	grating_on	staircase	12	green	left	unaware	1	0
557.710	0.000	trigger_20	20	557710	Trigger-In:20	114	grating_off	staircase	12	green	left	unaware	1	0
558.310	0.000	trigger_31	31	558310	Trigger-In:31	114	targets_on_fp_color_change	staircase	12	green	left	unaware	1	0
560.375	0.000	trigger_201	201	560375	Trigger-In:201	114	trial_end_completed	staircase	12	green	left	unaware	1	0
561.450	0.000	trigger_101	101	561450	Trigger-In:101	115	trial_start	staircase	13	red	right	unaware	1	0
561.560	0.000	trigger_11	11	561560	Trigger-In:11	115	fixation_point_on	staircase	13	red	right	unaware	1	0
562.160	0.000	trigger_21	21	562160	Trigger-In:21	115	grating_on	staircase	13	red	right	unaware	1	0
562.210	0.000	trigger_20	20	562210	Trigger-In:20	115	grating_off	staircase	13	red	right	unaware	1	0
562.810	0.000	trigger_31	31	562810	Trigger-In:31	115	targets_on_fp_color_change	staircase	13	red	right	unaware	1	0
564.945	0.000	trigger_201	201	564945	Trigger-In:201	115	trial_end_completed	staircase	13	red	right	unaware	1	0
566.025	0.000	trigger_101	101	566025	Trigger-In:101	116	trial_start	staircase	14	red	left	aware	1	0
566.130	0.000	trigger_11	11	566130	Trigger-In:11	116	fixation_point_on	staircase	14	red	left	aware	1	0
566.730	0.000	trigger_21	21	566730	Trigger-In:21	116	grating_on	staircase	14	red	left	aware	1	0
566.780	0.000	trigger_20	20	566780	Trigger-In:20	116	grating_off	staircase	14	red	left	aware	1	0
567.380	0.000	trigger_31	31	567380	Trigger-In:31	116	targets_on_fp_color_change	staircase	14	red	left	aware	1	0
569.630	0.000	trigger_201	201	569630	Trigger-In:201	116	trial_end_completed	staircase	14	red	left	aware	1	0
570.710	0.000	trigger_101	101	570710	Trigger-In:101	117	trial_start	salient	0	red	right	unaware	1	0
570.815	0.000	trigger_11	11	570815	Trigger-In:11	117	fixation_point_on	salient	0	red	right	unaware	1	0
571.415	0.000	trigger_21	21	571415	Trigger-In:21	117	grating_on	salient	0	red	right	unaware	1	0
571.470	0.000	trigger_20	20	571470	Trigger-In:20	117	grating_off	salient	0	red	right	unaware	1	0
572.070	0.000	trigger_31	31	572070	Trigger-In:31	117	targets_on_fp_color_change	salient	0	red	right	unaware	1	0
575.775	0.000	trigger_201	201	575775	Trigger-In:201	117	trial_end_completed	salient	0	red	right	unaware	1	0
576.855	0.000	trigger_101	101	576855	Trigger-In:101	118	trial_start	salient	0	green	left	unaware	1	0
576.960	0.000	trigger_11	11	576960	Trigger-In:11	118	fixation_point_on	salient	0	green	left	unaware	1	0
577.560	0.000	trigger_21	21	577560	Trigger-In:21	118	grating_on	salient	0	green	left	unaware	1	0
577.610	0.000	trigger_20	20	577610	Trigger-In:20	118	grating_off	salient	0	green	left	unaware	1	0
578.215	0.000	trigger_31	31	578215	Trigger-In:31	118	targets_on_fp_color_change	salient	0	green	left	unaware	1	0
579.720	0.000	trigger_201	201	579720	Trigger-In:201	118	trial_end_completed	salient	0	green	left	unaware	1	0
580.800	0.000	trigger_101	101	580800	Trigger-In:101	119	trial_start	staircase	13	red	right	unaware	1	0
580.905	0.000	trigger_11	11	580905	Trigger-In:11	119	fixation_point_on	staircase	13	red	right	unaware	1	0
581.505	0.000	trigger_21	21	581505	Trigger-In:21	119	grating_on	staircase	13	red	right	unaware	1	0
581.560	0.000	trigger_20	20	581560	Trigger-In:20	119	grating_off	staircase	13	red	right	unaware	1	0
582.155	0.000	trigger_31	31	582155	Trigger-In:31	119	targets_on_fp_color_change	staircase	13	red	right	unaware	1	0
585.490	0.000	trigger_201	201	585490	Trigger-In:201	119	trial_end_completed	staircase	13	red	right	unaware	1	0
586.570	0.000	trigger_101	101	586570	Trigger-In:101	120	trial_start	staircase	14	green	right	aware	1	0
586.675	0.000	trigger_11	11	586675	Trigger-In:11	120	fixation_point_on	staircase	14	green	right	aware	1	0
587.275	0.000	trigger_21	21	587275	Trigger-In:21	120	grating_on	staircase	14	green	right	aware	1	0
587.325	0.000	trigger_20	20	587325	Trigger-In:20	120	grating_off	staircase	14	green	right	aware	1	0
587.930	0.000	trigger_31	31	587930	Trigger-In:31	120	targets_on_fp_color_change	staircase	14	green	right	aware	1	0
589.080	0.000	trigger_201	201	589080	Trigger-In:201	120	trial_end_completed	staircase	14	green	right	aware	1	0
590.155	0.000	trigger_101	101	590155	Trigger-In:101	121	trial_start	salient	0	green	left	unaware	1	0
590.260	0.000	trigger_11	11	590260	Trigger-In:11	121	fixation_point_on	salient	0	green	left	unaware	1	0
590.860	0.000	trigger_21	21	590860	Trigger-In:21	121	grating_on	salient	0	green	left	unaware	1	0
590.915	0.000	trigger_20	20	590915	Trigger-In:20	121	grating_off	salient	0	green	left	unaware	1	0
591.515	0.000	trigger_31	31	591515	Trigger-In:31	121	targets_on_fp_color_change	salient	0	green	left	unaware	1	0
593.255	0.000	trigger_201	201	593255	Trigger-In:201	121	trial_end_completed	salient	0	green	left	unaware	1	0
594.335	0.000	trigger_101	101	594335	Trigger-In:101	122	trial_start	salient	0	green	right	aware	1	0
594.440	0.000	trigger_11	11	594440	Trigger-In:11	122	fixation_point_on	salient	0	green	right	aware	1	0
595.040	0.000	trigger_21	21	595040	Trigger-In:21	122	grating_on	salient	0	green	right	aware	1	0
595.090	0.000	trigger_20	20	595090	Trigger-In:20	122	grating_off	salient	0	green	right	aware	1	0
595.690	0.000	trigger_31	31	595690	Trigger-In:31	122	targets_on_fp_color_change	salient	0	green	right	aware	1	0
597.050	0.000	trigger_201	201	597050	Trigger-In:201	122	trial_end_completed	salient	0	green	right	aware	1	0
598.390	0.000	trigger_101	101	598390	Trigger-In:101	123	trial_start	staircase	13	red	left	aware	1	0
598.495	0.000	trigger_11	11	598495	Trigger-In:11	123	fixation_point_on	staircase	13	red	left	aware	1	0
599.095	0.000	trigger_21	21	599095	Trigger-In:21	123	grating_on	staircase	13	red	left	aware	1	0
599.145	0.000	trigger_20	20	599145	Trigger-In:20	123	grating_off	staircase	13	red	left	aware	1	0
599.745	0.000	trigger_31	31	599745	Trigger-In:31	123	targets_on_fp_color_change	staircase	13	red	left	aware	1	0
601.420	0.000	trigger_201	201	601420	Trigger-In:201	123	trial_end_completed	staircase	13	red	left	aware	1	0
602.500	0.000	trigger_101	101	602500	Trigger-In:101	124	trial_start	staircase	12	red	right	unaware	1	0
602.605	0.000	trigger_11	11	602605	Trigger-In:11	124	fixation_point_on	staircase	12	red	right	unaware	1	0
603.205	0.000	trigger_21	21	603205	Trigger-In:21	124	grating_on	staircase	12	red	right	unaware	1	0
603.255	0.000	trigger_20	20	603255	Trigger-In:20	124	grating_off	staircase	12	red	right	unaware	1	0
603.855	0.000	trigger_31	31	603855	Trigger-In:31	124	targets_on_fp_color_change	staircase	12	red	right	unaware	1	0
607.185	0.000	trigger_201	201	607185	Trigger-In:201	124	trial_end_completed	staircase	12	red	right	unaware	1	0
608.265	0.000	trigger_101	101	608265	Trigger-In:101	125	trial_start	staircase	13	green	left	unaware	1	0
608.370	0.000	trigger_11	11	608370	Trigger-In:11	125	fixation_point_on	staircase	13	green	left	unaware	1	0
608.970	0.000	trigger_21	21	608970	Trigger-In:21	125	grating_on	staircase	13	green	left	unaware	1	0
609.020	0.000	trigger_20	20	609020	Trigger-In:20	125	grating_off	staircase	13	green	left	unaware	1	0
609.625	0.000	trigger_31	31	609625	Trigger-In:31	125	targets_on_fp_color_change	staircase	13	green	left	unaware	1	0
611.110	0.000	trigger_201	201	611110	Trigger-In:201	125	trial_end_completed	staircase	13	green	left	unaware	1	0
612.190	0.000	trigger_101	101	612190	Trigger-In:101	126	trial_start	staircase	14	green	left	unaware	1	0
612.295	0.000	trigger_11	11	612295	Trigger-In:11	126	fixation_point_on	staircase	14	green	left	unaware	1	0
612.895	0.000	trigger_21	21	612895	Trigger-In:21	126	grating_on	staircase	14	green	left	unaware	1	0
612.945	0.000	trigger_20	20	612945	Trigger-In:20	126	grating_off	staircase	14	green	left	unaware	1	0
613.545	0.000	trigger_31	31	613545	Trigger-In:31	126	targets_on_fp_color_change	staircase	14	green	left	unaware	1	0
615.700	0.000	trigger_201	201	615700	Trigger-In:201	126	trial_end_completed	staircase	14	green	left	unaware	1	0
616.785	0.000	trigger_101	101	616785	Trigger-In:101	127	trial_start	salient	0	green	left	unaware	1	0
616.890	0.000	trigger_11	11	616890	Trigger-In:11	127	fixation_point_on	salient	0	green	left	unaware	1	0
617.490	0.000	trigger_21	21	617490	Trigger-In:21	127	grating_on	salient	0	green	left	unaware	1	0
617.540	0.000	trigger_20	20	617540	Trigger-In:20	127	grating_off	salient	0	green	left	unaware	1	0
618.140	0.000	trigger_31	31	618140	Trigger-In:31	127	targets_on_fp_color_change	salient	0	green	left	unaware	1	0
619.565	0.000	trigger_201	201	619565	Trigger-In:201	127	trial_end_completed	salient	0	green	left	unaware	1	0
620.645	0.000	trigger_101	101	620645	Trigger-In:101	128	trial_start	staircase	15	red	left	aware	1	0
620.750	0.000	trigger_11	11	620750	Trigger-In:11	128	fixation_point_on	staircase	15	red	left	aware	1	0
621.350	0.000	trigger_21	21	621350	Trigger-In:21	128	grating_on	staircase	15	red	left	aware	1	0
621.400	0.000	trigger_20	20	621400	Trigger-In:20	128	grating_off	staircase	15	red	left	aware	1	0
622.005	0.000	trigger_31	31	622005	Trigger-In:31	128	targets_on_fp_color_change	staircase	15	red	left	aware	1	0
624.225	0.000	trigger_201	201	624225	Trigger-In:201	128	trial_end_completed	staircase	15	red	left	aware	1	0
625.305	0.000	trigger_101	101	625305	Trigger-In:101	129	trial_start	staircase	14	green	left	unaware	1	0
625.410	0.000	trigger_11	11	625410	Trigger-In:11	129	fixation_point_on	staircase	14	green	left	unaware	1	0
626.010	0.000	trigger_21	21	626010	Trigger-In:21	129	grating_on	staircase	14	green	left	unaware	1	0
626.060	0.000	trigger_20	20	626060	Trigger-In:20	129	grating_off	staircase	14	green	left	unaware	1	0
626.665	0.000	trigger_31	31	626665	Trigger-In:31	129	targets_on_fp_color_change	staircase	14	green	left	unaware	1	0
628.360	0.000	trigger_201	201	628360	Trigger-In:201	129	trial_end_completed	staircase	14	green	left	unaware	1	0
629.440	0.000	trigger_101	101	629440	Trigger-In:101	130	trial_start	absent	70	red	left	aware	1	0
629.545	0.000	trigger_11	11	629545	Trigger-In:11	130	fixation_point_on	absent	70	red	left	aware	1	0
630.145	0.000	trigger_21	21	630145	Trigger-In:21	130	grating_on	absent	70	red	left	aware	1	0
630.195	0.000	trigger_20	20	630195	Trigger-In:20	130	grating_off	absent	70	red	left	aware	1	0
630.795	0.000	trigger_31	31	630795	Trigger-In:31	130	targets_on_fp_color_change	absent	70	red	left	aware	1	0
632.010	0.000	trigger_201	201	632010	Trigger-In:201	130	trial_end_completed	absent	70	red	left	aware	1	0
633.090	0.000	trigger_101	101	633090	Trigger-In:101	131	trial_start	staircase	15	red	left	aware	1	0
633.195	0.000	trigger_11	11	633195	Trigger-In:11	131	fixation_point_on	staircase	15	red	left	aware	1	0
633.795	0.000	trigger_21	21	633795	Trigger-In:21	131	grating_on	staircase	15	red	left	aware	1	0
633.845	0.000	trigger_20	20	633845	Trigger-In:20	131	grating_off	staircase	15	red	left	aware	1	0
634.445	0.000	trigger_31	31	634445	Trigger-In:31	131	targets_on_fp_color_change	staircase	15	red	left	aware	1	0
635.615	0.000	trigger_201	201	635615	Trigger-In:201	131	trial_end_completed	staircase	15	red	left	aware	1	0
636.695	0.000	trigger_101	101	636695	Trigger-In:101	132	trial_start	salient	0	green	left	unaware	1	0
636.800	0.000	trigger_11	11	636800	Trigger-In:11	132	fixation_point_on	salient	0	green	left	unaware	1	0
637.400	0.000	trigger_21	21	637400	Trigger-In:21	132	grating_on	salient	0	green	left	unaware	1	0
637.450	0.000	trigger_20	20	637450	Trigger-In:20	132	grating_off	salient	0	green	left	unaware	1	0
638.050	0.000	trigger_31	31	638050	Trigger-In:31	132	targets_on_fp_color_change	salient	0	green	left	unaware	1	0
641.290	0.000	trigger_201	201	641290	Trigger-In:201	132	trial_end_completed	salient	0	green	left	unaware	1	0
642.375	0.000	trigger_101	101	642375	Trigger-In:101	133	trial_start	staircase	14	green	right	aware	1	0
642.480	0.000	trigger_11	11	642480	Trigger-In:11	133	fixation_point_on	staircase	14	green	right	aware	1	0
643.080	0.000	trigger_21	21	643080	Trigger-In:21	133	grating_on	staircase	14	green	right	aware	1	0
643.130	0.000	trigger_20	20	643130	Trigger-In:20	133	grating_off	staircase	14	green	right	aware	1	0
643.735	0.000	trigger_31	31	643735	Trigger-In:31	133	targets_on_fp_color_change	staircase	14	green	right	aware	1	0
646.300	0.000	trigger_201	201	646300	Trigger-In:201	133	trial_end_completed	staircase	14	green	right	aware	1	0
647.380	0.000	trigger_101	101	647380	Trigger-In:101	134	trial_start	staircase	13	green	right	aware	1	0
647.485	0.000	trigger_11	11	647485	Trigger-In:11	134	fixation_point_on	staircase	13	green	right	aware	1	0
648.085	0.000	trigger_21	21	648085	Trigger-In:21	134	grating_on	staircase	13	green	right	aware	1	0
648.135	0.000	trigger_20	20	648135	Trigger-In:20	134	grating_off	staircase	13	green	right	aware	1	0
648.735	0.000	trigger_31	31	648735	Trigger-In:31	134	targets_on_fp_color_change	staircase	13	green	right	aware	1	0
649.520	0.000	trigger_201	201	649520	Trigger-In:201	134	trial_end_completed	staircase	13	green	right	aware	1	0
650.600	0.000	trigger_101	101	650600	Trigger-In:101	135	trial_start	salient	0	red	right	unaware	1	0
650.710	0.000	trigger_11	11	650710	Trigger-In:11	135	fixation_point_on	salient	0	red	right	unaware	1	0
651.310	0.000	trigger_21	21	651310	Trigger-In:21	135	grating_on	salient	0	red	right	unaware	1	0
651.360	0.000	trigger_20	20	651360	Trigger-In:20	135	grating_off	salient	0	red	right	unaware	1	0
651.960	0.000	trigger_31	31	651960	Trigger-In:31	135	targets_on_fp_color_change	salient	0	red	right	unaware	1	0
655.370	0.000	trigger_201	201	655370	Trigger-In:201	135	trial_end_completed	salient	0	red	right	unaware	1	0
656.455	0.000	trigger_101	101	656455	Trigger-In:101	136	trial_start	staircase	12	red	right	unaware	1	0
656.560	0.000	trigger_11	11	656560	Trigger-In:11	136	fixation_point_on	staircase	12	red	right	unaware	1	0
657.160	0.000	trigger_21	21	657160	Trigger-In:21	136	grating_on	staircase	12	red	right	unaware	1	0
657.210	0.000	trigger_20	20	657210	Trigger-In:20	136	grating_off	staircase	12	red	right	unaware	1	0
657.810	0.000	trigger_31	31	657810	Trigger-In:31	136	targets_on_fp_color_change	staircase	12	red	right	unaware	1	0
659.040	0.000	trigger_201	201	659040	Trigger-In:201	136	trial_end_completed	staircase	12	red	right	unaware	1	0
660.120	0.000	trigger_101	101	660120	Trigger-In:101	137	trial_start	salient	0	green	left	unaware	1	0
660.260	0.000	trigger_11	11	660260	Trigger-In:11	137	fixation_point_on	salient	0	green	left	unaware	1	0
660.865	0.000	trigger_21	21	660865	Trigger-In:21	137	grating_on	salient	0	green	left	unaware	1	0
660.915	0.000	trigger_20	20	660915	Trigger-In:20	137	grating_off	salient	0	green	left	unaware	1	0
661.515	0.000	trigger_31	31	661515	Trigger-In:31	137	targets_on_fp_color_change	salient	0	green	left	unaware	1	0
664.065	0.000	trigger_201	201	664065	Trigger-In:201	137	trial_end_completed	salient	0	green	left	unaware	1	0
665.150	0.000	trigger_101	101	665150	Trigger-In:101	138	trial_start	staircase	13	green	right	aware	1	0
665.255	0.000	trigger_11	11	665255	Trigger-In:11	138	fixation_point_on	staircase	13	green	right	aware	1	0
665.855	0.000	trigger_21	21	665855	Trigger-In:21	138	grating_on	staircase	13	green	right	aware	1	0
665.905	0.000	trigger_20	20	665905	Trigger-In:20	138	grating_off	staircase	13	green	right	aware	1	0
666.510	0.000	trigger_31	31	666510	Trigger-In:31	138	targets_on_fp_color_change	staircase	13	green	right	aware	1	0
668.280	0.000	trigger_201	201	668280	Trigger-In:201	138	trial_end_completed	staircase	13	green	right	aware	1	0
669.360	0.000	trigger_101	101	669360	Trigger-In:101	139	trial_start	salient	0	green	left	unaware	1	0
669.465	0.000	trigger_11	11	669465	Trigger-In:11	139	fixation_point_on	salient	0	green	left	unaware	1	0
670.065	0.000	trigger_21	21	670065	Trigger-In:21	139	grating_on	salient	0	green	left	unaware	1	0
670.115	0.000	trigger_20	20	670115	Trigger-In:20	139	grating_off	salient	0	green	left	unaware	1	0
670.715	0.000	trigger_31	31	670715	Trigger-In:31	139	targets_on_fp_color_change	salient	0	green	left	unaware	1	0
672.625	0.000	trigger_201	201	672625	Trigger-In:201	139	trial_end_completed	salient	0	green	left	unaware	1	0
673.705	0.000	trigger_101	101	673705	Trigger-In:101	140	trial_start	staircase	12	red	right	unaware	1	0
673.810	0.000	trigger_11	11	673810	Trigger-In:11	140	fixation_point_on	staircase	12	red	right	unaware	1	0
674.410	0.000	trigger_21	21	674410	Trigger-In:21	140	grating_on	staircase	12	red	right	unaware	1	0
674.460	0.000	trigger_20	20	674460	Trigger-In:20	140	grating_off	staircase	12	red	right	unaware	1	0
675.065	0.000	trigger_31	31	675065	Trigger-In:31	140	targets_on_fp_color_change	staircase	12	red	right	unaware	1	0
677.795	0.000	trigger_201	201	677795	Trigger-In:201	140	trial_end_completed	staircase	12	red	right	unaware	1	0
678.875	0.000	trigger_101	101	678875	Trigger-In:101	141	trial_start	salient	0	green	left	unaware	1	0
678.980	0.000	trigger_11	11	678980	Trigger-In:11	141	fixation_point_on	salient	0	green	left	unaware	1	0
679.580	0.000	trigger_21	21	679580	Trigger-In:21	141	grating_on	salient	0	green	left	unaware	1	0
679.630	0.000	trigger_20	20	679630	Trigger-In:20	141	grating_off	salient	0	green	left	unaware	1	0
680.235	0.000	trigger_31	31	680235	Trigger-In:31	141	targets_on_fp_color_change	salient	0	green	left	unaware	1	0
681.495	0.000	trigger_201	201	681495	Trigger-In:201	141	trial_end_completed	salient	0	green	left	unaware	1	0
682.575	0.000	trigger_101	101	682575	Trigger-In:101	142	trial_start	salient	0	green	left	unaware	1	0
682.685	0.000	trigger_11	11	682685	Trigger-In:11	142	fixation_point_on	salient	0	green	left	unaware	1	0
683.285	0.000	trigger_21	21	683285	Trigger-In:21	142	grating_on	salient	0	green	left	unaware	1	0
683.335	0.000	trigger_20	20	683335	Trigger-In:20	142	grating_off	salient	0	green	left	unaware	1	0
683.935	0.000	trigger_31	31	683935	Trigger-In:31	142	targets_on_fp_color_change	salient	0	green	left	unaware	1	0
687.185	0.000	trigger_201	201	687185	Trigger-In:201	142	trial_end_completed	salient	0	green	left	unaware	1	0
688.265	0.000	trigger_101	101	688265	Trigger-In:101	143	trial_start	salient	0	red	right	unaware	1	0
688.370	0.000	trigger_11	11	688370	Trigger-In:11	143	fixation_point_on	salient	0	red	right	unaware	1	0
688.975	0.000	trigger_21	21	688975	Trigger-In:21	143	grating_on	salient	0	red	right	unaware	1	0
689.025	0.000	trigger_20	20	689025	Trigger-In:20	143	grating_off	salient	0	red	right	unaware	1	0
689.625	0.000	trigger_31	31	689625	Trigger-In:31	143	targets_on_fp_color_change	salient	0	red	right	unaware	1	0
693.260	0.000	trigger_201	201	693260	Trigger-In:201	143	trial_end_completed	salient	0	red	right	unaware	1	0
694.345	0.000	trigger_101	101	694345	Trigger-In:101	144	trial_start	staircase	13	green	left	unaware	1	0
694.445	0.000	trigger_11	11	694445	Trigger-In:11	144	fixation_point_on	staircase	13	green	left	unaware	1	0
695.045	0.000	trigger_21	21	695045	Trigger-In:21	144	grating_on	staircase	13	green	left	unaware	1	0
695.100	0.000	trigger_20	20	695100	Trigger-In:20	144	grating_off	staircase	13	green	left	unaware	1	0
695.700	0.000	trigger_31	31	695700	Trigger-In:31	144	targets_on_fp_color_change	staircase	13	green	left	unaware	1	0
696.845	0.000	trigger_201	201	696845	Trigger-In:201	144	trial_end_completed	staircase	13	green	left	unaware	1	0
697.925	0.000	trigger_101	101	697925	Trigger-In:101	145	trial_start	staircase	14	red	left	aware	1	0
698.030	0.000	trigger_11	11	698030	Trigger-In:11	145	fixation_point_on	staircase	14	red	left	aware	1	0
698.630	0.000	trigger_21	21	698630	Trigger-In:21	145	grating_on	staircase	14	red	left	aware	1	0
698.680	0.000	trigger_20	20	698680	Trigger-In:20	145	grating_off	staircase	14	red	left	aware	1	0
699.280	0.000	trigger_31	31	699280	Trigger-In:31	145	targets_on_fp_color_change	staircase	14	red	left	aware	1	0
700.600	0.000	trigger_201	201	700600	Trigger-In:201	145	trial_end_completed	staircase	14	red	left	aware	1	0
701.675	0.000	trigger_101	101	701675	Trigger-In:101	146	trial_start	staircase	13	green	left	unaware	1	0
701.785	0.000	trigger_11	11	701785	Trigger-In:11	146	fixation_point_on	staircase	13	green	left	unaware	1	0
702.385	0.000	trigger_21	21	702385	Trigger-In:21	146	grating_on	staircase	13	green	left	unaware	1	0
702.435	0.000	trigger_20	20	702435	Trigger-In:20	146	grating_off	staircase	13	green	left	unaware	1	0
703.035	0.000	trigger_31	31	703035	Trigger-In:31	146	targets_on_fp_color_change	staircase	13	green	left	unaware	1	0
705.635	0.000	trigger_201	201	705635	Trigger-In:201	146	trial_end_completed	staircase	13	green	left	unaware	1	0
706.720	0.000	trigger_101	101	706720	Trigger-In:101	147	trial_start	staircase	14	green	left	unaware	1	0
706.825	0.000	trigger_11	11	706825	Trigger-In:11	147	fixation_point_on	staircase	14	green	left	unaware	1	0
707.425	0.000	trigger_21	21	707425	Trigger-In:21	147	grating_on	staircase	14	green	left	unaware	1	0
707.475	0.000	trigger_20	20	707475	Trigger-In:20	147	grating_off	staircase	14	green	left	unaware	1	0
708.080	0.000	trigger_31	31	708080	Trigger-In:31	147	targets_on_fp_color_change	staircase	14	green	left	unaware	1	0
710.450	0.000	trigger_201	201	710450	Trigger-In:201	147	trial_end_completed	staircase	14	green	left	unaware	1	0
711.530	0.000	trigger_101	101	711530	Trigger-In:101	148	trial_start	absent	70	green	right	aware	1	0
711.635	0.000	trigger_11	11	711635	Trigger-In:11	148	fixation_point_on	absent	70	green	right	aware	1	0
712.235	0.000	trigger_21	21	712235	Trigger-In:21	148	grating_on	absent	70	green	right	aware	1	0
712.285	0.000	trigger_20	20	712285	Trigger-In:20	148	grating_off	absent	70	green	right	aware	1	0
712.885	0.000	trigger_31	31	712885	Trigger-In:31	148	targets_on_fp_color_change	absent	70	green	right	aware	1	0
714.215	0.000	trigger_201	201	714215	Trigger-In:201	148	trial_end_completed	absent	70	green	right	aware	1	0
715.295	0.000	trigger_101	101	715295	Trigger-In:101	149	trial_start	staircase	15	red	left	aware	1	0
715.405	0.000	trigger_11	11	715405	Trigger-In:11	149	fixation_point_on	staircase	15	red	left	aware	1	0
716.005	0.000	trigger_21	21	716005	Trigger-In:21	149	grating_on	staircase	15	red	left	aware	1	0
716.060	0.000	trigger_20	20	716060	Trigger-In:20	149	grating_off	staircase	15	red	left	aware	1	0
716.660	0.000	trigger_31	31	716660	Trigger-In:31	149	targets_on_fp_color_change	staircase	15	red	left	aware	1	0
718.730	0.000	trigger_201	201	718730	Trigger-In:201	149	trial_end_completed	staircase	15	red	left	aware	1	0
719.810	0.000	trigger_101	101	719810	Trigger-In:101	150	trial_start	staircase	14	red	left	aware	1	0
719.915	0.000	trigger_11	11	719915	Trigger-In:11	150	fixation_point_on	staircase	14	red	left	aware	1	0
720.515	0.000	trigger_21	21	720515	Trigger-In:21	150	grating_on	staircase	14	red	left	aware	1	0
720.565	0.000	trigger_20	20	720565	Trigger-In:20	150	grating_off	staircase	14	red	left	aware	1	0
721.165	0.000	trigger_31	31	721165	Trigger-In:31	150	targets_on_fp_color_change	staircase	14	red	left	aware	1	0
722.805	0.000	trigger_201	201	722805	Trigger-In:201	150	trial_end_completed	staircase	14	red	left	aware	1	0
723.890	0.000	trigger_101	101	723890	Trigger-In:101	151	trial_start	staircase	13	green	left	unaware	1	0
723.995	0.000	trigger_11	11	723995	Trigger-In:11	151	fixation_point_on	staircase	13	green	left	unaware	1	0
724.595	0.000	trigger_21	21	724595	Trigger-In:21	151	grating_on	staircase	13	green	left	unaware	1	0
724.645	0.000	trigger_20	20	724645	Trigger-In:20	151	grating_off	staircase	13	green	left	unaware	1	0
725.245	0.000	trigger_31	31	725245	Trigger-In:31	151	targets_on_fp_color_change	staircase	13	green	left	unaware	1	0
726.875	0.000	trigger_201	201	726875	Trigger-In:201	151	trial_end_completed	staircase	13	green	left	unaware	1	0
727.960	0.000	trigger_101	101	727960	Trigger-In:101	152	trial_start	staircase	14	green	right	aware	1	0
728.060	0.000	trigger_11	11	728060	Trigger-In:11	152	fixation_point_on	staircase	14	green	right	aware	1	0
728.660	0.000	trigger_21	21	728660	Trigger-In:21	152	grating_on	staircase	14	green	right	aware	1	0
728.715	0.000	trigger_20	20	728715	Trigger-In:20	152	grating_off	staircase	14	green	right	aware	1	0
729.315	0.000	trigger_31	31	729315	Trigger-In:31	152	targets_on_fp_color_change	staircase	14	green	right	aware	1	0
731.630	0.000	trigger_201	201	731630	Trigger-In:201	152	trial_end_completed	staircase	14	green	right	aware	1	0
732.710	0.000	trigger_101	101	732710	Trigger-In:101	153	trial_start	staircase	13	red	left	aware	1	0
732.815	0.000	trigger_11	11	732815	Trigger-In:11	153	fixation_point_on	staircase	13	red	left	aware	1	0
733.420	0.000	trigger_21	21	733420	Trigger-In:21	153	grating_on	staircase	13	red	left	aware	1	0
733.470	0.000	trigger_20	20	733470	Trigger-In:20	153	grating_off	staircase	13	red	left	aware	1	0
734.070	0.000	trigger_31	31	734070	Trigger-In:31	153	targets_on_fp_color_change	staircase	13	red	left	aware	1	0
735.155	0.000	trigger_201	201	735155	Trigger-In:201	153	trial_end_completed	staircase	13	red	left	aware	1	0
736.235	0.000	trigger_101	101	736235	Trigger-In:101	154	trial_start	staircase	12	green	left	unaware	1	0
736.340	0.000	trigger_11	11	736340	Trigger-In:11	154	fixation_point_on	staircase	12	green	left	unaware	1	0
736.940	0.000	trigger_21	21	736940	Trigger-In:21	154	grating_on	staircase	12	green	left	unaware	1	0
736.995	0.000	trigger_20	20	736995	Trigger-In:20	154	grating_off	staircase	12	green	left	unaware	1	0
737.595	0.000	trigger_31	31	737595	Trigger-In:31	154	targets_on_fp_color_change	staircase	12	green	left	unaware	1	0
740.405	0.000	trigger_201	201	740405	Trigger-In:201	154	trial_end_completed	staircase	12	green	left	unaware	1	0
741.490	0.000	trigger_101	101	741490	Trigger-In:101	155	trial_start	absent	70	red	left	aware	1	0
741.595	0.000	trigger_11	11	741595	Trigger-In:11	155	fixation_point_on	absent	70	red	left	aware	1	0
742.195	0.000	trigger_21	21	742195	Trigger-In:21	155	grating_on	absent	70	red	left	aware	1	0
742.245	0.000	trigger_20	20	742245	Trigger-In:20	155	grating_off	absent	70	red	left	aware	1	0
742.845	0.000	trigger_31	31	742845	Trigger-In:31	155	targets_on_fp_color_change	absent	70	red	left	aware	1	0
743.910	0.000	trigger_201	201	743910	Trigger-In:201	155	trial_end_completed	absent	70	red	left	aware	1	0
744.990	0.000	trigger_101	101	744990	Trigger-In:101	156	trial_start	salient	0	green	left	unaware	1	0
745.095	0.000	trigger_11	11	745095	Trigger-In:11	156	fixation_point_on	salient	0	green	left	unaware	1	0
745.695	0.000	trigger_21	21	745695	Trigger-In:21	156	grating_on	salient	0	green	left	unaware	1	0
745.745	0.000	trigger_20	20	745745	Trigger-In:20	156	grating_off	salient	0	green	left	unaware	1	0
746.345	0.000	trigger_31	31	746345	Trigger-In:31	156	targets_on_fp_color_change	salient	0	green	left	unaware	1	0
748.970	0.000	trigger_201	201	748970	Trigger-In:201	156	trial_end_completed	salient	0	green	left	unaware	1	0
750.050	0.000	trigger_101	101	750050	Trigger-In:101	157	trial_start	staircase	13	green	left	unaware	1	0
750.155	0.000	trigger_11	11	750155	Trigger-In:11	157	fixation_point_on	staircase	13	green	left	unaware	1	0
750.760	0.000	trigger_21	21	750760	Trigger-In:21	157	grating_on	staircase	13	green	left	unaware	1	0
750.810	0.000	trigger_20	20	750810	Trigger-In:20	157	grating_off	staircase	13	green	left	unaware	1	0
751.410	0.000	trigger_31	31	751410	Trigger-In:31	157	targets_on_fp_color_change	staircase	13	green	left	unaware	1	0
752.915	0.000	trigger_201	201	752915	Trigger-In:201	157	trial_end_completed	staircase	13	green	left	unaware	1	0
753.995	0.000	trigger_101	101	753995	Trigger-In:101	158	trial_start	staircase	14	green	right	aware	1	0
754.100	0.000	trigger_11	11	754100	Trigger-In:11	158	fixation_point_on	staircase	14	green	right	aware	1	0
754.700	0.000	trigger_21	21	754700	Trigger-In:21	158	grating_on	staircase	14	green	right	aware	1	0
754.750	0.000	trigger_20	20	754750	Trigger-In:20	158	grating_off	staircase	14	green	right	aware	1	0
755.355	0.000	trigger_31	31	755355	Trigger-In:31	158	targets_on_fp_color_change	staircase	14	green	right	aware	1	0
756.405	0.000	trigger_201	201	756405	Trigger-In:201	158	trial_end_completed	staircase	14	green	right	aware	1	0
757.490	0.000	trigger_101	101	757490	Trigger-In:101	159	trial_start	salient	0	red	right	unaware	1	0
757.590	0.000	trigger_11	11	757590	Trigger-In:11	159	fixation_point_on	salient	0	red	right	unaware	1	0
758.195	0.000	trigger_21	21	758195	Trigger-In:21	159	grating_on	salient	0	red	right	unaware	1	0
758.245	0.000	trigger_20	20	758245	Trigger-In:20	159	grating_off	salient	0	red	right	unaware	1	0
758.845	0.000	trigger_31	31	758845	Trigger-In:31	159	targets_on_fp_color_change	salient	0	red	right	unaware	1	0
763.145	0.000	trigger_201	201	763145	Trigger-In:201	159	trial_end_completed	salient	0	red	right	unaware	1	0
764.230	0.000	trigger_101	101	764230	Trigger-In:101	160	trial_start	staircase	13	red	right	unaware	1	0
764.335	0.000	trigger_11	11	764335	Trigger-In:11	160	fixation_point_on	staircase	13	red	right	unaware	1	0
764.935	0.000	trigger_21	21	764935	Trigger-In:21	160	grating_on	staircase	13	red	right	unaware	1	0
764.985	0.000	trigger_20	20	764985	Trigger-In:20	160	grating_off	staircase	13	red	right	unaware	1	0
765.585	0.000	trigger_31	31	765585	Trigger-In:31	160	targets_on_fp_color_change	staircase	13	red	right	unaware	1	0
768.715	0.000	trigger_201	201	768715	Trigger-In:201	160	trial_end_completed	staircase	13	red	right	unaware	1	0
769.800	0.000	trigger_101	101	769800	Trigger-In:101	161	trial_start	salient	0	red	right	unaware	1	0
769.905	0.000	trigger_11	11	769905	Trigger-In:11	161	fixation_point_on	salient	0	red	right	unaware	1	0
770.505	0.000	trigger_21	21	770505	Trigger-In:21	161	grating_on	salient	0	red	right	unaware	1	0
770.560	0.000	trigger_20	20	770560	Trigger-In:20	161	grating_off	salient	0	red	right	unaware	1	0
771.160	0.000	trigger_31	31	771160	Trigger-In:31	161	targets_on_fp_color_change	salient	0	red	right	unaware	1	0
773.710	0.000	trigger_201	201	773710	Trigger-In:201	161	trial_end_completed	salient	0	red	right	unaware	1	0
774.785	0.000	trigger_101	101	774785	Trigger-In:101	162	trial_start	staircase	14	green	right	aware	1	0
774.890	0.000	trigger_11	11	774890	Trigger-In:11	162	fixation_point_on	staircase	14	green	right	aware	1	0
775.495	0.000	trigger_21	21	775495	Trigger-In:21	162	grating_on	staircase	14	green	right	aware	1	0
775.545	0.000	trigger_20	20	775545	Trigger-In:20	162	grating_off	staircase	14	green	right	aware	1	0
776.145	0.000	trigger_31	31	776145	Trigger-In:31	162	targets_on_fp_color_change	staircase	14	green	right	aware	1	0
777.220	0.000	trigger_201	201	777220	Trigger-In:201	162	trial_end_completed	staircase	14	green	right	aware	1	0
778.315	0.000	trigger_101	101	778315	Trigger-In:101	163	trial_start	staircase	13	green	left	unaware	1	0
778.420	0.000	trigger_11	11	778420	Trigger-In:11	163	fixation_point_on	staircase	13	green	left	unaware	1	0
779.020	0.000	trigger_21	21	779020	Trigger-In:21	163	grating_on	staircase	13	green	left	unaware	1	0
779.070	0.000	trigger_20	20	779070	Trigger-In:20	163	grating_off	staircase	13	green	left	unaware	1	0
779.670	0.000	trigger_31	31	779670	Trigger-In:31	163	targets_on_fp_color_change	staircase	13	green	left	unaware	1	0
783.720	0.000	trigger_201	201	783720	Trigger-In:201	163	trial_end_completed	staircase	13	green	left	unaware	1	0
784.805	0.000	trigger_101	101	784805	Trigger-In:101	164	trial_start	staircase	14	green	right	aware	1	0
784.910	0.000	trigger_11	11	784910	Trigger-In:11	164	fixation_point_on	staircase	14	green	right	aware	1	0
785.510	0.000	trigger_21	21	785510	Trigger-In:21	164	grating_on	staircase	14	green	right	aware	1	0
785.560	0.000	trigger_20	20	785560	Trigger-In:20	164	grating_off	staircase	14	green	right	aware	1	0
786.160	0.000	trigger_31	31	786160	Trigger-In:31	164	targets_on_fp_color_change	staircase	14	green	right	aware	1	0
787.215	0.000	trigger_201	201	787215	Trigger-In:201	164	trial_end_completed	staircase	14	green	right	aware	1	0
788.295	0.000	trigger_101	101	788295	Trigger-In:101	165	trial_start	salient	0	red	right	unaware	1	0
788.400	0.000	trigger_11	11	788400	Trigger-In:11	165	fixation_point_on	salient	0	red	right	unaware	1	0
789.000	0.000	trigger_21	21	789000	Trigger-In:21	165	grating_on	salient	0	red	right	unaware	1	0
789.050	0.000	trigger_20	20	789050	Trigger-In:20	165	grating_off	salient	0	red	right	unaware	1	0
789.650	0.000	trigger_31	31	789650	Trigger-In:31	165	targets_on_fp_color_change	salient	0	red	right	unaware	1	0
791.900	0.000	trigger_201	201	791900	Trigger-In:201	165	trial_end_completed	salient	0	red	right	unaware	1	0
792.980	0.000	trigger_101	101	792980	Trigger-In:101	166	trial_start	absent	70	red	left	aware	1	0
793.085	0.000	trigger_11	11	793085	Trigger-In:11	166	fixation_point_on	absent	70	red	left	aware	1	0
793.685	0.000	trigger_21	21	793685	Trigger-In:21	166	grating_on	absent	70	red	left	aware	1	0
793.735	0.000	trigger_20	20	793735	Trigger-In:20	166	grating_off	absent	70	red	left	aware	1	0
794.340	0.000	trigger_31	31	794340	Trigger-In:31	166	targets_on_fp_color_change	absent	70	red	left	aware	1	0
795.540	0.000	trigger_201	201	795540	Trigger-In:201	166	trial_end_completed	absent	70	red	left	aware	1	0
796.620	0.000	trigger_101	101	796620	Trigger-In:101	167	trial_start	staircase	13	green	left	unaware	1	0
796.725	0.000	trigger_11	11	796725	Trigger-In:11	167	fixation_point_on	staircase	13	green	left	unaware	1	0
797.325	0.000	trigger_21	21	797325	Trigger-In:21	167	grating_on	staircase	13	green	left	unaware	1	0
797.375	0.000	trigger_20	20	797375	Trigger-In:20	167	grating_off	staircase	13	green	left	unaware	1	0
797.975	0.000	trigger_31	31	797975	Trigger-In:31	167	targets_on_fp_color_change	staircase	13	green	left	unaware	1	0
799.295	0.000	trigger_201	201	799295	Trigger-In:201	167	trial_end_completed	staircase	13	green	left	unaware	1	0
800.375	0.000	trigger_101	101	800375	Trigger-In:101	168	trial_start	staircase	14	red	right	unaware	1	0
800.480	0.000	trigger_11	11	800480	Trigger-In:11	168	fixation_point_on	staircase	14	red	right	unaware	1	0
801.080	0.000	trigger_21	21	801080	Trigger-In:21	168	grating_on	staircase	14	red	right	unaware	1	0
801.130	0.000	trigger_20	20	801130	Trigger-In:20	168	grating_off	staircase	14	red	right	unaware	1	0
801.730	0.000	trigger_31	31	801730	Trigger-In:31	168	targets_on_fp_color_change	staircase	14	red	right	unaware	1	0
806.055	0.000	trigger_201	201	806055	Trigger-In:201	168	trial_end_completed	staircase	14	red	right	unaware	1	0
807.140	0.000	trigger_101	101	807140	Trigger-In:101	169	trial_start	absent	70	red	left	aware	1	0
807.245	0.000	trigger_11	11	807245	Trigger-In:11	169	fixation_point_on	absent	70	red	left	aware	1	0
807.845	0.000	trigger_21	21	807845	Trigger-In:21	169	grating_on	absent	70	red	left	aware	1	0
807.900	0.000	trigger_20	20	807900	Trigger-In:20	169	grating_off	absent	70	red	left	aware	1	0
808.500	0.000	trigger_31	31	808500	Trigger-In:31	169	targets_on_fp_color_change	absent	70	red	left	aware	1	0
809.465	0.000	trigger_201	201	809465	Trigger-In:201	169	trial_end_completed	absent	70	red	left	aware	1	0
810.545	0.000	trigger_101	101	810545	Trigger-In:101	170	trial_start	staircase	15	red	left	aware	1	0
810.650	0.000	trigger_11	11	810650	Trigger-In:11	170	fixation_point_on	staircase	15	red	left	aware	1	0
811.255	0.000	trigger_21	21	811255	Trigger-In:21	170	grating_on	staircase	15	red	left	aware	1	0
811.305	0.000	trigger_20	20	811305	Trigger-In:20	170	grating_off	staircase	15	red	left	aware	1	0
811.905	0.000	trigger_31	31	811905	Trigger-In:31	170	targets_on_fp_color_change	staircase	15	red	left	aware	1	0
813.165	0.000	trigger_201	201	813165	Trigger-In:201	170	trial_end_completed	staircase	15	red	left	aware	1	0
814.240	0.000	trigger_101	101	814240	Trigger-In:101	171	trial_start	staircase	14	green	left	unaware	1	0
814.350	0.000	trigger_11	11	814350	Trigger-In:11	171	fixation_point_on	staircase	14	green	left	unaware	1	0
814.950	0.000	trigger_21	21	814950	Trigger-In:21	171	grating_on	staircase	14	green	left	unaware	1	0
815.000	0.000	trigger_20	20	815000	Trigger-In:20	171	grating_off	staircase	14	green	left	unaware	1	0
815.600	0.000	trigger_31	31	815600	Trigger-In:31	171	targets_on_fp_color_change	staircase	14	green	left	unaware	1	0
817.145	0.000	trigger_201	201	817145	Trigger-In:201	171	trial_end_completed	staircase	14	green	left	unaware	1	0
818.225	0.000	trigger_101	101	818225	Trigger-In:101	172	trial_start	salient	0	green	left	unaware	1	0
818.330	0.000	trigger_11	11	818330	Trigger-In:11	172	fixation_point_on	salient	0	green	left	unaware	1	0
818.930	0.000	trigger_21	21	818930	Trigger-In:21	172	grating_on	salient	0	green	left	unaware	1	0
818.980	0.000	trigger_20	20	818980	Trigger-In:20	172	grating_off	salient	0	green	left	unaware	1	0
819.580	0.000	trigger_31	31	819580	Trigger-In:31	172	targets_on_fp_color_change	salient	0	green	left	unaware	1	0
821.900	0.000	trigger_201	201	821900	Trigger-In:201	172	trial_end_completed	salient	0	green	left	unaware	1	0
822.980	0.000	trigger_101	101	822980	Trigger-In:101	173	trial_start	staircase	15	green	left	unaware	1	0
823.085	0.000	trigger_11	11	823085	Trigger-In:11	173	fixation_point_on	staircase	15	green	left	unaware	1	0
823.685	0.000	trigger_21	21	823685	Trigger-In:21	173	grating_on	staircase	15	green	left	unaware	1	0
823.735	0.000	trigger_20	20	823735	Trigger-In:20	173	grating_off	staircase	15	green	left	unaware	1	0
824.335	0.000	trigger_31	31	824335	Trigger-In:31	173	targets_on_fp_color_change	staircase	15	green	left	unaware	1	0
825.625	0.000	trigger_201	201	825625	Trigger-In:201	173	trial_end_completed	staircase	15	green	left	unaware	1	0
826.710	0.000	trigger_101	101	826710	Trigger-In:101	174	trial_start	staircase	16	red	left	aware	1	0
826.815	0.000	trigger_11	11	826815	Trigger-In:11	174	fixation_point_on	staircase	16	red	left	aware	1	0
827.415	0.000	trigger_21	21	827415	Trigger-In:21	174	grating_on	staircase	16	red	left	aware	1	0
827.465	0.000	trigger_20	20	827465	Trigger-In:20	174	grating_off	staircase	16	red	left	aware	1	0
828.065	0.000	trigger_31	31	828065	Trigger-In:31	174	targets_on_fp_color_change	staircase	16	red	left	aware	1	0
829.115	0.000	trigger_201	201	829115	Trigger-In:201	174	trial_end_completed	staircase	16	red	left	aware	1	0
830.195	0.000	trigger_101	101	830195	Trigger-In:101	175	trial_start	staircase	15	green	left	unaware	1	0
830.300	0.000	trigger_11	11	830300	Trigger-In:11	175	fixation_point_on	staircase	15	green	left	unaware	1	0
830.900	0.000	trigger_21	21	830900	Trigger-In:21	175	grating_on	staircase	15	green	left	unaware	1	0
830.950	0.000	trigger_20	20	830950	Trigger-In:20	175	grating_off	staircase	15	green	left	unaware	1	0
831.550	0.000	trigger_31	31	831550	Trigger-In:31	175	targets_on_fp_color_change	staircase	15	green	left	unaware	1	0
833.660	0.000	trigger_201	201	833660	Trigger-In:201	175	trial_end_completed	staircase	15	green	left	unaware	1	0
834.740	0.000	trigger_101	101	834740	Trigger-In:101	176	trial_start	staircase	16	green	left	unaware	1	0
834.850	0.000	trigger_11	11	834850	Trigger-In:11	176	fixation_point_on	staircase	16	green	left	unaware	1	0
835.450	0.000	trigger_21	21	835450	Trigger-In:21	176	grating_on	staircase	16	green	left	unaware	1	0
835.500	0.000	trigger_20	20	835500	Trigger-In:20	176	grating_off	staircase	16	green	left	unaware	1	0
836.100	0.000	trigger_31	31	836100	Trigger-In:31	176	targets_on_fp_color_change	staircase	16	green	left	unaware	1	0
836.995	0.000	trigger_201	201	836995	Trigger-In:201	176	trial_end_completed	staircase	16	green	left	unaware	1	0
838.075	0.000	trigger_101	101	838075	Trigger-In:101	177	trial_start	absent	70	red	left	aware	1	0
838.180	0.000	trigger_11	11	838180	Trigger-In:11	177	fixation_point_on	absent	70	red	left	aware	1	0
838.780	0.000	trigger_21	21	838780	Trigger-In:21	177	grating_on	absent	70	red	left	aware	1	0
838.830	0.000	trigger_20	20	838830	Trigger-In:20	177	grating_off	absent	70	red	left	aware	1	0
839.430	0.000	trigger_31	31	839430	Trigger-In:31	177	targets_on_fp_color_change	absent	70	red	left	aware	1	0
840.505	0.000	trigger_201	201	840505	Trigger-In:201	177	trial_end_completed	absent	70	red	left	aware	1	0
841.590	0.000	trigger_101	101	841590	Trigger-In:101	178	trial_start	staircase	17	red	left	aware	1	0
841.695	0.000	trigger_11	11	841695	Trigger-In:11	178	fixation_point_on	staircase	17	red	left	aware	1	0
842.295	0.000	trigger_21	21	842295	Trigger-In:21	178	grating_on	staircase	17	red	left	aware	1	0
842.345	0.000	trigger_20	20	842345	Trigger-In:20	178	grating_off	staircase	17	red	left	aware	1	0
842.945	0.000	trigger_31	31	842945	Trigger-In:31	178	targets_on_fp_color_change	staircase	17	red	left	aware	1	0
844.045	0.000	trigger_201	201	844045	Trigger-In:201	178	trial_end_completed	staircase	17	red	left	aware	1	0
845.125	0.000	trigger_101	101	845125	Trigger-In:101	179	trial_start	staircase	16	red	left	aware	1	0
845.230	0.000	trigger_11	11	845230	Trigger-In:11	179	fixation_point_on	staircase	16	red	left	aware	1	0
845.830	0.000	trigger_21	21	845830	Trigger-In:21	179	grating_on	staircase	16	red	left	aware	1	0
845.880	0.000	trigger_20	20	845880	Trigger-In:20	179	grating_off	staircase	16	red	left	aware	1	0
846.480	0.000	trigger_31	31	846480	Trigger-In:31	179	targets_on_fp_color_change	staircase	16	red	left	aware	1	0
848.480	0.000	trigger_201	201	848480	Trigger-In:201	179	trial_end_completed	staircase	16	red	left	aware	1	0
849.560	0.000	trigger_101	101	849560	Trigger-In:101	180	trial_start	staircase	15	red	right	unaware	1	0
849.665	0.000	trigger_11	11	849665	Trigger-In:11	180	fixation_point_on	staircase	15	red	right	unaware	1	0
850.265	0.000	trigger_21	21	850265	Trigger-In:21	180	grating_on	staircase	15	red	right	unaware	1	0
850.315	0.000	trigger_20	20	850315	Trigger-In:20	180	grating_off	staircase	15	red	right	unaware	1	0
850.915	0.000	trigger_31	31	850915	Trigger-In:31	180	targets_on_fp_color_change	staircase	15	red	right	unaware	1	0
853.435	0.000	trigger_201	201	853435	Trigger-In:201	180	trial_end_completed	staircase	15	red	right	unaware	1	0
