onset	duration	trial_type	value	sample	source_annotation	trial	event_name	stim_presence	contrast	fp_color	response	awareness	trial_complete	fixation_break
48.549	0.000	trigger_101	101	48549	Trigger-In:101	1	trial_start	salient	0	red	right	unaware	1	0
48.659	0.000	trigger_11	11	48659	Trigger-In:11	1	fixation_point_on	salient	0	red	right	unaware	1	0
49.264	0.000	trigger_21	21	49264	Trigger-In:21	1	grating_on	salient	0	red	right	unaware	1	0
49.334	0.000	trigger_20	20	49334	Trigger-In:20	1	grating_off	salient	0	red	right	unaware	1	0
49.934	0.000	trigger_31	31	49934	Trigger-In:31	1	targets_on_fp_color_change	salient	0	red	right	unaware	1	0
53.174	0.000	trigger_201	201	53174	Trigger-In:201	1	trial_end_completed	salient	0	red	right	unaware	1	0
54.429	0.000	trigger_101	101	54429	Trigger-In:101	2	trial_start	staircase	10	green	right	aware	1	0
54.539	0.000	trigger_11	11	54539	Trigger-In:11	2	fixation_point_on	staircase	10	green	right	aware	1	0
55.139	0.000	trigger_21	21	55139	Trigger-In:21	2	grating_on	staircase	10	green	right	aware	1	0
55.194	0.000	trigger_20	20	55194	Trigger-In:20	2	grating_off	staircase	10	green	right	aware	1	0
55.794	0.000	trigger_31	31	55794	Trigger-In:31	2	targets_on_fp_color_change	staircase	10	green	right	aware	1	0
56.554	0.000	trigger_201	201	56554	Trigger-In:201	2	trial_end_completed	staircase	10	green	right	aware	1	0
57.644	0.000	trigger_101	101	57644	Trigger-In:101	3	trial_start	staircase	9	green	left	unaware	1	0
57.749	0.000	trigger_11	11	57749	Trigger-In:11	3	fixation_point_on	staircase	9	green	left	unaware	1	0
58.349	0.000	trigger_21	21	58349	Trigger-In:21	3	grating_on	staircase	9	green	left	unaware	1	0
58.399	0.000	trigger_20	20	58399	Trigger-In:20	3	grating_off	staircase	9	green	left	unaware	1	0
58.999	0.000	trigger_31	31	58999	Trigger-In:31	3	targets_on_fp_color_change	staircase	9	green	left	unaware	1	0
60.364	0.000	trigger_201	201	60364	Trigger-In:201	3	trial_end_completed	staircase	9	green	left	unaware	1	0
61.449	0.000	trigger_101	101	61449	Trigger-In:101	4	trial_start	staircase	10	red	left	aware	1	0
61.694	0.000	trigger_11	11	61694	Trigger-In:11	4	fixation_point_on	staircase	10	red	left	aware	1	0
62.294	0.000	trigger_21	21	62294	Trigger-In:21	4	grating_on	staircase	10	red	left	aware	1	0
62.344	0.000	trigger_20	20	62344	Trigger-In:20	4	grating_off	staircase	10	red	left	aware	1	0
62.944	0.000	trigger_31	31	62944	Trigger-In:31	4	targets_on_fp_color_change	staircase	10	red	left	aware	1	0
64.064	0.000	trigger_201	201	64064	Trigger-In:201	4	trial_end_completed	staircase	10	red	left	aware	1	0
65.144	0.000	trigger_101	101	65144	Trigger-In:101	5	trial_start	staircase	9	green	right	aware	1	0
65.249	0.000	trigger_11	11	65249	Trigger-In:11	5	fixation_point_on	staircase	9	green	right	aware	1	0
65.849	0.000	trigger_21	21	65849	Trigger-In:21	5	grating_on	staircase	9	green	right	aware	1	0
65.904	0.000	trigger_20	20	65904	Trigger-In:20	5	grating_off	staircase	9	green	right	aware	1	0
66.504	0.000	trigger_31	31	66504	Trigger-In:31	5	targets_on_fp_color_change	staircase	9	green	right	aware	1	0
67.194	0.000	trigger_201	201	67194	Trigger-In:201	5	trial_end_completed	staircase	9	green	right	aware	1	0
68.279	0.000	trigger_101	101	68279	Trigger-In:101	6	trial_start	staircase	8	red	left	aware	1	0
68.384	0.000	trigger_11	11	68384	Trigger-In:11	6	fixation_point_on	staircase	8	red	left	aware	1	0
68.984	0.000	trigger_21	21	68984	Trigger-In:21	6	grating_on	staircase	8	red	left	aware	1	0
69.034	0.000	trigger_20	20	69034	Trigger-In:20	6	grating_off	staircase	8	red	left	aware	1	0
69.639	0.000	trigger_31	31	69639	Trigger-In:31	6	targets_on_fp_color_change	staircase	8	red	left	aware	1	0
70.359	0.000	trigger_201	201	70359	Trigger-In:201	6	trial_end_completed	staircase	8	red	left	aware	1	0
71.434	0.000	trigger_101	101	71434	Trigger-In:101	7	trial_start	salient	0	green	left	unaware	1	0
71.539	0.000	trigger_11	11	71539	Trigger-In:11	7	fixation_point_on	salient	0	green	left	unaware	1	0
72.144	0.000	trigger_21	21	72144	Trigger-In:21	7	grating_on	salient	0	green	left	unaware	1	0
72.194	0.000	trigger_20	20	72194	Trigger-In:20	7	grating_off	salient	0	green	left	unaware	1	0
72.794	0.000	trigger_31	31	72794	Trigger-In:31	7	targets_on_fp_color_change	salient	0	green	left	unaware	1	0
73.769	0.000	trigger_201	201	73769	Trigger-In:201	7	trial_end_completed	salient	0	green	left	unaware	1	0
74.849	0.000	trigger_101	101	74849	Trigger-In:101	8	trial_start	staircase	7	green	left	unaware	1	0
74.949	0.000	trigger_11	11	74949	Trigger-In:11	8	fixation_point_on	staircase	7	green	left	unaware	1	0
75.549	0.000	trigger_21	21	75549	Trigger-In:21	8	grating_on	staircase	7	green	left	unaware	1	0
75.599	0.000	trigger_20	20	75599	Trigger-In:20	8	grating_off	staircase	7	green	left	unaware	1	0
76.199	0.000	trigger_31	31	76199	Trigger-In:31	8	targets_on_fp_color_change	staircase	7	green	left	unaware	1	0
77.304	0.000	trigger_201	201	77304	Trigger-In:201	8	trial_end_completed	staircase	7	green	left	unaware	1	0
78.379	0.000	trigger_101	101	78379	Trigger-In:101	9	trial_start	absent	70	green	right	aware	1	0
78.484	0.000	trigger_11	11	78484	Trigger-In:11	9	fixation_point_on	absent	70	green	right	aware	1	0
79.084	0.000	trigger_21	21	79084	Trigger-In:21	9	grating_on	absent	70	green	right	aware	1	0
79.134	0.000	trigger_20	20	79134	Trigger-In:20	9	grating_off	absent	70	green	right	aware	1	0
79.734	0.000	trigger_31	31	79734	Trigger-In:31	9	targets_on_fp_color_change	absent	70	green	right	aware	1	0
80.434	0.000	trigger_201	201	80434	Trigger-In:201	9	trial_end_completed	absent	70	green	right	aware	1	0
81.509	0.000	trigger_101	101	81509	Trigger-In:101	10	trial_start	staircase	8	green	left	unaware	1	0
81.614	0.000	trigger_11	11	81614	Trigger-In:11	10	fixation_point_on	staircase	8	green	left	unaware	1	0
82.214	0.000	trigger_21	21	82214	Trigger-In:21	10	grating_on	staircase	8	green	left	unaware	1	0
82.264	0.000	trigger_20	20	82264	Trigger-In:20	10	grating_off	staircase	8	green	left	unaware	1	0
82.864	0.000	trigger_31	31	82864	Trigger-In:31	10	targets_on_fp_color_change	staircase	8	green	left	unaware	1	0
83.809	0.000	trigger_201	201	83809	Trigger-In:201	10	trial_end_completed	staircase	8	green	left	unaware	1	0
84.889	0.000	trigger_101	101	84889	Trigger-In:101	11	trial_start	absent	70	red	left	aware	1	0
84.994	0.000	trigger_11	11	84994	Trigger-In:11	11	fixation_point_on	absent	70	red	left	aware	1	0
85.594	0.000	trigger_21	21	85594	Trigger-In:21	11	grating_on	absent	70	red	left	aware	1	0
85.644	0.000	trigger_20	20	85644	Trigger-In:20	11	grating_off	absent	70	red	left	aware	1	0
86.244	0.000	trigger_31	31	86244	Trigger-In:31	11	targets_on_fp_color_change	absent	70	red	left	aware	1	0
86.899	0.000	trigger_201	201	86899	Trigger-In:201	11	trial_end_completed	absent	70	red	left	aware	1	0
87.974	0.000	trigger_101	101	87974	Trigger-In:101	12	trial_start	staircase	9	red	left	aware	1	0
88.079	0.000	trigger_11	11	88079	Trigger-In:11	12	fixation_point_on	staircase	9	red	left	aware	1	0
88.684	0.000	trigger_21	21	88684	Trigger-In:21	12	grating_on	staircase	9	red	left	aware	1	0
88.734	0.000	trigger_20	20	88734	Trigger-In:20	12	grating_off	staircase	9	red	left	aware	1	0
89.334	0.000	trigger_31	31	89334	Trigger-In:31	12	targets_on_fp_color_change	staircase	9	red	left	aware	1	0
90.499	0.000	trigger_201	201	90499	Trigger-In:201	12	trial_end_completed	staircase	9	red	left	aware	1	0
91.574	0.000	trigger_101	101	91574	Trigger-In:101	13	trial_start	staircase	8	green	right	aware	1	0
91.679	0.000	trigger_11	11	91679	Trigger-In:11	13	fixation_point_on	staircase	8	green	right	aware	1	0
92.279	0.000	trigger_21	21	92279	Trigger-In:21	13	grating_on	staircase	8	green	right	aware	1	0
92.329	0.000	trigger_20	20	92329	Trigger-In:20	13	grating_off	staircase	8	green	right	aware	1	0
92.934	0.000	trigger_31	31	92934	Trigger-In:31	13	targets_on_fp_color_change	staircase	8	green	right	aware	1	0
93.594	0.000	trigger_201	201	93594	Trigger-In:201	13	trial_end_completed	staircase	8	green	right	aware	1	0
94.674	0.000	trigger_101	101	94674	Trigger-In:101	14	trial_start	staircase	7	red	left	aware	1	0
94.779	0.000	trigger_11	11	94779	Trigger-In:11	14	fixation_point_on	staircase	7	red	left	aware	1	0
95.379	0.000	trigger_21	21	95379	Trigger-In:21	14	grating_on	staircase	7	red	left	aware	1	0
95.429	0.000	trigger_20	20	95429	Trigger-In:20	14	grating_off	staircase	7	red	left	aware	1	0
96.029	0.000	trigger_31	31	96029	Trigger-In:31	14	targets_on_fp_color_change	staircase	7	red	left	aware	1	0
96.884	0.000	trigger_201	201	96884	Trigger-In:201	14	trial_end_completed	staircase	7	red	left	aware	1	0
97.964	0.000	trigger_101	101	97964	Trigger-In:101	15	trial_start	salient	0	green	left	unaware	1	0
98.064	0.000	trigger_11	11	98064	Trigger-In:11	15	fixation_point_on	salient	0	green	left	unaware	1	0
98.664	0.000	trigger_21	21	98664	Trigger-In:21	15	grating_on	salient	0	green	left	unaware	1	0
98.714	0.000	trigger_20	20	98714	Trigger-In:20	15	grating_off	salient	0	green	left	unaware	1	0
99.314	0.000	trigger_31	31	99314	Trigger-In:31	15	targets_on_fp_color_change	salient	0	green	left	unaware	1	0
100.279	0.000	trigger_201	201	100279	Trigger-In:201	15	trial_end_completed	salient	0	green	left	unaware	1	0
101.354	0.000	trigger_101	101	101354	Trigger-In:101	16	trial_start	staircase	6	red	right	unaware	1	0
101.464	0.000	trigger_11	11	101464	Trigger-In:11	16	fixation_point_on	staircase	6	red	right	unaware	1	0
102.064	0.000	trigger_21	21	102064	Trigger-In:21	16	grating_on	staircase	6	red	right	unaware	1	0
102.114	0.000	trigger_20	20	102114	Trigger-In:20	16	grating_off	staircase	6	red	right	unaware	1	0
102.714	0.000	trigger_31	31	102714	Trigger-In:31	16	targets_on_fp_color_change	staircase	6	red	right	unaware	1	0
103.794	0.000	trigger_201	201	103794	Trigger-In:201	16	trial_end_completed	staircase	6	red	right	unaware	1	0
104.869	0.000	trigger_101	101	104869	Trigger-In:101	17	trial_start	staircase	7	red	right	unaware	1	0
104.974	0.000	trigger_11	11	104974	Trigger-In:11	17	fixation_point_on	staircase	7	red	right	unaware	1	0
105.574	0.000	trigger_21	21	105574	Trigger-In:21	17	grating_on	staircase	7	red	right	unaware	1	0
105.624	0.000	trigger_20	20	105624	Trigger-In:20	17	grating_off	staircase	7	red	right	unaware	1	0
106.224	0.000	trigger_31	31	106224	Trigger-In:31	17	targets_on_fp_color_change	staircase	7	red	right	unaware	1	0
107.284	0.000	trigger_201	201	107284	Trigger-In:201	17	trial_end_completed	staircase	7	red	right	unaware	1	0
108.364	0.000	trigger_101	101	108364	Trigger-In:101	18	trial_start	staircase	8	red	right	unaware	1	0
108.464	0.000	trigger_11	11	108464	Trigger-In:11	18	fixation_point_on	staircase	8	red	right	unaware	1	0
109.069	0.000	trigger_21	21	109069	Trigger-In:21	18	grating_on	staircase	8	red	right	unaware	1	0
109.119	0.000	trigger_20	20	109119	Trigger-In:20	18	grating_off	staircase	8	red	right	unaware	1	0
109.719	0.000	trigger_31	31	109719	Trigger-In:31	18	targets_on_fp_color_change	staircase	8	red	right	unaware	1	0
110.584	0.000	trigger_201	201	110584	Trigger-In:201	18	trial_end_completed	staircase	8	red	right	unaware	1	0
111.659	0.000	trigger_101	101	111659	Trigger-In:101	19	trial_start	staircase	9	green	left	unaware	1	0
111.769	0.000	trigger_11	11	111769	Trigger-In:11	19	fixation_point_on	staircase	9	green	left	unaware	1	0
112.369	0.000	trigger_21	21	112369	Trigger-In:21	19	grating_on	staircase	9	green	left	unaware	1	0
112.419	0.000	trigger_20	20	112419	Trigger-In:20	19	grating_off	staircase	9	green	left	unaware	1	0
113.019	0.000	trigger_31	31	113019	Trigger-In:31	19	targets_on_fp_color_change	staircase	9	green	left	unaware	1	0
114.554	0.000	trigger_201	201	114554	Trigger-In:201	19	trial_end_completed	staircase	9	green	left	unaware	1	0
115.629	0.000	trigger_101	101	115629	Trigger-In:101	20	trial_start	staircase	10	green	right	aware	1	0
115.734	0.000	trigger_11	11	115734	Trigger-In:11	20	fixation_point_on	staircase	10	green	right	aware	1	0
116.334	0.000	trigger_21	21	116334	Trigger-In:21	20	grating_on	staircase	10	green	right	aware	1	0
116.389	0.000	trigger_20	20	116389	Trigger-In:20	20	grating_off	staircase	10	green	right	aware	1	0
116.989	0.000	trigger_31	31	116989	Trigger-In:31	20	targets_on_fp_color_change	staircase	10	green	right	aware	1	0
117.824	0.000	trigger_201	201	117824	Trigger-In:201	20	trial_end_completed	staircase	10	green	right	aware	1	0
118.899	0.000	trigger_101	101	118899	Trigger-In:101	21	trial_start	salient	0	red	right	unaware	1	0
119.004	0.000	trigger_11	11	119004	Trigger-In:11	21	fixation_point_on	salient	0	red	right	unaware	1	0
119.609	0.000	trigger_21	21	119609	Trigger-In:21	21	grating_on	salient	0	red	right	unaware	1	0
119.659	0.000	trigger_20	20	119659	Trigger-In:20	21	grating_off	salient	0	red	right	unaware	1	0
120.259	0.000	trigger_31	31	120259	Trigger-In:31	21	targets_on_fp_color_change	salient	0	red	right	unaware	1	0
121.814	0.000	trigger_201	201	121814	Trigger-In:201	21	trial_end_completed	salient	0	red	right	unaware	1	0
122.889	0.000	trigger_101	101	122889	Trigger-In:101	22	trial_start	salient	0	green	left	unaware	1	0
122.994	0.000	trigger_11	11	122994	Trigger-In:11	22	fixation_point_on	salient	0	green	left	unaware	1	0
123.594	0.000	trigger_21	21	123594	Trigger-In:21	22	grating_on	salient	0	green	left	unaware	1	0
123.644	0.000	trigger_20	20	123644	Trigger-In:20	22	grating_off	salient	0	green	left	unaware	1	0
124.244	0.000	trigger_31	31	124244	Trigger-In:31	22	targets_on_fp_color_change	salient	0	green	left	unaware	1	0
125.324	0.000	trigger_201	201	125324	Trigger-In:201	22	trial_end_completed	salient	0	green	left	unaware	1	0
126.404	0.000	trigger_101	101	126404	Trigger-In:101	23	trial_start	staircase	9	red	right	unaware	1	0
126.509	0.000	trigger_11	11	126509	Trigger-In:11	23	fixation_point_on	staircase	9	red	right	unaware	1	0
127.109	0.000	trigger_21	21	127109	Trigger-In:21	23	grating_on	staircase	9	red	right	unaware	1	0
127.159	0.000	trigger_20	20	127159	Trigger-In:20	23	grating_off	staircase	9	red	right	unaware	1	0
127.759	0.000	trigger_31	31	127759	Trigger-In:31	23	targets_on_fp_color_change	staircase	9	red	right	unaware	1	0
129.209	0.000	trigger_201	201	129209	Trigger-In:201	23	trial_end_completed	staircase	9	red	right	unaware	1	0
130.284	0.000	trigger_101	101	130284	Trigger-In:101	24	trial_start	staircase	10	green	right	aware	1	0
130.389	0.000	trigger_11	11	130389	Trigger-In:11	24	fixation_point_on	staircase	10	green	right	aware	1	0
130.989	0.000	trigger_21	21	130989	Trigger-In:21	24	grating_on	staircase	10	green	right	aware	1	0
131.039	0.000	trigger_20	20	131039	Trigger-In:20	24	grating_off	staircase	10	green	right	aware	1	0
131.639	0.000	trigger_31	31	131639	Trigger-In:31	24	targets_on_fp_color_change	staircase	10	green	right	aware	1	0
133.529	0.000	trigger_201	201	133529	Trigger-In:201	24	trial_end_completed	staircase	10	green	right	aware	1	0
134.604	0.000	trigger_101	101	134604	Trigger-In:101	25	trial_start	absent	70	green	right	aware	1	0
134.709	0.000	trigger_11	11	134709	Trigger-In:11	25	fixation_point_on	absent	70	green	right	aware	1	0
135.309	0.000	trigger_21	21	135309	Trigger-In:21	25	grating_on	absent	70	green	right	aware	1	0
135.359	0.000	trigger_20	20	135359	Trigger-In:20	25	grating_off	absent	70	green	right	aware	1	0
135.959	0.000	trigger_31	31	135959	Trigger-In:31	25	targets_on_fp_color_change	absent	70	green	right	aware	1	0
137.139	0.000	trigger_201	201	137139	Trigger-In:201	25	trial_end_completed	absent	70	green	right	aware	1	0
138.219	0.000	trigger_101	101	138219	Trigger-In:101	26	trial_start	staircase	9	red	left	aware	1	0
138.324	0.000	trigger_11	11	138324	Trigger-In:11	26	fixation_point_on	staircase	9	red	left	aware	1	0
138.924	0.000	trigger_21	21	138924	Trigger-In:21	26	grating_on	staircase	9	red	left	aware	1	0
138.974	0.000	trigger_20	20	138974	Trigger-In:20	26	grating_off	staircase	9	red	left	aware	1	0
139.579	0.000	trigger_31	31	139579	Trigger-In:31	26	targets_on_fp_color_change	staircase	9	red	left	aware	1	0
140.339	0.000	trigger_201	201	140339	Trigger-In:201	26	trial_end_completed	staircase	9	red	left	aware	1	0
141.414	0.000	trigger_101	101	141414	Trigger-In:101	27	trial_start	staircase	8	red	left	aware	1	0
141.519	0.000	trigger_11	11	141519	Trigger-In:11	27	fixation_point_on	staircase	8	red	left	aware	1	0
142.119	0.000	trigger_21	21	142119	Trigger-In:21	27	grating_on	staircase	8	red	left	aware	1	0
142.169	0.000	trigger_20	20	142169	Trigger-In:20	27	grating_off	staircase	8	red	left	aware	1	0
142.769	0.000	trigger_31	31	142769	Trigger-In:31	27	targets_on_fp_color_change	staircase	8	red	left	aware	1	0
143.654	0.000	trigger_201	201	143654	Trigger-In:201	27	trial_end_completed	staircase	8	red	left	aware	1	0
144.729	0.000	trigger_101	101	144729	Trigger-In:101	28	trial_start	staircase	7	green	n/a	n/a	0	0
146.964	0.000	trigger_101	101	146964	Trigger-In:101	29	trial_start	staircase	7	red	right	unaware	1	0
147.069	0.000	trigger_11	11	147069	Trigger-In:11	29	fixation_point_on	staircase	7	red	right	unaware	1	0
147.669	0.000	trigger_21	21	147669	Trigger-In:21	29	grating_on	staircase	7	red	right	unaware	1	0
147.719	0.000	trigger_20	20	147719	Trigger-In:20	29	grating_off	staircase	7	red	right	unaware	1	0
148.319	0.000	trigger_31	31	148319	Trigger-In:31	29	targets_on_fp_color_change	staircase	7	red	right	unaware	1	0
149.894	0.000	trigger_201	201	149894	Trigger-In:201	29	trial_end_completed	staircase	7	red	right	unaware	1	0
150.974	0.000	trigger_101	101	150974	Trigger-In:101	30	trial_start	staircase	8	green	left	unaware	1	0
151.079	0.000	trigger_11	11	151079	Trigger-In:11	30	fixation_point_on	staircase	8	green	left	unaware	1	0
151.679	0.000	trigger_21	21	151679	Trigger-In:21	30	grating_on	staircase	8	green	left	unaware	1	0
151.729	0.000	trigger_20	20	151729	Trigger-In:20	30	grating_off	staircase	8	green	left	unaware	1	0
152.329	0.000	trigger_31	31	152329	Trigger-In:31	30	targets_on_fp_color_change	staircase	8	green	left	unaware	1	0
153.294	0.000	trigger_201	201	153294	Trigger-In:201	30	trial_end_completed	staircase	8	green	left	unaware	1	0
154.369	0.000	trigger_101	101	154369	Trigger-In:101	31	trial_start	staircase	9	red	right	unaware	1	0
154.474	0.000	trigger_11	11	154474	Trigger-In:11	31	fixation_point_on	staircase	9	red	right	unaware	1	0
155.074	0.000	trigger_21	21	155074	Trigger-In:21	31	grating_on	staircase	9	red	right	unaware	1	0
155.124	0.000	trigger_20	20	155124	Trigger-In:20	31	grating_off	staircase	9	red	right	unaware	1	0
155.724	0.000	trigger_31	31	155724	Trigger-In:31	31	targets_on_fp_color_change	staircase	9	red	right	unaware	1	0
156.804	0.000	trigger_201	201	156804	Trigger-In:201	31	trial_end_completed	staircase	9	red	right	unaware	1	0
157.879	0.000	trigger_101	101	157879	Trigger-In:101	32	trial_start	staircase	10	red	left	aware	1	0
157.984	0.000	trigger_11	11	157984	Trigger-In:11	32	fixation_point_on	staircase	10	red	left	aware	1	0
158.584	0.000	trigger_21	21	158584	Trigger-In:21	32	grating_on	staircase	10	red	left	aware	1	0
158.639	0.000	trigger_20	20	158639	Trigger-In:20	32	grating_off	staircase	10	red	left	aware	1	0
159.239	0.000	trigger_31	31	159239	Trigger-In:31	32	targets_on_fp_color_change	staircase	10	red	left	aware	1	0
160.239	0.000	trigger_201	201	160239	Trigger-In:201	32	trial_end_completed	staircase	10	red	left	aware	1	0
161.314	0.000	trigger_101	101	161314	Trigger-In:101	33	trial_start	staircase	9	green	right	aware	1	0
161.424	0.000	trigger_11	11	161424	Trigger-In:11	33	fixation_point_on	staircase	9	green	right	aware	1	0
162.024	0.000	trigger_21	21	162024	Trigger-In:21	33	grating_on	staircase	9	green	right	aware	1	0
162.074	0.000	trigger_20	20	162074	Trigger-In:20	33	grating_off	staircase	9	green	right	aware	1	0
162.674	0.000	trigger_31	31	162674	Trigger-In:31	33	targets_on_fp_color_change	staircase	9	green	right	aware	1	0
163.479	0.000	trigger_201	201	163479	Trigger-In:201	33	trial_end_completed	staircase	9	green	right	aware	1	0
164.554	0.000	trigger_101	101	164554	Trigger-In:101	34	trial_start	absent	70	red	left	aware	1	0
164.659	0.000	trigger_11	11	164659	Trigger-In:11	34	fixation_point_on	absent	70	red	left	aware	1	0
165.259	0.000	trigger_21	21	165259	Trigger-In:21	34	grating_on	absent	70	red	left	aware	1	0
165.314	0.000	trigger_20	20	165314	Trigger-In:20	34	grating_off	absent	70	red	left	aware	1	0
165.914	0.000	trigger_31	31	165914	Trigger-In:31	34	targets_on_fp_color_change	absent	70	red	left	aware	1	0
166.709	0.000	trigger_201	201	166709	Trigger-In:201	34	trial_end_completed	absent	70	red	left	aware	1	0
167.789	0.000	trigger_101	101	167789	Trigger-In:101	35	trial_start	staircase	8	red	left	aware	1	0
167.889	0.000	trigger_11	11	167889	Trigger-In:11	35	fixation_point_on	staircase	8	red	left	aware	1	0
168.489	0.000	trigger_21	21	168489	Trigger-In:21	35	grating_on	staircase	8	red	left	aware	1	0
168.544	0.000	trigger_20	20	168544	Trigger-In:20	35	grating_off	staircase	8	red	left	aware	1	0
169.144	0.000	trigger_31	31	169144	Trigger-In:31	35	targets_on_fp_color_change	staircase	8	red	left	aware	1	0
169.874	0.000	trigger_201	201	169874	Trigger-In:201	35	trial_end_completed	staircase	8	red	left	aware	1	0
170.949	0.000	trigger_101	101	170949	Trigger-In:101	36	trial_start	staircase	7	red	right	unaware	1	0
171.054	0.000	trigger_11	11	171054	Trigger-In:11	36	fixation_point_on	staircase	7	red	right	unaware	1	0
171.654	0.000	trigger_21	21	171654	Trigger-In:21	36	grating_on	staircase	7	red	right	unaware	1	0
171.704	0.000	trigger_20	20	171704	Trigger-In:20	36	grating_off	staircase	7	red	right	unaware	1	0
172.304	0.000	trigger_31	31	172304	Trigger-In:31	36	targets_on_fp_color_change	staircase	7	red	right	unaware	1	0
173.239	0.000	trigger_201	201	173239	Trigger-In:201	36	trial_end_completed	staircase	7	red	right	unaware	1	0
174.314	0.000	trigger_101	101	174314	Trigger-In:101	37	trial_start	staircase	8	green	right	aware	1	0
174.419	0.000	trigger_11	11	174419	Trigger-In:11	37	fixation_point_on	staircase	8	green	right	aware	1	0
175.019	0.000	trigger_21	21	175019	Trigger-In:21	37	grating_on	staircase	8	green	right	aware	1	0
175.069	0.000	trigger_20	20	175069	Trigger-In:20	37	grating_off	staircase	8	green	right	aware	1	0
175.669	0.000	trigger_31	31	175669	Trigger-In:31	37	targets_on_fp_color_change	staircase	8	green	right	aware	1	0
176.349	0.000	trigger_201	201	176349	Trigger-In:201	37	trial_end_completed	staircase	8	green	right	aware	1	0
177.424	0.000	trigger_101	101	177424	Trigger-In:101	38	trial_start	staircase	7	green	right	aware	1	0
177.529	0.000	trigger_11	11	177529	Trigger-In:11	38	fixation_point_on	staircase	7	green	right	aware	1	0
178.129	0.000	trigger_21	21	178129	Trigger-In:21	38	grating_on	staircase	7	green	right	aware	1	0
178.179	0.000	trigger_20	20	178179	Trigger-In:20	38	grating_off	staircase	7	green	right	aware	1	0
178.779	0.000	trigger_31	31	178779	Trigger-In:31	38	targets_on_fp_color_change	staircase	7	green	right	aware	1	0
179.509	0.000	trigger_201	201	179509	Trigger-In:201	38	trial_end_completed	staircase	7	green	right	aware	1	0
180.584	0.000	trigger_101	101	180584	Trigger-In:101	39	trial_start	staircase	6	red	right	unaware	1	0
180.689	0.000	trigger_11	11	180689	Trigger-In:11	39	fixation_point_on	staircase	6	red	right	unaware	1	0
181.289	0.000	trigger_21	21	181289	Trigger-In:21	39	grating_on	staircase	6	red	right	unaware	1	0
181.344	0.000	trigger_20	20	181344	Trigger-In:20	39	grating_off	staircase	6	red	right	unaware	1	0
181.944	0.000	trigger_31	31	181944	Trigger-In:31	39	targets_on_fp_color_change	staircase	6	red	right	unaware	1	0
182.954	0.000	trigger_201	201	182954	Trigger-In:201	39	trial_end_completed	staircase	6	red	right	unaware	1	0
184.029	0.000	trigger_101	101	184029	Trigger-In:101	40	trial_start	staircase	7	green	left	unaware	1	0
184.134	0.000	trigger_11	11	184134	Trigger-In:11	40	fixation_point_on	staircase	7	green	left	unaware	1	0
184.734	0.000	trigger_21	21	184734	Trigger-In:21	40	grating_on	staircase	7	green	left	unaware	1	0
184.784	0.000	trigger_20	20	184784	Trigger-In:20	40	grating_off	staircase	7	green	left	unaware	1	0
185.384	0.000	trigger_31	31	185384	Trigger-In:31	40	targets_on_fp_color_change	staircase	7	green	left	unaware	1	0
186.119	0.000	trigger_201	201	186119	Trigger-In:201	40	trial_end_completed	staircase	7	green	left	unaware	1	0
187.194	0.000	trigger_101	101	187194	Trigger-In:101	41	trial_start	salient	0	red	right	unaware	1	0
187.299	0.000	trigger_11	11	187299	Trigger-In:11	41	fixation_point_on	salient	0	red	right	unaware	1	0
187.904	0.000	trigger_21	21	187904	Trigger-In:21	41	grating_on	salient	0	red	right	unaware	1	0
187.954	0.000	trigger_20	20	187954	Trigger-In:20	41	grating_off	salient	0	red	right	unaware	1	0
188.554	0.000	trigger_31	31	188554	Trigger-In:31	41	targets_on_fp_color_change	salient	0	red	right	unaware	1	0
189.459	0.000	trigger_201	201	189459	Trigger-In:201	41	trial_end_completed	salient	0	red	right	unaware	1	0
190.534	0.000	trigger_101	101	190534	Trigger-In:101	42	trial_start	staircase	8	red	right	unaware	1	0
190.639	0.000	trigger_11	11	190639	Trigger-In:11	42	fixation_point_on	staircase	8	red	right	unaware	1	0
191.239	0.000	trigger_21	21	191239	Trigger-In:21	42	grating_on	staircase	8	red	right	unaware	1	0
191.289	0.000	trigger_20	20	191289	Trigger-In:20	42	grating_off	staircase	8	red	right	unaware	1	0
191.889	0.000	trigger_31	31	191889	Trigger-In:31	42	targets_on_fp_color_change	staircase	8	red	right	unaware	1	0
192.909	0.000	trigger_201	201	192909	Trigger-In:201	42	trial_end_completed	staircase	8	red	right	unaware	1	0
193.984	0.000	trigger_101	101	193984	Trigger-In:101	43	trial_start	staircase	9	green	right	aware	1	0
194.089	0.000	trigger_11	11	194089	Trigger-In:11	43	fixation_point_on	staircase	9	green	right	aware	1	0
194.689	0.000	trigger_21	21	194689	Trigger-In:21	43	grating_on	staircase	9	green	right	aware	1	0
194.744	0.000	trigger_20	20	194744	Trigger-In:20	43	grating_off	staircase	9	green	right	aware	1	0
195.344	0.000	trigger_31	31	195344	Trigger-In:31	43	targets_on_fp_color_change	staircase	9	green	right	aware	1	0
196.199	0.000	trigger_201	201	196199	Trigger-In:201	43	trial_end_completed	staircase	9	green	right	aware	1	0
197.274	0.000	trigger_101	101	197274	Trigger-In:101	44	trial_start	staircase	8	green	left	unaware	1	0
197.379	0.000	trigger_11	11	197379	Trigger-In:11	44	fixation_point_on	staircase	8	green	left	unaware	1	0
197.979	0.000	trigger_21	21	197979	Trigger-In:21	44	grating_on	staircase	8	green	left	unaware	1	0
198.029	0.000	trigger_20	20	198029	Trigger-In:20	44	grating_off	staircase	8	green	left	unaware	1	0
198.629	0.000	trigger_31	31	198629	Trigger-In:31	44	targets_on_fp_color_change	staircase	8	green	left	unaware	1	0
199.629	0.000	trigger_201	201	199629	Trigger-In:201	44	trial_end_completed	staircase	8	green	left	unaware	1	0
200.704	0.000	trigger_101	101	200704	Trigger-In:101	45	trial_start	staircase	9	red	right	unaware	1	0
200.814	0.000	trigger_11	11	200814	Trigger-In:11	45	fixation_point_on	staircase	9	red	right	unaware	1	0
201.414	0.000	trigger_21	21	201414	Trigger-In:21	45	grating_on	staircase	9	red	right	unaware	1	0
201.464	0.000	trigger_20	20	201464	Trigger-In:20	45	grating_off	staircase	9	red	right	unaware	1	0
202.064	0.000	trigger_31	31	202064	Trigger-In:31	45	targets_on_fp_color_change	staircase	9	red	right	unaware	1	0
203.374	0.000	trigger_201	201	203374	Trigger-In:201	45	trial_end_completed	staircase	9	red	right	unaware	1	0
204.449	0.000	trigger_101	101	204449	Trigger-In:101	46	trial_start	staircase	10	red	right	unaware	1	0
204.554	0.000	trigger_11	11	204554	Trigger-In:11	46	fixation_point_on	staircase	10	red	right	unaware	1	0
205.154	0.000	trigger_21	21	205154	Trigger-In:21	46	grating_on	staircase	10	red	right	unaware	1	0
205.204	0.000	trigger_20	20	205204	Trigger-In:20	46	grating_off	staircase	10	red	right	unaware	1	0
205.804	0.000	trigger_31	31	205804	Trigger-In:31	46	targets_on_fp_color_change	staircase	10	red	right	unaware	1	0
207.669	0.000	trigger_201	201	207669	Trigger-In:201	46	trial_end_completed	staircase	10	red	right	unaware	1	0
208.749	0.000	trigger_101	101	208749	Trigger-In:101	47	trial_start	staircase	11	green	right	aware	1	0
208.854	0.000	trigger_11	11	208854	Trigger-In:11	47	fixation_point_on	staircase	11	green	right	aware	1	0
209.454	0.000	trigger_21	21	209454	Trigger-In:21	47	grating_on	staircase	11	green	right	aware	1	0
209.504	0.000	trigger_20	20	209504	Trigger-In:20	47	grating_off	staircase	11	green	right	aware	1	0
210.104	0.000	trigger_31	31	210104	Trigger-In:31	47	targets_on_fp_color_change	staircase	11	green	right	aware	1	0
210.734	0.000	trigger_201	201	210734	Trigger-In:201	47	trial_end_completed	staircase	11	green	right	aware	1	0
211.809	0.000	trigger_101	101	211809	Trigger-In:101	48	trial_start	salient	0	green	left	unaware	1	0
211.914	0.000	trigger_11	11	211914	Trigger-In:11	48	fixation_point_on	salient	0	green	left	unaware	1	0
212.514	0.000	trigger_21	21	212514	Trigger-In:21	48	grating_on	salient	0	green	left	unaware	1	0
212.564	0.000	trigger_20	20	212564	Trigger-In:20	48	grating_off	salient	0	green	left	unaware	1	0
213.164	0.000	trigger_31	31	213164	Trigger-In:31	48	targets_on_fp_color_change	salient	0	green	left	unaware	1	0
214.129	0.000	trigger_201	201	214129	Trigger-In:201	48	trial_end_completed	salient	0	green	left	unaware	1	0
215.204	0.000	trigger_101	101	215204	Trigger-In:101	49	trial_start	staircase	10	red	left	aware	1	0
215.309	0.000	trigger_11	11	215309	Trigger-In:11	49	fixation_point_on	staircase	10	red	left	aware	1	0
215.909	0.000	trigger_21	21	215909	Trigger-In:21	49	grating_on	staircase	10	red	left	aware	1	0
215.959	0.000	trigger_20	20	215959	Trigger-In:20	49	grating_off	staircase	10	red	left	aware	1	0
216.559	0.000	trigger_31	31	216559	Trigger-In:31	49	targets_on_fp_color_change	staircase	10	red	left	aware	1	0
217.539	0.000	trigger_201	201	217539	Trigger-In:201	49	trial_end_completed	staircase	10	red	left	aware	1	0
218.614	0.000	trigger_101	101	218614	Trigger-In:101	50	trial_start	staircase	9	green	right	aware	1	0
218.719	0.000	trigger_11	11	218719	Trigger-In:11	50	fixation_point_on	staircase	9	green	right	aware	1	0
219.319	0.000	trigger_21	21	219319	Trigger-In:21	50	grating_on	staircase	9	green	right	aware	1	0
219.374	0.000	trigger_20	20	219374	Trigger-In:20	50	grating_off	staircase	9	green	right	aware	1	0
219.974	0.000	trigger_31	31	219974	Trigger-In:31	50	targets_on_fp_color_change	staircase	9	green	right	aware	1	0
221.979	0.000	trigger_201	201	221979	Trigger-In:201	50	trial_end_completed	staircase	9	green	right	aware	1	0
223.054	0.000	trigger_101	101	223054	Trigger-In:101	51	trial_start	staircase	8	green	left	unaware	1	0
223.159	0.000	trigger_11	11	223159	Trigger-In:11	51	fixation_point_on	staircase	8	green	left	unaware	1	0
223.759	0.000	trigger_21	21	223759	Trigger-In:21	51	grating_on	staircase	8	green	left	unaware	1	0
223.809	0.000	trigger_20	20	223809	Trigger-In:20	51	grating_off	staircase	8	green	left	unaware	1	0
224.414	0.000	trigger_31	31	224414	Trigger-In:31	51	targets_on_fp_color_change	staircase	8	green	left	unaware	1	0
225.494	0.000	trigger_201	201	225494	Trigger-In:201	51	trial_end_completed	staircase	8	green	left	unaware	1	0
226.574	0.000	trigger_101	101	226574	Trigger-In:101	52	trial_start	staircase	9	red	right	unaware	1	0
226.679	0.000	trigger_11	11	226679	Trigger-In:11	52	fixation_point_on	staircase	9	red	right	unaware	1	0
227.279	0.000	trigger_21	21	227279	Trigger-In:21	52	grating_on	staircase	9	red	right	unaware	1	0
227.329	0.000	trigger_20	20	227329	Trigger-In:20	52	grating_off	staircase	9	red	right	unaware	1	0
227.929	0.000	trigger_31	31	227929	Trigger-In:31	52	targets_on_fp_color_change	staircase	9	red	right	unaware	1	0
229.119	0.000	trigger_201	201	229119	Trigger-In:201	52	trial_end_completed	staircase	9	red	right	unaware	1	0
230.199	0.000	trigger_101	101	230199	Trigger-In:101	53	trial_start	salient	0	red	right	unaware	1	0
230.459	0.000	trigger_11	11	230459	Trigger-In:11	53	fixation_point_on	salient	0	red	right	unaware	1	0
231.059	0.000	trigger_21	21	231059	Trigger-In:21	53	grating_on	salient	0	red	right	unaware	1	0
231.109	0.000	trigger_20	20	231109	Trigger-In:20	53	grating_off	salient	0	red	right	unaware	1	0
231.714	0.000	trigger_31	31	231714	Trigger-In:31	53	targets_on_fp_color_change	salient	0	red	right	unaware	1	0
233.064	0.000	trigger_201	201	233064	Trigger-In:201	53	trial_end_completed	salient	0	red	right	unaware	1	0
234.144	0.000	trigger_101	101	234144	Trigger-In:101	54	trial_start	absent	70	red	left	aware	1	0
234.249	0.000	trigger_11	11	234249	Trigger-In:11	54	fixation_point_on	absent	70	red	left	aware	1	0
234.849	0.000	trigger_21	21	234849	Trigger-In:21	54	grating_on	absent	70	red	left	aware	1	0
234.899	0.000	trigger_20	20	234899	Trigger-In:20	54	grating_off	absent	70	red	left	aware	1	0
235.499	0.000	trigger_31	31	235499	Trigger-In:31	54	targets_on_fp_color_change	absent	70	red	left	aware	1	0
236.259	0.000	trigger_201	201	236259	Trigger-In:201	54	trial_end_completed	absent	70	red	left	aware	1	0
237.334	0.000	trigger_101	101	237334	Trigger-In:101	55	trial_start	absent	70	red	right	unaware	1	0
237.439	0.000	trigger_11	11	237439	Trigger-In:11	55	fixation_point_on	absent	70	red	right	unaware	1	0
238.039	0.000	trigger_21	21	238039	Trigger-In:21	55	grating_on	absent	70	red	right	unaware	1	0
238.089	0.000	trigger_20	20	238089	Trigger-In:20	55	grating_off	absent	70	red	right	unaware	1	0
238.689	0.000	trigger_31	31	238689	Trigger-In:31	55	targets_on_fp_color_change	absent	70	red	right	unaware	1	0
240.174	0.000	trigger_201	201	240174	Trigger-In:201	55	trial_end_completed	absent	70	red	right	unaware	1	0
241.514	0.000	trigger_101	101	241514	Trigger-In:101	56	trial_start	salient	0	green	left	unaware	1	0
241.619	0.000	trigger_11	11	241619	Trigger-In:11	56	fixation_point_on	salient	0	green	left	unaware	1	0
242.219	0.000	trigger_21	21	242219	Trigger-In:21	56	grating_on	salient	0	green	left	unaware	1	0
242.269	0.000	trigger_20	20	242269	Trigger-In:20	56	grating_off	salient	0	green	left	unaware	1	0
242.869	0.000	trigger_31	31	242869	Trigger-In:31	56	targets_on_fp_color_change	salient	0	green	left	unaware	1	0
244.109	0.000	trigger_201	201	244109	Trigger-In:201	56	trial_end_completed	salient	0	green	left	unaware	1	0
245.189	0.000	trigger_101	101	245189	Trigger-In:101	57	trial_start	salient	0	red	right	unaware	1	0
245.289	0.000	trigger_11	11	245289	Trigger-In:11	57	fixation_point_on	salient	0	red	right	unaware	1	0
245.894	0.000	trigger_21	21	245894	Trigger-In:21	57	grating_on	salient	0	red	right	unaware	1	0
245.944	0.000	trigger_20	20	245944	Trigger-In:20	57	grating_off	salient	0	red	right	unaware	1	0
246.544	0.000	trigger_31	31	246544	Trigger-In:31	57	targets_on_fp_color_change	salient	0	red	right	unaware	1	0
247.629	0.000	trigger_201	201	247629	Trigger-In:201	57	trial_end_completed	salient	0	red	right	unaware	1	0
248.704	0.000	trigger_101	101	248704	Trigger-In:101	58	trial_start	staircase	10	red	left	aware	1	0
248.809	0.000	trigger_11	11	248809	Trigger-In:11	58	fixation_point_on	staircase	10	red	left	aware	1	0
249.409	0.000	trigger_21	21	249409	Trigger-In:21	58	grating_on	staircase	10	red	left	aware	1	0
249.459	0.000	trigger_20	20	249459	Trigger-In:20	58	grating_off	staircase	10	red	left	aware	1	0
250.059	0.000	trigger_31	31	250059	Trigger-In:31	58	targets_on_fp_color_change	staircase	10	red	left	aware	1	0
251.159	0.000	trigger_201	201	251159	Trigger-In:201	58	trial_end_completed	staircase	10	red	left	aware	1	0
252.234	0.000	trigger_101	101	252234	Trigger-In:101	59	trial_start	staircase	9	red	right	unaware	1	0
252.339	0.000	trigger_11	11	252339	Trigger-In:11	59	fixation_point_on	staircase	9	red	right	unaware	1	0
252.939	0.000	trigger_21	21	252939	Trigger-In:21	59	grating_on	staircase	9	red	right	unaware	1	0
252.989	0.000	trigger_20	20	252989	Trigger-In:20	59	grating_off	staircase	9	red	right	unaware	1	0
253.589	0.000	trigger_31	31	253589	Trigger-In:31	59	targets_on_fp_color_change	staircase	9	red	right	unaware	1	0
254.674	0.000	trigger_201	201	254674	Trigger-In:201	59	trial_end_completed	staircase	9	red	right	unaware	1	0
255.754	0.000	trigger_101	101	255754	Trigger-In:101	60	trial_start	staircase	10	red	left	aware	1	0
255.859	0.000	trigger_11	11	255859	Trigger-In:11	60	fixation_point_on	staircase	10	red	left	aware	1	0
256.459	0.000	trigger_21	21	256459	Trigger-In:21	60	grating_on	staircase	10	red	left	aware	1	0
256.509	0.000	trigger_20	20	256509	Trigger-In:20	60	grating_off	staircase	10	red	left	aware	1	0
257.114	0.000	trigger_31	31	257114	Trigger-In:31	60	targets_on_fp_color_change	staircase	10	red	left	aware	1	0
258.069	0.000	trigger_201	201	258069	Trigger-In:201	60	trial_end_completed	staircase	10	red	left	aware	1	0
259.144	0.000	trigger_101	101	259144	Trigger-In:101	61	trial_start	absent	70	green	right	aware	1	0
259.249	0.000	trigger_11	11	259249	Trigger-In:11	61	fixation_point_on	absent	70	green	right	aware	1	0
259.849	0.000	trigger_21	21	259849	Trigger-In:21	61	grating_on	absent	70	green	right	aware	1	0
259.899	0.000	trigger_20	20	259899	Trigger-In:20	61	grating_off	absent	70	green	right	aware	1	0
260.504	0.000	trigger_31	31	260504	Trigger-In:31	61	targets_on_fp_color_change	absent	70	green	right	aware	1	0
261.164	0.000	trigger_201	201	261164	Trigger-In:201	61	trial_end_completed	absent	70	green	right	aware	1	0
262.239	0.000	trigger_101	101	262239	Trigger-In:101	62	trial_start	staircase	9	red	right	unaware	1	0
262.344	0.000	trigger_11	11	262344	Trigger-In:11	62	fixation_point_on	staircase	9	red	right	unaware	1	0
262.944	0.000	trigger_21	21	262944	Trigger-In:21	62	grating_on	staircase	9	red	right	unaware	1	0
262.994	0.000	trigger_20	20	262994	Trigger-In:20	62	grating_off	staircase	9	red	right	unaware	1	0
263.594	0.000	trigger_31	31	263594	Trigger-In:31	62	targets_on_fp_color_change	staircase	9	red	right	unaware	1	0
265.749	0.000	trigger_201	201	265749	Trigger-In:201	62	trial_end_completed	staircase	9	red	right	unaware	1	0
266.824	0.000	trigger_101	101	266824	Trigger-In:101	63	trial_start	absent	70	green	right	aware	1	0
266.929	0.000	trigger_11	11	266929	Trigger-In:11	63	fixation_point_on	absent	70	green	right	aware	1	0
267.529	0.000	trigger_21	21	267529	Trigger-In:21	63	grating_on	absent	70	green	right	aware	1	0
267.579	0.000	trigger_20	20	267579	Trigger-In:20	63	grating_off	absent	70	green	right	aware	1	0
268.179	0.000	trigger_31	31	268179	Trigger-In:31	63	targets_on_fp_color_change	absent	70	green	right	aware	1	0
269.139	0.000	trigger_201	201	269139	Trigger-In:201	63	trial_end_completed	absent	70	green	right	aware	1	0
270.214	0.000	trigger_101	101	270214	Trigger-In:101	64	trial_start	staircase	10	red	left	aware	1	0
270.324	0.000	trigger_11	11	270324	Trigger-In:11	64	fixation_point_on	staircase	10	red	left	aware	1	0
270.924	0.000	trigger_21	21	270924	Trigger-In:21	64	grating_on	staircase	10	red	left	aware	1	0
270.974	0.000	trigger_20	20	270974	Trigger-In:20	64	grating_off	staircase	10	red	left	aware	1	0
271.574	0.000	trigger_31	31	271574	Trigger-In:31	64	targets_on_fp_color_change	staircase	10	red	left	aware	1	0
272.589	0.000	trigger_201	201	272589	Trigger-In:201	64	trial_end_completed	staircase	10	red	left	aware	1	0
273.664	0.000	trigger_101	101	273664	Trigger-In:101	65	trial_start	staircase	9	green	right	aware	1	0
273.769	0.000	trigger_11	11	273769	Trigger-In:11	65	fixation_point_on	staircase	9	green	right	aware	1	0
274.369	0.000	trigger_21	21	274369	Trigger-In:21	65	grating_on	staircase	9	green	right	aware	1	0
274.424	0.000	trigger_20	20	274424	Trigger-In:20	65	grating_off	staircase	9	green	right	aware	1	0
275.024	0.000	trigger_31	31	275024	Trigger-In:31	65	targets_on_fp_color_change	staircase	9	green	right	aware	1	0
275.674	0.000	trigger_201	201	275674	Trigger-In:201	65	trial_end_completed	staircase	9	green	right	aware	1	0
276.754	0.000	trigger_101	101	276754	Trigger-In:101	66	trial_start	salient	0	red	right	unaware	1	0
276.859	0.000	trigger_11	11	276859	Trigger-In:11	66	fixation_point_on	salient	0	red	right	unaware	1	0
277.459	0.000	trigger_21	21	277459	Trigger-In:21	66	grating_on	salient	0	red	right	unaware	1	0
277.509	0.000	trigger_20	20	277509	Trigger-In:20	66	grating_off	salient	0	red	right	unaware	1	0
278.109	0.000	trigger_31	31	278109	Trigger-In:31	66	targets_on_fp_color_change	salient	0	red	right	unaware	1	0
279.459	0.000	trigger_201	201	279459	Trigger-In:201	66	trial_end_completed	salient	0	red	right	unaware	1	0
280.534	0.000	trigger_101	101	280534	Trigger-In:101	67	trial_start	salient	0	green	left	unaware	1	0
280.639	0.000	trigger_11	11	280639	Trigger-In:11	67	fixation_point_on	salient	0	green	left	unaware	1	0
281.239	0.000	trigger_21	21	281239	Trigger-In:21	67	grating_on	salient	0	green	left	unaware	1	0
281.294	0.000	trigger_20	20	281294	Trigger-In:20	67	grating_off	salient	0	green	left	unaware	1	0
281.894	0.000	trigger_31	31	281894	Trigger-In:31	67	targets_on_fp_color_change	salient	0	green	left	unaware	1	0
283.139	0.000	trigger_201	201	283139	Trigger-In:201	67	trial_end_completed	salient	0	green	left	unaware	1	0
284.214	0.000	trigger_101	101	284214	Trigger-In:101	68	trial_start	staircase	8	green	left	unaware	1	0
284.319	0.000	trigger_11	11	284319	Trigger-In:11	68	fixation_point_on	staircase	8	green	left	unaware	1	0
284.919	0.000	trigger_21	21	284919	Trigger-In:21	68	grating_on	staircase	8	green	left	unaware	1	0
284.969	0.000	trigger_20	20	284969	Trigger-In:20	68	grating_off	staircase	8	green	left	unaware	1	0
285.569	0.000	trigger_31	31	285569	Trigger-In:31	68	targets_on_fp_color_change	staircase	8	green	left	unaware	1	0
286.654	0.000	trigger_201	201	286654	Trigger-In:201	68	trial_end_completed	staircase	8	green	left	unaware	1	0
287.729	0.000	trigger_101	101	287729	Trigger-In:101	69	trial_start	staircase	9	red	left	aware	1	0
287.834	0.000	trigger_11	11	287834	Trigger-In:11	69	fixation_point_on	staircase	9	red	left	aware	1	0
288.434	0.000	trigger_21	21	288434	Trigger-In:21	69	grating_on	staircase	9	red	left	aware	1	0
288.484	0.000	trigger_20	20	288484	Trigger-In:20	69	grating_off	staircase	9	red	left	aware	1	0
289.084	0.000	trigger_31	31	289084	Trigger-In:31	69	targets_on_fp_color_change	staircase	9	red	left	aware	1	0
290.119	0.000	trigger_201	201	290119	Trigger-In:201	69	trial_end_completed	staircase	9	red	left	aware	1	0
291.199	0.000	trigger_101	101	291199	Trigger-In:101	70	trial_start	staircase	8	green	right	aware	1	0
291.304	0.000	trigger_11	11	291304	Trigger-In:11	70	fixation_point_on	staircase	8	green	right	aware	1	0
291.904	0.000	trigger_21	21	291904	Trigger-In:21	70	grating_on	staircase	8	green	right	aware	1	0
291.954	0.000	trigger_20	20	291954	Trigger-In:20	70	grating_off	staircase	8	green	right	aware	1	0
292.554	0.000	trigger_31	31	292554	Trigger-In:31	70	targets_on_fp_color_change	staircase	8	green	right	aware	1	0
293.339	0.000	trigger_201	201	293339	Trigger-In:201	70	trial_end_completed	staircase	8	green	right	aware	1	0
294.414	0.000	trigger_101	101	294414	Trigger-In:101	71	trial_start	salient	0	red	right	unaware	1	0
294.519	0.000	trigger_11	11	294519	Trigger-In:11	71	fixation_point_on	salient	0	red	right	unaware	1	0
295.119	0.000	trigger_21	21	295119	Trigger-In:21	71	grating_on	salient	0	red	right	unaware	1	0
295.169	0.000	trigger_20	20	295169	Trigger-In:20	71	grating_off	salient	0	red	right	unaware	1	0
295.769	0.000	trigger_31	31	295769	Trigger-In:31	71	targets_on_fp_color_change	salient	0	red	right	unaware	1	0
296.924	0.000	trigger_201	201	296924	Trigger-In:201	71	trial_end_completed	salient	0	red	right	unaware	1	0
297.999	0.000	trigger_101	101	297999	Trigger-In:101	72	trial_start	staircase	7	red	right	unaware	1	0
298.104	0.000	trigger_11	11	298104	Trigger-In:11	72	fixation_point_on	staircase	7	red	right	unaware	1	0
298.704	0.000	trigger_21	21	298704	Trigger-In:21	72	grating_on	staircase	7	red	right	unaware	1	0
298.754	0.000	trigger_20	20	298754	Trigger-In:20	72	grating_off	staircase	7	red	right	unaware	1	0
299.354	0.000	trigger_31	31	299354	Trigger-In:31	72	targets_on_fp_color_change	staircase	7	red	right	unaware	1	0
301.279	0.000	trigger_201	201	301279	Trigger-In:201	72	trial_end_completed	staircase	7	red	right	unaware	1	0
302.359	0.000	trigger_101	101	302359	Trigger-In:101	73	trial_start	salient	0	red	right	unaware	1	0
302.459	0.000	trigger_11	11	302459	Trigger-In:11	73	fixation_point_on	salient	0	red	right	unaware	1	0
303.059	0.000	trigger_21	21	303059	Trigger-In:21	73	grating_on	salient	0	red	right	unaware	1	0
303.114	0.000	trigger_20	20	303114	Trigger-In:20	73	grating_off	salient	0	red	right	unaware	1	0
303.714	0.000	trigger_31	31	303714	Trigger-In:31	73	targets_on_fp_color_change	salient	0	red	right	unaware	1	0
304.484	0.000	trigger_201	201	304484	Trigger-In:201	73	trial_end_completed	salient	0	red	right	unaware	1	0
305.559	0.000	trigger_101	101	305559	Trigger-In:101	74	trial_start	staircase	8	green	left	unaware	1	0
305.664	0.000	trigger_11	11	305664	Trigger-In:11	74	fixation_point_on	staircase	8	green	left	unaware	1	0
306.264	0.000	trigger_21	21	306264	Trigger-In:21	74	grating_on	staircase	8	green	left	unaware	1	0
306.314	0.000	trigger_20	20	306314	Trigger-In:20	74	grating_off	staircase	8	green	left	unaware	1	0
306.914	0.000	trigger_31	31	306914	Trigger-In:31	74	targets_on_fp_color_change	staircase	8	green	left	unaware	1	0
307.749	0.000	trigger_201	201	307749	Trigger-In:201	74	trial_end_completed	staircase	8	green	left	unaware	1	0
308.824	0.000	trigger_101	101	308824	Trigger-In:101	75	trial_start	salient	0	red	right	unaware	1	0
308.929	0.000	trigger_11	11	308929	Trigger-In:11	75	fixation_point_on	salient	0	red	right	unaware	1	0
309.529	0.000	trigger_21	21	309529	Trigger-In:21	75	grating_on	salient	0	red	right	unaware	1	0
309.584	0.000	trigger_20	20	309584	Trigger-In:20	75	grating_off	salient	0	red	right	unaware	1	0
310.184	0.000	trigger_31	31	310184	Trigger-In:31	75	targets_on_fp_color_change	salient	0	red	right	unaware	1	0
311.209	0.000	trigger_201	201	311209	Trigger-In:201	75	trial_end_completed	salient	0	red	right	unaware	1	0
312.284	0.000	trigger_101	101	312284	Trigger-In:101	76	trial_start	staircase	9	green	right	aware	1	0
312.389	0.000	trigger_11	11	312389	Trigger-In:11	76	fixation_point_on	staircase	9	green	right	aware	1	0
312.989	0.000	trigger_21	21	312989	Trigger-In:21	76	grating_on	staircase	9	green	right	aware	1	0
313.044	0.000	trigger_20	20	313044	Trigger-In:20	76	grating_off	staircase	9	green	right	aware	1	0
313.644	0.000	trigger_31	31	313644	Trigger-In:31	76	targets_on_fp_color_change	staircase	9	green	right	aware	1	0
314.294	0.000	trigger_201	201	314294	Trigger-In:201	76	trial_end_completed	staircase	9	green	right	aware	1	0
315.369	0.000	trigger_101	101	315369	Trigger-In:101	77	trial_start	salient	0	green	left	unaware	1	0
315.474	0.000	trigger_11	11	315474	Trigger-In:11	77	fixation_point_on	salient	0	green	left	unaware	1	0
316.079	0.000	trigger_21	21	316079	Trigger-In:21	77	grating_on	salient	0	green	left	unaware	1	0
316.129	0.000	trigger_20	20	316129	Trigger-In:20	77	grating_off	salient	0	green	left	unaware	1	0
316.729	0.000	trigger_31	31	316729	Trigger-In:31	77	targets_on_fp_color_change	salient	0	green	left	unaware	1	0
317.789	0.000	trigger_201	201	317789	Trigger-In:201	77	trial_end_completed	salient	0	green	left	unaware	1	0
318.864	0.000	trigger_101	101	318864	Trigger-In:101	78	trial_start	staircase	8	red	right	unaware	1	0
318.969	0.000	trigger_11	11	318969	Trigger-In:11	78	fixation_point_on	staircase	8	red	right	unaware	1	0
319.569	0.000	trigger_21	21	319569	Trigger-In:21	78	grating_on	staircase	8	red	right	unaware	1	0
319.619	0.000	trigger_20	20	319619	Trigger-In:20	78	grating_off	staircase	8	red	right	unaware	1	0
320.219	0.000	trigger_31	31	320219	Trigger-In:31	78	targets_on_fp_color_change	staircase	8	red	right	unaware	1	0
321.254	0.000	trigger_201	201	321254	Trigger-In:201	78	trial_end_completed	staircase	8	red	right	unaware	1	0
322.334	0.000	trigger_101	101	322334	Trigger-In:101	79	trial_start	staircase	9	red	right	unaware	1	0
322.439	0.000	trigger_11	11	322439	Trigger-In:11	79	fixation_point_on	staircase	9	red	right	unaware	1	0
323.039	0.000	trigger_21	21	323039	Trigger-In:21	79	grating_on	staircase	9	red	right	unaware	1	0
323.089	0.000	trigger_20	20	323089	Trigger-In:20	79	grating_off	staircase	9	red	right	unaware	1	0
323.689	0.000	trigger_31	31	323689	Trigger-In:31	79	targets_on_fp_color_change	staircase	9	red	right	unaware	1	0
325.014	0.000	trigger_201	201	325014	Trigger-In:201	79	trial_end_completed	staircase	9	red	right	unaware	1	0
326.089	0.000	trigger_101	101	326089	Trigger-In:101	80	trial_start	absent	70	green	right	aware	1	0
326.194	0.000	trigger_11	11	326194	Trigger-In:11	80	fixation_point_on	absent	70	green	right	aware	1	0
326.794	0.000	trigger_21	21	326794	Trigger-In:21	80	grating_on	absent	70	green	right	aware	1	0
326.844	0.000	trigger_20	20	326844	Trigger-In:20	80	grating_off	absent	70	green	right	aware	1	0
327.444	0.000	trigger_31	31	327444	Trigger-In:31	80	targets_on_fp_color_change	absent	70	green	right	aware	1	0
328.289	0.000	trigger_201	201	328289	Trigger-In:201	80	trial_end_completed	absent	70	green	right	aware	1	0
329.364	0.000	trigger_101	101	329364	Trigger-In:101	81	trial_start	staircase	10	green	right	aware	1	0
329.469	0.000	trigger_11	11	329469	Trigger-In:11	81	fixation_point_on	staircase	10	green	right	aware	1	0
330.069	0.000	trigger_21	21	330069	Trigger-In:21	81	grating_on	staircase	10	green	right	aware	1	0
330.119	0.000	trigger_20	20	330119	Trigger-In:20	81	grating_off	staircase	10	green	right	aware	1	0
330.719	0.000	trigger_31	31	330719	Trigger-In:31	81	targets_on_fp_color_change	staircase	10	green	right	aware	1	0
331.399	0.000	trigger_201	201	331399	Trigger-In:201	81	trial_end_completed	staircase	10	green	right	aware	1	0
332.479	0.000	trigger_101	101	332479	Trigger-In:101	82	trial_start	staircase	9	green	right	aware	1	0
332.584	0.000	trigger_11	11	332584	Trigger-In:11	82	fixation_point_on	staircase	9	green	right	aware	1	0
333.184	0.000	trigger_21	21	333184	Trigger-In:21	82	grating_on	staircase	9	green	right	aware	1	0
333.234	0.000	trigger_20	20	333234	Trigger-In:20	82	grating_off	staircase	9	green	right	aware	1	0
333.834	0.000	trigger_31	31	333834	Trigger-In:31	82	targets_on_fp_color_change	staircase	9	green	right	aware	1	0
334.529	0.000	trigger_201	201	334529	Trigger-In:201	82	trial_end_completed	staircase	9	green	right	aware	1	0
335.604	0.000	trigger_101	101	335604	Trigger-In:101	83	trial_start	staircase	8	red	left	aware	1	0
335.709	0.000	trigger_11	11	335709	Trigger-In:11	83	fixation_point_on	staircase	8	red	left	aware	1	0
336.309	0.000	trigger_21	21	336309	Trigger-In:21	83	grating_on	staircase	8	red	left	aware	1	0
336.359	0.000	trigger_20	20	336359	Trigger-In:20	83	grating_off	staircase	8	red	left	aware	1	0
336.959	0.000	trigger_31	31	336959	Trigger-In:31	83	targets_on_fp_color_change	staircase	8	red	left	aware	1	0
337.694	0.000	trigger_201	201	337694	Trigger-In:201	83	trial_end_completed	staircase	8	red	left	aware	1	0
338.774	0.000	trigger_101	101	338774	Trigger-In:101	84	trial_start	staircase	7	green	left	unaware	1	0
338.879	0.000	trigger_11	11	338879	Trigger-In:11	84	fixation_point_on	staircase	7	green	left	unaware	1	0
339.479	0.000	trigger_21	21	339479	Trigger-In:21	84	grating_on	staircase	7	green	left	unaware	1	0
339.529	0.000	trigger_20	20	339529	Trigger-In:20	84	grating_off	staircase	7	green	left	unaware	1	0
340.129	0.000	trigger_31	31	340129	Trigger-In:31	84	targets_on_fp_color_change	staircase	7	green	left	unaware	1	0
341.154	0.000	trigger_201	201	341154	Trigger-In:201	84	trial_end_completed	staircase	7	green	left	unaware	1	0
342.229	0.000	trigger_101	101	342229	Trigger-In:101	85	trial_start	staircase	8	green	left	unaware	1	0
342.334	0.000	trigger_11	11	342334	Trigger-In:11	85	fixation_point_on	staircase	8	green	left	unaware	1	0
342.934	0.000	trigger_21	21	342934	Trigger-In:21	85	grating_on	staircase	8	green	left	unaware	1	0
342.984	0.000	trigger_20	20	342984	Trigger-In:20	85	grating_off	staircase	8	green	left	unaware	1	0
343.589	0.000	trigger_31	31	343589	Trigger-In:31	85	targets_on_fp_color_change	staircase	8	green	left	unaware	1	0
344.469	0.000	trigger_201	201	344469	Trigger-In:201	85	trial_end_completed	staircase	8	green	left	unaware	1	0
345.549	0.000	trigger_101	101	345549	Trigger-In:101	86	trial_start	staircase	9	red	left	aware	1	0
345.654	0.000	trigger_11	11	345654	Trigger-In:11	86	fixation_point_on	staircase	9	red	left	aware	1	0
346.254	0.000	trigger_21	21	346254	Trigger-In:21	86	grating_on	staircase	9	red	left	aware	1	0
346.304	0.000	trigger_20	20	346304	Trigger-In:20	86	grating_off	staircase	9	red	left	aware	1	0
346.904	0.000	trigger_31	31	346904	Trigger-In:31	86	targets_on_fp_color_change	staircase	9	red	left	aware	1	0
348.264	0.000	trigger_201	201	348264	Trigger-In:201	86	trial_end_completed	staircase	9	red	left	aware	1	0
349.344	0.000	trigger_101	101	349344	Trigger-In:101	87	trial_start	staircase	8	green	left	unaware	1	0
349.444	0.000	trigger_11	11	349444	Trigger-In:11	87	fixation_point_on	staircase	8	green	left	unaware	1	0
350.049	0.000	trigger_21	21	350049	Trigger-In:21	87	grating_on	staircase	8	green	left	unaware	1	0
350.099	0.000	trigger_20	20	350099	Trigger-In:20	87	grating_off	staircase	8	green	left	unaware	1	0
350.699	0.000	trigger_31	31	350699	Trigger-In:31	87	targets_on_fp_color_change	staircase	8	green	left	unaware	1	0
351.654	0.000	trigger_201	201	351654	Trigger-In:201	87	trial_end_completed	staircase	8	green	left	unaware	1	0
352.729	0.000	trigger_101	101	352729	Trigger-In:101	88	trial_start	salient	0	green	left	unaware	1	0
352.834	0.000	trigger_11	11	352834	Trigger-In:11	88	fixation_point_on	salient	0	green	left	unaware	1	0
353.434	0.000	trigger_21	21	353434	Trigger-In:21	88	grating_on	salient	0	green	left	unaware	1	0
353.484	0.000	trigger_20	20	353484	Trigger-In:20	88	grating_off	salient	0	green	left	unaware	1	0
354.089	0.000	trigger_31	31	354089	Trigger-In:31	88	targets_on_fp_color_change	salient	0	green	left	unaware	1	0
354.819	0.000	trigger_201	201	354819	Trigger-In:201	88	trial_end_completed	salient	0	green	left	unaware	1	0
355.899	0.000	trigger_101	101	355899	Trigger-In:101	89	trial_start	staircase	9	red	left	aware	1	0
356.004	0.000	trigger_11	11	356004	Trigger-In:11	89	fixation_point_on	staircase	9	red	left	aware	1	0
356.604	0.000	trigger_21	21	356604	Trigger-In:21	89	grating_on	staircase	9	red	left	aware	1	0
356.654	0.000	trigger_20	20	356654	Trigger-In:20	89	grating_off	staircase	9	red	left	aware	1	0
357.254	0.000	trigger_31	31	357254	Trigger-In:31	89	targets_on_fp_color_change	staircase	9	red	left	aware	1	0
358.349	0.000	trigger_201	201	358349	Trigger-In:201	89	trial_end_completed	staircase	9	red	left	aware	1	0
359.429	0.000	trigger_101	101	359429	Trigger-In:101	90	trial_start	salient	0	red	right	unaware	1	0
359.534	0.000	trigger_11	11	359534	Trigger-In:11	90	fixation_point_on	salient	0	red	right	unaware	1	0
360.134	0.000	trigger_21	21	360134	Trigger-In:21	90	grating_on	salient	0	red	right	unaware	1	0
360.184	0.000	trigger_20	20	360184	Trigger-In:20	90	grating_off	salient	0	red	right	unaware	1	0
360.784	0.000	trigger_31	31	360784	Trigger-In:31	90	targets_on_fp_color_change	salient	0	red	right	unaware	1	0
361.959	0.000	trigger_201	201	361959	Trigger-In:201	90	trial_end_completed	salient	0	red	right	unaware	1	0
363.039	0.000	trigger_101	101	363039	Trigger-In:101	91	trial_start	salient	0	green	left	unaware	1	0
363.144	0.000	trigger_11	11	363144	Trigger-In:11	91	fixation_point_on	salient	0	green	left	unaware	1	0
363.744	0.000	trigger_21	21	363744	Trigger-In:21	91	grating_on	salient	0	green	left	unaware	1	0
363.794	0.000	trigger_20	20	363794	Trigger-In:20	91	grating_off	salient	0	green	left	unaware	1	0
364.394	0.000	trigger_31	31	364394	Trigger-In:31	91	targets_on_fp_color_change	salient	0	green	left	unaware	1	0
365.499	0.000	trigger_201	201	365499	Trigger-In:201	91	trial_end_completed	salient	0	green	left	unaware	1	0
366.579	0.000	trigger_101	101	366579	Trigger-In:101	92	trial_start	staircase	8	green	left	unaware	1	0
366.684	0.000	trigger_11	11	366684	Trigger-In:11	92	fixation_point_on	staircase	8	green	left	unaware	1	0
367.284	0.000	trigger_21	21	367284	Trigger-In:21	92	grating_on	staircase	8	green	left	unaware	1	0
367.334	0.000	trigger_20	20	367334	Trigger-In:20	92	grating_off	staircase	8	green	left	unaware	1	0
367.934	0.000	trigger_31	31	367934	Trigger-In:31	92	targets_on_fp_color_change	staircase	8	green	left	unaware	1	0
369.094	0.000	trigger_201	201	369094	Trigger-In:201	92	trial_end_completed	staircase	8	green	left	unaware	1	0
370.169	0.000	trigger_101	101	370169	Trigger-In:101	93	trial_start	staircase	9	red	right	unaware	1	0
370.274	0.000	trigger_11	11	370274	Trigger-In:11	93	fixation_point_on	staircase	9	red	right	unaware	1	0
370.874	0.000	trigger_21	21	370874	Trigger-In:21	93	grating_on	staircase	9	red	right	unaware	1	0
370.924	0.000	trigger_20	20	370924	Trigger-In:20	93	grating_off	staircase	9	red	right	unaware	1	0
371.529	0.000	trigger_31	31	371529	Trigger-In:31	93	targets_on_fp_color_change	staircase	9	red	right	unaware	1	0
372.464	0.000	trigger_201	201	372464	Trigger-In:201	93	trial_end_completed	staircase	9	red	right	unaware	1	0
373.539	0.000	trigger_101	101	373539	Trigger-In:101	94	trial_start	staircase	10	red	left	aware	1	0
373.644	0.000	trigger_11	11	373644	Trigger-In:11	94	fixation_point_on	staircase	10	red	left	aware	1	0
374.244	0.000	trigger_21	21	374244	Trigger-In:21	94	grating_on	staircase	10	red	left	aware	1	0
374.294	0.000	trigger_20	20	374294	Trigger-In:20	94	grating_off	staircase	10	red	left	aware	1	0
374.894	0.000	trigger_31	31	374894	Trigger-In:31	94	targets_on_fp_color_change	staircase	10	red	left	aware	1	0
375.929	0.000	trigger_201	201	375929	Trigger-In:201	94	trial_end_completed	staircase	10	red	left	aware	1	0
377.004	0.000	trigger_101	101	377004	Trigger-In:101	95	trial_start	salient	0	green	left	unaware	1	0
377.109	0.000	trigger_11	11	377109	Trigger-In:11	95	fixation_point_on	salient	0	green	left	unaware	1	0
377.709	0.000	trigger_21	21	377709	Trigger-In:21	95	grating_on	salient	0	green	left	unaware	1	0
377.764	0.000	trigger_20	20	377764	Trigger-In:20	95	grating_off	salient	0	green	left	unaware	1	0
378.364	0.000	trigger_31	31	378364	Trigger-In:31	95	targets_on_fp_color_change	salient	0	green	left	unaware	1	0
379.484	0.000	trigger_201	201	379484	Trigger-In:201	95	trial_end_completed	salient	0	green	left	unaware	1	0
380.564	0.000	trigger_101	101	380564	Trigger-In:101	96	trial_start	staircase	9	red	right	unaware	1	0
380.669	0.000	trigger_11	11	380669	Trigger-In:11	96	fixation_point_on	staircase	9	red	right	unaware	1	0
381.269	0.000	trigger_21	21	381269	Trigger-In:21	96	grating_on	staircase	9	red	right	unaware	1	0
381.319	0.000	trigger_20	20	381319	Trigger-In:20	96	grating_off	staircase	9	red	right	unaware	1	0
381.919	0.000	trigger_31	31	381919	Trigger-In:31	96	targets_on_fp_color_change	staircase	9	red	right	unaware	1	0
382.919	0.000	trigger_201	201	382919	Trigger-In:201	96	trial_end_completed	staircase	9	red	right	unaware	1	0
383.994	0.000	trigger_101	101	383994	Trigger-In:101	97	trial_start	staircase	10	red	left	aware	1	0
384.099	0.000	trigger_11	11	384099	Trigger-In:11	97	fixation_point_on	staircase	10	red	left	aware	1	0
384.699	0.000	trigger_21	21	384699	Trigger-In:21	97	grating_on	staircase	10	red	left	aware	1	0
384.749	0.000	trigger_20	20	384749	Trigger-In:20	97	grating_off	staircase	10	red	left	aware	1	0
385.349	0.000	trigger_31	31	385349	Trigger-In:31	97	targets_on_fp_color_change	staircase	10	red	left	aware	1	0
386.314	0.000	trigger_201	201	386314	Trigger-In:201	97	trial_end_completed	staircase	10	red	left	aware	1	0
387.389	0.000	trigger_101	101	387389	Trigger-In:101	98	trial_start	salient	0	green	left	unaware	1	0
387.494	0.000	trigger_11	11	387494	Trigger-In:11	98	fixation_point_on	salient	0	green	left	unaware	1	0
388.144	0.000	trigger_20	20	388144	Trigger-In:20	98	grating_off	salient	0	green	left	unaware	1	0
388.744	0.000	trigger_31	31	388744	Trigger-In:31	98	targets_on_fp_color_change	salient	0	green	left	unaware	1	0
389.859	0.000	trigger_201	201	389859	Trigger-In:201	98	trial_end_completed	salient	0	green	left	unaware	1	0
390.934	0.000	trigger_101	101	390934	Trigger-In:101	99	trial_start	staircase	9	red	right	unaware	1	0
391.044	0.000	trigger_11	11	391044	Trigger-In:11	99	fixation_point_on	staircase	9	red	right	unaware	1	0
391.644	0.000	trigger_21	21	391644	Trigger-In:21	99	grating_on	staircase	9	red	right	unaware	1	0
391.694	0.000	trigger_20	20	391694	Trigger-In:20	99	grating_off	staircase	9	red	right	unaware	1	0
392.294	0.000	trigger_31	31	392294	Trigger-In:31	99	targets_on_fp_color_change	staircase	9	red	right	unaware	1	0
393.039	0.000	trigger_201	201	393039	Trigger-In:201	99	trial_end_completed	staircase	9	red	right	unaware	1	0
394.114	0.000	trigger_101	101	394114	Trigger-In:101	100	trial_start	staircase	10	red	left	aware	1	0
394.219	0.000	trigger_11	11	394219	Trigger-In:11	100	fixation_point_on	staircase	10	red	left	aware	1	0
394.819	0.000	trigger_21	21	394819	Trigger-In:21	100	grating_on	staircase	10	red	left	aware	1	0
394.869	0.000	trigger_20	20	394869	Trigger-In:20	100	grating_off	staircase	10	red	left	aware	1	0
395.469	0.000	trigger_31	31	395469	Trigger-In:31	100	targets_on_fp_color_change	staircase	10	red	left	aware	1	0
396.479	0.000	trigger_201	201	396479	Trigger-In:201	100	trial_end_completed	staircase	10	red	left	aware	1	0
397.559	0.000	trigger_101	101	397559	Trigger-In:101	101	trial_start	absent	70	green	right	aware	1	0
397.664	0.000	trigger_11	11	397664	Trigger-In:11	101	fixation_point_on	absent	70	green	right	aware	1	0
398.264	0.000	trigger_21	21	398264	Trigger-In:21	101	grating_on	absent	70	green	right	aware	1	0
398.314	0.000	trigger_20	20	398314	Trigger-In:20	101	grating_off	absent	70	green	right	aware	1	0
398.914	0.000	trigger_31	31	398914	Trigger-In:31	101	targets_on_fp_color_change	absent	70	green	right	aware	1	0
399.729	0.000	trigger_201	201	399729	Trigger-In:201	101	trial_end_completed	absent	70	green	right	aware	1	0
400.809	0.000	trigger_101	101	400809	Trigger-In:101	102	trial_start	absent	70	green	right	aware	1	0
400.914	0.000	trigger_11	11	400914	Trigger-In:11	102	fixation_point_on	absent	70	green	right	aware	1	0
401.514	0.000	trigger_21	21	401514	Trigger-In:21	102	grating_on	absent	70	green	right	aware	1	0
401.564	0.000	trigger_20	20	401564	Trigger-In:20	102	grating_off	absent	70	green	right	aware	1	0
402.164	0.000	trigger_31	31	402164	Trigger-In:31	102	targets_on_fp_color_change	absent	70	green	right	aware	1	0
402.864	0.000	trigger_201	201	402864	Trigger-In:201	102	trial_end_completed	absent	70	green	right	aware	1	0
403.944	0.000	trigger_101	101	403944	Trigger-In:101	103	trial_start	staircase	9	red	left	aware	1	0
404.049	0.000	trigger_11	11	404049	Trigger-In:11	103	fixation_point_on	staircase	9	red	left	aware	1	0
404.649	0.000	trigger_21	21	404649	Trigger-In:21	103	grating_on	staircase	9	red	left	aware	1	0
404.699	0.000	trigger_20	20	404699	Trigger-In:20	103	grating_off	staircase	9	red	left	aware	1	0
405.299	0.000	trigger_31	31	405299	Trigger-In:31	103	targets_on_fp_color_change	staircase	9	red	left	aware	1	0
405.994	0.000	trigger_201	201	405994	Trigger-In:201	103	trial_end_completed	staircase	9	red	left	aware	1	0
407.069	0.000	trigger_101	101	407069	Trigger-In:101	104	trial_start	staircase	8	red	n/a	n/a	0	0
409.289	0.000	trigger_101	101	409289	Trigger-In:101	105	trial_start	staircase	8	green	left	unaware	1	0
409.394	0.000	trigger_11	11	409394	Trigger-In:11	105	fixation_point_on	staircase	8	green	left	unaware	1	0
409.994	0.000	trigger_21	21	409994	Trigger-In:21	105	grating_on	staircase	8	green	left	unaware	1	0
410.044	0.000	trigger_20	20	410044	Trigger-In:20	105	grating_off	staircase	8	green	left	unaware	1	0
410.644	0.000	trigger_31	31	410644	Trigger-In:31	105	targets_on_fp_color_change	staircase	8	green	left	unaware	1	0
411.729	0.000	trigger_201	201	411729	Trigger-In:201	105	trial_end_completed	staircase	8	green	left	unaware	1	0
412.804	0.000	trigger_101	101	412804	Trigger-In:101	106	trial_start	staircase	9	red	left	aware	1	0
412.909	0.000	trigger_11	11	412909	Trigger-In:11	106	fixation_point_on	staircase	9	red	left	aware	1	0
413.509	0.000	trigger_21	21	413509	Trigger-In:21	106	grating_on	staircase	9	red	left	aware	1	0
413.564	0.000	trigger_20	20	413564	Trigger-In:20	106	grating_off	staircase	9	red	left	aware	1	0
414.164	0.000	trigger_31	31	414164	Trigger-In:31	106	targets_on_fp_color_change	staircase	9	red	left	aware	1	0
415.114	0.000	trigger_201	201	415114	Trigger-In:201	106	trial_end_completed	staircase	9	red	left	aware	1	0
416.194	0.000	trigger_101	101	416194	Trigger-In:101	107	trial_start	staircase	8	red	left	aware	1	0
416.299	0.000	trigger_11	11	416299	Trigger-In:11	107	fixation_point_on	staircase	8	red	left	aware	1	0
416.899	0.000	trigger_21	21	416899	Trigger-In:21	107	grating_on	staircase	8	red	left	aware	1	0
416.949	0.000	trigger_20	20	416949	Trigger-In:20	107	grating_off	staircase	8	red	left	aware	1	0
417.549	0.000	trigger_31	31	417549	Trigger-In:31	107	targets_on_fp_color_change	staircase	8	red	left	aware	1	0
418.434	0.000	trigger_201	201	418434	Trigger-In:201	107	trial_end_completed	staircase	8	red	left	aware	1	0
419.509	0.000	trigger_101	101	419509	Trigger-In:101	108	trial_start	staircase	7	green	left	unaware	1	0
419.614	0.000	trigger_11	11	419614	Trigger-In:11	108	fixation_point_on	staircase	7	green	left	unaware	1	0
420.214	0.000	trigger_21	21	420214	Trigger-In:21	108	grating_on	staircase	7	green	left	unaware	1	0
420.264	0.000	trigger_20	20	420264	Trigger-In:20	108	grating_off	staircase	7	green	left	unaware	1	0
420.869	0.000	trigger_31	31	420869	Trigger-In:31	108	targets_on_fp_color_change	staircase	7	green	left	unaware	1	0
421.854	0.000	trigger_201	201	421854	Trigger-In:201	108	trial_end_completed	staircase	7	green	left	unaware	1	0
422.929	0.000	trigger_101	101	422929	Trigger-In:101	109	trial_start	staircase	8	red	right	unaware	1	0
423.034	0.000	trigger_11	11	423034	Trigger-In:11	109	fixation_point_on	staircase	8	red	right	unaware	1	0
423.634	0.000	trigger_21	21	423634	Trigger-In:21	109	grating_on	staircase	8	red	right	unaware	1	0
423.684	0.000	trigger_20	20	423684	Trigger-In:20	109	grating_off	staircase	8	red	right	unaware	1	0
424.284	0.000	trigger_31	31	424284	Trigger-In:31	109	targets_on_fp_color_change	staircase	8	red	right	unaware	1	0
425.064	0.000	trigger_201	201	425064	Trigger-In:201	109	trial_end_completed	staircase	8	red	right	unaware	1	0
426.139	0.000	trigger_101	101	426139	Trigger-In:101	110	trial_start	salient	0	red	right	unaware	1	0
426.244	0.000	trigger_11	11	426244	Trigger-In:11	110	fixation_point_on	salient	0	red	right	unaware	1	0
426.849	0.000	trigger_21	21	426849	Trigger-In:21	110	grating_on	salient	0	red	right	unaware	1	0
426.899	0.000	trigger_20	20	426899	Trigger-In:20	110	grating_off	salient	0	red	right	unaware	1	0
427.499	0.000	trigger_31	31	427499	Trigger-In:31	110	targets_on_fp_color_change	salient	0	red	right	unaware	1	0
428.244	0.000	trigger_201	201	428244	Trigger-In:201	110	trial_end_completed	salient	0	red	right	unaware	1	0
429.324	0.000	trigger_101	101	429324	Trigger-In:101	111	trial_start	staircase	9	red	right	unaware	1	0
429.429	0.000	trigger_11	11	429429	Trigger-In:11	111	fixation_point_on	staircase	9	red	right	unaware	1	0
430.029	0.000	trigger_21	21	430029	Trigger-In:21	111	grating_on	staircase	9	red	right	unaware	1	0
430.079	0.000	trigger_20	20	430079	Trigger-In:20	111	grating_off	staircase	9	red	right	unaware	1	0
430.679	0.000	trigger_31	31	430679	Trigger-In:31	111	targets_on_fp_color_change	staircase	9	red	right	unaware	1	0
431.524	0.000	trigger_201	201	431524	Trigger-In:201	111	trial_end_completed	staircase	9	red	right	unaware	1	0
432.599	0.000	trigger_101	101	432599	Trigger-In:101	112	trial_start	staircase	10	green	right	aware	1	0
432.704	0.000	trigger_11	11	432704	Trigger-In:11	112	fixation_point_on	staircase	10	green	right	aware	1	0
433.304	0.000	trigger_21	21	433304	Trigger-In:21	112	grating_on	staircase	10	green	right	aware	1	0
433.354	0.000	trigger_20	20	433354	Trigger-In:20	112	grating_off	staircase	10	green	right	aware	1	0
433.954	0.000	trigger_31	31	433954	Trigger-In:31	112	targets_on_fp_color_change	staircase	10	green	right	aware	1	0
434.854	0.000	trigger_201	201	434854	Trigger-In:201	112	trial_end_completed	staircase	10	green	right	aware	1	0
435.929	0.000	trigger_101	101	435929	Trigger-In:101	113	trial_start	absent	70	red	left	aware	1	0
436.034	0.000	trigger_11	11	436034	Trigger-In:11	113	fixation_point_on	absent	70	red	left	aware	1	0
436.634	0.000	trigger_21	21	436634	Trigger-In:21	113	grating_on	absent	70	red	left	aware	1	0
436.684	0.000	trigger_20	20	436684	Trigger-In:20	113	grating_off	absent	70	red	left	aware	1	0
437.284	0.000	trigger_31	31	437284	Trigger-In:31	113	targets_on_fp_color_change	absent	70	red	left	aware	1	0
438.014	0.000	trigger_201	201	438014	Trigger-In:201	113	trial_end_completed	absent	70	red	left	aware	1	0
439.089	0.000	trigger_101	101	439089	Trigger-In:101	114	trial_start	staircase	9	red	left	aware	1	0
439.194	0.000	trigger_11	11	439194	Trigger-In:11	114	fixation_point_on	staircase	9	red	left	aware	1	0
439.794	0.000	trigger_21	21	439794	Trigger-In:21	114	grating_on	staircase	9	red	left	aware	1	0
439.844	0.000	trigger_20	20	439844	Trigger-In:20	114	grating_off	staircase	9	red	left	aware	1	0
440.444	0.000	trigger_31	31	440444	Trigger-In:31	114	targets_on_fp_color_change	staircase	9	red	left	aware	1	0
441.249	0.000	trigger_201	201	441249	Trigger-In:201	114	trial_end_completed	staircase	9	red	left	aware	1	0
442.324	0.000	trigger_101	101	442324	Trigger-In:101	115	trial_start	staircase	8	green	left	unaware	1	0
442.429	0.000	trigger_11	11	442429	Trigger-In:11	115	fixation_point_on	staircase	8	green	left	unaware	1	0
443.029	0.000	trigger_21	21	443029	Trigger-In:21	115	grating_on	staircase	8	green	left	unaware	1	0
443.079	0.000	trigger_20	20	443079	Trigger-In:20	115	grating_off	staircase	8	green	left	unaware	1	0
443.679	0.000	trigger_31	31	443679	Trigger-In:31	115	targets_on_fp_color_change	staircase	8	green	left	unaware	1	0
444.909	0.000	trigger_201	201	444909	Trigger-In:201	115	trial_end_completed	staircase	8	green	left	unaware	1	0
445.989	0.000	trigger_101	101	445989	Trigger-In:101	116	trial_start	staircase	9	green	left	unaware	1	0
446.094	0.000	trigger_11	11	446094	Trigger-In:11	116	fixation_point_on	staircase	9	green	left	unaware	1	0
446.694	0.000	trigger_21	21	446694	Trigger-In:21	116	grating_on	staircase	9	green	left	unaware	1	0
446.744	0.000	trigger_20	20	446744	Trigger-In:20	116	grating_off	staircase	9	green	left	unaware	1	0
447.344	0.000	trigger_31	31	447344	Trigger-In:31	116	targets_on_fp_color_change	staircase	9	green	left	unaware	1	0
448.289	0.000	trigger_201	201	448289	Trigger-In:201	116	trial_end_completed	staircase	9	green	left	unaware	1	0
449.364	0.000	trigger_101	101	449364	Trigger-In:101	117	trial_start	staircase	10	red	left	aware	1	0
449.469	0.000	trigger_11	11	449469	Trigger-In:11	117	fixation_point_on	staircase	10	red	left	aware	1	0
450.069	0.000	trigger_21	21	450069	Trigger-In:21	117	grating_on	staircase	10	red	left	aware	1	0
450.119	0.000	trigger_20	20	450119	Trigger-In:20	117	grating_off	staircase	10	red	left	aware	1	0
450.719	0.000	trigger_31	31	450719	Trigger-In:31	117	targets_on_fp_color_change	staircase	10	red	left	aware	1	0
451.904	0.000	trigger_201	201	451904	Trigger-In:201	117	trial_end_completed	staircase	10	red	left	aware	1	0
452.984	0.000	trigger_101	101	452984	Trigger-In:101	118	trial_start	staircase	9	red	left	aware	1	0
453.089	0.000	trigger_11	11	453089	Trigger-In:11	118	fixation_point_on	staircase	9	red	left	aware	1	0
453.689	0.000	trigger_21	21	453689	Trigger-In:21	118	grating_on	staircase	9	red	left	aware	1	0
453.739	0.000	trigger_20	20	453739	Trigger-In:20	118	grating_off	staircase	9	red	left	aware	1	0
454.344	0.000	trigger_31	31	454344	Trigger-In:31	118	targets_on_fp_color_change	staircase	9	red	left	aware	1	0
455.369	0.000	trigger_201	201	455369	Trigger-In:201	118	trial_end_completed	staircase	9	red	left	aware	1	0
456.449	0.000	trigger_101	101	456449	Trigger-In:101	119	trial_start	staircase	8	green	left	unaware	1	0
456.554	0.000	trigger_11	11	456554	Trigger-In:11	119	fixation_point_on	staircase	8	green	left	unaware	1	0
457.154	0.000	trigger_21	21	457154	Trigger-In:21	119	grating_on	staircase	8	green	left	unaware	1	0
457.204	0.000	trigger_20	20	457204	Trigger-In:20	119	grating_off	staircase	8	green	left	unaware	1	0
457.804	0.000	trigger_31	31	457804	Trigger-In:31	119	targets_on_fp_color_change	staircase	8	green	left	unaware	1	0
458.934	0.000	trigger_201	201	458934	Trigger-In:201	119	trial_end_completed	staircase	8	green	left	unaware	1	0
460.014	0.000	trigger_101	101	460014	Trigger-In:101	120	trial_start	staircase	9	red	left	aware	1	0
460.114	0.000	trigger_11	11	460114	Trigger-In:11	120	fixation_point_on	staircase	9	red	left	aware	1	0
460.719	0.000	trigger_21	21	460719	Trigger-In:21	120	grating_on	staircase	9	red	left	aware	1	0
460.769	0.000	trigger_20	20	460769	Trigger-In:20	120	grating_off	staircase	9	red	left	aware	1	0
461.369	0.000	trigger_31	31	461369	Trigger-In:31	120	targets_on_fp_color_change	staircase	9	red	left	aware	1	0
462.284	0.000	trigger_201	201	462284	Trigger-In:201	120	trial_end_completed	staircase	9	red	left	aware	1	0
463.364	0.000	trigger_101	101	463364	Trigger-In:101	121	trial_start	salient	0	red	right	unaware	1	0
463.469	0.000	trigger_11	11	463469	Trigger-In:11	121	fixation_point_on	salient	0	red	right	unaware	1	0
464.069	0.000	trigger_21	21	464069	Trigger-In:21	121	grating_on	salient	0	red	right	unaware	1	0
464.119	0.000	trigger_20	20	464119	Trigger-In:20	121	grating_off	salient	0	red	right	unaware	1	0
464.719	0.000	trigger_31	31	464719	Trigger-In:31	121	targets_on_fp_color_change	salient	0	red	right	unaware	1	0
465.879	0.000	trigger_201	201	465879	Trigger-In:201	121	trial_end_completed	salient	0	red	right	unaware	1	0
466.959	0.000	trigger_101	101	466959	Trigger-In:101	122	trial_start	staircase	8	green	right	aware	1	0
467.059	0.000	trigger_11	11	467059	Trigger-In:11	122	fixation_point_on	staircase	8	green	right	aware	1	0
467.659	0.000	trigger_21	21	467659	Trigger-In:21	122	grating_on	staircase	8	green	right	aware	1	0
467.714	0.000	trigger_20	20	467714	Trigger-In:20	122	grating_off	staircase	8	green	right	aware	1	0
468.314	0.000	trigger_31	31	468314	Trigger-In:31	122	targets_on_fp_color_change	staircase	8	green	right	aware	1	0
468.994	0.000	trigger_201	201	468994	Trigger-In:201	122	trial_end_completed	staircase	8	green	right	aware	1	0
470.074	0.000	trigger_101	101	470074	Trigger-In:101	123	trial_start	salient	0	green	left	unaware	1	0
470.179	0.000	trigger_11	11	470179	Trigger-In:11	123	fixation_point_on	salient	0	green	left	unaware	1	0
470.779	0.000	trigger_21	21	470779	Trigger-In:21	123	grating_on	salient	0	green	left	unaware	1	0
470.829	0.000	trigger_20	20	470829	Trigger-In:20	123	grating_off	salient	0	green	left	unaware	1	0
471.429	0.000	trigger_31	31	471429	Trigger-In:31	123	targets_on_fp_color_change	salient	0	green	left	unaware	1	0
472.384	0.000	trigger_201	201	472384	Trigger-In:201	123	trial_end_completed	salient	0	green	left	unaware	1	0
473.459	0.000	trigger_101	101	473459	Trigger-In:101	124	trial_start	staircase	7	red	right	unaware	1	0
473.564	0.000	trigger_11	11	473564	Trigger-In:11	124	fixation_point_on	staircase	7	red	right	unaware	1	0
474.164	0.000	trigger_21	21	474164	Trigger-In:21	124	grating_on	staircase	7	red	right	unaware	1	0
474.214	0.000	trigger_20	20	474214	Trigger-In:20	124	grating_off	staircase	7	red	right	unaware	1	0
474.819	0.000	trigger_31	31	474819	Trigger-In:31	124	targets_on_fp_color_change	staircase	7	red	right	unaware	1	0
475.934	0.000	trigger_201	201	475934	Trigger-In:201	124	trial_end_completed	staircase	7	red	right	unaware	1	0
477.009	0.000	trigger_101	101	477009	Trigger-In:101	125	trial_start	salient	0	green	left	unaware	1	0
477.114	0.000	trigger_11	11	477114	Trigger-In:11	125	fixation_point_on	salient	0	green	left	unaware	1	0
477.719	0.000	trigger_21	21	477719	Trigger-In:21	125	grating_on	salient	0	green	left	unaware	1	0
477.769	0.000	trigger_20	20	477769	Trigger-In:20	125	grating_off	salient	0	green	left	unaware	1	0
478.369	0.000	trigger_31	31	478369	Trigger-In:31	125	targets_on_fp_color_change	salient	0	green	left	unaware	1	0
479.459	0.000	trigger_201	201	479459	Trigger-In:201	125	trial_end_completed	salient	0	green	left	unaware	1	0
480.539	0.000	trigger_101	101	480539	Trigger-In:101	126	trial_start	staircase	8	green	left	unaware	1	0
480.644	0.000	trigger_11	11	480644	Trigger-In:11	126	fixation_point_on	staircase	8	green	left	unaware	1	0
481.244	0.000	trigger_21	21	481244	Trigger-In:21	126	grating_on	staircase	8	green	left	unaware	1	0
481.294	0.000	trigger_20	20	481294	Trigger-In:20	126	grating_off	staircase	8	green	left	unaware	1	0
481.894	0.000	trigger_31	31	481894	Trigger-In:31	126	targets_on_fp_color_change	staircase	8	green	left	unaware	1	0
482.734	0.000	trigger_201	201	482734	Trigger-In:201	126	trial_end_completed	staircase	8	green	left	unaware	1	0
483.814	0.000	trigger_101	101	483814	Trigger-In:101	127	trial_start	staircase	9	red	right	unaware	1	0
483.919	0.000	trigger_11	11	483919	Trigger-In:11	127	fixation_point_on	staircase	9	red	right	unaware	1	0
484.519	0.000	trigger_21	21	484519	Trigger-In:21	127	grating_on	staircase	9	red	right	unaware	1	0
484.569	0.000	trigger_20	20	484569	Trigger-In:20	127	grating_off	staircase	9	red	right	unaware	1	0
485.169	0.000	trigger_31	31	485169	Trigger-In:31	127	targets_on_fp_color_change	staircase	9	red	right	unaware	1	0
485.879	0.000	trigger_201	201	485879	Trigger-In:201	127	trial_end_completed	staircase	9	red	right	unaware	1	0
486.959	0.000	trigger_101	101	486959	Trigger-In:101	128	trial_start	staircase	10	green	left	unaware	1	0
487.059	0.000	trigger_11	11	487059	Trigger-In:11	128	fixation_point_on	staircase	10	green	left	unaware	1	0
487.664	0.000	trigger_21	21	487664	Trigger-In:21	128	grating_on	staircase	10	green	left	unaware	1	0
487.714	0.000	trigger_20	20	487714	Trigger-In:20	128	grating_off	staircase	10	green	left	unaware	1	0
488.314	0.000	trigger_31	31	488314	Trigger-In:31	128	targets_on_fp_color_change	staircase	10	green	left	unaware	1	0
489.219	0.000	trigger_201	201	489219	Trigger-In:201	128	trial_end_completed	staircase	10	green	left	unaware	1	0
490.299	0.000	trigger_101	101	490299	Trigger-In:101	129	trial_start	staircase	11	red	left	aware	1	0
490.404	0.000	trigger_11	11	490404	Trigger-In:11	129	fixation_point_on	staircase	11	red	left	aware	1	0
491.004	0.000	trigger_21	21	491004	Trigger-In:21	129	grating_on	staircase	11	red	left	aware	1	0
491.054	0.000	trigger_20	20	491054	Trigger-In:20	129	grating_off	staircase	11	red	left	aware	1	0
491.654	0.000	trigger_31	31	491654	Trigger-In:31	129	targets_on_fp_color_change	staircase	11	red	left	aware	1	0
492.819	0.000	trigger_201	201	492819	Trigger-In:201	129	trial_end_completed	staircase	11	red	left	aware	1	0
493.894	0.000	trigger_101	101	493894	Trigger-In:101	130	trial_start	staircase	10	red	left	aware	1	0
493.999	0.000	trigger_11	11	493999	Trigger-In:11	130	fixation_point_on	staircase	10	red	left	aware	1	0
494.599	0.000	trigger_21	21	494599	Trigger-In:21	130	grating_on	staircase	10	red	left	aware	1	0
494.649	0.000	trigger_20	20	494649	Trigger-In:20	130	grating_off	staircase	10	red	left	aware	1	0
495.249	0.000	trigger_31	31	495249	Trigger-In:31	130	targets_on_fp_color_change	staircase	10	red	left	aware	1	0
496.209	0.000	trigger_201	201	496209	Trigger-In:201	130	trial_end_completed	staircase	10	red	left	aware	1	0
497.289	0.000	trigger_101	101	497289	Trigger-In:101	131	trial_start	absent	70	red	left	aware	1	0
497.394	0.000	trigger_11	11	497394	Trigger-In:11	131	fixation_point_on	absent	70	red	left	aware	1	0
497.994	0.000	trigger_21	21	497994	Trigger-In:21	131	grating_on	absent	70	red	left	aware	1	0
498.044	0.000	trigger_20	20	498044	Trigger-In:20	131	grating_off	absent	70	red	left	aware	1	0
498.644	0.000	trigger_31	31	498644	Trigger-In:31	131	targets_on_fp_color_change	absent	70	red	left	aware	1	0
499.494	0.000	trigger_201	201	499494	Trigger-In:201	131	trial_end_completed	absent	70	red	left	aware	1	0
500.574	0.000	trigger_101	101	500574	Trigger-In:101	132	trial_start	salient	0	green	left	unaware	1	0
500.679	0.000	trigger_11	11	500679	Trigger-In:11	132	fixation_point_on	salient	0	green	left	unaware	1	0
501.279	0.000	trigger_21	21	501279	Trigger-In:21	132	grating_on	salient	0	green	left	unaware	1	0
501.329	0.000	trigger_20	20	501329	Trigger-In:20	132	grating_off	salient	0	green	left	unaware	1	0
501.934	0.000	trigger_31	31	501934	Trigger-In:31	132	targets_on_fp_color_change	salient	0	green	left	unaware	1	0
503.144	0.000	trigger_201	201	503144	Trigger-In:201	132	trial_end_completed	salient	0	green	left	unaware	1	0
504.219	0.000	trigger_101	101	504219	Trigger-In:101	133	trial_start	staircase	9	green	right	aware	1	0
504.324	0.000	trigger_11	11	504324	Trigger-In:11	133	fixation_point_on	staircase	9	green	right	aware	1	0
504.924	0.000	trigger_21	21	504924	Trigger-In:21	133	grating_on	staircase	9	green	right	aware	1	0
504.974	0.000	trigger_20	20	504974	Trigger-In:20	133	grating_off	staircase	9	green	right	aware	1	0
505.579	0.000	trigger_31	31	505579	Trigger-In:31	133	targets_on_fp_color_change	staircase	9	green	right	aware	1	0
506.309	0.000	trigger_201	201	506309	Trigger-In:201	133	trial_end_completed	staircase	9	green	right	aware	1	0
507.389	0.000	trigger_101	101	507389	Trigger-In:101	134	trial_start	staircase	8	green	left	unaware	1	0
507.489	0.000	trigger_11	11	507489	Trigger-In:11	134	fixation_point_on	staircase	8	green	left	unaware	1	0
508.094	0.000	trigger_21	21	508094	Trigger-In:21	134	grating_on	staircase	8	green	left	unaware	1	0
508.144	0.000	trigger_20	20	508144	Trigger-In:20	134	grating_off	staircase	8	green	left	unaware	1	0
508.744	0.000	trigger_31	31	508744	Trigger-In:31	134	targets_on_fp_color_change	staircase	8	green	left	unaware	1	0
509.779	0.000	trigger_201	201	509779	Trigger-In:201	134	trial_end_completed	staircase	8	green	left	unaware	1	0
510.854	0.000	trigger_101	101	510854	Trigger-In:101	135	trial_start	salient	0	green	left	unaware	1	0
510.959	0.000	trigger_11	11	510959	Trigger-In:11	135	fixation_point_on	salient	0	green	left	unaware	1	0
511.564	0.000	trigger_21	21	511564	Trigger-In:21	135	grating_on	salient	0	green	left	unaware	1	0
511.614	0.000	trigger_20	20	511614	Trigger-In:20	135	grating_off	salient	0	green	left	unaware	1	0
512.214	0.000	trigger_31	31	512214	Trigger-In:31	135	targets_on_fp_color_change	salient	0	green	left	unaware	1	0
513.274	0.000	trigger_201	201	513274	Trigger-In:201	135	trial_end_completed	salient	0	green	left	unaware	1	0
514.349	0.000	trigger_101	101	514349	Trigger-In:101	136	trial_start	staircase	9	red	right	unaware	1	0
514.454	0.000	trigger_11	11	514454	Trigger-In:11	136	fixation_point_on	staircase	9	red	right	unaware	1	0
515.054	0.000	trigger_21	21	515054	Trigger-In:21	136	grating_on	staircase	9	red	right	unaware	1	0
515.104	0.000	trigger_20	20	515104	Trigger-In:20	136	grating_off	staircase	9	red	right	unaware	1	0
515.704	0.000	trigger_31	31	515704	Trigger-In:31	136	targets_on_fp_color_change	staircase	9	red	right	unaware	1	0
516.669	0.000	trigger_201	201	516669	Trigger-In:201	136	trial_end_completed	staircase	9	red	right	unaware	1	0
517.749	0.000	trigger_101	101	517749	Trigger-In:101	137	trial_start	absent	70	green	right	aware	1	0
517.854	0.000	trigger_11	11	517854	Trigger-In:11	137	fixation_point_on	absent	70	green	right	aware	1	0
518.454	0.000	trigger_21	21	518454	Trigger-In:21	137	grating_on	absent	70	green	right	aware	1	0
518.504	0.000	trigger_20	20	518504	Trigger-In:20	137	grating_off	absent	70	green	right	aware	1	0
519.104	0.000	trigger_31	31	519104	Trigger-In:31	137	targets_on_fp_color_change	absent	70	green	right	aware	1	0
519.829	0.000	trigger_201	201	519829	Trigger-In:201	137	trial_end_completed	absent	70	green	right	aware	1	0
520.904	0.000	trigger_101	101	520904	Trigger-In:101	138	trial_start	staircase	10	green	right	aware	1	0
521.009	0.000	trigger_11	11	521009	Trigger-In:11	138	fixation_point_on	staircase	10	green	right	aware	1	0
521.609	0.000	trigger_21	21	521609	Trigger-In:21	138	grating_on	staircase	10	green	right	aware	1	0
521.659	0.000	trigger_20	20	521659	Trigger-In:20	138	grating_off	staircase	10	green	right	aware	1	0
522.264	0.000	trigger_31	31	522264	Trigger-In:31	138	targets_on_fp_color_change	staircase	10	green	right	aware	1	0
523.054	0.000	trigger_201	201	523054	Trigger-In:201	138	trial_end_completed	staircase	10	green	right	aware	1	0
524.134	0.000	trigger_101	101	524134	Trigger-In:101	139	trial_start	staircase	9	green	right	aware	1	0
524.239	0.000	trigger_11	11	524239	Trigger-In:11	139	fixation_point_on	staircase	9	green	right	aware	1	0
524.839	0.000	trigger_21	21	524839	Trigger-In:21	139	grating_on	staircase	9	green	right	aware	1	0
524.889	0.000	trigger_20	20	524889	Trigger-In:20	139	grating_off	staircase	9	green	right	aware	1	0
525.489	0.000	trigger_31	31	525489	Trigger-In:31	139	targets_on_fp_color_change	staircase	9	green	right	aware	1	0
526.174	0.000	trigger_201	201	526174	Trigger-In:201	139	trial_end_completed	staircase	9	green	right	aware	1	0
527.254	0.000	trigger_101	101	527254	Trigger-In:101	140	trial_start	staircase	8	green	left	unaware	1	0
527.359	0.000	trigger_11	11	527359	Trigger-In:11	140	fixation_point_on	staircase	8	green	left	unaware	1	0
527.959	0.000	trigger_21	21	527959	Trigger-In:21	140	grating_on	staircase	8	green	left	unaware	1	0
528.009	0.000	trigger_20	20	528009	Trigger-In:20	140	grating_off	staircase	8	green	left	unaware	1	0
528.609	0.000	trigger_31	31	528609	Trigger-In:31	140	targets_on_fp_color_change	staircase	8	green	left	unaware	1	0
529.614	0.000	trigger_201	201	529614	Trigger-In:201	140	trial_end_completed	staircase	8	green	left	unaware	1	0
530.694	0.000	trigger_101	101	530694	Trigger-In:101	141	trial_start	staircase	9	green	right	aware	1	0
530.799	0.000	trigger_11	11	530799	Trigger-In:11	141	fixation_point_on	staircase	9	green	right	aware	1	0
531.399	0.000	trigger_21	21	531399	Trigger-In:21	141	grating_on	staircase	9	green	right	aware	1	0
531.449	0.000	trigger_20	20	531449	Trigger-In:20	141	grating_off	staircase	9	green	right	aware	1	0
532.049	0.000	trigger_31	31	532049	Trigger-In:31	141	targets_on_fp_color_change	staircase	9	green	right	aware	1	0
532.769	0.000	trigger_201	201	532769	Trigger-In:201	141	trial_end_completed	staircase	9	green	right	aware	1	0
533.849	0.000	trigger_101	101	533849	Trigger-In:101	142	trial_start	staircase	8	green	right	aware	1	0
533.954	0.000	trigger_11	11	533954	Trigger-In:11	142	fixation_point_on	staircase	8	green	right	aware	1	0
534.554	0.000	trigger_21	21	534554	Trigger-In:21	142	grating_on	staircase	8	green	right	aware	1	0
534.604	0.000	trigger_20	20	534604	Trigger-In:20	142	grating_off	staircase	8	green	right	aware	1	0
535.204	0.000	trigger_31	31	535204	Trigger-In:31	142	targets_on_fp_color_change	staircase	8	green	right	aware	1	0
535.949	0.000	trigger_201	201	535949	Trigger-In:201	142	trial_end_completed	staircase	8	green	right	aware	1	0
537.024	0.000	trigger_101	101	537024	Trigger-In:101	143	trial_start	staircase	7	red	right	unaware	1	0
537.129	0.000	trigger_11	11	537129	Trigger-In:11	143	fixation_point_on	staircase	7	red	right	unaware	1	0
537.729	0.000	trigger_21	21	537729	Trigger-In:21	143	grating_on	staircase	7	red	right	unaware	1	0
537.779	0.000	trigger_20	20	537779	Trigger-In:20	143	grating_off	staircase	7	red	right	unaware	1	0
538.384	0.000	trigger_31	31	538384	Trigger-In:31	143	targets_on_fp_color_change	staircase	7	red	right	unaware	1	0
539.594	0.000	trigger_201	201	539594	Trigger-In:201	143	trial_end_completed	staircase	7	red	right	unaware	1	0
540.674	0.000	trigger_101	101	540674	Trigger-In:101	144	trial_start	salient	0	green	left	unaware	1	0
540.779	0.000	trigger_11	11	540779	Trigger-In:11	144	fixation_point_on	salient	0	green	left	unaware	1	0
541.379	0.000	trigger_21	21	541379	Trigger-In:21	144	grating_on	salient	0	green	left	unaware	1	0
541.429	0.000	trigger_20	20	541429	Trigger-In:20	144	grating_off	salient	0	green	left	unaware	1	0
542.029	0.000	trigger_31	31	542029	Trigger-In:31	144	targets_on_fp_color_change	salient	0	green	left	unaware	1	0
543.004	0.000	trigger_201	201	543004	Trigger-In:201	144	trial_end_completed	salient	0	green	left	unaware	1	0
544.084	0.000	trigger_101	101	544084	Trigger-In:101	145	trial_start	staircase	8	green	left	unaware	1	0
544.184	0.000	trigger_11	11	544184	Trigger-In:11	145	fixation_point_on	staircase	8	green	left	unaware	1	0
544.784	0.000	trigger_21	21	544784	Trigger-In:21	145	grating_on	staircase	8	green	left	unaware	1	0
544.839	0.000	trigger_20	20	544839	Trigger-In:20	145	grating_off	staircase	8	green	left	unaware	1	0
545.439	0.000	trigger_31	31	545439	Trigger-In:31	145	targets_on_fp_color_change	staircase	8	green	left	unaware	1	0
546.259	0.000	trigger_201	201	546259	Trigger-In:201	145	trial_end_completed	staircase	8	green	left	unaware	1	0
547.334	0.000	trigger_101	101	547334	Trigger-In:101	146	trial_start	staircase	9	green	left	unaware	1	0
547.439	0.000	trigger_11	11	547439	Trigger-In:11	146	fixation_point_on	staircase	9	green	left	unaware	1	0
548.044	0.000	trigger_21	21	548044	Trigger-In:21	146	grating_on	staircase	9	green	left	unaware	1	0
548.094	0.000	trigger_20	20	548094	Trigger-In:20	146	grating_off	staircase	9	green	left	unaware	1	0
548.694	0.000	trigger_31	31	548694	Trigger-In:31	146	targets_on_fp_color_change	staircase	9	green	left	unaware	1	0
549.544	0.000	trigger_201	201	549544	Trigger-In:201	146	trial_end_completed	staircase	9	green	left	unaware	1	0
550.624	0.000	trigger_101	101	550624	Trigger-In:101	147	trial_start	staircase	10	red	right	unaware	1	0
550.729	0.000	trigger_11	11	550729	Trigger-In:11	147	fixation_point_on	staircase	10	red	right	unaware	1	0
551.329	0.000	trigger_21	21	551329	Trigger-In:21	147	grating_on	staircase	10	red	right	unaware	1	0
551.379	0.000	trigger_20	20	551379	Trigger-In:20	147	grating_off	staircase	10	red	right	unaware	1	0
551.979	0.000	trigger_31	31	551979	Trigger-In:31	147	targets_on_fp_color_change	staircase	10	red	right	unaware	1	0
552.864	0.000	trigger_201	201	552864	Trigger-In:201	147	trial_end_completed	staircase	10	red	right	unaware	1	0
553.944	0.000	trigger_101	101	553944	Trigger-In:101	148	trial_start	staircase	11	green	right	aware	1	0
554.049	0.000	trigger_11	11	554049	Trigger-In:11	148	fixation_point_on	staircase	11	green	right	aware	1	0
554.649	0.000	trigger_21	21	554649	Trigger-In:21	148	grating_on	staircase	11	green	right	aware	1	0
554.699	0.000	trigger_20	20	554699	Trigger-In:20	148	grating_off	staircase	11	green	right	aware	1	0
555.299	0.000	trigger_31	31	555299	Trigger-In:31	148	targets_on_fp_color_change	staircase	11	green	right	aware	1	0
556.294	0.000	trigger_201	201	556294	Trigger-In:201	148	trial_end_completed	staircase	11	green	right	aware	1	0
557.374	0.000	trigger_101	101	557374	Trigger-In:101	149	trial_start	staircase	10	green	right	aware	1	0
557.479	0.000	trigger_11	11	557479	Trigger-In:11	149	fixation_point_on	staircase	10	green	right	aware	1	0
558.079	0.000	trigger_21	21	558079	Trigger-In:21	149	grating_on	staircase	10	green	right	aware	1	0
558.129	0.000	trigger_20	20	558129	Trigger-In:20	149	grating_off	staircase	10	green	right	aware	1	0
558.734	0.000	trigger_31	31	558734	Trigger-In:31	149	targets_on_fp_color_change	staircase	10	green	right	aware	1	0
559.479	0.000	trigger_201	201	559479	Trigger-In:201	149	trial_end_completed	staircase	10	green	right	aware	1	0
560.559	0.000	trigger_101	101	560559	Trigger-In:101	150	trial_start	staircase	9	green	right	aware	1	0
560.664	0.000	trigger_11	11	560664	Trigger-In:11	150	fixation_point_on	staircase	9	green	right	aware	1	0
561.264	0.000	trigger_21	21	561264	Trigger-In:21	150	grating_on	staircase	9	green	right	aware	1	0
561.314	0.000	trigger_20	20	561314	Trigger-In:20	150	grating_off	staircase	9	green	right	aware	1	0
561.914	0.000	trigger_31	31	561914	Trigger-In:31	150	targets_on_fp_color_change	staircase	9	green	right	aware	1	0
562.659	0.000	trigger_201	201	562659	Trigger-In:201	150	trial_end_completed	staircase	9	green	right	aware	1	0
563.734	0.000	trigger_101	101	563734	Trigger-In:101	151	trial_start	staircase	8	green	left	unaware	1	0
563.839	0.000	trigger_11	11	563839	Trigger-In:11	151	fixation_point_on	staircase	8	green	left	unaware	1	0
564.439	0.000	trigger_21	21	564439	Trigger-In:21	151	grating_on	staircase	8	green	left	unaware	1	0
564.489	0.000	trigger_20	20	564489	Trigger-In:20	151	grating_off	staircase	8	green	left	unaware	1	0
565.094	0.000	trigger_31	31	565094	Trigger-In:31	151	targets_on_fp_color_change	staircase	8	green	left	unaware	1	0
566.034	0.000	trigger_201	201	566034	Trigger-In:201	151	trial_end_completed	staircase	8	green	left	unaware	1	0
567.109	0.000	trigger_101	101	567109	Trigger-In:101	152	trial_start	staircase	9	red	right	unaware	1	0
567.214	0.000	trigger_11	11	567214	Trigger-In:11	152	fixation_point_on	staircase	9	red	right	unaware	1	0
567.814	0.000	trigger_21	21	567814	Trigger-In:21	152	grating_on	staircase	9	red	right	unaware	1	0
567.864	0.000	trigger_20	20	567864	Trigger-In:20	152	grating_off	staircase	9	red	right	unaware	1	0
568.464	0.000	trigger_31	31	568464	Trigger-In:31	152	targets_on_fp_color_change	staircase	9	red	right	unaware	1	0
569.574	0.000	trigger_201	201	569574	Trigger-In:201	152	trial_end_completed	staircase	9	red	right	unaware	1	0
570.649	0.000	trigger_101	101	570649	Trigger-In:101	153	trial_start	absent	70	red	left	aware	1	0
570.754	0.000	trigger_11	11	570754	Trigger-In:11	153	fixation_point_on	absent	70	red	left	aware	1	0
571.354	0.000	trigger_21	21	571354	Trigger-In:21	153	grating_on	absent	70	red	left	aware	1	0
571.409	0.000	trigger_20	20	571409	Trigger-In:20	153	grating_off	absent	70	red	left	aware	1	0
572.009	0.000	trigger_31	31	572009	Trigger-In:31	153	targets_on_fp_color_change	absent	70	red	left	aware	1	0
572.849	0.000	trigger_201	201	572849	Trigger-In:201	153	trial_end_completed	absent	70	red	left	aware	1	0
573.924	0.000	trigger_101	101	573924	Trigger-In:101	154	trial_start	staircase	10	green	right	aware	1	0
574.029	0.000	trigger_11	11	574029	Trigger-In:11	154	fixation_point_on	staircase	10	green	right	aware	1	0
574.629	0.000	trigger_21	21	574629	Trigger-In:21	154	grating_on	staircase	10	green	right	aware	1	0
574.684	0.000	trigger_20	20	574684	Trigger-In:20	154	grating_off	staircase	10	green	right	aware	1	0
575.284	0.000	trigger_31	31	575284	Trigger-In:31	154	targets_on_fp_color_change	staircase	10	green	right	aware	1	0
575.969	0.000	trigger_201	201	575969	Trigger-In:201	154	trial_end_completed	staircase	10	green	right	aware	1	0
577.049	0.000	trigger_101	101	577049	Trigger-In:101	155	trial_start	staircase	9	red	left	aware	1	0
577.154	0.000	trigger_11	11	577154	Trigger-In:11	155	fixation_point_on	staircase	9	red	left	aware	1	0
577.754	0.000	trigger_21	21	577754	Trigger-In:21	155	grating_on	staircase	9	red	left	aware	1	0
577.804	0.000	trigger_20	20	577804	Trigger-In:20	155	grating_off	staircase	9	red	left	aware	1	0
578.404	0.000	trigger_31	31	578404	Trigger-In:31	155	targets_on_fp_color_change	staircase	9	red	left	aware	1	0
579.244	0.000	trigger_201	201	579244	Trigger-In:201	155	trial_end_completed	staircase	9	red	left	aware	1	0
580.319	0.000	trigger_101	101	580319	Trigger-In:101	156	trial_start	staircase	8	red	left	aware	1	0
580.424	0.000	trigger_11	11	580424	Trigger-In:11	156	fixation_point_on	staircase	8	red	left	aware	1	0
581.024	0.000	trigger_21	21	581024	Trigger-In:21	156	grating_on	staircase	8	red	left	aware	1	0
581.074	0.000	trigger_20	20	581074	Trigger-In:20	156	grating_off	staircase	8	red	left	aware	1	0
581.674	0.000	trigger_31	31	581674	Trigger-In:31	156	targets_on_fp_color_change	staircase	8	red	left	aware	1	0
582.484	0.000	trigger_201	201	582484	Trigger-In:201	156	trial_end_completed	staircase	8	red	left	aware	1	0
583.564	0.000	trigger_101	101	583564	Trigger-In:101	157	trial_start	staircase	7	red	left	aware	1	0
583.669	0.000	trigger_11	11	583669	Trigger-In:11	157	fixation_point_on	staircase	7	red	left	aware	1	0
584.269	0.000	trigger_21	21	584269	Trigger-In:21	157	grating_on	staircase	7	red	left	aware	1	0
584.319	0.000	trigger_20	20	584319	Trigger-In:20	157	grating_off	staircase	7	red	left	aware	1	0
584.919	0.000	trigger_31	31	584919	Trigger-In:31	157	targets_on_fp_color_change	staircase	7	red	left	aware	1	0
585.729	0.000	trigger_201	201	585729	Trigger-In:201	157	trial_end_completed	staircase	7	red	left	aware	1	0
586.809	0.000	trigger_101	101	586809	Trigger-In:101	158	trial_start	salient	0	green	left	unaware	1	0
586.914	0.000	trigger_11	11	586914	Trigger-In:11	158	fixation_point_on	salient	0	green	left	unaware	1	0
587.514	0.000	trigger_21	21	587514	Trigger-In:21	158	grating_on	salient	0	green	left	unaware	1	0
587.564	0.000	trigger_20	20	587564	Trigger-In:20	158	grating_off	salient	0	green	left	unaware	1	0
588.164	0.000	trigger_31	31	588164	Trigger-In:31	158	targets_on_fp_color_change	salient	0	green	left	unaware	1	0
589.329	0.000	trigger_201	201	589329	Trigger-In:201	158	trial_end_completed	salient	0	green	left	unaware	1	0
590.409	0.000	trigger_101	101	590409	Trigger-In:101	159	trial_start	salient	0	green	left	unaware	1	0
590.514	0.000	trigger_11	11	590514	Trigger-In:11	159	fixation_point_on	salient	0	green	left	unaware	1	0
591.114	0.000	trigger_21	21	591114	Trigger-In:21	159	grating_on	salient	0	green	left	unaware	1	0
591.164	0.000	trigger_20	20	591164	Trigger-In:20	159	grating_off	salient	0	green	left	unaware	1	0
591.764	0.000	trigger_31	31	591764	Trigger-In:31	159	targets_on_fp_color_change	salient	0	green	left	unaware	1	0
592.789	0.000	trigger_201	201	592789	Trigger-In:201	159	trial_end_completed	salient	0	green	left	unaware	1	0
593.869	0.000	trigger_101	101	593869	Trigger-In:101	160	trial_start	salient	0	red	right	unaware	1	0
593.974	0.000	trigger_11	11	593974	Trigger-In:11	160	fixation_point_on	salient	0	red	right	unaware	1	0
594.574	0.000	trigger_21	21	594574	Trigger-In:21	160	grating_on	salient	0	red	right	unaware	1	0
594.624	0.000	trigger_20	20	594624	Trigger-In:20	160	grating_off	salient	0	red	right	unaware	1	0
595.224	0.000	trigger_31	31	595224	Trigger-In:31	160	targets_on_fp_color_change	salient	0	red	right	unaware	1	0
595.959	0.000	trigger_201	201	595959	Trigger-In:201	160	trial_end_completed	salient	0	red	right	unaware	1	0
597.044	0.000	trigger_101	101	597044	Trigger-In:101	161	trial_start	staircase	6	red	right	unaware	1	0
597.149	0.000	trigger_11	11	597149	Trigger-In:11	161	fixation_point_on	staircase	6	red	right	unaware	1	0
597.749	0.000	trigger_21	21	597749	Trigger-In:21	161	grating_on	staircase	6	red	right	unaware	1	0
597.799	0.000	trigger_20	20	597799	Trigger-In:20	161	grating_off	staircase	6	red	right	unaware	1	0
598.399	0.000	trigger_31	31	598399	Trigger-In:31	161	targets_on_fp_color_change	staircase	6	red	right	unaware	1	0
599.289	0.000	trigger_201	201	599289	Trigger-In:201	161	trial_end_completed	staircase	6	red	right	unaware	1	0
600.369	0.000	trigger_101	101	600369	Trigger-In:101	162	trial_start	staircase	7	green	left	unaware	1	0
600.474	0.000	trigger_11	11	600474	Trigger-In:11	162	fixation_point_on	staircase	7	green	left	unaware	1	0
601.074	0.000	trigger_21	21	601074	Trigger-In:21	162	grating_on	staircase	7	green	left	unaware	1	0
601.124	0.000	trigger_20	20	601124	Trigger-In:20	162	grating_off	staircase	7	green	left	unaware	1	0
601.724	0.000	trigger_31	31	601724	Trigger-In:31	162	targets_on_fp_color_change	staircase	7	green	left	unaware	1	0
602.944	0.000	trigger_201	201	602944	Trigger-In:201	162	trial_end_completed	staircase	7	green	left	unaware	1	0
604.019	0.000	trigger_101	101	604019	Trigger-In:101	163	trial_start	staircase	8	red	left	aware	1	0
604.124	0.000	trigger_11	11	604124	Trigger-In:11	163	fixation_point_on	staircase	8	red	left	aware	1	0
604.724	0.000	trigger_21	21	604724	Trigger-In:21	163	grating_on	staircase	8	red	left	aware	1	0
604.774	0.000	trigger_20	20	604774	Trigger-In:20	163	grating_off	staircase	8	red	left	aware	1	0
605.374	0.000	trigger_31	31	605374	Trigger-In:31	163	targets_on_fp_color_change	staircase	8	red	left	aware	1	0
606.694	0.000	trigger_201	201	606694	Trigger-In:201	163	trial_end_completed	staircase	8	red	left	aware	1	0
607.774	0.000	trigger_101	101	607774	Trigger-In:101	164	trial_start	staircase	7	red	right	unaware	1	0
607.879	0.000	trigger_11	11	607879	Trigger-In:11	164	fixation_point_on	staircase	7	red	right	unaware	1	0
608.479	0.000	trigger_21	21	608479	Trigger-In:21	164	grating_on	staircase	7	red	right	unaware	1	0
608.529	0.000	trigger_20	20	608529	Trigger-In:20	164	grating_off	staircase	7	red	right	unaware	1	0
609.129	0.000	trigger_31	31	609129	Trigger-In:31	164	targets_on_fp_color_change	staircase	7	red	right	unaware	1	0
610.124	0.000	trigger_201	201	610124	Trigger-In:201	164	trial_end_completed	staircase	7	red	right	unaware	1	0
611.204	0.000	trigger_101	101	611204	Trigger-In:101	165	trial_start	staircase	8	red	right	unaware	1	0
611.309	0.000	trigger_11	11	611309	Trigger-In:11	165	fixation_point_on	staircase	8	red	right	unaware	1	0
611.909	0.000	trigger_21	21	611909	Trigger-In:21	165	grating_on	staircase	8	red	right	unaware	1	0
611.959	0.000	trigger_20	20	611959	Trigger-In:20	165	grating_off	staircase	8	red	right	unaware	1	0
612.559	0.000	trigger_31	31	612559	Trigger-In:31	165	targets_on_fp_color_change	staircase	8	red	right	unaware	1	0
613.939	0.000	trigger_201	201	613939	Trigger-In:201	165	trial_end_completed	staircase	8	red	right	unaware	1	0
615.019	0.000	trigger_101	101	615019	Trigger-In:101	166	trial_start	staircase	9	green	left	unaware	1	0
615.119	0.000	trigger_11	11	615119	Trigger-In:11	166	fixation_point_on	staircase	9	green	left	unaware	1	0
615.724	0.000	trigger_21	21	615724	Trigger-In:21	166	grating_on	staircase	9	green	left	unaware	1	0
615.774	0.000	trigger_20	20	615774	Trigger-In:20	166	grating_off	staircase	9	green	left	unaware	1	0
616.374	0.000	trigger_31	31	616374	Trigger-In:31	166	targets_on_fp_color_change	staircase	9	green	left	unaware	1	0
617.364	0.000	trigger_201	201	617364	Trigger-In:201	166	trial_end_completed	staircase	9	green	left	unaware	1	0
618.444	0.000	trigger_101	101	618444	Trigger-In:101	167	trial_start	absent	70	green	right	aware	1	0
618.549	0.000	trigger_11	11	618549	Trigger-In:11	167	fixation_point_on	absent	70	green	right	aware	1	0
619.149	0.000	trigger_21	21	619149	Trigger-In:21	167	grating_on	absent	70	green	right	aware	1	0
619.199	0.000	trigger_20	20	619199	Trigger-In:20	167	grating_off	absent	70	green	right	aware	1	0
619.799	0.000	trigger_31	31	619799	Trigger-In:31	167	targets_on_fp_color_change	absent	70	green	right	aware	1	0
620.459	0.000	trigger_201	201	620459	Trigger-In:201	167	trial_end_completed	absent	70	green	right	aware	1	0
621.539	0.000	trigger_101	101	621539	Trigger-In:101	168	trial_start	staircase	10	green	right	aware	1	0
621.644	0.000	trigger_11	11	621644	Trigger-In:11	168	fixation_point_on	staircase	10	green	right	aware	1	0
622.244	0.000	trigger_21	21	622244	Trigger-In:21	168	grating_on	staircase	10	green	right	aware	1	0
622.294	0.000	trigger_20	20	622294	Trigger-In:20	168	grating_off	staircase	10	green	right	aware	1	0
622.894	0.000	trigger_31	31	622894	Trigger-In:31	168	targets_on_fp_color_change	staircase	10	green	right	aware	1	0
623.589	0.000	trigger_201	201	623589	Trigger-In:201	168	trial_end_completed	staircase	10	green	right	aware	1	0
624.669	0.000	trigger_101	101	624669	Trigger-In:101	169	trial_start	absent	70	red	left	aware	1	0
624.774	0.000	trigger_11	11	624774	Trigger-In:11	169	fixation_point_on	absent	70	red	left	aware	1	0
625.374	0.000	trigger_21	21	625374	Trigger-In:21	169	grating_on	absent	70	red	left	aware	1	0
625.424	0.000	trigger_20	20	625424	Trigger-In:20	169	grating_off	absent	70	red	left	aware	1	0
626.024	0.000	trigger_31	31	626024	Trigger-In:31	169	targets_on_fp_color_change	absent	70	red	left	aware	1	0
626.729	0.000	trigger_201	201	626729	Trigger-In:201	169	trial_end_completed	absent	70	red	left	aware	1	0
627.804	0.000	trigger_101	101	627804	Trigger-In:101	170	trial_start	staircase	9	green	left	unaware	1	0
627.909	0.000	trigger_11	11	627909	Trigger-In:11	170	fixation_point_on	staircase	9	green	left	unaware	1	0
628.509	0.000	trigger_21	21	628509	Trigger-In:21	170	grating_on	staircase	9	green	left	unaware	1	0
628.559	0.000	trigger_20	20	628559	Trigger-In:20	170	grating_off	staircase	9	green	left	unaware	1	0
629.164	0.000	trigger_31	31	629164	Trigger-In:31	170	targets_on_fp_color_change	staircase	9	green	left	unaware	1	0
630.249	0.000	trigger_201	201	630249	Trigger-In:201	170	trial_end_completed	staircase	9	green	left	unaware	1	0
631.329	0.000	trigger_101	101	631329	Trigger-In:101	171	trial_start	staircase	10	green	right	aware	1	0
631.434	0.000	trigger_11	11	631434	Trigger-In:11	171	fixation_point_on	staircase	10	green	right	aware	1	0
632.034	0.000	trigger_21	21	632034	Trigger-In:21	171	grating_on	staircase	10	green	right	aware	1	0
632.089	0.000	trigger_20	20	632089	Trigger-In:20	171	grating_off	staircase	10	green	right	aware	1	0
632.689	0.000	trigger_31	31	632689	Trigger-In:31	171	targets_on_fp_color_change	staircase	10	green	right	aware	1	0
633.394	0.000	trigger_201	201	633394	Trigger-In:201	171	trial_end_completed	staircase	10	green	right	aware	1	0
634.474	0.000	trigger_101	101	634474	Trigger-In:101	172	trial_start	staircase	9	green	left	unaware	1	0
634.579	0.000	trigger_11	11	634579	Trigger-In:11	172	fixation_point_on	staircase	9	green	left	unaware	1	0
635.184	0.000	trigger_21	21	635184	Trigger-In:21	172	grating_on	staircase	9	green	left	unaware	1	0
635.234	0.000	trigger_20	20	635234	Trigger-In:20	172	grating_off	staircase	9	green	left	unaware	1	0
635.834	0.000	trigger_31	31	635834	Trigger-In:31	172	targets_on_fp_color_change	staircase	9	green	left	unaware	1	0
636.829	0.000	trigger_201	201	636829	Trigger-In:201	172	trial_end_completed	staircase	9	green	left	unaware	1	0
637.909	0.000	trigger_101	101	637909	Trigger-In:101	173	trial_start	salient	0	red	right	unaware	1	0
638.014	0.000	trigger_11	11	638014	Trigger-In:11	173	fixation_point_on	salient	0	red	right	unaware	1	0
638.614	0.000	trigger_21	21	638614	Trigger-In:21	173	grating_on	salient	0	red	right	unaware	1	0
638.664	0.000	trigger_20	20	638664	Trigger-In:20	173	grating_off	salient	0	red	right	unaware	1	0
639.264	0.000	trigger_31	31	639264	Trigger-In:31	173	targets_on_fp_color_change	salient	0	red	right	unaware	1	0
640.674	0.000	trigger_201	201	640674	Trigger-In:201	173	trial_end_completed	salient	0	red	right	unaware	1	0
641.754	0.000	trigger_101	101	641754	Trigger-In:101	174	trial_start	absent	70	red	left	aware	1	0
641.859	0.000	trigger_11	11	641859	Trigger-In:11	174	fixation_point_on	absent	70	red	left	aware	1	0
642.459	0.000	trigger_21	21	642459	Trigger-In:21	174	grating_on	absent	70	red	left	aware	1	0
642.509	0.000	trigger_20	20	642509	Trigger-In:20	174	grating_off	absent	70	red	left	aware	1	0
643.109	0.000	trigger_31	31	643109	Trigger-In:31	174	targets_on_fp_color_change	absent	70	red	left	aware	1	0
643.969	0.000	trigger_201	201	643969	Trigger-In:201	174	trial_end_completed	absent	70	red	left	aware	1	0
645.049	0.000	trigger_101	101	645049	Trigger-In:101	175	trial_start	salient	0	green	left	unaware	1	0
645.154	0.000	trigger_11	11	645154	Trigger-In:11	175	fixation_point_on	salient	0	green	left	unaware	1	0
645.754	0.000	trigger_21	21	645754	Trigger-In:21	175	grating_on	salient	0	green	left	unaware	1	0
645.804	0.000	trigger_20	20	645804	Trigger-In:20	175	grating_off	salient	0	green	left	unaware	1	0
646.404	0.000	trigger_31	31	646404	Trigger-In:31	175	targets_on_fp_color_change	salient	0	green	left	unaware	1	0
647.579	0.000	trigger_201	201	647579	Trigger-In:201	175	trial_end_completed	salient	0	green	left	unaware	1	0
648.659	0.000	trigger_101	101	648659	Trigger-In:101	176	trial_start	salient	0	green	left	unaware	1	0
648.764	0.000	trigger_11	11	648764	Trigger-In:11	176	fixation_point_on	salient	0	green	left	unaware	1	0
649.364	0.000	trigger_21	21	649364	Trigger-In:21	176	grating_on	salient	0	green	left	unaware	1	0
649.419	0.000	trigger_20	20	649419	Trigger-In:20	176	grating_off	salient	0	green	left	unaware	1	0
650.019	0.000	trigger_31	31	650019	Trigger-In:31	176	targets_on_fp_color_change	salient	0	green	left	unaware	1	0
651.024	0.000	trigger_201	201	651024	Trigger-In:201	176	trial_end_completed	salient	0	green	left	unaware	1	0
652.104	0.000	trigger_101	101	652104	Trigger-In:101	177	trial_start	salient	0	red	right	unaware	1	0
652.209	0.000	trigger_11	11	652209	Trigger-In:11	177	fixation_point_on	salient	0	red	right	unaware	1	0
652.809	0.000	trigger_21	21	652809	Trigger-In:21	177	grating_on	salient	0	red	right	unaware	1	0
652.859	0.000	trigger_20	20	652859	Trigger-In:20	177	grating_off	salient	0	red	right	unaware	1	0
653.459	0.000	trigger_31	31	653459	Trigger-In:31	177	targets_on_fp_color_change	salient	0	red	right	unaware	1	0
654.359	0.000	trigger_201	201	654359	Trigger-In:201	177	trial_end_completed	salient	0	red	right	unaware	1	0
655.439	0.000	trigger_101	101	655439	Trigger-In:101	178	trial_start	staircase	10	red	left	aware	1	0
655.544	0.000	trigger_11	11	655544	Trigger-In:11	178	fixation_point_on	staircase	10	red	left	aware	1	0
656.144	0.000	trigger_21	21	656144	Trigger-In:21	178	grating_on	staircase	10	red	left	aware	1	0
656.194	0.000	trigger_20	20	656194	Trigger-In:20	178	grating_off	staircase	10	red	left	aware	1	0
656.799	0.000	trigger_31	31	656799	Trigger-In:31	178	targets_on_fp_color_change	staircase	10	red	left	aware	1	0
658.339	0.000	trigger_201	201	658339	Trigger-In:201	178	trial_end_completed	staircase	10	red	left	aware	1	0
659.419	0.000	trigger_101	101	659419	Trigger-In:101	179	trial_start	staircase	9	green	right	aware	1	0
659.524	0.000	trigger_11	11	659524	Trigger-In:11	179	fixation_point_on	staircase	9	green	right	aware	1	0
660.124	0.000	trigger_21	21	660124	Trigger-In:21	179	grating_on	staircase	9	green	right	aware	1	0
660.174	0.000	trigger_20	20	660174	Trigger-In:20	179	grating_off	staircase	9	green	right	aware	1	0
660.774	0.000	trigger_31	31	660774	Trigger-In:31	179	targets_on_fp_color_change	staircase	9	green	right	aware	1	0
661.624	0.000	trigger_201	201	661624	Trigger-In:201	179	trial_end_completed	staircase	9	green	right	aware	1	0
662.709	0.000	trigger_101	101	662709	Trigger-In:101	180	trial_start	salient	0	red	right	unaware	1	0
662.814	0.000	trigger_11	11	662814	Trigger-In:11	180	fixation_point_on	salient	0	red	right	unaware	1	0
663.414	0.000	trigger_21	21	663414	Trigger-In:21	180	grating_on	salient	0	red	right	unaware	1	0
663.464	0.000	trigger_20	20	663464	Trigger-In:20	180	grating_off	salient	0	red	right	unaware	1	0
664.064	0.000	trigger_31	31	664064	Trigger-In:31	180	targets_on_fp_color_change	salient	0	red	right	unaware	1	0
665.209	0.000	trigger_201	201	665209	Trigger-In:201	180	trial_end_completed	salient	0	red	right	unaware	1	0
