onset	duration	trial_type	value	sample	source_annotation	trial	event_name	stim_presence	contrast	fp_color	response	awareness	trial_complete	fixation_break
51.232	0.000	trigger_101	101	51232	Trigger-In:101	1	trial_start	staircase	10	green	left	unaware	1	0
51.702	0.000	trigger_11	11	51702	Trigger-In:11	1	fixation_point_on	staircase	10	green	left	unaware	1	0
52.307	0.000	trigger_21	21	52307	Trigger-In:21	1	grating_on	staircase	10	green	left	unaware	1	0
52.372	0.000	trigger_20	20	52372	Trigger-In:20	1	grating_off	staircase	10	green	left	unaware	1	0
52.977	0.000	trigger_31	31	52977	Trigger-In:31	1	targets_on_fp_color_change	staircase	10	green	left	unaware	1	0
54.177	0.000	trigger_201	201	54177	Trigger-In:201	1	trial_end_completed	staircase	10	green	left	unaware	1	0
55.432	0.000	trigger_101	101	55432	Trigger-In:101	2	trial_start	absent	70	red	left	aware	1	0
55.537	0.000	trigger_11	11	55537	Trigger-In:11	2	fixation_point_on	absent	70	red	left	aware	1	0
56.137	0.000	trigger_21	21	56137	Trigger-In:21	2	grating_on	absent	70	red	left	aware	1	0
56.192	0.000	trigger_20	20	56192	Trigger-In:20	2	grating_off	absent	70	red	left	aware	1	0
56.792	0.000	trigger_31	31	56792	Trigger-In:31	2	targets_on_fp_color_change	absent	70	red	left	aware	1	0
57.897	0.000	trigger_201	201	57897	Trigger-In:201	2	trial_end_completed	absent	70	red	left	aware	1	0
58.987	0.000	trigger_101	101	58987	Trigger-In:101	3	trial_start	staircase	11	red	left	aware	1	0
59.092	0.000	trigger_11	11	59092	Trigger-In:11	3	fixation_point_on	staircase	11	red	left	aware	1	0
59.692	0.000	trigger_21	21	59692	Trigger-In:21	3	grating_on	staircase	11	red	left	aware	1	0
59.742	0.000	trigger_20	20	59742	Trigger-In:20	3	grating_off	staircase	11	red	left	aware	1	0
60.347	0.000	trigger_31	31	60347	Trigger-In:31	3	targets_on_fp_color_change	staircase	11	red	left	aware	1	0
61.427	0.000	trigger_201	201	61427	Trigger-In:201	3	trial_end_completed	staircase	11	red	left	aware	1	0
62.507	0.000	trigger_101	101	62507	Trigger-In:101	4	trial_start	staircase	10	red	left	aware	1	0
62.607	0.000	trigger_11	11	62607	Trigger-In:11	4	fixation_point_on	staircase	10	red	left	aware	1	0
63.207	0.000	trigger_21	21	63207	Trigger-In:21	4	grating_on	staircase	10	red	left	aware	1	0
63.262	0.000	trigger_20	20	63262	Trigger-In:20	4	grating_off	staircase	10	red	left	aware	1	0
63.862	0.000	trigger_31	31	63862	Trigger-In:31	4	targets_on_fp_color_change	staircase	10	red	left	aware	1	0
64.957	0.000	trigger_201	201	64957	Trigger-In:201	4	trial_end_completed	staircase	10	red	left	aware	1	0
66.032	0.000	trigger_101	101	66032	Trigger-In:101	5	trial_start	staircase	9	green	right	aware	1	0
66.137	0.000	trigger_11	11	66137	Trigger-In:11	5	fixation_point_on	staircase	9	green	right	aware	1	0
66.737	0.000	trigger_21	21	66737	Trigger-In:21	5	grating_on	staircase	9	green	right	aware	1	0
66.787	0.000	trigger_20	20	66787	Trigger-In:20	5	grating_off	staircase	9	green	right	aware	1	0
67.387	0.000	trigger_31	31	67387	Trigger-In:31	5	targets_on_fp_color_change	staircase	9	green	right	aware	1	0
69.052	0.000	trigger_201	201	69052	Trigger-In:201	5	trial_end_completed	staircase	9	green	right	aware	1	0
70.132	0.000	trigger_101	101	70132	Trigger-In:101	6	trial_start	absent	70	green	right	aware	1	0
70.237	0.000	trigger_11	11	70237	Trigger-In:11	6	fixation_point_on	absent	70	green	right	aware	1	0
70.837	0.000	trigger_21	21	70837	Trigger-In:21	6	grating_on	absent	70	green	right	aware	1	0
70.887	0.000	trigger_20	20	70887	Trigger-In:20	6	grating_off	absent	70	green	right	aware	1	0
71.487	0.000	trigger_31	31	71487	Trigger-In:31	6	targets_on_fp_color_change	absent	70	green	right	aware	1	0
72.172	0.000	trigger_201	201	72172	Trigger-In:201	6	trial_end_completed	absent	70	green	right	aware	1	0
73.247	0.000	trigger_101	101	73247	Trigger-In:101	7	trial_start	staircase	8	red	left	aware	1	0
73.352	0.000	trigger_11	11	73352	Trigger-In:11	7	fixation_point_on	staircase	8	red	left	aware	1	0
73.952	0.000	trigger_21	21	73952	Trigger-In:21	7	grating_on	staircase	8	red	left	aware	1	0
74.002	0.000	trigger_20	20	74002	Trigger-In:20	7	grating_off	staircase	8	red	left	aware	1	0
74.602	0.000	trigger_31	31	74602	Trigger-In:31	7	targets_on_fp_color_change	staircase	8	red	left	aware	1	0
75.627	0.000	trigger_201	201	75627	Trigger-In:201	7	trial_end_completed	staircase	8	red	left	aware	1	0
76.702	0.000	trigger_101	101	76702	Trigger-In:101	8	trial_start	salient	0	red	right	unaware	1	0
76.807	0.000	trigger_11	11	76807	Trigger-In:11	8	fixation_point_on	salient	0	red	right	unaware	1	0
77.407	0.000	trigger_21	21	77407	Trigger-In:21	8	grating_on	salient	0	red	right	unaware	1	0
77.457	0.000	trigger_20	20	77457	Trigger-In:20	8	grating_off	salient	0	red	right	unaware	1	0
78.057	0.000	trigger_31	31	78057	Trigger-In:31	8	targets_on_fp_color_change	salient	0	red	right	unaware	1	0
78.997	0.000	trigger_201	201	78997	Trigger-In:201	8	trial_end_completed	salient	0	red	right	unaware	1	0
80.072	0.000	trigger_101	101	80072	Trigger-In:101	9	trial_start	salient	0	red	right	unaware	1	0
80.177	0.000	trigger_11	11	80177	Trigger-In:11	9	fixation_point_on	salient	0	red	right	unaware	1	0
80.777	0.000	trigger_21	21	80777	Trigger-In:21	9	grating_on	salient	0	red	right	unaware	1	0
80.827	0.000	trigger_20	20	80827	Trigger-In:20	9	grating_off	salient	0	red	right	unaware	1	0
81.427	0.000	trigger_31	31	81427	Trigger-In:31	9	targets_on_fp_color_change	salient	0	red	right	unaware	1	0
82.182	0.000	trigger_201	201	82182	Trigger-In:201	9	trial_end_completed	salient	0	red	right	unaware	1	0
83.257	0.000	trigger_101	101	83257	Trigger-In:101	10	trial_start	staircase	7	green	left	unaware	1	0
83.362	0.000	trigger_11	11	83362	Trigger-In:11	10	fixation_point_on	staircase	7	green	left	unaware	1	0
83.962	0.000	trigger_21	21	83962	Trigger-In:21	10	grating_on	staircase	7	green	left	unaware	1	0
84.012	0.000	trigger_20	20	84012	Trigger-In:20	10	grating_off	staircase	7	green	left	unaware	1	0
84.612	0.000	trigger_31	31	84612	Trigger-In:31	10	targets_on_fp_color_change	staircase	7	green	left	unaware	1	0
85.372	0.000	trigger_201	201	85372	Trigger-In:201	10	trial_end_completed	staircase	7	green	left	unaware	1	0
86.452	0.000	trigger_101	101	86452	Trigger-In:101	11	trial_start	absent	70	red	left	aware	1	0
86.557	0.000	trigger_11	11	86557	Trigger-In:11	11	fixation_point_on	absent	70	red	left	aware	1	0
87.157	0.000	trigger_21	21	87157	Trigger-In:21	11	grating_on	absent	70	red	left	aware	1	0
87.207	0.000	trigger_20	20	87207	Trigger-In:20	11	grating_off	absent	70	red	left	aware	1	0
87.807	0.000	trigger_31	31	87807	Trigger-In:31	11	targets_on_fp_color_change	absent	70	red	left	aware	1	0
88.507	0.000	trigger_201	201	88507	Trigger-In:201	11	trial_end_completed	absent	70	red	left	aware	1	0
89.582	0.000	trigger_101	101	89582	Trigger-In:101	12	trial_start	staircase	8	red	left	aware	1	0
89.687	0.000	trigger_11	11	89687	Trigger-In:11	12	fixation_point_on	staircase	8	red	left	aware	1	0
90.287	0.000	trigger_21	21	90287	Trigger-In:21	12	grating_on	staircase	8	red	left	aware	1	0
90.337	0.000	trigger_20	20	90337	Trigger-In:20	12	grating_off	staircase	8	red	left	aware	1	0
90.937	0.000	trigger_31	31	90937	Trigger-In:31	12	targets_on_fp_color_change	staircase	8	red	left	aware	1	0
91.722	0.000	trigger_201	201	91722	Trigger-In:201	12	trial_end_completed	staircase	8	red	left	aware	1	0
92.797	0.000	trigger_101	101	92797	Trigger-In:101	13	trial_start	staircase	7	green	right	aware	1	0
92.902	0.000	trigger_11	11	92902	Trigger-In:11	13	fixation_point_on	staircase	7	green	right	aware	1	0
93.502	0.000	trigger_21	21	93502	Trigger-In:21	13	grating_on	staircase	7	green	right	aware	1	0
93.552	0.000	trigger_20	20	93552	Trigger-In:20	13	grating_off	staircase	7	green	right	aware	1	0
94.152	0.000	trigger_31	31	94152	Trigger-In:31	13	targets_on_fp_color_change	staircase	7	green	right	aware	1	0
94.837	0.000	trigger_201	201	94837	Trigger-In:201	13	trial_end_completed	staircase	7	green	right	aware	1	0
95.912	0.000	trigger_101	101	95912	Trigger-In:101	14	trial_start	absent	70	red	left	aware	1	0
96.012	0.000	trigger_11	11	96012	Trigger-In:11	14	fixation_point_on	absent	70	red	left	aware	1	0
96.612	0.000	trigger_21	21	96612	Trigger-In:21	14	grating_on	absent	70	red	left	aware	1	0
96.667	0.000	trigger_20	20	96667	Trigger-In:20	14	grating_off	absent	70	red	left	aware	1	0
97.267	0.000	trigger_31	31	97267	Trigger-In:31	14	targets_on_fp_color_change	absent	70	red	left	aware	1	0
97.907	0.000	trigger_201	201	97907	Trigger-In:201	14	trial_end_completed	absent	70	red	left	aware	1	0
98.982	0.000	trigger_101	101	98982	Trigger-In:101	15	trial_start	staircase	6	red	right	unaware	1	0
99.087	0.000	trigger_11	11	99087	Trigger-In:11	15	fixation_point_on	staircase	6	red	right	unaware	1	0
99.687	0.000	trigger_21	21	99687	Trigger-In:21	15	grating_on	staircase	6	red	right	unaware	1	0
99.737	0.000	trigger_20	20	99737	Trigger-In:20	15	grating_off	staircase	6	red	right	unaware	1	0
100.337	0.000	trigger_31	31	100337	Trigger-In:31	15	targets_on_fp_color_change	staircase	6	red	right	unaware	1	0
101.247	0.000	trigger_201	201	101247	Trigger-In:201	15	trial_end_completed	staircase	6	red	right	unaware	1	0
102.327	0.000	trigger_101	101	102327	Trigger-In:101	16	trial_start	staircase	7	green	left	unaware	1	0
102.427	0.000	trigger_11	11	102427	Trigger-In:11	16	fixation_point_on	staircase	7	green	left	unaware	1	0
103.032	0.000	trigger_21	21	103032	Trigger-In:21	16	grating_on	staircase	7	green	left	unaware	1	0
103.082	0.000	trigger_20	20	103082	Trigger-In:20	16	grating_off	staircase	7	green	left	unaware	1	0
103.682	0.000	trigger_31	31	103682	Trigger-In:31	16	targets_on_fp_color_change	staircase	7	green	left	unaware	1	0
104.732	0.000	trigger_201	201	104732	Trigger-In:201	16	trial_end_completed	staircase	7	green	left	unaware	1	0
105.807	0.000	trigger_101	101	105807	Trigger-In:101	17	trial_start	staircase	8	green	left	unaware	1	0
105.912	0.000	trigger_11	11	105912	Trigger-In:11	17	fixation_point_on	staircase	8	green	left	unaware	1	0
106.512	0.000	trigger_21	21	106512	Trigger-In:21	17	grating_on	staircase	8	green	left	unaware	1	0
106.567	0.000	trigger_20	20	106567	Trigger-In:20	17	grating_off	staircase	8	green	left	unaware	1	0
107.167	0.000	trigger_31	31	107167	Trigger-In:31	17	targets_on_fp_color_change	staircase	8	green	left	unaware	1	0
108.032	0.000	trigger_201	201	108032	Trigger-In:201	17	trial_end_completed	staircase	8	green	left	unaware	1	0
109.107	0.000	trigger_101	101	109107	Trigger-In:101	18	trial_start	staircase	9	green	right	aware	1	0
109.207	0.000	trigger_11	11	109207	Trigger-In:11	18	fixation_point_on	staircase	9	green	right	aware	1	0
109.812	0.000	trigger_21	21	109812	Trigger-In:21	18	grating_on	staircase	9	green	right	aware	1	0
109.862	0.000	trigger_20	20	109862	Trigger-In:20	18	grating_off	staircase	9	green	right	aware	1	0
110.462	0.000	trigger_31	31	110462	Trigger-In:31	18	targets_on_fp_color_change	staircase	9	green	right	aware	1	0
111.142	0.000	trigger_201	201	111142	Trigger-In:201	18	trial_end_completed	staircase	9	green	right	aware	1	0
112.217	0.000	trigger_101	101	112217	Trigger-In:101	19	trial_start	staircase	8	green	left	unaware	1	0
112.322	0.000	trigger_11	11	112322	Trigger-In:11	19	fixation_point_on	staircase	8	green	left	unaware	1	0
112.922	0.000	trigger_21	21	112922	Trigger-In:21	19	grating_on	staircase	8	green	left	unaware	1	0
112.972	0.000	trigger_20	20	112972	Trigger-In:20	19	grating_off	staircase	8	green	left	unaware	1	0
113.572	0.000	trigger_31	31	113572	Trigger-In:31	19	targets_on_fp_color_change	staircase	8	green	left	unaware	1	0
114.467	0.000	trigger_201	201	114467	Trigger-In:201	19	trial_end_completed	staircase	8	green	left	unaware	1	0
115.547	0.000	trigger_101	101	115547	Trigger-In:101	20	trial_start	staircase	9	red	left	aware	1	0
115.647	0.000	trigger_11	11	115647	Trigger-In:11	20	fixation_point_on	staircase	9	red	left	aware	1	0
116.247	0.000	trigger_21	21	116247	Trigger-In:21	20	grating_on	staircase	9	red	left	aware	1	0
116.297	0.000	trigger_20	20	116297	Trigger-In:20	20	grating_off	staircase	9	red	left	aware	1	0
116.902	0.000	trigger_31	31	116902	Trigger-In:31	20	targets_on_fp_color_change	staircase	9	red	left	aware	1	0
117.662	0.000	trigger_201	201	117662	Trigger-In:201	20	trial_end_completed	staircase	9	red	left	aware	1	0
118.737	0.000	trigger_101	101	118737	Trigger-In:101	21	trial_start	staircase	8	red	left	aware	1	0
118.837	0.000	trigger_11	11	118837	Trigger-In:11	21	fixation_point_on	staircase	8	red	left	aware	1	0
119.442	0.000	trigger_21	21	119442	Trigger-In:21	21	grating_on	staircase	8	red	left	aware	1	0
119.492	0.000	trigger_20	20	119492	Trigger-In:20	21	grating_off	staircase	8	red	left	aware	1	0
120.092	0.000	trigger_31	31	120092	Trigger-In:31	21	targets_on_fp_color_change	staircase	8	red	left	aware	1	0
121.122	0.000	trigger_201	201	121122	Trigger-In:201	21	trial_end_completed	staircase	8	red	left	aware	1	0
122.197	0.000	trigger_101	101	122197	Trigger-In:101	22	trial_start	salient	0	green	left	unaware	1	0
122.302	0.000	trigger_11	11	122302	Trigger-In:11	22	fixation_point_on	salient	0	green	left	unaware	1	0
122.902	0.000	trigger_21	21	122902	Trigger-In:21	22	grating_on	salient	0	green	left	unaware	1	0
122.952	0.000	trigger_20	20	122952	Trigger-In:20	22	grating_off	salient	0	green	left	unaware	1	0
123.552	0.000	trigger_31	31	123552	Trigger-In:31	22	targets_on_fp_color_change	salient	0	green	left	unaware	1	0
124.277	0.000	trigger_201	201	124277	Trigger-In:201	22	trial_end_completed	salient	0	green	left	unaware	1	0
125.352	0.000	trigger_101	101	125352	Trigger-In:101	23	trial_start	staircase	7	green	left	unaware	1	0
125.457	0.000	trigger_11	11	125457	Trigger-In:11	23	fixation_point_on	staircase	7	green	left	unaware	1	0
126.057	0.000	trigger_21	21	126057	Trigger-In:21	23	grating_on	staircase	7	green	left	unaware	1	0
126.107	0.000	trigger_20	20	126107	Trigger-In:20	23	grating_off	staircase	7	green	left	unaware	1	0
126.707	0.000	trigger_31	31	126707	Trigger-In:31	23	targets_on_fp_color_change	staircase	7	green	left	unaware	1	0
127.512	0.000	trigger_201	201	127512	Trigger-In:201	23	trial_end_completed	staircase	7	green	left	unaware	1	0
128.587	0.000	trigger_101	101	128587	Trigger-In:101	24	trial_start	salient	0	green	left	unaware	1	0
128.692	0.000	trigger_11	11	128692	Trigger-In:11	24	fixation_point_on	salient	0	green	left	unaware	1	0
129.292	0.000	trigger_21	21	129292	Trigger-In:21	24	grating_on	salient	0	green	left	unaware	1	0
129.347	0.000	trigger_20	20	129347	Trigger-In:20	24	grating_off	salient	0	green	left	unaware	1	0
129.952	0.000	trigger_31	31	129952	Trigger-In:31	24	targets_on_fp_color_change	salient	0	green	left	unaware	1	0
130.727	0.000	trigger_201	201	130727	Trigger-In:201	24	trial_end_completed	salient	0	green	left	unaware	1	0
131.807	0.000	trigger_101	101	131807	Trigger-In:101	25	trial_start	salient	0	red	right	unaware	1	0
131.907	0.000	trigger_11	11	131907	Trigger-In:11	25	fixation_point_on	salient	0	red	right	unaware	1	0
132.507	0.000	trigger_21	21	132507	Trigger-In:21	25	grating_on	salient	0	red	right	unaware	1	0
132.562	0.000	trigger_20	20	132562	Trigger-In:20	25	grating_off	salient	0	red	right	unaware	1	0
133.162	0.000	trigger_31	31	133162	Trigger-In:31	25	targets_on_fp_color_change	salient	0	red	right	unaware	1	0
133.902	0.000	trigger_201	201	133902	Trigger-In:201	25	trial_end_completed	salient	0	red	right	unaware	1	0
134.977	0.000	trigger_101	101	134977	Trigger-In:101	26	trial_start	staircase	8	red	right	unaware	1	0
135.077	0.000	trigger_11	11	135077	Trigger-In:11	26	fixation_point_on	staircase	8	red	right	unaware	1	0
135.677	0.000	trigger_21	21	135677	Trigger-In:21	26	grating_on	staircase	8	red	right	unaware	1	0
135.727	0.000	trigger_20	20	135727	Trigger-In:20	26	grating_off	staircase	8	red	right	unaware	1	0
136.332	0.000	trigger_31	31	136332	Trigger-In:31	26	targets_on_fp_color_change	staircase	8	red	right	unaware	1	0
137.332	0.000	trigger_201	201	137332	Trigger-In:201	26	trial_end_completed	staircase	8	red	right	unaware	1	0
138.407	0.000	trigger_101	101	138407	Trigger-In:101	27	trial_start	staircase	9	red	right	unaware	1	0
138.512	0.000	trigger_11	11	138512	Trigger-In:11	27	fixation_point_on	staircase	9	red	right	unaware	1	0
139.112	0.000	trigger_21	21	139112	Trigger-In:21	27	grating_on	staircase	9	red	right	unaware	1	0
139.162	0.000	trigger_20	20	139162	Trigger-In:20	27	grating_off	staircase	9	red	right	unaware	1	0
139.762	0.000	trigger_31	31	139762	Trigger-In:31	27	targets_on_fp_color_change	staircase	9	red	right	unaware	1	0
141.632	0.000	trigger_201	201	141632	Trigger-In:201	27	trial_end_completed	staircase	9	red	right	unaware	1	0
142.707	0.000	trigger_101	101	142707	Trigger-In:101	28	trial_start	absent	70	green	right	aware	1	0
142.812	0.000	trigger_11	11	142812	Trigger-In:11	28	fixation_point_on	absent	70	green	right	aware	1	0
143.412	0.000	trigger_21	21	143412	Trigger-In:21	28	grating_on	absent	70	green	right	aware	1	0
143.462	0.000	trigger_20	20	143462	Trigger-In:20	28	grating_off	absent	70	green	right	aware	1	0
144.067	0.000	trigger_31	31	144067	Trigger-In:31	28	targets_on_fp_color_change	absent	70	green	right	aware	1	0
144.742	0.000	trigger_201	201	144742	Trigger-In:201	28	trial_end_completed	absent	70	green	right	aware	1	0
145.817	0.000	trigger_101	101	145817	Trigger-In:101	29	trial_start	staircase	10	green	right	aware	1	0
145.922	0.000	trigger_11	11	145922	Trigger-In:11	29	fixation_point_on	staircase	10	green	right	aware	1	0
146.522	0.000	trigger_21	21	146522	Trigger-In:21	29	grating_on	staircase	10	green	right	aware	1	0
146.572	0.000	trigger_20	20	146572	Trigger-In:20	29	grating_off	staircase	10	green	right	aware	1	0
147.172	0.000	trigger_31	31	147172	Trigger-In:31	29	targets_on_fp_color_change	staircase	10	green	right	aware	1	0
147.997	0.000	trigger_201	201	147997	Trigger-In:201	29	trial_end_completed	staircase	10	green	right	aware	1	0
149.077	0.000	trigger_101	101	149077	Trigger-In:101	30	trial_start	staircase	9	green	left	unaware	1	0
149.177	0.000	trigger_11	11	149177	Trigger-In:11	30	fixation_point_on	staircase	9	green	left	unaware	1	0
149.777	0.000	trigger_21	21	149777	Trigger-In:21	30	grating_on	staircase	9	green	left	unaware	1	0
149.832	0.000	trigger_20	20	149832	Trigger-In:20	30	grating_off	staircase	9	green	left	unaware	1	0
150.432	0.000	trigger_31	31	150432	Trigger-In:31	30	targets_on_fp_color_change	staircase	9	green	left	unaware	1	0
151.192	0.000	trigger_201	201	151192	Trigger-In:201	30	trial_end_completed	staircase	9	green	left	unaware	1	0
152.267	0.000	trigger_101	101	152267	Trigger-In:101	31	trial_start	salient	0	red	right	unaware	1	0
152.367	0.000	trigger_11	11	152367	Trigger-In:11	31	fixation_point_on	salient	0	red	right	unaware	1	0
152.967	0.000	trigger_21	21	152967	Trigger-In:21	31	grating_on	salient	0	red	right	unaware	1	0
153.022	0.000	trigger_20	20	153022	Trigger-In:20	31	grating_off	salient	0	red	right	unaware	1	0
153.622	0.000	trigger_31	31	153622	Trigger-In:31	31	targets_on_fp_color_change	salient	0	red	right	unaware	1	0
154.492	0.000	trigger_201	201	154492	Trigger-In:201	31	trial_end_completed	salient	0	red	right	unaware	1	0
155.567	0.000	trigger_101	101	155567	Trigger-In:101	32	trial_start	staircase	10	green	right	aware	1	0
155.667	0.000	trigger_11	11	155667	Trigger-In:11	32	fixation_point_on	staircase	10	green	right	aware	1	0
156.267	0.000	trigger_21	21	156267	Trigger-In:21	32	grating_on	staircase	10	green	right	aware	1	0
156.322	0.000	trigger_20	20	156322	Trigger-In:20	32	grating_off	staircase	10	green	right	aware	1	0
156.922	0.000	trigger_31	31	156922	Trigger-In:31	32	targets_on_fp_color_change	staircase	10	green	right	aware	1	0
157.577	0.000	trigger_201	201	157577	Trigger-In:201	32	trial_end_completed	staircase	10	green	right	aware	1	0
158.652	0.000	trigger_101	101	158652	Trigger-In:101	33	trial_start	staircase	9	red	right	unaware	1	0
158.752	0.000	trigger_11	11	158752	Trigger-In:11	33	fixation_point_on	staircase	9	red	right	unaware	1	0
159.352	0.000	trigger_21	21	159352	Trigger-In:21	33	grating_on	staircase	9	red	right	unaware	1	0
159.402	0.000	trigger_20	20	159402	Trigger-In:20	33	grating_off	staircase	9	red	right	unaware	1	0
160.007	0.000	trigger_31	31	160007	Trigger-In:31	33	targets_on_fp_color_change	staircase	9	red	right	unaware	1	0
161.507	0.000	trigger_201	201	161507	Trigger-In:201	33	trial_end_completed	staircase	9	red	right	unaware	1	0
162.582	0.000	trigger_101	101	162582	Trigger-In:101	34	trial_start	staircase	10	green	right	aware	1	0
162.682	0.000	trigger_11	11	162682	Trigger-In:11	34	fixation_point_on	staircase	10	green	right	aware	1	0
163.282	0.000	trigger_21	21	163282	Trigger-In:21	34	grating_on	staircase	10	green	right	aware	1	0
163.332	0.000	trigger_20	20	163332	Trigger-In:20	34	grating_off	staircase	10	green	right	aware	1	0
163.937	0.000	trigger_31	31	163937	Trigger-In:31	34	targets_on_fp_color_change	staircase	10	green	right	aware	1	0
164.592	0.000	trigger_201	201	164592	Trigger-In:201	34	trial_end_completed	staircase	10	green	right	aware	1	0
165.667	0.000	trigger_101	101	165667	Trigger-In:101	35	trial_start	staircase	9	green	right	aware	1	0
165.772	0.000	trigger_11	11	165772	Trigger-In:11	35	fixation_point_on	staircase	9	green	right	aware	1	0
166.372	0.000	trigger_21	21	166372	Trigger-In:21	35	grating_on	staircase	9	green	right	aware	1	0
166.422	0.000	trigger_20	20	166422	Trigger-In:20	35	grating_off	staircase	9	green	right	aware	1	0
167.022	0.000	trigger_31	31	167022	Trigger-In:31	35	targets_on_fp_color_change	staircase	9	green	right	aware	1	0
167.687	0.000	trigger_201	201	167687	Trigger-In:201	35	trial_end_completed	staircase	9	green	right	aware	1	0
168.762	0.000	trigger_101	101	168762	Trigger-In:101	36	trial_start	staircase	8	green	left	unaware	1	0
168.867	0.000	trigger_11	11	168867	Trigger-In:11	36	fixation_point_on	staircase	8	green	left	unaware	1	0
169.467	0.000	trigger_21	21	169467	Trigger-In:21	36	grating_on	staircase	8	green	left	unaware	1	0
169.517	0.000	trigger_20	20	169517	Trigger-In:20	36	grating_off	staircase	8	green	left	unaware	1	0
170.117	0.000	trigger_31	31	170117	Trigger-In:31	36	targets_on_fp_color_change	staircase	8	green	left	unaware	1	0
170.982	0.000	trigger_201	201	170982	Trigger-In:201	36	trial_end_completed	staircase	8	green	left	unaware	1	0
172.052	0.000	trigger_101	101	172052	Trigger-In:101	37	trial_start	staircase	9	red	right	unaware	1	0
172.162	0.000	trigger_11	11	172162	Trigger-In:11	37	fixation_point_on	staircase	9	red	right	unaware	1	0
172.762	0.000	trigger_21	21	172762	Trigger-In:21	37	grating_on	staircase	9	red	right	unaware	1	0
172.812	0.000	trigger_20	20	172812	Trigger-In:20	37	grating_off	staircase	9	red	right	unaware	1	0
173.412	0.000	trigger_31	31	173412	Trigger-In:31	37	targets_on_fp_color_change	staircase	9	red	right	unaware	1	0
174.297	0.000	trigger_201	201	174297	Trigger-In:201	37	trial_end_completed	staircase	9	red	right	unaware	1	0
175.377	0.000	trigger_101	101	175377	Trigger-In:101	38	trial_start	staircase	10	red	right	unaware	1	0
175.477	0.000	trigger_11	11	175477	Trigger-In:11	38	fixation_point_on	staircase	10	red	right	unaware	1	0
176.077	0.000	trigger_21	21	176077	Trigger-In:21	38	grating_on	staircase	10	red	right	unaware	1	0
176.127	0.000	trigger_20	20	176127	Trigger-In:20	38	grating_off	staircase	10	red	right	unaware	1	0
176.727	0.000	trigger_31	31	176727	Trigger-In:31	38	targets_on_fp_color_change	staircase	10	red	right	unaware	1	0
177.517	0.000	trigger_201	201	177517	Trigger-In:201	38	trial_end_completed	staircase	10	red	right	unaware	1	0
178.597	0.000	trigger_101	101	178597	Trigger-In:101	39	trial_start	staircase	11	green	right	aware	1	0
178.702	0.000	trigger_11	11	178702	Trigger-In:11	39	fixation_point_on	staircase	11	green	right	aware	1	0
179.302	0.000	trigger_21	21	179302	Trigger-In:21	39	grating_on	staircase	11	green	right	aware	1	0
179.352	0.000	trigger_20	20	179352	Trigger-In:20	39	grating_off	staircase	11	green	right	aware	1	0
179.952	0.000	trigger_31	31	179952	Trigger-In:31	39	targets_on_fp_color_change	staircase	11	green	right	aware	1	0
180.592	0.000	trigger_201	201	180592	Trigger-In:201	39	trial_end_completed	staircase	11	green	right	aware	1	0
181.667	0.000	trigger_101	101	181667	Trigger-In:101	40	trial_start	staircase	10	red	left	aware	1	0
181.772	0.000	trigger_11	11	181772	Trigger-In:11	40	fixation_point_on	staircase	10	red	left	aware	1	0
182.372	0.000	trigger_21	21	182372	Trigger-In:21	40	grating_on	staircase	10	red	left	aware	1	0
182.427	0.000	trigger_20	20	182427	Trigger-In:20	40	grating_off	staircase	10	red	left	aware	1	0
183.027	0.000	trigger_31	31	183027	Trigger-In:31	40	targets_on_fp_color_change	staircase	10	red	left	aware	1	0
183.717	0.000	trigger_201	201	183717	Trigger-In:201	40	trial_end_completed	staircase	10	red	left	aware	1	0
184.792	0.000	trigger_101	101	184792	Trigger-In:101	41	trial_start	staircase	9	red	right	unaware	1	0
184.902	0.000	trigger_11	11	184902	Trigger-In:11	41	fixation_point_on	staircase	9	red	right	unaware	1	0
185.502	0.000	trigger_21	21	185502	Trigger-In:21	41	grating_on	staircase	9	red	right	unaware	1	0
185.552	0.000	trigger_20	20	185552	Trigger-In:20	41	grating_off	staircase	9	red	right	unaware	1	0
186.152	0.000	trigger_31	31	186152	Trigger-In:31	41	targets_on_fp_color_change	staircase	9	red	right	unaware	1	0
187.312	0.000	trigger_201	201	187312	Trigger-In:201	41	trial_end_completed	staircase	9	red	right	unaware	1	0
188.387	0.000	trigger_101	101	188387	Trigger-In:101	42	trial_start	staircase	10	red	left	aware	1	0
188.492	0.000	trigger_11	11	188492	Trigger-In:11	42	fixation_point_on	staircase	10	red	left	aware	1	0
189.092	0.000	trigger_21	21	189092	Trigger-In:21	42	grating_on	staircase	10	red	left	aware	1	0
189.142	0.000	trigger_20	20	189142	Trigger-In:20	42	grating_off	staircase	10	red	left	aware	1	0
189.742	0.000	trigger_31	31	189742	Trigger-In:31	42	targets_on_fp_color_change	staircase	10	red	left	aware	1	0
190.537	0.000	trigger_201	201	190537	Trigger-In:201	42	trial_end_completed	staircase	10	red	left	aware	1	0
191.612	0.000	trigger_101	101	191612	Trigger-In:101	43	trial_start	staircase	9	green	right	aware	1	0
191.717	0.000	trigger_11	11	191717	Trigger-In:11	43	fixation_point_on	staircase	9	green	right	aware	1	0
192.317	0.000	trigger_21	21	192317	Trigger-In:21	43	grating_on	staircase	9	green	right	aware	1	0
192.367	0.000	trigger_20	20	192367	Trigger-In:20	43	grating_off	staircase	9	green	right	aware	1	0
192.967	0.000	trigger_31	31	192967	Trigger-In:31	43	targets_on_fp_color_change	staircase	9	green	right	aware	1	0
193.612	0.000	trigger_201	201	193612	Trigger-In:201	43	trial_end_completed	staircase	9	green	right	aware	1	0
194.687	0.000	trigger_101	101	194687	Trigger-In:101	44	trial_start	salient	0	red	right	unaware	1	0
194.797	0.000	trigger_11	11	194797	Trigger-In:11	44	fixation_point_on	salient	0	red	right	unaware	1	0
195.397	0.000	trigger_21	21	195397	Trigger-In:21	44	grating_on	salient	0	red	right	unaware	1	0
195.447	0.000	trigger_20	20	195447	Trigger-In:20	44	grating_off	salient	0	red	right	unaware	1	0
196.047	0.000	trigger_31	31	196047	Trigger-In:31	44	targets_on_fp_color_change	salient	0	red	right	unaware	1	0
197.172	0.000	trigger_201	201	197172	Trigger-In:201	44	trial_end_completed	salient	0	red	right	unaware	1	0
198.247	0.000	trigger_101	101	198247	Trigger-In:101	45	trial_start	salient	0	red	right	unaware	1	0
198.347	0.000	trigger_11	11	198347	Trigger-In:11	45	fixation_point_on	salient	0	red	right	unaware	1	0
198.952	0.000	trigger_21	21	198952	Trigger-In:21	45	grating_on	salient	0	red	right	unaware	1	0
199.002	0.000	trigger_20	20	199002	Trigger-In:20	45	grating_off	salient	0	red	right	unaware	1	0
199.602	0.000	trigger_31	31	199602	Trigger-In:31	45	targets_on_fp_color_change	salient	0	red	right	unaware	1	0
200.447	0.000	trigger_201	201	200447	Trigger-In:201	45	trial_end_completed	salient	0	red	right	unaware	1	0
201.527	0.000	trigger_101	101	201527	Trigger-In:101	46	trial_start	staircase	8	red	right	unaware	1	0
201.627	0.000	trigger_11	11	201627	Trigger-In:11	46	fixation_point_on	staircase	8	red	right	unaware	1	0
202.227	0.000	trigger_21	21	202227	Trigger-In:21	46	grating_on	staircase	8	red	right	unaware	1	0
202.277	0.000	trigger_20	20	202277	Trigger-In:20	46	grating_off	staircase	8	red	right	unaware	1	0
202.882	0.000	trigger_31	31	202882	Trigger-In:31	46	targets_on_fp_color_change	staircase	8	red	right	unaware	1	0
203.812	0.000	trigger_201	201	203812	Trigger-In:201	46	trial_end_completed	staircase	8	red	right	unaware	1	0
204.892	0.000	trigger_101	101	204892	Trigger-In:101	47	trial_start	staircase	9	red	left	aware	1	0
204.997	0.000	trigger_11	11	204997	Trigger-In:11	47	fixation_point_on	staircase	9	red	left	aware	1	0
205.597	0.000	trigger_21	21	205597	Trigger-In:21	47	grating_on	staircase	9	red	left	aware	1	0
205.647	0.000	trigger_20	20	205647	Trigger-In:20	47	grating_off	staircase	9	red	left	aware	1	0
206.247	0.000	trigger_31	31	206247	Trigger-In:31	47	targets_on_fp_color_change	staircase	9	red	left	aware	1	0
207.222	0.000	trigger_201	201	207222	Trigger-In:201	47	trial_end_completed	staircase	9	red	left	aware	1	0
208.297	0.000	trigger_101	101	208297	Trigger-In:101	48	trial_start	staircase	8	red	right	unaware	1	0
208.397	0.000	trigger_11	11	208397	Trigger-In:11	48	fixation_point_on	staircase	8	red	right	unaware	1	0
208.997	0.000	trigger_21	21	208997	Trigger-In:21	48	grating_on	staircase	8	red	right	unaware	1	0
209.052	0.000	trigger_20	20	209052	Trigger-In:20	48	grating_off	staircase	8	red	right	unaware	1	0
209.652	0.000	trigger_31	31	209652	Trigger-In:31	48	targets_on_fp_color_change	staircase	8	red	right	unaware	1	0
210.542	0.000	trigger_201	201	210542	Trigger-In:201	48	trial_end_completed	staircase	8	red	right	unaware	1	0
211.617	0.000	trigger_101	101	211617	Trigger-In:101	49	trial_start	staircase	9	green	right	aware	1	0
211.727	0.000	trigger_11	11	211727	Trigger-In:11	49	fixation_point_on	staircase	9	green	right	aware	1	0
212.327	0.000	trigger_21	21	212327	Trigger-In:21	49	grating_on	staircase	9	green	right	aware	1	0
212.377	0.000	trigger_20	20	212377	Trigger-In:20	49	grating_off	staircase	9	green	right	aware	1	0
212.977	0.000	trigger_31	31	212977	Trigger-In:31	49	targets_on_fp_color_change	staircase	9	green	right	aware	1	0
213.642	0.000	trigger_201	201	213642	Trigger-In:201	49	trial_end_completed	staircase	9	green	right	aware	1	0
214.722	0.000	trigger_101	101	214722	Trigger-In:101	50	trial_start	absent	70	green	right	aware	1	0
214.827	0.000	trigger_11	11	214827	Trigger-In:11	50	fixation_point_on	absent	70	green	right	aware	1	0
215.427	0.000	trigger_21	21	215427	Trigger-In:21	50	grating_on	absent	70	green	right	aware	1	0
215.477	0.000	trigger_20	20	215477	Trigger-In:20	50	grating_off	absent	70	green	right	aware	1	0
216.077	0.000	trigger_31	31	216077	Trigger-In:31	50	targets_on_fp_color_change	absent	70	green	right	aware	1	0
216.862	0.000	trigger_201	201	216862	Trigger-In:201	50	trial_end_completed	absent	70	green	right	aware	1	0
217.937	0.000	trigger_101	101	217937	Trigger-In:101	51	trial_start	staircase	8	green	right	aware	1	0
218.037	0.000	trigger_11	11	218037	Trigger-In:11	51	fixation_point_on	staircase	8	green	right	aware	1	0
218.637	0.000	trigger_21	21	218637	Trigger-In:21	51	grating_on	staircase	8	green	right	aware	1	0
218.692	0.000	trigger_20	20	218692	Trigger-In:20	51	grating_off	staircase	8	green	right	aware	1	0
219.292	0.000	trigger_31	31	219292	Trigger-In:31	51	targets_on_fp_color_change	staircase	8	green	right	aware	1	0
220.002	0.000	trigger_201	201	220002	Trigger-In:201	51	trial_end_completed	staircase	8	green	right	aware	1	0
221.082	0.000	trigger_101	101	221082	Trigger-In:101	52	trial_start	absent	70	red	left	aware	1	0
221.182	0.000	trigger_11	11	221182	Trigger-In:11	52	fixation_point_on	absent	70	red	left	aware	1	0
221.782	0.000	trigger_21	21	221782	Trigger-In:21	52	grating_on	absent	70	red	left	aware	1	0
221.832	0.000	trigger_20	20	221832	Trigger-In:20	52	grating_off	absent	70	red	left	aware	1	0
222.432	0.000	trigger_31	31	222432	Trigger-In:31	52	targets_on_fp_color_change	absent	70	red	left	aware	1	0
223.112	0.000	trigger_201	201	223112	Trigger-In:201	52	trial_end_completed	absent	70	red	left	aware	1	0
224.187	0.000	trigger_101	101	224187	Trigger-In:101	53	trial_start	staircase	7	green	left	unaware	1	0
224.292	0.000	trigger_11	11	224292	Trigger-In:11	53	fixation_point_on	staircase	7	green	left	unaware	1	0
224.892	0.000	trigger_21	21	224892	Trigger-In:21	53	grating_on	staircase	7	green	left	unaware	1	0
224.942	0.000	trigger_20	20	224942	Trigger-In:20	53	grating_off	staircase	7	green	left	unaware	1	0
225.542	0.000	trigger_31	31	225542	Trigger-In:31	53	targets_on_fp_color_change	staircase	7	green	left	unaware	1	0
226.332	0.000	trigger_201	201	226332	Trigger-In:201	53	trial_end_completed	staircase	7	green	left	unaware	1	0
227.407	0.000	trigger_101	101	227407	Trigger-In:101	54	trial_start	salient	0	red	right	unaware	1	0
227.507	0.000	trigger_11	11	227507	Trigger-In:11	54	fixation_point_on	salient	0	red	right	unaware	1	0
228.107	0.000	trigger_21	21	228107	Trigger-In:21	54	grating_on	salient	0	red	right	unaware	1	0
228.157	0.000	trigger_20	20	228157	Trigger-In:20	54	grating_off	salient	0	red	right	unaware	1	0
228.762	0.000	trigger_31	31	228762	Trigger-In:31	54	targets_on_fp_color_change	salient	0	red	right	unaware	1	0
229.547	0.000	trigger_201	201	229547	Trigger-In:201	54	trial_end_completed	salient	0	red	right	unaware	1	0
230.622	0.000	trigger_101	101	230622	Trigger-In:101	55	trial_start	staircase	8	green	left	unaware	1	0
230.727	0.000	trigger_11	11	230727	Trigger-In:11	55	fixation_point_on	staircase	8	green	left	unaware	1	0
231.327	0.000	trigger_21	21	231327	Trigger-In:21	55	grating_on	staircase	8	green	left	unaware	1	0
231.382	0.000	trigger_20	20	231382	Trigger-In:20	55	grating_off	staircase	8	green	left	unaware	1	0
231.982	0.000	trigger_31	31	231982	Trigger-In:31	55	targets_on_fp_color_change	staircase	8	green	left	unaware	1	0
232.877	0.000	trigger_201	201	232877	Trigger-In:201	55	trial_end_completed	staircase	8	green	left	unaware	1	0
233.952	0.000	trigger_101	101	233952	Trigger-In:101	56	trial_start	staircase	9	red	right	unaware	1	0
234.057	0.000	trigger_11	11	234057	Trigger-In:11	56	fixation_point_on	staircase	9	red	right	unaware	1	0
234.662	0.000	trigger_21	21	234662	Trigger-In:21	56	grating_on	staircase	9	red	right	unaware	1	0
234.712	0.000	trigger_20	20	234712	Trigger-In:20	56	grating_off	staircase	9	red	right	unaware	1	0
235.312	0.000	trigger_31	31	235312	Trigger-In:31	56	targets_on_fp_color_change	staircase	9	red	right	unaware	1	0
236.102	0.000	trigger_201	201	236102	Trigger-In:201	56	trial_end_completed	staircase	9	red	right	unaware	1	0
237.177	0.000	trigger_101	101	237177	Trigger-In:101	57	trial_start	staircase	10	green	right	aware	1	0
237.282	0.000	trigger_11	11	237282	Trigger-In:11	57	fixation_point_on	staircase	10	green	right	aware	1	0
237.882	0.000	trigger_21	21	237882	Trigger-In:21	57	grating_on	staircase	10	green	right	aware	1	0
237.937	0.000	trigger_20	20	237937	Trigger-In:20	57	grating_off	staircase	10	green	right	aware	1	0
238.537	0.000	trigger_31	31	238537	Trigger-In:31	57	targets_on_fp_color_change	staircase	10	green	right	aware	1	0
239.437	0.000	trigger_201	201	239437	Trigger-In:201	57	trial_end_completed	staircase	10	green	right	aware	1	0
240.517	0.000	trigger_101	101	240517	Trigger-In:101	58	trial_start	staircase	9	green	left	unaware	1	0
240.617	0.000	trigger_11	11	240617	Trigger-In:11	58	fixation_point_on	staircase	9	green	left	unaware	1	0
241.217	0.000	trigger_21	21	241217	Trigger-In:21	58	grating_on	staircase	9	green	left	unaware	1	0
241.272	0.000	trigger_20	20	241272	Trigger-In:20	58	grating_off	staircase	9	green	left	unaware	1	0
241.872	0.000	trigger_31	31	241872	Trigger-In:31	58	targets_on_fp_color_change	staircase	9	green	left	unaware	1	0
243.177	0.000	trigger_201	201	243177	Trigger-In:201	58	trial_end_completed	staircase	9	green	left	unaware	1	0
244.252	0.000	trigger_101	101	244252	Trigger-In:101	59	trial_start	staircase	10	red	left	aware	1	0
244.357	0.000	trigger_11	11	244357	Trigger-In:11	59	fixation_point_on	staircase	10	red	left	aware	1	0
244.957	0.000	trigger_21	21	244957	Trigger-In:21	59	grating_on	staircase	10	red	left	aware	1	0
245.007	0.000	trigger_20	20	245007	Trigger-In:20	59	grating_off	staircase	10	red	left	aware	1	0
245.607	0.000	trigger_31	31	245607	Trigger-In:31	59	targets_on_fp_color_change	staircase	10	red	left	aware	1	0
246.577	0.000	trigger_201	201	246577	Trigger-In:201	59	trial_end_completed	staircase	10	red	left	aware	1	0
247.652	0.000	trigger_101	101	247652	Trigger-In:101	60	trial_start	staircase	9	red	left	aware	1	0
247.757	0.000	trigger_11	11	247757	Trigger-In:11	60	fixation_point_on	staircase	9	red	left	aware	1	0
248.357	0.000	trigger_21	21	248357	Trigger-In:21	60	grating_on	staircase	9	red	left	aware	1	0
248.407	0.000	trigger_20	20	248407	Trigger-In:20	60	grating_off	staircase	9	red	left	aware	1	0
249.007	0.000	trigger_31	31	249007	Trigger-In:31	60	targets_on_fp_color_change	staircase	9	red	left	aware	1	0
250.052	0.000	trigger_201	201	250052	Trigger-In:201	60	trial_end_completed	staircase	9	red	left	aware	1	0
251.127	0.000	trigger_101	101	251127	Trigger-In:101	61	trial_start	salient	0	red	right	unaware	1	0
251.227	0.000	trigger_11	11	251227	Trigger-In:11	61	fixation_point_on	salient	0	red	right	unaware	1	0
251.827	0.000	trigger_21	21	251827	Trigger-In:21	61	grating_on	salient	0	red	right	unaware	1	0
251.877	0.000	trigger_20	20	251877	Trigger-In:20	61	grating_off	salient	0	red	right	unaware	1	0
252.482	0.000	trigger_31	31	252482	Trigger-In:31	61	targets_on_fp_color_change	salient	0	red	right	unaware	1	0
253.282	0.000	trigger_201	201	253282	Trigger-In:201	61	trial_end_completed	salient	0	red	right	unaware	1	0
254.357	0.000	trigger_101	101	254357	Trigger-In:101	62	trial_start	salient	0	green	left	unaware	1	0
254.462	0.000	trigger_11	11	254462	Trigger-In:11	62	fixation_point_on	salient	0	green	left	unaware	1	0
255.062	0.000	trigger_21	21	255062	Trigger-In:21	62	grating_on	salient	0	green	left	unaware	1	0
255.112	0.000	trigger_20	20	255112	Trigger-In:20	62	grating_off	salient	0	green	left	unaware	1	0
255.717	0.000	trigger_31	31	255717	Trigger-In:31	62	targets_on_fp_color_change	salient	0	green	left	unaware	1	0
256.582	0.000	trigger_201	201	256582	Trigger-In:201	62	trial_end_completed	salient	0	green	left	unaware	1	0
257.657	0.000	trigger_101	101	257657	Trigger-In:101	63	trial_start	staircase	8	red	left	aware	1	0
257.762	0.000	trigger_11	11	257762	Trigger-In:11	63	fixation_point_on	staircase	8	red	left	aware	1	0
258.362	0.000	trigger_21	21	258362	Trigger-In:21	63	grating_on	staircase	8	red	left	aware	1	0
258.412	0.000	trigger_20	20	258412	Trigger-In:20	63	grating_off	staircase	8	red	left	aware	1	0
259.012	0.000	trigger_31	31	259012	Trigger-In:31	63	targets_on_fp_color_change	staircase	8	red	left	aware	1	0
259.932	0.000	trigger_201	201	259932	Trigger-In:201	63	trial_end_completed	staircase	8	red	left	aware	1	0
261.012	0.000	trigger_101	101	261012	Trigger-In:101	64	trial_start	absent	70	green	right	aware	1	0
261.112	0.000	trigger_11	11	261112	Trigger-In:11	64	fixation_point_on	absent	70	green	right	aware	1	0
261.712	0.000	trigger_21	21	261712	Trigger-In:21	64	grating_on	absent	70	green	right	aware	1	0
261.762	0.000	trigger_20	20	261762	Trigger-In:20	64	grating_off	absent	70	green	right	aware	1	0
262.367	0.000	trigger_31	31	262367	Trigger-In:31	64	targets_on_fp_color_change	absent	70	green	right	aware	1	0
263.072	0.000	trigger_201	201	263072	Trigger-In:201	64	trial_end_completed	absent	70	green	right	aware	1	0
264.147	0.000	trigger_101	101	264147	Trigger-In:101	65	trial_start	salient	0	red	right	unaware	1	0
264.252	0.000	trigger_11	11	264252	Trigger-In:11	65	fixation_point_on	salient	0	red	right	unaware	1	0
264.852	0.000	trigger_21	21	264852	Trigger-In:21	65	grating_on	salient	0	red	right	unaware	1	0
264.907	0.000	trigger_20	20	264907	Trigger-In:20	65	grating_off	salient	0	red	right	unaware	1	0
265.507	0.000	trigger_31	31	265507	Trigger-In:31	65	targets_on_fp_color_change	salient	0	red	right	unaware	1	0
266.627	0.000	trigger_201	201	266627	Trigger-In:201	65	trial_end_completed	salient	0	red	right	unaware	1	0
267.702	0.000	trigger_101	101	267702	Trigger-In:101	66	trial_start	staircase	7	red	right	unaware	1	0
267.812	0.000	trigger_11	11	267812	Trigger-In:11	66	fixation_point_on	staircase	7	red	right	unaware	1	0
268.412	0.000	trigger_21	21	268412	Trigger-In:21	66	grating_on	staircase	7	red	right	unaware	1	0
268.462	0.000	trigger_20	20	268462	Trigger-In:20	66	grating_off	staircase	7	red	right	unaware	1	0
269.062	0.000	trigger_31	31	269062	Trigger-In:31	66	targets_on_fp_color_change	staircase	7	red	right	unaware	1	0
269.797	0.000	trigger_201	201	269797	Trigger-In:201	66	trial_end_completed	staircase	7	red	right	unaware	1	0
270.877	0.000	trigger_101	101	270877	Trigger-In:101	67	trial_start	staircase	8	green	left	unaware	1	0
270.977	0.000	trigger_11	11	270977	Trigger-In:11	67	fixation_point_on	staircase	8	green	left	unaware	1	0
271.577	0.000	trigger_21	21	271577	Trigger-In:21	67	grating_on	staircase	8	green	left	unaware	1	0
271.627	0.000	trigger_20	20	271627	Trigger-In:20	67	grating_off	staircase	8	green	left	unaware	1	0
272.227	0.000	trigger_31	31	272227	Trigger-In:31	67	targets_on_fp_color_change	staircase	8	green	left	unaware	1	0
273.127	0.000	trigger_201	201	273127	Trigger-In:201	67	trial_end_completed	staircase	8	green	left	unaware	1	0
274.202	0.000	trigger_101	101	274202	Trigger-In:101	68	trial_start	staircase	9	green	right	aware	1	0
274.307	0.000	trigger_11	11	274307	Trigger-In:11	68	fixation_point_on	staircase	9	green	right	aware	1	0
274.907	0.000	trigger_21	21	274907	Trigger-In:21	68	grating_on	staircase	9	green	right	aware	1	0
274.957	0.000	trigger_20	20	274957	Trigger-In:20	68	grating_off	staircase	9	green	right	aware	1	0
275.557	0.000	trigger_31	31	275557	Trigger-In:31	68	targets_on_fp_color_change	staircase	9	green	right	aware	1	0
276.222	0.000	trigger_201	201	276222	Trigger-In:201	68	trial_end_completed	staircase	9	green	right	aware	1	0
277.302	0.000	trigger_101	101	277302	Trigger-In:101	69	trial_start	staircase	8	green	left	unaware	1	0
277.407	0.000	trigger_11	11	277407	Trigger-In:11	69	fixation_point_on	staircase	8	green	left	unaware	1	0
278.007	0.000	trigger_21	21	278007	Trigger-In:21	69	grating_on	staircase	8	green	left	unaware	1	0
278.057	0.000	trigger_20	20	278057	Trigger-In:20	69	grating_off	staircase	8	green	left	unaware	1	0
278.657	0.000	trigger_31	31	278657	Trigger-In:31	69	targets_on_fp_color_change	staircase	8	green	left	unaware	1	0
279.617	0.000	trigger_201	201	279617	Trigger-In:201	69	trial_end_completed	staircase	8	green	left	unaware	1	0
280.692	0.000	trigger_101	101	280692	Trigger-In:101	70	trial_start	salient	0	green	left	unaware	1	0
280.797	0.000	trigger_11	11	280797	Trigger-In:11	70	fixation_point_on	salient	0	green	left	unaware	1	0
281.397	0.000	trigger_21	21	281397	Trigger-In:21	70	grating_on	salient	0	green	left	unaware	1	0
281.447	0.000	trigger_20	20	281447	Trigger-In:20	70	grating_off	salient	0	green	left	unaware	1	0
282.047	0.000	trigger_31	31	282047	Trigger-In:31	70	targets_on_fp_color_change	salient	0	green	left	unaware	1	0
282.927	0.000	trigger_201	201	282927	Trigger-In:201	70	trial_end_completed	salient	0	green	left	unaware	1	0
284.002	0.000	trigger_101	101	284002	Trigger-In:101	71	trial_start	salient	0	red	right	unaware	1	0
284.107	0.000	trigger_11	11	284107	Trigger-In:11	71	fixation_point_on	salient	0	red	right	unaware	1	0
284.712	0.000	trigger_21	21	284712	Trigger-In:21	71	grating_on	salient	0	red	right	unaware	1	0
284.762	0.000	trigger_20	20	284762	Trigger-In:20	71	grating_off	salient	0	red	right	unaware	1	0
285.362	0.000	trigger_31	31	285362	Trigger-In:31	71	targets_on_fp_color_change	salient	0	red	right	unaware	1	0
286.102	0.000	trigger_201	201	286102	Trigger-In:201	71	trial_end_completed	salient	0	red	right	unaware	1	0
287.177	0.000	trigger_101	101	287177	Trigger-In:101	72	trial_start	staircase	9	red	right	unaware	1	0
287.282	0.000	trigger_11	11	287282	Trigger-In:11	72	fixation_point_on	staircase	9	red	right	unaware	1	0
287.882	0.000	trigger_21	21	287882	Trigger-In:21	72	grating_on	staircase	9	red	right	unaware	1	0
287.932	0.000	trigger_20	20	287932	Trigger-In:20	72	grating_off	staircase	9	red	right	unaware	1	0
288.532	0.000	trigger_31	31	288532	Trigger-In:31	72	targets_on_fp_color_change	staircase	9	red	right	unaware	1	0
289.192	0.000	trigger_201	201	289192	Trigger-In:201	72	trial_end_completed	staircase	9	red	right	unaware	1	0
290.267	0.000	trigger_101	101	290267	Trigger-In:101	73	trial_start	staircase	10	green	right	aware	1	0
290.377	0.000	trigger_11	11	290377	Trigger-In:11	73	fixation_point_on	staircase	10	green	right	aware	1	0
290.977	0.000	trigger_21	21	290977	Trigger-In:21	73	grating_on	staircase	10	green	right	aware	1	0
291.027	0.000	trigger_20	20	291027	Trigger-In:20	73	grating_off	staircase	10	green	right	aware	1	0
291.627	0.000	trigger_31	31	291627	Trigger-In:31	73	targets_on_fp_color_change	staircase	10	green	right	aware	1	0
292.312	0.000	trigger_201	201	292312	Trigger-In:201	73	trial_end_completed	staircase	10	green	right	aware	1	0
293.397	0.000	trigger_101	101	293397	Trigger-In:101	74	trial_start	absent	70	green	right	aware	1	0
293.502	0.000	trigger_11	11	293502	Trigger-In:11	74	fixation_point_on	absent	70	green	right	aware	1	0
294.102	0.000	trigger_21	21	294102	Trigger-In:21	74	grating_on	absent	70	green	right	aware	1	0
294.152	0.000	trigger_20	20	294152	Trigger-In:20	74	grating_off	absent	70	green	right	aware	1	0
294.757	0.000	trigger_31	31	294757	Trigger-In:31	74	targets_on_fp_color_change	absent	70	green	right	aware	1	0
295.452	0.000	trigger_201	201	295452	Trigger-In:201	74	trial_end_completed	absent	70	green	right	aware	1	0
296.527	0.000	trigger_101	101	296527	Trigger-In:101	75	trial_start	staircase	9	green	left	unaware	1	0
296.627	0.000	trigger_11	11	296627	Trigger-In:11	75	fixation_point_on	staircase	9	green	left	unaware	1	0
297.227	0.000	trigger_21	21	297227	Trigger-In:21	75	grating_on	staircase	9	green	left	unaware	1	0
297.282	0.000	trigger_20	20	297282	Trigger-In:20	75	grating_off	staircase	9	green	left	unaware	1	0
297.882	0.000	trigger_31	31	297882	Trigger-In:31	75	targets_on_fp_color_change	staircase	9	green	left	unaware	1	0
298.872	0.000	trigger_201	201	298872	Trigger-In:201	75	trial_end_completed	staircase	9	green	left	unaware	1	0
299.952	0.000	trigger_101	101	299952	Trigger-In:101	76	trial_start	staircase	10	green	left	unaware	1	0
300.052	0.000	trigger_11	11	300052	Trigger-In:11	76	fixation_point_on	staircase	10	green	left	unaware	1	0
300.657	0.000	trigger_21	21	300657	Trigger-In:21	76	grating_on	staircase	10	green	left	unaware	1	0
300.707	0.000	trigger_20	20	300707	Trigger-In:20	76	grating_off	staircase	10	green	left	unaware	1	0
301.307	0.000	trigger_31	31	301307	Trigger-In:31	76	targets_on_fp_color_change	staircase	10	green	left	unaware	1	0
302.372	0.000	trigger_201	201	302372	Trigger-In:201	76	trial_end_completed	staircase	10	green	left	unaware	1	0
303.452	0.000	trigger_101	101	303452	Trigger-In:101	77	trial_start	staircase	11	red	right	unaware	1	0
303.557	0.000	trigger_11	11	303557	Trigger-In:11	77	fixation_point_on	staircase	11	red	right	unaware	1	0
304.157	0.000	trigger_21	21	304157	Trigger-In:21	77	grating_on	staircase	11	red	right	unaware	1	0
304.207	0.000	trigger_20	20	304207	Trigger-In:20	77	grating_off	staircase	11	red	right	unaware	1	0
304.812	0.000	trigger_31	31	304812	Trigger-In:31	77	targets_on_fp_color_change	staircase	11	red	right	unaware	1	0
305.707	0.000	trigger_201	201	305707	Trigger-In:201	77	trial_end_completed	staircase	11	red	right	unaware	1	0
306.782	0.000	trigger_101	101	306782	Trigger-In:101	78	trial_start	staircase	12	red	left	aware	1	0
306.882	0.000	trigger_11	11	306882	Trigger-In:11	78	fixation_point_on	staircase	12	red	left	aware	1	0
307.482	0.000	trigger_21	21	307482	Trigger-In:21	78	grating_on	staircase	12	red	left	aware	1	0
307.537	0.000	trigger_20	20	307537	Trigger-In:20	78	grating_off	staircase	12	red	left	aware	1	0
308.137	0.000	trigger_31	31	308137	Trigger-In:31	78	targets_on_fp_color_change	staircase	12	red	left	aware	1	0
308.992	0.000	trigger_201	201	308992	Trigger-In:201	78	trial_end_completed	staircase	12	red	left	aware	1	0
310.067	0.000	trigger_101	101	310067	Trigger-In:101	79	trial_start	salient	0	red	right	unaware	1	0
310.177	0.000	trigger_11	11	310177	Trigger-In:11	79	fixation_point_on	salient	0	red	right	unaware	1	0
310.777	0.000	trigger_21	21	310777	Trigger-In:21	79	grating_on	salient	0	red	right	unaware	1	0
310.827	0.000	trigger_20	20	310827	Trigger-In:20	79	grating_off	salient	0	red	right	unaware	1	0
311.427	0.000	trigger_31	31	311427	Trigger-In:31	79	targets_on_fp_color_change	salient	0	red	right	unaware	1	0
312.262	0.000	trigger_201	201	312262	Trigger-In:201	79	trial_end_completed	salient	0	red	right	unaware	1	0
313.337	0.000	trigger_101	101	313337	Trigger-In:101	80	trial_start	staircase	11	green	right	aware	1	0
313.442	0.000	trigger_11	11	313442	Trigger-In:11	80	fixation_point_on	staircase	11	green	right	aware	1	0
314.042	0.000	trigger_21	21	314042	Trigger-In:21	80	grating_on	staircase	11	green	right	aware	1	0
314.092	0.000	trigger_20	20	314092	Trigger-In:20	80	grating_off	staircase	11	green	right	aware	1	0
314.692	0.000	trigger_31	31	314692	Trigger-In:31	80	targets_on_fp_color_change	staircase	11	green	right	aware	1	0
315.472	0.000	trigger_201	201	315472	Trigger-In:201	80	trial_end_completed	staircase	11	green	right	aware	1	0
316.552	0.000	trigger_101	101	316552	Trigger-In:101	81	trial_start	staircase	10	red	left	aware	1	0
316.652	0.000	trigger_11	11	316652	Trigger-In:11	81	fixation_point_on	staircase	10	red	left	aware	1	0
317.252	0.000	trigger_21	21	317252	Trigger-In:21	81	grating_on	staircase	10	red	left	aware	1	0
317.302	0.000	trigger_20	20	317302	Trigger-In:20	81	grating_off	staircase	10	red	left	aware	1	0
317.902	0.000	trigger_31	31	317902	Trigger-In:31	81	targets_on_fp_color_change	staircase	10	red	left	aware	1	0
318.762	0.000	trigger_201	201	318762	Trigger-In:201	81	trial_end_completed	staircase	10	red	left	aware	1	0
319.837	0.000	trigger_101	101	319837	Trigger-In:101	82	trial_start	staircase	9	green	right	aware	1	0
319.947	0.000	trigger_11	11	319947	Trigger-In:11	82	fixation_point_on	staircase	9	green	right	aware	1	0
320.547	0.000	trigger_21	21	320547	Trigger-In:21	82	grating_on	staircase	9	green	right	aware	1	0
320.597	0.000	trigger_20	20	320597	Trigger-In:20	82	grating_off	staircase	9	green	right	aware	1	0
321.197	0.000	trigger_31	31	321197	Trigger-In:31	82	targets_on_fp_color_change	staircase	9	green	right	aware	1	0
322.447	0.000	trigger_201	201	322447	Trigger-In:201	82	trial_end_completed	staircase	9	green	right	aware	1	0
323.527	0.000	trigger_101	101	323527	Trigger-In:101	83	trial_start	salient	0	green	left	unaware	1	0
323.627	0.000	trigger_11	11	323627	Trigger-In:11	83	fixation_point_on	salient	0	green	left	unaware	1	0
324.227	0.000	trigger_21	21	324227	Trigger-In:21	83	grating_on	salient	0	green	left	unaware	1	0
324.277	0.000	trigger_20	20	324277	Trigger-In:20	83	grating_off	salient	0	green	left	unaware	1	0
324.877	0.000	trigger_31	31	324877	Trigger-In:31	83	targets_on_fp_color_change	salient	0	green	left	unaware	1	0
325.772	0.000	trigger_201	201	325772	Trigger-In:201	83	trial_end_completed	salient	0	green	left	unaware	1	0
326.847	0.000	trigger_101	101	326847	Trigger-In:101	84	trial_start	staircase	8	red	right	unaware	1	0
326.957	0.000	trigger_11	11	326957	Trigger-In:11	84	fixation_point_on	staircase	8	red	right	unaware	1	0
327.557	0.000	trigger_21	21	327557	Trigger-In:21	84	grating_on	staircase	8	red	right	unaware	1	0
327.607	0.000	trigger_20	20	327607	Trigger-In:20	84	grating_off	staircase	8	red	right	unaware	1	0
328.207	0.000	trigger_31	31	328207	Trigger-In:31	84	targets_on_fp_color_change	staircase	8	red	right	unaware	1	0
329.182	0.000	trigger_201	201	329182	Trigger-In:201	84	trial_end_completed	staircase	8	red	right	unaware	1	0
330.257	0.000	trigger_101	101	330257	Trigger-In:101	85	trial_start	salient	0	green	left	unaware	1	0
330.362	0.000	trigger_11	11	330362	Trigger-In:11	85	fixation_point_on	salient	0	green	left	unaware	1	0
330.962	0.000	trigger_21	21	330962	Trigger-In:21	85	grating_on	salient	0	green	left	unaware	1	0
331.017	0.000	trigger_20	20	331017	Trigger-In:20	85	grating_off	salient	0	green	left	unaware	1	0
331.617	0.000	trigger_31	31	331617	Trigger-In:31	85	targets_on_fp_color_change	salient	0	green	left	unaware	1	0
332.572	0.000	trigger_201	201	332572	Trigger-In:201	85	trial_end_completed	salient	0	green	left	unaware	1	0
333.652	0.000	trigger_101	101	333652	Trigger-In:101	86	trial_start	staircase	9	red	right	unaware	1	0
333.752	0.000	trigger_11	11	333752	Trigger-In:11	86	fixation_point_on	staircase	9	red	right	unaware	1	0
334.352	0.000	trigger_21	21	334352	Trigger-In:21	86	grating_on	staircase	9	red	right	unaware	1	0
334.402	0.000	trigger_20	20	334402	Trigger-In:20	86	grating_off	staircase	9	red	right	unaware	1	0
335.002	0.000	trigger_31	31	335002	Trigger-In:31	86	targets_on_fp_color_change	staircase	9	red	right	unaware	1	0
335.917	0.000	trigger_201	201	335917	Trigger-In:201	86	trial_end_completed	staircase	9	red	right	unaware	1	0
336.997	0.000	trigger_101	101	336997	Trigger-In:101	87	trial_start	staircase	10	green	right	aware	1	0
337.097	0.000	trigger_11	11	337097	Trigger-In:11	87	fixation_point_on	staircase	10	green	right	aware	1	0
337.697	0.000	trigger_21	21	337697	Trigger-In:21	87	grating_on	staircase	10	green	right	aware	1	0
337.747	0.000	trigger_20	20	337747	Trigger-In:20	87	grating_off	staircase	10	green	right	aware	1	0
338.347	0.000	trigger_31	31	338347	Trigger-In:31	87	targets_on_fp_color_change	staircase	10	green	right	aware	1	0
339.012	0.000	trigger_201	201	339012	Trigger-In:201	87	trial_end_completed	staircase	10	green	right	aware	1	0
340.087	0.000	trigger_101	101	340087	Trigger-In:101	88	trial_start	staircase	9	red	left	aware	1	0
340.192	0.000	trigger_11	11	340192	Trigger-In:11	88	fixation_point_on	staircase	9	red	left	aware	1	0
340.792	0.000	trigger_21	21	340792	Trigger-In:21	88	grating_on	staircase	9	red	left	aware	1	0
340.847	0.000	trigger_20	20	340847	Trigger-In:20	88	grating_off	staircase	9	red	left	aware	1	0
341.447	0.000	trigger_31	31	341447	Trigger-In:31	88	targets_on_fp_color_change	staircase	9	red	left	aware	1	0
342.147	0.000	trigger_201	201	342147	Trigger-In:201	88	trial_end_completed	staircase	9	red	left	aware	1	0
343.227	0.000	trigger_101	101	343227	Trigger-In:101	89	trial_start	staircase	8	green	left	unaware	1	0
343.332	0.000	trigger_11	11	343332	Trigger-In:11	89	fixation_point_on	staircase	8	green	left	unaware	1	0
343.932	0.000	trigger_21	21	343932	Trigger-In:21	89	grating_on	staircase	8	green	left	unaware	1	0
343.987	0.000	trigger_20	20	343987	Trigger-In:20	89	grating_off	staircase	8	green	left	unaware	1	0
344.587	0.000	trigger_31	31	344587	Trigger-In:31	89	targets_on_fp_color_change	staircase	8	green	left	unaware	1	0
345.652	0.000	trigger_201	201	345652	Trigger-In:201	89	trial_end_completed	staircase	8	green	left	unaware	1	0
346.732	0.000	trigger_101	101	346732	Trigger-In:101	90	trial_start	salient	0	green	left	unaware	1	0
346.837	0.000	trigger_11	11	346837	Trigger-In:11	90	fixation_point_on	salient	0	green	left	unaware	1	0
347.442	0.000	trigger_21	21	347442	Trigger-In:21	90	grating_on	salient	0	green	left	unaware	1	0
347.492	0.000	trigger_20	20	347492	Trigger-In:20	90	grating_off	salient	0	green	left	unaware	1	0
348.092	0.000	trigger_31	31	348092	Trigger-In:31	90	targets_on_fp_color_change	salient	0	green	left	unaware	1	0
349.032	0.000	trigger_201	201	349032	Trigger-In:201	90	trial_end_completed	salient	0	green	left	unaware	1	0
350.107	0.000	trigger_101	101	350107	Trigger-In:101	91	trial_start	staircase	9	red	left	aware	1	0
350.212	0.000	trigger_11	11	350212	Trigger-In:11	91	fixation_point_on	staircase	9	red	left	aware	1	0
350.812	0.000	trigger_21	21	350812	Trigger-In:21	91	grating_on	staircase	9	red	left	aware	1	0
350.867	0.000	trigger_20	20	350867	Trigger-In:20	91	grating_off	staircase	9	red	left	aware	1	0
351.467	0.000	trigger_31	31	351467	Trigger-In:31	91	targets_on_fp_color_change	staircase	9	red	left	aware	1	0
352.367	0.000	trigger_201	201	352367	Trigger-In:201	91	trial_end_completed	staircase	9	red	left	aware	1	0
353.442	0.000	trigger_101	101	353442	Trigger-In:101	92	trial_start	staircase	8	red	left	aware	1	0
353.552	0.000	trigger_11	11	353552	Trigger-In:11	92	fixation_point_on	staircase	8	red	left	aware	1	0
354.152	0.000	trigger_21	21	354152	Trigger-In:21	92	grating_on	staircase	8	red	left	aware	1	0
354.202	0.000	trigger_20	20	354202	Trigger-In:20	92	grating_off	staircase	8	red	left	aware	1	0
354.802	0.000	trigger_31	31	354802	Trigger-In:31	92	targets_on_fp_color_change	staircase	8	red	left	aware	1	0
355.792	0.000	trigger_201	201	355792	Trigger-In:201	92	trial_end_completed	staircase	8	red	left	aware	1	0
356.872	0.000	trigger_101	101	356872	Trigger-In:101	93	trial_start	staircase	7	green	left	unaware	1	0
356.972	0.000	trigger_11	11	356972	Trigger-In:11	93	fixation_point_on	staircase	7	green	left	unaware	1	0
357.572	0.000	trigger_21	21	357572	Trigger-In:21	93	grating_on	staircase	7	green	left	unaware	1	0
357.622	0.000	trigger_20	20	357622	Trigger-In:20	93	grating_off	staircase	7	green	left	unaware	1	0
358.227	0.000	trigger_31	31	358227	Trigger-In:31	93	targets_on_fp_color_change	staircase	7	green	left	unaware	1	0
359.297	0.000	trigger_201	201	359297	Trigger-In:201	93	trial_end_completed	staircase	7	green	left	unaware	1	0
360.377	0.000	trigger_101	101	360377	Trigger-In:101	94	trial_start	salient	0	green	left	unaware	1	0
360.482	0.000	trigger_11	11	360482	Trigger-In:11	94	fixation_point_on	salient	0	green	left	unaware	1	0
361.087	0.000	trigger_21	21	361087	Trigger-In:21	94	grating_on	salient	0	green	left	unaware	1	0
361.137	0.000	trigger_20	20	361137	Trigger-In:20	94	grating_off	salient	0	green	left	unaware	1	0
361.737	0.000	trigger_31	31	361737	Trigger-In:31	94	targets_on_fp_color_change	salient	0	green	left	unaware	1	0
362.882	0.000	trigger_201	201	362882	Trigger-In:201	94	trial_end_completed	salient	0	green	left	unaware	1	0
363.962	0.000	trigger_101	101	363962	Trigger-In:101	95	trial_start	staircase	8	green	left	unaware	1	0
364.067	0.000	trigger_11	11	364067	Trigger-In:11	95	fixation_point_on	staircase	8	green	left	unaware	1	0
364.667	0.000	trigger_21	21	364667	Trigger-In:21	95	grating_on	staircase	8	green	left	unaware	1	0
364.717	0.000	trigger_20	20	364717	Trigger-In:20	95	grating_off	staircase	8	green	left	unaware	1	0
365.317	0.000	trigger_31	31	365317	Trigger-In:31	95	targets_on_fp_color_change	staircase	8	green	left	unaware	1	0
366.212	0.000	trigger_201	201	366212	Trigger-In:201	95	trial_end_completed	staircase	8	green	left	unaware	1	0
367.287	0.000	trigger_101	101	367287	Trigger-In:101	96	trial_start	staircase	9	green	left	unaware	1	0
367.392	0.000	trigger_11	11	367392	Trigger-In:11	96	fixation_point_on	staircase	9	green	left	unaware	1	0
367.997	0.000	trigger_21	21	367997	Trigger-In:21	96	grating_on	staircase	9	green	left	unaware	1	0
368.047	0.000	trigger_20	20	368047	Trigger-In:20	96	grating_off	staircase	9	green	left	unaware	1	0
368.647	0.000	trigger_31	31	368647	Trigger-In:31	96	targets_on_fp_color_change	staircase	9	green	left	unaware	1	0
369.507	0.000	trigger_201	201	369507	Trigger-In:201	96	trial_end_completed	staircase	9	green	left	unaware	1	0
370.582	0.000	trigger_101	101	370582	Trigger-In:101	97	trial_start	staircase	10	red	left	aware	1	0
370.692	0.000	trigger_11	11	370692	Trigger-In:11	97	fixation_point_on	staircase	10	red	left	aware	1	0
371.292	0.000	trigger_21	21	371292	Trigger-In:21	97	grating_on	staircase	10	red	left	aware	1	0
371.342	0.000	trigger_20	20	371342	Trigger-In:20	97	grating_off	staircase	10	red	left	aware	1	0
371.942	0.000	trigger_31	31	371942	Trigger-In:31	97	targets_on_fp_color_change	staircase	10	red	left	aware	1	0
373.122	0.000	trigger_201	201	373122	Trigger-In:201	97	trial_end_completed	staircase	10	red	left	aware	1	0
374.202	0.000	trigger_101	101	374202	Trigger-In:101	98	trial_start	absent	70	red	left	aware	1	0
374.312	0.000	trigger_11	11	374312	Trigger-In:11	98	fixation_point_on	absent	70	red	left	aware	1	0
374.912	0.000	trigger_21	21	374912	Trigger-In:21	98	grating_on	absent	70	red	left	aware	1	0
374.962	0.000	trigger_20	20	374962	Trigger-In:20	98	grating_off	absent	70	red	left	aware	1	0
375.562	0.000	trigger_31	31	375562	Trigger-In:31	98	targets_on_fp_color_change	absent	70	red	left	aware	1	0
377.057	0.000	trigger_201	201	377057	Trigger-In:201	98	trial_end_completed	absent	70	red	left	aware	1	0
378.137	0.000	trigger_101	101	378137	Trigger-In:101	99	trial_start	staircase	9	green	left	unaware	1	0
378.242	0.000	trigger_11	11	378242	Trigger-In:11	99	fixation_point_on	staircase	9	green	left	unaware	1	0
378.842	0.000	trigger_21	21	378842	Trigger-In:21	99	grating_on	staircase	9	green	left	unaware	1	0
378.892	0.000	trigger_20	20	378892	Trigger-In:20	99	grating_off	staircase	9	green	left	unaware	1	0
379.492	0.000	trigger_31	31	379492	Trigger-In:31	99	targets_on_fp_color_change	staircase	9	green	left	unaware	1	0
380.607	0.000	trigger_201	201	380607	Trigger-In:201	99	trial_end_completed	staircase	9	green	left	unaware	1	0
381.687	0.000	trigger_101	101	381687	Trigger-In:101	100	trial_start	salient	0	green	left	unaware	1	0
381.792	0.000	trigger_11	11	381792	Trigger-In:11	100	fixation_point_on	salient	0	green	left	unaware	1	0
382.392	0.000	trigger_21	21	382392	Trigger-In:21	100	grating_on	salient	0	green	left	unaware	1	0
382.442	0.000	trigger_20	20	382442	Trigger-In:20	100	grating_off	salient	0	green	left	unaware	1	0
383.042	0.000	trigger_31	31	383042	Trigger-In:31	100	targets_on_fp_color_change	salient	0	green	left	unaware	1	0
383.952	0.000	trigger_201	201	383952	Trigger-In:201	100	trial_end_completed	salient	0	green	left	unaware	1	0
385.027	0.000	trigger_101	101	385027	Trigger-In:101	101	trial_start	staircase	10	red	left	aware	1	0
385.137	0.000	trigger_11	11	385137	Trigger-In:11	101	fixation_point_on	staircase	10	red	left	aware	1	0
385.737	0.000	trigger_21	21	385737	Trigger-In:21	101	grating_on	staircase	10	red	left	aware	1	0
385.792	0.000	trigger_20	20	385792	Trigger-In:20	101	grating_off	staircase	10	red	left	aware	1	0
386.392	0.000	trigger_31	31	386392	Trigger-In:31	101	targets_on_fp_color_change	staircase	10	red	left	aware	1	0
387.407	0.000	trigger_201	201	387407	Trigger-In:201	101	trial_end_completed	staircase	10	red	left	aware	1	0
388.482	0.000	trigger_101	101	388482	Trigger-In:101	102	trial_start	staircase	9	red	right	unaware	1	0
388.592	0.000	trigger_11	11	388592	Trigger-In:11	102	fixation_point_on	staircase	9	red	right	unaware	1	0
389.192	0.000	trigger_21	21	389192	Trigger-In:21	102	grating_on	staircase	9	red	right	unaware	1	0
389.242	0.000	trigger_20	20	389242	Trigger-In:20	102	grating_off	staircase	9	red	right	unaware	1	0
389.842	0.000	trigger_31	31	389842	Trigger-In:31	102	targets_on_fp_color_change	staircase	9	red	right	unaware	1	0
391.332	0.000	trigger_201	201	391332	Trigger-In:201	102	trial_end_completed	staircase	9	red	right	unaware	1	0
392.412	0.000	trigger_101	101	392412	Trigger-In:101	103	trial_start	staircase	10	red	left	aware	1	0
392.517	0.000	trigger_11	11	392517	Trigger-In:11	103	fixation_point_on	staircase	10	red	left	aware	1	0
393.117	0.000	trigger_21	21	393117	Trigger-In:21	103	grating_on	staircase	10	red	left	aware	1	0
393.167	0.000	trigger_20	20	393167	Trigger-In:20	103	grating_off	staircase	10	red	left	aware	1	0
393.767	0.000	trigger_31	31	393767	Trigger-In:31	103	targets_on_fp_color_change	staircase	10	red	left	aware	1	0
395.232	0.000	trigger_201	201	395232	Trigger-In:201	103	trial_end_completed	staircase	10	red	left	aware	1	0
396.312	0.000	trigger_101	101	396312	Trigger-In:101	104	trial_start	salient	0	green	left	unaware	1	0
396.417	0.000	trigger_11	11	396417	Trigger-In:11	104	fixation_point_on	salient	0	green	left	unaware	1	0
397.017	0.000	trigger_21	21	397017	Trigger-In:21	104	grating_on	salient	0	green	left	unaware	1	0
397.072	0.000	trigger_20	20	397072	Trigger-In:20	104	grating_off	salient	0	green	left	unaware	1	0
397.672	0.000	trigger_31	31	397672	Trigger-In:31	104	targets_on_fp_color_change	salient	0	green	left	unaware	1	0
398.787	0.000	trigger_201	201	398787	Trigger-In:201	104	trial_end_completed	salient	0	green	left	unaware	1	0
399.867	0.000	trigger_101	101	399867	Trigger-In:101	105	trial_start	salient	0	green	left	unaware	1	0
399.967	0.000	trigger_11	11	399967	Trigger-In:11	105	fixation_point_on	salient	0	green	left	unaware	1	0
400.567	0.000	trigger_21	21	400567	Trigger-In:21	105	grating_on	salient	0	green	left	unaware	1	0
400.622	0.000	trigger_20	20	400622	Trigger-In:20	105	grating_off	salient	0	green	left	unaware	1	0
401.222	0.000	trigger_31	31	401222	Trigger-In:31	105	targets_on_fp_color_change	salient	0	green	left	unaware	1	0
402.397	0.000	trigger_201	201	402397	Trigger-In:201	105	trial_end_completed	salient	0	green	left	unaware	1	0
403.472	0.000	trigger_101	101	403472	Trigger-In:101	106	trial_start	salient	0	green	left	unaware	1	0
403.577	0.000	trigger_11	11	403577	Trigger-In:11	106	fixation_point_on	salient	0	green	left	unaware	1	0
404.182	0.000	trigger_21	21	404182	Trigger-In:21	106	grating_on	salient	0	green	left	unaware	1	0
404.232	0.000	trigger_20	20	404232	Trigger-In:20	106	grating_off	salient	0	green	left	unaware	1	0
404.832	0.000	trigger_31	31	404832	Trigger-In:31	106	targets_on_fp_color_change	salient	0	green	left	unaware	1	0
405.682	0.000	trigger_201	201	405682	Trigger-In:201	106	trial_end_completed	salient	0	green	left	unaware	1	0
406.757	0.000	trigger_101	101	406757	Trigger-In:101	107	trial_start	staircase	9	red	right	unaware	1	0
406.867	0.000	trigger_11	11	406867	Trigger-In:11	107	fixation_point_on	staircase	9	red	right	unaware	1	0
407.467	0.000	trigger_21	21	407467	Trigger-In:21	107	grating_on	staircase	9	red	right	unaware	1	0
407.517	0.000	trigger_20	20	407517	Trigger-In:20	107	grating_off	staircase	9	red	right	unaware	1	0
408.117	0.000	trigger_31	31	408117	Trigger-In:31	107	targets_on_fp_color_change	staircase	9	red	right	unaware	1	0
409.127	0.000	trigger_201	201	409127	Trigger-In:201	107	trial_end_completed	staircase	9	red	right	unaware	1	0
410.202	0.000	trigger_101	101	410202	Trigger-In:101	108	trial_start	staircase	10	green	right	aware	1	0
410.312	0.000	trigger_11	11	410312	Trigger-In:11	108	fixation_point_on	staircase	10	green	right	aware	1	0
410.912	0.000	trigger_21	21	410912	Trigger-In:21	108	grating_on	staircase	10	green	right	aware	1	0
410.962	0.000	trigger_20	20	410962	Trigger-In:20	108	grating_off	staircase	10	green	right	aware	1	0
411.562	0.000	trigger_31	31	411562	Trigger-In:31	108	targets_on_fp_color_change	staircase	10	green	right	aware	1	0
412.217	0.000	trigger_201	201	412217	Trigger-In:201	108	trial_end_completed	staircase	10	green	right	aware	1	0
413.292	0.000	trigger_101	101	413292	Trigger-In:101	109	trial_start	staircase	9	red	left	aware	1	0
413.402	0.000	trigger_11	11	413402	Trigger-In:11	109	fixation_point_on	staircase	9	red	left	aware	1	0
414.002	0.000	trigger_21	21	414002	Trigger-In:21	109	grating_on	staircase	9	red	left	aware	1	0
414.052	0.000	trigger_20	20	414052	Trigger-In:20	109	grating_off	staircase	9	red	left	aware	1	0
414.652	0.000	trigger_31	31	414652	Trigger-In:31	109	targets_on_fp_color_change	staircase	9	red	left	aware	1	0
416.502	0.000	trigger_201	201	416502	Trigger-In:201	109	trial_end_completed	staircase	9	red	left	aware	1	0
417.577	0.000	trigger_101	101	417577	Trigger-In:101	110	trial_start	staircase	8	green	left	unaware	1	0
417.682	0.000	trigger_11	11	417682	Trigger-In:11	110	fixation_point_on	staircase	8	green	left	unaware	1	0
418.282	0.000	trigger_21	21	418282	Trigger-In:21	110	grating_on	staircase	8	green	left	unaware	1	0
418.332	0.000	trigger_20	20	418332	Trigger-In:20	110	grating_off	staircase	8	green	left	unaware	1	0
418.937	0.000	trigger_31	31	418937	Trigger-In:31	110	targets_on_fp_color_change	staircase	8	green	left	unaware	1	0
419.962	0.000	trigger_201	201	419962	Trigger-In:201	110	trial_end_completed	staircase	8	green	left	unaware	1	0
421.042	0.000	trigger_101	101	421042	Trigger-In:101	111	trial_start	staircase	9	green	left	unaware	1	0
421.147	0.000	trigger_11	11	421147	Trigger-In:11	111	fixation_point_on	staircase	9	green	left	unaware	1	0
421.747	0.000	trigger_21	21	421747	Trigger-In:21	111	grating_on	staircase	9	green	left	unaware	1	0
421.802	0.000	trigger_20	20	421802	Trigger-In:20	111	grating_off	staircase	9	green	left	unaware	1	0
422.402	0.000	trigger_31	31	422402	Trigger-In:31	111	targets_on_fp_color_change	staircase	9	green	left	unaware	1	0
423.302	0.000	trigger_201	201	423302	Trigger-In:201	111	trial_end_completed	staircase	9	green	left	unaware	1	0
424.382	0.000	trigger_101	101	424382	Trigger-In:101	112	trial_start	staircase	10	red	right	unaware	1	0
424.487	0.000	trigger_11	11	424487	Trigger-In:11	112	fixation_point_on	staircase	10	red	right	unaware	1	0
425.087	0.000	trigger_21	21	425087	Trigger-In:21	112	grating_on	staircase	10	red	right	unaware	1	0
425.137	0.000	trigger_20	20	425137	Trigger-In:20	112	grating_off	staircase	10	red	right	unaware	1	0
425.737	0.000	trigger_31	31	425737	Trigger-In:31	112	targets_on_fp_color_change	staircase	10	red	right	unaware	1	0
426.597	0.000	trigger_201	201	426597	Trigger-In:201	112	trial_end_completed	staircase	10	red	right	unaware	1	0
427.672	0.000	trigger_101	101	427672	Trigger-In:101	113	trial_start	staircase	11	red	right	unaware	1	0
427.777	0.000	trigger_11	11	427777	Trigger-In:11	113	fixation_point_on	staircase	11	red	right	unaware	1	0
428.377	0.000	trigger_21	21	428377	Trigger-In:21	113	grating_on	staircase	11	red	right	unaware	1	0
428.427	0.000	trigger_20	20	428427	Trigger-In:20	113	grating_off	staircase	11	red	right	unaware	1	0
429.027	0.000	trigger_31	31	429027	Trigger-In:31	113	targets_on_fp_color_change	staircase	11	red	right	unaware	1	0
429.967	0.000	trigger_201	201	429967	Trigger-In:201	113	trial_end_completed	staircase	11	red	right	unaware	1	0
431.047	0.000	trigger_101	101	431047	Trigger-In:101	114	trial_start	staircase	12	red	left	aware	1	0
431.152	0.000	trigger_11	11	431152	Trigger-In:11	114	fixation_point_on	staircase	12	red	left	aware	1	0
431.752	0.000	trigger_21	21	431752	Trigger-In:21	114	grating_on	staircase	12	red	left	aware	1	0
431.802	0.000	trigger_20	20	431802	Trigger-In:20	114	grating_off	staircase	12	red	left	aware	1	0
432.402	0.000	trigger_31	31	432402	Trigger-In:31	114	targets_on_fp_color_change	staircase	12	red	left	aware	1	0
433.377	0.000	trigger_201	201	433377	Trigger-In:201	114	trial_end_completed	staircase	12	red	left	aware	1	0
434.457	0.000	trigger_101	101	434457	Trigger-In:101	115	trial_start	staircase	11	red	right	unaware	1	0
434.562	0.000	trigger_11	11	434562	Trigger-In:11	115	fixation_point_on	staircase	11	red	right	unaware	1	0
435.162	0.000	trigger_21	21	435162	Trigger-In:21	115	grating_on	staircase	11	red	right	unaware	1	0
435.212	0.000	trigger_20	20	435212	Trigger-In:20	115	grating_off	staircase	11	red	right	unaware	1	0
435.812	0.000	trigger_31	31	435812	Trigger-In:31	115	targets_on_fp_color_change	staircase	11	red	right	unaware	1	0
436.602	0.000	trigger_201	201	436602	Trigger-In:201	115	trial_end_completed	staircase	11	red	right	unaware	1	0
437.677	0.000	trigger_101	101	437677	Trigger-In:101	116	trial_start	staircase	12	green	right	aware	1	0
437.782	0.000	trigger_11	11	437782	Trigger-In:11	116	fixation_point_on	staircase	12	green	right	aware	1	0
438.382	0.000	trigger_21	21	438382	Trigger-In:21	116	grating_on	staircase	12	green	right	aware	1	0
438.432	0.000	trigger_20	20	438432	Trigger-In:20	116	grating_off	staircase	12	green	right	aware	1	0
439.032	0.000	trigger_31	31	439032	Trigger-In:31	116	targets_on_fp_color_change	staircase	12	green	right	aware	1	0
439.752	0.000	trigger_201	201	439752	Trigger-In:201	116	trial_end_completed	staircase	12	green	right	aware	1	0
440.832	0.000	trigger_101	101	440832	Trigger-In:101	117	trial_start	staircase	11	red	left	aware	1	0
440.932	0.000	trigger_11	11	440932	Trigger-In:11	117	fixation_point_on	staircase	11	red	left	aware	1	0
441.532	0.000	trigger_21	21	441532	Trigger-In:21	117	grating_on	staircase	11	red	left	aware	1	0
441.587	0.000	trigger_20	20	441587	Trigger-In:20	117	grating_off	staircase	11	red	left	aware	1	0
442.187	0.000	trigger_31	31	442187	Trigger-In:31	117	targets_on_fp_color_change	staircase	11	red	left	aware	1	0
443.142	0.000	trigger_201	201	443142	Trigger-In:201	117	trial_end_completed	staircase	11	red	left	aware	1	0
444.222	0.000	trigger_101	101	444222	Trigger-In:101	118	trial_start	absent	70	red	left	aware	1	0
444.327	0.000	trigger_11	11	444327	Trigger-In:11	118	fixation_point_on	absent	70	red	left	aware	1	0
444.927	0.000	trigger_21	21	444927	Trigger-In:21	118	grating_on	absent	70	red	left	aware	1	0
444.977	0.000	trigger_20	20	444977	Trigger-In:20	118	grating_off	absent	70	red	left	aware	1	0
445.577	0.000	trigger_31	31	445577	Trigger-In:31	118	targets_on_fp_color_change	absent	70	red	left	aware	1	0
446.517	0.000	trigger_201	201	446517	Trigger-In:201	118	trial_end_completed	absent	70	red	left	aware	1	0
447.597	0.000	trigger_101	101	447597	Trigger-In:101	119	trial_start	salient	0	green	left	unaware	1	0
447.697	0.000	trigger_11	11	447697	Trigger-In:11	119	fixation_point_on	salient	0	green	left	unaware	1	0
448.297	0.000	trigger_21	21	448297	Trigger-In:21	119	grating_on	salient	0	green	left	unaware	1	0
448.352	0.000	trigger_20	20	448352	Trigger-In:20	119	grating_off	salient	0	green	left	unaware	1	0
448.952	0.000	trigger_31	31	448952	Trigger-In:31	119	targets_on_fp_color_change	salient	0	green	left	unaware	1	0
450.197	0.000	trigger_201	201	450197	Trigger-In:201	119	trial_end_completed	salient	0	green	left	unaware	1	0
451.277	0.000	trigger_101	101	451277	Trigger-In:101	120	trial_start	staircase	10	red	left	aware	1	0
451.382	0.000	trigger_11	11	451382	Trigger-In:11	120	fixation_point_on	staircase	10	red	left	aware	1	0
451.982	0.000	trigger_21	21	451982	Trigger-In:21	120	grating_on	staircase	10	red	left	aware	1	0
452.032	0.000	trigger_20	20	452032	Trigger-In:20	120	grating_off	staircase	10	red	left	aware	1	0
452.632	0.000	trigger_31	31	452632	Trigger-In:31	120	targets_on_fp_color_change	staircase	10	red	left	aware	1	0
453.592	0.000	trigger_201	201	453592	Trigger-In:201	120	trial_end_completed	staircase	10	red	left	aware	1	0
454.667	0.000	trigger_101	101	454667	Trigger-In:101	121	trial_start	salient	0	green	left	unaware	1	0
454.772	0.000	trigger_11	11	454772	Trigger-In:11	121	fixation_point_on	salient	0	green	left	unaware	1	0
455.372	0.000	trigger_21	21	455372	Trigger-In:21	121	grating_on	salient	0	green	left	unaware	1	0
455.427	0.000	trigger_20	20	455427	Trigger-In:20	121	grating_off	salient	0	green	left	unaware	1	0
456.027	0.000	trigger_31	31	456027	Trigger-In:31	121	targets_on_fp_color_change	salient	0	green	left	unaware	1	0
457.062	0.000	trigger_201	201	457062	Trigger-In:201	121	trial_end_completed	salient	0	green	left	unaware	1	0
458.142	0.000	trigger_101	101	458142	Trigger-In:101	122	trial_start	absent	70	red	left	aware	1	0
458.247	0.000	trigger_11	11	458247	Trigger-In:11	122	fixation_point_on	absent	70	red	left	aware	1	0
458.847	0.000	trigger_21	21	458847	Trigger-In:21	122	grating_on	absent	70	red	left	aware	1	0
458.897	0.000	trigger_20	20	458897	Trigger-In:20	122	grating_off	absent	70	red	left	aware	1	0
459.497	0.000	trigger_31	31	459497	Trigger-In:31	122	targets_on_fp_color_change	absent	70	red	left	aware	1	0
460.447	0.000	trigger_201	201	460447	Trigger-In:201	122	trial_end_completed	absent	70	red	left	aware	1	0
461.522	0.000	trigger_101	101	461522	Trigger-In:101	123	trial_start	staircase	9	green	left	unaware	1	0
461.632	0.000	trigger_11	11	461632	Trigger-In:11	123	fixation_point_on	staircase	9	green	left	unaware	1	0
462.232	0.000	trigger_21	21	462232	Trigger-In:21	123	grating_on	staircase	9	green	left	unaware	1	0
462.282	0.000	trigger_20	20	462282	Trigger-In:20	123	grating_off	staircase	9	green	left	unaware	1	0
462.882	0.000	trigger_31	31	462882	Trigger-In:31	123	targets_on_fp_color_change	staircase	9	green	left	unaware	1	0
463.877	0.000	trigger_201	201	463877	Trigger-In:201	123	trial_end_completed	staircase	9	green	left	unaware	1	0
464.957	0.000	trigger_101	101	464957	Trigger-In:101	124	trial_start	staircase	10	red	left	aware	1	0
465.062	0.000	trigger_11	11	465062	Trigger-In:11	124	fixation_point_on	staircase	10	red	left	aware	1	0
465.662	0.000	trigger_21	21	465662	Trigger-In:21	124	grating_on	staircase	10	red	left	aware	1	0
465.712	0.000	trigger_20	20	465712	Trigger-In:20	124	grating_off	staircase	10	red	left	aware	1	0
466.312	0.000	trigger_31	31	466312	Trigger-In:31	124	targets_on_fp_color_change	staircase	10	red	left	aware	1	0
467.217	0.000	trigger_201	201	467217	Trigger-In:201	124	trial_end_completed	staircase	10	red	left	aware	1	0
468.297	0.000	trigger_101	101	468297	Trigger-In:101	125	trial_start	salient	0	red	right	unaware	1	0
468.397	0.000	trigger_11	11	468397	Trigger-In:11	125	fixation_point_on	salient	0	red	right	unaware	1	0
468.997	0.000	trigger_21	21	468997	Trigger-In:21	125	grating_on	salient	0	red	right	unaware	1	0
469.047	0.000	trigger_20	20	469047	Trigger-In:20	125	grating_off	salient	0	red	right	unaware	1	0
469.647	0.000	trigger_31	31	469647	Trigger-In:31	125	targets_on_fp_color_change	salient	0	red	right	unaware	1	0
470.777	0.000	trigger_201	201	470777	Trigger-In:201	125	trial_end_completed	salient	0	red	right	unaware	1	0
471.857	0.000	trigger_101	101	471857	Trigger-In:101	126	trial_start	staircase	9	green	left	unaware	1	0
471.962	0.000	trigger_11	11	471962	Trigger-In:11	126	fixation_point_on	staircase	9	green	left	unaware	1	0
472.562	0.000	trigger_21	21	472562	Trigger-In:21	126	grating_on	staircase	9	green	left	unaware	1	0
472.612	0.000	trigger_20	20	472612	Trigger-In:20	126	grating_off	staircase	9	green	left	unaware	1	0
473.212	0.000	trigger_31	31	473212	Trigger-In:31	126	targets_on_fp_color_change	staircase	9	green	left	unaware	1	0
474.237	0.000	trigger_201	201	474237	Trigger-In:201	126	trial_end_completed	staircase	9	green	left	unaware	1	0
475.312	0.000	trigger_101	101	475312	Trigger-In:101	127	trial_start	staircase	10	red	left	aware	1	0
475.417	0.000	trigger_11	11	475417	Trigger-In:11	127	fixation_point_on	staircase	10	red	left	aware	1	0
476.017	0.000	trigger_21	21	476017	Trigger-In:21	127	grating_on	staircase	10	red	left	aware	1	0
476.067	0.000	trigger_20	20	476067	Trigger-In:20	127	grating_off	staircase	10	red	left	aware	1	0
476.667	0.000	trigger_31	31	476667	Trigger-In:31	127	targets_on_fp_color_change	staircase	10	red	left	aware	1	0
477.622	0.000	trigger_201	201	477622	Trigger-In:201	127	trial_end_completed	staircase	10	red	left	aware	1	0
478.702	0.000	trigger_101	101	478702	Trigger-In:101	128	trial_start	staircase	9	red	right	unaware	1	0
478.807	0.000	trigger_11	11	478807	Trigger-In:11	128	fixation_point_on	staircase	9	red	right	unaware	1	0
479.412	0.000	trigger_21	21	479412	Trigger-In:21	128	grating_on	staircase	9	red	right	unaware	1	0
479.462	0.000	trigger_20	20	479462	Trigger-In:20	128	grating_off	staircase	9	red	right	unaware	1	0
480.062	0.000	trigger_31	31	480062	Trigger-In:31	128	targets_on_fp_color_change	staircase	9	red	right	unaware	1	0
481.012	0.000	trigger_201	201	481012	Trigger-In:201	128	trial_end_completed	staircase	9	red	right	unaware	1	0
482.092	0.000	trigger_101	101	482092	Trigger-In:101	129	trial_start	salient	0	green	left	unaware	1	0
482.192	0.000	trigger_11	11	482192	Trigger-In:11	129	fixation_point_on	salient	0	green	left	unaware	1	0
482.792	0.000	trigger_21	21	482792	Trigger-In:21	129	grating_on	salient	0	green	left	unaware	1	0
482.842	0.000	trigger_20	20	482842	Trigger-In:20	129	grating_off	salient	0	green	left	unaware	1	0
483.447	0.000	trigger_31	31	483447	Trigger-In:31	129	targets_on_fp_color_change	salient	0	green	left	unaware	1	0
484.537	0.000	trigger_201	201	484537	Trigger-In:201	129	trial_end_completed	salient	0	green	left	unaware	1	0
485.617	0.000	trigger_101	101	485617	Trigger-In:101	130	trial_start	absent	70	green	right	aware	1	0
485.717	0.000	trigger_11	11	485717	Trigger-In:11	130	fixation_point_on	absent	70	green	right	aware	1	0
486.317	0.000	trigger_21	21	486317	Trigger-In:21	130	grating_on	absent	70	green	right	aware	1	0
486.372	0.000	trigger_20	20	486372	Trigger-In:20	130	grating_off	absent	70	green	right	aware	1	0
486.972	0.000	trigger_31	31	486972	Trigger-In:31	130	targets_on_fp_color_change	absent	70	green	right	aware	1	0
487.667	0.000	trigger_201	201	487667	Trigger-In:201	130	trial_end_completed	absent	70	green	right	aware	1	0
488.747	0.000	trigger_101	101	488747	Trigger-In:101	131	trial_start	staircase	10	green	left	unaware	1	0
488.847	0.000	trigger_11	11	488847	Trigger-In:11	131	fixation_point_on	staircase	10	green	left	unaware	1	0
489.447	0.000	trigger_21	21	489447	Trigger-In:21	131	grating_on	staircase	10	green	left	unaware	1	0
489.497	0.000	trigger_20	20	489497	Trigger-In:20	131	grating_off	staircase	10	green	left	unaware	1	0
490.097	0.000	trigger_31	31	490097	Trigger-In:31	131	targets_on_fp_color_change	staircase	10	green	left	unaware	1	0
491.087	0.000	trigger_201	201	491087	Trigger-In:201	131	trial_end_completed	staircase	10	green	left	unaware	1	0
492.167	0.000	trigger_101	101	492167	Trigger-In:101	132	trial_start	staircase	11	red	left	aware	1	0
492.272	0.000	trigger_11	11	492272	Trigger-In:11	132	fixation_point_on	staircase	11	red	left	aware	1	0
492.877	0.000	trigger_21	21	492877	Trigger-In:21	132	grating_on	staircase	11	red	left	aware	1	0
492.927	0.000	trigger_20	20	492927	Trigger-In:20	132	grating_off	staircase	11	red	left	aware	1	0
493.527	0.000	trigger_31	31	493527	Trigger-In:31	132	targets_on_fp_color_change	staircase	11	red	left	aware	1	0
494.427	0.000	trigger_201	201	494427	Trigger-In:201	132	trial_end_completed	staircase	11	red	left	aware	1	0
495.502	0.000	trigger_101	101	495502	Trigger-In:101	133	trial_start	absent	70	red	left	aware	1	0
495.612	0.000	trigger_11	11	495612	Trigger-In:11	133	fixation_point_on	absent	70	red	left	aware	1	0
496.212	0.000	trigger_21	21	496212	Trigger-In:21	133	grating_on	absent	70	red	left	aware	1	0
496.262	0.000	trigger_20	20	496262	Trigger-In:20	133	grating_off	absent	70	red	left	aware	1	0
496.862	0.000	trigger_31	31	496862	Trigger-In:31	133	targets_on_fp_color_change	absent	70	red	left	aware	1	0
497.812	0.000	trigger_201	201	497812	Trigger-In:201	133	trial_end_completed	absent	70	red	left	aware	1	0
498.892	0.000	trigger_101	101	498892	Trigger-In:101	134	trial_start	staircase	10	red	left	aware	1	0
498.997	0.000	trigger_11	11	498997	Trigger-In:11	134	fixation_point_on	staircase	10	red	left	aware	1	0
499.597	0.000	trigger_21	21	499597	Trigger-In:21	134	grating_on	staircase	10	red	left	aware	1	0
499.647	0.000	trigger_20	20	499647	Trigger-In:20	134	grating_off	staircase	10	red	left	aware	1	0
500.247	0.000	trigger_31	31	500247	Trigger-In:31	134	targets_on_fp_color_change	staircase	10	red	left	aware	1	0
501.077	0.000	trigger_201	201	501077	Trigger-In:201	134	trial_end_completed	staircase	10	red	left	aware	1	0
502.157	0.000	trigger_101	101	502157	Trigger-In:101	135	trial_start	absent	70	red	left	aware	1	0
502.262	0.000	trigger_11	11	502262	Trigger-In:11	135	fixation_point_on	absent	70	red	left	aware	1	0
502.862	0.000	trigger_21	21	502862	Trigger-In:21	135	grating_on	absent	70	red	left	aware	1	0
502.912	0.000	trigger_20	20	502912	Trigger-In:20	135	grating_off	absent	70	red	left	aware	1	0
503.512	0.000	trigger_31	31	503512	Trigger-In:31	135	targets_on_fp_color_change	absent	70	red	left	aware	1	0
504.292	0.000	trigger_201	201	504292	Trigger-In:201	135	trial_end_completed	absent	70	red	left	aware	1	0
505.372	0.000	trigger_101	101	505372	Trigger-In:101	136	trial_start	staircase	9	green	right	aware	1	0
505.477	0.000	trigger_11	11	505477	Trigger-In:11	136	fixation_point_on	staircase	9	green	right	aware	1	0
506.077	0.000	trigger_21	21	506077	Trigger-In:21	136	grating_on	staircase	9	green	right	aware	1	0
506.132	0.000	trigger_20	20	506132	Trigger-In:20	136	grating_off	staircase	9	green	right	aware	1	0
506.732	0.000	trigger_31	31	506732	Trigger-In:31	136	targets_on_fp_color_change	staircase	9	green	right	aware	1	0
507.847	0.000	trigger_201	201	507847	Trigger-In:201	136	trial_end_completed	staircase	9	green	right	aware	1	0
508.927	0.000	trigger_101	101	508927	Trigger-In:101	137	trial_start	staircase	8	green	left	unaware	1	0
509.032	0.000	trigger_11	11	509032	Trigger-In:11	137	fixation_point_on	staircase	8	green	left	unaware	1	0
509.632	0.000	trigger_21	21	509632	Trigger-In:21	137	grating_on	staircase	8	green	left	unaware	1	0
509.682	0.000	trigger_20	20	509682	Trigger-In:20	137	grating_off	staircase	8	green	left	unaware	1	0
510.282	0.000	trigger_31	31	510282	Trigger-In:31	137	targets_on_fp_color_change	staircase	8	green	left	unaware	1	0
511.287	0.000	trigger_201	201	511287	Trigger-In:201	137	trial_end_completed	staircase	8	green	left	unaware	1	0
512.362	0.000	trigger_101	101	512362	Trigger-In:101	138	trial_start	staircase	9	green	left	unaware	1	0
512.472	0.000	trigger_11	11	512472	Trigger-In:11	138	fixation_point_on	staircase	9	green	left	unaware	1	0
513.072	0.000	trigger_21	21	513072	Trigger-In:21	138	grating_on	staircase	9	green	left	unaware	1	0
513.122	0.000	trigger_20	20	513122	Trigger-In:20	138	grating_off	staircase	9	green	left	unaware	1	0
513.722	0.000	trigger_31	31	513722	Trigger-In:31	138	targets_on_fp_color_change	staircase	9	green	left	unaware	1	0
514.772	0.000	trigger_201	201	514772	Trigger-In:201	138	trial_end_completed	staircase	9	green	left	unaware	1	0
515.852	0.000	trigger_101	101	515852	Trigger-In:101	139	trial_start	staircase	10	green	right	aware	1	0
515.952	0.000	trigger_11	11	515952	Trigger-In:11	139	fixation_point_on	staircase	10	green	right	aware	1	0
516.552	0.000	trigger_21	21	516552	Trigger-In:21	139	grating_on	staircase	10	green	right	aware	1	0
516.602	0.000	trigger_20	20	516602	Trigger-In:20	139	grating_off	staircase	10	green	right	aware	1	0
517.207	0.000	trigger_31	31	517207	Trigger-In:31	139	targets_on_fp_color_change	staircase	10	green	right	aware	1	0
517.907	0.000	trigger_201	201	517907	Trigger-In:201	139	trial_end_completed	staircase	10	green	right	aware	1	0
518.982	0.000	trigger_101	101	518982	Trigger-In:101	140	trial_start	staircase	9	green	left	unaware	1	0
519.092	0.000	trigger_11	11	519092	Trigger-In:11	140	fixation_point_on	staircase	9	green	left	unaware	1	0
519.692	0.000	trigger_21	21	519692	Trigger-In:21	140	grating_on	staircase	9	green	left	unaware	1	0
519.742	0.000	trigger_20	20	519742	Trigger-In:20	140	grating_off	staircase	9	green	left	unaware	1	0
520.342	0.000	trigger_31	31	520342	Trigger-In:31	140	targets_on_fp_color_change	staircase	9	green	left	unaware	1	0
521.272	0.000	trigger_201	201	521272	Trigger-In:201	140	trial_end_completed	staircase	9	green	left	unaware	1	0
522.352	0.000	trigger_101	101	522352	Trigger-In:101	141	trial_start	salient	0	green	left	unaware	1	0
522.457	0.000	trigger_11	11	522457	Trigger-In:11	141	fixation_point_on	salient	0	green	left	unaware	1	0
523.057	0.000	trigger_21	21	523057	Trigger-In:21	141	grating_on	salient	0	green	left	unaware	1	0
523.107	0.000	trigger_20	20	523107	Trigger-In:20	141	grating_off	salient	0	green	left	unaware	1	0
523.707	0.000	trigger_31	31	523707	Trigger-In:31	141	targets_on_fp_color_change	salient	0	green	left	unaware	1	0
524.527	0.000	trigger_201	201	524527	Trigger-In:201	141	trial_end_completed	salient	0	green	left	unaware	1	0
525.607	0.000	trigger_101	101	525607	Trigger-In:101	142	trial_start	salient	0	green	left	unaware	1	0
525.712	0.000	trigger_11	11	525712	Trigger-In:11	142	fixation_point_on	salient	0	green	left	unaware	1	0
526.312	0.000	trigger_21	21	526312	Trigger-In:21	142	grating_on	salient	0	green	left	unaware	1	0
526.362	0.000	trigger_20	20	526362	Trigger-In:20	142	grating_off	salient	0	green	left	unaware	1	0
526.967	0.000	trigger_31	31	526967	Trigger-In:31	142	targets_on_fp_color_change	salient	0	green	left	unaware	1	0
527.752	0.000	trigger_201	201	527752	Trigger-In:201	142	trial_end_completed	salient	0	green	left	unaware	1	0
528.832	0.000	trigger_101	101	528832	Trigger-In:101	143	trial_start	staircase	10	red	left	aware	1	0
528.937	0.000	trigger_11	11	528937	Trigger-In:11	143	fixation_point_on	staircase	10	red	left	aware	1	0
529.537	0.000	trigger_21	21	529537	Trigger-In:21	143	grating_on	staircase	10	red	left	aware	1	0
529.592	0.000	trigger_20	20	529592	Trigger-In:20	143	grating_off	staircase	10	red	left	aware	1	0
530.192	0.000	trigger_31	31	530192	Trigger-In:31	143	targets_on_fp_color_change	staircase	10	red	left	aware	1	0
531.727	0.000	trigger_201	201	531727	Trigger-In:201	143	trial_end_completed	staircase	10	red	left	aware	1	0
532.807	0.000	trigger_101	101	532807	Trigger-In:101	144	trial_start	salient	0	red	right	unaware	1	0
532.912	0.000	trigger_11	11	532912	Trigger-In:11	144	fixation_point_on	salient	0	red	right	unaware	1	0
533.512	0.000	trigger_21	21	533512	Trigger-In:21	144	grating_on	salient	0	red	right	unaware	1	0
533.562	0.000	trigger_20	20	533562	Trigger-In:20	144	grating_off	salient	0	red	right	unaware	1	0
534.162	0.000	trigger_31	31	534162	Trigger-In:31	144	targets_on_fp_color_change	salient	0	red	right	unaware	1	0
535.327	0.000	trigger_201	201	535327	Trigger-In:201	144	trial_end_completed	salient	0	red	right	unaware	1	0
536.407	0.000	trigger_101	101	536407	Trigger-In:101	145	trial_start	staircase	9	red	right	unaware	1	0
536.512	0.000	trigger_11	11	536512	Trigger-In:11	145	fixation_point_on	staircase	9	red	right	unaware	1	0
537.112	0.000	trigger_21	21	537112	Trigger-In:21	145	grating_on	staircase	9	red	right	unaware	1	0
537.162	0.000	trigger_20	20	537162	Trigger-In:20	145	grating_off	staircase	9	red	right	unaware	1	0
537.762	0.000	trigger_31	31	537762	Trigger-In:31	145	targets_on_fp_color_change	staircase	9	red	right	unaware	1	0
538.667	0.000	trigger_201	201	538667	Trigger-In:201	145	trial_end_completed	staircase	9	red	right	unaware	1	0
539.747	0.000	trigger_101	101	539747	Trigger-In:101	146	trial_start	staircase	10	red	right	unaware	1	0
539.847	0.000	trigger_11	11	539847	Trigger-In:11	146	fixation_point_on	staircase	10	red	right	unaware	1	0
540.447	0.000	trigger_21	21	540447	Trigger-In:21	146	grating_on	staircase	10	red	right	unaware	1	0
540.497	0.000	trigger_20	20	540497	Trigger-In:20	146	grating_off	staircase	10	red	right	unaware	1	0
541.097	0.000	trigger_31	31	541097	Trigger-In:31	146	targets_on_fp_color_change	staircase	10	red	right	unaware	1	0
541.857	0.000	trigger_201	201	541857	Trigger-In:201	146	trial_end_completed	staircase	10	red	right	unaware	1	0
542.937	0.000	trigger_101	101	542937	Trigger-In:101	147	trial_start	absent	70	green	right	aware	1	0
543.042	0.000	trigger_11	11	543042	Trigger-In:11	147	fixation_point_on	absent	70	green	right	aware	1	0
543.642	0.000	trigger_21	21	543642	Trigger-In:21	147	grating_on	absent	70	green	right	aware	1	0
543.692	0.000	trigger_20	20	543692	Trigger-In:20	147	grating_off	absent	70	green	right	aware	1	0
544.292	0.000	trigger_31	31	544292	Trigger-In:31	147	targets_on_fp_color_change	absent	70	green	right	aware	1	0
545.017	0.000	trigger_201	201	545017	Trigger-In:201	147	trial_end_completed	absent	70	green	right	aware	1	0
546.097	0.000	trigger_101	101	546097	Trigger-In:101	148	trial_start	staircase	11	green	right	aware	1	0
546.202	0.000	trigger_11	11	546202	Trigger-In:11	148	fixation_point_on	staircase	11	green	right	aware	1	0
546.802	0.000	trigger_21	21	546802	Trigger-In:21	148	grating_on	staircase	11	green	right	aware	1	0
546.852	0.000	trigger_20	20	546852	Trigger-In:20	148	grating_off	staircase	11	green	right	aware	1	0
547.452	0.000	trigger_31	31	547452	Trigger-In:31	148	targets_on_fp_color_change	staircase	11	green	right	aware	1	0
548.142	0.000	trigger_201	201	548142	Trigger-In:201	148	trial_end_completed	staircase	11	green	right	aware	1	0
549.222	0.000	trigger_101	101	549222	Trigger-In:101	149	trial_start	salient	0	green	left	unaware	1	0
549.322	0.000	trigger_11	11	549322	Trigger-In:11	149	fixation_point_on	salient	0	green	left	unaware	1	0
549.922	0.000	trigger_21	21	549922	Trigger-In:21	149	grating_on	salient	0	green	left	unaware	1	0
549.977	0.000	trigger_20	20	549977	Trigger-In:20	149	grating_off	salient	0	green	left	unaware	1	0
550.577	0.000	trigger_31	31	550577	Trigger-In:31	149	targets_on_fp_color_change	salient	0	green	left	unaware	1	0
551.512	0.000	trigger_201	201	551512	Trigger-In:201	149	trial_end_completed	salient	0	green	left	unaware	1	0
552.597	0.000	trigger_101	101	552597	Trigger-In:101	150	trial_start	staircase	10	green	left	unaware	1	0
552.702	0.000	trigger_11	11	552702	Trigger-In:11	150	fixation_point_on	staircase	10	green	left	unaware	1	0
553.302	0.000	trigger_21	21	553302	Trigger-In:21	150	grating_on	staircase	10	green	left	unaware	1	0
553.352	0.000	trigger_20	20	553352	Trigger-In:20	150	grating_off	staircase	10	green	left	unaware	1	0
553.957	0.000	trigger_31	31	553957	Trigger-In:31	150	targets_on_fp_color_change	staircase	10	green	left	unaware	1	0
555.082	0.000	trigger_201	201	555082	Trigger-In:201	150	trial_end_completed	staircase	10	green	left	unaware	1	0
556.162	0.000	trigger_101	101	556162	Trigger-In:101	151	trial_start	staircase	11	red	right	unaware	1	0
556.262	0.000	trigger_11	11	556262	Trigger-In:11	151	fixation_point_on	staircase	11	red	right	unaware	1	0
556.862	0.000	trigger_21	21	556862	Trigger-In:21	151	grating_on	staircase	11	red	right	unaware	1	0
556.912	0.000	trigger_20	20	556912	Trigger-In:20	151	grating_off	staircase	11	red	right	unaware	1	0
557.517	0.000	trigger_31	31	557517	Trigger-In:31	151	targets_on_fp_color_change	staircase	11	red	right	unaware	1	0
558.537	0.000	trigger_201	201	558537	Trigger-In:201	151	trial_end_completed	staircase	11	red	right	unaware	1	0
559.617	0.000	trigger_101	101	559617	Trigger-In:101	152	trial_start	absent	70	red	left	aware	1	0
559.722	0.000	trigger_11	11	559722	Trigger-In:11	152	fixation_point_on	absent	70	red	left	aware	1	0
560.322	0.000	trigger_21	21	560322	Trigger-In:21	152	grating_on	absent	70	red	left	aware	1	0
560.377	0.000	trigger_20	20	560377	Trigger-In:20	152	grating_off	absent	70	red	left	aware	1	0
560.977	0.000	trigger_31	31	560977	Trigger-In:31	152	targets_on_fp_color_change	absent	70	red	left	aware	1	0
563.482	0.000	trigger_201	201	563482	Trigger-In:201	152	trial_end_completed	absent	70	red	left	aware	1	0
564.562	0.000	trigger_101	101	564562	Trigger-In:101	153	trial_start	staircase	12	red	left	aware	1	0
564.662	0.000	trigger_11	11	564662	Trigger-In:11	153	fixation_point_on	staircase	12	red	left	aware	1	0
565.262	0.000	trigger_21	21	565262	Trigger-In:21	153	grating_on	staircase	12	red	left	aware	1	0
565.312	0.000	trigger_20	20	565312	Trigger-In:20	153	grating_off	staircase	12	red	left	aware	1	0
565.912	0.000	trigger_31	31	565912	Trigger-In:31	153	targets_on_fp_color_change	staircase	12	red	left	aware	1	0
567.047	0.000	trigger_201	201	567047	Trigger-In:201	153	trial_end_completed	staircase	12	red	left	aware	1	0
568.122	0.000	trigger_101	101	568122	Trigger-In:101	154	trial_start	staircase	11	green	right	aware	1	0
568.227	0.000	trigger_11	11	568227	Trigger-In:11	154	fixation_point_on	staircase	11	green	right	aware	1	0
568.832	0.000	trigger_21	21	568832	Trigger-In:21	154	grating_on	staircase	11	green	right	aware	1	0
568.882	0.000	trigger_20	20	568882	Trigger-In:20	154	grating_off	staircase	11	green	right	aware	1	0
569.482	0.000	trigger_31	31	569482	Trigger-In:31	154	targets_on_fp_color_change	staircase	11	green	right	aware	1	0
570.147	0.000	trigger_201	201	570147	Trigger-In:201	154	trial_end_completed	staircase	11	green	right	aware	1	0
571.227	0.000	trigger_101	101	571227	Trigger-In:101	155	trial_start	staircase	10	red	left	aware	1	0
571.327	0.000	trigger_11	11	571327	Trigger-In:11	155	fixation_point_on	staircase	10	red	left	aware	1	0
571.927	0.000	trigger_21	21	571927	Trigger-In:21	155	grating_on	staircase	10	red	left	aware	1	0
571.982	0.000	trigger_20	20	571982	Trigger-In:20	155	grating_off	staircase	10	red	left	aware	1	0
572.582	0.000	trigger_31	31	572582	Trigger-In:31	155	targets_on_fp_color_change	staircase	10	red	left	aware	1	0
573.547	0.000	trigger_201	201	573547	Trigger-In:201	155	trial_end_completed	staircase	10	red	left	aware	1	0
574.627	0.000	trigger_101	101	574627	Trigger-In:101	156	trial_start	staircase	9	red	right	unaware	1	0
574.732	0.000	trigger_11	11	574732	Trigger-In:11	156	fixation_point_on	staircase	9	red	right	unaware	1	0
575.332	0.000	trigger_21	21	575332	Trigger-In:21	156	grating_on	staircase	9	red	right	unaware	1	0
575.382	0.000	trigger_20	20	575382	Trigger-In:20	156	grating_off	staircase	9	red	right	unaware	1	0
575.982	0.000	trigger_31	31	575982	Trigger-In:31	156	targets_on_fp_color_change	staircase	9	red	right	unaware	1	0
577.797	0.000	trigger_201	201	577797	Trigger-In:201	156	trial_end_completed	staircase	9	red	right	unaware	1	0
578.877	0.000	trigger_101	101	578877	Trigger-In:101	157	trial_start	staircase	10	red	right	unaware	1	0
578.982	0.000	trigger_11	11	578982	Trigger-In:11	157	fixation_point_on	staircase	10	red	right	unaware	1	0
579.582	0.000	trigger_21	21	579582	Trigger-In:21	157	grating_on	staircase	10	red	right	unaware	1	0
579.632	0.000	trigger_20	20	579632	Trigger-In:20	157	grating_off	staircase	10	red	right	unaware	1	0
580.232	0.000	trigger_31	31	580232	Trigger-In:31	157	targets_on_fp_color_change	staircase	10	red	right	unaware	1	0
581.107	0.000	trigger_201	201	581107	Trigger-In:201	157	trial_end_completed	staircase	10	red	right	unaware	1	0
582.187	0.000	trigger_101	101	582187	Trigger-In:101	158	trial_start	staircase	11	red	left	aware	1	0
582.292	0.000	trigger_11	11	582292	Trigger-In:11	158	fixation_point_on	staircase	11	red	left	aware	1	0
582.892	0.000	trigger_21	21	582892	Trigger-In:21	158	grating_on	staircase	11	red	left	aware	1	0
582.942	0.000	trigger_20	20	582942	Trigger-In:20	158	grating_off	staircase	11	red	left	aware	1	0
583.542	0.000	trigger_31	31	583542	Trigger-In:31	158	targets_on_fp_color_change	staircase	11	red	left	aware	1	0
584.452	0.000	trigger_201	201	584452	Trigger-In:201	158	trial_end_completed	staircase	11	red	left	aware	1	0
585.532	0.000	trigger_101	101	585532	Trigger-In:101	159	trial_start	salient	0	green	left	unaware	1	0
585.637	0.000	trigger_11	11	585637	Trigger-In:11	159	fixation_point_on	salient	0	green	left	unaware	1	0
586.237	0.000	trigger_21	21	586237	Trigger-In:21	159	grating_on	salient	0	green	left	unaware	1	0
586.292	0.000	trigger_20	20	586292	Trigger-In:20	159	grating_off	salient	0	green	left	unaware	1	0
586.892	0.000	trigger_31	31	586892	Trigger-In:31	159	targets_on_fp_color_change	salient	0	green	left	unaware	1	0
587.967	0.000	trigger_201	201	587967	Trigger-In:201	159	trial_end_completed	salient	0	green	left	unaware	1	0
589.042	0.000	trigger_101	101	589042	Trigger-In:101	160	trial_start	salient	0	red	right	unaware	1	0
589.362	0.000	trigger_11	11	589362	Trigger-In:11	160	fixation_point_on	salient	0	red	right	unaware	1	0
589.967	0.000	trigger_21	21	589967	Trigger-In:21	160	grating_on	salient	0	red	right	unaware	1	0
590.017	0.000	trigger_20	20	590017	Trigger-In:20	160	grating_off	salient	0	red	right	unaware	1	0
590.617	0.000	trigger_31	31	590617	Trigger-In:31	160	targets_on_fp_color_change	salient	0	red	right	unaware	1	0
591.632	0.000	trigger_201	201	591632	Trigger-In:201	160	trial_end_completed	salient	0	red	right	unaware	1	0
592.712	0.000	trigger_101	101	592712	Trigger-In:101	161	trial_start	staircase	10	green	right	aware	1	0
592.817	0.000	trigger_11	11	592817	Trigger-In:11	161	fixation_point_on	staircase	10	green	right	aware	1	0
593.417	0.000	trigger_21	21	593417	Trigger-In:21	161	grating_on	staircase	10	green	right	aware	1	0
593.472	0.000	trigger_20	20	593472	Trigger-In:20	161	grating_off	staircase	10	green	right	aware	1	0
594.072	0.000	trigger_31	31	594072	Trigger-In:31	161	targets_on_fp_color_change	staircase	10	green	right	aware	1	0
594.727	0.000	trigger_201	201	594727	Trigger-In:201	161	trial_end_completed	staircase	10	green	right	aware	1	0
595.807	0.000	trigger_101	101	595807	Trigger-In:101	162	trial_start	staircase	9	green	left	unaware	1	0
595.912	0.000	trigger_11	11	595912	Trigger-In:11	162	fixation_point_on	staircase	9	green	left	unaware	1	0
596.512	0.000	trigger_21	21	596512	Trigger-In:21	162	grating_on	staircase	9	green	left	unaware	1	0
596.562	0.000	trigger_20	20	596562	Trigger-In:20	162	grating_off	staircase	9	green	left	unaware	1	0
597.162	0.000	trigger_31	31	597162	Trigger-In:31	162	targets_on_fp_color_change	staircase	9	green	left	unaware	1	0
598.127	0.000	trigger_201	201	598127	Trigger-In:201	162	trial_end_completed	staircase	9	green	left	unaware	1	0
599.207	0.000	trigger_101	101	599207	Trigger-In:101	163	trial_start	salient	0	green	left	unaware	1	0
599.312	0.000	trigger_11	11	599312	Trigger-In:11	163	fixation_point_on	salient	0	green	left	unaware	1	0
599.912	0.000	trigger_21	21	599912	Trigger-In:21	163	grating_on	salient	0	green	left	unaware	1	0
599.967	0.000	trigger_20	20	599967	Trigger-In:20	163	grating_off	salient	0	green	left	unaware	1	0
600.567	0.000	trigger_31	31	600567	Trigger-In:31	163	targets_on_fp_color_change	salient	0	green	left	unaware	1	0
601.397	0.000	trigger_201	201	601397	Trigger-In:201	163	trial_end_completed	salient	0	green	left	unaware	1	0
602.477	0.000	trigger_101	101	602477	Trigger-In:101	164	trial_start	staircase	10	green	left	unaware	1	0
602.582	0.000	trigger_11	11	602582	Trigger-In:11	164	fixation_point_on	staircase	10	green	left	unaware	1	0
603.182	0.000	trigger_21	21	603182	Trigger-In:21	164	grating_on	staircase	10	green	left	unaware	1	0
603.232	0.000	trigger_20	20	603232	Trigger-In:20	164	grating_off	staircase	10	green	left	unaware	1	0
603.832	0.000	trigger_31	31	603832	Trigger-In:31	164	targets_on_fp_color_change	staircase	10	green	left	unaware	1	0
604.612	0.000	trigger_201	201	604612	Trigger-In:201	164	trial_end_completed	staircase	10	green	left	unaware	1	0
605.687	0.000	trigger_101	101	605687	Trigger-In:101	165	trial_start	staircase	11	green	right	aware	1	0
605.792	0.000	trigger_11	11	605792	Trigger-In:11	165	fixation_point_on	staircase	11	green	right	aware	1	0
606.392	0.000	trigger_21	21	606392	Trigger-In:21	165	grating_on	staircase	11	green	right	aware	1	0
606.442	0.000	trigger_20	20	606442	Trigger-In:20	165	grating_off	staircase	11	green	right	aware	1	0
607.042	0.000	trigger_31	31	607042	Trigger-In:31	165	targets_on_fp_color_change	staircase	11	green	right	aware	1	0
607.712	0.000	trigger_201	201	607712	Trigger-In:201	165	trial_end_completed	staircase	11	green	right	aware	1	0
608.792	0.000	trigger_101	101	608792	Trigger-In:101	166	trial_start	staircase	10	red	right	unaware	1	0
608.897	0.000	trigger_11	11	608897	Trigger-In:11	166	fixation_point_on	staircase	10	red	right	unaware	1	0
609.497	0.000	trigger_21	21	609497	Trigger-In:21	166	grating_on	staircase	10	red	right	unaware	1	0
609.547	0.000	trigger_20	20	609547	Trigger-In:20	166	grating_off	staircase	10	red	right	unaware	1	0
610.147	0.000	trigger_31	31	610147	Trigger-In:31	166	targets_on_fp_color_change	staircase	10	red	right	unaware	1	0
611.317	0.000	trigger_201	201	611317	Trigger-In:201	166	trial_end_completed	staircase	10	red	right	unaware	1	0
612.397	0.000	trigger_101	101	612397	Trigger-In:101	167	trial_start	salient	0	green	left	unaware	1	0
612.502	0.000	trigger_11	11	612502	Trigger-In:11	167	fixation_point_on	salient	0	green	left	unaware	1	0
613.107	0.000	trigger_21	21	613107	Trigger-In:21	167	grating_on	salient	0	green	left	unaware	1	0
613.157	0.000	trigger_20	20	613157	Trigger-In:20	167	grating_off	salient	0	green	left	unaware	1	0
613.757	0.000	trigger_31	31	613757	Trigger-In:31	167	targets_on_fp_color_change	salient	0	green	left	unaware	1	0
614.587	0.000	trigger_201	201	614587	Trigger-In:201	167	trial_end_completed	salient	0	green	left	unaware	1	0
615.667	0.000	trigger_101	101	615667	Trigger-In:101	168	trial_start	staircase	11	red	left	aware	1	0
615.772	0.000	trigger_11	11	615772	Trigger-In:11	168	fixation_point_on	staircase	11	red	left	aware	1	0
616.372	0.000	trigger_21	21	616372	Trigger-In:21	168	grating_on	staircase	11	red	left	aware	1	0
616.422	0.000	trigger_20	20	616422	Trigger-In:20	168	grating_off	staircase	11	red	left	aware	1	0
617.022	0.000	trigger_31	31	617022	Trigger-In:31	168	targets_on_fp_color_change	staircase	11	red	left	aware	1	0
617.822	0.000	trigger_201	201	617822	Trigger-In:201	168	trial_end_completed	staircase	11	red	left	aware	1	0
618.942	0.000	trigger_101	101	618942	Trigger-In:101	169	trial_start	staircase	10	green	left	unaware	1	0
619.047	0.000	trigger_11	11	619047	Trigger-In:11	169	fixation_point_on	staircase	10	green	left	unaware	1	0
619.647	0.000	trigger_21	21	619647	Trigger-In:21	169	grating_on	staircase	10	green	left	unaware	1	0
619.697	0.000	trigger_20	20	619697	Trigger-In:20	169	grating_off	staircase	10	green	left	unaware	1	0
620.297	0.000	trigger_31	31	620297	Trigger-In:31	169	targets_on_fp_color_change	staircase	10	green	left	unaware	1	0
621.342	0.000	trigger_201	201	621342	Trigger-In:201	169	trial_end_completed	staircase	10	green	left	unaware	1	0
622.422	0.000	trigger_101	101	622422	Trigger-In:101	170	trial_start	staircase	11	green	left	unaware	1	0
622.527	0.000	trigger_11	11	622527	Trigger-In:11	170	fixation_point_on	staircase	11	green	left	unaware	1	0
623.127	0.000	trigger_21	21	623127	Trigger-In:21	170	grating_on	staircase	11	green	left	unaware	1	0
623.177	0.000	trigger_20	20	623177	Trigger-In:20	170	grating_off	staircase	11	green	left	unaware	1	0
623.782	0.000	trigger_31	31	623782	Trigger-In:31	170	targets_on_fp_color_change	staircase	11	green	left	unaware	1	0
624.737	0.000	trigger_201	201	624737	Trigger-In:201	170	trial_end_completed	staircase	11	green	left	unaware	1	0
625.817	0.000	trigger_101	101	625817	Trigger-In:101	171	trial_start	staircase	12	red	left	aware	1	0
625.922	0.000	trigger_11	11	625922	Trigger-In:11	171	fixation_point_on	staircase	12	red	left	aware	1	0
626.522	0.000	trigger_21	21	626522	Trigger-In:21	171	grating_on	staircase	12	red	left	aware	1	0
626.572	0.000	trigger_20	20	626572	Trigger-In:20	171	grating_off	staircase	12	red	left	aware	1	0
627.172	0.000	trigger_31	31	627172	Trigger-In:31	171	targets_on_fp_color_change	staircase	12	red	left	aware	1	0
628.237	0.000	trigger_201	201	628237	Trigger-In:201	171	trial_end_completed	staircase	12	red	left	aware	1	0
629.317	0.000	trigger_101	101	629317	Trigger-In:101	172	trial_start	staircase	11	red	left	aware	1	0
629.422	0.000	trigger_11	11	629422	Trigger-In:11	172	fixation_point_on	staircase	11	red	left	aware	1	0
630.022	0.000	trigger_21	21	630022	Trigger-In:21	172	grating_on	staircase	11	red	left	aware	1	0
630.072	0.000	trigger_20	20	630072	Trigger-In:20	172	grating_off	staircase	11	red	left	aware	1	0
630.672	0.000	trigger_31	31	630672	Trigger-In:31	172	targets_on_fp_color_change	staircase	11	red	left	aware	1	0
631.592	0.000	trigger_201	201	631592	Trigger-In:201	172	trial_end_completed	staircase	11	red	left	aware	1	0
632.672	0.000	trigger_101	101	632672	Trigger-In:101	173	trial_start	absent	70	green	right	aware	1	0
632.777	0.000	trigger_11	11	632777	Trigger-In:11	173	fixation_point_on	absent	70	green	right	aware	1	0
633.377	0.000	trigger_21	21	633377	Trigger-In:21	173	grating_on	absent	70	green	right	aware	1	0
633.427	0.000	trigger_20	20	633427	Trigger-In:20	173	grating_off	absent	70	green	right	aware	1	0
634.032	0.000	trigger_31	31	634032	Trigger-In:31	173	targets_on_fp_color_change	absent	70	green	right	aware	1	0
634.707	0.000	trigger_201	201	634707	Trigger-In:201	173	trial_end_completed	absent	70	green	right	aware	1	0
635.787	0.000	trigger_101	101	635787	Trigger-In:101	174	trial_start	staircase	10	red	right	unaware	1	0
635.892	0.000	trigger_11	11	635892	Trigger-In:11	174	fixation_point_on	staircase	10	red	right	unaware	1	0
636.492	0.000	trigger_21	21	636492	Trigger-In:21	174	grating_on	staircase	10	red	right	unaware	1	0
636.542	0.000	trigger_20	20	636542	Trigger-In:20	174	grating_off	staircase	10	red	right	unaware	1	0
637.147	0.000	trigger_31	31	637147	Trigger-In:31	174	targets_on_fp_color_change	staircase	10	red	right	unaware	1	0
638.127	0.000	trigger_201	201	638127	Trigger-In:201	174	trial_end_completed	staircase	10	red	right	unaware	1	0
639.207	0.000	trigger_101	101	639207	Trigger-In:101	175	trial_start	salient	0	red	right	unaware	1	0
639.312	0.000	trigger_11	11	639312	Trigger-In:11	175	fixation_point_on	salient	0	red	right	unaware	1	0
639.912	0.000	trigger_21	21	639912	Trigger-In:21	175	grating_on	salient	0	red	right	unaware	1	0
639.962	0.000	trigger_20	20	639962	Trigger-In:20	175	grating_off	salient	0	red	right	unaware	1	0
640.567	0.000	trigger_31	31	640567	Trigger-In:31	175	targets_on_fp_color_change	salient	0	red	right	unaware	1	0
641.392	0.000	trigger_201	201	641392	Trigger-In:201	175	trial_end_completed	salient	0	red	right	unaware	1	0
642.467	0.000	trigger_101	101	642467	Trigger-In:101	176	trial_start	staircase	11	red	left	aware	1	0
642.572	0.000	trigger_11	11	642572	Trigger-In:11	176	fixation_point_on	staircase	11	red	left	aware	1	0
643.172	0.000	trigger_21	21	643172	Trigger-In:21	176	grating_on	staircase	11	red	left	aware	1	0
643.222	0.000	trigger_20	20	643222	Trigger-In:20	176	grating_off	staircase	11	red	left	aware	1	0
643.822	0.000	trigger_31	31	643822	Trigger-In:31	176	targets_on_fp_color_change	staircase	11	red	left	aware	1	0
644.687	0.000	trigger_201	201	644687	Trigger-In:201	176	trial_end_completed	staircase	11	red	left	aware	1	0
645.762	0.000	trigger_101	101	645762	Trigger-In:101	177	trial_start	staircase	10	green	left	unaware	1	0
645.872	0.000	trigger_11	11	645872	Trigger-In:11	177	fixation_point_on	staircase	10	green	left	unaware	1	0
646.472	0.000	trigger_21	21	646472	Trigger-In:21	177	grating_on	staircase	10	green	left	unaware	1	0
646.522	0.000	trigger_20	20	646522	Trigger-In:20	177	grating_off	staircase	10	green	left	unaware	1	0
647.122	0.000	trigger_31	31	647122	Trigger-In:31	177	targets_on_fp_color_change	staircase	10	green	left	unaware	1	0
648.192	0.000	trigger_201	201	648192	Trigger-In:201	177	trial_end_completed	staircase	10	green	left	unaware	1	0
649.272	0.000	trigger_101	101	649272	Trigger-In:101	178	trial_start	staircase	11	red	left	aware	1	0
649.372	0.000	trigger_11	11	649372	Trigger-In:11	178	fixation_point_on	staircase	11	red	left	aware	1	0
649.972	0.000	trigger_21	21	649972	Trigger-In:21	178	grating_on	staircase	11	red	left	aware	1	0
650.022	0.000	trigger_20	20	650022	Trigger-In:20	178	grating_off	staircase	11	red	left	aware	1	0
650.627	0.000	trigger_31	31	650627	Trigger-In:31	178	targets_on_fp_color_change	staircase	11	red	left	aware	1	0
651.562	0.000	trigger_201	201	651562	Trigger-In:201	178	trial_end_completed	staircase	11	red	left	aware	1	0
652.642	0.000	trigger_101	101	652642	Trigger-In:101	179	trial_start	staircase	10	green	right	aware	1	0
652.747	0.000	trigger_11	11	652747	Trigger-In:11	179	fixation_point_on	staircase	10	green	right	aware	1	0
653.347	0.000	trigger_21	21	653347	Trigger-In:21	179	grating_on	staircase	10	green	right	aware	1	0
653.397	0.000	trigger_20	20	653397	Trigger-In:20	179	grating_off	staircase	10	green	right	aware	1	0
653.997	0.000	trigger_31	31	653997	Trigger-In:31	179	targets_on_fp_color_change	staircase	10	green	right	aware	1	0
654.652	0.000	trigger_201	201	654652	Trigger-In:201	179	trial_end_completed	staircase	10	green	right	aware	1	0
655.727	0.000	trigger_101	101	655727	Trigger-In:101	180	trial_start	staircase	9	green	left	unaware	1	0
655.832	0.000	trigger_11	11	655832	Trigger-In:11	180	fixation_point_on	staircase	9	green	left	unaware	1	0
656.432	0.000	trigger_21	21	656432	Trigger-In:21	180	grating_on	staircase	9	green	left	unaware	1	0
656.482	0.000	trigger_20	20	656482	Trigger-In:20	180	grating_off	staircase	9	green	left	unaware	1	0
657.082	0.000	trigger_31	31	657082	Trigger-In:31	180	targets_on_fp_color_change	staircase	9	green	left	unaware	1	0
658.057	0.000	trigger_201	201	658057	Trigger-In:201	180	trial_end_completed	staircase	9	green	left	unaware	1	0
