onset	duration	trial_type	value	sample	source_annotation	trial	event_name	stim_presence	contrast	fp_color	response	awareness	trial_complete	fixation_break
74.881	0.000	trigger_101	101	74881	Trigger-In:101	1	trial_start	salient	0	red	right	unaware	1	0
74.991	0.000	trigger_11	11	74991	Trigger-In:11	1	fixation_point_on	salient	0	red	right	unaware	1	0
75.596	0.000	trigger_21	21	75596	Trigger-In:21	1	grating_on	salient	0	red	right	unaware	1	0
75.656	0.000	trigger_20	20	75656	Trigger-In:20	1	grating_off	salient	0	red	right	unaware	1	0
76.256	0.000	trigger_31	31	76256	Trigger-In:31	1	targets_on_fp_color_change	salient	0	red	right	unaware	1	0
78.861	0.000	trigger_201	201	78861	Trigger-In:201	1	trial_end_completed	salient	0	red	right	unaware	1	0
80.156	0.000	trigger_101	101	80156	Trigger-In:101	2	trial_start	staircase	10	red	right	unaware	1	0
80.261	0.000	trigger_11	11	80261	Trigger-In:11	2	fixation_point_on	staircase	10	red	right	unaware	1	0
80.866	0.000	trigger_21	21	80866	Trigger-In:21	2	grating_on	staircase	10	red	right	unaware	1	0
80.916	0.000	trigger_20	20	80916	Trigger-In:20	2	grating_off	staircase	10	red	right	unaware	1	0
81.516	0.000	trigger_31	31	81516	Trigger-In:31	2	targets_on_fp_color_change	staircase	10	red	right	unaware	1	0
82.636	0.000	trigger_201	201	82636	Trigger-In:201	2	trial_end_completed	staircase	10	red	right	unaware	1	0
83.716	0.000	trigger_101	101	83716	Trigger-In:101	3	trial_start	staircase	11	red	right	unaware	1	0
83.821	0.000	trigger_11	11	83821	Trigger-In:11	3	fixation_point_on	staircase	11	red	right	unaware	1	0
84.421	0.000	trigger_21	21	84421	Trigger-In:21	3	grating_on	staircase	11	red	right	unaware	1	0
84.471	0.000	trigger_20	20	84471	Trigger-In:20	3	grating_off	staircase	11	red	right	unaware	1	0
85.071	0.000	trigger_31	31	85071	Trigger-In:31	3	targets_on_fp_color_change	staircase	11	red	right	unaware	1	0
86.051	0.000	trigger_201	201	86051	Trigger-In:201	3	trial_end_completed	staircase	11	red	right	unaware	1	0
87.131	0.000	trigger_101	101	87131	Trigger-In:101	4	trial_start	staircase	12	green	right	aware	1	0
87.236	0.000	trigger_11	11	87236	Trigger-In:11	4	fixation_point_on	staircase	12	green	right	aware	1	0
87.836	0.000	trigger_21	21	87836	Trigger-In:21	4	grating_on	staircase	12	green	right	aware	1	0
87.886	0.000	trigger_20	20	87886	Trigger-In:20	4	grating_off	staircase	12	green	right	aware	1	0
88.486	0.000	trigger_31	31	88486	Trigger-In:31	4	targets_on_fp_color_change	staircase	12	green	right	aware	1	0
89.181	0.000	trigger_201	201	89181	Trigger-In:201	4	trial_end_completed	staircase	12	green	right	aware	1	0
90.266	0.000	trigger_101	101	90266	Trigger-In:101	5	trial_start	staircase	11	green	right	aware	1	0
90.371	0.000	trigger_11	11	90371	Trigger-In:11	5	fixation_point_on	staircase	11	green	right	aware	1	0
90.971	0.000	trigger_21	21	90971	Trigger-In:21	5	grating_on	staircase	11	green	right	aware	1	0
91.026	0.000	trigger_20	20	91026	Trigger-In:20	5	grating_off	staircase	11	green	right	aware	1	0
91.626	0.000	trigger_31	31	91626	Trigger-In:31	5	targets_on_fp_color_change	staircase	11	green	right	aware	1	0
92.441	0.000	trigger_201	201	92441	Trigger-In:201	5	trial_end_completed	staircase	11	green	right	aware	1	0
93.546	0.000	trigger_101	101	93546	Trigger-In:101	6	trial_start	staircase	10	green	right	aware	1	0
93.651	0.000	trigger_11	11	93651	Trigger-In:11	6	fixation_point_on	staircase	10	green	right	aware	1	0
94.251	0.000	trigger_21	21	94251	Trigger-In:21	6	grating_on	staircase	10	green	right	aware	1	0
94.301	0.000	trigger_20	20	94301	Trigger-In:20	6	grating_off	staircase	10	green	right	aware	1	0
94.901	0.000	trigger_31	31	94901	Trigger-In:31	6	targets_on_fp_color_change	staircase	10	green	right	aware	1	0
95.676	0.000	trigger_201	201	95676	Trigger-In:201	6	trial_end_completed	staircase	10	green	right	aware	1	0
96.756	0.000	trigger_101	101	96756	Trigger-In:101	7	trial_start	absent	70	red	left	aware	1	0
96.861	0.000	trigger_11	11	96861	Trigger-In:11	7	fixation_point_on	absent	70	red	left	aware	1	0
97.461	0.000	trigger_21	21	97461	Trigger-In:21	7	grating_on	absent	70	red	left	aware	1	0
97.511	0.000	trigger_20	20	97511	Trigger-In:20	7	grating_off	absent	70	red	left	aware	1	0
98.111	0.000	trigger_31	31	98111	Trigger-In:31	7	targets_on_fp_color_change	absent	70	red	left	aware	1	0
99.066	0.000	trigger_201	201	99066	Trigger-In:201	7	trial_end_completed	absent	70	red	left	aware	1	0
100.141	0.000	trigger_101	101	100141	Trigger-In:101	8	trial_start	staircase	9	green	left	unaware	1	0
100.246	0.000	trigger_11	11	100246	Trigger-In:11	8	fixation_point_on	staircase	9	green	left	unaware	1	0
100.846	0.000	trigger_21	21	100846	Trigger-In:21	8	grating_on	staircase	9	green	left	unaware	1	0
100.896	0.000	trigger_20	20	100896	Trigger-In:20	8	grating_off	staircase	9	green	left	unaware	1	0
101.496	0.000	trigger_31	31	101496	Trigger-In:31	8	targets_on_fp_color_change	staircase	9	green	left	unaware	1	0
102.831	0.000	trigger_201	201	102831	Trigger-In:201	8	trial_end_completed	staircase	9	green	left	unaware	1	0
103.906	0.000	trigger_101	101	103906	Trigger-In:101	9	trial_start	salient	0	red	right	unaware	1	0
104.146	0.000	trigger_11	11	104146	Trigger-In:11	9	fixation_point_on	salient	0	red	right	unaware	1	0
104.746	0.000	trigger_21	21	104746	Trigger-In:21	9	grating_on	salient	0	red	right	unaware	1	0
104.796	0.000	trigger_20	20	104796	Trigger-In:20	9	grating_off	salient	0	red	right	unaware	1	0
105.396	0.000	trigger_31	31	105396	Trigger-In:31	9	targets_on_fp_color_change	salient	0	red	right	unaware	1	0
106.576	0.000	trigger_201	201	106576	Trigger-In:201	9	trial_end_completed	salient	0	red	right	unaware	1	0
107.651	0.000	trigger_101	101	107651	Trigger-In:101	10	trial_start	staircase	10	red	left	aware	1	0
107.751	0.000	trigger_11	11	107751	Trigger-In:11	10	fixation_point_on	staircase	10	red	left	aware	1	0
108.356	0.000	trigger_21	21	108356	Trigger-In:21	10	grating_on	staircase	10	red	left	aware	1	0
108.406	0.000	trigger_20	20	108406	Trigger-In:20	10	grating_off	staircase	10	red	left	aware	1	0
109.006	0.000	trigger_31	31	109006	Trigger-In:31	10	targets_on_fp_color_change	staircase	10	red	left	aware	1	0
110.036	0.000	trigger_201	201	110036	Trigger-In:201	10	trial_end_completed	staircase	10	red	left	aware	1	0
111.111	0.000	trigger_101	101	111111	Trigger-In:101	11	trial_start	staircase	9	red	right	unaware	1	0
111.216	0.000	trigger_11	11	111216	Trigger-In:11	11	fixation_point_on	staircase	9	red	right	unaware	1	0
111.816	0.000	trigger_21	21	111816	Trigger-In:21	11	grating_on	staircase	9	red	right	unaware	1	0
111.866	0.000	trigger_20	20	111866	Trigger-In:20	11	grating_off	staircase	9	red	right	unaware	1	0
112.466	0.000	trigger_31	31	112466	Trigger-In:31	11	targets_on_fp_color_change	staircase	9	red	right	unaware	1	0
113.606	0.000	trigger_201	201	113606	Trigger-In:201	11	trial_end_completed	staircase	9	red	right	unaware	1	0
114.681	0.000	trigger_101	101	114681	Trigger-In:101	12	trial_start	salient	0	red	right	unaware	1	0
114.806	0.000	trigger_11	11	114806	Trigger-In:11	12	fixation_point_on	salient	0	red	right	unaware	1	0
115.406	0.000	trigger_21	21	115406	Trigger-In:21	12	grating_on	salient	0	red	right	unaware	1	0
115.456	0.000	trigger_20	20	115456	Trigger-In:20	12	grating_off	salient	0	red	right	unaware	1	0
116.056	0.000	trigger_31	31	116056	Trigger-In:31	12	targets_on_fp_color_change	salient	0	red	right	unaware	1	0
117.131	0.000	trigger_201	201	117131	Trigger-In:201	12	trial_end_completed	salient	0	red	right	unaware	1	0
118.206	0.000	trigger_101	101	118206	Trigger-In:101	13	trial_start	staircase	10	red	right	unaware	1	0
118.306	0.000	trigger_11	11	118306	Trigger-In:11	13	fixation_point_on	staircase	10	red	right	unaware	1	0
118.906	0.000	trigger_21	21	118906	Trigger-In:21	13	grating_on	staircase	10	red	right	unaware	1	0
118.956	0.000	trigger_20	20	118956	Trigger-In:20	13	grating_off	staircase	10	red	right	unaware	1	0
119.556	0.000	trigger_31	31	119556	Trigger-In:31	13	targets_on_fp_color_change	staircase	10	red	right	unaware	1	0
120.336	0.000	trigger_201	201	120336	Trigger-In:201	13	trial_end_completed	staircase	10	red	right	unaware	1	0
121.411	0.000	trigger_101	101	121411	Trigger-In:101	14	trial_start	staircase	11	red	left	aware	1	0
121.516	0.000	trigger_11	11	121516	Trigger-In:11	14	fixation_point_on	staircase	11	red	left	aware	1	0
122.116	0.000	trigger_21	21	122116	Trigger-In:21	14	grating_on	staircase	11	red	left	aware	1	0
122.166	0.000	trigger_20	20	122166	Trigger-In:20	14	grating_off	staircase	11	red	left	aware	1	0
122.766	0.000	trigger_31	31	122766	Trigger-In:31	14	targets_on_fp_color_change	staircase	11	red	left	aware	1	0
123.611	0.000	trigger_201	201	123611	Trigger-In:201	14	trial_end_completed	staircase	11	red	left	aware	1	0
124.686	0.000	trigger_101	101	124686	Trigger-In:101	15	trial_start	staircase	10	red	left	aware	1	0
124.791	0.000	trigger_11	11	124791	Trigger-In:11	15	fixation_point_on	staircase	10	red	left	aware	1	0
125.391	0.000	trigger_21	21	125391	Trigger-In:21	15	grating_on	staircase	10	red	left	aware	1	0
125.441	0.000	trigger_20	20	125441	Trigger-In:20	15	grating_off	staircase	10	red	left	aware	1	0
126.041	0.000	trigger_31	31	126041	Trigger-In:31	15	targets_on_fp_color_change	staircase	10	red	left	aware	1	0
127.131	0.000	trigger_201	201	127131	Trigger-In:201	15	trial_end_completed	staircase	10	red	left	aware	1	0
128.211	0.000	trigger_101	101	128211	Trigger-In:101	16	trial_start	salient	0	red	right	unaware	1	0
128.311	0.000	trigger_11	11	128311	Trigger-In:11	16	fixation_point_on	salient	0	red	right	unaware	1	0
128.911	0.000	trigger_21	21	128911	Trigger-In:21	16	grating_on	salient	0	red	right	unaware	1	0
128.961	0.000	trigger_20	20	128961	Trigger-In:20	16	grating_off	salient	0	red	right	unaware	1	0
129.566	0.000	trigger_31	31	129566	Trigger-In:31	16	targets_on_fp_color_change	salient	0	red	right	unaware	1	0
130.896	0.000	trigger_201	201	130896	Trigger-In:201	16	trial_end_completed	salient	0	red	right	unaware	1	0
131.971	0.000	trigger_101	101	131971	Trigger-In:101	17	trial_start	staircase	9	red	left	aware	1	0
132.226	0.000	trigger_11	11	132226	Trigger-In:11	17	fixation_point_on	staircase	9	red	left	aware	1	0
132.826	0.000	trigger_21	21	132826	Trigger-In:21	17	grating_on	staircase	9	red	left	aware	1	0
132.876	0.000	trigger_20	20	132876	Trigger-In:20	17	grating_off	staircase	9	red	left	aware	1	0
133.476	0.000	trigger_31	31	133476	Trigger-In:31	17	targets_on_fp_color_change	staircase	9	red	left	aware	1	0
134.331	0.000	trigger_201	201	134331	Trigger-In:201	17	trial_end_completed	staircase	9	red	left	aware	1	0
135.411	0.000	trigger_101	101	135411	Trigger-In:101	18	trial_start	staircase	8	green	left	unaware	1	0
135.511	0.000	trigger_11	11	135511	Trigger-In:11	18	fixation_point_on	staircase	8	green	left	unaware	1	0
136.111	0.000	trigger_21	21	136111	Trigger-In:21	18	grating_on	staircase	8	green	left	unaware	1	0
136.161	0.000	trigger_20	20	136161	Trigger-In:20	18	grating_off	staircase	8	green	left	unaware	1	0
136.766	0.000	trigger_31	31	136766	Trigger-In:31	18	targets_on_fp_color_change	staircase	8	green	left	unaware	1	0
137.921	0.000	trigger_201	201	137921	Trigger-In:201	18	trial_end_completed	staircase	8	green	left	unaware	1	0
138.996	0.000	trigger_101	101	138996	Trigger-In:101	19	trial_start	staircase	9	green	right	aware	1	0
139.101	0.000	trigger_11	11	139101	Trigger-In:11	19	fixation_point_on	staircase	9	green	right	aware	1	0
139.701	0.000	trigger_21	21	139701	Trigger-In:21	19	grating_on	staircase	9	green	right	aware	1	0
139.751	0.000	trigger_20	20	139751	Trigger-In:20	19	grating_off	staircase	9	green	right	aware	1	0
140.351	0.000	trigger_31	31	140351	Trigger-In:31	19	targets_on_fp_color_change	staircase	9	green	right	aware	1	0
141.226	0.000	trigger_201	201	141226	Trigger-In:201	19	trial_end_completed	staircase	9	green	right	aware	1	0
142.301	0.000	trigger_101	101	142301	Trigger-In:101	20	trial_start	absent	70	red	left	aware	1	0
142.406	0.000	trigger_11	11	142406	Trigger-In:11	20	fixation_point_on	absent	70	red	left	aware	1	0
143.006	0.000	trigger_21	21	143006	Trigger-In:21	20	grating_on	absent	70	red	left	aware	1	0
143.056	0.000	trigger_20	20	143056	Trigger-In:20	20	grating_off	absent	70	red	left	aware	1	0
143.656	0.000	trigger_31	31	143656	Trigger-In:31	20	targets_on_fp_color_change	absent	70	red	left	aware	1	0
144.446	0.000	trigger_201	201	144446	Trigger-In:201	20	trial_end_completed	absent	70	red	left	aware	1	0
145.526	0.000	trigger_101	101	145526	Trigger-In:101	21	trial_start	salient	0	red	right	unaware	1	0
145.626	0.000	trigger_11	11	145626	Trigger-In:11	21	fixation_point_on	salient	0	red	right	unaware	1	0
146.226	0.000	trigger_21	21	146226	Trigger-In:21	21	grating_on	salient	0	red	right	unaware	1	0
146.276	0.000	trigger_20	20	146276	Trigger-In:20	21	grating_off	salient	0	red	right	unaware	1	0
146.876	0.000	trigger_31	31	146876	Trigger-In:31	21	targets_on_fp_color_change	salient	0	red	right	unaware	1	0
147.886	0.000	trigger_201	201	147886	Trigger-In:201	21	trial_end_completed	salient	0	red	right	unaware	1	0
148.966	0.000	trigger_101	101	148966	Trigger-In:101	22	trial_start	staircase	8	green	right	aware	1	0
149.221	0.000	trigger_11	11	149221	Trigger-In:11	22	fixation_point_on	staircase	8	green	right	aware	1	0
149.821	0.000	trigger_21	21	149821	Trigger-In:21	22	grating_on	staircase	8	green	right	aware	1	0
149.871	0.000	trigger_20	20	149871	Trigger-In:20	22	grating_off	staircase	8	green	right	aware	1	0
150.471	0.000	trigger_31	31	150471	Trigger-In:31	22	targets_on_fp_color_change	staircase	8	green	right	aware	1	0
151.216	0.000	trigger_201	201	151216	Trigger-In:201	22	trial_end_completed	staircase	8	green	right	aware	1	0
152.291	0.000	trigger_101	101	152291	Trigger-In:101	23	trial_start	salient	0	red	right	unaware	1	0
152.391	0.000	trigger_11	11	152391	Trigger-In:11	23	fixation_point_on	salient	0	red	right	unaware	1	0
152.991	0.000	trigger_21	21	152991	Trigger-In:21	23	grating_on	salient	0	red	right	unaware	1	0
153.041	0.000	trigger_20	20	153041	Trigger-In:20	23	grating_off	salient	0	red	right	unaware	1	0
153.641	0.000	trigger_31	31	153641	Trigger-In:31	23	targets_on_fp_color_change	salient	0	red	right	unaware	1	0
154.741	0.000	trigger_201	201	154741	Trigger-In:201	23	trial_end_completed	salient	0	red	right	unaware	1	0
155.821	0.000	trigger_101	101	155821	Trigger-In:101	24	trial_start	salient	0	green	left	unaware	1	0
155.926	0.000	trigger_11	11	155926	Trigger-In:11	24	fixation_point_on	salient	0	green	left	unaware	1	0
156.526	0.000	trigger_21	21	156526	Trigger-In:21	24	grating_on	salient	0	green	left	unaware	1	0
156.576	0.000	trigger_20	20	156576	Trigger-In:20	24	grating_off	salient	0	green	left	unaware	1	0
157.176	0.000	trigger_31	31	157176	Trigger-In:31	24	targets_on_fp_color_change	salient	0	green	left	unaware	1	0
158.206	0.000	trigger_201	201	158206	Trigger-In:201	24	trial_end_completed	salient	0	green	left	unaware	1	0
159.281	0.000	trigger_101	101	159281	Trigger-In:101	25	trial_start	staircase	7	red	n/a	n/a	0	0
161.536	0.000	trigger_101	101	161536	Trigger-In:101	26	trial_start	staircase	7	red	left	aware	1	0
161.641	0.000	trigger_11	11	161641	Trigger-In:11	26	fixation_point_on	staircase	7	red	left	aware	1	0
162.241	0.000	trigger_21	21	162241	Trigger-In:21	26	grating_on	staircase	7	red	left	aware	1	0
162.291	0.000	trigger_20	20	162291	Trigger-In:20	26	grating_off	staircase	7	red	left	aware	1	0
162.891	0.000	trigger_31	31	162891	Trigger-In:31	26	targets_on_fp_color_change	staircase	7	red	left	aware	1	0
163.816	0.000	trigger_201	201	163816	Trigger-In:201	26	trial_end_completed	staircase	7	red	left	aware	1	0
164.891	0.000	trigger_101	101	164891	Trigger-In:101	27	trial_start	absent	70	red	right	unaware	1	0
164.996	0.000	trigger_11	11	164996	Trigger-In:11	27	fixation_point_on	absent	70	red	right	unaware	1	0
165.596	0.000	trigger_21	21	165596	Trigger-In:21	27	grating_on	absent	70	red	right	unaware	1	0
165.646	0.000	trigger_20	20	165646	Trigger-In:20	27	grating_off	absent	70	red	right	unaware	1	0
166.246	0.000	trigger_31	31	166246	Trigger-In:31	27	targets_on_fp_color_change	absent	70	red	right	unaware	1	0
167.641	0.000	trigger_201	201	167641	Trigger-In:201	27	trial_end_completed	absent	70	red	right	unaware	1	0
168.976	0.000	trigger_101	101	168976	Trigger-In:101	28	trial_start	salient	0	green	left	unaware	1	0
169.081	0.000	trigger_11	11	169081	Trigger-In:11	28	fixation_point_on	salient	0	green	left	unaware	1	0
169.681	0.000	trigger_21	21	169681	Trigger-In:21	28	grating_on	salient	0	green	left	unaware	1	0
169.731	0.000	trigger_20	20	169731	Trigger-In:20	28	grating_off	salient	0	green	left	unaware	1	0
170.331	0.000	trigger_31	31	170331	Trigger-In:31	28	targets_on_fp_color_change	salient	0	green	left	unaware	1	0
171.486	0.000	trigger_201	201	171486	Trigger-In:201	28	trial_end_completed	salient	0	green	left	unaware	1	0
172.561	0.000	trigger_101	101	172561	Trigger-In:101	29	trial_start	absent	70	green	right	aware	1	0
172.666	0.000	trigger_11	11	172666	Trigger-In:11	29	fixation_point_on	absent	70	green	right	aware	1	0
173.266	0.000	trigger_21	21	173266	Trigger-In:21	29	grating_on	absent	70	green	right	aware	1	0
173.316	0.000	trigger_20	20	173316	Trigger-In:20	29	grating_off	absent	70	green	right	aware	1	0
173.916	0.000	trigger_31	31	173916	Trigger-In:31	29	targets_on_fp_color_change	absent	70	green	right	aware	1	0
174.596	0.000	trigger_201	201	174596	Trigger-In:201	29	trial_end_completed	absent	70	green	right	aware	1	0
175.671	0.000	trigger_101	101	175671	Trigger-In:101	30	trial_start	staircase	6	red	right	unaware	1	0
175.771	0.000	trigger_11	11	175771	Trigger-In:11	30	fixation_point_on	staircase	6	red	right	unaware	1	0
176.376	0.000	trigger_21	21	176376	Trigger-In:21	30	grating_on	staircase	6	red	right	unaware	1	0
176.426	0.000	trigger_20	20	176426	Trigger-In:20	30	grating_off	staircase	6	red	right	unaware	1	0
177.026	0.000	trigger_31	31	177026	Trigger-In:31	30	targets_on_fp_color_change	staircase	6	red	right	unaware	1	0
178.461	0.000	trigger_201	201	178461	Trigger-In:201	30	trial_end_completed	staircase	6	red	right	unaware	1	0
179.541	0.000	trigger_101	101	179541	Trigger-In:101	31	trial_start	staircase	7	red	right	unaware	1	0
179.786	0.000	trigger_11	11	179786	Trigger-In:11	31	fixation_point_on	staircase	7	red	right	unaware	1	0
180.386	0.000	trigger_21	21	180386	Trigger-In:21	31	grating_on	staircase	7	red	right	unaware	1	0
180.436	0.000	trigger_20	20	180436	Trigger-In:20	31	grating_off	staircase	7	red	right	unaware	1	0
181.041	0.000	trigger_31	31	181041	Trigger-In:31	31	targets_on_fp_color_change	staircase	7	red	right	unaware	1	0
182.801	0.000	trigger_201	201	182801	Trigger-In:201	31	trial_end_completed	staircase	7	red	right	unaware	1	0
183.881	0.000	trigger_101	101	183881	Trigger-In:101	32	trial_start	staircase	8	green	left	unaware	1	0
183.986	0.000	trigger_11	11	183986	Trigger-In:11	32	fixation_point_on	staircase	8	green	left	unaware	1	0
184.586	0.000	trigger_21	21	184586	Trigger-In:21	32	grating_on	staircase	8	green	left	unaware	1	0
184.636	0.000	trigger_20	20	184636	Trigger-In:20	32	grating_off	staircase	8	green	left	unaware	1	0
185.236	0.000	trigger_31	31	185236	Trigger-In:31	32	targets_on_fp_color_change	staircase	8	green	left	unaware	1	0
186.256	0.000	trigger_201	201	186256	Trigger-In:201	32	trial_end_completed	staircase	8	green	left	unaware	1	0
187.336	0.000	trigger_101	101	187336	Trigger-In:101	33	trial_start	staircase	9	red	right	unaware	1	0
187.441	0.000	trigger_11	11	187441	Trigger-In:11	33	fixation_point_on	staircase	9	red	right	unaware	1	0
188.041	0.000	trigger_21	21	188041	Trigger-In:21	33	grating_on	staircase	9	red	right	unaware	1	0
188.091	0.000	trigger_20	20	188091	Trigger-In:20	33	grating_off	staircase	9	red	right	unaware	1	0
188.691	0.000	trigger_31	31	188691	Trigger-In:31	33	targets_on_fp_color_change	staircase	9	red	right	unaware	1	0
190.111	0.000	trigger_201	201	190111	Trigger-In:201	33	trial_end_completed	staircase	9	red	right	unaware	1	0
191.186	0.000	trigger_101	101	191186	Trigger-In:101	34	trial_start	staircase	10	green	right	aware	1	0
191.401	0.000	trigger_11	11	191401	Trigger-In:11	34	fixation_point_on	staircase	10	green	right	aware	1	0
192.001	0.000	trigger_21	21	192001	Trigger-In:21	34	grating_on	staircase	10	green	right	aware	1	0
192.056	0.000	trigger_20	20	192056	Trigger-In:20	34	grating_off	staircase	10	green	right	aware	1	0
192.656	0.000	trigger_31	31	192656	Trigger-In:31	34	targets_on_fp_color_change	staircase	10	green	right	aware	1	0
193.356	0.000	trigger_201	201	193356	Trigger-In:201	34	trial_end_completed	staircase	10	green	right	aware	1	0
194.436	0.000	trigger_101	101	194436	Trigger-In:101	35	trial_start	staircase	9	red	left	aware	1	0
194.541	0.000	trigger_11	11	194541	Trigger-In:11	35	fixation_point_on	staircase	9	red	left	aware	1	0
195.141	0.000	trigger_21	21	195141	Trigger-In:21	35	grating_on	staircase	9	red	left	aware	1	0
195.196	0.000	trigger_20	20	195196	Trigger-In:20	35	grating_off	staircase	9	red	left	aware	1	0
195.796	0.000	trigger_31	31	195796	Trigger-In:31	35	targets_on_fp_color_change	staircase	9	red	left	aware	1	0
196.621	0.000	trigger_201	201	196621	Trigger-In:201	35	trial_end_completed	staircase	9	red	left	aware	1	0
197.696	0.000	trigger_101	101	197696	Trigger-In:101	36	trial_start	salient	0	green	left	unaware	1	0
197.801	0.000	trigger_11	11	197801	Trigger-In:11	36	fixation_point_on	salient	0	green	left	unaware	1	0
198.401	0.000	trigger_21	21	198401	Trigger-In:21	36	grating_on	salient	0	green	left	unaware	1	0
198.451	0.000	trigger_20	20	198451	Trigger-In:20	36	grating_off	salient	0	green	left	unaware	1	0
199.056	0.000	trigger_31	31	199056	Trigger-In:31	36	targets_on_fp_color_change	salient	0	green	left	unaware	1	0
200.156	0.000	trigger_201	201	200156	Trigger-In:201	36	trial_end_completed	salient	0	green	left	unaware	1	0
201.231	0.000	trigger_101	101	201231	Trigger-In:101	37	trial_start	staircase	8	red	left	aware	1	0
201.336	0.000	trigger_11	11	201336	Trigger-In:11	37	fixation_point_on	staircase	8	red	left	aware	1	0
201.941	0.000	trigger_21	21	201941	Trigger-In:21	37	grating_on	staircase	8	red	left	aware	1	0
201.991	0.000	trigger_20	20	201991	Trigger-In:20	37	grating_off	staircase	8	red	left	aware	1	0
202.591	0.000	trigger_31	31	202591	Trigger-In:31	37	targets_on_fp_color_change	staircase	8	red	left	aware	1	0
203.686	0.000	trigger_201	201	203686	Trigger-In:201	37	trial_end_completed	staircase	8	red	left	aware	1	0
204.766	0.000	trigger_101	101	204766	Trigger-In:101	38	trial_start	staircase	7	red	right	unaware	1	0
204.956	0.000	trigger_11	11	204956	Trigger-In:11	38	fixation_point_on	staircase	7	red	right	unaware	1	0
205.556	0.000	trigger_21	21	205556	Trigger-In:21	38	grating_on	staircase	7	red	right	unaware	1	0
205.606	0.000	trigger_20	20	205606	Trigger-In:20	38	grating_off	staircase	7	red	right	unaware	1	0
206.206	0.000	trigger_31	31	206206	Trigger-In:31	38	targets_on_fp_color_change	staircase	7	red	right	unaware	1	0
207.326	0.000	trigger_201	201	207326	Trigger-In:201	38	trial_end_completed	staircase	7	red	right	unaware	1	0
208.401	0.000	trigger_101	101	208401	Trigger-In:101	39	trial_start	staircase	8	green	right	aware	1	0
208.506	0.000	trigger_11	11	208506	Trigger-In:11	39	fixation_point_on	staircase	8	green	right	aware	1	0
209.106	0.000	trigger_21	21	209106	Trigger-In:21	39	grating_on	staircase	8	green	right	aware	1	0
209.156	0.000	trigger_20	20	209156	Trigger-In:20	39	grating_off	staircase	8	green	right	aware	1	0
209.761	0.000	trigger_31	31	209761	Trigger-In:31	39	targets_on_fp_color_change	staircase	8	green	right	aware	1	0
210.746	0.000	trigger_201	201	210746	Trigger-In:201	39	trial_end_completed	staircase	8	green	right	aware	1	0
211.821	0.000	trigger_101	101	211821	Trigger-In:101	40	trial_start	staircase	7	red	right	unaware	1	0
211.926	0.000	trigger_11	11	211926	Trigger-In:11	40	fixation_point_on	staircase	7	red	right	unaware	1	0
212.526	0.000	trigger_21	21	212526	Trigger-In:21	40	grating_on	staircase	7	red	right	unaware	1	0
212.576	0.000	trigger_20	20	212576	Trigger-In:20	40	grating_off	staircase	7	red	right	unaware	1	0
213.176	0.000	trigger_31	31	213176	Trigger-In:31	40	targets_on_fp_color_change	staircase	7	red	right	unaware	1	0
214.356	0.000	trigger_201	201	214356	Trigger-In:201	40	trial_end_completed	staircase	7	red	right	unaware	1	0
215.431	0.000	trigger_101	101	215431	Trigger-In:101	41	trial_start	staircase	8	red	left	aware	1	0
215.536	0.000	trigger_11	11	215536	Trigger-In:11	41	fixation_point_on	staircase	8	red	left	aware	1	0
216.136	0.000	trigger_21	21	216136	Trigger-In:21	41	grating_on	staircase	8	red	left	aware	1	0
216.191	0.000	trigger_20	20	216191	Trigger-In:20	41	grating_off	staircase	8	red	left	aware	1	0
216.791	0.000	trigger_31	31	216791	Trigger-In:31	41	targets_on_fp_color_change	staircase	8	red	left	aware	1	0
217.671	0.000	trigger_201	201	217671	Trigger-In:201	41	trial_end_completed	staircase	8	red	left	aware	1	0
218.746	0.000	trigger_101	101	218746	Trigger-In:101	42	trial_start	staircase	7	green	left	unaware	1	0
218.851	0.000	trigger_11	11	218851	Trigger-In:11	42	fixation_point_on	staircase	7	green	left	unaware	1	0
219.456	0.000	trigger_21	21	219456	Trigger-In:21	42	grating_on	staircase	7	green	left	unaware	1	0
219.506	0.000	trigger_20	20	219506	Trigger-In:20	42	grating_off	staircase	7	green	left	unaware	1	0
220.106	0.000	trigger_31	31	220106	Trigger-In:31	42	targets_on_fp_color_change	staircase	7	green	left	unaware	1	0
221.191	0.000	trigger_201	201	221191	Trigger-In:201	42	trial_end_completed	staircase	7	green	left	unaware	1	0
222.271	0.000	trigger_101	101	222271	Trigger-In:101	43	trial_start	staircase	8	green	left	unaware	1	0
222.371	0.000	trigger_11	11	222371	Trigger-In:11	43	fixation_point_on	staircase	8	green	left	unaware	1	0
222.971	0.000	trigger_21	21	222971	Trigger-In:21	43	grating_on	staircase	8	green	left	unaware	1	0
223.021	0.000	trigger_20	20	223021	Trigger-In:20	43	grating_off	staircase	8	green	left	unaware	1	0
223.621	0.000	trigger_31	31	223621	Trigger-In:31	43	targets_on_fp_color_change	staircase	8	green	left	unaware	1	0
224.766	0.000	trigger_201	201	224766	Trigger-In:201	43	trial_end_completed	staircase	8	green	left	unaware	1	0
225.841	0.000	trigger_101	101	225841	Trigger-In:101	44	trial_start	staircase	9	green	left	unaware	1	0
225.946	0.000	trigger_11	11	225946	Trigger-In:11	44	fixation_point_on	staircase	9	green	left	unaware	1	0
226.546	0.000	trigger_21	21	226546	Trigger-In:21	44	grating_on	staircase	9	green	left	unaware	1	0
226.596	0.000	trigger_20	20	226596	Trigger-In:20	44	grating_off	staircase	9	green	left	unaware	1	0
227.196	0.000	trigger_31	31	227196	Trigger-In:31	44	targets_on_fp_color_change	staircase	9	green	left	unaware	1	0
228.381	0.000	trigger_201	201	228381	Trigger-In:201	44	trial_end_completed	staircase	9	green	left	unaware	1	0
229.456	0.000	trigger_101	101	229456	Trigger-In:101	45	trial_start	staircase	10	red	left	aware	1	0
229.561	0.000	trigger_11	11	229561	Trigger-In:11	45	fixation_point_on	staircase	10	red	left	aware	1	0
230.161	0.000	trigger_21	21	230161	Trigger-In:21	45	grating_on	staircase	10	red	left	aware	1	0
230.211	0.000	trigger_20	20	230211	Trigger-In:20	45	grating_off	staircase	10	red	left	aware	1	0
230.811	0.000	trigger_31	31	230811	Trigger-In:31	45	targets_on_fp_color_change	staircase	10	red	left	aware	1	0
232.176	0.000	trigger_201	201	232176	Trigger-In:201	45	trial_end_completed	staircase	10	red	left	aware	1	0
233.251	0.000	trigger_101	101	233251	Trigger-In:101	46	trial_start	staircase	9	red	left	aware	1	0
233.356	0.000	trigger_11	11	233356	Trigger-In:11	46	fixation_point_on	staircase	9	red	left	aware	1	0
233.961	0.000	trigger_21	21	233961	Trigger-In:21	46	grating_on	staircase	9	red	left	aware	1	0
234.011	0.000	trigger_20	20	234011	Trigger-In:20	46	grating_off	staircase	9	red	left	aware	1	0
234.611	0.000	trigger_31	31	234611	Trigger-In:31	46	targets_on_fp_color_change	staircase	9	red	left	aware	1	0
236.396	0.000	trigger_201	201	236396	Trigger-In:201	46	trial_end_completed	staircase	9	red	left	aware	1	0
237.476	0.000	trigger_101	101	237476	Trigger-In:101	47	trial_start	staircase	8	red	left	aware	1	0
237.581	0.000	trigger_11	11	237581	Trigger-In:11	47	fixation_point_on	staircase	8	red	left	aware	1	0
238.181	0.000	trigger_21	21	238181	Trigger-In:21	47	grating_on	staircase	8	red	left	aware	1	0
238.231	0.000	trigger_20	20	238231	Trigger-In:20	47	grating_off	staircase	8	red	left	aware	1	0
238.831	0.000	trigger_31	31	238831	Trigger-In:31	47	targets_on_fp_color_change	staircase	8	red	left	aware	1	0
239.806	0.000	trigger_201	201	239806	Trigger-In:201	47	trial_end_completed	staircase	8	red	left	aware	1	0
240.881	0.000	trigger_101	101	240881	Trigger-In:101	48	trial_start	staircase	7	red	right	unaware	1	0
240.986	0.000	trigger_11	11	240986	Trigger-In:11	48	fixation_point_on	staircase	7	red	right	unaware	1	0
241.586	0.000	trigger_21	21	241586	Trigger-In:21	48	grating_on	staircase	7	red	right	unaware	1	0
241.636	0.000	trigger_20	20	241636	Trigger-In:20	48	grating_off	staircase	7	red	right	unaware	1	0
242.241	0.000	trigger_31	31	242241	Trigger-In:31	48	targets_on_fp_color_change	staircase	7	red	right	unaware	1	0
243.246	0.000	trigger_201	201	243246	Trigger-In:201	48	trial_end_completed	staircase	7	red	right	unaware	1	0
244.321	0.000	trigger_101	101	244321	Trigger-In:101	49	trial_start	absent	70	red	left	aware	1	0
244.426	0.000	trigger_11	11	244426	Trigger-In:11	49	fixation_point_on	absent	70	red	left	aware	1	0
245.026	0.000	trigger_21	21	245026	Trigger-In:21	49	grating_on	absent	70	red	left	aware	1	0
245.076	0.000	trigger_20	20	245076	Trigger-In:20	49	grating_off	absent	70	red	left	aware	1	0
245.676	0.000	trigger_31	31	245676	Trigger-In:31	49	targets_on_fp_color_change	absent	70	red	left	aware	1	0
247.476	0.000	trigger_201	201	247476	Trigger-In:201	49	trial_end_completed	absent	70	red	left	aware	1	0
248.551	0.000	trigger_101	101	248551	Trigger-In:101	50	trial_start	salient	0	green	left	unaware	1	0
249.256	0.000	trigger_21	21	249256	Trigger-In:21	50	grating_on	salient	0	green	left	unaware	1	0
249.306	0.000	trigger_20	20	249306	Trigger-In:20	50	grating_off	salient	0	green	left	unaware	1	0
249.906	0.000	trigger_31	31	249906	Trigger-In:31	50	targets_on_fp_color_change	salient	0	green	left	unaware	1	0
251.206	0.000	trigger_201	201	251206	Trigger-In:201	50	trial_end_completed	salient	0	green	left	unaware	1	0
252.286	0.000	trigger_101	101	252286	Trigger-In:101	51	trial_start	staircase	8	green	left	unaware	1	0
252.391	0.000	trigger_11	11	252391	Trigger-In:11	51	fixation_point_on	staircase	8	green	left	unaware	1	0
252.991	0.000	trigger_21	21	252991	Trigger-In:21	51	grating_on	staircase	8	green	left	unaware	1	0
253.041	0.000	trigger_20	20	253041	Trigger-In:20	51	grating_off	staircase	8	green	left	unaware	1	0
253.641	0.000	trigger_31	31	253641	Trigger-In:31	51	targets_on_fp_color_change	staircase	8	green	left	unaware	1	0
255.206	0.000	trigger_201	201	255206	Trigger-In:201	51	trial_end_completed	staircase	8	green	left	unaware	1	0
256.281	0.000	trigger_101	101	256281	Trigger-In:101	52	trial_start	staircase	9	green	left	unaware	1	0
256.386	0.000	trigger_11	11	256386	Trigger-In:11	52	fixation_point_on	staircase	9	green	left	unaware	1	0
256.986	0.000	trigger_21	21	256986	Trigger-In:21	52	grating_on	staircase	9	green	left	unaware	1	0
257.036	0.000	trigger_20	20	257036	Trigger-In:20	52	grating_off	staircase	9	green	left	unaware	1	0
257.636	0.000	trigger_31	31	257636	Trigger-In:31	52	targets_on_fp_color_change	staircase	9	green	left	unaware	1	0
258.621	0.000	trigger_201	201	258621	Trigger-In:201	52	trial_end_completed	staircase	9	green	left	unaware	1	0
259.696	0.000	trigger_101	101	259696	Trigger-In:101	53	trial_start	staircase	10	green	right	aware	1	0
259.801	0.000	trigger_11	11	259801	Trigger-In:11	53	fixation_point_on	staircase	10	green	right	aware	1	0
260.401	0.000	trigger_21	21	260401	Trigger-In:21	53	grating_on	staircase	10	green	right	aware	1	0
260.456	0.000	trigger_20	20	260456	Trigger-In:20	53	grating_off	staircase	10	green	right	aware	1	0
261.056	0.000	trigger_31	31	261056	Trigger-In:31	53	targets_on_fp_color_change	staircase	10	green	right	aware	1	0
261.751	0.000	trigger_201	201	261751	Trigger-In:201	53	trial_end_completed	staircase	10	green	right	aware	1	0
262.831	0.000	trigger_101	101	262831	Trigger-In:101	54	trial_start	absent	70	green	right	aware	1	0
262.936	0.000	trigger_11	11	262936	Trigger-In:11	54	fixation_point_on	absent	70	green	right	aware	1	0
263.536	0.000	trigger_21	21	263536	Trigger-In:21	54	grating_on	absent	70	green	right	aware	1	0
263.586	0.000	trigger_20	20	263586	Trigger-In:20	54	grating_off	absent	70	green	right	aware	1	0
264.186	0.000	trigger_31	31	264186	Trigger-In:31	54	targets_on_fp_color_change	absent	70	green	right	aware	1	0
264.931	0.000	trigger_201	201	264931	Trigger-In:201	54	trial_end_completed	absent	70	green	right	aware	1	0
266.006	0.000	trigger_101	101	266006	Trigger-In:101	55	trial_start	staircase	9	red	left	aware	1	0
266.111	0.000	trigger_11	11	266111	Trigger-In:11	55	fixation_point_on	staircase	9	red	left	aware	1	0
266.711	0.000	trigger_21	21	266711	Trigger-In:21	55	grating_on	staircase	9	red	left	aware	1	0
266.761	0.000	trigger_20	20	266761	Trigger-In:20	55	grating_off	staircase	9	red	left	aware	1	0
267.361	0.000	trigger_31	31	267361	Trigger-In:31	55	targets_on_fp_color_change	staircase	9	red	left	aware	1	0
268.351	0.000	trigger_201	201	268351	Trigger-In:201	55	trial_end_completed	staircase	9	red	left	aware	1	0
269.426	0.000	trigger_101	101	269426	Trigger-In:101	56	trial_start	staircase	8	red	right	unaware	1	0
269.676	0.000	trigger_11	11	269676	Trigger-In:11	56	fixation_point_on	staircase	8	red	right	unaware	1	0
270.276	0.000	trigger_21	21	270276	Trigger-In:21	56	grating_on	staircase	8	red	right	unaware	1	0
270.326	0.000	trigger_20	20	270326	Trigger-In:20	56	grating_off	staircase	8	red	right	unaware	1	0
270.926	0.000	trigger_31	31	270926	Trigger-In:31	56	targets_on_fp_color_change	staircase	8	red	right	unaware	1	0
272.196	0.000	trigger_201	201	272196	Trigger-In:201	56	trial_end_completed	staircase	8	red	right	unaware	1	0
273.276	0.000	trigger_101	101	273276	Trigger-In:101	57	trial_start	staircase	9	red	right	unaware	1	0
273.381	0.000	trigger_11	11	273381	Trigger-In:11	57	fixation_point_on	staircase	9	red	right	unaware	1	0
273.981	0.000	trigger_21	21	273981	Trigger-In:21	57	grating_on	staircase	9	red	right	unaware	1	0
274.031	0.000	trigger_20	20	274031	Trigger-In:20	57	grating_off	staircase	9	red	right	unaware	1	0
274.631	0.000	trigger_31	31	274631	Trigger-In:31	57	targets_on_fp_color_change	staircase	9	red	right	unaware	1	0
275.741	0.000	trigger_201	201	275741	Trigger-In:201	57	trial_end_completed	staircase	9	red	right	unaware	1	0
276.821	0.000	trigger_101	101	276821	Trigger-In:101	58	trial_start	staircase	10	green	right	aware	1	0
276.926	0.000	trigger_11	11	276926	Trigger-In:11	58	fixation_point_on	staircase	10	green	right	aware	1	0
277.526	0.000	trigger_21	21	277526	Trigger-In:21	58	grating_on	staircase	10	green	right	aware	1	0
277.576	0.000	trigger_20	20	277576	Trigger-In:20	58	grating_off	staircase	10	green	right	aware	1	0
278.176	0.000	trigger_31	31	278176	Trigger-In:31	58	targets_on_fp_color_change	staircase	10	green	right	aware	1	0
278.961	0.000	trigger_201	201	278961	Trigger-In:201	58	trial_end_completed	staircase	10	green	right	aware	1	0
280.036	0.000	trigger_101	101	280036	Trigger-In:101	59	trial_start	staircase	9	green	left	unaware	1	0
280.141	0.000	trigger_11	11	280141	Trigger-In:11	59	fixation_point_on	staircase	9	green	left	unaware	1	0
280.741	0.000	trigger_21	21	280741	Trigger-In:21	59	grating_on	staircase	9	green	left	unaware	1	0
280.791	0.000	trigger_20	20	280791	Trigger-In:20	59	grating_off	staircase	9	green	left	unaware	1	0
281.396	0.000	trigger_31	31	281396	Trigger-In:31	59	targets_on_fp_color_change	staircase	9	green	left	unaware	1	0
282.416	0.000	trigger_201	201	282416	Trigger-In:201	59	trial_end_completed	staircase	9	green	left	unaware	1	0
283.496	0.000	trigger_101	101	283496	Trigger-In:101	60	trial_start	salient	0	green	left	unaware	1	0
283.601	0.000	trigger_11	11	283601	Trigger-In:11	60	fixation_point_on	salient	0	green	left	unaware	1	0
284.201	0.000	trigger_21	21	284201	Trigger-In:21	60	grating_on	salient	0	green	left	unaware	1	0
284.251	0.000	trigger_20	20	284251	Trigger-In:20	60	grating_off	salient	0	green	left	unaware	1	0
284.851	0.000	trigger_31	31	284851	Trigger-In:31	60	targets_on_fp_color_change	salient	0	green	left	unaware	1	0
286.081	0.000	trigger_201	201	286081	Trigger-In:201	60	trial_end_completed	salient	0	green	left	unaware	1	0
287.161	0.000	trigger_101	101	287161	Trigger-In:101	61	trial_start	staircase	10	green	left	unaware	1	0
287.261	0.000	trigger_11	11	287261	Trigger-In:11	61	fixation_point_on	staircase	10	green	left	unaware	1	0
287.861	0.000	trigger_21	21	287861	Trigger-In:21	61	grating_on	staircase	10	green	left	unaware	1	0
287.911	0.000	trigger_20	20	287911	Trigger-In:20	61	grating_off	staircase	10	green	left	unaware	1	0
288.516	0.000	trigger_31	31	288516	Trigger-In:31	61	targets_on_fp_color_change	staircase	10	green	left	unaware	1	0
289.451	0.000	trigger_201	201	289451	Trigger-In:201	61	trial_end_completed	staircase	10	green	left	unaware	1	0
290.526	0.000	trigger_101	101	290526	Trigger-In:101	62	trial_start	staircase	11	red	left	aware	1	0
290.631	0.000	trigger_11	11	290631	Trigger-In:11	62	fixation_point_on	staircase	11	red	left	aware	1	0
291.236	0.000	trigger_21	21	291236	Trigger-In:21	62	grating_on	staircase	11	red	left	aware	1	0
291.286	0.000	trigger_20	20	291286	Trigger-In:20	62	grating_off	staircase	11	red	left	aware	1	0
291.886	0.000	trigger_31	31	291886	Trigger-In:31	62	targets_on_fp_color_change	staircase	11	red	left	aware	1	0
292.921	0.000	trigger_201	201	292921	Trigger-In:201	62	trial_end_completed	staircase	11	red	left	aware	1	0
293.996	0.000	trigger_101	101	293996	Trigger-In:101	63	trial_start	staircase	10	green	right	aware	1	0
294.101	0.000	trigger_11	11	294101	Trigger-In:11	63	fixation_point_on	staircase	10	green	right	aware	1	0
294.706	0.000	trigger_21	21	294706	Trigger-In:21	63	grating_on	staircase	10	green	right	aware	1	0
294.756	0.000	trigger_20	20	294756	Trigger-In:20	63	grating_off	staircase	10	green	right	aware	1	0
295.356	0.000	trigger_31	31	295356	Trigger-In:31	63	targets_on_fp_color_change	staircase	10	green	right	aware	1	0
296.086	0.000	trigger_201	201	296086	Trigger-In:201	63	trial_end_completed	staircase	10	green	right	aware	1	0
297.161	0.000	trigger_101	101	297161	Trigger-In:101	64	trial_start	salient	0	red	right	unaware	1	0
297.266	0.000	trigger_11	11	297266	Trigger-In:11	64	fixation_point_on	salient	0	red	right	unaware	1	0
297.866	0.000	trigger_21	21	297866	Trigger-In:21	64	grating_on	salient	0	red	right	unaware	1	0
297.916	0.000	trigger_20	20	297916	Trigger-In:20	64	grating_off	salient	0	red	right	unaware	1	0
298.516	0.000	trigger_31	31	298516	Trigger-In:31	64	targets_on_fp_color_change	salient	0	red	right	unaware	1	0
299.786	0.000	trigger_201	201	299786	Trigger-In:201	64	trial_end_completed	salient	0	red	right	unaware	1	0
300.866	0.000	trigger_101	101	300866	Trigger-In:101	65	trial_start	staircase	9	red	left	aware	1	0
300.966	0.000	trigger_11	11	300966	Trigger-In:11	65	fixation_point_on	staircase	9	red	left	aware	1	0
301.566	0.000	trigger_21	21	301566	Trigger-In:21	65	grating_on	staircase	9	red	left	aware	1	0
301.616	0.000	trigger_20	20	301616	Trigger-In:20	65	grating_off	staircase	9	red	left	aware	1	0
302.221	0.000	trigger_31	31	302221	Trigger-In:31	65	targets_on_fp_color_change	staircase	9	red	left	aware	1	0
303.886	0.000	trigger_201	201	303886	Trigger-In:201	65	trial_end_completed	staircase	9	red	left	aware	1	0
304.961	0.000	trigger_101	101	304961	Trigger-In:101	66	trial_start	salient	0	green	left	unaware	1	0
305.071	0.000	trigger_11	11	305071	Trigger-In:11	66	fixation_point_on	salient	0	green	left	unaware	1	0
305.671	0.000	trigger_21	21	305671	Trigger-In:21	66	grating_on	salient	0	green	left	unaware	1	0
305.721	0.000	trigger_20	20	305721	Trigger-In:20	66	grating_off	salient	0	green	left	unaware	1	0
306.321	0.000	trigger_31	31	306321	Trigger-In:31	66	targets_on_fp_color_change	salient	0	green	left	unaware	1	0
307.461	0.000	trigger_201	201	307461	Trigger-In:201	66	trial_end_completed	salient	0	green	left	unaware	1	0
308.536	0.000	trigger_101	101	308536	Trigger-In:101	67	trial_start	staircase	8	green	left	unaware	1	0
308.646	0.000	trigger_11	11	308646	Trigger-In:11	67	fixation_point_on	staircase	8	green	left	unaware	1	0
309.246	0.000	trigger_21	21	309246	Trigger-In:21	67	grating_on	staircase	8	green	left	unaware	1	0
309.296	0.000	trigger_20	20	309296	Trigger-In:20	67	grating_off	staircase	8	green	left	unaware	1	0
309.896	0.000	trigger_31	31	309896	Trigger-In:31	67	targets_on_fp_color_change	staircase	8	green	left	unaware	1	0
311.191	0.000	trigger_201	201	311191	Trigger-In:201	67	trial_end_completed	staircase	8	green	left	unaware	1	0
312.271	0.000	trigger_101	101	312271	Trigger-In:101	68	trial_start	salient	0	red	right	unaware	1	0
312.376	0.000	trigger_11	11	312376	Trigger-In:11	68	fixation_point_on	salient	0	red	right	unaware	1	0
312.976	0.000	trigger_21	21	312976	Trigger-In:21	68	grating_on	salient	0	red	right	unaware	1	0
313.026	0.000	trigger_20	20	313026	Trigger-In:20	68	grating_off	salient	0	red	right	unaware	1	0
313.626	0.000	trigger_31	31	313626	Trigger-In:31	68	targets_on_fp_color_change	salient	0	red	right	unaware	1	0
314.581	0.000	trigger_201	201	314581	Trigger-In:201	68	trial_end_completed	salient	0	red	right	unaware	1	0
315.656	0.000	trigger_101	101	315656	Trigger-In:101	69	trial_start	staircase	9	green	right	aware	1	0
315.766	0.000	trigger_11	11	315766	Trigger-In:11	69	fixation_point_on	staircase	9	green	right	aware	1	0
316.366	0.000	trigger_21	21	316366	Trigger-In:21	69	grating_on	staircase	9	green	right	aware	1	0
316.416	0.000	trigger_20	20	316416	Trigger-In:20	69	grating_off	staircase	9	green	right	aware	1	0
317.016	0.000	trigger_31	31	317016	Trigger-In:31	69	targets_on_fp_color_change	staircase	9	green	right	aware	1	0
317.671	0.000	trigger_201	201	317671	Trigger-In:201	69	trial_end_completed	staircase	9	green	right	aware	1	0
318.746	0.000	trigger_101	101	318746	Trigger-In:101	70	trial_start	salient	0	red	right	unaware	1	0
318.851	0.000	trigger_11	11	318851	Trigger-In:11	70	fixation_point_on	salient	0	red	right	unaware	1	0
319.456	0.000	trigger_21	21	319456	Trigger-In:21	70	grating_on	salient	0	red	right	unaware	1	0
319.506	0.000	trigger_20	20	319506	Trigger-In:20	70	grating_off	salient	0	red	right	unaware	1	0
320.106	0.000	trigger_31	31	320106	Trigger-In:31	70	targets_on_fp_color_change	salient	0	red	right	unaware	1	0
321.706	0.000	trigger_201	201	321706	Trigger-In:201	70	trial_end_completed	salient	0	red	right	unaware	1	0
322.786	0.000	trigger_101	101	322786	Trigger-In:101	71	trial_start	absent	70	red	left	aware	1	0
322.891	0.000	trigger_11	11	322891	Trigger-In:11	71	fixation_point_on	absent	70	red	left	aware	1	0
323.491	0.000	trigger_21	21	323491	Trigger-In:21	71	grating_on	absent	70	red	left	aware	1	0
323.546	0.000	trigger_20	20	323546	Trigger-In:20	71	grating_off	absent	70	red	left	aware	1	0
324.146	0.000	trigger_31	31	324146	Trigger-In:31	71	targets_on_fp_color_change	absent	70	red	left	aware	1	0
325.131	0.000	trigger_201	201	325131	Trigger-In:201	71	trial_end_completed	absent	70	red	left	aware	1	0
326.211	0.000	trigger_101	101	326211	Trigger-In:101	72	trial_start	absent	70	green	right	aware	1	0
326.311	0.000	trigger_11	11	326311	Trigger-In:11	72	fixation_point_on	absent	70	green	right	aware	1	0
326.911	0.000	trigger_21	21	326911	Trigger-In:21	72	grating_on	absent	70	green	right	aware	1	0
326.961	0.000	trigger_20	20	326961	Trigger-In:20	72	grating_off	absent	70	green	right	aware	1	0
327.561	0.000	trigger_31	31	327561	Trigger-In:31	72	targets_on_fp_color_change	absent	70	green	right	aware	1	0
328.276	0.000	trigger_201	201	328276	Trigger-In:201	72	trial_end_completed	absent	70	green	right	aware	1	0
329.356	0.000	trigger_101	101	329356	Trigger-In:101	73	trial_start	staircase	8	green	left	unaware	1	0
329.461	0.000	trigger_11	11	329461	Trigger-In:11	73	fixation_point_on	staircase	8	green	left	unaware	1	0
330.061	0.000	trigger_21	21	330061	Trigger-In:21	73	grating_on	staircase	8	green	left	unaware	1	0
330.111	0.000	trigger_20	20	330111	Trigger-In:20	73	grating_off	staircase	8	green	left	unaware	1	0
330.711	0.000	trigger_31	31	330711	Trigger-In:31	73	targets_on_fp_color_change	staircase	8	green	left	unaware	1	0
331.816	0.000	trigger_201	201	331816	Trigger-In:201	73	trial_end_completed	staircase	8	green	left	unaware	1	0
332.896	0.000	trigger_101	101	332896	Trigger-In:101	74	trial_start	staircase	9	red	left	aware	1	0
333.001	0.000	trigger_11	11	333001	Trigger-In:11	74	fixation_point_on	staircase	9	red	left	aware	1	0
333.601	0.000	trigger_21	21	333601	Trigger-In:21	74	grating_on	staircase	9	red	left	aware	1	0
333.651	0.000	trigger_20	20	333651	Trigger-In:20	74	grating_off	staircase	9	red	left	aware	1	0
334.251	0.000	trigger_31	31	334251	Trigger-In:31	74	targets_on_fp_color_change	staircase	9	red	left	aware	1	0
335.251	0.000	trigger_201	201	335251	Trigger-In:201	74	trial_end_completed	staircase	9	red	left	aware	1	0
336.326	0.000	trigger_101	101	336326	Trigger-In:101	75	trial_start	salient	0	green	left	unaware	1	0
336.431	0.000	trigger_11	11	336431	Trigger-In:11	75	fixation_point_on	salient	0	green	left	unaware	1	0
337.031	0.000	trigger_21	21	337031	Trigger-In:21	75	grating_on	salient	0	green	left	unaware	1	0
337.081	0.000	trigger_20	20	337081	Trigger-In:20	75	grating_off	salient	0	green	left	unaware	1	0
337.686	0.000	trigger_31	31	337686	Trigger-In:31	75	targets_on_fp_color_change	salient	0	green	left	unaware	1	0
338.786	0.000	trigger_201	201	338786	Trigger-In:201	75	trial_end_completed	salient	0	green	left	unaware	1	0
339.866	0.000	trigger_101	101	339866	Trigger-In:101	76	trial_start	salient	0	red	right	unaware	1	0
339.966	0.000	trigger_11	11	339966	Trigger-In:11	76	fixation_point_on	salient	0	red	right	unaware	1	0
340.566	0.000	trigger_21	21	340566	Trigger-In:21	76	grating_on	salient	0	red	right	unaware	1	0
340.616	0.000	trigger_20	20	340616	Trigger-In:20	76	grating_off	salient	0	red	right	unaware	1	0
341.216	0.000	trigger_31	31	341216	Trigger-In:31	76	targets_on_fp_color_change	salient	0	red	right	unaware	1	0
342.266	0.000	trigger_201	201	342266	Trigger-In:201	76	trial_end_completed	salient	0	red	right	unaware	1	0
343.341	0.000	trigger_101	101	343341	Trigger-In:101	77	trial_start	staircase	8	red	right	unaware	1	0
343.446	0.000	trigger_11	11	343446	Trigger-In:11	77	fixation_point_on	staircase	8	red	right	unaware	1	0
344.046	0.000	trigger_21	21	344046	Trigger-In:21	77	grating_on	staircase	8	red	right	unaware	1	0
344.096	0.000	trigger_20	20	344096	Trigger-In:20	77	grating_off	staircase	8	red	right	unaware	1	0
344.696	0.000	trigger_31	31	344696	Trigger-In:31	77	targets_on_fp_color_change	staircase	8	red	right	unaware	1	0
345.511	0.000	trigger_201	201	345511	Trigger-In:201	77	trial_end_completed	staircase	8	red	right	unaware	1	0
346.591	0.000	trigger_101	101	346591	Trigger-In:101	78	trial_start	staircase	9	red	left	aware	1	0
346.696	0.000	trigger_11	11	346696	Trigger-In:11	78	fixation_point_on	staircase	9	red	left	aware	1	0
347.296	0.000	trigger_21	21	347296	Trigger-In:21	78	grating_on	staircase	9	red	left	aware	1	0
347.346	0.000	trigger_20	20	347346	Trigger-In:20	78	grating_off	staircase	9	red	left	aware	1	0
347.951	0.000	trigger_31	31	347951	Trigger-In:31	78	targets_on_fp_color_change	staircase	9	red	left	aware	1	0
349.416	0.000	trigger_201	201	349416	Trigger-In:201	78	trial_end_completed	staircase	9	red	left	aware	1	0
350.491	0.000	trigger_101	101	350491	Trigger-In:101	79	trial_start	staircase	8	red	right	unaware	1	0
350.596	0.000	trigger_11	11	350596	Trigger-In:11	79	fixation_point_on	staircase	8	red	right	unaware	1	0
351.196	0.000	trigger_21	21	351196	Trigger-In:21	79	grating_on	staircase	8	red	right	unaware	1	0
351.246	0.000	trigger_20	20	351246	Trigger-In:20	79	grating_off	staircase	8	red	right	unaware	1	0
351.846	0.000	trigger_31	31	351846	Trigger-In:31	79	targets_on_fp_color_change	staircase	8	red	right	unaware	1	0
353.186	0.000	trigger_201	201	353186	Trigger-In:201	79	trial_end_completed	staircase	8	red	right	unaware	1	0
354.266	0.000	trigger_101	101	354266	Trigger-In:101	80	trial_start	staircase	9	green	left	unaware	1	0
354.371	0.000	trigger_11	11	354371	Trigger-In:11	80	fixation_point_on	staircase	9	green	left	unaware	1	0
354.971	0.000	trigger_21	21	354971	Trigger-In:21	80	grating_on	staircase	9	green	left	unaware	1	0
355.021	0.000	trigger_20	20	355021	Trigger-In:20	80	grating_off	staircase	9	green	left	unaware	1	0
355.626	0.000	trigger_31	31	355626	Trigger-In:31	80	targets_on_fp_color_change	staircase	9	green	left	unaware	1	0
356.946	0.000	trigger_201	201	356946	Trigger-In:201	80	trial_end_completed	staircase	9	green	left	unaware	1	0
358.021	0.000	trigger_101	101	358021	Trigger-In:101	81	trial_start	salient	0	red	right	unaware	1	0
358.121	0.000	trigger_11	11	358121	Trigger-In:11	81	fixation_point_on	salient	0	red	right	unaware	1	0
358.721	0.000	trigger_21	21	358721	Trigger-In:21	81	grating_on	salient	0	red	right	unaware	1	0
358.771	0.000	trigger_20	20	358771	Trigger-In:20	81	grating_off	salient	0	red	right	unaware	1	0
359.371	0.000	trigger_31	31	359371	Trigger-In:31	81	targets_on_fp_color_change	salient	0	red	right	unaware	1	0
360.226	0.000	trigger_201	201	360226	Trigger-In:201	81	trial_end_completed	salient	0	red	right	unaware	1	0
361.306	0.000	trigger_101	101	361306	Trigger-In:101	82	trial_start	staircase	10	green	right	aware	1	0
361.411	0.000	trigger_11	11	361411	Trigger-In:11	82	fixation_point_on	staircase	10	green	right	aware	1	0
362.011	0.000	trigger_21	21	362011	Trigger-In:21	82	grating_on	staircase	10	green	right	aware	1	0
362.061	0.000	trigger_20	20	362061	Trigger-In:20	82	grating_off	staircase	10	green	right	aware	1	0
362.661	0.000	trigger_31	31	362661	Trigger-In:31	82	targets_on_fp_color_change	staircase	10	green	right	aware	1	0
363.386	0.000	trigger_201	201	363386	Trigger-In:201	82	trial_end_completed	staircase	10	green	right	aware	1	0
364.466	0.000	trigger_101	101	364466	Trigger-In:101	83	trial_start	staircase	9	red	left	aware	1	0
364.571	0.000	trigger_11	11	364571	Trigger-In:11	83	fixation_point_on	staircase	9	red	left	aware	1	0
365.171	0.000	trigger_21	21	365171	Trigger-In:21	83	grating_on	staircase	9	red	left	aware	1	0
365.221	0.000	trigger_20	20	365221	Trigger-In:20	83	grating_off	staircase	9	red	left	aware	1	0
365.821	0.000	trigger_31	31	365821	Trigger-In:31	83	targets_on_fp_color_change	staircase	9	red	left	aware	1	0
367.261	0.000	trigger_201	201	367261	Trigger-In:201	83	trial_end_completed	staircase	9	red	left	aware	1	0
368.336	0.000	trigger_101	101	368336	Trigger-In:101	84	trial_start	staircase	8	green	left	unaware	1	0
368.441	0.000	trigger_11	11	368441	Trigger-In:11	84	fixation_point_on	staircase	8	green	left	unaware	1	0
369.041	0.000	trigger_21	21	369041	Trigger-In:21	84	grating_on	staircase	8	green	left	unaware	1	0
369.096	0.000	trigger_20	20	369096	Trigger-In:20	84	grating_off	staircase	8	green	left	unaware	1	0
369.696	0.000	trigger_31	31	369696	Trigger-In:31	84	targets_on_fp_color_change	staircase	8	green	left	unaware	1	0
370.721	0.000	trigger_201	201	370721	Trigger-In:201	84	trial_end_completed	staircase	8	green	left	unaware	1	0
371.801	0.000	trigger_101	101	371801	Trigger-In:101	85	trial_start	staircase	9	red	right	unaware	1	0
371.901	0.000	trigger_11	11	371901	Trigger-In:11	85	fixation_point_on	staircase	9	red	right	unaware	1	0
372.501	0.000	trigger_21	21	372501	Trigger-In:21	85	grating_on	staircase	9	red	right	unaware	1	0
372.551	0.000	trigger_20	20	372551	Trigger-In:20	85	grating_off	staircase	9	red	right	unaware	1	0
373.156	0.000	trigger_31	31	373156	Trigger-In:31	85	targets_on_fp_color_change	staircase	9	red	right	unaware	1	0
373.981	0.000	trigger_201	201	373981	Trigger-In:201	85	trial_end_completed	staircase	9	red	right	unaware	1	0
375.056	0.000	trigger_101	101	375056	Trigger-In:101	86	trial_start	staircase	10	red	right	unaware	1	0
375.161	0.000	trigger_11	11	375161	Trigger-In:11	86	fixation_point_on	staircase	10	red	right	unaware	1	0
375.761	0.000	trigger_21	21	375761	Trigger-In:21	86	grating_on	staircase	10	red	right	unaware	1	0
375.816	0.000	trigger_20	20	375816	Trigger-In:20	86	grating_off	staircase	10	red	right	unaware	1	0
376.416	0.000	trigger_31	31	376416	Trigger-In:31	86	targets_on_fp_color_change	staircase	10	red	right	unaware	1	0
377.321	0.000	trigger_201	201	377321	Trigger-In:201	86	trial_end_completed	staircase	10	red	right	unaware	1	0
378.396	0.000	trigger_101	101	378396	Trigger-In:101	87	trial_start	staircase	11	red	left	aware	1	0
378.501	0.000	trigger_11	11	378501	Trigger-In:11	87	fixation_point_on	staircase	11	red	left	aware	1	0
379.106	0.000	trigger_21	21	379106	Trigger-In:21	87	grating_on	staircase	11	red	left	aware	1	0
379.156	0.000	trigger_20	20	379156	Trigger-In:20	87	grating_off	staircase	11	red	left	aware	1	0
379.756	0.000	trigger_31	31	379756	Trigger-In:31	87	targets_on_fp_color_change	staircase	11	red	left	aware	1	0
380.621	0.000	trigger_201	201	380621	Trigger-In:201	87	trial_end_completed	staircase	11	red	left	aware	1	0
381.696	0.000	trigger_101	101	381696	Trigger-In:101	88	trial_start	staircase	10	green	right	aware	1	0
381.801	0.000	trigger_11	11	381801	Trigger-In:11	88	fixation_point_on	staircase	10	green	right	aware	1	0
382.401	0.000	trigger_21	21	382401	Trigger-In:21	88	grating_on	staircase	10	green	right	aware	1	0
382.451	0.000	trigger_20	20	382451	Trigger-In:20	88	grating_off	staircase	10	green	right	aware	1	0
383.051	0.000	trigger_31	31	383051	Trigger-In:31	88	targets_on_fp_color_change	staircase	10	green	right	aware	1	0
383.676	0.000	trigger_201	201	383676	Trigger-In:201	88	trial_end_completed	staircase	10	green	right	aware	1	0
384.756	0.000	trigger_101	101	384756	Trigger-In:101	89	trial_start	salient	0	green	left	unaware	1	0
384.861	0.000	trigger_11	11	384861	Trigger-In:11	89	fixation_point_on	salient	0	green	left	unaware	1	0
385.461	0.000	trigger_21	21	385461	Trigger-In:21	89	grating_on	salient	0	green	left	unaware	1	0
385.511	0.000	trigger_20	20	385511	Trigger-In:20	89	grating_off	salient	0	green	left	unaware	1	0
386.111	0.000	trigger_31	31	386111	Trigger-In:31	89	targets_on_fp_color_change	salient	0	green	left	unaware	1	0
387.166	0.000	trigger_201	201	387166	Trigger-In:201	89	trial_end_completed	salient	0	green	left	unaware	1	0
388.241	0.000	trigger_101	101	388241	Trigger-In:101	90	trial_start	staircase	9	red	right	unaware	1	0
388.506	0.000	trigger_11	11	388506	Trigger-In:11	90	fixation_point_on	staircase	9	red	right	unaware	1	0
389.106	0.000	trigger_21	21	389106	Trigger-In:21	90	grating_on	staircase	9	red	right	unaware	1	0
389.156	0.000	trigger_20	20	389156	Trigger-In:20	90	grating_off	staircase	9	red	right	unaware	1	0
389.761	0.000	trigger_31	31	389761	Trigger-In:31	90	targets_on_fp_color_change	staircase	9	red	right	unaware	1	0
391.086	0.000	trigger_201	201	391086	Trigger-In:201	90	trial_end_completed	staircase	9	red	right	unaware	1	0
392.166	0.000	trigger_101	101	392166	Trigger-In:101	91	trial_start	staircase	10	green	left	unaware	1	0
392.266	0.000	trigger_11	11	392266	Trigger-In:11	91	fixation_point_on	staircase	10	green	left	unaware	1	0
392.871	0.000	trigger_21	21	392871	Trigger-In:21	91	grating_on	staircase	10	green	left	unaware	1	0
392.921	0.000	trigger_20	20	392921	Trigger-In:20	91	grating_off	staircase	10	green	left	unaware	1	0
393.521	0.000	trigger_31	31	393521	Trigger-In:31	91	targets_on_fp_color_change	staircase	10	green	left	unaware	1	0
394.671	0.000	trigger_201	201	394671	Trigger-In:201	91	trial_end_completed	staircase	10	green	left	unaware	1	0
395.751	0.000	trigger_101	101	395751	Trigger-In:101	92	trial_start	staircase	11	red	left	aware	1	0
395.856	0.000	trigger_11	11	395856	Trigger-In:11	92	fixation_point_on	staircase	11	red	left	aware	1	0
396.456	0.000	trigger_21	21	396456	Trigger-In:21	92	grating_on	staircase	11	red	left	aware	1	0
396.506	0.000	trigger_20	20	396506	Trigger-In:20	92	grating_off	staircase	11	red	left	aware	1	0
397.106	0.000	trigger_31	31	397106	Trigger-In:31	92	targets_on_fp_color_change	staircase	11	red	left	aware	1	0
398.166	0.000	trigger_201	201	398166	Trigger-In:201	92	trial_end_completed	staircase	11	red	left	aware	1	0
399.246	0.000	trigger_101	101	399246	Trigger-In:101	93	trial_start	staircase	10	green	left	unaware	1	0
399.351	0.000	trigger_11	11	399351	Trigger-In:11	93	fixation_point_on	staircase	10	green	left	unaware	1	0
399.951	0.000	trigger_21	21	399951	Trigger-In:21	93	grating_on	staircase	10	green	left	unaware	1	0
400.001	0.000	trigger_20	20	400001	Trigger-In:20	93	grating_off	staircase	10	green	left	unaware	1	0
400.606	0.000	trigger_31	31	400606	Trigger-In:31	93	targets_on_fp_color_change	staircase	10	green	left	unaware	1	0
401.726	0.000	trigger_201	201	401726	Trigger-In:201	93	trial_end_completed	staircase	10	green	left	unaware	1	0
402.806	0.000	trigger_101	101	402806	Trigger-In:101	94	trial_start	staircase	11	green	right	aware	1	0
402.906	0.000	trigger_11	11	402906	Trigger-In:11	94	fixation_point_on	staircase	11	green	right	aware	1	0
403.506	0.000	trigger_21	21	403506	Trigger-In:21	94	grating_on	staircase	11	green	right	aware	1	0
403.556	0.000	trigger_20	20	403556	Trigger-In:20	94	grating_off	staircase	11	green	right	aware	1	0
404.156	0.000	trigger_31	31	404156	Trigger-In:31	94	targets_on_fp_color_change	staircase	11	green	right	aware	1	0
404.851	0.000	trigger_201	201	404851	Trigger-In:201	94	trial_end_completed	staircase	11	green	right	aware	1	0
405.931	0.000	trigger_101	101	405931	Trigger-In:101	95	trial_start	staircase	10	red	left	aware	1	0
406.036	0.000	trigger_11	11	406036	Trigger-In:11	95	fixation_point_on	staircase	10	red	left	aware	1	0
406.636	0.000	trigger_21	21	406636	Trigger-In:21	95	grating_on	staircase	10	red	left	aware	1	0
406.686	0.000	trigger_20	20	406686	Trigger-In:20	95	grating_off	staircase	10	red	left	aware	1	0
407.286	0.000	trigger_31	31	407286	Trigger-In:31	95	targets_on_fp_color_change	staircase	10	red	left	aware	1	0
408.081	0.000	trigger_201	201	408081	Trigger-In:201	95	trial_end_completed	staircase	10	red	left	aware	1	0
409.156	0.000	trigger_101	101	409156	Trigger-In:101	96	trial_start	staircase	9	red	right	unaware	1	0
409.261	0.000	trigger_11	11	409261	Trigger-In:11	96	fixation_point_on	staircase	9	red	right	unaware	1	0
409.861	0.000	trigger_21	21	409861	Trigger-In:21	96	grating_on	staircase	9	red	right	unaware	1	0
409.911	0.000	trigger_20	20	409911	Trigger-In:20	96	grating_off	staircase	9	red	right	unaware	1	0
410.511	0.000	trigger_31	31	410511	Trigger-In:31	96	targets_on_fp_color_change	staircase	9	red	right	unaware	1	0
411.526	0.000	trigger_201	201	411526	Trigger-In:201	96	trial_end_completed	staircase	9	red	right	unaware	1	0
412.601	0.000	trigger_101	101	412601	Trigger-In:101	97	trial_start	salient	0	red	right	unaware	1	0
412.711	0.000	trigger_11	11	412711	Trigger-In:11	97	fixation_point_on	salient	0	red	right	unaware	1	0
413.311	0.000	trigger_21	21	413311	Trigger-In:21	97	grating_on	salient	0	red	right	unaware	1	0
413.361	0.000	trigger_20	20	413361	Trigger-In:20	97	grating_off	salient	0	red	right	unaware	1	0
413.961	0.000	trigger_31	31	413961	Trigger-In:31	97	targets_on_fp_color_change	salient	0	red	right	unaware	1	0
415.096	0.000	trigger_201	201	415096	Trigger-In:201	97	trial_end_completed	salient	0	red	right	unaware	1	0
416.171	0.000	trigger_101	101	416171	Trigger-In:101	98	trial_start	staircase	10	red	left	aware	1	0
416.276	0.000	trigger_11	11	416276	Trigger-In:11	98	fixation_point_on	staircase	10	red	left	aware	1	0
416.876	0.000	trigger_21	21	416876	Trigger-In:21	98	grating_on	staircase	10	red	left	aware	1	0
416.926	0.000	trigger_20	20	416926	Trigger-In:20	98	grating_off	staircase	10	red	left	aware	1	0
417.526	0.000	trigger_31	31	417526	Trigger-In:31	98	targets_on_fp_color_change	staircase	10	red	left	aware	1	0
418.506	0.000	trigger_201	201	418506	Trigger-In:201	98	trial_end_completed	staircase	10	red	left	aware	1	0
419.581	0.000	trigger_101	101	419581	Trigger-In:101	99	trial_start	staircase	9	green	right	aware	1	0
419.686	0.000	trigger_11	11	419686	Trigger-In:11	99	fixation_point_on	staircase	9	green	right	aware	1	0
420.286	0.000	trigger_21	21	420286	Trigger-In:21	99	grating_on	staircase	9	green	right	aware	1	0
420.341	0.000	trigger_20	20	420341	Trigger-In:20	99	grating_off	staircase	9	green	right	aware	1	0
420.941	0.000	trigger_31	31	420941	Trigger-In:31	99	targets_on_fp_color_change	staircase	9	green	right	aware	1	0
421.591	0.000	trigger_201	201	421591	Trigger-In:201	99	trial_end_completed	staircase	9	green	right	aware	1	0
422.671	0.000	trigger_101	101	422671	Trigger-In:101	100	trial_start	salient	0	green	left	unaware	1	0
422.776	0.000	trigger_11	11	422776	Trigger-In:11	100	fixation_point_on	salient	0	green	left	unaware	1	0
423.376	0.000	trigger_21	21	423376	Trigger-In:21	100	grating_on	salient	0	green	left	unaware	1	0
423.426	0.000	trigger_20	20	423426	Trigger-In:20	100	grating_off	salient	0	green	left	unaware	1	0
424.026	0.000	trigger_31	31	424026	Trigger-In:31	100	targets_on_fp_color_change	salient	0	green	left	unaware	1	0
425.086	0.000	trigger_201	201	425086	Trigger-In:201	100	trial_end_completed	salient	0	green	left	unaware	1	0
426.161	0.000	trigger_101	101	426161	Trigger-In:101	101	trial_start	staircase	8	green	left	unaware	1	0
426.271	0.000	trigger_11	11	426271	Trigger-In:11	101	fixation_point_on	staircase	8	green	left	unaware	1	0
426.866	0.000	trigger_21	21	426866	Trigger-In:21	101	grating_on	staircase	8	green	left	unaware	1	0
426.916	0.000	trigger_20	20	426916	Trigger-In:20	101	grating_off	staircase	8	green	left	unaware	1	0
427.521	0.000	trigger_31	31	427521	Trigger-In:31	101	targets_on_fp_color_change	staircase	8	green	left	unaware	1	0
428.326	0.000	trigger_201	201	428326	Trigger-In:201	101	trial_end_completed	staircase	8	green	left	unaware	1	0
429.401	0.000	trigger_101	101	429401	Trigger-In:101	102	trial_start	absent	70	red	left	aware	1	0
429.506	0.000	trigger_11	11	429506	Trigger-In:11	102	fixation_point_on	absent	70	red	left	aware	1	0
430.111	0.000	trigger_21	21	430111	Trigger-In:21	102	grating_on	absent	70	red	left	aware	1	0
430.161	0.000	trigger_20	20	430161	Trigger-In:20	102	grating_off	absent	70	red	left	aware	1	0
430.761	0.000	trigger_31	31	430761	Trigger-In:31	102	targets_on_fp_color_change	absent	70	red	left	aware	1	0
431.806	0.000	trigger_201	201	431806	Trigger-In:201	102	trial_end_completed	absent	70	red	left	aware	1	0
432.886	0.000	trigger_101	101	432886	Trigger-In:101	103	trial_start	staircase	9	green	right	aware	1	0
432.991	0.000	trigger_11	11	432991	Trigger-In:11	103	fixation_point_on	staircase	9	green	right	aware	1	0
433.591	0.000	trigger_21	21	433591	Trigger-In:21	103	grating_on	staircase	9	green	right	aware	1	0
433.641	0.000	trigger_20	20	433641	Trigger-In:20	103	grating_off	staircase	9	green	right	aware	1	0
434.241	0.000	trigger_31	31	434241	Trigger-In:31	103	targets_on_fp_color_change	staircase	9	green	right	aware	1	0
434.886	0.000	trigger_201	201	434886	Trigger-In:201	103	trial_end_completed	staircase	9	green	right	aware	1	0
435.961	0.000	trigger_101	101	435961	Trigger-In:101	104	trial_start	staircase	8	red	left	aware	1	0
436.066	0.000	trigger_11	11	436066	Trigger-In:11	104	fixation_point_on	staircase	8	red	left	aware	1	0
436.666	0.000	trigger_21	21	436666	Trigger-In:21	104	grating_on	staircase	8	red	left	aware	1	0
436.721	0.000	trigger_20	20	436721	Trigger-In:20	104	grating_off	staircase	8	red	left	aware	1	0
437.321	0.000	trigger_31	31	437321	Trigger-In:31	104	targets_on_fp_color_change	staircase	8	red	left	aware	1	0
438.451	0.000	trigger_201	201	438451	Trigger-In:201	104	trial_end_completed	staircase	8	red	left	aware	1	0
439.531	0.000	trigger_101	101	439531	Trigger-In:101	105	trial_start	absent	70	red	left	aware	1	0
439.636	0.000	trigger_11	11	439636	Trigger-In:11	105	fixation_point_on	absent	70	red	left	aware	1	0
440.236	0.000	trigger_21	21	440236	Trigger-In:21	105	grating_on	absent	70	red	left	aware	1	0
440.286	0.000	trigger_20	20	440286	Trigger-In:20	105	grating_off	absent	70	red	left	aware	1	0
440.886	0.000	trigger_31	31	440886	Trigger-In:31	105	targets_on_fp_color_change	absent	70	red	left	aware	1	0
441.801	0.000	trigger_201	201	441801	Trigger-In:201	105	trial_end_completed	absent	70	red	left	aware	1	0
442.876	0.000	trigger_101	101	442876	Trigger-In:101	106	trial_start	staircase	7	red	right	unaware	1	0
442.981	0.000	trigger_11	11	442981	Trigger-In:11	106	fixation_point_on	staircase	7	red	right	unaware	1	0
443.581	0.000	trigger_21	21	443581	Trigger-In:21	106	grating_on	staircase	7	red	right	unaware	1	0
443.631	0.000	trigger_20	20	443631	Trigger-In:20	106	grating_off	staircase	7	red	right	unaware	1	0
444.236	0.000	trigger_31	31	444236	Trigger-In:31	106	targets_on_fp_color_change	staircase	7	red	right	unaware	1	0
445.326	0.000	trigger_201	201	445326	Trigger-In:201	106	trial_end_completed	staircase	7	red	right	unaware	1	0
446.401	0.000	trigger_101	101	446401	Trigger-In:101	107	trial_start	staircase	8	green	left	unaware	1	0
446.506	0.000	trigger_11	11	446506	Trigger-In:11	107	fixation_point_on	staircase	8	green	left	unaware	1	0
447.106	0.000	trigger_21	21	447106	Trigger-In:21	107	grating_on	staircase	8	green	left	unaware	1	0
447.156	0.000	trigger_20	20	447156	Trigger-In:20	107	grating_off	staircase	8	green	left	unaware	1	0
447.761	0.000	trigger_31	31	447761	Trigger-In:31	107	targets_on_fp_color_change	staircase	8	green	left	unaware	1	0
448.811	0.000	trigger_201	201	448811	Trigger-In:201	107	trial_end_completed	staircase	8	green	left	unaware	1	0
449.891	0.000	trigger_101	101	449891	Trigger-In:101	108	trial_start	staircase	9	green	right	aware	1	0
449.991	0.000	trigger_11	11	449991	Trigger-In:11	108	fixation_point_on	staircase	9	green	right	aware	1	0
450.591	0.000	trigger_21	21	450591	Trigger-In:21	108	grating_on	staircase	9	green	right	aware	1	0
450.641	0.000	trigger_20	20	450641	Trigger-In:20	108	grating_off	staircase	9	green	right	aware	1	0
451.241	0.000	trigger_31	31	451241	Trigger-In:31	108	targets_on_fp_color_change	staircase	9	green	right	aware	1	0
451.951	0.000	trigger_201	201	451951	Trigger-In:201	108	trial_end_completed	staircase	9	green	right	aware	1	0
453.031	0.000	trigger_101	101	453031	Trigger-In:101	109	trial_start	staircase	8	red	left	aware	1	0
453.136	0.000	trigger_11	11	453136	Trigger-In:11	109	fixation_point_on	staircase	8	red	left	aware	1	0
453.736	0.000	trigger_21	21	453736	Trigger-In:21	109	grating_on	staircase	8	red	left	aware	1	0
453.786	0.000	trigger_20	20	453786	Trigger-In:20	109	grating_off	staircase	8	red	left	aware	1	0
454.386	0.000	trigger_31	31	454386	Trigger-In:31	109	targets_on_fp_color_change	staircase	8	red	left	aware	1	0
455.241	0.000	trigger_201	201	455241	Trigger-In:201	109	trial_end_completed	staircase	8	red	left	aware	1	0
456.321	0.000	trigger_101	101	456321	Trigger-In:101	110	trial_start	staircase	7	green	right	aware	1	0
456.426	0.000	trigger_11	11	456426	Trigger-In:11	110	fixation_point_on	staircase	7	green	right	aware	1	0
457.026	0.000	trigger_21	21	457026	Trigger-In:21	110	grating_on	staircase	7	green	right	aware	1	0
457.076	0.000	trigger_20	20	457076	Trigger-In:20	110	grating_off	staircase	7	green	right	aware	1	0
457.681	0.000	trigger_31	31	457681	Trigger-In:31	110	targets_on_fp_color_change	staircase	7	green	right	aware	1	0
458.331	0.000	trigger_201	201	458331	Trigger-In:201	110	trial_end_completed	staircase	7	green	right	aware	1	0
459.411	0.000	trigger_101	101	459411	Trigger-In:101	111	trial_start	staircase	6	red	right	unaware	1	0
459.511	0.000	trigger_11	11	459511	Trigger-In:11	111	fixation_point_on	staircase	6	red	right	unaware	1	0
460.116	0.000	trigger_21	21	460116	Trigger-In:21	111	grating_on	staircase	6	red	right	unaware	1	0
460.166	0.000	trigger_20	20	460166	Trigger-In:20	111	grating_off	staircase	6	red	right	unaware	1	0
460.766	0.000	trigger_31	31	460766	Trigger-In:31	111	targets_on_fp_color_change	staircase	6	red	right	unaware	1	0
461.756	0.000	trigger_201	201	461756	Trigger-In:201	111	trial_end_completed	staircase	6	red	right	unaware	1	0
462.831	0.000	trigger_101	101	462831	Trigger-In:101	112	trial_start	staircase	7	green	left	unaware	1	0
462.936	0.000	trigger_11	11	462936	Trigger-In:11	112	fixation_point_on	staircase	7	green	left	unaware	1	0
463.536	0.000	trigger_21	21	463536	Trigger-In:21	112	grating_on	staircase	7	green	left	unaware	1	0
463.586	0.000	trigger_20	20	463586	Trigger-In:20	112	grating_off	staircase	7	green	left	unaware	1	0
464.191	0.000	trigger_31	31	464191	Trigger-In:31	112	targets_on_fp_color_change	staircase	7	green	left	unaware	1	0
464.956	0.000	trigger_201	201	464956	Trigger-In:201	112	trial_end_completed	staircase	7	green	left	unaware	1	0
466.036	0.000	trigger_101	101	466036	Trigger-In:101	113	trial_start	staircase	8	green	left	unaware	1	0
466.141	0.000	trigger_11	11	466141	Trigger-In:11	113	fixation_point_on	staircase	8	green	left	unaware	1	0
466.741	0.000	trigger_21	21	466741	Trigger-In:21	113	grating_on	staircase	8	green	left	unaware	1	0
466.796	0.000	trigger_20	20	466796	Trigger-In:20	113	grating_off	staircase	8	green	left	unaware	1	0
467.396	0.000	trigger_31	31	467396	Trigger-In:31	113	targets_on_fp_color_change	staircase	8	green	left	unaware	1	0
468.261	0.000	trigger_201	201	468261	Trigger-In:201	113	trial_end_completed	staircase	8	green	left	unaware	1	0
469.336	0.000	trigger_101	101	469336	Trigger-In:101	114	trial_start	staircase	9	red	right	unaware	1	0
469.441	0.000	trigger_11	11	469441	Trigger-In:11	114	fixation_point_on	staircase	9	red	right	unaware	1	0
470.041	0.000	trigger_21	21	470041	Trigger-In:21	114	grating_on	staircase	9	red	right	unaware	1	0
470.091	0.000	trigger_20	20	470091	Trigger-In:20	114	grating_off	staircase	9	red	right	unaware	1	0
470.691	0.000	trigger_31	31	470691	Trigger-In:31	114	targets_on_fp_color_change	staircase	9	red	right	unaware	1	0
471.456	0.000	trigger_201	201	471456	Trigger-In:201	114	trial_end_completed	staircase	9	red	right	unaware	1	0
472.536	0.000	trigger_101	101	472536	Trigger-In:101	115	trial_start	staircase	10	red	left	aware	1	0
472.641	0.000	trigger_11	11	472641	Trigger-In:11	115	fixation_point_on	staircase	10	red	left	aware	1	0
473.241	0.000	trigger_21	21	473241	Trigger-In:21	115	grating_on	staircase	10	red	left	aware	1	0
473.296	0.000	trigger_20	20	473296	Trigger-In:20	115	grating_off	staircase	10	red	left	aware	1	0
473.896	0.000	trigger_31	31	473896	Trigger-In:31	115	targets_on_fp_color_change	staircase	10	red	left	aware	1	0
474.961	0.000	trigger_201	201	474961	Trigger-In:201	115	trial_end_completed	staircase	10	red	left	aware	1	0
476.036	0.000	trigger_101	101	476036	Trigger-In:101	116	trial_start	staircase	9	red	left	aware	1	0
476.141	0.000	trigger_11	11	476141	Trigger-In:11	116	fixation_point_on	staircase	9	red	left	aware	1	0
476.741	0.000	trigger_21	21	476741	Trigger-In:21	116	grating_on	staircase	9	red	left	aware	1	0
476.791	0.000	trigger_20	20	476791	Trigger-In:20	116	grating_off	staircase	9	red	left	aware	1	0
477.396	0.000	trigger_31	31	477396	Trigger-In:31	116	targets_on_fp_color_change	staircase	9	red	left	aware	1	0
478.556	0.000	trigger_201	201	478556	Trigger-In:201	116	trial_end_completed	staircase	9	red	left	aware	1	0
479.631	0.000	trigger_101	101	479631	Trigger-In:101	117	trial_start	salient	0	green	left	unaware	1	0
479.736	0.000	trigger_11	11	479736	Trigger-In:11	117	fixation_point_on	salient	0	green	left	unaware	1	0
480.336	0.000	trigger_21	21	480336	Trigger-In:21	117	grating_on	salient	0	green	left	unaware	1	0
480.386	0.000	trigger_20	20	480386	Trigger-In:20	117	grating_off	salient	0	green	left	unaware	1	0
480.986	0.000	trigger_31	31	480986	Trigger-In:31	117	targets_on_fp_color_change	salient	0	green	left	unaware	1	0
482.011	0.000	trigger_201	201	482011	Trigger-In:201	117	trial_end_completed	salient	0	green	left	unaware	1	0
483.086	0.000	trigger_101	101	483086	Trigger-In:101	118	trial_start	staircase	8	green	left	unaware	1	0
483.191	0.000	trigger_11	11	483191	Trigger-In:11	118	fixation_point_on	staircase	8	green	left	unaware	1	0
483.791	0.000	trigger_21	21	483791	Trigger-In:21	118	grating_on	staircase	8	green	left	unaware	1	0
483.841	0.000	trigger_20	20	483841	Trigger-In:20	118	grating_off	staircase	8	green	left	unaware	1	0
484.441	0.000	trigger_31	31	484441	Trigger-In:31	118	targets_on_fp_color_change	staircase	8	green	left	unaware	1	0
485.581	0.000	trigger_201	201	485581	Trigger-In:201	118	trial_end_completed	staircase	8	green	left	unaware	1	0
486.656	0.000	trigger_101	101	486656	Trigger-In:101	119	trial_start	salient	0	green	left	unaware	1	0
486.761	0.000	trigger_11	11	486761	Trigger-In:11	119	fixation_point_on	salient	0	green	left	unaware	1	0
487.361	0.000	trigger_21	21	487361	Trigger-In:21	119	grating_on	salient	0	green	left	unaware	1	0
487.411	0.000	trigger_20	20	487411	Trigger-In:20	119	grating_off	salient	0	green	left	unaware	1	0
488.016	0.000	trigger_31	31	488016	Trigger-In:31	119	targets_on_fp_color_change	salient	0	green	left	unaware	1	0
489.151	0.000	trigger_201	201	489151	Trigger-In:201	119	trial_end_completed	salient	0	green	left	unaware	1	0
490.226	0.000	trigger_101	101	490226	Trigger-In:101	120	trial_start	staircase	9	green	left	unaware	1	0
490.331	0.000	trigger_11	11	490331	Trigger-In:11	120	fixation_point_on	staircase	9	green	left	unaware	1	0
490.936	0.000	trigger_21	21	490936	Trigger-In:21	120	grating_on	staircase	9	green	left	unaware	1	0
490.986	0.000	trigger_20	20	490986	Trigger-In:20	120	grating_off	staircase	9	green	left	unaware	1	0
491.586	0.000	trigger_31	31	491586	Trigger-In:31	120	targets_on_fp_color_change	staircase	9	green	left	unaware	1	0
492.461	0.000	trigger_201	201	492461	Trigger-In:201	120	trial_end_completed	staircase	9	green	left	unaware	1	0
493.536	0.000	trigger_101	101	493536	Trigger-In:101	121	trial_start	salient	0	green	left	unaware	1	0
493.641	0.000	trigger_11	11	493641	Trigger-In:11	121	fixation_point_on	salient	0	green	left	unaware	1	0
494.241	0.000	trigger_21	21	494241	Trigger-In:21	121	grating_on	salient	0	green	left	unaware	1	0
494.291	0.000	trigger_20	20	494291	Trigger-In:20	121	grating_off	salient	0	green	left	unaware	1	0
494.891	0.000	trigger_31	31	494891	Trigger-In:31	121	targets_on_fp_color_change	salient	0	green	left	unaware	1	0
495.781	0.000	trigger_201	201	495781	Trigger-In:201	121	trial_end_completed	salient	0	green	left	unaware	1	0
496.856	0.000	trigger_101	101	496856	Trigger-In:101	122	trial_start	salient	0	red	right	unaware	1	0
496.961	0.000	trigger_11	11	496961	Trigger-In:11	122	fixation_point_on	salient	0	red	right	unaware	1	0
497.561	0.000	trigger_21	21	497561	Trigger-In:21	122	grating_on	salient	0	red	right	unaware	1	0
497.611	0.000	trigger_20	20	497611	Trigger-In:20	122	grating_off	salient	0	red	right	unaware	1	0
498.211	0.000	trigger_31	31	498211	Trigger-In:31	122	targets_on_fp_color_change	salient	0	red	right	unaware	1	0
499.196	0.000	trigger_201	201	499196	Trigger-In:201	122	trial_end_completed	salient	0	red	right	unaware	1	0
500.276	0.000	trigger_101	101	500276	Trigger-In:101	123	trial_start	absent	70	green	right	aware	1	0
500.376	0.000	trigger_11	11	500376	Trigger-In:11	123	fixation_point_on	absent	70	green	right	aware	1	0
500.976	0.000	trigger_21	21	500976	Trigger-In:21	123	grating_on	absent	70	green	right	aware	1	0
501.031	0.000	trigger_20	20	501031	Trigger-In:20	123	grating_off	absent	70	green	right	aware	1	0
501.631	0.000	trigger_31	31	501631	Trigger-In:31	123	targets_on_fp_color_change	absent	70	green	right	aware	1	0
502.296	0.000	trigger_201	201	502296	Trigger-In:201	123	trial_end_completed	absent	70	green	right	aware	1	0
503.376	0.000	trigger_101	101	503376	Trigger-In:101	124	trial_start	absent	70	green	right	aware	1	0
503.481	0.000	trigger_11	11	503481	Trigger-In:11	124	fixation_point_on	absent	70	green	right	aware	1	0
504.086	0.000	trigger_21	21	504086	Trigger-In:21	124	grating_on	absent	70	green	right	aware	1	0
504.136	0.000	trigger_20	20	504136	Trigger-In:20	124	grating_off	absent	70	green	right	aware	1	0
504.736	0.000	trigger_31	31	504736	Trigger-In:31	124	targets_on_fp_color_change	absent	70	green	right	aware	1	0
505.521	0.000	trigger_201	201	505521	Trigger-In:201	124	trial_end_completed	absent	70	green	right	aware	1	0
506.596	0.000	trigger_101	101	506596	Trigger-In:101	125	trial_start	staircase	10	green	right	aware	1	0
506.701	0.000	trigger_11	11	506701	Trigger-In:11	125	fixation_point_on	staircase	10	green	right	aware	1	0
507.306	0.000	trigger_21	21	507306	Trigger-In:21	125	grating_on	staircase	10	green	right	aware	1	0
507.356	0.000	trigger_20	20	507356	Trigger-In:20	125	grating_off	staircase	10	green	right	aware	1	0
507.956	0.000	trigger_31	31	507956	Trigger-In:31	125	targets_on_fp_color_change	staircase	10	green	right	aware	1	0
508.716	0.000	trigger_201	201	508716	Trigger-In:201	125	trial_end_completed	staircase	10	green	right	aware	1	0
509.796	0.000	trigger_101	101	509796	Trigger-In:101	126	trial_start	staircase	9	green	right	aware	1	0
509.901	0.000	trigger_11	11	509901	Trigger-In:11	126	fixation_point_on	staircase	9	green	right	aware	1	0
510.501	0.000	trigger_21	21	510501	Trigger-In:21	126	grating_on	staircase	9	green	right	aware	1	0
510.551	0.000	trigger_20	20	510551	Trigger-In:20	126	grating_off	staircase	9	green	right	aware	1	0
511.151	0.000	trigger_31	31	511151	Trigger-In:31	126	targets_on_fp_color_change	staircase	9	green	right	aware	1	0
511.961	0.000	trigger_201	201	511961	Trigger-In:201	126	trial_end_completed	staircase	9	green	right	aware	1	0
513.036	0.000	trigger_101	101	513036	Trigger-In:101	127	trial_start	staircase	8	red	left	aware	1	0
513.141	0.000	trigger_11	11	513141	Trigger-In:11	127	fixation_point_on	staircase	8	red	left	aware	1	0
513.741	0.000	trigger_21	21	513741	Trigger-In:21	127	grating_on	staircase	8	red	left	aware	1	0
513.796	0.000	trigger_20	20	513796	Trigger-In:20	127	grating_off	staircase	8	red	left	aware	1	0
514.396	0.000	trigger_31	31	514396	Trigger-In:31	127	targets_on_fp_color_change	staircase	8	red	left	aware	1	0
515.356	0.000	trigger_201	201	515356	Trigger-In:201	127	trial_end_completed	staircase	8	red	left	aware	1	0
516.436	0.000	trigger_101	101	516436	Trigger-In:101	128	trial_start	staircase	7	green	left	unaware	1	0
516.541	0.000	trigger_11	11	516541	Trigger-In:11	128	fixation_point_on	staircase	7	green	left	unaware	1	0
517.141	0.000	trigger_21	21	517141	Trigger-In:21	128	grating_on	staircase	7	green	left	unaware	1	0
517.191	0.000	trigger_20	20	517191	Trigger-In:20	128	grating_off	staircase	7	green	left	unaware	1	0
517.791	0.000	trigger_31	31	517791	Trigger-In:31	128	targets_on_fp_color_change	staircase	7	green	left	unaware	1	0
518.806	0.000	trigger_201	201	518806	Trigger-In:201	128	trial_end_completed	staircase	7	green	left	unaware	1	0
519.881	0.000	trigger_101	101	519881	Trigger-In:101	129	trial_start	absent	70	red	left	aware	1	0
519.986	0.000	trigger_11	11	519986	Trigger-In:11	129	fixation_point_on	absent	70	red	left	aware	1	0
520.586	0.000	trigger_21	21	520586	Trigger-In:21	129	grating_on	absent	70	red	left	aware	1	0
520.636	0.000	trigger_20	20	520636	Trigger-In:20	129	grating_off	absent	70	red	left	aware	1	0
521.236	0.000	trigger_31	31	521236	Trigger-In:31	129	targets_on_fp_color_change	absent	70	red	left	aware	1	0
522.081	0.000	trigger_201	201	522081	Trigger-In:201	129	trial_end_completed	absent	70	red	left	aware	1	0
523.161	0.000	trigger_101	101	523161	Trigger-In:101	130	trial_start	staircase	8	green	right	aware	1	0
523.266	0.000	trigger_11	11	523266	Trigger-In:11	130	fixation_point_on	staircase	8	green	right	aware	1	0
523.866	0.000	trigger_21	21	523866	Trigger-In:21	130	grating_on	staircase	8	green	right	aware	1	0
523.916	0.000	trigger_20	20	523916	Trigger-In:20	130	grating_off	staircase	8	green	right	aware	1	0
524.516	0.000	trigger_31	31	524516	Trigger-In:31	130	targets_on_fp_color_change	staircase	8	green	right	aware	1	0
525.241	0.000	trigger_201	201	525241	Trigger-In:201	130	trial_end_completed	staircase	8	green	right	aware	1	0
526.321	0.000	trigger_101	101	526321	Trigger-In:101	131	trial_start	absent	70	green	right	aware	1	0
526.426	0.000	trigger_11	11	526426	Trigger-In:11	131	fixation_point_on	absent	70	green	right	aware	1	0
527.026	0.000	trigger_21	21	527026	Trigger-In:21	131	grating_on	absent	70	green	right	aware	1	0
527.076	0.000	trigger_20	20	527076	Trigger-In:20	131	grating_off	absent	70	green	right	aware	1	0
527.676	0.000	trigger_31	31	527676	Trigger-In:31	131	targets_on_fp_color_change	absent	70	green	right	aware	1	0
528.356	0.000	trigger_201	201	528356	Trigger-In:201	131	trial_end_completed	absent	70	green	right	aware	1	0
529.431	0.000	trigger_101	101	529431	Trigger-In:101	132	trial_start	staircase	7	green	left	unaware	1	0
529.541	0.000	trigger_11	11	529541	Trigger-In:11	132	fixation_point_on	staircase	7	green	left	unaware	1	0
530.141	0.000	trigger_21	21	530141	Trigger-In:21	132	grating_on	staircase	7	green	left	unaware	1	0
530.191	0.000	trigger_20	20	530191	Trigger-In:20	132	grating_off	staircase	7	green	left	unaware	1	0
530.791	0.000	trigger_31	31	530791	Trigger-In:31	132	targets_on_fp_color_change	staircase	7	green	left	unaware	1	0
531.726	0.000	trigger_201	201	531726	Trigger-In:201	132	trial_end_completed	staircase	7	green	left	unaware	1	0
532.806	0.000	trigger_101	101	532806	Trigger-In:101	133	trial_start	staircase	8	green	right	aware	1	0
532.906	0.000	trigger_11	11	532906	Trigger-In:11	133	fixation_point_on	staircase	8	green	right	aware	1	0
533.511	0.000	trigger_21	21	533511	Trigger-In:21	133	grating_on	staircase	8	green	right	aware	1	0
533.561	0.000	trigger_20	20	533561	Trigger-In:20	133	grating_off	staircase	8	green	right	aware	1	0
534.161	0.000	trigger_31	31	534161	Trigger-In:31	133	targets_on_fp_color_change	staircase	8	green	right	aware	1	0
534.826	0.000	trigger_201	201	534826	Trigger-In:201	133	trial_end_completed	staircase	8	green	right	aware	1	0
535.906	0.000	trigger_101	101	535906	Trigger-In:101	134	trial_start	staircase	7	green	left	unaware	1	0
536.006	0.000	trigger_11	11	536006	Trigger-In:11	134	fixation_point_on	staircase	7	green	left	unaware	1	0
536.606	0.000	trigger_21	21	536606	Trigger-In:21	134	grating_on	staircase	7	green	left	unaware	1	0
536.661	0.000	trigger_20	20	536661	Trigger-In:20	134	grating_off	staircase	7	green	left	unaware	1	0
537.261	0.000	trigger_31	31	537261	Trigger-In:31	134	targets_on_fp_color_change	staircase	7	green	left	unaware	1	0
538.001	0.000	trigger_201	201	538001	Trigger-In:201	134	trial_end_completed	staircase	7	green	left	unaware	1	0
539.076	0.000	trigger_101	101	539076	Trigger-In:101	135	trial_start	staircase	8	green	left	unaware	1	0
539.181	0.000	trigger_11	11	539181	Trigger-In:11	135	fixation_point_on	staircase	8	green	left	unaware	1	0
539.786	0.000	trigger_21	21	539786	Trigger-In:21	135	grating_on	staircase	8	green	left	unaware	1	0
539.836	0.000	trigger_20	20	539836	Trigger-In:20	135	grating_off	staircase	8	green	left	unaware	1	0
540.436	0.000	trigger_31	31	540436	Trigger-In:31	135	targets_on_fp_color_change	staircase	8	green	left	unaware	1	0
541.496	0.000	trigger_201	201	541496	Trigger-In:201	135	trial_end_completed	staircase	8	green	left	unaware	1	0
542.576	0.000	trigger_101	101	542576	Trigger-In:101	136	trial_start	salient	0	red	right	unaware	1	0
542.681	0.000	trigger_11	11	542681	Trigger-In:11	136	fixation_point_on	salient	0	red	right	unaware	1	0
543.281	0.000	trigger_21	21	543281	Trigger-In:21	136	grating_on	salient	0	red	right	unaware	1	0
543.331	0.000	trigger_20	20	543331	Trigger-In:20	136	grating_off	salient	0	red	right	unaware	1	0
543.931	0.000	trigger_31	31	543931	Trigger-In:31	136	targets_on_fp_color_change	salient	0	red	right	unaware	1	0
544.826	0.000	trigger_201	201	544826	Trigger-In:201	136	trial_end_completed	salient	0	red	right	unaware	1	0
545.906	0.000	trigger_101	101	545906	Trigger-In:101	137	trial_start	staircase	9	red	right	unaware	1	0
546.011	0.000	trigger_11	11	546011	Trigger-In:11	137	fixation_point_on	staircase	9	red	right	unaware	1	0
546.611	0.000	trigger_21	21	546611	Trigger-In:21	137	grating_on	staircase	9	red	right	unaware	1	0
546.661	0.000	trigger_20	20	546661	Trigger-In:20	137	grating_off	staircase	9	red	right	unaware	1	0
547.261	0.000	trigger_31	31	547261	Trigger-In:31	137	targets_on_fp_color_change	staircase	9	red	right	unaware	1	0
549.061	0.000	trigger_201	201	549061	Trigger-In:201	137	trial_end_completed	staircase	9	red	right	unaware	1	0
550.136	0.000	trigger_101	101	550136	Trigger-In:101	138	trial_start	absent	70	red	left	aware	1	0
550.241	0.000	trigger_11	11	550241	Trigger-In:11	138	fixation_point_on	absent	70	red	left	aware	1	0
550.841	0.000	trigger_21	21	550841	Trigger-In:21	138	grating_on	absent	70	red	left	aware	1	0
550.896	0.000	trigger_20	20	550896	Trigger-In:20	138	grating_off	absent	70	red	left	aware	1	0
551.496	0.000	trigger_31	31	551496	Trigger-In:31	138	targets_on_fp_color_change	absent	70	red	left	aware	1	0
552.241	0.000	trigger_201	201	552241	Trigger-In:201	138	trial_end_completed	absent	70	red	left	aware	1	0
553.321	0.000	trigger_101	101	553321	Trigger-In:101	139	trial_start	staircase	10	green	right	aware	1	0
553.426	0.000	trigger_11	11	553426	Trigger-In:11	139	fixation_point_on	staircase	10	green	right	aware	1	0
554.026	0.000	trigger_21	21	554026	Trigger-In:21	139	grating_on	staircase	10	green	right	aware	1	0
554.076	0.000	trigger_20	20	554076	Trigger-In:20	139	grating_off	staircase	10	green	right	aware	1	0
554.676	0.000	trigger_31	31	554676	Trigger-In:31	139	targets_on_fp_color_change	staircase	10	green	right	aware	1	0
555.351	0.000	trigger_201	201	555351	Trigger-In:201	139	trial_end_completed	staircase	10	green	right	aware	1	0
556.431	0.000	trigger_101	101	556431	Trigger-In:101	140	trial_start	staircase	9	red	right	unaware	1	0
556.536	0.000	trigger_11	11	556536	Trigger-In:11	140	fixation_point_on	staircase	9	red	right	unaware	1	0
557.136	0.000	trigger_21	21	557136	Trigger-In:21	140	grating_on	staircase	9	red	right	unaware	1	0
557.186	0.000	trigger_20	20	557186	Trigger-In:20	140	grating_off	staircase	9	red	right	unaware	1	0
557.786	0.000	trigger_31	31	557786	Trigger-In:31	140	targets_on_fp_color_change	staircase	9	red	right	unaware	1	0
559.571	0.000	trigger_201	201	559571	Trigger-In:201	140	trial_end_completed	staircase	9	red	right	unaware	1	0
560.646	0.000	trigger_101	101	560646	Trigger-In:101	141	trial_start	staircase	10	green	right	aware	1	0
560.751	0.000	trigger_11	11	560751	Trigger-In:11	141	fixation_point_on	staircase	10	green	right	aware	1	0
561.356	0.000	trigger_21	21	561356	Trigger-In:21	141	grating_on	staircase	10	green	right	aware	1	0
561.406	0.000	trigger_20	20	561406	Trigger-In:20	141	grating_off	staircase	10	green	right	aware	1	0
562.006	0.000	trigger_31	31	562006	Trigger-In:31	141	targets_on_fp_color_change	staircase	10	green	right	aware	1	0
563.201	0.000	trigger_201	201	563201	Trigger-In:201	141	trial_end_completed	staircase	10	green	right	aware	1	0
564.276	0.000	trigger_101	101	564276	Trigger-In:101	142	trial_start	staircase	9	red	right	unaware	1	0
564.381	0.000	trigger_11	11	564381	Trigger-In:11	142	fixation_point_on	staircase	9	red	right	unaware	1	0
564.981	0.000	trigger_21	21	564981	Trigger-In:21	142	grating_on	staircase	9	red	right	unaware	1	0
565.031	0.000	trigger_20	20	565031	Trigger-In:20	142	grating_off	staircase	9	red	right	unaware	1	0
565.636	0.000	trigger_31	31	565636	Trigger-In:31	142	targets_on_fp_color_change	staircase	9	red	right	unaware	1	0
566.686	0.000	trigger_201	201	566686	Trigger-In:201	142	trial_end_completed	staircase	9	red	right	unaware	1	0
567.761	0.000	trigger_101	101	567761	Trigger-In:101	143	trial_start	staircase	10	green	left	unaware	1	0
567.866	0.000	trigger_11	11	567866	Trigger-In:11	143	fixation_point_on	staircase	10	green	left	unaware	1	0
568.466	0.000	trigger_21	21	568466	Trigger-In:21	143	grating_on	staircase	10	green	left	unaware	1	0
568.516	0.000	trigger_20	20	568516	Trigger-In:20	143	grating_off	staircase	10	green	left	unaware	1	0
569.116	0.000	trigger_31	31	569116	Trigger-In:31	143	targets_on_fp_color_change	staircase	10	green	left	unaware	1	0
570.176	0.000	trigger_201	201	570176	Trigger-In:201	143	trial_end_completed	staircase	10	green	left	unaware	1	0
571.251	0.000	trigger_101	101	571251	Trigger-In:101	144	trial_start	staircase	11	green	right	aware	1	0
571.356	0.000	trigger_11	11	571356	Trigger-In:11	144	fixation_point_on	staircase	11	green	right	aware	1	0
571.956	0.000	trigger_21	21	571956	Trigger-In:21	144	grating_on	staircase	11	green	right	aware	1	0
572.006	0.000	trigger_20	20	572006	Trigger-In:20	144	grating_off	staircase	11	green	right	aware	1	0
572.606	0.000	trigger_31	31	572606	Trigger-In:31	144	targets_on_fp_color_change	staircase	11	green	right	aware	1	0
573.326	0.000	trigger_201	201	573326	Trigger-In:201	144	trial_end_completed	staircase	11	green	right	aware	1	0
574.406	0.000	trigger_101	101	574406	Trigger-In:101	145	trial_start	staircase	10	green	right	aware	1	0
574.516	0.000	trigger_11	11	574516	Trigger-In:11	145	fixation_point_on	staircase	10	green	right	aware	1	0
575.116	0.000	trigger_21	21	575116	Trigger-In:21	145	grating_on	staircase	10	green	right	aware	1	0
575.166	0.000	trigger_20	20	575166	Trigger-In:20	145	grating_off	staircase	10	green	right	aware	1	0
575.766	0.000	trigger_31	31	575766	Trigger-In:31	145	targets_on_fp_color_change	staircase	10	green	right	aware	1	0
576.546	0.000	trigger_201	201	576546	Trigger-In:201	145	trial_end_completed	staircase	10	green	right	aware	1	0
577.621	0.000	trigger_101	101	577621	Trigger-In:101	146	trial_start	salient	0	red	right	unaware	1	0
577.726	0.000	trigger_11	11	577726	Trigger-In:11	146	fixation_point_on	salient	0	red	right	unaware	1	0
578.326	0.000	trigger_21	21	578326	Trigger-In:21	146	grating_on	salient	0	red	right	unaware	1	0
578.376	0.000	trigger_20	20	578376	Trigger-In:20	146	grating_off	salient	0	red	right	unaware	1	0
578.976	0.000	trigger_31	31	578976	Trigger-In:31	146	targets_on_fp_color_change	salient	0	red	right	unaware	1	0
580.416	0.000	trigger_201	201	580416	Trigger-In:201	146	trial_end_completed	salient	0	red	right	unaware	1	0
581.496	0.000	trigger_101	101	581496	Trigger-In:101	147	trial_start	staircase	9	red	left	aware	1	0
581.601	0.000	trigger_11	11	581601	Trigger-In:11	147	fixation_point_on	staircase	9	red	left	aware	1	0
582.201	0.000	trigger_21	21	582201	Trigger-In:21	147	grating_on	staircase	9	red	left	aware	1	0
582.251	0.000	trigger_20	20	582251	Trigger-In:20	147	grating_off	staircase	9	red	left	aware	1	0
582.851	0.000	trigger_31	31	582851	Trigger-In:31	147	targets_on_fp_color_change	staircase	9	red	left	aware	1	0
583.971	0.000	trigger_201	201	583971	Trigger-In:201	147	trial_end_completed	staircase	9	red	left	aware	1	0
585.051	0.000	trigger_101	101	585051	Trigger-In:101	148	trial_start	salient	0	green	left	unaware	1	0
585.156	0.000	trigger_11	11	585156	Trigger-In:11	148	fixation_point_on	salient	0	green	left	unaware	1	0
585.756	0.000	trigger_21	21	585756	Trigger-In:21	148	grating_on	salient	0	green	left	unaware	1	0
585.806	0.000	trigger_20	20	585806	Trigger-In:20	148	grating_off	salient	0	green	left	unaware	1	0
586.406	0.000	trigger_31	31	586406	Trigger-In:31	148	targets_on_fp_color_change	salient	0	green	left	unaware	1	0
587.406	0.000	trigger_201	201	587406	Trigger-In:201	148	trial_end_completed	salient	0	green	left	unaware	1	0
588.481	0.000	trigger_101	101	588481	Trigger-In:101	149	trial_start	staircase	8	red	left	aware	1	0
588.586	0.000	trigger_11	11	588586	Trigger-In:11	149	fixation_point_on	staircase	8	red	left	aware	1	0
589.186	0.000	trigger_21	21	589186	Trigger-In:21	149	grating_on	staircase	8	red	left	aware	1	0
589.241	0.000	trigger_20	20	589241	Trigger-In:20	149	grating_off	staircase	8	red	left	aware	1	0
589.841	0.000	trigger_31	31	589841	Trigger-In:31	149	targets_on_fp_color_change	staircase	8	red	left	aware	1	0
590.886	0.000	trigger_201	201	590886	Trigger-In:201	149	trial_end_completed	staircase	8	red	left	aware	1	0
591.966	0.000	trigger_101	101	591966	Trigger-In:101	150	trial_start	staircase	7	green	left	unaware	1	0
592.066	0.000	trigger_11	11	592066	Trigger-In:11	150	fixation_point_on	staircase	7	green	left	unaware	1	0
592.671	0.000	trigger_21	21	592671	Trigger-In:21	150	grating_on	staircase	7	green	left	unaware	1	0
592.721	0.000	trigger_20	20	592721	Trigger-In:20	150	grating_off	staircase	7	green	left	unaware	1	0
593.321	0.000	trigger_31	31	593321	Trigger-In:31	150	targets_on_fp_color_change	staircase	7	green	left	unaware	1	0
594.366	0.000	trigger_201	201	594366	Trigger-In:201	150	trial_end_completed	staircase	7	green	left	unaware	1	0
595.446	0.000	trigger_101	101	595446	Trigger-In:101	151	trial_start	salient	0	green	left	unaware	1	0
595.551	0.000	trigger_11	11	595551	Trigger-In:11	151	fixation_point_on	salient	0	green	left	unaware	1	0
596.151	0.000	trigger_21	21	596151	Trigger-In:21	151	grating_on	salient	0	green	left	unaware	1	0
596.201	0.000	trigger_20	20	596201	Trigger-In:20	151	grating_off	salient	0	green	left	unaware	1	0
596.801	0.000	trigger_31	31	596801	Trigger-In:31	151	targets_on_fp_color_change	salient	0	green	left	unaware	1	0
597.746	0.000	trigger_201	201	597746	Trigger-In:201	151	trial_end_completed	salient	0	green	left	unaware	1	0
598.826	0.000	trigger_101	101	598826	Trigger-In:101	152	trial_start	staircase	8	green	left	unaware	1	0
598.931	0.000	trigger_11	11	598931	Trigger-In:11	152	fixation_point_on	staircase	8	green	left	unaware	1	0
599.531	0.000	trigger_21	21	599531	Trigger-In:21	152	grating_on	staircase	8	green	left	unaware	1	0
599.581	0.000	trigger_20	20	599581	Trigger-In:20	152	grating_off	staircase	8	green	left	unaware	1	0
600.181	0.000	trigger_31	31	600181	Trigger-In:31	152	targets_on_fp_color_change	staircase	8	green	left	unaware	1	0
601.001	0.000	trigger_201	201	601001	Trigger-In:201	152	trial_end_completed	staircase	8	green	left	unaware	1	0
602.081	0.000	trigger_101	101	602081	Trigger-In:101	153	trial_start	salient	0	red	right	unaware	1	0
602.186	0.000	trigger_11	11	602186	Trigger-In:11	153	fixation_point_on	salient	0	red	right	unaware	1	0
602.786	0.000	trigger_21	21	602786	Trigger-In:21	153	grating_on	salient	0	red	right	unaware	1	0
602.836	0.000	trigger_20	20	602836	Trigger-In:20	153	grating_off	salient	0	red	right	unaware	1	0
603.436	0.000	trigger_31	31	603436	Trigger-In:31	153	targets_on_fp_color_change	salient	0	red	right	unaware	1	0
604.191	0.000	trigger_201	201	604191	Trigger-In:201	153	trial_end_completed	salient	0	red	right	unaware	1	0
605.271	0.000	trigger_101	101	605271	Trigger-In:101	154	trial_start	salient	0	red	right	unaware	1	0
605.386	0.000	trigger_11	11	605386	Trigger-In:11	154	fixation_point_on	salient	0	red	right	unaware	1	0
605.986	0.000	trigger_21	21	605986	Trigger-In:21	154	grating_on	salient	0	red	right	unaware	1	0
606.036	0.000	trigger_20	20	606036	Trigger-In:20	154	grating_off	salient	0	red	right	unaware	1	0
606.636	0.000	trigger_31	31	606636	Trigger-In:31	154	targets_on_fp_color_change	salient	0	red	right	unaware	1	0
607.501	0.000	trigger_201	201	607501	Trigger-In:201	154	trial_end_completed	salient	0	red	right	unaware	1	0
608.576	0.000	trigger_101	101	608576	Trigger-In:101	155	trial_start	salient	0	red	right	unaware	1	0
608.681	0.000	trigger_11	11	608681	Trigger-In:11	155	fixation_point_on	salient	0	red	right	unaware	1	0
609.286	0.000	trigger_21	21	609286	Trigger-In:21	155	grating_on	salient	0	red	right	unaware	1	0
609.336	0.000	trigger_20	20	609336	Trigger-In:20	155	grating_off	salient	0	red	right	unaware	1	0
609.936	0.000	trigger_31	31	609936	Trigger-In:31	155	targets_on_fp_color_change	salient	0	red	right	unaware	1	0
610.691	0.000	trigger_201	201	610691	Trigger-In:201	155	trial_end_completed	salient	0	red	right	unaware	1	0
611.776	0.000	trigger_101	101	611776	Trigger-In:101	156	trial_start	staircase	9	green	left	unaware	1	0
611.881	0.000	trigger_11	11	611881	Trigger-In:11	156	fixation_point_on	staircase	9	green	left	unaware	1	0
612.481	0.000	trigger_21	21	612481	Trigger-In:21	156	grating_on	staircase	9	green	left	unaware	1	0
612.531	0.000	trigger_20	20	612531	Trigger-In:20	156	grating_off	staircase	9	green	left	unaware	1	0
613.131	0.000	trigger_31	31	613131	Trigger-In:31	156	targets_on_fp_color_change	staircase	9	green	left	unaware	1	0
614.056	0.000	trigger_201	201	614056	Trigger-In:201	156	trial_end_completed	staircase	9	green	left	unaware	1	0
615.136	0.000	trigger_101	101	615136	Trigger-In:101	157	trial_start	staircase	10	red	right	unaware	1	0
615.241	0.000	trigger_11	11	615241	Trigger-In:11	157	fixation_point_on	staircase	10	red	right	unaware	1	0
615.841	0.000	trigger_21	21	615841	Trigger-In:21	157	grating_on	staircase	10	red	right	unaware	1	0
615.891	0.000	trigger_20	20	615891	Trigger-In:20	157	grating_off	staircase	10	red	right	unaware	1	0
616.491	0.000	trigger_31	31	616491	Trigger-In:31	157	targets_on_fp_color_change	staircase	10	red	right	unaware	1	0
617.356	0.000	trigger_201	201	617356	Trigger-In:201	157	trial_end_completed	staircase	10	red	right	unaware	1	0
618.436	0.000	trigger_101	101	618436	Trigger-In:101	158	trial_start	staircase	11	red	left	aware	1	0
618.546	0.000	trigger_11	11	618546	Trigger-In:11	158	fixation_point_on	staircase	11	red	left	aware	1	0
619.146	0.000	trigger_21	21	619146	Trigger-In:21	158	grating_on	staircase	11	red	left	aware	1	0
619.196	0.000	trigger_20	20	619196	Trigger-In:20	158	grating_off	staircase	11	red	left	aware	1	0
619.796	0.000	trigger_31	31	619796	Trigger-In:31	158	targets_on_fp_color_change	staircase	11	red	left	aware	1	0
620.746	0.000	trigger_201	201	620746	Trigger-In:201	158	trial_end_completed	staircase	11	red	left	aware	1	0
621.826	0.000	trigger_101	101	621826	Trigger-In:101	159	trial_start	staircase	10	green	left	unaware	1	0
621.931	0.000	trigger_11	11	621931	Trigger-In:11	159	fixation_point_on	staircase	10	green	left	unaware	1	0
622.536	0.000	trigger_21	21	622536	Trigger-In:21	159	grating_on	staircase	10	green	left	unaware	1	0
622.586	0.000	trigger_20	20	622586	Trigger-In:20	159	grating_off	staircase	10	green	left	unaware	1	0
623.186	0.000	trigger_31	31	623186	Trigger-In:31	159	targets_on_fp_color_change	staircase	10	green	left	unaware	1	0
624.221	0.000	trigger_201	201	624221	Trigger-In:201	159	trial_end_completed	staircase	10	green	left	unaware	1	0
625.301	0.000	trigger_101	101	625301	Trigger-In:101	160	trial_start	staircase	11	red	left	aware	1	0
625.406	0.000	trigger_11	11	625406	Trigger-In:11	160	fixation_point_on	staircase	11	red	left	aware	1	0
626.006	0.000	trigger_21	21	626006	Trigger-In:21	160	grating_on	staircase	11	red	left	aware	1	0
626.056	0.000	trigger_20	20	626056	Trigger-In:20	160	grating_off	staircase	11	red	left	aware	1	0
626.661	0.000	trigger_31	31	626661	Trigger-In:31	160	targets_on_fp_color_change	staircase	11	red	left	aware	1	0
627.726	0.000	trigger_201	201	627726	Trigger-In:201	160	trial_end_completed	staircase	11	red	left	aware	1	0
628.801	0.000	trigger_101	101	628801	Trigger-In:101	161	trial_start	staircase	10	red	right	unaware	1	0
628.906	0.000	trigger_11	11	628906	Trigger-In:11	161	fixation_point_on	staircase	10	red	right	unaware	1	0
629.511	0.000	trigger_21	21	629511	Trigger-In:21	161	grating_on	staircase	10	red	right	unaware	1	0
629.561	0.000	trigger_20	20	629561	Trigger-In:20	161	grating_off	staircase	10	red	right	unaware	1	0
630.161	0.000	trigger_31	31	630161	Trigger-In:31	161	targets_on_fp_color_change	staircase	10	red	right	unaware	1	0
631.181	0.000	trigger_201	201	631181	Trigger-In:201	161	trial_end_completed	staircase	10	red	right	unaware	1	0
632.261	0.000	trigger_101	101	632261	Trigger-In:101	162	trial_start	staircase	11	green	right	aware	1	0
632.361	0.000	trigger_11	11	632361	Trigger-In:11	162	fixation_point_on	staircase	11	green	right	aware	1	0
632.966	0.000	trigger_21	21	632966	Trigger-In:21	162	grating_on	staircase	11	green	right	aware	1	0
633.016	0.000	trigger_20	20	633016	Trigger-In:20	162	grating_off	staircase	11	green	right	aware	1	0
633.616	0.000	trigger_31	31	633616	Trigger-In:31	162	targets_on_fp_color_change	staircase	11	green	right	aware	1	0
634.321	0.000	trigger_201	201	634321	Trigger-In:201	162	trial_end_completed	staircase	11	green	right	aware	1	0
635.396	0.000	trigger_101	101	635396	Trigger-In:101	163	trial_start	staircase	10	green	right	aware	1	0
635.501	0.000	trigger_11	11	635501	Trigger-In:11	163	fixation_point_on	staircase	10	green	right	aware	1	0
636.101	0.000	trigger_21	21	636101	Trigger-In:21	163	grating_on	staircase	10	green	right	aware	1	0
636.151	0.000	trigger_20	20	636151	Trigger-In:20	163	grating_off	staircase	10	green	right	aware	1	0
636.751	0.000	trigger_31	31	636751	Trigger-In:31	163	targets_on_fp_color_change	staircase	10	green	right	aware	1	0
637.546	0.000	trigger_201	201	637546	Trigger-In:201	163	trial_end_completed	staircase	10	green	right	aware	1	0
638.626	0.000	trigger_101	101	638626	Trigger-In:101	164	trial_start	staircase	9	green	right	aware	1	0
638.731	0.000	trigger_11	11	638731	Trigger-In:11	164	fixation_point_on	staircase	9	green	right	aware	1	0
639.331	0.000	trigger_21	21	639331	Trigger-In:21	164	grating_on	staircase	9	green	right	aware	1	0
639.381	0.000	trigger_20	20	639381	Trigger-In:20	164	grating_off	staircase	9	green	right	aware	1	0
639.981	0.000	trigger_31	31	639981	Trigger-In:31	164	targets_on_fp_color_change	staircase	9	green	right	aware	1	0
640.711	0.000	trigger_201	201	640711	Trigger-In:201	164	trial_end_completed	staircase	9	green	right	aware	1	0
641.791	0.000	trigger_101	101	641791	Trigger-In:101	165	trial_start	staircase	8	green	left	unaware	1	0
641.896	0.000	trigger_11	11	641896	Trigger-In:11	165	fixation_point_on	staircase	8	green	left	unaware	1	0
642.496	0.000	trigger_21	21	642496	Trigger-In:21	165	grating_on	staircase	8	green	left	unaware	1	0
642.546	0.000	trigger_20	20	642546	Trigger-In:20	165	grating_off	staircase	8	green	left	unaware	1	0
643.146	0.000	trigger_31	31	643146	Trigger-In:31	165	targets_on_fp_color_change	staircase	8	green	left	unaware	1	0
644.146	0.000	trigger_201	201	644146	Trigger-In:201	165	trial_end_completed	staircase	8	green	left	unaware	1	0
645.226	0.000	trigger_101	101	645226	Trigger-In:101	166	trial_start	salient	0	green	left	unaware	1	0
645.331	0.000	trigger_11	11	645331	Trigger-In:11	166	fixation_point_on	salient	0	green	left	unaware	1	0
645.931	0.000	trigger_21	21	645931	Trigger-In:21	166	grating_on	salient	0	green	left	unaware	1	0
645.981	0.000	trigger_20	20	645981	Trigger-In:20	166	grating_off	salient	0	green	left	unaware	1	0
646.581	0.000	trigger_31	31	646581	Trigger-In:31	166	targets_on_fp_color_change	salient	0	green	left	unaware	1	0
647.336	0.000	trigger_201	201	647336	Trigger-In:201	166	trial_end_completed	salient	0	green	left	unaware	1	0
648.416	0.000	trigger_101	101	648416	Trigger-In:101	167	trial_start	staircase	9	red	left	aware	1	0
648.521	0.000	trigger_11	11	648521	Trigger-In:11	167	fixation_point_on	staircase	9	red	left	aware	1	0
649.121	0.000	trigger_21	21	649121	Trigger-In:21	167	grating_on	staircase	9	red	left	aware	1	0
649.171	0.000	trigger_20	20	649171	Trigger-In:20	167	grating_off	staircase	9	red	left	aware	1	0
649.771	0.000	trigger_31	31	649771	Trigger-In:31	167	targets_on_fp_color_change	staircase	9	red	left	aware	1	0
651.001	0.000	trigger_201	201	651001	Trigger-In:201	167	trial_end_completed	staircase	9	red	left	aware	1	0
652.076	0.000	trigger_101	101	652076	Trigger-In:101	168	trial_start	staircase	8	red	right	unaware	1	0
652.181	0.000	trigger_11	11	652181	Trigger-In:11	168	fixation_point_on	staircase	8	red	right	unaware	1	0
652.786	0.000	trigger_21	21	652786	Trigger-In:21	168	grating_on	staircase	8	red	right	unaware	1	0
652.836	0.000	trigger_20	20	652836	Trigger-In:20	168	grating_off	staircase	8	red	right	unaware	1	0
653.436	0.000	trigger_31	31	653436	Trigger-In:31	168	targets_on_fp_color_change	staircase	8	red	right	unaware	1	0
654.401	0.000	trigger_201	201	654401	Trigger-In:201	168	trial_end_completed	staircase	8	red	right	unaware	1	0
655.481	0.000	trigger_101	101	655481	Trigger-In:101	169	trial_start	staircase	9	red	right	unaware	1	0
655.586	0.000	trigger_11	11	655586	Trigger-In:11	169	fixation_point_on	staircase	9	red	right	unaware	1	0
656.186	0.000	trigger_21	21	656186	Trigger-In:21	169	grating_on	staircase	9	red	right	unaware	1	0
656.236	0.000	trigger_20	20	656236	Trigger-In:20	169	grating_off	staircase	9	red	right	unaware	1	0
656.836	0.000	trigger_31	31	656836	Trigger-In:31	169	targets_on_fp_color_change	staircase	9	red	right	unaware	1	0
657.716	0.000	trigger_201	201	657716	Trigger-In:201	169	trial_end_completed	staircase	9	red	right	unaware	1	0
658.791	0.000	trigger_101	101	658791	Trigger-In:101	170	trial_start	staircase	10	green	left	unaware	1	0
658.896	0.000	trigger_11	11	658896	Trigger-In:11	170	fixation_point_on	staircase	10	green	left	unaware	1	0
659.501	0.000	trigger_21	21	659501	Trigger-In:21	170	grating_on	staircase	10	green	left	unaware	1	0
659.551	0.000	trigger_20	20	659551	Trigger-In:20	170	grating_off	staircase	10	green	left	unaware	1	0
660.151	0.000	trigger_31	31	660151	Trigger-In:31	170	targets_on_fp_color_change	staircase	10	green	left	unaware	1	0
661.016	0.000	trigger_201	201	661016	Trigger-In:201	170	trial_end_completed	staircase	10	green	left	unaware	1	0
662.096	0.000	trigger_101	101	662096	Trigger-In:101	171	trial_start	absent	70	red	left	aware	1	0
662.201	0.000	trigger_11	11	662201	Trigger-In:11	171	fixation_point_on	absent	70	red	left	aware	1	0
662.801	0.000	trigger_21	21	662801	Trigger-In:21	171	grating_on	absent	70	red	left	aware	1	0
662.851	0.000	trigger_20	20	662851	Trigger-In:20	171	grating_off	absent	70	red	left	aware	1	0
663.451	0.000	trigger_31	31	663451	Trigger-In:31	171	targets_on_fp_color_change	absent	70	red	left	aware	1	0
664.621	0.000	trigger_201	201	664621	Trigger-In:201	171	trial_end_completed	absent	70	red	left	aware	1	0
665.696	0.000	trigger_101	101	665696	Trigger-In:101	172	trial_start	salient	0	green	left	unaware	1	0
665.801	0.000	trigger_11	11	665801	Trigger-In:11	172	fixation_point_on	salient	0	green	left	unaware	1	0
666.401	0.000	trigger_21	21	666401	Trigger-In:21	172	grating_on	salient	0	green	left	unaware	1	0
666.451	0.000	trigger_20	20	666451	Trigger-In:20	172	grating_off	salient	0	green	left	unaware	1	0
667.051	0.000	trigger_31	31	667051	Trigger-In:31	172	targets_on_fp_color_change	salient	0	green	left	unaware	1	0
668.026	0.000	trigger_201	201	668026	Trigger-In:201	172	trial_end_completed	salient	0	green	left	unaware	1	0
669.106	0.000	trigger_101	101	669106	Trigger-In:101	173	trial_start	staircase	11	green	right	aware	1	0
669.211	0.000	trigger_11	11	669211	Trigger-In:11	173	fixation_point_on	staircase	11	green	right	aware	1	0
669.811	0.000	trigger_21	21	669811	Trigger-In:21	173	grating_on	staircase	11	green	right	aware	1	0
669.861	0.000	trigger_20	20	669861	Trigger-In:20	173	grating_off	staircase	11	green	right	aware	1	0
670.461	0.000	trigger_31	31	670461	Trigger-In:31	173	targets_on_fp_color_change	staircase	11	green	right	aware	1	0
671.306	0.000	trigger_201	201	671306	Trigger-In:201	173	trial_end_completed	staircase	11	green	right	aware	1	0
672.386	0.000	trigger_101	101	672386	Trigger-In:101	174	trial_start	salient	0	green	left	unaware	1	0
672.491	0.000	trigger_11	11	672491	Trigger-In:11	174	fixation_point_on	salient	0	green	left	unaware	1	0
673.091	0.000	trigger_21	21	673091	Trigger-In:21	174	grating_on	salient	0	green	left	unaware	1	0
673.141	0.000	trigger_20	20	673141	Trigger-In:20	174	grating_off	salient	0	green	left	unaware	1	0
673.741	0.000	trigger_31	31	673741	Trigger-In:31	174	targets_on_fp_color_change	salient	0	green	left	unaware	1	0
674.671	0.000	trigger_201	201	674671	Trigger-In:201	174	trial_end_completed	salient	0	green	left	unaware	1	0
675.756	0.000	trigger_101	101	675756	Trigger-In:101	175	trial_start	staircase	10	green	left	unaware	1	0
675.861	0.000	trigger_11	11	675861	Trigger-In:11	175	fixation_point_on	staircase	10	green	left	unaware	1	0
676.461	0.000	trigger_21	21	676461	Trigger-In:21	175	grating_on	staircase	10	green	left	unaware	1	0
676.511	0.000	trigger_20	20	676511	Trigger-In:20	175	grating_off	staircase	10	green	left	unaware	1	0
677.111	0.000	trigger_31	31	677111	Trigger-In:31	175	targets_on_fp_color_change	staircase	10	green	left	unaware	1	0
678.761	0.000	trigger_201	201	678761	Trigger-In:201	175	trial_end_completed	staircase	10	green	left	unaware	1	0
679.841	0.000	trigger_101	101	679841	Trigger-In:101	176	trial_start	staircase	11	green	left	unaware	1	0
679.946	0.000	trigger_11	11	679946	Trigger-In:11	176	fixation_point_on	staircase	11	green	left	unaware	1	0
680.546	0.000	trigger_21	21	680546	Trigger-In:21	176	grating_on	staircase	11	green	left	unaware	1	0
680.596	0.000	trigger_20	20	680596	Trigger-In:20	176	grating_off	staircase	11	green	left	unaware	1	0
681.196	0.000	trigger_31	31	681196	Trigger-In:31	176	targets_on_fp_color_change	staircase	11	green	left	unaware	1	0
682.246	0.000	trigger_201	201	682246	Trigger-In:201	176	trial_end_completed	staircase	11	green	left	unaware	1	0
683.326	0.000	trigger_101	101	683326	Trigger-In:101	177	trial_start	absent	70	red	left	aware	1	0
683.431	0.000	trigger_11	11	683431	Trigger-In:11	177	fixation_point_on	absent	70	red	left	aware	1	0
684.031	0.000	trigger_21	21	684031	Trigger-In:21	177	grating_on	absent	70	red	left	aware	1	0
684.081	0.000	trigger_20	20	684081	Trigger-In:20	177	grating_off	absent	70	red	left	aware	1	0
684.681	0.000	trigger_31	31	684681	Trigger-In:31	177	targets_on_fp_color_change	absent	70	red	left	aware	1	0
685.711	0.000	trigger_201	201	685711	Trigger-In:201	177	trial_end_completed	absent	70	red	left	aware	1	0
686.791	0.000	trigger_101	101	686791	Trigger-In:101	178	trial_start	salient	0	green	left	unaware	1	0
686.896	0.000	trigger_11	11	686896	Trigger-In:11	178	fixation_point_on	salient	0	green	left	unaware	1	0
687.496	0.000	trigger_21	21	687496	Trigger-In:21	178	grating_on	salient	0	green	left	unaware	1	0
687.546	0.000	trigger_20	20	687546	Trigger-In:20	178	grating_off	salient	0	green	left	unaware	1	0
688.146	0.000	trigger_31	31	688146	Trigger-In:31	178	targets_on_fp_color_change	salient	0	green	left	unaware	1	0
689.781	0.000	trigger_201	201	689781	Trigger-In:201	178	trial_end_completed	salient	0	green	left	unaware	1	0
690.861	0.000	trigger_101	101	690861	Trigger-In:101	179	trial_start	staircase	12	green	right	aware	1	0
690.966	0.000	trigger_11	11	690966	Trigger-In:11	179	fixation_point_on	staircase	12	green	right	aware	1	0
691.566	0.000	trigger_21	21	691566	Trigger-In:21	179	grating_on	staircase	12	green	right	aware	1	0
691.616	0.000	trigger_20	20	691616	Trigger-In:20	179	grating_off	staircase	12	green	right	aware	1	0
692.216	0.000	trigger_31	31	692216	Trigger-In:31	179	targets_on_fp_color_change	staircase	12	green	right	aware	1	0
692.891	0.000	trigger_201	201	692891	Trigger-In:201	179	trial_end_completed	staircase	12	green	right	aware	1	0
693.971	0.000	trigger_101	101	693971	Trigger-In:101	180	trial_start	absent	70	red	left	aware	1	0
694.076	0.000	trigger_11	11	694076	Trigger-In:11	180	fixation_point_on	absent	70	red	left	aware	1	0
694.676	0.000	trigger_21	21	694676	Trigger-In:21	180	grating_on	absent	70	red	left	aware	1	0
694.726	0.000	trigger_20	20	694726	Trigger-In:20	180	grating_off	absent	70	red	left	aware	1	0
695.326	0.000	trigger_31	31	695326	Trigger-In:31	180	targets_on_fp_color_change	absent	70	red	left	aware	1	0
696.246	0.000	trigger_201	201	696246	Trigger-In:201	180	trial_end_completed	absent	70	red	left	aware	1	0
