onset	duration	trial_type	value	sample	source_annotation	trial	event_name	stim_presence	contrast	fp_color	response	awareness	trial_complete	fixation_break
40.669	0.000	trigger_101	101	40669	Trigger-In:101	1	trial_start	staircase	10	red	n/a	n/a	0	0
40.674	0.000	trigger_255	255	40674	Trigger-In:255	1	n/a	staircase	10	red	n/a	n/a	0	0
40.779	0.000	trigger_11	11	40779	Trigger-In:11	1	fixation_point_on	staircase	10	red	n/a	n/a	0	0
41.379	0.000	trigger_21	21	41379	Trigger-In:21	1	grating_on	staircase	10	red	n/a	n/a	0	0
41.444	0.000	trigger_20	20	41444	Trigger-In:20	1	grating_off	staircase	10	red	n/a	n/a	0	0
42.044	0.000	trigger_31	31	42044	Trigger-In:31	1	targets_on_fp_color_change	staircase	10	red	n/a	n/a	0	0
47.069	0.000	trigger_203	203	47069	Trigger-In:203	1	trial_end_not_completed	staircase	10	red	n/a	n/a	0	0
48.329	0.000	trigger_101	101	48329	Trigger-In:101	2	trial_start	salient	0	green	left	unaware	1	0
48.434	0.000	trigger_11	11	48434	Trigger-In:11	2	fixation_point_on	salient	0	green	left	unaware	1	0
49.034	0.000	trigger_21	21	49034	Trigger-In:21	2	grating_on	salient	0	green	left	unaware	1	0
49.084	0.000	trigger_20	20	49084	Trigger-In:20	2	grating_off	salient	0	green	left	unaware	1	0
49.684	0.000	trigger_31	31	49684	Trigger-In:31	2	targets_on_fp_color_change	salient	0	green	left	unaware	1	0
51.029	0.000	trigger_201	201	51029	Trigger-In:201	2	trial_end_completed	salient	0	green	left	unaware	1	0
52.109	0.000	trigger_101	101	52109	Trigger-In:101	3	trial_start	salient	0	red	right	unaware	1	0
52.359	0.000	trigger_11	11	52359	Trigger-In:11	3	fixation_point_on	salient	0	red	right	unaware	1	0
52.959	0.000	trigger_21	21	52959	Trigger-In:21	3	grating_on	salient	0	red	right	unaware	1	0
53.009	0.000	trigger_20	20	53009	Trigger-In:20	3	grating_off	salient	0	red	right	unaware	1	0
53.609	0.000	trigger_31	31	53609	Trigger-In:31	3	targets_on_fp_color_change	salient	0	red	right	unaware	1	0
55.329	0.000	trigger_201	201	55329	Trigger-In:201	3	trial_end_completed	salient	0	red	right	unaware	1	0
56.409	0.000	trigger_101	101	56409	Trigger-In:101	4	trial_start	staircase	10	red	left	aware	1	0
56.509	0.000	trigger_11	11	56509	Trigger-In:11	4	fixation_point_on	staircase	10	red	left	aware	1	0
57.114	0.000	trigger_21	21	57114	Trigger-In:21	4	grating_on	staircase	10	red	left	aware	1	0
57.164	0.000	trigger_20	20	57164	Trigger-In:20	4	grating_off	staircase	10	red	left	aware	1	0
57.764	0.000	trigger_31	31	57764	Trigger-In:31	4	targets_on_fp_color_change	staircase	10	red	left	aware	1	0
58.834	0.000	trigger_201	201	58834	Trigger-In:201	4	trial_end_completed	staircase	10	red	left	aware	1	0
59.914	0.000	trigger_101	101	59914	Trigger-In:101	5	trial_start	absent	70	red	left	aware	1	0
60.174	0.000	trigger_11	11	60174	Trigger-In:11	5	fixation_point_on	absent	70	red	left	aware	1	0
60.779	0.000	trigger_21	21	60779	Trigger-In:21	5	grating_on	absent	70	red	left	aware	1	0
60.834	0.000	trigger_20	20	60834	Trigger-In:20	5	grating_off	absent	70	red	left	aware	1	0
61.434	0.000	trigger_31	31	61434	Trigger-In:31	5	targets_on_fp_color_change	absent	70	red	left	aware	1	0
62.259	0.000	trigger_201	201	62259	Trigger-In:201	5	trial_end_completed	absent	70	red	left	aware	1	0
63.359	0.000	trigger_101	101	63359	Trigger-In:101	6	trial_start	absent	70	green	n/a	n/a	0	1
63.619	0.000	trigger_11	11	63619	Trigger-In:11	6	fixation_point_on	absent	70	green	n/a	n/a	0	1
64.219	0.000	trigger_21	21	64219	Trigger-In:21	6	grating_on	absent	70	green	n/a	n/a	0	1
64.269	0.000	trigger_20	20	64269	Trigger-In:20	6	grating_off	absent	70	green	n/a	n/a	0	1
64.534	0.000	trigger_204	204	64534	Trigger-In:204	6	trial_end_fixation_break	absent	70	green	n/a	n/a	0	1
66.274	0.000	trigger_101	101	66274	Trigger-In:101	7	trial_start	staircase	9	red	left	aware	1	0
66.374	0.000	trigger_11	11	66374	Trigger-In:11	7	fixation_point_on	staircase	9	red	left	aware	1	0
66.979	0.000	trigger_21	21	66979	Trigger-In:21	7	grating_on	staircase	9	red	left	aware	1	0
67.029	0.000	trigger_20	20	67029	Trigger-In:20	7	grating_off	staircase	9	red	left	aware	1	0
67.629	0.000	trigger_31	31	67629	Trigger-In:31	7	targets_on_fp_color_change	staircase	9	red	left	aware	1	0
68.764	0.000	trigger_201	201	68764	Trigger-In:201	7	trial_end_completed	staircase	9	red	left	aware	1	0
69.839	0.000	trigger_101	101	69839	Trigger-In:101	8	trial_start	staircase	8	green	left	unaware	1	0
69.944	0.000	trigger_11	11	69944	Trigger-In:11	8	fixation_point_on	staircase	8	green	left	unaware	1	0
70.544	0.000	trigger_21	21	70544	Trigger-In:21	8	grating_on	staircase	8	green	left	unaware	1	0
70.594	0.000	trigger_20	20	70594	Trigger-In:20	8	grating_off	staircase	8	green	left	unaware	1	0
71.194	0.000	trigger_31	31	71194	Trigger-In:31	8	targets_on_fp_color_change	staircase	8	green	left	unaware	1	0
72.564	0.000	trigger_201	201	72564	Trigger-In:201	8	trial_end_completed	staircase	8	green	left	unaware	1	0
73.639	0.000	trigger_101	101	73639	Trigger-In:101	9	trial_start	staircase	9	green	left	unaware	1	0
73.744	0.000	trigger_11	11	73744	Trigger-In:11	9	fixation_point_on	staircase	9	green	left	unaware	1	0
74.344	0.000	trigger_21	21	74344	Trigger-In:21	9	grating_on	staircase	9	green	left	unaware	1	0
74.394	0.000	trigger_20	20	74394	Trigger-In:20	9	grating_off	staircase	9	green	left	unaware	1	0
74.994	0.000	trigger_31	31	74994	Trigger-In:31	9	targets_on_fp_color_change	staircase	9	green	left	unaware	1	0
76.904	0.000	trigger_201	201	76904	Trigger-In:201	9	trial_end_completed	staircase	9	green	left	unaware	1	0
77.979	0.000	trigger_101	101	77979	Trigger-In:101	10	trial_start	salient	0	green	left	unaware	1	0
78.084	0.000	trigger_11	11	78084	Trigger-In:11	10	fixation_point_on	salient	0	green	left	unaware	1	0
78.684	0.000	trigger_21	21	78684	Trigger-In:21	10	grating_on	salient	0	green	left	unaware	1	0
78.734	0.000	trigger_20	20	78734	Trigger-In:20	10	grating_off	salient	0	green	left	unaware	1	0
79.339	0.000	trigger_31	31	79339	Trigger-In:31	10	targets_on_fp_color_change	salient	0	green	left	unaware	1	0
80.284	0.000	trigger_201	201	80284	Trigger-In:201	10	trial_end_completed	salient	0	green	left	unaware	1	0
81.364	0.000	trigger_101	101	81364	Trigger-In:101	11	trial_start	salient	0	red	right	unaware	1	0
81.469	0.000	trigger_11	11	81469	Trigger-In:11	11	fixation_point_on	salient	0	red	right	unaware	1	0
82.069	0.000	trigger_21	21	82069	Trigger-In:21	11	grating_on	salient	0	red	right	unaware	1	0
82.119	0.000	trigger_20	20	82119	Trigger-In:20	11	grating_off	salient	0	red	right	unaware	1	0
82.719	0.000	trigger_31	31	82719	Trigger-In:31	11	targets_on_fp_color_change	salient	0	red	right	unaware	1	0
83.814	0.000	trigger_201	201	83814	Trigger-In:201	11	trial_end_completed	salient	0	red	right	unaware	1	0
84.889	0.000	trigger_101	101	84889	Trigger-In:101	12	trial_start	staircase	10	green	n/a	n/a	0	1
84.994	0.000	trigger_11	11	84994	Trigger-In:11	12	fixation_point_on	staircase	10	green	n/a	n/a	0	1
85.594	0.000	trigger_21	21	85594	Trigger-In:21	12	grating_on	staircase	10	green	n/a	n/a	0	1
85.629	0.000	trigger_204	204	85629	Trigger-In:204	12	trial_end_fixation_break	staircase	10	green	n/a	n/a	0	1
87.354	0.000	trigger_101	101	87354	Trigger-In:101	13	trial_start	salient	0	green	left	unaware	1	0
87.464	0.000	trigger_11	11	87464	Trigger-In:11	13	fixation_point_on	salient	0	green	left	unaware	1	0
88.064	0.000	trigger_21	21	88064	Trigger-In:21	13	grating_on	salient	0	green	left	unaware	1	0
88.114	0.000	trigger_20	20	88114	Trigger-In:20	13	grating_off	salient	0	green	left	unaware	1	0
88.714	0.000	trigger_31	31	88714	Trigger-In:31	13	targets_on_fp_color_change	salient	0	green	left	unaware	1	0
90.689	0.000	trigger_201	201	90689	Trigger-In:201	13	trial_end_completed	salient	0	green	left	unaware	1	0
91.764	0.000	trigger_101	101	91764	Trigger-In:101	14	trial_start	salient	0	green	left	unaware	1	0
92.029	0.000	trigger_11	11	92029	Trigger-In:11	14	fixation_point_on	salient	0	green	left	unaware	1	0
92.629	0.000	trigger_21	21	92629	Trigger-In:21	14	grating_on	salient	0	green	left	unaware	1	0
92.679	0.000	trigger_20	20	92679	Trigger-In:20	14	grating_off	salient	0	green	left	unaware	1	0
93.279	0.000	trigger_31	31	93279	Trigger-In:31	14	targets_on_fp_color_change	salient	0	green	left	unaware	1	0
94.054	0.000	trigger_201	201	94054	Trigger-In:201	14	trial_end_completed	salient	0	green	left	unaware	1	0
95.129	0.000	trigger_101	101	95129	Trigger-In:101	15	trial_start	staircase	10	red	left	aware	1	0
95.234	0.000	trigger_11	11	95234	Trigger-In:11	15	fixation_point_on	staircase	10	red	left	aware	1	0
95.839	0.000	trigger_21	21	95839	Trigger-In:21	15	grating_on	staircase	10	red	left	aware	1	0
95.889	0.000	trigger_20	20	95889	Trigger-In:20	15	grating_off	staircase	10	red	left	aware	1	0
96.489	0.000	trigger_31	31	96489	Trigger-In:31	15	targets_on_fp_color_change	staircase	10	red	left	aware	1	0
99.794	0.000	trigger_201	201	99794	Trigger-In:201	15	trial_end_completed	staircase	10	red	left	aware	1	0
100.874	0.000	trigger_101	101	100874	Trigger-In:101	16	trial_start	absent	70	green	right	aware	1	0
101.129	0.000	trigger_11	11	101129	Trigger-In:11	16	fixation_point_on	absent	70	green	right	aware	1	0
101.734	0.000	trigger_21	21	101734	Trigger-In:21	16	grating_on	absent	70	green	right	aware	1	0
101.784	0.000	trigger_20	20	101784	Trigger-In:20	16	grating_off	absent	70	green	right	aware	1	0
102.384	0.000	trigger_31	31	102384	Trigger-In:31	16	targets_on_fp_color_change	absent	70	green	right	aware	1	0
103.089	0.000	trigger_201	201	103089	Trigger-In:201	16	trial_end_completed	absent	70	green	right	aware	1	0
104.164	0.000	trigger_101	101	104164	Trigger-In:101	17	trial_start	staircase	9	green	right	aware	1	0
104.269	0.000	trigger_11	11	104269	Trigger-In:11	17	fixation_point_on	staircase	9	green	right	aware	1	0
104.869	0.000	trigger_21	21	104869	Trigger-In:21	17	grating_on	staircase	9	green	right	aware	1	0
104.919	0.000	trigger_20	20	104919	Trigger-In:20	17	grating_off	staircase	9	green	right	aware	1	0
105.524	0.000	trigger_31	31	105524	Trigger-In:31	17	targets_on_fp_color_change	staircase	9	green	right	aware	1	0
106.359	0.000	trigger_201	201	106359	Trigger-In:201	17	trial_end_completed	staircase	9	green	right	aware	1	0
107.434	0.000	trigger_101	101	107434	Trigger-In:101	18	trial_start	staircase	8	green	left	unaware	1	0
107.539	0.000	trigger_11	11	107539	Trigger-In:11	18	fixation_point_on	staircase	8	green	left	unaware	1	0
108.139	0.000	trigger_21	21	108139	Trigger-In:21	18	grating_on	staircase	8	green	left	unaware	1	0
108.189	0.000	trigger_20	20	108189	Trigger-In:20	18	grating_off	staircase	8	green	left	unaware	1	0
108.789	0.000	trigger_31	31	108789	Trigger-In:31	18	targets_on_fp_color_change	staircase	8	green	left	unaware	1	0
109.814	0.000	trigger_201	201	109814	Trigger-In:201	18	trial_end_completed	staircase	8	green	left	unaware	1	0
110.889	0.000	trigger_101	101	110889	Trigger-In:101	19	trial_start	staircase	9	red	right	unaware	1	0
111.164	0.000	trigger_11	11	111164	Trigger-In:11	19	fixation_point_on	staircase	9	red	right	unaware	1	0
111.764	0.000	trigger_21	21	111764	Trigger-In:21	19	grating_on	staircase	9	red	right	unaware	1	0
111.814	0.000	trigger_20	20	111814	Trigger-In:20	19	grating_off	staircase	9	red	right	unaware	1	0
112.414	0.000	trigger_31	31	112414	Trigger-In:31	19	targets_on_fp_color_change	staircase	9	red	right	unaware	1	0
116.129	0.000	trigger_201	201	116129	Trigger-In:201	19	trial_end_completed	staircase	9	red	right	unaware	1	0
117.214	0.000	trigger_101	101	117214	Trigger-In:101	20	trial_start	staircase	10	red	right	unaware	1	0
117.319	0.000	trigger_11	11	117319	Trigger-In:11	20	fixation_point_on	staircase	10	red	right	unaware	1	0
117.919	0.000	trigger_21	21	117919	Trigger-In:21	20	grating_on	staircase	10	red	right	unaware	1	0
117.969	0.000	trigger_20	20	117969	Trigger-In:20	20	grating_off	staircase	10	red	right	unaware	1	0
118.569	0.000	trigger_31	31	118569	Trigger-In:31	20	targets_on_fp_color_change	staircase	10	red	right	unaware	1	0
119.584	0.000	trigger_201	201	119584	Trigger-In:201	20	trial_end_completed	staircase	10	red	right	unaware	1	0
120.659	0.000	trigger_101	101	120659	Trigger-In:101	21	trial_start	staircase	11	green	left	unaware	1	0
120.939	0.000	trigger_11	11	120939	Trigger-In:11	21	fixation_point_on	staircase	11	green	left	unaware	1	0
121.539	0.000	trigger_21	21	121539	Trigger-In:21	21	grating_on	staircase	11	green	left	unaware	1	0
121.594	0.000	trigger_20	20	121594	Trigger-In:20	21	grating_off	staircase	11	green	left	unaware	1	0
122.194	0.000	trigger_31	31	122194	Trigger-In:31	21	targets_on_fp_color_change	staircase	11	green	left	unaware	1	0
123.594	0.000	trigger_201	201	123594	Trigger-In:201	21	trial_end_completed	staircase	11	green	left	unaware	1	0
124.669	0.000	trigger_101	101	124669	Trigger-In:101	22	trial_start	staircase	12	red	left	aware	1	0
124.924	0.000	trigger_11	11	124924	Trigger-In:11	22	fixation_point_on	staircase	12	red	left	aware	1	0
125.529	0.000	trigger_21	21	125529	Trigger-In:21	22	grating_on	staircase	12	red	left	aware	1	0
125.579	0.000	trigger_20	20	125579	Trigger-In:20	22	grating_off	staircase	12	red	left	aware	1	0
126.179	0.000	trigger_31	31	126179	Trigger-In:31	22	targets_on_fp_color_change	staircase	12	red	left	aware	1	0
127.304	0.000	trigger_201	201	127304	Trigger-In:201	22	trial_end_completed	staircase	12	red	left	aware	1	0
128.384	0.000	trigger_101	101	128384	Trigger-In:101	23	trial_start	absent	70	red	n/a	n/a	0	1
128.489	0.000	trigger_11	11	128489	Trigger-In:11	23	fixation_point_on	absent	70	red	n/a	n/a	0	1
129.089	0.000	trigger_21	21	129089	Trigger-In:21	23	grating_on	absent	70	red	n/a	n/a	0	1
129.144	0.000	trigger_20	20	129144	Trigger-In:20	23	grating_off	absent	70	red	n/a	n/a	0	1
129.194	0.000	trigger_204	204	129194	Trigger-In:204	23	trial_end_fixation_break	absent	70	red	n/a	n/a	0	1
130.929	0.000	trigger_101	101	130929	Trigger-In:101	24	trial_start	staircase	11	green	right	aware	1	0
131.029	0.000	trigger_11	11	131029	Trigger-In:11	24	fixation_point_on	staircase	11	green	right	aware	1	0
131.629	0.000	trigger_21	21	131629	Trigger-In:21	24	grating_on	staircase	11	green	right	aware	1	0
131.679	0.000	trigger_20	20	131679	Trigger-In:20	24	grating_off	staircase	11	green	right	aware	1	0
132.279	0.000	trigger_31	31	132279	Trigger-In:31	24	targets_on_fp_color_change	staircase	11	green	right	aware	1	0
133.179	0.000	trigger_201	201	133179	Trigger-In:201	24	trial_end_completed	staircase	11	green	right	aware	1	0
134.254	0.000	trigger_101	101	134254	Trigger-In:101	25	trial_start	salient	0	green	left	unaware	1	0
134.359	0.000	trigger_11	11	134359	Trigger-In:11	25	fixation_point_on	salient	0	green	left	unaware	1	0
134.959	0.000	trigger_21	21	134959	Trigger-In:21	25	grating_on	salient	0	green	left	unaware	1	0
135.009	0.000	trigger_20	20	135009	Trigger-In:20	25	grating_off	salient	0	green	left	unaware	1	0
135.609	0.000	trigger_31	31	135609	Trigger-In:31	25	targets_on_fp_color_change	salient	0	green	left	unaware	1	0
137.459	0.000	trigger_201	201	137459	Trigger-In:201	25	trial_end_completed	salient	0	green	left	unaware	1	0
138.539	0.000	trigger_101	101	138539	Trigger-In:101	26	trial_start	salient	0	green	left	unaware	1	0
138.644	0.000	trigger_11	11	138644	Trigger-In:11	26	fixation_point_on	salient	0	green	left	unaware	1	0
139.244	0.000	trigger_21	21	139244	Trigger-In:21	26	grating_on	salient	0	green	left	unaware	1	0
139.294	0.000	trigger_20	20	139294	Trigger-In:20	26	grating_off	salient	0	green	left	unaware	1	0
139.894	0.000	trigger_31	31	139894	Trigger-In:31	26	targets_on_fp_color_change	salient	0	green	left	unaware	1	0
140.924	0.000	trigger_201	201	140924	Trigger-In:201	26	trial_end_completed	salient	0	green	left	unaware	1	0
141.999	0.000	trigger_101	101	141999	Trigger-In:101	27	trial_start	staircase	10	green	left	unaware	1	0
142.109	0.000	trigger_11	11	142109	Trigger-In:11	27	fixation_point_on	staircase	10	green	left	unaware	1	0
142.709	0.000	trigger_21	21	142709	Trigger-In:21	27	grating_on	staircase	10	green	left	unaware	1	0
142.759	0.000	trigger_20	20	142759	Trigger-In:20	27	grating_off	staircase	10	green	left	unaware	1	0
143.359	0.000	trigger_31	31	143359	Trigger-In:31	27	targets_on_fp_color_change	staircase	10	green	left	unaware	1	0
144.179	0.000	trigger_201	201	144179	Trigger-In:201	27	trial_end_completed	staircase	10	green	left	unaware	1	0
145.254	0.000	trigger_101	101	145254	Trigger-In:101	28	trial_start	staircase	11	red	left	aware	1	0
145.359	0.000	trigger_11	11	145359	Trigger-In:11	28	fixation_point_on	staircase	11	red	left	aware	1	0
145.959	0.000	trigger_21	21	145959	Trigger-In:21	28	grating_on	staircase	11	red	left	aware	1	0
146.009	0.000	trigger_20	20	146009	Trigger-In:20	28	grating_off	staircase	11	red	left	aware	1	0
146.609	0.000	trigger_31	31	146609	Trigger-In:31	28	targets_on_fp_color_change	staircase	11	red	left	aware	1	0
147.684	0.000	trigger_201	201	147684	Trigger-In:201	28	trial_end_completed	staircase	11	red	left	aware	1	0
148.759	0.000	trigger_101	101	148759	Trigger-In:101	29	trial_start	staircase	10	green	left	unaware	1	0
148.864	0.000	trigger_11	11	148864	Trigger-In:11	29	fixation_point_on	staircase	10	green	left	unaware	1	0
149.464	0.000	trigger_21	21	149464	Trigger-In:21	29	grating_on	staircase	10	green	left	unaware	1	0
149.514	0.000	trigger_20	20	149514	Trigger-In:20	29	grating_off	staircase	10	green	left	unaware	1	0
150.114	0.000	trigger_31	31	150114	Trigger-In:31	29	targets_on_fp_color_change	staircase	10	green	left	unaware	1	0
151.244	0.000	trigger_201	201	151244	Trigger-In:201	29	trial_end_completed	staircase	10	green	left	unaware	1	0
152.324	0.000	trigger_101	101	152324	Trigger-In:101	30	trial_start	staircase	11	green	right	aware	1	0
152.429	0.000	trigger_11	11	152429	Trigger-In:11	30	fixation_point_on	staircase	11	green	right	aware	1	0
153.029	0.000	trigger_21	21	153029	Trigger-In:21	30	grating_on	staircase	11	green	right	aware	1	0
153.079	0.000	trigger_20	20	153079	Trigger-In:20	30	grating_off	staircase	11	green	right	aware	1	0
153.679	0.000	trigger_31	31	153679	Trigger-In:31	30	targets_on_fp_color_change	staircase	11	green	right	aware	1	0
154.444	0.000	trigger_201	201	154444	Trigger-In:201	30	trial_end_completed	staircase	11	green	right	aware	1	0
155.524	0.000	trigger_101	101	155524	Trigger-In:101	31	trial_start	staircase	10	red	left	aware	1	0
155.629	0.000	trigger_11	11	155629	Trigger-In:11	31	fixation_point_on	staircase	10	red	left	aware	1	0
156.229	0.000	trigger_21	21	156229	Trigger-In:21	31	grating_on	staircase	10	red	left	aware	1	0
156.279	0.000	trigger_20	20	156279	Trigger-In:20	31	grating_off	staircase	10	red	left	aware	1	0
156.879	0.000	trigger_31	31	156879	Trigger-In:31	31	targets_on_fp_color_change	staircase	10	red	left	aware	1	0
157.644	0.000	trigger_201	201	157644	Trigger-In:201	31	trial_end_completed	staircase	10	red	left	aware	1	0
158.724	0.000	trigger_101	101	158724	Trigger-In:101	32	trial_start	staircase	9	green	n/a	n/a	0	1
158.824	0.000	trigger_11	11	158824	Trigger-In:11	32	fixation_point_on	staircase	9	green	n/a	n/a	0	1
159.144	0.000	trigger_204	204	159144	Trigger-In:204	32	trial_end_fixation_break	staircase	9	green	n/a	n/a	0	1
160.874	0.000	trigger_101	101	160874	Trigger-In:101	33	trial_start	salient	0	red	right	unaware	1	0
160.979	0.000	trigger_11	11	160979	Trigger-In:11	33	fixation_point_on	salient	0	red	right	unaware	1	0
161.579	0.000	trigger_21	21	161579	Trigger-In:21	33	grating_on	salient	0	red	right	unaware	1	0
161.629	0.000	trigger_20	20	161629	Trigger-In:20	33	grating_off	salient	0	red	right	unaware	1	0
162.229	0.000	trigger_31	31	162229	Trigger-In:31	33	targets_on_fp_color_change	salient	0	red	right	unaware	1	0
166.264	0.000	trigger_201	201	166264	Trigger-In:201	33	trial_end_completed	salient	0	red	right	unaware	1	0
167.344	0.000	trigger_101	101	167344	Trigger-In:101	34	trial_start	staircase	9	red	right	unaware	1	0
167.449	0.000	trigger_11	11	167449	Trigger-In:11	34	fixation_point_on	staircase	9	red	right	unaware	1	0
168.049	0.000	trigger_21	21	168049	Trigger-In:21	34	grating_on	staircase	9	red	right	unaware	1	0
168.099	0.000	trigger_20	20	168099	Trigger-In:20	34	grating_off	staircase	9	red	right	unaware	1	0
168.704	0.000	trigger_31	31	168704	Trigger-In:31	34	targets_on_fp_color_change	staircase	9	red	right	unaware	1	0
170.064	0.000	trigger_201	201	170064	Trigger-In:201	34	trial_end_completed	staircase	9	red	right	unaware	1	0
171.139	0.000	trigger_101	101	171139	Trigger-In:101	35	trial_start	salient	0	red	right	unaware	1	0
171.249	0.000	trigger_11	11	171249	Trigger-In:11	35	fixation_point_on	salient	0	red	right	unaware	1	0
171.849	0.000	trigger_21	21	171849	Trigger-In:21	35	grating_on	salient	0	red	right	unaware	1	0
171.899	0.000	trigger_20	20	171899	Trigger-In:20	35	grating_off	salient	0	red	right	unaware	1	0
172.499	0.000	trigger_31	31	172499	Trigger-In:31	35	targets_on_fp_color_change	salient	0	red	right	unaware	1	0
173.449	0.000	trigger_201	201	173449	Trigger-In:201	35	trial_end_completed	salient	0	red	right	unaware	1	0
174.524	0.000	trigger_101	101	174524	Trigger-In:101	36	trial_start	staircase	10	red	left	aware	1	0
174.629	0.000	trigger_11	11	174629	Trigger-In:11	36	fixation_point_on	staircase	10	red	left	aware	1	0
175.229	0.000	trigger_21	21	175229	Trigger-In:21	36	grating_on	staircase	10	red	left	aware	1	0
175.279	0.000	trigger_20	20	175279	Trigger-In:20	36	grating_off	staircase	10	red	left	aware	1	0
175.879	0.000	trigger_31	31	175879	Trigger-In:31	36	targets_on_fp_color_change	staircase	10	red	left	aware	1	0
176.824	0.000	trigger_201	201	176824	Trigger-In:201	36	trial_end_completed	staircase	10	red	left	aware	1	0
177.899	0.000	trigger_101	101	177899	Trigger-In:101	37	trial_start	absent	70	red	left	aware	1	0
178.169	0.000	trigger_11	11	178169	Trigger-In:11	37	fixation_point_on	absent	70	red	left	aware	1	0
178.774	0.000	trigger_21	21	178774	Trigger-In:21	37	grating_on	absent	70	red	left	aware	1	0
178.824	0.000	trigger_20	20	178824	Trigger-In:20	37	grating_off	absent	70	red	left	aware	1	0
179.424	0.000	trigger_31	31	179424	Trigger-In:31	37	targets_on_fp_color_change	absent	70	red	left	aware	1	0
181.074	0.000	trigger_201	201	181074	Trigger-In:201	37	trial_end_completed	absent	70	red	left	aware	1	0
182.149	0.000	trigger_101	101	182149	Trigger-In:101	38	trial_start	staircase	9	green	right	aware	1	0
182.254	0.000	trigger_11	11	182254	Trigger-In:11	38	fixation_point_on	staircase	9	green	right	aware	1	0
182.854	0.000	trigger_21	21	182854	Trigger-In:21	38	grating_on	staircase	9	green	right	aware	1	0
182.904	0.000	trigger_20	20	182904	Trigger-In:20	38	grating_off	staircase	9	green	right	aware	1	0
183.504	0.000	trigger_31	31	183504	Trigger-In:31	38	targets_on_fp_color_change	staircase	9	green	right	aware	1	0
184.204	0.000	trigger_201	201	184204	Trigger-In:201	38	trial_end_completed	staircase	9	green	right	aware	1	0
185.279	0.000	trigger_101	101	185279	Trigger-In:101	39	trial_start	staircase	8	red	left	aware	1	0
185.559	0.000	trigger_11	11	185559	Trigger-In:11	39	fixation_point_on	staircase	8	red	left	aware	1	0
186.159	0.000	trigger_21	21	186159	Trigger-In:21	39	grating_on	staircase	8	red	left	aware	1	0
186.209	0.000	trigger_20	20	186209	Trigger-In:20	39	grating_off	staircase	8	red	left	aware	1	0
186.809	0.000	trigger_31	31	186809	Trigger-In:31	39	targets_on_fp_color_change	staircase	8	red	left	aware	1	0
187.704	0.000	trigger_201	201	187704	Trigger-In:201	39	trial_end_completed	staircase	8	red	left	aware	1	0
188.779	0.000	trigger_101	101	188779	Trigger-In:101	40	trial_start	staircase	7	red	right	unaware	1	0
188.889	0.000	trigger_11	11	188889	Trigger-In:11	40	fixation_point_on	staircase	7	red	right	unaware	1	0
189.489	0.000	trigger_21	21	189489	Trigger-In:21	40	grating_on	staircase	7	red	right	unaware	1	0
189.539	0.000	trigger_20	20	189539	Trigger-In:20	40	grating_off	staircase	7	red	right	unaware	1	0
190.139	0.000	trigger_31	31	190139	Trigger-In:31	40	targets_on_fp_color_change	staircase	7	red	right	unaware	1	0
192.554	0.000	trigger_201	201	192554	Trigger-In:201	40	trial_end_completed	staircase	7	red	right	unaware	1	0
193.634	0.000	trigger_101	101	193634	Trigger-In:101	41	trial_start	staircase	8	red	right	unaware	1	0
193.744	0.000	trigger_11	11	193744	Trigger-In:11	41	fixation_point_on	staircase	8	red	right	unaware	1	0
194.344	0.000	trigger_21	21	194344	Trigger-In:21	41	grating_on	staircase	8	red	right	unaware	1	0
194.394	0.000	trigger_20	20	194394	Trigger-In:20	41	grating_off	staircase	8	red	right	unaware	1	0
194.994	0.000	trigger_31	31	194994	Trigger-In:31	41	targets_on_fp_color_change	staircase	8	red	right	unaware	1	0
195.999	0.000	trigger_201	201	195999	Trigger-In:201	41	trial_end_completed	staircase	8	red	right	unaware	1	0
197.074	0.000	trigger_101	101	197074	Trigger-In:101	42	trial_start	staircase	9	green	left	unaware	1	0
197.179	0.000	trigger_11	11	197179	Trigger-In:11	42	fixation_point_on	staircase	9	green	left	unaware	1	0
197.779	0.000	trigger_21	21	197779	Trigger-In:21	42	grating_on	staircase	9	green	left	unaware	1	0
197.829	0.000	trigger_20	20	197829	Trigger-In:20	42	grating_off	staircase	9	green	left	unaware	1	0
198.429	0.000	trigger_31	31	198429	Trigger-In:31	42	targets_on_fp_color_change	staircase	9	green	left	unaware	1	0
199.374	0.000	trigger_201	201	199374	Trigger-In:201	42	trial_end_completed	staircase	9	green	left	unaware	1	0
200.449	0.000	trigger_101	101	200449	Trigger-In:101	43	trial_start	staircase	10	red	left	aware	1	0
200.554	0.000	trigger_11	11	200554	Trigger-In:11	43	fixation_point_on	staircase	10	red	left	aware	1	0
201.154	0.000	trigger_21	21	201154	Trigger-In:21	43	grating_on	staircase	10	red	left	aware	1	0
201.209	0.000	trigger_20	20	201209	Trigger-In:20	43	grating_off	staircase	10	red	left	aware	1	0
201.809	0.000	trigger_31	31	201809	Trigger-In:31	43	targets_on_fp_color_change	staircase	10	red	left	aware	1	0
202.849	0.000	trigger_201	201	202849	Trigger-In:201	43	trial_end_completed	staircase	10	red	left	aware	1	0
203.924	0.000	trigger_101	101	203924	Trigger-In:101	44	trial_start	staircase	9	green	right	aware	1	0
204.034	0.000	trigger_11	11	204034	Trigger-In:11	44	fixation_point_on	staircase	9	green	right	aware	1	0
204.634	0.000	trigger_21	21	204634	Trigger-In:21	44	grating_on	staircase	9	green	right	aware	1	0
204.684	0.000	trigger_20	20	204684	Trigger-In:20	44	grating_off	staircase	9	green	right	aware	1	0
205.284	0.000	trigger_31	31	205284	Trigger-In:31	44	targets_on_fp_color_change	staircase	9	green	right	aware	1	0
205.974	0.000	trigger_201	201	205974	Trigger-In:201	44	trial_end_completed	staircase	9	green	right	aware	1	0
207.049	0.000	trigger_101	101	207049	Trigger-In:101	45	trial_start	absent	70	green	right	aware	1	0
207.154	0.000	trigger_11	11	207154	Trigger-In:11	45	fixation_point_on	absent	70	green	right	aware	1	0
207.754	0.000	trigger_21	21	207754	Trigger-In:21	45	grating_on	absent	70	green	right	aware	1	0
207.804	0.000	trigger_20	20	207804	Trigger-In:20	45	grating_off	absent	70	green	right	aware	1	0
208.404	0.000	trigger_31	31	208404	Trigger-In:31	45	targets_on_fp_color_change	absent	70	green	right	aware	1	0
209.169	0.000	trigger_201	201	209169	Trigger-In:201	45	trial_end_completed	absent	70	green	right	aware	1	0
210.244	0.000	trigger_101	101	210244	Trigger-In:101	46	trial_start	staircase	8	red	left	aware	1	0
210.349	0.000	trigger_11	11	210349	Trigger-In:11	46	fixation_point_on	staircase	8	red	left	aware	1	0
210.949	0.000	trigger_21	21	210949	Trigger-In:21	46	grating_on	staircase	8	red	left	aware	1	0
210.999	0.000	trigger_20	20	210999	Trigger-In:20	46	grating_off	staircase	8	red	left	aware	1	0
211.599	0.000	trigger_31	31	211599	Trigger-In:31	46	targets_on_fp_color_change	staircase	8	red	left	aware	1	0
215.544	0.000	trigger_201	201	215544	Trigger-In:201	46	trial_end_completed	staircase	8	red	left	aware	1	0
216.624	0.000	trigger_101	101	216624	Trigger-In:101	47	trial_start	staircase	7	green	left	unaware	1	0
216.724	0.000	trigger_11	11	216724	Trigger-In:11	47	fixation_point_on	staircase	7	green	left	unaware	1	0
217.324	0.000	trigger_21	21	217324	Trigger-In:21	47	grating_on	staircase	7	green	left	unaware	1	0
217.374	0.000	trigger_20	20	217374	Trigger-In:20	47	grating_off	staircase	7	green	left	unaware	1	0
217.979	0.000	trigger_31	31	217979	Trigger-In:31	47	targets_on_fp_color_change	staircase	7	green	left	unaware	1	0
219.194	0.000	trigger_201	201	219194	Trigger-In:201	47	trial_end_completed	staircase	7	green	left	unaware	1	0
220.274	0.000	trigger_101	101	220274	Trigger-In:101	48	trial_start	salient	0	green	left	unaware	1	0
220.379	0.000	trigger_11	11	220379	Trigger-In:11	48	fixation_point_on	salient	0	green	left	unaware	1	0
220.979	0.000	trigger_21	21	220979	Trigger-In:21	48	grating_on	salient	0	green	left	unaware	1	0
221.029	0.000	trigger_20	20	221029	Trigger-In:20	48	grating_off	salient	0	green	left	unaware	1	0
221.629	0.000	trigger_31	31	221629	Trigger-In:31	48	targets_on_fp_color_change	salient	0	green	left	unaware	1	0
222.584	0.000	trigger_201	201	222584	Trigger-In:201	48	trial_end_completed	salient	0	green	left	unaware	1	0
223.659	0.000	trigger_101	101	223659	Trigger-In:101	49	trial_start	salient	0	green	n/a	n/a	0	1
223.809	0.000	trigger_11	11	223809	Trigger-In:11	49	fixation_point_on	salient	0	green	n/a	n/a	0	1
224.414	0.000	trigger_21	21	224414	Trigger-In:21	49	grating_on	salient	0	green	n/a	n/a	0	1
224.474	0.000	trigger_20	20	224474	Trigger-In:20	49	grating_off	salient	0	green	n/a	n/a	0	1
224.539	0.000	trigger_204	204	224539	Trigger-In:204	49	trial_end_fixation_break	salient	0	green	n/a	n/a	0	1
226.269	0.000	trigger_101	101	226269	Trigger-In:101	50	trial_start	staircase	8	green	left	unaware	1	0
226.374	0.000	trigger_11	11	226374	Trigger-In:11	50	fixation_point_on	staircase	8	green	left	unaware	1	0
226.974	0.000	trigger_21	21	226974	Trigger-In:21	50	grating_on	staircase	8	green	left	unaware	1	0
227.024	0.000	trigger_20	20	227024	Trigger-In:20	50	grating_off	staircase	8	green	left	unaware	1	0
227.624	0.000	trigger_31	31	227624	Trigger-In:31	50	targets_on_fp_color_change	staircase	8	green	left	unaware	1	0
228.849	0.000	trigger_201	201	228849	Trigger-In:201	50	trial_end_completed	staircase	8	green	left	unaware	1	0
229.929	0.000	trigger_101	101	229929	Trigger-In:101	51	trial_start	salient	0	green	left	unaware	1	0
230.034	0.000	trigger_11	11	230034	Trigger-In:11	51	fixation_point_on	salient	0	green	left	unaware	1	0
230.634	0.000	trigger_21	21	230634	Trigger-In:21	51	grating_on	salient	0	green	left	unaware	1	0
230.684	0.000	trigger_20	20	230684	Trigger-In:20	51	grating_off	salient	0	green	left	unaware	1	0
231.284	0.000	trigger_31	31	231284	Trigger-In:31	51	targets_on_fp_color_change	salient	0	green	left	unaware	1	0
232.074	0.000	trigger_201	201	232074	Trigger-In:201	51	trial_end_completed	salient	0	green	left	unaware	1	0
233.149	0.000	trigger_101	101	233149	Trigger-In:101	52	trial_start	staircase	9	red	left	aware	1	0
233.254	0.000	trigger_11	11	233254	Trigger-In:11	52	fixation_point_on	staircase	9	red	left	aware	1	0
233.854	0.000	trigger_21	21	233854	Trigger-In:21	52	grating_on	staircase	9	red	left	aware	1	0
233.904	0.000	trigger_20	20	233904	Trigger-In:20	52	grating_off	staircase	9	red	left	aware	1	0
234.504	0.000	trigger_31	31	234504	Trigger-In:31	52	targets_on_fp_color_change	staircase	9	red	left	aware	1	0
236.129	0.000	trigger_201	201	236129	Trigger-In:201	52	trial_end_completed	staircase	9	red	left	aware	1	0
237.204	0.000	trigger_101	101	237204	Trigger-In:101	53	trial_start	staircase	8	red	left	aware	1	0
237.309	0.000	trigger_11	11	237309	Trigger-In:11	53	fixation_point_on	staircase	8	red	left	aware	1	0
237.914	0.000	trigger_21	21	237914	Trigger-In:21	53	grating_on	staircase	8	red	left	aware	1	0
237.964	0.000	trigger_20	20	237964	Trigger-In:20	53	grating_off	staircase	8	red	left	aware	1	0
238.564	0.000	trigger_31	31	238564	Trigger-In:31	53	targets_on_fp_color_change	staircase	8	red	left	aware	1	0
239.449	0.000	trigger_201	201	239449	Trigger-In:201	53	trial_end_completed	staircase	8	red	left	aware	1	0
240.524	0.000	trigger_101	101	240524	Trigger-In:101	54	trial_start	staircase	7	red	left	aware	1	0
240.629	0.000	trigger_11	11	240629	Trigger-In:11	54	fixation_point_on	staircase	7	red	left	aware	1	0
241.229	0.000	trigger_21	21	241229	Trigger-In:21	54	grating_on	staircase	7	red	left	aware	1	0
241.279	0.000	trigger_20	20	241279	Trigger-In:20	54	grating_off	staircase	7	red	left	aware	1	0
241.884	0.000	trigger_31	31	241884	Trigger-In:31	54	targets_on_fp_color_change	staircase	7	red	left	aware	1	0
242.744	0.000	trigger_201	201	242744	Trigger-In:201	54	trial_end_completed	staircase	7	red	left	aware	1	0
243.824	0.000	trigger_101	101	243824	Trigger-In:101	55	trial_start	staircase	6	green	right	aware	1	0
243.929	0.000	trigger_11	11	243929	Trigger-In:11	55	fixation_point_on	staircase	6	green	right	aware	1	0
244.529	0.000	trigger_21	21	244529	Trigger-In:21	55	grating_on	staircase	6	green	right	aware	1	0
244.579	0.000	trigger_20	20	244579	Trigger-In:20	55	grating_off	staircase	6	green	right	aware	1	0
245.179	0.000	trigger_31	31	245179	Trigger-In:31	55	targets_on_fp_color_change	staircase	6	green	right	aware	1	0
245.999	0.000	trigger_201	201	245999	Trigger-In:201	55	trial_end_completed	staircase	6	green	right	aware	1	0
247.074	0.000	trigger_101	101	247074	Trigger-In:101	56	trial_start	staircase	5	red	right	unaware	1	0
247.329	0.000	trigger_11	11	247329	Trigger-In:11	56	fixation_point_on	staircase	5	red	right	unaware	1	0
247.929	0.000	trigger_21	21	247929	Trigger-In:21	56	grating_on	staircase	5	red	right	unaware	1	0
247.979	0.000	trigger_20	20	247979	Trigger-In:20	56	grating_off	staircase	5	red	right	unaware	1	0
248.579	0.000	trigger_31	31	248579	Trigger-In:31	56	targets_on_fp_color_change	staircase	5	red	right	unaware	1	0
249.364	0.000	trigger_201	201	249364	Trigger-In:201	56	trial_end_completed	staircase	5	red	right	unaware	1	0
250.444	0.000	trigger_101	101	250444	Trigger-In:101	57	trial_start	staircase	6	green	left	unaware	1	0
250.549	0.000	trigger_11	11	250549	Trigger-In:11	57	fixation_point_on	staircase	6	green	left	unaware	1	0
251.149	0.000	trigger_21	21	251149	Trigger-In:21	57	grating_on	staircase	6	green	left	unaware	1	0
251.199	0.000	trigger_20	20	251199	Trigger-In:20	57	grating_off	staircase	6	green	left	unaware	1	0
251.799	0.000	trigger_31	31	251799	Trigger-In:31	57	targets_on_fp_color_change	staircase	6	green	left	unaware	1	0
253.469	0.000	trigger_201	201	253469	Trigger-In:201	57	trial_end_completed	staircase	6	green	left	unaware	1	0
254.544	0.000	trigger_101	101	254544	Trigger-In:101	58	trial_start	absent	70	green	right	aware	1	0
254.649	0.000	trigger_11	11	254649	Trigger-In:11	58	fixation_point_on	absent	70	green	right	aware	1	0
255.249	0.000	trigger_21	21	255249	Trigger-In:21	58	grating_on	absent	70	green	right	aware	1	0
255.304	0.000	trigger_20	20	255304	Trigger-In:20	58	grating_off	absent	70	green	right	aware	1	0
255.904	0.000	trigger_31	31	255904	Trigger-In:31	58	targets_on_fp_color_change	absent	70	green	right	aware	1	0
256.609	0.000	trigger_201	201	256609	Trigger-In:201	58	trial_end_completed	absent	70	green	right	aware	1	0
257.684	0.000	trigger_101	101	257684	Trigger-In:101	59	trial_start	staircase	7	green	left	unaware	1	0
257.789	0.000	trigger_11	11	257789	Trigger-In:11	59	fixation_point_on	staircase	7	green	left	unaware	1	0
258.389	0.000	trigger_21	21	258389	Trigger-In:21	59	grating_on	staircase	7	green	left	unaware	1	0
258.439	0.000	trigger_20	20	258439	Trigger-In:20	59	grating_off	staircase	7	green	left	unaware	1	0
259.039	0.000	trigger_31	31	259039	Trigger-In:31	59	targets_on_fp_color_change	staircase	7	green	left	unaware	1	0
259.789	0.000	trigger_201	201	259789	Trigger-In:201	59	trial_end_completed	staircase	7	green	left	unaware	1	0
260.864	0.000	trigger_101	101	260864	Trigger-In:101	60	trial_start	salient	0	green	left	unaware	1	0
260.974	0.000	trigger_11	11	260974	Trigger-In:11	60	fixation_point_on	salient	0	green	left	unaware	1	0
261.574	0.000	trigger_21	21	261574	Trigger-In:21	60	grating_on	salient	0	green	left	unaware	1	0
261.624	0.000	trigger_20	20	261624	Trigger-In:20	60	grating_off	salient	0	green	left	unaware	1	0
262.224	0.000	trigger_31	31	262224	Trigger-In:31	60	targets_on_fp_color_change	salient	0	green	left	unaware	1	0
263.019	0.000	trigger_201	201	263019	Trigger-In:201	60	trial_end_completed	salient	0	green	left	unaware	1	0
264.094	0.000	trigger_101	101	264094	Trigger-In:101	61	trial_start	staircase	8	red	left	aware	1	0
264.194	0.000	trigger_11	11	264194	Trigger-In:11	61	fixation_point_on	staircase	8	red	left	aware	1	0
264.799	0.000	trigger_21	21	264799	Trigger-In:21	61	grating_on	staircase	8	red	left	aware	1	0
264.849	0.000	trigger_20	20	264849	Trigger-In:20	61	grating_off	staircase	8	red	left	aware	1	0
265.449	0.000	trigger_31	31	265449	Trigger-In:31	61	targets_on_fp_color_change	staircase	8	red	left	aware	1	0
266.609	0.000	trigger_201	201	266609	Trigger-In:201	61	trial_end_completed	staircase	8	red	left	aware	1	0
267.684	0.000	trigger_101	101	267684	Trigger-In:101	62	trial_start	absent	70	green	right	aware	1	0
267.794	0.000	trigger_11	11	267794	Trigger-In:11	62	fixation_point_on	absent	70	green	right	aware	1	0
268.394	0.000	trigger_21	21	268394	Trigger-In:21	62	grating_on	absent	70	green	right	aware	1	0
268.444	0.000	trigger_20	20	268444	Trigger-In:20	62	grating_off	absent	70	green	right	aware	1	0
269.049	0.000	trigger_31	31	269049	Trigger-In:31	62	targets_on_fp_color_change	absent	70	green	right	aware	1	0
269.714	0.000	trigger_201	201	269714	Trigger-In:201	62	trial_end_completed	absent	70	green	right	aware	1	0
270.794	0.000	trigger_101	101	270794	Trigger-In:101	63	trial_start	staircase	7	red	right	unaware	1	0
270.899	0.000	trigger_11	11	270899	Trigger-In:11	63	fixation_point_on	staircase	7	red	right	unaware	1	0
271.499	0.000	trigger_21	21	271499	Trigger-In:21	63	grating_on	staircase	7	red	right	unaware	1	0
271.549	0.000	trigger_20	20	271549	Trigger-In:20	63	grating_off	staircase	7	red	right	unaware	1	0
272.149	0.000	trigger_31	31	272149	Trigger-In:31	63	targets_on_fp_color_change	staircase	7	red	right	unaware	1	0
273.749	0.000	trigger_201	201	273749	Trigger-In:201	63	trial_end_completed	staircase	7	red	right	unaware	1	0
274.824	0.000	trigger_101	101	274824	Trigger-In:101	64	trial_start	staircase	8	red	left	aware	1	0
274.934	0.000	trigger_11	11	274934	Trigger-In:11	64	fixation_point_on	staircase	8	red	left	aware	1	0
275.534	0.000	trigger_21	21	275534	Trigger-In:21	64	grating_on	staircase	8	red	left	aware	1	0
275.584	0.000	trigger_20	20	275584	Trigger-In:20	64	grating_off	staircase	8	red	left	aware	1	0
276.184	0.000	trigger_31	31	276184	Trigger-In:31	64	targets_on_fp_color_change	staircase	8	red	left	aware	1	0
277.559	0.000	trigger_201	201	277559	Trigger-In:201	64	trial_end_completed	staircase	8	red	left	aware	1	0
278.634	0.000	trigger_101	101	278634	Trigger-In:101	65	trial_start	staircase	7	green	left	unaware	1	0
278.739	0.000	trigger_11	11	278739	Trigger-In:11	65	fixation_point_on	staircase	7	green	left	unaware	1	0
279.389	0.000	trigger_21	21	279389	Trigger-In:21	65	grating_on	staircase	7	green	left	unaware	1	0
279.439	0.000	trigger_20	20	279439	Trigger-In:20	65	grating_off	staircase	7	green	left	unaware	1	0
280.039	0.000	trigger_31	31	280039	Trigger-In:31	65	targets_on_fp_color_change	staircase	7	green	left	unaware	1	0
281.729	0.000	trigger_201	201	281729	Trigger-In:201	65	trial_end_completed	staircase	7	green	left	unaware	1	0
282.809	0.000	trigger_101	101	282809	Trigger-In:101	66	trial_start	staircase	8	red	right	unaware	1	0
282.914	0.000	trigger_11	11	282914	Trigger-In:11	66	fixation_point_on	staircase	8	red	right	unaware	1	0
283.514	0.000	trigger_21	21	283514	Trigger-In:21	66	grating_on	staircase	8	red	right	unaware	1	0
283.564	0.000	trigger_20	20	283564	Trigger-In:20	66	grating_off	staircase	8	red	right	unaware	1	0
284.164	0.000	trigger_31	31	284164	Trigger-In:31	66	targets_on_fp_color_change	staircase	8	red	right	unaware	1	0
285.379	0.000	trigger_201	201	285379	Trigger-In:201	66	trial_end_completed	staircase	8	red	right	unaware	1	0
286.459	0.000	trigger_101	101	286459	Trigger-In:101	67	trial_start	staircase	9	red	right	unaware	1	0
286.559	0.000	trigger_11	11	286559	Trigger-In:11	67	fixation_point_on	staircase	9	red	right	unaware	1	0
287.164	0.000	trigger_21	21	287164	Trigger-In:21	67	grating_on	staircase	9	red	right	unaware	1	0
287.214	0.000	trigger_20	20	287214	Trigger-In:20	67	grating_off	staircase	9	red	right	unaware	1	0
287.814	0.000	trigger_31	31	287814	Trigger-In:31	67	targets_on_fp_color_change	staircase	9	red	right	unaware	1	0
288.709	0.000	trigger_201	201	288709	Trigger-In:201	67	trial_end_completed	staircase	9	red	right	unaware	1	0
289.789	0.000	trigger_101	101	289789	Trigger-In:101	68	trial_start	staircase	10	green	right	aware	1	0
290.064	0.000	trigger_11	11	290064	Trigger-In:11	68	fixation_point_on	staircase	10	green	right	aware	1	0
290.664	0.000	trigger_21	21	290664	Trigger-In:21	68	grating_on	staircase	10	green	right	aware	1	0
290.719	0.000	trigger_20	20	290719	Trigger-In:20	68	grating_off	staircase	10	green	right	aware	1	0
291.319	0.000	trigger_31	31	291319	Trigger-In:31	68	targets_on_fp_color_change	staircase	10	green	right	aware	1	0
292.054	0.000	trigger_201	201	292054	Trigger-In:201	68	trial_end_completed	staircase	10	green	right	aware	1	0
293.129	0.000	trigger_101	101	293129	Trigger-In:101	69	trial_start	staircase	9	green	n/a	n/a	0	1
293.239	0.000	trigger_11	11	293239	Trigger-In:11	69	fixation_point_on	staircase	9	green	n/a	n/a	0	1
293.749	0.000	trigger_204	204	293749	Trigger-In:204	69	trial_end_fixation_break	staircase	9	green	n/a	n/a	0	1
295.484	0.000	trigger_101	101	295484	Trigger-In:101	70	trial_start	staircase	9	red	left	aware	1	0
295.589	0.000	trigger_11	11	295589	Trigger-In:11	70	fixation_point_on	staircase	9	red	left	aware	1	0
296.189	0.000	trigger_21	21	296189	Trigger-In:21	70	grating_on	staircase	9	red	left	aware	1	0
296.239	0.000	trigger_20	20	296239	Trigger-In:20	70	grating_off	staircase	9	red	left	aware	1	0
296.839	0.000	trigger_31	31	296839	Trigger-In:31	70	targets_on_fp_color_change	staircase	9	red	left	aware	1	0
298.669	0.000	trigger_201	201	298669	Trigger-In:201	70	trial_end_completed	staircase	9	red	left	aware	1	0
299.744	0.000	trigger_101	101	299744	Trigger-In:101	71	trial_start	staircase	8	green	n/a	n/a	0	1
299.849	0.000	trigger_11	11	299849	Trigger-In:11	71	fixation_point_on	staircase	8	green	n/a	n/a	0	1
300.454	0.000	trigger_21	21	300454	Trigger-In:21	71	grating_on	staircase	8	green	n/a	n/a	0	1
300.504	0.000	trigger_20	20	300504	Trigger-In:20	71	grating_off	staircase	8	green	n/a	n/a	0	1
300.899	0.000	trigger_204	204	300899	Trigger-In:204	71	trial_end_fixation_break	staircase	8	green	n/a	n/a	0	1
302.629	0.000	trigger_101	101	302629	Trigger-In:101	72	trial_start	staircase	8	red	left	aware	1	0
302.894	0.000	trigger_11	11	302894	Trigger-In:11	72	fixation_point_on	staircase	8	red	left	aware	1	0
303.494	0.000	trigger_21	21	303494	Trigger-In:21	72	grating_on	staircase	8	red	left	aware	1	0
303.544	0.000	trigger_20	20	303544	Trigger-In:20	72	grating_off	staircase	8	red	left	aware	1	0
304.149	0.000	trigger_31	31	304149	Trigger-In:31	72	targets_on_fp_color_change	staircase	8	red	left	aware	1	0
305.629	0.000	trigger_201	201	305629	Trigger-In:201	72	trial_end_completed	staircase	8	red	left	aware	1	0
306.709	0.000	trigger_101	101	306709	Trigger-In:101	73	trial_start	staircase	7	red	right	unaware	1	0
306.814	0.000	trigger_11	11	306814	Trigger-In:11	73	fixation_point_on	staircase	7	red	right	unaware	1	0
307.414	0.000	trigger_21	21	307414	Trigger-In:21	73	grating_on	staircase	7	red	right	unaware	1	0
307.464	0.000	trigger_20	20	307464	Trigger-In:20	73	grating_off	staircase	7	red	right	unaware	1	0
308.064	0.000	trigger_31	31	308064	Trigger-In:31	73	targets_on_fp_color_change	staircase	7	red	right	unaware	1	0
308.929	0.000	trigger_201	201	308929	Trigger-In:201	73	trial_end_completed	staircase	7	red	right	unaware	1	0
310.009	0.000	trigger_101	101	310009	Trigger-In:101	74	trial_start	salient	0	green	left	unaware	1	0
310.114	0.000	trigger_11	11	310114	Trigger-In:11	74	fixation_point_on	salient	0	green	left	unaware	1	0
310.714	0.000	trigger_21	21	310714	Trigger-In:21	74	grating_on	salient	0	green	left	unaware	1	0
310.764	0.000	trigger_20	20	310764	Trigger-In:20	74	grating_off	salient	0	green	left	unaware	1	0
311.369	0.000	trigger_31	31	311369	Trigger-In:31	74	targets_on_fp_color_change	salient	0	green	left	unaware	1	0
312.309	0.000	trigger_201	201	312309	Trigger-In:201	74	trial_end_completed	salient	0	green	left	unaware	1	0
313.384	0.000	trigger_101	101	313384	Trigger-In:101	75	trial_start	salient	0	green	left	unaware	1	0
313.489	0.000	trigger_11	11	313489	Trigger-In:11	75	fixation_point_on	salient	0	green	left	unaware	1	0
314.089	0.000	trigger_21	21	314089	Trigger-In:21	75	grating_on	salient	0	green	left	unaware	1	0
314.139	0.000	trigger_20	20	314139	Trigger-In:20	75	grating_off	salient	0	green	left	unaware	1	0
314.739	0.000	trigger_31	31	314739	Trigger-In:31	75	targets_on_fp_color_change	salient	0	green	left	unaware	1	0
315.514	0.000	trigger_201	201	315514	Trigger-In:201	75	trial_end_completed	salient	0	green	left	unaware	1	0
316.594	0.000	trigger_101	101	316594	Trigger-In:101	76	trial_start	absent	70	red	left	aware	1	0
316.699	0.000	trigger_11	11	316699	Trigger-In:11	76	fixation_point_on	absent	70	red	left	aware	1	0
317.299	0.000	trigger_21	21	317299	Trigger-In:21	76	grating_on	absent	70	red	left	aware	1	0
317.349	0.000	trigger_20	20	317349	Trigger-In:20	76	grating_off	absent	70	red	left	aware	1	0
317.949	0.000	trigger_31	31	317949	Trigger-In:31	76	targets_on_fp_color_change	absent	70	red	left	aware	1	0
318.844	0.000	trigger_201	201	318844	Trigger-In:201	76	trial_end_completed	absent	70	red	left	aware	1	0
319.919	0.000	trigger_101	101	319919	Trigger-In:101	77	trial_start	staircase	8	green	right	aware	1	0
320.024	0.000	trigger_11	11	320024	Trigger-In:11	77	fixation_point_on	staircase	8	green	right	aware	1	0
320.629	0.000	trigger_21	21	320629	Trigger-In:21	77	grating_on	staircase	8	green	right	aware	1	0
320.679	0.000	trigger_20	20	320679	Trigger-In:20	77	grating_off	staircase	8	green	right	aware	1	0
321.279	0.000	trigger_31	31	321279	Trigger-In:31	77	targets_on_fp_color_change	staircase	8	green	right	aware	1	0
322.109	0.000	trigger_201	201	322109	Trigger-In:201	77	trial_end_completed	staircase	8	green	right	aware	1	0
323.189	0.000	trigger_101	101	323189	Trigger-In:101	78	trial_start	salient	0	green	left	unaware	1	0
323.294	0.000	trigger_11	11	323294	Trigger-In:11	78	fixation_point_on	salient	0	green	left	unaware	1	0
323.894	0.000	trigger_21	21	323894	Trigger-In:21	78	grating_on	salient	0	green	left	unaware	1	0
323.944	0.000	trigger_20	20	323944	Trigger-In:20	78	grating_off	salient	0	green	left	unaware	1	0
324.544	0.000	trigger_31	31	324544	Trigger-In:31	78	targets_on_fp_color_change	salient	0	green	left	unaware	1	0
325.569	0.000	trigger_201	201	325569	Trigger-In:201	78	trial_end_completed	salient	0	green	left	unaware	1	0
326.649	0.000	trigger_101	101	326649	Trigger-In:101	79	trial_start	staircase	7	red	right	unaware	1	0
326.754	0.000	trigger_11	11	326754	Trigger-In:11	79	fixation_point_on	staircase	7	red	right	unaware	1	0
327.354	0.000	trigger_21	21	327354	Trigger-In:21	79	grating_on	staircase	7	red	right	unaware	1	0
327.404	0.000	trigger_20	20	327404	Trigger-In:20	79	grating_off	staircase	7	red	right	unaware	1	0
328.004	0.000	trigger_31	31	328004	Trigger-In:31	79	targets_on_fp_color_change	staircase	7	red	right	unaware	1	0
329.049	0.000	trigger_201	201	329049	Trigger-In:201	79	trial_end_completed	staircase	7	red	right	unaware	1	0
330.129	0.000	trigger_101	101	330129	Trigger-In:101	80	trial_start	salient	0	green	left	unaware	1	0
330.229	0.000	trigger_11	11	330229	Trigger-In:11	80	fixation_point_on	salient	0	green	left	unaware	1	0
330.829	0.000	trigger_21	21	330829	Trigger-In:21	80	grating_on	salient	0	green	left	unaware	1	0
330.879	0.000	trigger_20	20	330879	Trigger-In:20	80	grating_off	salient	0	green	left	unaware	1	0
331.484	0.000	trigger_31	31	331484	Trigger-In:31	80	targets_on_fp_color_change	salient	0	green	left	unaware	1	0
332.699	0.000	trigger_201	201	332699	Trigger-In:201	80	trial_end_completed	salient	0	green	left	unaware	1	0
333.774	0.000	trigger_101	101	333774	Trigger-In:101	81	trial_start	staircase	8	green	n/a	n/a	0	1
333.879	0.000	trigger_11	11	333879	Trigger-In:11	81	fixation_point_on	staircase	8	green	n/a	n/a	0	1
334.364	0.000	trigger_204	204	334364	Trigger-In:204	81	trial_end_fixation_break	staircase	8	green	n/a	n/a	0	1
336.104	0.000	trigger_101	101	336104	Trigger-In:101	82	trial_start	staircase	8	red	right	unaware	1	0
336.209	0.000	trigger_11	11	336209	Trigger-In:11	82	fixation_point_on	staircase	8	red	right	unaware	1	0
336.809	0.000	trigger_21	21	336809	Trigger-In:21	82	grating_on	staircase	8	red	right	unaware	1	0
336.859	0.000	trigger_20	20	336859	Trigger-In:20	82	grating_off	staircase	8	red	right	unaware	1	0
337.459	0.000	trigger_31	31	337459	Trigger-In:31	82	targets_on_fp_color_change	staircase	8	red	right	unaware	1	0
338.804	0.000	trigger_201	201	338804	Trigger-In:201	82	trial_end_completed	staircase	8	red	right	unaware	1	0
339.879	0.000	trigger_101	101	339879	Trigger-In:101	83	trial_start	salient	0	green	left	unaware	1	0
339.984	0.000	trigger_11	11	339984	Trigger-In:11	83	fixation_point_on	salient	0	green	left	unaware	1	0
340.584	0.000	trigger_21	21	340584	Trigger-In:21	83	grating_on	salient	0	green	left	unaware	1	0
340.639	0.000	trigger_20	20	340639	Trigger-In:20	83	grating_off	salient	0	green	left	unaware	1	0
341.239	0.000	trigger_31	31	341239	Trigger-In:31	83	targets_on_fp_color_change	salient	0	green	left	unaware	1	0
342.209	0.000	trigger_201	201	342209	Trigger-In:201	83	trial_end_completed	salient	0	green	left	unaware	1	0
343.284	0.000	trigger_101	101	343284	Trigger-In:101	84	trial_start	salient	0	green	left	unaware	1	0
343.389	0.000	trigger_11	11	343389	Trigger-In:11	84	fixation_point_on	salient	0	green	left	unaware	1	0
343.989	0.000	trigger_21	21	343989	Trigger-In:21	84	grating_on	salient	0	green	left	unaware	1	0
344.039	0.000	trigger_20	20	344039	Trigger-In:20	84	grating_off	salient	0	green	left	unaware	1	0
344.639	0.000	trigger_31	31	344639	Trigger-In:31	84	targets_on_fp_color_change	salient	0	green	left	unaware	1	0
345.549	0.000	trigger_201	201	345549	Trigger-In:201	84	trial_end_completed	salient	0	green	left	unaware	1	0
346.624	0.000	trigger_101	101	346624	Trigger-In:101	85	trial_start	staircase	9	red	right	unaware	1	0
346.729	0.000	trigger_11	11	346729	Trigger-In:11	85	fixation_point_on	staircase	9	red	right	unaware	1	0
347.329	0.000	trigger_21	21	347329	Trigger-In:21	85	grating_on	staircase	9	red	right	unaware	1	0
347.384	0.000	trigger_20	20	347384	Trigger-In:20	85	grating_off	staircase	9	red	right	unaware	1	0
347.984	0.000	trigger_31	31	347984	Trigger-In:31	85	targets_on_fp_color_change	staircase	9	red	right	unaware	1	0
348.904	0.000	trigger_201	201	348904	Trigger-In:201	85	trial_end_completed	staircase	9	red	right	unaware	1	0
349.979	0.000	trigger_101	101	349979	Trigger-In:101	86	trial_start	absent	70	red	left	aware	1	0
350.084	0.000	trigger_11	11	350084	Trigger-In:11	86	fixation_point_on	absent	70	red	left	aware	1	0
350.684	0.000	trigger_21	21	350684	Trigger-In:21	86	grating_on	absent	70	red	left	aware	1	0
350.739	0.000	trigger_20	20	350739	Trigger-In:20	86	grating_off	absent	70	red	left	aware	1	0
351.339	0.000	trigger_31	31	351339	Trigger-In:31	86	targets_on_fp_color_change	absent	70	red	left	aware	1	0
352.119	0.000	trigger_201	201	352119	Trigger-In:201	86	trial_end_completed	absent	70	red	left	aware	1	0
353.194	0.000	trigger_101	101	353194	Trigger-In:101	87	trial_start	staircase	10	red	left	aware	1	0
353.299	0.000	trigger_11	11	353299	Trigger-In:11	87	fixation_point_on	staircase	10	red	left	aware	1	0
353.899	0.000	trigger_21	21	353899	Trigger-In:21	87	grating_on	staircase	10	red	left	aware	1	0
353.949	0.000	trigger_20	20	353949	Trigger-In:20	87	grating_off	staircase	10	red	left	aware	1	0
354.549	0.000	trigger_31	31	354549	Trigger-In:31	87	targets_on_fp_color_change	staircase	10	red	left	aware	1	0
355.399	0.000	trigger_201	201	355399	Trigger-In:201	87	trial_end_completed	staircase	10	red	left	aware	1	0
356.479	0.000	trigger_101	101	356479	Trigger-In:101	88	trial_start	staircase	9	red	left	aware	1	0
356.584	0.000	trigger_11	11	356584	Trigger-In:11	88	fixation_point_on	staircase	9	red	left	aware	1	0
357.184	0.000	trigger_21	21	357184	Trigger-In:21	88	grating_on	staircase	9	red	left	aware	1	0
357.234	0.000	trigger_20	20	357234	Trigger-In:20	88	grating_off	staircase	9	red	left	aware	1	0
357.834	0.000	trigger_31	31	357834	Trigger-In:31	88	targets_on_fp_color_change	staircase	9	red	left	aware	1	0
358.684	0.000	trigger_201	201	358684	Trigger-In:201	88	trial_end_completed	staircase	9	red	left	aware	1	0
359.759	0.000	trigger_101	101	359759	Trigger-In:101	89	trial_start	staircase	8	red	left	aware	1	0
359.864	0.000	trigger_11	11	359864	Trigger-In:11	89	fixation_point_on	staircase	8	red	left	aware	1	0
360.464	0.000	trigger_21	21	360464	Trigger-In:21	89	grating_on	staircase	8	red	left	aware	1	0
360.514	0.000	trigger_20	20	360514	Trigger-In:20	89	grating_off	staircase	8	red	left	aware	1	0
361.114	0.000	trigger_31	31	361114	Trigger-In:31	89	targets_on_fp_color_change	staircase	8	red	left	aware	1	0
361.904	0.000	trigger_201	201	361904	Trigger-In:201	89	trial_end_completed	staircase	8	red	left	aware	1	0
362.979	0.000	trigger_101	101	362979	Trigger-In:101	90	trial_start	salient	0	green	left	unaware	1	0
363.084	0.000	trigger_11	11	363084	Trigger-In:11	90	fixation_point_on	salient	0	green	left	unaware	1	0
363.684	0.000	trigger_21	21	363684	Trigger-In:21	90	grating_on	salient	0	green	left	unaware	1	0
363.734	0.000	trigger_20	20	363734	Trigger-In:20	90	grating_off	salient	0	green	left	unaware	1	0
364.334	0.000	trigger_31	31	364334	Trigger-In:31	90	targets_on_fp_color_change	salient	0	green	left	unaware	1	0
365.644	0.000	trigger_201	201	365644	Trigger-In:201	90	trial_end_completed	salient	0	green	left	unaware	1	0
366.724	0.000	trigger_101	101	366724	Trigger-In:101	91	trial_start	staircase	7	red	right	unaware	1	0
366.829	0.000	trigger_11	11	366829	Trigger-In:11	91	fixation_point_on	staircase	7	red	right	unaware	1	0
367.429	0.000	trigger_21	21	367429	Trigger-In:21	91	grating_on	staircase	7	red	right	unaware	1	0
367.484	0.000	trigger_20	20	367484	Trigger-In:20	91	grating_off	staircase	7	red	right	unaware	1	0
368.084	0.000	trigger_31	31	368084	Trigger-In:31	91	targets_on_fp_color_change	staircase	7	red	right	unaware	1	0
369.069	0.000	trigger_201	201	369069	Trigger-In:201	91	trial_end_completed	staircase	7	red	right	unaware	1	0
370.144	0.000	trigger_101	101	370144	Trigger-In:101	92	trial_start	staircase	8	green	left	unaware	1	0
370.249	0.000	trigger_11	11	370249	Trigger-In:11	92	fixation_point_on	staircase	8	green	left	unaware	1	0
370.849	0.000	trigger_21	21	370849	Trigger-In:21	92	grating_on	staircase	8	green	left	unaware	1	0
370.904	0.000	trigger_20	20	370904	Trigger-In:20	92	grating_off	staircase	8	green	left	unaware	1	0
371.504	0.000	trigger_31	31	371504	Trigger-In:31	92	targets_on_fp_color_change	staircase	8	green	left	unaware	1	0
372.539	0.000	trigger_201	201	372539	Trigger-In:201	92	trial_end_completed	staircase	8	green	left	unaware	1	0
373.614	0.000	trigger_101	101	373614	Trigger-In:101	93	trial_start	staircase	9	red	n/a	n/a	0	0
375.849	0.000	trigger_101	101	375849	Trigger-In:101	94	trial_start	salient	0	red	right	unaware	1	0
375.954	0.000	trigger_11	11	375954	Trigger-In:11	94	fixation_point_on	salient	0	red	right	unaware	1	0
376.554	0.000	trigger_21	21	376554	Trigger-In:21	94	grating_on	salient	0	red	right	unaware	1	0
376.604	0.000	trigger_20	20	376604	Trigger-In:20	94	grating_off	salient	0	red	right	unaware	1	0
377.204	0.000	trigger_31	31	377204	Trigger-In:31	94	targets_on_fp_color_change	salient	0	red	right	unaware	1	0
378.399	0.000	trigger_201	201	378399	Trigger-In:201	94	trial_end_completed	salient	0	red	right	unaware	1	0
379.479	0.000	trigger_101	101	379479	Trigger-In:101	95	trial_start	salient	0	red	right	unaware	1	0
379.584	0.000	trigger_11	11	379584	Trigger-In:11	95	fixation_point_on	salient	0	red	right	unaware	1	0
380.184	0.000	trigger_21	21	380184	Trigger-In:21	95	grating_on	salient	0	red	right	unaware	1	0
380.234	0.000	trigger_20	20	380234	Trigger-In:20	95	grating_off	salient	0	red	right	unaware	1	0
380.834	0.000	trigger_31	31	380834	Trigger-In:31	95	targets_on_fp_color_change	salient	0	red	right	unaware	1	0
381.819	0.000	trigger_201	201	381819	Trigger-In:201	95	trial_end_completed	salient	0	red	right	unaware	1	0
382.899	0.000	trigger_101	101	382899	Trigger-In:101	96	trial_start	staircase	9	red	right	unaware	1	0
383.004	0.000	trigger_11	11	383004	Trigger-In:11	96	fixation_point_on	staircase	9	red	right	unaware	1	0
383.604	0.000	trigger_21	21	383604	Trigger-In:21	96	grating_on	staircase	9	red	right	unaware	1	0
383.654	0.000	trigger_20	20	383654	Trigger-In:20	96	grating_off	staircase	9	red	right	unaware	1	0
384.254	0.000	trigger_31	31	384254	Trigger-In:31	96	targets_on_fp_color_change	staircase	9	red	right	unaware	1	0
385.154	0.000	trigger_201	201	385154	Trigger-In:201	96	trial_end_completed	staircase	9	red	right	unaware	1	0
386.234	0.000	trigger_101	101	386234	Trigger-In:101	97	trial_start	staircase	10	green	left	unaware	1	0
386.339	0.000	trigger_11	11	386339	Trigger-In:11	97	fixation_point_on	staircase	10	green	left	unaware	1	0
386.939	0.000	trigger_21	21	386939	Trigger-In:21	97	grating_on	staircase	10	green	left	unaware	1	0
386.989	0.000	trigger_20	20	386989	Trigger-In:20	97	grating_off	staircase	10	green	left	unaware	1	0
387.589	0.000	trigger_31	31	387589	Trigger-In:31	97	targets_on_fp_color_change	staircase	10	green	left	unaware	1	0
389.009	0.000	trigger_201	201	389009	Trigger-In:201	97	trial_end_completed	staircase	10	green	left	unaware	1	0
390.084	0.000	trigger_101	101	390084	Trigger-In:101	98	trial_start	salient	0	red	right	unaware	1	0
390.189	0.000	trigger_11	11	390189	Trigger-In:11	98	fixation_point_on	salient	0	red	right	unaware	1	0
390.789	0.000	trigger_21	21	390789	Trigger-In:21	98	grating_on	salient	0	red	right	unaware	1	0
390.839	0.000	trigger_20	20	390839	Trigger-In:20	98	grating_off	salient	0	red	right	unaware	1	0
391.439	0.000	trigger_31	31	391439	Trigger-In:31	98	targets_on_fp_color_change	salient	0	red	right	unaware	1	0
392.419	0.000	trigger_201	201	392419	Trigger-In:201	98	trial_end_completed	salient	0	red	right	unaware	1	0
393.494	0.000	trigger_101	101	393494	Trigger-In:101	99	trial_start	staircase	11	red	left	aware	1	0
393.599	0.000	trigger_11	11	393599	Trigger-In:11	99	fixation_point_on	staircase	11	red	left	aware	1	0
394.199	0.000	trigger_21	21	394199	Trigger-In:21	99	grating_on	staircase	11	red	left	aware	1	0
394.254	0.000	trigger_20	20	394254	Trigger-In:20	99	grating_off	staircase	11	red	left	aware	1	0
394.854	0.000	trigger_31	31	394854	Trigger-In:31	99	targets_on_fp_color_change	staircase	11	red	left	aware	1	0
395.864	0.000	trigger_201	201	395864	Trigger-In:201	99	trial_end_completed	staircase	11	red	left	aware	1	0
396.939	0.000	trigger_101	101	396939	Trigger-In:101	100	trial_start	staircase	10	green	right	aware	1	0
397.044	0.000	trigger_11	11	397044	Trigger-In:11	100	fixation_point_on	staircase	10	green	right	aware	1	0
397.644	0.000	trigger_21	21	397644	Trigger-In:21	100	grating_on	staircase	10	green	right	aware	1	0
397.694	0.000	trigger_20	20	397694	Trigger-In:20	100	grating_off	staircase	10	green	right	aware	1	0
398.299	0.000	trigger_31	31	398299	Trigger-In:31	100	targets_on_fp_color_change	staircase	10	green	right	aware	1	0
398.959	0.000	trigger_201	201	398959	Trigger-In:201	100	trial_end_completed	staircase	10	green	right	aware	1	0
400.034	0.000	trigger_101	101	400034	Trigger-In:101	101	trial_start	staircase	9	green	right	aware	1	0
400.144	0.000	trigger_11	11	400144	Trigger-In:11	101	fixation_point_on	staircase	9	green	right	aware	1	0
400.744	0.000	trigger_21	21	400744	Trigger-In:21	101	grating_on	staircase	9	green	right	aware	1	0
400.794	0.000	trigger_20	20	400794	Trigger-In:20	101	grating_off	staircase	9	green	right	aware	1	0
401.394	0.000	trigger_31	31	401394	Trigger-In:31	101	targets_on_fp_color_change	staircase	9	green	right	aware	1	0
402.179	0.000	trigger_201	201	402179	Trigger-In:201	101	trial_end_completed	staircase	9	green	right	aware	1	0
403.254	0.000	trigger_101	101	403254	Trigger-In:101	102	trial_start	salient	0	green	left	unaware	1	0
403.359	0.000	trigger_11	11	403359	Trigger-In:11	102	fixation_point_on	salient	0	green	left	unaware	1	0
403.959	0.000	trigger_21	21	403959	Trigger-In:21	102	grating_on	salient	0	green	left	unaware	1	0
404.009	0.000	trigger_20	20	404009	Trigger-In:20	102	grating_off	salient	0	green	left	unaware	1	0
404.609	0.000	trigger_31	31	404609	Trigger-In:31	102	targets_on_fp_color_change	salient	0	green	left	unaware	1	0
405.614	0.000	trigger_201	201	405614	Trigger-In:201	102	trial_end_completed	salient	0	green	left	unaware	1	0
406.689	0.000	trigger_101	101	406689	Trigger-In:101	103	trial_start	staircase	8	red	left	aware	1	0
406.794	0.000	trigger_11	11	406794	Trigger-In:11	103	fixation_point_on	staircase	8	red	left	aware	1	0
407.394	0.000	trigger_21	21	407394	Trigger-In:21	103	grating_on	staircase	8	red	left	aware	1	0
407.449	0.000	trigger_20	20	407449	Trigger-In:20	103	grating_off	staircase	8	red	left	aware	1	0
408.049	0.000	trigger_31	31	408049	Trigger-In:31	103	targets_on_fp_color_change	staircase	8	red	left	aware	1	0
409.179	0.000	trigger_201	201	409179	Trigger-In:201	103	trial_end_completed	staircase	8	red	left	aware	1	0
410.259	0.000	trigger_101	101	410259	Trigger-In:101	104	trial_start	salient	0	green	left	unaware	1	0
410.364	0.000	trigger_11	11	410364	Trigger-In:11	104	fixation_point_on	salient	0	green	left	unaware	1	0
410.969	0.000	trigger_21	21	410969	Trigger-In:21	104	grating_on	salient	0	green	left	unaware	1	0
411.019	0.000	trigger_20	20	411019	Trigger-In:20	104	grating_off	salient	0	green	left	unaware	1	0
411.619	0.000	trigger_31	31	411619	Trigger-In:31	104	targets_on_fp_color_change	salient	0	green	left	unaware	1	0
412.894	0.000	trigger_201	201	412894	Trigger-In:201	104	trial_end_completed	salient	0	green	left	unaware	1	0
413.969	0.000	trigger_101	101	413969	Trigger-In:101	105	trial_start	staircase	7	red	right	unaware	1	0
414.079	0.000	trigger_11	11	414079	Trigger-In:11	105	fixation_point_on	staircase	7	red	right	unaware	1	0
414.679	0.000	trigger_21	21	414679	Trigger-In:21	105	grating_on	staircase	7	red	right	unaware	1	0
414.729	0.000	trigger_20	20	414729	Trigger-In:20	105	grating_off	staircase	7	red	right	unaware	1	0
415.329	0.000	trigger_31	31	415329	Trigger-In:31	105	targets_on_fp_color_change	staircase	7	red	right	unaware	1	0
416.374	0.000	trigger_201	201	416374	Trigger-In:201	105	trial_end_completed	staircase	7	red	right	unaware	1	0
417.449	0.000	trigger_101	101	417449	Trigger-In:101	106	trial_start	staircase	8	red	right	unaware	1	0
417.554	0.000	trigger_11	11	417554	Trigger-In:11	106	fixation_point_on	staircase	8	red	right	unaware	1	0
418.154	0.000	trigger_21	21	418154	Trigger-In:21	106	grating_on	staircase	8	red	right	unaware	1	0
418.204	0.000	trigger_20	20	418204	Trigger-In:20	106	grating_off	staircase	8	red	right	unaware	1	0
418.809	0.000	trigger_31	31	418809	Trigger-In:31	106	targets_on_fp_color_change	staircase	8	red	right	unaware	1	0
419.959	0.000	trigger_201	201	419959	Trigger-In:201	106	trial_end_completed	staircase	8	red	right	unaware	1	0
421.034	0.000	trigger_101	101	421034	Trigger-In:101	107	trial_start	salient	0	red	right	unaware	1	0
421.139	0.000	trigger_11	11	421139	Trigger-In:11	107	fixation_point_on	salient	0	red	right	unaware	1	0
421.744	0.000	trigger_21	21	421744	Trigger-In:21	107	grating_on	salient	0	red	right	unaware	1	0
421.794	0.000	trigger_20	20	421794	Trigger-In:20	107	grating_off	salient	0	red	right	unaware	1	0
422.394	0.000	trigger_31	31	422394	Trigger-In:31	107	targets_on_fp_color_change	salient	0	red	right	unaware	1	0
423.214	0.000	trigger_201	201	423214	Trigger-In:201	107	trial_end_completed	salient	0	red	right	unaware	1	0
424.294	0.000	trigger_101	101	424294	Trigger-In:101	108	trial_start	staircase	9	red	right	unaware	1	0
424.394	0.000	trigger_11	11	424394	Trigger-In:11	108	fixation_point_on	staircase	9	red	right	unaware	1	0
424.994	0.000	trigger_21	21	424994	Trigger-In:21	108	grating_on	staircase	9	red	right	unaware	1	0
425.049	0.000	trigger_20	20	425049	Trigger-In:20	108	grating_off	staircase	9	red	right	unaware	1	0
425.649	0.000	trigger_31	31	425649	Trigger-In:31	108	targets_on_fp_color_change	staircase	9	red	right	unaware	1	0
426.574	0.000	trigger_201	201	426574	Trigger-In:201	108	trial_end_completed	staircase	9	red	right	unaware	1	0
427.649	0.000	trigger_101	101	427649	Trigger-In:101	109	trial_start	staircase	10	green	right	aware	1	0
427.754	0.000	trigger_11	11	427754	Trigger-In:11	109	fixation_point_on	staircase	10	green	right	aware	1	0
428.354	0.000	trigger_21	21	428354	Trigger-In:21	109	grating_on	staircase	10	green	right	aware	1	0
428.404	0.000	trigger_20	20	428404	Trigger-In:20	109	grating_off	staircase	10	green	right	aware	1	0
429.004	0.000	trigger_31	31	429004	Trigger-In:31	109	targets_on_fp_color_change	staircase	10	green	right	aware	1	0
429.664	0.000	trigger_201	201	429664	Trigger-In:201	109	trial_end_completed	staircase	10	green	right	aware	1	0
430.739	0.000	trigger_101	101	430739	Trigger-In:101	110	trial_start	staircase	9	green	left	unaware	1	0
430.844	0.000	trigger_11	11	430844	Trigger-In:11	110	fixation_point_on	staircase	9	green	left	unaware	1	0
431.444	0.000	trigger_21	21	431444	Trigger-In:21	110	grating_on	staircase	9	green	left	unaware	1	0
431.494	0.000	trigger_20	20	431494	Trigger-In:20	110	grating_off	staircase	9	green	left	unaware	1	0
432.094	0.000	trigger_31	31	432094	Trigger-In:31	110	targets_on_fp_color_change	staircase	9	green	left	unaware	1	0
433.159	0.000	trigger_201	201	433159	Trigger-In:201	110	trial_end_completed	staircase	9	green	left	unaware	1	0
434.239	0.000	trigger_101	101	434239	Trigger-In:101	111	trial_start	staircase	10	red	right	unaware	1	0
434.344	0.000	trigger_11	11	434344	Trigger-In:11	111	fixation_point_on	staircase	10	red	right	unaware	1	0
434.944	0.000	trigger_21	21	434944	Trigger-In:21	111	grating_on	staircase	10	red	right	unaware	1	0
434.994	0.000	trigger_20	20	434994	Trigger-In:20	111	grating_off	staircase	10	red	right	unaware	1	0
435.594	0.000	trigger_31	31	435594	Trigger-In:31	111	targets_on_fp_color_change	staircase	10	red	right	unaware	1	0
436.734	0.000	trigger_201	201	436734	Trigger-In:201	111	trial_end_completed	staircase	10	red	right	unaware	1	0
437.814	0.000	trigger_101	101	437814	Trigger-In:101	112	trial_start	salient	0	red	right	unaware	1	0
437.914	0.000	trigger_11	11	437914	Trigger-In:11	112	fixation_point_on	salient	0	red	right	unaware	1	0
438.519	0.000	trigger_21	21	438519	Trigger-In:21	112	grating_on	salient	0	red	right	unaware	1	0
438.569	0.000	trigger_20	20	438569	Trigger-In:20	112	grating_off	salient	0	red	right	unaware	1	0
439.169	0.000	trigger_31	31	439169	Trigger-In:31	112	targets_on_fp_color_change	salient	0	red	right	unaware	1	0
439.939	0.000	trigger_201	201	439939	Trigger-In:201	112	trial_end_completed	salient	0	red	right	unaware	1	0
441.014	0.000	trigger_101	101	441014	Trigger-In:101	113	trial_start	staircase	11	green	right	aware	1	0
441.119	0.000	trigger_11	11	441119	Trigger-In:11	113	fixation_point_on	staircase	11	green	right	aware	1	0
441.719	0.000	trigger_21	21	441719	Trigger-In:21	113	grating_on	staircase	11	green	right	aware	1	0
441.769	0.000	trigger_20	20	441769	Trigger-In:20	113	grating_off	staircase	11	green	right	aware	1	0
442.374	0.000	trigger_31	31	442374	Trigger-In:31	113	targets_on_fp_color_change	staircase	11	green	right	aware	1	0
443.219	0.000	trigger_201	201	443219	Trigger-In:201	113	trial_end_completed	staircase	11	green	right	aware	1	0
444.299	0.000	trigger_101	101	444299	Trigger-In:101	114	trial_start	salient	0	green	left	unaware	1	0
444.404	0.000	trigger_11	11	444404	Trigger-In:11	114	fixation_point_on	salient	0	green	left	unaware	1	0
445.004	0.000	trigger_21	21	445004	Trigger-In:21	114	grating_on	salient	0	green	left	unaware	1	0
445.054	0.000	trigger_20	20	445054	Trigger-In:20	114	grating_off	salient	0	green	left	unaware	1	0
445.654	0.000	trigger_31	31	445654	Trigger-In:31	114	targets_on_fp_color_change	salient	0	green	left	unaware	1	0
446.804	0.000	trigger_201	201	446804	Trigger-In:201	114	trial_end_completed	salient	0	green	left	unaware	1	0
447.879	0.000	trigger_101	101	447879	Trigger-In:101	115	trial_start	staircase	10	red	right	unaware	1	0
447.984	0.000	trigger_11	11	447984	Trigger-In:11	115	fixation_point_on	staircase	10	red	right	unaware	1	0
448.584	0.000	trigger_21	21	448584	Trigger-In:21	115	grating_on	staircase	10	red	right	unaware	1	0
448.634	0.000	trigger_20	20	448634	Trigger-In:20	115	grating_off	staircase	10	red	right	unaware	1	0
449.234	0.000	trigger_31	31	449234	Trigger-In:31	115	targets_on_fp_color_change	staircase	10	red	right	unaware	1	0
450.269	0.000	trigger_201	201	450269	Trigger-In:201	115	trial_end_completed	staircase	10	red	right	unaware	1	0
451.349	0.000	trigger_101	101	451349	Trigger-In:101	116	trial_start	staircase	11	green	right	aware	1	0
451.454	0.000	trigger_11	11	451454	Trigger-In:11	116	fixation_point_on	staircase	11	green	right	aware	1	0
452.054	0.000	trigger_21	21	452054	Trigger-In:21	116	grating_on	staircase	11	green	right	aware	1	0
452.104	0.000	trigger_20	20	452104	Trigger-In:20	116	grating_off	staircase	11	green	right	aware	1	0
452.704	0.000	trigger_31	31	452704	Trigger-In:31	116	targets_on_fp_color_change	staircase	11	green	right	aware	1	0
453.404	0.000	trigger_201	201	453404	Trigger-In:201	116	trial_end_completed	staircase	11	green	right	aware	1	0
454.484	0.000	trigger_101	101	454484	Trigger-In:101	117	trial_start	staircase	10	green	left	unaware	1	0
454.589	0.000	trigger_11	11	454589	Trigger-In:11	117	fixation_point_on	staircase	10	green	left	unaware	1	0
455.189	0.000	trigger_21	21	455189	Trigger-In:21	117	grating_on	staircase	10	green	left	unaware	1	0
455.239	0.000	trigger_20	20	455239	Trigger-In:20	117	grating_off	staircase	10	green	left	unaware	1	0
455.839	0.000	trigger_31	31	455839	Trigger-In:31	117	targets_on_fp_color_change	staircase	10	green	left	unaware	1	0
456.999	0.000	trigger_201	201	456999	Trigger-In:201	117	trial_end_completed	staircase	10	green	left	unaware	1	0
458.079	0.000	trigger_101	101	458079	Trigger-In:101	118	trial_start	staircase	11	red	left	aware	1	0
458.184	0.000	trigger_11	11	458184	Trigger-In:11	118	fixation_point_on	staircase	11	red	left	aware	1	0
458.784	0.000	trigger_21	21	458784	Trigger-In:21	118	grating_on	staircase	11	red	left	aware	1	0
458.834	0.000	trigger_20	20	458834	Trigger-In:20	118	grating_off	staircase	11	red	left	aware	1	0
459.434	0.000	trigger_31	31	459434	Trigger-In:31	118	targets_on_fp_color_change	staircase	11	red	left	aware	1	0
460.884	0.000	trigger_201	201	460884	Trigger-In:201	118	trial_end_completed	staircase	11	red	left	aware	1	0
461.964	0.000	trigger_101	101	461964	Trigger-In:101	119	trial_start	absent	70	red	n/a	n/a	0	1
462.069	0.000	trigger_11	11	462069	Trigger-In:11	119	fixation_point_on	absent	70	red	n/a	n/a	0	1
462.669	0.000	trigger_21	21	462669	Trigger-In:21	119	grating_on	absent	70	red	n/a	n/a	0	1
462.719	0.000	trigger_20	20	462719	Trigger-In:20	119	grating_off	absent	70	red	n/a	n/a	0	1
462.994	0.000	trigger_204	204	462994	Trigger-In:204	119	trial_end_fixation_break	absent	70	red	n/a	n/a	0	1
464.739	0.000	trigger_101	101	464739	Trigger-In:101	120	trial_start	staircase	10	red	left	aware	1	0
464.844	0.000	trigger_11	11	464844	Trigger-In:11	120	fixation_point_on	staircase	10	red	left	aware	1	0
465.449	0.000	trigger_21	21	465449	Trigger-In:21	120	grating_on	staircase	10	red	left	aware	1	0
465.499	0.000	trigger_20	20	465499	Trigger-In:20	120	grating_off	staircase	10	red	left	aware	1	0
466.099	0.000	trigger_31	31	466099	Trigger-In:31	120	targets_on_fp_color_change	staircase	10	red	left	aware	1	0
467.394	0.000	trigger_201	201	467394	Trigger-In:201	120	trial_end_completed	staircase	10	red	left	aware	1	0
468.469	0.000	trigger_101	101	468469	Trigger-In:101	121	trial_start	staircase	9	green	left	unaware	1	0
468.574	0.000	trigger_11	11	468574	Trigger-In:11	121	fixation_point_on	staircase	9	green	left	unaware	1	0
469.174	0.000	trigger_21	21	469174	Trigger-In:21	121	grating_on	staircase	9	green	left	unaware	1	0
469.229	0.000	trigger_20	20	469229	Trigger-In:20	121	grating_off	staircase	9	green	left	unaware	1	0
469.829	0.000	trigger_31	31	469829	Trigger-In:31	121	targets_on_fp_color_change	staircase	9	green	left	unaware	1	0
471.644	0.000	trigger_201	201	471644	Trigger-In:201	121	trial_end_completed	staircase	9	green	left	unaware	1	0
472.719	0.000	trigger_101	101	472719	Trigger-In:101	122	trial_start	staircase	10	green	right	aware	1	0
472.944	0.000	trigger_11	11	472944	Trigger-In:11	122	fixation_point_on	staircase	10	green	right	aware	1	0
473.544	0.000	trigger_21	21	473544	Trigger-In:21	122	grating_on	staircase	10	green	right	aware	1	0
473.594	0.000	trigger_20	20	473594	Trigger-In:20	122	grating_off	staircase	10	green	right	aware	1	0
474.194	0.000	trigger_31	31	474194	Trigger-In:31	122	targets_on_fp_color_change	staircase	10	green	right	aware	1	0
474.909	0.000	trigger_201	201	474909	Trigger-In:201	122	trial_end_completed	staircase	10	green	right	aware	1	0
475.984	0.000	trigger_101	101	475984	Trigger-In:101	123	trial_start	staircase	9	red	left	aware	1	0
476.089	0.000	trigger_11	11	476089	Trigger-In:11	123	fixation_point_on	staircase	9	red	left	aware	1	0
476.689	0.000	trigger_21	21	476689	Trigger-In:21	123	grating_on	staircase	9	red	left	aware	1	0
476.739	0.000	trigger_20	20	476739	Trigger-In:20	123	grating_off	staircase	9	red	left	aware	1	0
477.339	0.000	trigger_31	31	477339	Trigger-In:31	123	targets_on_fp_color_change	staircase	9	red	left	aware	1	0
479.894	0.000	trigger_201	201	479894	Trigger-In:201	123	trial_end_completed	staircase	9	red	left	aware	1	0
480.969	0.000	trigger_101	101	480969	Trigger-In:101	124	trial_start	staircase	8	green	left	unaware	1	0
481.074	0.000	trigger_11	11	481074	Trigger-In:11	124	fixation_point_on	staircase	8	green	left	unaware	1	0
481.679	0.000	trigger_21	21	481679	Trigger-In:21	124	grating_on	staircase	8	green	left	unaware	1	0
481.729	0.000	trigger_20	20	481729	Trigger-In:20	124	grating_off	staircase	8	green	left	unaware	1	0
482.329	0.000	trigger_31	31	482329	Trigger-In:31	124	targets_on_fp_color_change	staircase	8	green	left	unaware	1	0
483.704	0.000	trigger_201	201	483704	Trigger-In:201	124	trial_end_completed	staircase	8	green	left	unaware	1	0
484.779	0.000	trigger_101	101	484779	Trigger-In:101	125	trial_start	staircase	9	red	n/a	n/a	0	1
484.884	0.000	trigger_11	11	484884	Trigger-In:11	125	fixation_point_on	staircase	9	red	n/a	n/a	0	1
485.484	0.000	trigger_21	21	485484	Trigger-In:21	125	grating_on	staircase	9	red	n/a	n/a	0	1
485.539	0.000	trigger_20	20	485539	Trigger-In:20	125	grating_off	staircase	9	red	n/a	n/a	0	1
485.594	0.000	trigger_204	204	485594	Trigger-In:204	125	trial_end_fixation_break	staircase	9	red	n/a	n/a	0	1
487.344	0.000	trigger_101	101	487344	Trigger-In:101	126	trial_start	staircase	9	red	left	aware	1	0
487.444	0.000	trigger_11	11	487444	Trigger-In:11	126	fixation_point_on	staircase	9	red	left	aware	1	0
488.049	0.000	trigger_21	21	488049	Trigger-In:21	126	grating_on	staircase	9	red	left	aware	1	0
488.099	0.000	trigger_20	20	488099	Trigger-In:20	126	grating_off	staircase	9	red	left	aware	1	0
488.699	0.000	trigger_31	31	488699	Trigger-In:31	126	targets_on_fp_color_change	staircase	9	red	left	aware	1	0
489.834	0.000	trigger_201	201	489834	Trigger-In:201	126	trial_end_completed	staircase	9	red	left	aware	1	0
490.914	0.000	trigger_101	101	490914	Trigger-In:101	127	trial_start	salient	0	red	right	unaware	1	0
491.019	0.000	trigger_11	11	491019	Trigger-In:11	127	fixation_point_on	salient	0	red	right	unaware	1	0
491.619	0.000	trigger_21	21	491619	Trigger-In:21	127	grating_on	salient	0	red	right	unaware	1	0
491.669	0.000	trigger_20	20	491669	Trigger-In:20	127	grating_off	salient	0	red	right	unaware	1	0
492.269	0.000	trigger_31	31	492269	Trigger-In:31	127	targets_on_fp_color_change	salient	0	red	right	unaware	1	0
495.149	0.000	trigger_201	201	495149	Trigger-In:201	127	trial_end_completed	salient	0	red	right	unaware	1	0
496.234	0.000	trigger_101	101	496234	Trigger-In:101	128	trial_start	absent	70	green	right	aware	1	0
496.339	0.000	trigger_11	11	496339	Trigger-In:11	128	fixation_point_on	absent	70	green	right	aware	1	0
496.939	0.000	trigger_21	21	496939	Trigger-In:21	128	grating_on	absent	70	green	right	aware	1	0
496.989	0.000	trigger_20	20	496989	Trigger-In:20	128	grating_off	absent	70	green	right	aware	1	0
497.589	0.000	trigger_31	31	497589	Trigger-In:31	128	targets_on_fp_color_change	absent	70	green	right	aware	1	0
498.404	0.000	trigger_201	201	498404	Trigger-In:201	128	trial_end_completed	absent	70	green	right	aware	1	0
499.479	0.000	trigger_101	101	499479	Trigger-In:101	129	trial_start	staircase	8	green	left	unaware	1	0
499.584	0.000	trigger_11	11	499584	Trigger-In:11	129	fixation_point_on	staircase	8	green	left	unaware	1	0
500.184	0.000	trigger_21	21	500184	Trigger-In:21	129	grating_on	staircase	8	green	left	unaware	1	0
500.234	0.000	trigger_20	20	500234	Trigger-In:20	129	grating_off	staircase	8	green	left	unaware	1	0
500.834	0.000	trigger_31	31	500834	Trigger-In:31	129	targets_on_fp_color_change	staircase	8	green	left	unaware	1	0
501.874	0.000	trigger_201	201	501874	Trigger-In:201	129	trial_end_completed	staircase	8	green	left	unaware	1	0
502.949	0.000	trigger_101	101	502949	Trigger-In:101	130	trial_start	staircase	9	red	right	unaware	1	0
503.054	0.000	trigger_11	11	503054	Trigger-In:11	130	fixation_point_on	staircase	9	red	right	unaware	1	0
503.654	0.000	trigger_21	21	503654	Trigger-In:21	130	grating_on	staircase	9	red	right	unaware	1	0
503.704	0.000	trigger_20	20	503704	Trigger-In:20	130	grating_off	staircase	9	red	right	unaware	1	0
504.309	0.000	trigger_31	31	504309	Trigger-In:31	130	targets_on_fp_color_change	staircase	9	red	right	unaware	1	0
505.409	0.000	trigger_201	201	505409	Trigger-In:201	130	trial_end_completed	staircase	9	red	right	unaware	1	0
506.484	0.000	trigger_101	101	506484	Trigger-In:101	131	trial_start	absent	70	red	left	aware	1	0
506.589	0.000	trigger_11	11	506589	Trigger-In:11	131	fixation_point_on	absent	70	red	left	aware	1	0
507.194	0.000	trigger_21	21	507194	Trigger-In:21	131	grating_on	absent	70	red	left	aware	1	0
507.244	0.000	trigger_20	20	507244	Trigger-In:20	131	grating_off	absent	70	red	left	aware	1	0
507.844	0.000	trigger_31	31	507844	Trigger-In:31	131	targets_on_fp_color_change	absent	70	red	left	aware	1	0
509.619	0.000	trigger_201	201	509619	Trigger-In:201	131	trial_end_completed	absent	70	red	left	aware	1	0
510.694	0.000	trigger_101	101	510694	Trigger-In:101	132	trial_start	staircase	10	red	right	unaware	1	0
510.799	0.000	trigger_11	11	510799	Trigger-In:11	132	fixation_point_on	staircase	10	red	right	unaware	1	0
511.399	0.000	trigger_21	21	511399	Trigger-In:21	132	grating_on	staircase	10	red	right	unaware	1	0
511.449	0.000	trigger_20	20	511449	Trigger-In:20	132	grating_off	staircase	10	red	right	unaware	1	0
512.054	0.000	trigger_31	31	512054	Trigger-In:31	132	targets_on_fp_color_change	staircase	10	red	right	unaware	1	0
513.069	0.000	trigger_201	201	513069	Trigger-In:201	132	trial_end_completed	staircase	10	red	right	unaware	1	0
514.149	0.000	trigger_101	101	514149	Trigger-In:101	133	trial_start	staircase	11	green	n/a	n/a	0	1
514.254	0.000	trigger_11	11	514254	Trigger-In:11	133	fixation_point_on	staircase	11	green	n/a	n/a	0	1
514.659	0.000	trigger_204	204	514659	Trigger-In:204	133	trial_end_fixation_break	staircase	11	green	n/a	n/a	0	1
516.419	0.000	trigger_101	101	516419	Trigger-In:101	134	trial_start	absent	70	red	n/a	n/a	0	1
516.519	0.000	trigger_11	11	516519	Trigger-In:11	134	fixation_point_on	absent	70	red	n/a	n/a	0	1
517.124	0.000	trigger_21	21	517124	Trigger-In:21	134	grating_on	absent	70	red	n/a	n/a	0	1
517.174	0.000	trigger_20	20	517174	Trigger-In:20	134	grating_off	absent	70	red	n/a	n/a	0	1
517.434	0.000	trigger_204	204	517434	Trigger-In:204	134	trial_end_fixation_break	absent	70	red	n/a	n/a	0	1
519.189	0.000	trigger_101	101	519189	Trigger-In:101	135	trial_start	absent	70	green	right	aware	1	0
519.294	0.000	trigger_11	11	519294	Trigger-In:11	135	fixation_point_on	absent	70	green	right	aware	1	0
519.894	0.000	trigger_21	21	519894	Trigger-In:21	135	grating_on	absent	70	green	right	aware	1	0
519.944	0.000	trigger_20	20	519944	Trigger-In:20	135	grating_off	absent	70	green	right	aware	1	0
520.544	0.000	trigger_31	31	520544	Trigger-In:31	135	targets_on_fp_color_change	absent	70	green	right	aware	1	0
521.594	0.000	trigger_201	201	521594	Trigger-In:201	135	trial_end_completed	absent	70	green	right	aware	1	0
522.669	0.000	trigger_101	101	522669	Trigger-In:101	136	trial_start	staircase	11	green	right	aware	1	0
522.774	0.000	trigger_11	11	522774	Trigger-In:11	136	fixation_point_on	staircase	11	green	right	aware	1	0
523.379	0.000	trigger_21	21	523379	Trigger-In:21	136	grating_on	staircase	11	green	right	aware	1	0
523.429	0.000	trigger_20	20	523429	Trigger-In:20	136	grating_off	staircase	11	green	right	aware	1	0
524.029	0.000	trigger_31	31	524029	Trigger-In:31	136	targets_on_fp_color_change	staircase	11	green	right	aware	1	0
524.809	0.000	trigger_201	201	524809	Trigger-In:201	136	trial_end_completed	staircase	11	green	right	aware	1	0
525.884	0.000	trigger_101	101	525884	Trigger-In:101	137	trial_start	staircase	10	red	left	aware	1	0
525.989	0.000	trigger_11	11	525989	Trigger-In:11	137	fixation_point_on	staircase	10	red	left	aware	1	0
526.589	0.000	trigger_21	21	526589	Trigger-In:21	137	grating_on	staircase	10	red	left	aware	1	0
526.639	0.000	trigger_20	20	526639	Trigger-In:20	137	grating_off	staircase	10	red	left	aware	1	0
527.239	0.000	trigger_31	31	527239	Trigger-In:31	137	targets_on_fp_color_change	staircase	10	red	left	aware	1	0
528.149	0.000	trigger_201	201	528149	Trigger-In:201	137	trial_end_completed	staircase	10	red	left	aware	1	0
529.224	0.000	trigger_101	101	529224	Trigger-In:101	138	trial_start	staircase	9	red	right	unaware	1	0
529.329	0.000	trigger_11	11	529329	Trigger-In:11	138	fixation_point_on	staircase	9	red	right	unaware	1	0
529.929	0.000	trigger_21	21	529929	Trigger-In:21	138	grating_on	staircase	9	red	right	unaware	1	0
529.979	0.000	trigger_20	20	529979	Trigger-In:20	138	grating_off	staircase	9	red	right	unaware	1	0
530.584	0.000	trigger_31	31	530584	Trigger-In:31	138	targets_on_fp_color_change	staircase	9	red	right	unaware	1	0
531.779	0.000	trigger_201	201	531779	Trigger-In:201	138	trial_end_completed	staircase	9	red	right	unaware	1	0
532.854	0.000	trigger_101	101	532854	Trigger-In:101	139	trial_start	staircase	10	red	left	aware	1	0
532.959	0.000	trigger_11	11	532959	Trigger-In:11	139	fixation_point_on	staircase	10	red	left	aware	1	0
533.559	0.000	trigger_21	21	533559	Trigger-In:21	139	grating_on	staircase	10	red	left	aware	1	0
533.609	0.000	trigger_20	20	533609	Trigger-In:20	139	grating_off	staircase	10	red	left	aware	1	0
534.209	0.000	trigger_31	31	534209	Trigger-In:31	139	targets_on_fp_color_change	staircase	10	red	left	aware	1	0
535.279	0.000	trigger_201	201	535279	Trigger-In:201	139	trial_end_completed	staircase	10	red	left	aware	1	0
536.359	0.000	trigger_101	101	536359	Trigger-In:101	140	trial_start	staircase	9	green	right	aware	1	0
536.464	0.000	trigger_11	11	536464	Trigger-In:11	140	fixation_point_on	staircase	9	green	right	aware	1	0
537.064	0.000	trigger_21	21	537064	Trigger-In:21	140	grating_on	staircase	9	green	right	aware	1	0
537.114	0.000	trigger_20	20	537114	Trigger-In:20	140	grating_off	staircase	9	green	right	aware	1	0
537.714	0.000	trigger_31	31	537714	Trigger-In:31	140	targets_on_fp_color_change	staircase	9	green	right	aware	1	0
538.504	0.000	trigger_201	201	538504	Trigger-In:201	140	trial_end_completed	staircase	9	green	right	aware	1	0
539.579	0.000	trigger_101	101	539579	Trigger-In:101	141	trial_start	staircase	8	green	right	aware	1	0
539.689	0.000	trigger_11	11	539689	Trigger-In:11	141	fixation_point_on	staircase	8	green	right	aware	1	0
540.289	0.000	trigger_21	21	540289	Trigger-In:21	141	grating_on	staircase	8	green	right	aware	1	0
540.339	0.000	trigger_20	20	540339	Trigger-In:20	141	grating_off	staircase	8	green	right	aware	1	0
540.939	0.000	trigger_31	31	540939	Trigger-In:31	141	targets_on_fp_color_change	staircase	8	green	right	aware	1	0
541.684	0.000	trigger_201	201	541684	Trigger-In:201	141	trial_end_completed	staircase	8	green	right	aware	1	0
542.764	0.000	trigger_101	101	542764	Trigger-In:101	142	trial_start	staircase	7	red	right	unaware	1	0
542.869	0.000	trigger_11	11	542869	Trigger-In:11	142	fixation_point_on	staircase	7	red	right	unaware	1	0
543.469	0.000	trigger_21	21	543469	Trigger-In:21	142	grating_on	staircase	7	red	right	unaware	1	0
543.519	0.000	trigger_20	20	543519	Trigger-In:20	142	grating_off	staircase	7	red	right	unaware	1	0
544.119	0.000	trigger_31	31	544119	Trigger-In:31	142	targets_on_fp_color_change	staircase	7	red	right	unaware	1	0
545.659	0.000	trigger_201	201	545659	Trigger-In:201	142	trial_end_completed	staircase	7	red	right	unaware	1	0
546.734	0.000	trigger_101	101	546734	Trigger-In:101	143	trial_start	staircase	8	green	left	unaware	1	0
546.839	0.000	trigger_11	11	546839	Trigger-In:11	143	fixation_point_on	staircase	8	green	left	unaware	1	0
547.439	0.000	trigger_21	21	547439	Trigger-In:21	143	grating_on	staircase	8	green	left	unaware	1	0
547.489	0.000	trigger_20	20	547489	Trigger-In:20	143	grating_off	staircase	8	green	left	unaware	1	0
548.089	0.000	trigger_31	31	548089	Trigger-In:31	143	targets_on_fp_color_change	staircase	8	green	left	unaware	1	0
549.194	0.000	trigger_201	201	549194	Trigger-In:201	143	trial_end_completed	staircase	8	green	left	unaware	1	0
550.274	0.000	trigger_101	101	550274	Trigger-In:101	144	trial_start	staircase	9	green	left	unaware	1	0
550.379	0.000	trigger_11	11	550379	Trigger-In:11	144	fixation_point_on	staircase	9	green	left	unaware	1	0
550.979	0.000	trigger_21	21	550979	Trigger-In:21	144	grating_on	staircase	9	green	left	unaware	1	0
551.029	0.000	trigger_20	20	551029	Trigger-In:20	144	grating_off	staircase	9	green	left	unaware	1	0
551.629	0.000	trigger_31	31	551629	Trigger-In:31	144	targets_on_fp_color_change	staircase	9	green	left	unaware	1	0
552.484	0.000	trigger_201	201	552484	Trigger-In:201	144	trial_end_completed	staircase	9	green	left	unaware	1	0
553.559	0.000	trigger_101	101	553559	Trigger-In:101	145	trial_start	staircase	10	red	n/a	n/a	0	1
553.664	0.000	trigger_11	11	553664	Trigger-In:11	145	fixation_point_on	staircase	10	red	n/a	n/a	0	1
554.269	0.000	trigger_21	21	554269	Trigger-In:21	145	grating_on	staircase	10	red	n/a	n/a	0	1
554.319	0.000	trigger_20	20	554319	Trigger-In:20	145	grating_off	staircase	10	red	n/a	n/a	0	1
554.334	0.000	trigger_204	204	554334	Trigger-In:204	145	trial_end_fixation_break	staircase	10	red	n/a	n/a	0	1
556.089	0.000	trigger_101	101	556089	Trigger-In:101	146	trial_start	staircase	10	red	left	aware	1	0
556.194	0.000	trigger_11	11	556194	Trigger-In:11	146	fixation_point_on	staircase	10	red	left	aware	1	0
556.794	0.000	trigger_21	21	556794	Trigger-In:21	146	grating_on	staircase	10	red	left	aware	1	0
556.849	0.000	trigger_20	20	556849	Trigger-In:20	146	grating_off	staircase	10	red	left	aware	1	0
557.449	0.000	trigger_31	31	557449	Trigger-In:31	146	targets_on_fp_color_change	staircase	10	red	left	aware	1	0
558.779	0.000	trigger_201	201	558779	Trigger-In:201	146	trial_end_completed	staircase	10	red	left	aware	1	0
559.859	0.000	trigger_101	101	559859	Trigger-In:101	147	trial_start	staircase	9	green	left	unaware	1	0
559.964	0.000	trigger_11	11	559964	Trigger-In:11	147	fixation_point_on	staircase	9	green	left	unaware	1	0
560.564	0.000	trigger_21	21	560564	Trigger-In:21	147	grating_on	staircase	9	green	left	unaware	1	0
560.614	0.000	trigger_20	20	560614	Trigger-In:20	147	grating_off	staircase	9	green	left	unaware	1	0
561.214	0.000	trigger_31	31	561214	Trigger-In:31	147	targets_on_fp_color_change	staircase	9	green	left	unaware	1	0
562.439	0.000	trigger_201	201	562439	Trigger-In:201	147	trial_end_completed	staircase	9	green	left	unaware	1	0
563.519	0.000	trigger_101	101	563519	Trigger-In:101	148	trial_start	staircase	10	green	left	unaware	1	0
563.624	0.000	trigger_11	11	563624	Trigger-In:11	148	fixation_point_on	staircase	10	green	left	unaware	1	0
564.224	0.000	trigger_21	21	564224	Trigger-In:21	148	grating_on	staircase	10	green	left	unaware	1	0
564.274	0.000	trigger_20	20	564274	Trigger-In:20	148	grating_off	staircase	10	green	left	unaware	1	0
564.874	0.000	trigger_31	31	564874	Trigger-In:31	148	targets_on_fp_color_change	staircase	10	green	left	unaware	1	0
566.204	0.000	trigger_201	201	566204	Trigger-In:201	148	trial_end_completed	staircase	10	green	left	unaware	1	0
567.284	0.000	trigger_101	101	567284	Trigger-In:101	149	trial_start	staircase	11	green	right	aware	1	0
567.389	0.000	trigger_11	11	567389	Trigger-In:11	149	fixation_point_on	staircase	11	green	right	aware	1	0
567.989	0.000	trigger_21	21	567989	Trigger-In:21	149	grating_on	staircase	11	green	right	aware	1	0
568.039	0.000	trigger_20	20	568039	Trigger-In:20	149	grating_off	staircase	11	green	right	aware	1	0
568.639	0.000	trigger_31	31	568639	Trigger-In:31	149	targets_on_fp_color_change	staircase	11	green	right	aware	1	0
569.369	0.000	trigger_201	201	569369	Trigger-In:201	149	trial_end_completed	staircase	11	green	right	aware	1	0
570.449	0.000	trigger_101	101	570449	Trigger-In:101	150	trial_start	staircase	10	red	left	aware	1	0
570.554	0.000	trigger_11	11	570554	Trigger-In:11	150	fixation_point_on	staircase	10	red	left	aware	1	0
571.154	0.000	trigger_21	21	571154	Trigger-In:21	150	grating_on	staircase	10	red	left	aware	1	0
571.204	0.000	trigger_20	20	571204	Trigger-In:20	150	grating_off	staircase	10	red	left	aware	1	0
571.804	0.000	trigger_31	31	571804	Trigger-In:31	150	targets_on_fp_color_change	staircase	10	red	left	aware	1	0
572.664	0.000	trigger_201	201	572664	Trigger-In:201	150	trial_end_completed	staircase	10	red	left	aware	1	0
573.744	0.000	trigger_101	101	573744	Trigger-In:101	151	trial_start	salient	0	green	left	unaware	1	0
573.849	0.000	trigger_11	11	573849	Trigger-In:11	151	fixation_point_on	salient	0	green	left	unaware	1	0
574.449	0.000	trigger_21	21	574449	Trigger-In:21	151	grating_on	salient	0	green	left	unaware	1	0
574.499	0.000	trigger_20	20	574499	Trigger-In:20	151	grating_off	salient	0	green	left	unaware	1	0
575.099	0.000	trigger_31	31	575099	Trigger-In:31	151	targets_on_fp_color_change	salient	0	green	left	unaware	1	0
576.284	0.000	trigger_201	201	576284	Trigger-In:201	151	trial_end_completed	salient	0	green	left	unaware	1	0
577.364	0.000	trigger_101	101	577364	Trigger-In:101	152	trial_start	staircase	9	red	left	aware	1	0
577.469	0.000	trigger_11	11	577469	Trigger-In:11	152	fixation_point_on	staircase	9	red	left	aware	1	0
578.069	0.000	trigger_21	21	578069	Trigger-In:21	152	grating_on	staircase	9	red	left	aware	1	0
578.119	0.000	trigger_20	20	578119	Trigger-In:20	152	grating_off	staircase	9	red	left	aware	1	0
578.719	0.000	trigger_31	31	578719	Trigger-In:31	152	targets_on_fp_color_change	staircase	9	red	left	aware	1	0
579.804	0.000	trigger_201	201	579804	Trigger-In:201	152	trial_end_completed	staircase	9	red	left	aware	1	0
580.884	0.000	trigger_101	101	580884	Trigger-In:101	153	trial_start	salient	0	green	left	unaware	1	0
580.989	0.000	trigger_11	11	580989	Trigger-In:11	153	fixation_point_on	salient	0	green	left	unaware	1	0
581.589	0.000	trigger_21	21	581589	Trigger-In:21	153	grating_on	salient	0	green	left	unaware	1	0
581.639	0.000	trigger_20	20	581639	Trigger-In:20	153	grating_off	salient	0	green	left	unaware	1	0
582.239	0.000	trigger_31	31	582239	Trigger-In:31	153	targets_on_fp_color_change	salient	0	green	left	unaware	1	0
583.539	0.000	trigger_201	201	583539	Trigger-In:201	153	trial_end_completed	salient	0	green	left	unaware	1	0
584.619	0.000	trigger_101	101	584619	Trigger-In:101	154	trial_start	staircase	8	green	left	unaware	1	0
584.719	0.000	trigger_11	11	584719	Trigger-In:11	154	fixation_point_on	staircase	8	green	left	unaware	1	0
585.319	0.000	trigger_21	21	585319	Trigger-In:21	154	grating_on	staircase	8	green	left	unaware	1	0
585.374	0.000	trigger_20	20	585374	Trigger-In:20	154	grating_off	staircase	8	green	left	unaware	1	0
585.974	0.000	trigger_31	31	585974	Trigger-In:31	154	targets_on_fp_color_change	staircase	8	green	left	unaware	1	0
587.609	0.000	trigger_201	201	587609	Trigger-In:201	154	trial_end_completed	staircase	8	green	left	unaware	1	0
588.689	0.000	trigger_101	101	588689	Trigger-In:101	155	trial_start	staircase	9	green	right	aware	1	0
588.794	0.000	trigger_11	11	588794	Trigger-In:11	155	fixation_point_on	staircase	9	green	right	aware	1	0
589.394	0.000	trigger_21	21	589394	Trigger-In:21	155	grating_on	staircase	9	green	right	aware	1	0
589.444	0.000	trigger_20	20	589444	Trigger-In:20	155	grating_off	staircase	9	green	right	aware	1	0
590.044	0.000	trigger_31	31	590044	Trigger-In:31	155	targets_on_fp_color_change	staircase	9	green	right	aware	1	0
590.699	0.000	trigger_201	201	590699	Trigger-In:201	155	trial_end_completed	staircase	9	green	right	aware	1	0
591.779	0.000	trigger_101	101	591779	Trigger-In:101	156	trial_start	staircase	8	red	left	aware	1	0
591.884	0.000	trigger_11	11	591884	Trigger-In:11	156	fixation_point_on	staircase	8	red	left	aware	1	0
592.484	0.000	trigger_21	21	592484	Trigger-In:21	156	grating_on	staircase	8	red	left	aware	1	0
592.534	0.000	trigger_20	20	592534	Trigger-In:20	156	grating_off	staircase	8	red	left	aware	1	0
593.134	0.000	trigger_31	31	593134	Trigger-In:31	156	targets_on_fp_color_change	staircase	8	red	left	aware	1	0
594.384	0.000	trigger_201	201	594384	Trigger-In:201	156	trial_end_completed	staircase	8	red	left	aware	1	0
595.459	0.000	trigger_101	101	595459	Trigger-In:101	157	trial_start	salient	0	green	left	unaware	1	0
595.564	0.000	trigger_11	11	595564	Trigger-In:11	157	fixation_point_on	salient	0	green	left	unaware	1	0
596.164	0.000	trigger_21	21	596164	Trigger-In:21	157	grating_on	salient	0	green	left	unaware	1	0
596.214	0.000	trigger_20	20	596214	Trigger-In:20	157	grating_off	salient	0	green	left	unaware	1	0
596.819	0.000	trigger_31	31	596819	Trigger-In:31	157	targets_on_fp_color_change	salient	0	green	left	unaware	1	0
597.964	0.000	trigger_201	201	597964	Trigger-In:201	157	trial_end_completed	salient	0	green	left	unaware	1	0
599.044	0.000	trigger_101	101	599044	Trigger-In:101	158	trial_start	salient	0	green	left	unaware	1	0
599.149	0.000	trigger_11	11	599149	Trigger-In:11	158	fixation_point_on	salient	0	green	left	unaware	1	0
599.749	0.000	trigger_21	21	599749	Trigger-In:21	158	grating_on	salient	0	green	left	unaware	1	0
599.799	0.000	trigger_20	20	599799	Trigger-In:20	158	grating_off	salient	0	green	left	unaware	1	0
600.399	0.000	trigger_31	31	600399	Trigger-In:31	158	targets_on_fp_color_change	salient	0	green	left	unaware	1	0
601.499	0.000	trigger_201	201	601499	Trigger-In:201	158	trial_end_completed	salient	0	green	left	unaware	1	0
602.579	0.000	trigger_101	101	602579	Trigger-In:101	159	trial_start	staircase	7	green	left	unaware	1	0
602.684	0.000	trigger_11	11	602684	Trigger-In:11	159	fixation_point_on	staircase	7	green	left	unaware	1	0
603.284	0.000	trigger_21	21	603284	Trigger-In:21	159	grating_on	staircase	7	green	left	unaware	1	0
603.339	0.000	trigger_20	20	603339	Trigger-In:20	159	grating_off	staircase	7	green	left	unaware	1	0
603.939	0.000	trigger_31	31	603939	Trigger-In:31	159	targets_on_fp_color_change	staircase	7	green	left	unaware	1	0
604.999	0.000	trigger_201	201	604999	Trigger-In:201	159	trial_end_completed	staircase	7	green	left	unaware	1	0
606.079	0.000	trigger_101	101	606079	Trigger-In:101	160	trial_start	staircase	8	red	right	unaware	1	0
606.184	0.000	trigger_11	11	606184	Trigger-In:11	160	fixation_point_on	staircase	8	red	right	unaware	1	0
606.784	0.000	trigger_21	21	606784	Trigger-In:21	160	grating_on	staircase	8	red	right	unaware	1	0
606.834	0.000	trigger_20	20	606834	Trigger-In:20	160	grating_off	staircase	8	red	right	unaware	1	0
607.434	0.000	trigger_31	31	607434	Trigger-In:31	160	targets_on_fp_color_change	staircase	8	red	right	unaware	1	0
608.619	0.000	trigger_201	201	608619	Trigger-In:201	160	trial_end_completed	staircase	8	red	right	unaware	1	0
609.699	0.000	trigger_101	101	609699	Trigger-In:101	161	trial_start	staircase	9	green	left	unaware	1	0
609.804	0.000	trigger_11	11	609804	Trigger-In:11	161	fixation_point_on	staircase	9	green	left	unaware	1	0
610.404	0.000	trigger_21	21	610404	Trigger-In:21	161	grating_on	staircase	9	green	left	unaware	1	0
610.454	0.000	trigger_20	20	610454	Trigger-In:20	161	grating_off	staircase	9	green	left	unaware	1	0
611.054	0.000	trigger_31	31	611054	Trigger-In:31	161	targets_on_fp_color_change	staircase	9	green	left	unaware	1	0
612.169	0.000	trigger_201	201	612169	Trigger-In:201	161	trial_end_completed	staircase	9	green	left	unaware	1	0
613.249	0.000	trigger_101	101	613249	Trigger-In:101	162	trial_start	staircase	10	green	left	unaware	1	0
613.354	0.000	trigger_11	11	613354	Trigger-In:11	162	fixation_point_on	staircase	10	green	left	unaware	1	0
613.954	0.000	trigger_21	21	613954	Trigger-In:21	162	grating_on	staircase	10	green	left	unaware	1	0
614.004	0.000	trigger_20	20	614004	Trigger-In:20	162	grating_off	staircase	10	green	left	unaware	1	0
614.604	0.000	trigger_31	31	614604	Trigger-In:31	162	targets_on_fp_color_change	staircase	10	green	left	unaware	1	0
615.499	0.000	trigger_201	201	615499	Trigger-In:201	162	trial_end_completed	staircase	10	green	left	unaware	1	0
616.579	0.000	trigger_101	101	616579	Trigger-In:101	163	trial_start	staircase	11	green	right	aware	1	0
616.684	0.000	trigger_11	11	616684	Trigger-In:11	163	fixation_point_on	staircase	11	green	right	aware	1	0
617.284	0.000	trigger_21	21	617284	Trigger-In:21	163	grating_on	staircase	11	green	right	aware	1	0
617.339	0.000	trigger_20	20	617339	Trigger-In:20	163	grating_off	staircase	11	green	right	aware	1	0
617.939	0.000	trigger_31	31	617939	Trigger-In:31	163	targets_on_fp_color_change	staircase	11	green	right	aware	1	0
618.634	0.000	trigger_201	201	618634	Trigger-In:201	163	trial_end_completed	staircase	11	green	right	aware	1	0
619.714	0.000	trigger_101	101	619714	Trigger-In:101	164	trial_start	staircase	10	green	right	aware	1	0
619.819	0.000	trigger_11	11	619819	Trigger-In:11	164	fixation_point_on	staircase	10	green	right	aware	1	0
620.419	0.000	trigger_21	21	620419	Trigger-In:21	164	grating_on	staircase	10	green	right	aware	1	0
620.469	0.000	trigger_20	20	620469	Trigger-In:20	164	grating_off	staircase	10	green	right	aware	1	0
621.069	0.000	trigger_31	31	621069	Trigger-In:31	164	targets_on_fp_color_change	staircase	10	green	right	aware	1	0
621.909	0.000	trigger_201	201	621909	Trigger-In:201	164	trial_end_completed	staircase	10	green	right	aware	1	0
622.989	0.000	trigger_101	101	622989	Trigger-In:101	165	trial_start	staircase	9	green	left	unaware	1	0
623.094	0.000	trigger_11	11	623094	Trigger-In:11	165	fixation_point_on	staircase	9	green	left	unaware	1	0
623.694	0.000	trigger_21	21	623694	Trigger-In:21	165	grating_on	staircase	9	green	left	unaware	1	0
623.744	0.000	trigger_20	20	623744	Trigger-In:20	165	grating_off	staircase	9	green	left	unaware	1	0
624.344	0.000	trigger_31	31	624344	Trigger-In:31	165	targets_on_fp_color_change	staircase	9	green	left	unaware	1	0
625.284	0.000	trigger_201	201	625284	Trigger-In:201	165	trial_end_completed	staircase	9	green	left	unaware	1	0
626.364	0.000	trigger_101	101	626364	Trigger-In:101	166	trial_start	staircase	10	green	right	aware	1	0
626.469	0.000	trigger_11	11	626469	Trigger-In:11	166	fixation_point_on	staircase	10	green	right	aware	1	0
627.069	0.000	trigger_21	21	627069	Trigger-In:21	166	grating_on	staircase	10	green	right	aware	1	0
627.119	0.000	trigger_20	20	627119	Trigger-In:20	166	grating_off	staircase	10	green	right	aware	1	0
627.719	0.000	trigger_31	31	627719	Trigger-In:31	166	targets_on_fp_color_change	staircase	10	green	right	aware	1	0
628.399	0.000	trigger_201	201	628399	Trigger-In:201	166	trial_end_completed	staircase	10	green	right	aware	1	0
629.479	0.000	trigger_101	101	629479	Trigger-In:101	167	trial_start	absent	70	green	right	aware	1	0
629.584	0.000	trigger_11	11	629584	Trigger-In:11	167	fixation_point_on	absent	70	green	right	aware	1	0
630.184	0.000	trigger_21	21	630184	Trigger-In:21	167	grating_on	absent	70	green	right	aware	1	0
630.234	0.000	trigger_20	20	630234	Trigger-In:20	167	grating_off	absent	70	green	right	aware	1	0
630.834	0.000	trigger_31	31	630834	Trigger-In:31	167	targets_on_fp_color_change	absent	70	green	right	aware	1	0
631.599	0.000	trigger_201	201	631599	Trigger-In:201	167	trial_end_completed	absent	70	green	right	aware	1	0
632.679	0.000	trigger_101	101	632679	Trigger-In:101	168	trial_start	salient	0	red	left	aware	1	0
632.784	0.000	trigger_11	11	632784	Trigger-In:11	168	fixation_point_on	salient	0	red	left	aware	1	0
633.384	0.000	trigger_21	21	633384	Trigger-In:21	168	grating_on	salient	0	red	left	aware	1	0
633.434	0.000	trigger_20	20	633434	Trigger-In:20	168	grating_off	salient	0	red	left	aware	1	0
634.034	0.000	trigger_31	31	634034	Trigger-In:31	168	targets_on_fp_color_change	salient	0	red	left	aware	1	0
635.474	0.000	trigger_201	201	635474	Trigger-In:201	168	trial_end_completed	salient	0	red	left	aware	1	0
636.814	0.000	trigger_101	101	636814	Trigger-In:101	169	trial_start	staircase	9	red	right	unaware	1	0
636.919	0.000	trigger_11	11	636919	Trigger-In:11	169	fixation_point_on	staircase	9	red	right	unaware	1	0
637.519	0.000	trigger_21	21	637519	Trigger-In:21	169	grating_on	staircase	9	red	right	unaware	1	0
637.569	0.000	trigger_20	20	637569	Trigger-In:20	169	grating_off	staircase	9	red	right	unaware	1	0
638.169	0.000	trigger_31	31	638169	Trigger-In:31	169	targets_on_fp_color_change	staircase	9	red	right	unaware	1	0
639.864	0.000	trigger_201	201	639864	Trigger-In:201	169	trial_end_completed	staircase	9	red	right	unaware	1	0
640.939	0.000	trigger_101	101	640939	Trigger-In:101	170	trial_start	staircase	10	red	left	aware	1	0
641.044	0.000	trigger_11	11	641044	Trigger-In:11	170	fixation_point_on	staircase	10	red	left	aware	1	0
641.644	0.000	trigger_21	21	641644	Trigger-In:21	170	grating_on	staircase	10	red	left	aware	1	0
641.694	0.000	trigger_20	20	641694	Trigger-In:20	170	grating_off	staircase	10	red	left	aware	1	0
642.294	0.000	trigger_31	31	642294	Trigger-In:31	170	targets_on_fp_color_change	staircase	10	red	left	aware	1	0
643.329	0.000	trigger_201	201	643329	Trigger-In:201	170	trial_end_completed	staircase	10	red	left	aware	1	0
644.409	0.000	trigger_101	101	644409	Trigger-In:101	171	trial_start	absent	70	green	right	aware	1	0
644.514	0.000	trigger_11	11	644514	Trigger-In:11	171	fixation_point_on	absent	70	green	right	aware	1	0
645.114	0.000	trigger_21	21	645114	Trigger-In:21	171	grating_on	absent	70	green	right	aware	1	0
645.164	0.000	trigger_20	20	645164	Trigger-In:20	171	grating_off	absent	70	green	right	aware	1	0
645.764	0.000	trigger_31	31	645764	Trigger-In:31	171	targets_on_fp_color_change	absent	70	green	right	aware	1	0
646.469	0.000	trigger_201	201	646469	Trigger-In:201	171	trial_end_completed	absent	70	green	right	aware	1	0
647.549	0.000	trigger_101	101	647549	Trigger-In:101	172	trial_start	staircase	9	red	right	unaware	1	0
647.654	0.000	trigger_11	11	647654	Trigger-In:11	172	fixation_point_on	staircase	9	red	right	unaware	1	0
648.254	0.000	trigger_21	21	648254	Trigger-In:21	172	grating_on	staircase	9	red	right	unaware	1	0
648.304	0.000	trigger_20	20	648304	Trigger-In:20	172	grating_off	staircase	9	red	right	unaware	1	0
648.904	0.000	trigger_31	31	648904	Trigger-In:31	172	targets_on_fp_color_change	staircase	9	red	right	unaware	1	0
651.094	0.000	trigger_201	201	651094	Trigger-In:201	172	trial_end_completed	staircase	9	red	right	unaware	1	0
652.174	0.000	trigger_101	101	652174	Trigger-In:101	173	trial_start	staircase	10	red	right	unaware	1	0
652.279	0.000	trigger_11	11	652279	Trigger-In:11	173	fixation_point_on	staircase	10	red	right	unaware	1	0
652.879	0.000	trigger_21	21	652879	Trigger-In:21	173	grating_on	staircase	10	red	right	unaware	1	0
652.929	0.000	trigger_20	20	652929	Trigger-In:20	173	grating_off	staircase	10	red	right	unaware	1	0
653.529	0.000	trigger_31	31	653529	Trigger-In:31	173	targets_on_fp_color_change	staircase	10	red	right	unaware	1	0
655.989	0.000	trigger_201	201	655989	Trigger-In:201	173	trial_end_completed	staircase	10	red	right	unaware	1	0
657.074	0.000	trigger_101	101	657074	Trigger-In:101	174	trial_start	salient	0	red	right	unaware	1	0
657.179	0.000	trigger_11	11	657179	Trigger-In:11	174	fixation_point_on	salient	0	red	right	unaware	1	0
657.779	0.000	trigger_21	21	657779	Trigger-In:21	174	grating_on	salient	0	red	right	unaware	1	0
657.829	0.000	trigger_20	20	657829	Trigger-In:20	174	grating_off	salient	0	red	right	unaware	1	0
658.429	0.000	trigger_31	31	658429	Trigger-In:31	174	targets_on_fp_color_change	salient	0	red	right	unaware	1	0
659.729	0.000	trigger_201	201	659729	Trigger-In:201	174	trial_end_completed	salient	0	red	right	unaware	1	0
660.809	0.000	trigger_101	101	660809	Trigger-In:101	175	trial_start	staircase	11	red	left	aware	1	0
660.914	0.000	trigger_11	11	660914	Trigger-In:11	175	fixation_point_on	staircase	11	red	left	aware	1	0
661.514	0.000	trigger_21	21	661514	Trigger-In:21	175	grating_on	staircase	11	red	left	aware	1	0
661.564	0.000	trigger_20	20	661564	Trigger-In:20	175	grating_off	staircase	11	red	left	aware	1	0
662.164	0.000	trigger_31	31	662164	Trigger-In:31	175	targets_on_fp_color_change	staircase	11	red	left	aware	1	0
663.039	0.000	trigger_201	201	663039	Trigger-In:201	175	trial_end_completed	staircase	11	red	left	aware	1	0
664.114	0.000	trigger_101	101	664114	Trigger-In:101	176	trial_start	staircase	10	green	left	unaware	1	0
664.219	0.000	trigger_11	11	664219	Trigger-In:11	176	fixation_point_on	staircase	10	green	left	unaware	1	0
664.819	0.000	trigger_21	21	664819	Trigger-In:21	176	grating_on	staircase	10	green	left	unaware	1	0
664.874	0.000	trigger_20	20	664874	Trigger-In:20	176	grating_off	staircase	10	green	left	unaware	1	0
665.474	0.000	trigger_31	31	665474	Trigger-In:31	176	targets_on_fp_color_change	staircase	10	green	left	unaware	1	0
666.769	0.000	trigger_201	201	666769	Trigger-In:201	176	trial_end_completed	staircase	10	green	left	unaware	1	0
667.849	0.000	trigger_101	101	667849	Trigger-In:101	177	trial_start	staircase	11	red	right	unaware	1	0
667.949	0.000	trigger_11	11	667949	Trigger-In:11	177	fixation_point_on	staircase	11	red	right	unaware	1	0
668.549	0.000	trigger_21	21	668549	Trigger-In:21	177	grating_on	staircase	11	red	right	unaware	1	0
668.599	0.000	trigger_20	20	668599	Trigger-In:20	177	grating_off	staircase	11	red	right	unaware	1	0
669.204	0.000	trigger_31	31	669204	Trigger-In:31	177	targets_on_fp_color_change	staircase	11	red	right	unaware	1	0
671.619	0.000	trigger_201	201	671619	Trigger-In:201	177	trial_end_completed	staircase	11	red	right	unaware	1	0
672.694	0.000	trigger_101	101	672694	Trigger-In:101	178	trial_start	staircase	12	red	left	aware	1	0
672.799	0.000	trigger_11	11	672799	Trigger-In:11	178	fixation_point_on	staircase	12	red	left	aware	1	0
673.399	0.000	trigger_21	21	673399	Trigger-In:21	178	grating_on	staircase	12	red	left	aware	1	0
673.449	0.000	trigger_20	20	673449	Trigger-In:20	178	grating_off	staircase	12	red	left	aware	1	0
674.049	0.000	trigger_31	31	674049	Trigger-In:31	178	targets_on_fp_color_change	staircase	12	red	left	aware	1	0
675.239	0.000	trigger_201	201	675239	Trigger-In:201	178	trial_end_completed	staircase	12	red	left	aware	1	0
676.319	0.000	trigger_101	101	676319	Trigger-In:101	179	trial_start	absent	70	red	left	aware	1	0
676.424	0.000	trigger_11	11	676424	Trigger-In:11	179	fixation_point_on	absent	70	red	left	aware	1	0
677.024	0.000	trigger_21	21	677024	Trigger-In:21	179	grating_on	absent	70	red	left	aware	1	0
677.074	0.000	trigger_20	20	677074	Trigger-In:20	179	grating_off	absent	70	red	left	aware	1	0
677.674	0.000	trigger_31	31	677674	Trigger-In:31	179	targets_on_fp_color_change	absent	70	red	left	aware	1	0
678.969	0.000	trigger_201	201	678969	Trigger-In:201	179	trial_end_completed	absent	70	red	left	aware	1	0
680.049	0.000	trigger_101	101	680049	Trigger-In:101	180	trial_start	staircase	11	red	left	aware	1	0
680.154	0.000	trigger_11	11	680154	Trigger-In:11	180	fixation_point_on	staircase	11	red	left	aware	1	0
680.754	0.000	trigger_21	21	680754	Trigger-In:21	180	grating_on	staircase	11	red	left	aware	1	0
680.804	0.000	trigger_20	20	680804	Trigger-In:20	180	grating_off	staircase	11	red	left	aware	1	0
681.404	0.000	trigger_31	31	681404	Trigger-In:31	180	targets_on_fp_color_change	staircase	11	red	left	aware	1	0
682.224	0.000	trigger_201	201	682224	Trigger-In:201	180	trial_end_completed	staircase	11	red	left	aware	1	0
