onset	duration	trial_type	value	sample	source_annotation	trial	event_name	stim_presence	contrast	fp_color	response	awareness	trial_complete	fixation_break
40.490	0.000	trigger_101	101	40490	Trigger-In:101	1	trial_start	staircase	15	green	right	aware	1	0
40.490	0.000	trigger_255	255	40490	Trigger-In:255	1	n/a	staircase	15	green	right	aware	1	0
40.600	0.000	trigger_11	11	40600	Trigger-In:11	1	fixation_point_on	staircase	15	green	right	aware	1	0
41.210	0.000	trigger_21	21	41210	Trigger-In:21	1	grating_on	staircase	15	green	right	aware	1	0
41.275	0.000	trigger_20	20	41275	Trigger-In:20	1	grating_off	staircase	15	green	right	aware	1	0
41.880	0.000	trigger_31	31	41880	Trigger-In:31	1	targets_on_fp_color_change	staircase	15	green	right	aware	1	0
43.410	0.000	trigger_201	201	43410	Trigger-In:201	1	trial_end_completed	staircase	15	green	right	aware	1	0
44.655	0.000	trigger_101	101	44655	Trigger-In:101	2	trial_start	absent	70	red	n/a	n/a	0	0
44.760	0.000	trigger_11	11	44760	Trigger-In:11	2	fixation_point_on	absent	70	red	n/a	n/a	0	0
45.360	0.000	trigger_21	21	45360	Trigger-In:21	2	grating_on	absent	70	red	n/a	n/a	0	0
45.415	0.000	trigger_20	20	45415	Trigger-In:20	2	grating_off	absent	70	red	n/a	n/a	0	0
46.015	0.000	trigger_31	31	46015	Trigger-In:31	2	targets_on_fp_color_change	absent	70	red	n/a	n/a	0	0
47.995	0.000	trigger_203	203	47995	Trigger-In:203	2	trial_end_not_completed	absent	70	red	n/a	n/a	0	0
49.110	0.000	trigger_101	101	49110	Trigger-In:101	3	trial_start	staircase	14	red	left	aware	1	0
49.220	0.000	trigger_11	11	49220	Trigger-In:11	3	fixation_point_on	staircase	14	red	left	aware	1	0
49.820	0.000	trigger_21	21	49820	Trigger-In:21	3	grating_on	staircase	14	red	left	aware	1	0
49.870	0.000	trigger_20	20	49870	Trigger-In:20	3	grating_off	staircase	14	red	left	aware	1	0
50.470	0.000	trigger_31	31	50470	Trigger-In:31	3	targets_on_fp_color_change	staircase	14	red	left	aware	1	0
51.480	0.000	trigger_201	201	51480	Trigger-In:201	3	trial_end_completed	staircase	14	red	left	aware	1	0
52.550	0.000	trigger_101	101	52550	Trigger-In:101	4	trial_start	staircase	13	red	n/a	n/a	0	0
52.655	0.000	trigger_11	11	52655	Trigger-In:11	4	fixation_point_on	staircase	13	red	n/a	n/a	0	0
53.255	0.000	trigger_21	21	53255	Trigger-In:21	4	grating_on	staircase	13	red	n/a	n/a	0	0
53.305	0.000	trigger_20	20	53305	Trigger-In:20	4	grating_off	staircase	13	red	n/a	n/a	0	0
53.905	0.000	trigger_31	31	53905	Trigger-In:31	4	targets_on_fp_color_change	staircase	13	red	n/a	n/a	0	0
55.915	0.000	trigger_203	203	55915	Trigger-In:203	4	trial_end_not_completed	staircase	13	red	n/a	n/a	0	0
57.010	0.000	trigger_101	101	57010	Trigger-In:101	5	trial_start	staircase	13	green	left	unaware	1	0
57.115	0.000	trigger_11	11	57115	Trigger-In:11	5	fixation_point_on	staircase	13	green	left	unaware	1	0
57.715	0.000	trigger_21	21	57715	Trigger-In:21	5	grating_on	staircase	13	green	left	unaware	1	0
57.765	0.000	trigger_20	20	57765	Trigger-In:20	5	grating_off	staircase	13	green	left	unaware	1	0
58.365	0.000	trigger_31	31	58365	Trigger-In:31	5	targets_on_fp_color_change	staircase	13	green	left	unaware	1	0
59.700	0.000	trigger_201	201	59700	Trigger-In:201	5	trial_end_completed	staircase	13	green	left	unaware	1	0
60.770	0.000	trigger_101	101	60770	Trigger-In:101	6	trial_start	absent	70	green	right	aware	1	0
60.875	0.000	trigger_11	11	60875	Trigger-In:11	6	fixation_point_on	absent	70	green	right	aware	1	0
61.480	0.000	trigger_21	21	61480	Trigger-In:21	6	grating_on	absent	70	green	right	aware	1	0
61.530	0.000	trigger_20	20	61530	Trigger-In:20	6	grating_off	absent	70	green	right	aware	1	0
62.130	0.000	trigger_31	31	62130	Trigger-In:31	6	targets_on_fp_color_change	absent	70	green	right	aware	1	0
63.285	0.000	trigger_201	201	63285	Trigger-In:201	6	trial_end_completed	absent	70	green	right	aware	1	0
64.350	0.000	trigger_101	101	64350	Trigger-In:101	7	trial_start	staircase	14	red	left	aware	1	0
64.455	0.000	trigger_11	11	64455	Trigger-In:11	7	fixation_point_on	staircase	14	red	left	aware	1	0
65.055	0.000	trigger_21	21	65055	Trigger-In:21	7	grating_on	staircase	14	red	left	aware	1	0
65.105	0.000	trigger_20	20	65105	Trigger-In:20	7	grating_off	staircase	14	red	left	aware	1	0
65.705	0.000	trigger_31	31	65705	Trigger-In:31	7	targets_on_fp_color_change	staircase	14	red	left	aware	1	0
66.710	0.000	trigger_201	201	66710	Trigger-In:201	7	trial_end_completed	staircase	14	red	left	aware	1	0
67.780	0.000	trigger_101	101	67780	Trigger-In:101	8	trial_start	salient	0	red	right	unaware	1	0
67.885	0.000	trigger_11	11	67885	Trigger-In:11	8	fixation_point_on	salient	0	red	right	unaware	1	0
68.485	0.000	trigger_21	21	68485	Trigger-In:21	8	grating_on	salient	0	red	right	unaware	1	0
68.535	0.000	trigger_20	20	68535	Trigger-In:20	8	grating_off	salient	0	red	right	unaware	1	0
69.135	0.000	trigger_31	31	69135	Trigger-In:31	8	targets_on_fp_color_change	salient	0	red	right	unaware	1	0
70.355	0.000	trigger_201	201	70355	Trigger-In:201	8	trial_end_completed	salient	0	red	right	unaware	1	0
71.420	0.000	trigger_101	101	71420	Trigger-In:101	9	trial_start	salient	0	red	right	unaware	1	0
71.525	0.000	trigger_11	11	71525	Trigger-In:11	9	fixation_point_on	salient	0	red	right	unaware	1	0
72.125	0.000	trigger_21	21	72125	Trigger-In:21	9	grating_on	salient	0	red	right	unaware	1	0
72.175	0.000	trigger_20	20	72175	Trigger-In:20	9	grating_off	salient	0	red	right	unaware	1	0
72.780	0.000	trigger_31	31	72780	Trigger-In:31	9	targets_on_fp_color_change	salient	0	red	right	unaware	1	0
74.300	0.000	trigger_201	201	74300	Trigger-In:201	9	trial_end_completed	salient	0	red	right	unaware	1	0
75.365	0.000	trigger_101	101	75365	Trigger-In:101	10	trial_start	staircase	13	green	left	unaware	1	0
75.470	0.000	trigger_11	11	75470	Trigger-In:11	10	fixation_point_on	staircase	13	green	left	unaware	1	0
76.070	0.000	trigger_21	21	76070	Trigger-In:21	10	grating_on	staircase	13	green	left	unaware	1	0
76.120	0.000	trigger_20	20	76120	Trigger-In:20	10	grating_off	staircase	13	green	left	unaware	1	0
76.720	0.000	trigger_31	31	76720	Trigger-In:31	10	targets_on_fp_color_change	staircase	13	green	left	unaware	1	0
78.010	0.000	trigger_201	201	78010	Trigger-In:201	10	trial_end_completed	staircase	13	green	left	unaware	1	0
79.075	0.000	trigger_101	101	79075	Trigger-In:101	11	trial_start	absent	70	red	left	aware	1	0
79.180	0.000	trigger_11	11	79180	Trigger-In:11	11	fixation_point_on	absent	70	red	left	aware	1	0
79.780	0.000	trigger_21	21	79780	Trigger-In:21	11	grating_on	absent	70	red	left	aware	1	0
79.830	0.000	trigger_20	20	79830	Trigger-In:20	11	grating_off	absent	70	red	left	aware	1	0
80.430	0.000	trigger_31	31	80430	Trigger-In:31	11	targets_on_fp_color_change	absent	70	red	left	aware	1	0
81.380	0.000	trigger_201	201	81380	Trigger-In:201	11	trial_end_completed	absent	70	red	left	aware	1	0
82.445	0.000	trigger_101	101	82445	Trigger-In:101	12	trial_start	staircase	14	red	left	aware	1	0
82.550	0.000	trigger_11	11	82550	Trigger-In:11	12	fixation_point_on	staircase	14	red	left	aware	1	0
83.150	0.000	trigger_21	21	83150	Trigger-In:21	12	grating_on	staircase	14	red	left	aware	1	0
83.205	0.000	trigger_20	20	83205	Trigger-In:20	12	grating_off	staircase	14	red	left	aware	1	0
83.805	0.000	trigger_31	31	83805	Trigger-In:31	12	targets_on_fp_color_change	staircase	14	red	left	aware	1	0
84.660	0.000	trigger_201	201	84660	Trigger-In:201	12	trial_end_completed	staircase	14	red	left	aware	1	0
85.730	0.000	trigger_101	101	85730	Trigger-In:101	13	trial_start	staircase	13	green	right	aware	1	0
85.835	0.000	trigger_11	11	85835	Trigger-In:11	13	fixation_point_on	staircase	13	green	right	aware	1	0
86.435	0.000	trigger_21	21	86435	Trigger-In:21	13	grating_on	staircase	13	green	right	aware	1	0
86.485	0.000	trigger_20	20	86485	Trigger-In:20	13	grating_off	staircase	13	green	right	aware	1	0
87.085	0.000	trigger_31	31	87085	Trigger-In:31	13	targets_on_fp_color_change	staircase	13	green	right	aware	1	0
87.990	0.000	trigger_201	201	87990	Trigger-In:201	13	trial_end_completed	staircase	13	green	right	aware	1	0
89.055	0.000	trigger_101	101	89055	Trigger-In:101	14	trial_start	absent	70	red	left	aware	1	0
89.160	0.000	trigger_11	11	89160	Trigger-In:11	14	fixation_point_on	absent	70	red	left	aware	1	0
89.760	0.000	trigger_21	21	89760	Trigger-In:21	14	grating_on	absent	70	red	left	aware	1	0
89.810	0.000	trigger_20	20	89810	Trigger-In:20	14	grating_off	absent	70	red	left	aware	1	0
90.410	0.000	trigger_31	31	90410	Trigger-In:31	14	targets_on_fp_color_change	absent	70	red	left	aware	1	0
91.415	0.000	trigger_201	201	91415	Trigger-In:201	14	trial_end_completed	absent	70	red	left	aware	1	0
92.480	0.000	trigger_101	101	92480	Trigger-In:101	15	trial_start	staircase	12	red	left	aware	1	0
92.585	0.000	trigger_11	11	92585	Trigger-In:11	15	fixation_point_on	staircase	12	red	left	aware	1	0
93.185	0.000	trigger_21	21	93185	Trigger-In:21	15	grating_on	staircase	12	red	left	aware	1	0
93.235	0.000	trigger_20	20	93235	Trigger-In:20	15	grating_off	staircase	12	red	left	aware	1	0
93.835	0.000	trigger_31	31	93835	Trigger-In:31	15	targets_on_fp_color_change	staircase	12	red	left	aware	1	0
94.785	0.000	trigger_201	201	94785	Trigger-In:201	15	trial_end_completed	staircase	12	red	left	aware	1	0
95.855	0.000	trigger_101	101	95855	Trigger-In:101	16	trial_start	staircase	11	green	right	aware	1	0
95.955	0.000	trigger_11	11	95955	Trigger-In:11	16	fixation_point_on	staircase	11	green	right	aware	1	0
96.560	0.000	trigger_21	21	96560	Trigger-In:21	16	grating_on	staircase	11	green	right	aware	1	0
96.610	0.000	trigger_20	20	96610	Trigger-In:20	16	grating_off	staircase	11	green	right	aware	1	0
97.210	0.000	trigger_31	31	97210	Trigger-In:31	16	targets_on_fp_color_change	staircase	11	green	right	aware	1	0
98.920	0.000	trigger_201	201	98920	Trigger-In:201	16	trial_end_completed	staircase	11	green	right	aware	1	0
99.985	0.000	trigger_101	101	99985	Trigger-In:101	17	trial_start	staircase	10	green	left	unaware	1	0
100.085	0.000	trigger_11	11	100085	Trigger-In:11	17	fixation_point_on	staircase	10	green	left	unaware	1	0
100.690	0.000	trigger_21	21	100690	Trigger-In:21	17	grating_on	staircase	10	green	left	unaware	1	0
100.740	0.000	trigger_20	20	100740	Trigger-In:20	17	grating_off	staircase	10	green	left	unaware	1	0
101.340	0.000	trigger_31	31	101340	Trigger-In:31	17	targets_on_fp_color_change	staircase	10	green	left	unaware	1	0
102.375	0.000	trigger_201	201	102375	Trigger-In:201	17	trial_end_completed	staircase	10	green	left	unaware	1	0
103.445	0.000	trigger_101	101	103445	Trigger-In:101	18	trial_start	staircase	11	green	left	unaware	1	0
103.545	0.000	trigger_11	11	103545	Trigger-In:11	18	fixation_point_on	staircase	11	green	left	unaware	1	0
104.145	0.000	trigger_21	21	104145	Trigger-In:21	18	grating_on	staircase	11	green	left	unaware	1	0
104.195	0.000	trigger_20	20	104195	Trigger-In:20	18	grating_off	staircase	11	green	left	unaware	1	0
104.795	0.000	trigger_31	31	104795	Trigger-In:31	18	targets_on_fp_color_change	staircase	11	green	left	unaware	1	0
105.610	0.000	trigger_201	201	105610	Trigger-In:201	18	trial_end_completed	staircase	11	green	left	unaware	1	0
106.675	0.000	trigger_101	101	106675	Trigger-In:101	19	trial_start	staircase	12	green	left	unaware	1	0
106.780	0.000	trigger_11	11	106780	Trigger-In:11	19	fixation_point_on	staircase	12	green	left	unaware	1	0
107.380	0.000	trigger_21	21	107380	Trigger-In:21	19	grating_on	staircase	12	green	left	unaware	1	0
107.430	0.000	trigger_20	20	107430	Trigger-In:20	19	grating_off	staircase	12	green	left	unaware	1	0
108.035	0.000	trigger_31	31	108035	Trigger-In:31	19	targets_on_fp_color_change	staircase	12	green	left	unaware	1	0
108.860	0.000	trigger_201	201	108860	Trigger-In:201	19	trial_end_completed	staircase	12	green	left	unaware	1	0
109.925	0.000	trigger_101	101	109925	Trigger-In:101	20	trial_start	staircase	13	red	left	aware	1	0
110.030	0.000	trigger_11	11	110030	Trigger-In:11	20	fixation_point_on	staircase	13	red	left	aware	1	0
110.630	0.000	trigger_21	21	110630	Trigger-In:21	20	grating_on	staircase	13	red	left	aware	1	0
110.680	0.000	trigger_20	20	110680	Trigger-In:20	20	grating_off	staircase	13	red	left	aware	1	0
111.280	0.000	trigger_31	31	111280	Trigger-In:31	20	targets_on_fp_color_change	staircase	13	red	left	aware	1	0
112.370	0.000	trigger_201	201	112370	Trigger-In:201	20	trial_end_completed	staircase	13	red	left	aware	1	0
113.435	0.000	trigger_101	101	113435	Trigger-In:101	21	trial_start	staircase	12	red	n/a	n/a	0	0
113.540	0.000	trigger_11	11	113540	Trigger-In:11	21	fixation_point_on	staircase	12	red	n/a	n/a	0	0
114.140	0.000	trigger_21	21	114140	Trigger-In:21	21	grating_on	staircase	12	red	n/a	n/a	0	0
114.190	0.000	trigger_20	20	114190	Trigger-In:20	21	grating_off	staircase	12	red	n/a	n/a	0	0
114.790	0.000	trigger_31	31	114790	Trigger-In:31	21	targets_on_fp_color_change	staircase	12	red	n/a	n/a	0	0
116.760	0.000	trigger_203	203	116760	Trigger-In:203	21	trial_end_not_completed	staircase	12	red	n/a	n/a	0	0
117.855	0.000	trigger_101	101	117855	Trigger-In:101	22	trial_start	salient	0	green	left	unaware	1	0
117.960	0.000	trigger_11	11	117960	Trigger-In:11	22	fixation_point_on	salient	0	green	left	unaware	1	0
118.560	0.000	trigger_21	21	118560	Trigger-In:21	22	grating_on	salient	0	green	left	unaware	1	0
118.615	0.000	trigger_20	20	118615	Trigger-In:20	22	grating_off	salient	0	green	left	unaware	1	0
119.215	0.000	trigger_31	31	119215	Trigger-In:31	22	targets_on_fp_color_change	salient	0	green	left	unaware	1	0
120.355	0.000	trigger_201	201	120355	Trigger-In:201	22	trial_end_completed	salient	0	green	left	unaware	1	0
121.425	0.000	trigger_101	101	121425	Trigger-In:101	23	trial_start	staircase	12	green	left	unaware	1	0
121.530	0.000	trigger_11	11	121530	Trigger-In:11	23	fixation_point_on	staircase	12	green	left	unaware	1	0
122.130	0.000	trigger_21	21	122130	Trigger-In:21	23	grating_on	staircase	12	green	left	unaware	1	0
122.180	0.000	trigger_20	20	122180	Trigger-In:20	23	grating_off	staircase	12	green	left	unaware	1	0
122.780	0.000	trigger_31	31	122780	Trigger-In:31	23	targets_on_fp_color_change	staircase	12	green	left	unaware	1	0
123.760	0.000	trigger_201	201	123760	Trigger-In:201	23	trial_end_completed	staircase	12	green	left	unaware	1	0
124.825	0.000	trigger_101	101	124825	Trigger-In:101	24	trial_start	salient	0	green	left	unaware	1	0
124.930	0.000	trigger_11	11	124930	Trigger-In:11	24	fixation_point_on	salient	0	green	left	unaware	1	0
125.530	0.000	trigger_21	21	125530	Trigger-In:21	24	grating_on	salient	0	green	left	unaware	1	0
125.580	0.000	trigger_20	20	125580	Trigger-In:20	24	grating_off	salient	0	green	left	unaware	1	0
126.180	0.000	trigger_31	31	126180	Trigger-In:31	24	targets_on_fp_color_change	salient	0	green	left	unaware	1	0
127.235	0.000	trigger_201	201	127235	Trigger-In:201	24	trial_end_completed	salient	0	green	left	unaware	1	0
128.300	0.000	trigger_101	101	128300	Trigger-In:101	25	trial_start	salient	0	red	right	unaware	1	0
128.405	0.000	trigger_11	11	128405	Trigger-In:11	25	fixation_point_on	salient	0	red	right	unaware	1	0
129.005	0.000	trigger_21	21	129005	Trigger-In:21	25	grating_on	salient	0	red	right	unaware	1	0
129.055	0.000	trigger_20	20	129055	Trigger-In:20	25	grating_off	salient	0	red	right	unaware	1	0
129.655	0.000	trigger_31	31	129655	Trigger-In:31	25	targets_on_fp_color_change	salient	0	red	right	unaware	1	0
130.895	0.000	trigger_201	201	130895	Trigger-In:201	25	trial_end_completed	salient	0	red	right	unaware	1	0
131.960	0.000	trigger_101	101	131960	Trigger-In:101	26	trial_start	staircase	13	red	right	unaware	1	0
132.065	0.000	trigger_11	11	132065	Trigger-In:11	26	fixation_point_on	staircase	13	red	right	unaware	1	0
132.665	0.000	trigger_21	21	132665	Trigger-In:21	26	grating_on	staircase	13	red	right	unaware	1	0
132.720	0.000	trigger_20	20	132720	Trigger-In:20	26	grating_off	staircase	13	red	right	unaware	1	0
133.320	0.000	trigger_31	31	133320	Trigger-In:31	26	targets_on_fp_color_change	staircase	13	red	right	unaware	1	0
134.120	0.000	trigger_201	201	134120	Trigger-In:201	26	trial_end_completed	staircase	13	red	right	unaware	1	0
135.185	0.000	trigger_101	101	135185	Trigger-In:101	27	trial_start	staircase	14	red	right	unaware	1	0
135.290	0.000	trigger_11	11	135290	Trigger-In:11	27	fixation_point_on	staircase	14	red	right	unaware	1	0
135.890	0.000	trigger_21	21	135890	Trigger-In:21	27	grating_on	staircase	14	red	right	unaware	1	0
135.940	0.000	trigger_20	20	135940	Trigger-In:20	27	grating_off	staircase	14	red	right	unaware	1	0
136.545	0.000	trigger_31	31	136545	Trigger-In:31	27	targets_on_fp_color_change	staircase	14	red	right	unaware	1	0
137.270	0.000	trigger_201	201	137270	Trigger-In:201	27	trial_end_completed	staircase	14	red	right	unaware	1	0
138.335	0.000	trigger_101	101	138335	Trigger-In:101	28	trial_start	absent	70	green	right	aware	1	0
138.440	0.000	trigger_11	11	138440	Trigger-In:11	28	fixation_point_on	absent	70	green	right	aware	1	0
139.040	0.000	trigger_21	21	139040	Trigger-In:21	28	grating_on	absent	70	green	right	aware	1	0
139.090	0.000	trigger_20	20	139090	Trigger-In:20	28	grating_off	absent	70	green	right	aware	1	0
139.690	0.000	trigger_31	31	139690	Trigger-In:31	28	targets_on_fp_color_change	absent	70	green	right	aware	1	0
141.485	0.000	trigger_201	201	141485	Trigger-In:201	28	trial_end_completed	absent	70	green	right	aware	1	0
142.550	0.000	trigger_101	101	142550	Trigger-In:101	29	trial_start	staircase	15	green	left	unaware	1	0
142.655	0.000	trigger_11	11	142655	Trigger-In:11	29	fixation_point_on	staircase	15	green	left	unaware	1	0
143.255	0.000	trigger_21	21	143255	Trigger-In:21	29	grating_on	staircase	15	green	left	unaware	1	0
143.305	0.000	trigger_20	20	143305	Trigger-In:20	29	grating_off	staircase	15	green	left	unaware	1	0
143.905	0.000	trigger_31	31	143905	Trigger-In:31	29	targets_on_fp_color_change	staircase	15	green	left	unaware	1	0
144.825	0.000	trigger_201	201	144825	Trigger-In:201	29	trial_end_completed	staircase	15	green	left	unaware	1	0
145.890	0.000	trigger_101	101	145890	Trigger-In:101	30	trial_start	staircase	16	green	right	aware	1	0
145.995	0.000	trigger_11	11	145995	Trigger-In:11	30	fixation_point_on	staircase	16	green	right	aware	1	0
146.595	0.000	trigger_21	21	146595	Trigger-In:21	30	grating_on	staircase	16	green	right	aware	1	0
146.645	0.000	trigger_20	20	146645	Trigger-In:20	30	grating_off	staircase	16	green	right	aware	1	0
147.245	0.000	trigger_31	31	147245	Trigger-In:31	30	targets_on_fp_color_change	staircase	16	green	right	aware	1	0
148.120	0.000	trigger_201	201	148120	Trigger-In:201	30	trial_end_completed	staircase	16	green	right	aware	1	0
149.185	0.000	trigger_101	101	149185	Trigger-In:101	31	trial_start	salient	0	red	left	aware	1	0
149.290	0.000	trigger_11	11	149290	Trigger-In:11	31	fixation_point_on	salient	0	red	left	aware	1	0
149.890	0.000	trigger_21	21	149890	Trigger-In:21	31	grating_on	salient	0	red	left	aware	1	0
149.940	0.000	trigger_20	20	149940	Trigger-In:20	31	grating_off	salient	0	red	left	aware	1	0
150.540	0.000	trigger_31	31	150540	Trigger-In:31	31	targets_on_fp_color_change	salient	0	red	left	aware	1	0
152.305	0.000	trigger_201	201	152305	Trigger-In:201	31	trial_end_completed	salient	0	red	left	aware	1	0
153.625	0.000	trigger_101	101	153625	Trigger-In:101	32	trial_start	staircase	15	green	left	unaware	1	0
153.730	0.000	trigger_11	11	153730	Trigger-In:11	32	fixation_point_on	staircase	15	green	left	unaware	1	0
154.330	0.000	trigger_21	21	154330	Trigger-In:21	32	grating_on	staircase	15	green	left	unaware	1	0
154.380	0.000	trigger_20	20	154380	Trigger-In:20	32	grating_off	staircase	15	green	left	unaware	1	0
154.985	0.000	trigger_31	31	154985	Trigger-In:31	32	targets_on_fp_color_change	staircase	15	green	left	unaware	1	0
156.245	0.000	trigger_201	201	156245	Trigger-In:201	32	trial_end_completed	staircase	15	green	left	unaware	1	0
157.310	0.000	trigger_101	101	157310	Trigger-In:101	33	trial_start	staircase	16	red	right	unaware	1	0
157.415	0.000	trigger_11	11	157415	Trigger-In:11	33	fixation_point_on	staircase	16	red	right	unaware	1	0
158.015	0.000	trigger_21	21	158015	Trigger-In:21	33	grating_on	staircase	16	red	right	unaware	1	0
158.065	0.000	trigger_20	20	158065	Trigger-In:20	33	grating_off	staircase	16	red	right	unaware	1	0
158.665	0.000	trigger_31	31	158665	Trigger-In:31	33	targets_on_fp_color_change	staircase	16	red	right	unaware	1	0
159.605	0.000	trigger_201	201	159605	Trigger-In:201	33	trial_end_completed	staircase	16	red	right	unaware	1	0
160.675	0.000	trigger_101	101	160675	Trigger-In:101	34	trial_start	staircase	17	green	right	aware	1	0
160.780	0.000	trigger_11	11	160780	Trigger-In:11	34	fixation_point_on	staircase	17	green	right	aware	1	0
161.380	0.000	trigger_21	21	161380	Trigger-In:21	34	grating_on	staircase	17	green	right	aware	1	0
161.430	0.000	trigger_20	20	161430	Trigger-In:20	34	grating_off	staircase	17	green	right	aware	1	0
162.030	0.000	trigger_31	31	162030	Trigger-In:31	34	targets_on_fp_color_change	staircase	17	green	right	aware	1	0
162.915	0.000	trigger_201	201	162915	Trigger-In:201	34	trial_end_completed	staircase	17	green	right	aware	1	0
163.980	0.000	trigger_101	101	163980	Trigger-In:101	35	trial_start	staircase	16	green	right	aware	1	0
164.080	0.000	trigger_11	11	164080	Trigger-In:11	35	fixation_point_on	staircase	16	green	right	aware	1	0
164.685	0.000	trigger_21	21	164685	Trigger-In:21	35	grating_on	staircase	16	green	right	aware	1	0
164.735	0.000	trigger_20	20	164735	Trigger-In:20	35	grating_off	staircase	16	green	right	aware	1	0
165.335	0.000	trigger_31	31	165335	Trigger-In:31	35	targets_on_fp_color_change	staircase	16	green	right	aware	1	0
166.160	0.000	trigger_201	201	166160	Trigger-In:201	35	trial_end_completed	staircase	16	green	right	aware	1	0
167.225	0.000	trigger_101	101	167225	Trigger-In:101	36	trial_start	staircase	15	green	left	unaware	1	0
167.330	0.000	trigger_11	11	167330	Trigger-In:11	36	fixation_point_on	staircase	15	green	left	unaware	1	0
167.930	0.000	trigger_21	21	167930	Trigger-In:21	36	grating_on	staircase	15	green	left	unaware	1	0
167.980	0.000	trigger_20	20	167980	Trigger-In:20	36	grating_off	staircase	15	green	left	unaware	1	0
168.580	0.000	trigger_31	31	168580	Trigger-In:31	36	targets_on_fp_color_change	staircase	15	green	left	unaware	1	0
170.375	0.000	trigger_201	201	170375	Trigger-In:201	36	trial_end_completed	staircase	15	green	left	unaware	1	0
171.440	0.000	trigger_101	101	171440	Trigger-In:101	37	trial_start	staircase	16	red	left	aware	1	0
171.545	0.000	trigger_11	11	171545	Trigger-In:11	37	fixation_point_on	staircase	16	red	left	aware	1	0
172.145	0.000	trigger_21	21	172145	Trigger-In:21	37	grating_on	staircase	16	red	left	aware	1	0
172.195	0.000	trigger_20	20	172195	Trigger-In:20	37	grating_off	staircase	16	red	left	aware	1	0
172.795	0.000	trigger_31	31	172795	Trigger-In:31	37	targets_on_fp_color_change	staircase	16	red	left	aware	1	0
173.950	0.000	trigger_201	201	173950	Trigger-In:201	37	trial_end_completed	staircase	16	red	left	aware	1	0
175.020	0.000	trigger_101	101	175020	Trigger-In:101	38	trial_start	staircase	15	red	right	unaware	1	0
175.120	0.000	trigger_11	11	175120	Trigger-In:11	38	fixation_point_on	staircase	15	red	right	unaware	1	0
175.720	0.000	trigger_21	21	175720	Trigger-In:21	38	grating_on	staircase	15	red	right	unaware	1	0
175.775	0.000	trigger_20	20	175775	Trigger-In:20	38	grating_off	staircase	15	red	right	unaware	1	0
176.375	0.000	trigger_31	31	176375	Trigger-In:31	38	targets_on_fp_color_change	staircase	15	red	right	unaware	1	0
177.645	0.000	trigger_201	201	177645	Trigger-In:201	38	trial_end_completed	staircase	15	red	right	unaware	1	0
178.715	0.000	trigger_101	101	178715	Trigger-In:101	39	trial_start	staircase	16	green	right	aware	1	0
178.815	0.000	trigger_11	11	178815	Trigger-In:11	39	fixation_point_on	staircase	16	green	right	aware	1	0
179.420	0.000	trigger_21	21	179420	Trigger-In:21	39	grating_on	staircase	16	green	right	aware	1	0
179.470	0.000	trigger_20	20	179470	Trigger-In:20	39	grating_off	staircase	16	green	right	aware	1	0
180.070	0.000	trigger_31	31	180070	Trigger-In:31	39	targets_on_fp_color_change	staircase	16	green	right	aware	1	0
181.005	0.000	trigger_201	201	181005	Trigger-In:201	39	trial_end_completed	staircase	16	green	right	aware	1	0
182.075	0.000	trigger_101	101	182075	Trigger-In:101	40	trial_start	staircase	15	red	right	unaware	1	0
182.180	0.000	trigger_11	11	182180	Trigger-In:11	40	fixation_point_on	staircase	15	red	right	unaware	1	0
182.780	0.000	trigger_21	21	182780	Trigger-In:21	40	grating_on	staircase	15	red	right	unaware	1	0
182.830	0.000	trigger_20	20	182830	Trigger-In:20	40	grating_off	staircase	15	red	right	unaware	1	0
183.430	0.000	trigger_31	31	183430	Trigger-In:31	40	targets_on_fp_color_change	staircase	15	red	right	unaware	1	0
184.825	0.000	trigger_201	201	184825	Trigger-In:201	40	trial_end_completed	staircase	15	red	right	unaware	1	0
185.890	0.000	trigger_101	101	185890	Trigger-In:101	41	trial_start	staircase	16	red	right	unaware	1	0
185.995	0.000	trigger_11	11	185995	Trigger-In:11	41	fixation_point_on	staircase	16	red	right	unaware	1	0
186.595	0.000	trigger_21	21	186595	Trigger-In:21	41	grating_on	staircase	16	red	right	unaware	1	0
186.645	0.000	trigger_20	20	186645	Trigger-In:20	41	grating_off	staircase	16	red	right	unaware	1	0
187.245	0.000	trigger_31	31	187245	Trigger-In:31	41	targets_on_fp_color_change	staircase	16	red	right	unaware	1	0
188.270	0.000	trigger_201	201	188270	Trigger-In:201	41	trial_end_completed	staircase	16	red	right	unaware	1	0
189.340	0.000	trigger_101	101	189340	Trigger-In:101	42	trial_start	staircase	17	red	left	aware	1	0
189.445	0.000	trigger_11	11	189445	Trigger-In:11	42	fixation_point_on	staircase	17	red	left	aware	1	0
190.045	0.000	trigger_21	21	190045	Trigger-In:21	42	grating_on	staircase	17	red	left	aware	1	0
190.095	0.000	trigger_20	20	190095	Trigger-In:20	42	grating_off	staircase	17	red	left	aware	1	0
190.695	0.000	trigger_31	31	190695	Trigger-In:31	42	targets_on_fp_color_change	staircase	17	red	left	aware	1	0
192.520	0.000	trigger_201	201	192520	Trigger-In:201	42	trial_end_completed	staircase	17	red	left	aware	1	0
193.585	0.000	trigger_101	101	193585	Trigger-In:101	43	trial_start	staircase	16	green	left	unaware	1	0
193.690	0.000	trigger_11	11	193690	Trigger-In:11	43	fixation_point_on	staircase	16	green	left	unaware	1	0
194.290	0.000	trigger_21	21	194290	Trigger-In:21	43	grating_on	staircase	16	green	left	unaware	1	0
194.340	0.000	trigger_20	20	194340	Trigger-In:20	43	grating_off	staircase	16	green	left	unaware	1	0
194.940	0.000	trigger_31	31	194940	Trigger-In:31	43	targets_on_fp_color_change	staircase	16	green	left	unaware	1	0
196.360	0.000	trigger_201	201	196360	Trigger-In:201	43	trial_end_completed	staircase	16	green	left	unaware	1	0
197.430	0.000	trigger_101	101	197430	Trigger-In:101	44	trial_start	salient	0	red	right	unaware	1	0
197.535	0.000	trigger_11	11	197535	Trigger-In:11	44	fixation_point_on	salient	0	red	right	unaware	1	0
198.135	0.000	trigger_21	21	198135	Trigger-In:21	44	grating_on	salient	0	red	right	unaware	1	0
198.185	0.000	trigger_20	20	198185	Trigger-In:20	44	grating_off	salient	0	red	right	unaware	1	0
198.785	0.000	trigger_31	31	198785	Trigger-In:31	44	targets_on_fp_color_change	salient	0	red	right	unaware	1	0
199.925	0.000	trigger_201	201	199925	Trigger-In:201	44	trial_end_completed	salient	0	red	right	unaware	1	0
200.990	0.000	trigger_101	101	200990	Trigger-In:101	45	trial_start	salient	0	red	right	unaware	1	0
201.095	0.000	trigger_11	11	201095	Trigger-In:11	45	fixation_point_on	salient	0	red	right	unaware	1	0
201.695	0.000	trigger_21	21	201695	Trigger-In:21	45	grating_on	salient	0	red	right	unaware	1	0
201.745	0.000	trigger_20	20	201745	Trigger-In:20	45	grating_off	salient	0	red	right	unaware	1	0
202.345	0.000	trigger_31	31	202345	Trigger-In:31	45	targets_on_fp_color_change	salient	0	red	right	unaware	1	0
203.265	0.000	trigger_201	201	203265	Trigger-In:201	45	trial_end_completed	salient	0	red	right	unaware	1	0
204.330	0.000	trigger_101	101	204330	Trigger-In:101	46	trial_start	staircase	17	red	right	unaware	1	0
204.435	0.000	trigger_11	11	204435	Trigger-In:11	46	fixation_point_on	staircase	17	red	right	unaware	1	0
205.035	0.000	trigger_21	21	205035	Trigger-In:21	46	grating_on	staircase	17	red	right	unaware	1	0
205.085	0.000	trigger_20	20	205085	Trigger-In:20	46	grating_off	staircase	17	red	right	unaware	1	0
205.685	0.000	trigger_31	31	205685	Trigger-In:31	46	targets_on_fp_color_change	staircase	17	red	right	unaware	1	0
206.535	0.000	trigger_201	201	206535	Trigger-In:201	46	trial_end_completed	staircase	17	red	right	unaware	1	0
207.605	0.000	trigger_101	101	207605	Trigger-In:101	47	trial_start	staircase	18	red	left	aware	1	0
207.710	0.000	trigger_11	11	207710	Trigger-In:11	47	fixation_point_on	staircase	18	red	left	aware	1	0
208.310	0.000	trigger_21	21	208310	Trigger-In:21	47	grating_on	staircase	18	red	left	aware	1	0
208.360	0.000	trigger_20	20	208360	Trigger-In:20	47	grating_off	staircase	18	red	left	aware	1	0
208.960	0.000	trigger_31	31	208960	Trigger-In:31	47	targets_on_fp_color_change	staircase	18	red	left	aware	1	0
210.010	0.000	trigger_201	201	210010	Trigger-In:201	47	trial_end_completed	staircase	18	red	left	aware	1	0
211.075	0.000	trigger_101	101	211075	Trigger-In:101	48	trial_start	staircase	17	red	left	aware	1	0
211.180	0.000	trigger_11	11	211180	Trigger-In:11	48	fixation_point_on	staircase	17	red	left	aware	1	0
211.780	0.000	trigger_21	21	211780	Trigger-In:21	48	grating_on	staircase	17	red	left	aware	1	0
211.840	0.000	trigger_20	20	211840	Trigger-In:20	48	grating_off	staircase	17	red	left	aware	1	0
212.440	0.000	trigger_31	31	212440	Trigger-In:31	48	targets_on_fp_color_change	staircase	17	red	left	aware	1	0
213.230	0.000	trigger_201	201	213230	Trigger-In:201	48	trial_end_completed	staircase	17	red	left	aware	1	0
214.295	0.000	trigger_101	101	214295	Trigger-In:101	49	trial_start	staircase	16	green	right	aware	1	0
214.400	0.000	trigger_11	11	214400	Trigger-In:11	49	fixation_point_on	staircase	16	green	right	aware	1	0
215.000	0.000	trigger_21	21	215000	Trigger-In:21	49	grating_on	staircase	16	green	right	aware	1	0
215.055	0.000	trigger_20	20	215055	Trigger-In:20	49	grating_off	staircase	16	green	right	aware	1	0
215.655	0.000	trigger_31	31	215655	Trigger-In:31	49	targets_on_fp_color_change	staircase	16	green	right	aware	1	0
216.455	0.000	trigger_201	201	216455	Trigger-In:201	49	trial_end_completed	staircase	16	green	right	aware	1	0
217.520	0.000	trigger_101	101	217520	Trigger-In:101	50	trial_start	absent	70	green	right	aware	1	0
217.625	0.000	trigger_11	11	217625	Trigger-In:11	50	fixation_point_on	absent	70	green	right	aware	1	0
218.230	0.000	trigger_21	21	218230	Trigger-In:21	50	grating_on	absent	70	green	right	aware	1	0
218.280	0.000	trigger_20	20	218280	Trigger-In:20	50	grating_off	absent	70	green	right	aware	1	0
218.880	0.000	trigger_31	31	218880	Trigger-In:31	50	targets_on_fp_color_change	absent	70	green	right	aware	1	0
219.620	0.000	trigger_201	201	219620	Trigger-In:201	50	trial_end_completed	absent	70	green	right	aware	1	0
220.685	0.000	trigger_101	101	220685	Trigger-In:101	51	trial_start	staircase	15	green	right	aware	1	0
220.790	0.000	trigger_11	11	220790	Trigger-In:11	51	fixation_point_on	staircase	15	green	right	aware	1	0
221.390	0.000	trigger_21	21	221390	Trigger-In:21	51	grating_on	staircase	15	green	right	aware	1	0
221.440	0.000	trigger_20	20	221440	Trigger-In:20	51	grating_off	staircase	15	green	right	aware	1	0
222.040	0.000	trigger_31	31	222040	Trigger-In:31	51	targets_on_fp_color_change	staircase	15	green	right	aware	1	0
222.695	0.000	trigger_201	201	222695	Trigger-In:201	51	trial_end_completed	staircase	15	green	right	aware	1	0
223.765	0.000	trigger_101	101	223765	Trigger-In:101	52	trial_start	absent	70	red	right	unaware	1	0
223.865	0.000	trigger_11	11	223865	Trigger-In:11	52	fixation_point_on	absent	70	red	right	unaware	1	0
224.465	0.000	trigger_21	21	224465	Trigger-In:21	52	grating_on	absent	70	red	right	unaware	1	0
224.520	0.000	trigger_20	20	224520	Trigger-In:20	52	grating_off	absent	70	red	right	unaware	1	0
225.120	0.000	trigger_31	31	225120	Trigger-In:31	52	targets_on_fp_color_change	absent	70	red	right	unaware	1	0
225.745	0.000	trigger_201	201	225745	Trigger-In:201	52	trial_end_completed	absent	70	red	right	unaware	1	0
227.065	0.000	trigger_101	101	227065	Trigger-In:101	53	trial_start	staircase	14	green	right	aware	1	0
227.165	0.000	trigger_11	11	227165	Trigger-In:11	53	fixation_point_on	staircase	14	green	right	aware	1	0
227.765	0.000	trigger_21	21	227765	Trigger-In:21	53	grating_on	staircase	14	green	right	aware	1	0
227.820	0.000	trigger_20	20	227820	Trigger-In:20	53	grating_off	staircase	14	green	right	aware	1	0
228.420	0.000	trigger_31	31	228420	Trigger-In:31	53	targets_on_fp_color_change	staircase	14	green	right	aware	1	0
229.340	0.000	trigger_201	201	229340	Trigger-In:201	53	trial_end_completed	staircase	14	green	right	aware	1	0
230.410	0.000	trigger_101	101	230410	Trigger-In:101	54	trial_start	salient	0	red	right	unaware	1	0
230.515	0.000	trigger_11	11	230515	Trigger-In:11	54	fixation_point_on	salient	0	red	right	unaware	1	0
231.115	0.000	trigger_21	21	231115	Trigger-In:21	54	grating_on	salient	0	red	right	unaware	1	0
231.165	0.000	trigger_20	20	231165	Trigger-In:20	54	grating_off	salient	0	red	right	unaware	1	0
231.765	0.000	trigger_31	31	231765	Trigger-In:31	54	targets_on_fp_color_change	salient	0	red	right	unaware	1	0
233.165	0.000	trigger_201	201	233165	Trigger-In:201	54	trial_end_completed	salient	0	red	right	unaware	1	0
234.240	0.000	trigger_101	101	234240	Trigger-In:101	55	trial_start	staircase	13	green	left	unaware	1	0
234.345	0.000	trigger_11	11	234345	Trigger-In:11	55	fixation_point_on	staircase	13	green	left	unaware	1	0
234.945	0.000	trigger_21	21	234945	Trigger-In:21	55	grating_on	staircase	13	green	left	unaware	1	0
234.995	0.000	trigger_20	20	234995	Trigger-In:20	55	grating_off	staircase	13	green	left	unaware	1	0
235.595	0.000	trigger_31	31	235595	Trigger-In:31	55	targets_on_fp_color_change	staircase	13	green	left	unaware	1	0
236.700	0.000	trigger_201	201	236700	Trigger-In:201	55	trial_end_completed	staircase	13	green	left	unaware	1	0
237.770	0.000	trigger_101	101	237770	Trigger-In:101	56	trial_start	staircase	14	red	right	unaware	1	0
237.870	0.000	trigger_11	11	237870	Trigger-In:11	56	fixation_point_on	staircase	14	red	right	unaware	1	0
238.470	0.000	trigger_21	21	238470	Trigger-In:21	56	grating_on	staircase	14	red	right	unaware	1	0
238.520	0.000	trigger_20	20	238520	Trigger-In:20	56	grating_off	staircase	14	red	right	unaware	1	0
239.125	0.000	trigger_31	31	239125	Trigger-In:31	56	targets_on_fp_color_change	staircase	14	red	right	unaware	1	0
240.220	0.000	trigger_201	201	240220	Trigger-In:201	56	trial_end_completed	staircase	14	red	right	unaware	1	0
241.285	0.000	trigger_101	101	241285	Trigger-In:101	57	trial_start	staircase	15	green	left	unaware	1	0
241.390	0.000	trigger_11	11	241390	Trigger-In:11	57	fixation_point_on	staircase	15	green	left	unaware	1	0
241.990	0.000	trigger_21	21	241990	Trigger-In:21	57	grating_on	staircase	15	green	left	unaware	1	0
242.040	0.000	trigger_20	20	242040	Trigger-In:20	57	grating_off	staircase	15	green	left	unaware	1	0
242.640	0.000	trigger_31	31	242640	Trigger-In:31	57	targets_on_fp_color_change	staircase	15	green	left	unaware	1	0
243.890	0.000	trigger_201	201	243890	Trigger-In:201	57	trial_end_completed	staircase	15	green	left	unaware	1	0
244.960	0.000	trigger_101	101	244960	Trigger-In:101	58	trial_start	staircase	16	green	left	unaware	1	0
245.060	0.000	trigger_11	11	245060	Trigger-In:11	58	fixation_point_on	staircase	16	green	left	unaware	1	0
245.665	0.000	trigger_21	21	245665	Trigger-In:21	58	grating_on	staircase	16	green	left	unaware	1	0
245.715	0.000	trigger_20	20	245715	Trigger-In:20	58	grating_off	staircase	16	green	left	unaware	1	0
246.315	0.000	trigger_31	31	246315	Trigger-In:31	58	targets_on_fp_color_change	staircase	16	green	left	unaware	1	0
247.260	0.000	trigger_201	201	247260	Trigger-In:201	58	trial_end_completed	staircase	16	green	left	unaware	1	0
248.325	0.000	trigger_101	101	248325	Trigger-In:101	59	trial_start	staircase	17	red	right	unaware	1	0
248.435	0.000	trigger_11	11	248435	Trigger-In:11	59	fixation_point_on	staircase	17	red	right	unaware	1	0
249.035	0.000	trigger_21	21	249035	Trigger-In:21	59	grating_on	staircase	17	red	right	unaware	1	0
249.085	0.000	trigger_20	20	249085	Trigger-In:20	59	grating_off	staircase	17	red	right	unaware	1	0
249.685	0.000	trigger_31	31	249685	Trigger-In:31	59	targets_on_fp_color_change	staircase	17	red	right	unaware	1	0
250.675	0.000	trigger_201	201	250675	Trigger-In:201	59	trial_end_completed	staircase	17	red	right	unaware	1	0
251.740	0.000	trigger_101	101	251740	Trigger-In:101	60	trial_start	staircase	18	red	right	unaware	1	0
251.845	0.000	trigger_11	11	251845	Trigger-In:11	60	fixation_point_on	staircase	18	red	right	unaware	1	0
252.445	0.000	trigger_21	21	252445	Trigger-In:21	60	grating_on	staircase	18	red	right	unaware	1	0
252.495	0.000	trigger_20	20	252495	Trigger-In:20	60	grating_off	staircase	18	red	right	unaware	1	0
253.095	0.000	trigger_31	31	253095	Trigger-In:31	60	targets_on_fp_color_change	staircase	18	red	right	unaware	1	0
254.215	0.000	trigger_201	201	254215	Trigger-In:201	60	trial_end_completed	staircase	18	red	right	unaware	1	0
255.285	0.000	trigger_101	101	255285	Trigger-In:101	61	trial_start	salient	0	red	right	unaware	1	0
255.385	0.000	trigger_11	11	255385	Trigger-In:11	61	fixation_point_on	salient	0	red	right	unaware	1	0
255.990	0.000	trigger_21	21	255990	Trigger-In:21	61	grating_on	salient	0	red	right	unaware	1	0
256.040	0.000	trigger_20	20	256040	Trigger-In:20	61	grating_off	salient	0	red	right	unaware	1	0
256.640	0.000	trigger_31	31	256640	Trigger-In:31	61	targets_on_fp_color_change	salient	0	red	right	unaware	1	0
257.450	0.000	trigger_201	201	257450	Trigger-In:201	61	trial_end_completed	salient	0	red	right	unaware	1	0
258.515	0.000	trigger_101	101	258515	Trigger-In:101	62	trial_start	salient	0	green	left	unaware	1	0
258.620	0.000	trigger_11	11	258620	Trigger-In:11	62	fixation_point_on	salient	0	green	left	unaware	1	0
259.220	0.000	trigger_21	21	259220	Trigger-In:21	62	grating_on	salient	0	green	left	unaware	1	0
259.270	0.000	trigger_20	20	259270	Trigger-In:20	62	grating_off	salient	0	green	left	unaware	1	0
259.870	0.000	trigger_31	31	259870	Trigger-In:31	62	targets_on_fp_color_change	salient	0	green	left	unaware	1	0
261.270	0.000	trigger_201	201	261270	Trigger-In:201	62	trial_end_completed	salient	0	green	left	unaware	1	0
262.340	0.000	trigger_101	101	262340	Trigger-In:101	63	trial_start	staircase	19	red	left	aware	1	0
262.440	0.000	trigger_11	11	262440	Trigger-In:11	63	fixation_point_on	staircase	19	red	left	aware	1	0
263.045	0.000	trigger_21	21	263045	Trigger-In:21	63	grating_on	staircase	19	red	left	aware	1	0
263.095	0.000	trigger_20	20	263095	Trigger-In:20	63	grating_off	staircase	19	red	left	aware	1	0
263.695	0.000	trigger_31	31	263695	Trigger-In:31	63	targets_on_fp_color_change	staircase	19	red	left	aware	1	0
264.695	0.000	trigger_201	201	264695	Trigger-In:201	63	trial_end_completed	staircase	19	red	left	aware	1	0
265.765	0.000	trigger_101	101	265765	Trigger-In:101	64	trial_start	absent	70	green	right	aware	1	0
265.865	0.000	trigger_11	11	265865	Trigger-In:11	64	fixation_point_on	absent	70	green	right	aware	1	0
266.465	0.000	trigger_21	21	266465	Trigger-In:21	64	grating_on	absent	70	green	right	aware	1	0
266.515	0.000	trigger_20	20	266515	Trigger-In:20	64	grating_off	absent	70	green	right	aware	1	0
267.115	0.000	trigger_31	31	267115	Trigger-In:31	64	targets_on_fp_color_change	absent	70	green	right	aware	1	0
267.780	0.000	trigger_201	201	267780	Trigger-In:201	64	trial_end_completed	absent	70	green	right	aware	1	0
268.850	0.000	trigger_101	101	268850	Trigger-In:101	65	trial_start	salient	0	red	left	aware	1	0
268.955	0.000	trigger_11	11	268955	Trigger-In:11	65	fixation_point_on	salient	0	red	left	aware	1	0
269.555	0.000	trigger_21	21	269555	Trigger-In:21	65	grating_on	salient	0	red	left	aware	1	0
269.605	0.000	trigger_20	20	269605	Trigger-In:20	65	grating_off	salient	0	red	left	aware	1	0
270.205	0.000	trigger_31	31	270205	Trigger-In:31	65	targets_on_fp_color_change	salient	0	red	left	aware	1	0
271.445	0.000	trigger_201	201	271445	Trigger-In:201	65	trial_end_completed	salient	0	red	left	aware	1	0
272.765	0.000	trigger_101	101	272765	Trigger-In:101	66	trial_start	staircase	18	red	left	aware	1	0
272.870	0.000	trigger_11	11	272870	Trigger-In:11	66	fixation_point_on	staircase	18	red	left	aware	1	0
273.470	0.000	trigger_21	21	273470	Trigger-In:21	66	grating_on	staircase	18	red	left	aware	1	0
273.525	0.000	trigger_20	20	273525	Trigger-In:20	66	grating_off	staircase	18	red	left	aware	1	0
274.125	0.000	trigger_31	31	274125	Trigger-In:31	66	targets_on_fp_color_change	staircase	18	red	left	aware	1	0
275.005	0.000	trigger_201	201	275005	Trigger-In:201	66	trial_end_completed	staircase	18	red	left	aware	1	0
276.075	0.000	trigger_101	101	276075	Trigger-In:101	67	trial_start	staircase	17	green	right	aware	1	0
276.180	0.000	trigger_11	11	276180	Trigger-In:11	67	fixation_point_on	staircase	17	green	right	aware	1	0
276.780	0.000	trigger_21	21	276780	Trigger-In:21	67	grating_on	staircase	17	green	right	aware	1	0
276.830	0.000	trigger_20	20	276830	Trigger-In:20	67	grating_off	staircase	17	green	right	aware	1	0
277.430	0.000	trigger_31	31	277430	Trigger-In:31	67	targets_on_fp_color_change	staircase	17	green	right	aware	1	0
278.170	0.000	trigger_201	201	278170	Trigger-In:201	67	trial_end_completed	staircase	17	green	right	aware	1	0
279.235	0.000	trigger_101	101	279235	Trigger-In:101	68	trial_start	staircase	16	green	left	unaware	1	0
279.340	0.000	trigger_11	11	279340	Trigger-In:11	68	fixation_point_on	staircase	16	green	left	unaware	1	0
279.940	0.000	trigger_21	21	279940	Trigger-In:21	68	grating_on	staircase	16	green	left	unaware	1	0
279.990	0.000	trigger_20	20	279990	Trigger-In:20	68	grating_off	staircase	16	green	left	unaware	1	0
280.590	0.000	trigger_31	31	280590	Trigger-In:31	68	targets_on_fp_color_change	staircase	16	green	left	unaware	1	0
281.685	0.000	trigger_201	201	281685	Trigger-In:201	68	trial_end_completed	staircase	16	green	left	unaware	1	0
282.755	0.000	trigger_101	101	282755	Trigger-In:101	69	trial_start	staircase	17	green	right	aware	1	0
282.860	0.000	trigger_11	11	282860	Trigger-In:11	69	fixation_point_on	staircase	17	green	right	aware	1	0
283.460	0.000	trigger_21	21	283460	Trigger-In:21	69	grating_on	staircase	17	green	right	aware	1	0
283.510	0.000	trigger_20	20	283510	Trigger-In:20	69	grating_off	staircase	17	green	right	aware	1	0
284.110	0.000	trigger_31	31	284110	Trigger-In:31	69	targets_on_fp_color_change	staircase	17	green	right	aware	1	0
284.905	0.000	trigger_201	201	284905	Trigger-In:201	69	trial_end_completed	staircase	17	green	right	aware	1	0
285.970	0.000	trigger_101	101	285970	Trigger-In:101	70	trial_start	salient	0	green	left	unaware	1	0
286.075	0.000	trigger_11	11	286075	Trigger-In:11	70	fixation_point_on	salient	0	green	left	unaware	1	0
286.675	0.000	trigger_21	21	286675	Trigger-In:21	70	grating_on	salient	0	green	left	unaware	1	0
286.730	0.000	trigger_20	20	286730	Trigger-In:20	70	grating_off	salient	0	green	left	unaware	1	0
287.330	0.000	trigger_31	31	287330	Trigger-In:31	70	targets_on_fp_color_change	salient	0	green	left	unaware	1	0
288.900	0.000	trigger_201	201	288900	Trigger-In:201	70	trial_end_completed	salient	0	green	left	unaware	1	0
289.965	0.000	trigger_101	101	289965	Trigger-In:101	71	trial_start	salient	0	red	right	unaware	1	0
290.075	0.000	trigger_11	11	290075	Trigger-In:11	71	fixation_point_on	salient	0	red	right	unaware	1	0
290.675	0.000	trigger_21	21	290675	Trigger-In:21	71	grating_on	salient	0	red	right	unaware	1	0
290.725	0.000	trigger_20	20	290725	Trigger-In:20	71	grating_off	salient	0	red	right	unaware	1	0
291.325	0.000	trigger_31	31	291325	Trigger-In:31	71	targets_on_fp_color_change	salient	0	red	right	unaware	1	0
293.005	0.000	trigger_201	201	293005	Trigger-In:201	71	trial_end_completed	salient	0	red	right	unaware	1	0
294.075	0.000	trigger_101	101	294075	Trigger-In:101	72	trial_start	staircase	16	red	right	unaware	1	0
294.175	0.000	trigger_11	11	294175	Trigger-In:11	72	fixation_point_on	staircase	16	red	right	unaware	1	0
294.780	0.000	trigger_21	21	294780	Trigger-In:21	72	grating_on	staircase	16	red	right	unaware	1	0
294.830	0.000	trigger_20	20	294830	Trigger-In:20	72	grating_off	staircase	16	red	right	unaware	1	0
295.430	0.000	trigger_31	31	295430	Trigger-In:31	72	targets_on_fp_color_change	staircase	16	red	right	unaware	1	0
296.155	0.000	trigger_201	201	296155	Trigger-In:201	72	trial_end_completed	staircase	16	red	right	unaware	1	0
297.225	0.000	trigger_101	101	297225	Trigger-In:101	73	trial_start	staircase	17	green	right	aware	1	0
297.330	0.000	trigger_11	11	297330	Trigger-In:11	73	fixation_point_on	staircase	17	green	right	aware	1	0
297.930	0.000	trigger_21	21	297930	Trigger-In:21	73	grating_on	staircase	17	green	right	aware	1	0
297.980	0.000	trigger_20	20	297980	Trigger-In:20	73	grating_off	staircase	17	green	right	aware	1	0
298.580	0.000	trigger_31	31	298580	Trigger-In:31	73	targets_on_fp_color_change	staircase	17	green	right	aware	1	0
299.455	0.000	trigger_201	201	299455	Trigger-In:201	73	trial_end_completed	staircase	17	green	right	aware	1	0
300.525	0.000	trigger_101	101	300525	Trigger-In:101	74	trial_start	absent	70	green	right	aware	1	0
300.630	0.000	trigger_11	11	300630	Trigger-In:11	74	fixation_point_on	absent	70	green	right	aware	1	0
301.230	0.000	trigger_21	21	301230	Trigger-In:21	74	grating_on	absent	70	green	right	aware	1	0
301.280	0.000	trigger_20	20	301280	Trigger-In:20	74	grating_off	absent	70	green	right	aware	1	0
301.880	0.000	trigger_31	31	301880	Trigger-In:31	74	targets_on_fp_color_change	absent	70	green	right	aware	1	0
302.590	0.000	trigger_201	201	302590	Trigger-In:201	74	trial_end_completed	absent	70	green	right	aware	1	0
303.660	0.000	trigger_101	101	303660	Trigger-In:101	75	trial_start	staircase	16	green	left	unaware	1	0
303.765	0.000	trigger_11	11	303765	Trigger-In:11	75	fixation_point_on	staircase	16	green	left	unaware	1	0
304.365	0.000	trigger_21	21	304365	Trigger-In:21	75	grating_on	staircase	16	green	left	unaware	1	0
304.415	0.000	trigger_20	20	304415	Trigger-In:20	75	grating_off	staircase	16	green	left	unaware	1	0
305.015	0.000	trigger_31	31	305015	Trigger-In:31	75	targets_on_fp_color_change	staircase	16	green	left	unaware	1	0
306.300	0.000	trigger_201	201	306300	Trigger-In:201	75	trial_end_completed	staircase	16	green	left	unaware	1	0
307.365	0.000	trigger_101	101	307365	Trigger-In:101	76	trial_start	staircase	17	green	left	unaware	1	0
307.470	0.000	trigger_11	11	307470	Trigger-In:11	76	fixation_point_on	staircase	17	green	left	unaware	1	0
308.070	0.000	trigger_21	21	308070	Trigger-In:21	76	grating_on	staircase	17	green	left	unaware	1	0
308.125	0.000	trigger_20	20	308125	Trigger-In:20	76	grating_off	staircase	17	green	left	unaware	1	0
308.725	0.000	trigger_31	31	308725	Trigger-In:31	76	targets_on_fp_color_change	staircase	17	green	left	unaware	1	0
309.445	0.000	trigger_201	201	309445	Trigger-In:201	76	trial_end_completed	staircase	17	green	left	unaware	1	0
310.510	0.000	trigger_101	101	310510	Trigger-In:101	77	trial_start	staircase	18	red	left	aware	1	0
310.615	0.000	trigger_11	11	310615	Trigger-In:11	77	fixation_point_on	staircase	18	red	left	aware	1	0
311.215	0.000	trigger_21	21	311215	Trigger-In:21	77	grating_on	staircase	18	red	left	aware	1	0
311.270	0.000	trigger_20	20	311270	Trigger-In:20	77	grating_off	staircase	18	red	left	aware	1	0
311.870	0.000	trigger_31	31	311870	Trigger-In:31	77	targets_on_fp_color_change	staircase	18	red	left	aware	1	0
312.875	0.000	trigger_201	201	312875	Trigger-In:201	77	trial_end_completed	staircase	18	red	left	aware	1	0
313.945	0.000	trigger_101	101	313945	Trigger-In:101	78	trial_start	staircase	17	red	left	aware	1	0
314.050	0.000	trigger_11	11	314050	Trigger-In:11	78	fixation_point_on	staircase	17	red	left	aware	1	0
314.650	0.000	trigger_21	21	314650	Trigger-In:21	78	grating_on	staircase	17	red	left	aware	1	0
314.705	0.000	trigger_20	20	314705	Trigger-In:20	78	grating_off	staircase	17	red	left	aware	1	0
315.305	0.000	trigger_31	31	315305	Trigger-In:31	78	targets_on_fp_color_change	staircase	17	red	left	aware	1	0
316.090	0.000	trigger_201	201	316090	Trigger-In:201	78	trial_end_completed	staircase	17	red	left	aware	1	0
317.160	0.000	trigger_101	101	317160	Trigger-In:101	79	trial_start	salient	0	red	right	unaware	1	0
317.260	0.000	trigger_11	11	317260	Trigger-In:11	79	fixation_point_on	salient	0	red	right	unaware	1	0
317.860	0.000	trigger_21	21	317860	Trigger-In:21	79	grating_on	salient	0	red	right	unaware	1	0
317.910	0.000	trigger_20	20	317910	Trigger-In:20	79	grating_off	salient	0	red	right	unaware	1	0
318.515	0.000	trigger_31	31	318515	Trigger-In:31	79	targets_on_fp_color_change	salient	0	red	right	unaware	1	0
319.625	0.000	trigger_201	201	319625	Trigger-In:201	79	trial_end_completed	salient	0	red	right	unaware	1	0
320.695	0.000	trigger_101	101	320695	Trigger-In:101	80	trial_start	staircase	16	green	right	aware	1	0
320.795	0.000	trigger_11	11	320795	Trigger-In:11	80	fixation_point_on	staircase	16	green	right	aware	1	0
321.395	0.000	trigger_21	21	321395	Trigger-In:21	80	grating_on	staircase	16	green	right	aware	1	0
321.450	0.000	trigger_20	20	321450	Trigger-In:20	80	grating_off	staircase	16	green	right	aware	1	0
322.050	0.000	trigger_31	31	322050	Trigger-In:31	80	targets_on_fp_color_change	staircase	16	green	right	aware	1	0
322.700	0.000	trigger_201	201	322700	Trigger-In:201	80	trial_end_completed	staircase	16	green	right	aware	1	0
323.770	0.000	trigger_101	101	323770	Trigger-In:101	81	trial_start	staircase	15	red	right	unaware	1	0
323.875	0.000	trigger_11	11	323875	Trigger-In:11	81	fixation_point_on	staircase	15	red	right	unaware	1	0
324.475	0.000	trigger_21	21	324475	Trigger-In:21	81	grating_on	staircase	15	red	right	unaware	1	0
324.525	0.000	trigger_20	20	324525	Trigger-In:20	81	grating_off	staircase	15	red	right	unaware	1	0
325.125	0.000	trigger_31	31	325125	Trigger-In:31	81	targets_on_fp_color_change	staircase	15	red	right	unaware	1	0
326.750	0.000	trigger_201	201	326750	Trigger-In:201	81	trial_end_completed	staircase	15	red	right	unaware	1	0
327.815	0.000	trigger_101	101	327815	Trigger-In:101	82	trial_start	staircase	16	green	left	unaware	1	0
327.920	0.000	trigger_11	11	327920	Trigger-In:11	82	fixation_point_on	staircase	16	green	left	unaware	1	0
328.520	0.000	trigger_21	21	328520	Trigger-In:21	82	grating_on	staircase	16	green	left	unaware	1	0
328.570	0.000	trigger_20	20	328570	Trigger-In:20	82	grating_off	staircase	16	green	left	unaware	1	0
329.170	0.000	trigger_31	31	329170	Trigger-In:31	82	targets_on_fp_color_change	staircase	16	green	left	unaware	1	0
330.340	0.000	trigger_201	201	330340	Trigger-In:201	82	trial_end_completed	staircase	16	green	left	unaware	1	0
331.410	0.000	trigger_101	101	331410	Trigger-In:101	83	trial_start	salient	0	green	left	unaware	1	0
331.510	0.000	trigger_11	11	331510	Trigger-In:11	83	fixation_point_on	salient	0	green	left	unaware	1	0
332.110	0.000	trigger_21	21	332110	Trigger-In:21	83	grating_on	salient	0	green	left	unaware	1	0
332.160	0.000	trigger_20	20	332160	Trigger-In:20	83	grating_off	salient	0	green	left	unaware	1	0
332.760	0.000	trigger_31	31	332760	Trigger-In:31	83	targets_on_fp_color_change	salient	0	green	left	unaware	1	0
334.720	0.000	trigger_201	201	334720	Trigger-In:201	83	trial_end_completed	salient	0	green	left	unaware	1	0
335.785	0.000	trigger_101	101	335785	Trigger-In:101	84	trial_start	staircase	17	red	right	unaware	1	0
335.890	0.000	trigger_11	11	335890	Trigger-In:11	84	fixation_point_on	staircase	17	red	right	unaware	1	0
336.490	0.000	trigger_21	21	336490	Trigger-In:21	84	grating_on	staircase	17	red	right	unaware	1	0
336.540	0.000	trigger_20	20	336540	Trigger-In:20	84	grating_off	staircase	17	red	right	unaware	1	0
337.140	0.000	trigger_31	31	337140	Trigger-In:31	84	targets_on_fp_color_change	staircase	17	red	right	unaware	1	0
338.385	0.000	trigger_201	201	338385	Trigger-In:201	84	trial_end_completed	staircase	17	red	right	unaware	1	0
339.450	0.000	trigger_101	101	339450	Trigger-In:101	85	trial_start	salient	0	green	left	unaware	1	0
339.570	0.000	trigger_11	11	339570	Trigger-In:11	85	fixation_point_on	salient	0	green	left	unaware	1	0
340.175	0.000	trigger_21	21	340175	Trigger-In:21	85	grating_on	salient	0	green	left	unaware	1	0
340.225	0.000	trigger_20	20	340225	Trigger-In:20	85	grating_off	salient	0	green	left	unaware	1	0
340.825	0.000	trigger_31	31	340825	Trigger-In:31	85	targets_on_fp_color_change	salient	0	green	left	unaware	1	0
341.935	0.000	trigger_201	201	341935	Trigger-In:201	85	trial_end_completed	salient	0	green	left	unaware	1	0
343.005	0.000	trigger_101	101	343005	Trigger-In:101	86	trial_start	staircase	18	red	left	aware	1	0
343.110	0.000	trigger_11	11	343110	Trigger-In:11	86	fixation_point_on	staircase	18	red	left	aware	1	0
343.710	0.000	trigger_21	21	343710	Trigger-In:21	86	grating_on	staircase	18	red	left	aware	1	0
343.760	0.000	trigger_20	20	343760	Trigger-In:20	86	grating_off	staircase	18	red	left	aware	1	0
344.360	0.000	trigger_31	31	344360	Trigger-In:31	86	targets_on_fp_color_change	staircase	18	red	left	aware	1	0
345.500	0.000	trigger_201	201	345500	Trigger-In:201	86	trial_end_completed	staircase	18	red	left	aware	1	0
346.570	0.000	trigger_101	101	346570	Trigger-In:101	87	trial_start	staircase	17	green	right	aware	1	0
346.675	0.000	trigger_11	11	346675	Trigger-In:11	87	fixation_point_on	staircase	17	green	right	aware	1	0
347.280	0.000	trigger_21	21	347280	Trigger-In:21	87	grating_on	staircase	17	green	right	aware	1	0
347.330	0.000	trigger_20	20	347330	Trigger-In:20	87	grating_off	staircase	17	green	right	aware	1	0
347.930	0.000	trigger_31	31	347930	Trigger-In:31	87	targets_on_fp_color_change	staircase	17	green	right	aware	1	0
348.700	0.000	trigger_201	201	348700	Trigger-In:201	87	trial_end_completed	staircase	17	green	right	aware	1	0
349.770	0.000	trigger_101	101	349770	Trigger-In:101	88	trial_start	staircase	16	red	left	aware	1	0
349.870	0.000	trigger_11	11	349870	Trigger-In:11	88	fixation_point_on	staircase	16	red	left	aware	1	0
350.470	0.000	trigger_21	21	350470	Trigger-In:21	88	grating_on	staircase	16	red	left	aware	1	0
350.520	0.000	trigger_20	20	350520	Trigger-In:20	88	grating_off	staircase	16	red	left	aware	1	0
351.120	0.000	trigger_31	31	351120	Trigger-In:31	88	targets_on_fp_color_change	staircase	16	red	left	aware	1	0
352.075	0.000	trigger_201	201	352075	Trigger-In:201	88	trial_end_completed	staircase	16	red	left	aware	1	0
353.140	0.000	trigger_101	101	353140	Trigger-In:101	89	trial_start	staircase	15	green	right	aware	1	0
353.245	0.000	trigger_11	11	353245	Trigger-In:11	89	fixation_point_on	staircase	15	green	right	aware	1	0
353.845	0.000	trigger_21	21	353845	Trigger-In:21	89	grating_on	staircase	15	green	right	aware	1	0
353.895	0.000	trigger_20	20	353895	Trigger-In:20	89	grating_off	staircase	15	green	right	aware	1	0
354.495	0.000	trigger_31	31	354495	Trigger-In:31	89	targets_on_fp_color_change	staircase	15	green	right	aware	1	0
355.205	0.000	trigger_201	201	355205	Trigger-In:201	89	trial_end_completed	staircase	15	green	right	aware	1	0
356.275	0.000	trigger_101	101	356275	Trigger-In:101	90	trial_start	salient	0	green	left	unaware	1	0
356.375	0.000	trigger_11	11	356375	Trigger-In:11	90	fixation_point_on	salient	0	green	left	unaware	1	0
356.975	0.000	trigger_21	21	356975	Trigger-In:21	90	grating_on	salient	0	green	left	unaware	1	0
357.025	0.000	trigger_20	20	357025	Trigger-In:20	90	grating_off	salient	0	green	left	unaware	1	0
357.630	0.000	trigger_31	31	357630	Trigger-In:31	90	targets_on_fp_color_change	salient	0	green	left	unaware	1	0
359.100	0.000	trigger_201	201	359100	Trigger-In:201	90	trial_end_completed	salient	0	green	left	unaware	1	0
360.170	0.000	trigger_101	101	360170	Trigger-In:101	91	trial_start	staircase	14	red	right	unaware	1	0
360.275	0.000	trigger_11	11	360275	Trigger-In:11	91	fixation_point_on	staircase	14	red	right	unaware	1	0
360.880	0.000	trigger_21	21	360880	Trigger-In:21	91	grating_on	staircase	14	red	right	unaware	1	0
360.930	0.000	trigger_20	20	360930	Trigger-In:20	91	grating_off	staircase	14	red	right	unaware	1	0
361.530	0.000	trigger_31	31	361530	Trigger-In:31	91	targets_on_fp_color_change	staircase	14	red	right	unaware	1	0
362.715	0.000	trigger_201	201	362715	Trigger-In:201	91	trial_end_completed	staircase	14	red	right	unaware	1	0
363.780	0.000	trigger_101	101	363780	Trigger-In:101	92	trial_start	staircase	15	red	left	aware	1	0
363.890	0.000	trigger_11	11	363890	Trigger-In:11	92	fixation_point_on	staircase	15	red	left	aware	1	0
364.485	0.000	trigger_21	21	364485	Trigger-In:21	92	grating_on	staircase	15	red	left	aware	1	0
364.540	0.000	trigger_20	20	364540	Trigger-In:20	92	grating_off	staircase	15	red	left	aware	1	0
365.140	0.000	trigger_31	31	365140	Trigger-In:31	92	targets_on_fp_color_change	staircase	15	red	left	aware	1	0
366.070	0.000	trigger_201	201	366070	Trigger-In:201	92	trial_end_completed	staircase	15	red	left	aware	1	0
367.135	0.000	trigger_101	101	367135	Trigger-In:101	93	trial_start	staircase	14	green	right	aware	1	0
367.245	0.000	trigger_11	11	367245	Trigger-In:11	93	fixation_point_on	staircase	14	green	right	aware	1	0
367.845	0.000	trigger_21	21	367845	Trigger-In:21	93	grating_on	staircase	14	green	right	aware	1	0
367.895	0.000	trigger_20	20	367895	Trigger-In:20	93	grating_off	staircase	14	green	right	aware	1	0
368.495	0.000	trigger_31	31	368495	Trigger-In:31	93	targets_on_fp_color_change	staircase	14	green	right	aware	1	0
369.385	0.000	trigger_201	201	369385	Trigger-In:201	93	trial_end_completed	staircase	14	green	right	aware	1	0
370.450	0.000	trigger_101	101	370450	Trigger-In:101	94	trial_start	salient	0	green	left	unaware	1	0
370.560	0.000	trigger_11	11	370560	Trigger-In:11	94	fixation_point_on	salient	0	green	left	unaware	1	0
371.160	0.000	trigger_21	21	371160	Trigger-In:21	94	grating_on	salient	0	green	left	unaware	1	0
371.210	0.000	trigger_20	20	371210	Trigger-In:20	94	grating_off	salient	0	green	left	unaware	1	0
371.810	0.000	trigger_31	31	371810	Trigger-In:31	94	targets_on_fp_color_change	salient	0	green	left	unaware	1	0
372.820	0.000	trigger_201	201	372820	Trigger-In:201	94	trial_end_completed	salient	0	green	left	unaware	1	0
373.890	0.000	trigger_101	101	373890	Trigger-In:101	95	trial_start	staircase	13	green	right	aware	1	0
373.995	0.000	trigger_11	11	373995	Trigger-In:11	95	fixation_point_on	staircase	13	green	right	aware	1	0
374.595	0.000	trigger_21	21	374595	Trigger-In:21	95	grating_on	staircase	13	green	right	aware	1	0
374.645	0.000	trigger_20	20	374645	Trigger-In:20	95	grating_off	staircase	13	green	right	aware	1	0
375.245	0.000	trigger_31	31	375245	Trigger-In:31	95	targets_on_fp_color_change	staircase	13	green	right	aware	1	0
376.520	0.000	trigger_201	201	376520	Trigger-In:201	95	trial_end_completed	staircase	13	green	right	aware	1	0
377.585	0.000	trigger_101	101	377585	Trigger-In:101	96	trial_start	staircase	12	green	left	unaware	1	0
377.685	0.000	trigger_11	11	377685	Trigger-In:11	96	fixation_point_on	staircase	12	green	left	unaware	1	0
378.290	0.000	trigger_21	21	378290	Trigger-In:21	96	grating_on	staircase	12	green	left	unaware	1	0
378.340	0.000	trigger_20	20	378340	Trigger-In:20	96	grating_off	staircase	12	green	left	unaware	1	0
378.940	0.000	trigger_31	31	378940	Trigger-In:31	96	targets_on_fp_color_change	staircase	12	green	left	unaware	1	0
380.105	0.000	trigger_201	201	380105	Trigger-In:201	96	trial_end_completed	staircase	12	green	left	unaware	1	0
381.175	0.000	trigger_101	101	381175	Trigger-In:101	97	trial_start	staircase	13	red	n/a	n/a	0	0
381.280	0.000	trigger_11	11	381280	Trigger-In:11	97	fixation_point_on	staircase	13	red	n/a	n/a	0	0
381.880	0.000	trigger_21	21	381880	Trigger-In:21	97	grating_on	staircase	13	red	n/a	n/a	0	0
381.930	0.000	trigger_20	20	381930	Trigger-In:20	97	grating_off	staircase	13	red	n/a	n/a	0	0
382.535	0.000	trigger_31	31	382535	Trigger-In:31	97	targets_on_fp_color_change	staircase	13	red	n/a	n/a	0	0
384.500	0.000	trigger_203	203	384500	Trigger-In:203	97	trial_end_not_completed	staircase	13	red	n/a	n/a	0	0
385.600	0.000	trigger_101	101	385600	Trigger-In:101	98	trial_start	absent	70	red	left	aware	1	0
385.705	0.000	trigger_11	11	385705	Trigger-In:11	98	fixation_point_on	absent	70	red	left	aware	1	0
386.310	0.000	trigger_21	21	386310	Trigger-In:21	98	grating_on	absent	70	red	left	aware	1	0
386.360	0.000	trigger_20	20	386360	Trigger-In:20	98	grating_off	absent	70	red	left	aware	1	0
386.960	0.000	trigger_31	31	386960	Trigger-In:31	98	targets_on_fp_color_change	absent	70	red	left	aware	1	0
387.840	0.000	trigger_201	201	387840	Trigger-In:201	98	trial_end_completed	absent	70	red	left	aware	1	0
388.905	0.000	trigger_101	101	388905	Trigger-In:101	99	trial_start	staircase	13	green	left	unaware	1	0
389.010	0.000	trigger_11	11	389010	Trigger-In:11	99	fixation_point_on	staircase	13	green	left	unaware	1	0
389.610	0.000	trigger_21	21	389610	Trigger-In:21	99	grating_on	staircase	13	green	left	unaware	1	0
389.665	0.000	trigger_20	20	389665	Trigger-In:20	99	grating_off	staircase	13	green	left	unaware	1	0
390.265	0.000	trigger_31	31	390265	Trigger-In:31	99	targets_on_fp_color_change	staircase	13	green	left	unaware	1	0
391.300	0.000	trigger_201	201	391300	Trigger-In:201	99	trial_end_completed	staircase	13	green	left	unaware	1	0
392.370	0.000	trigger_101	101	392370	Trigger-In:101	100	trial_start	salient	0	green	left	unaware	1	0
392.475	0.000	trigger_11	11	392475	Trigger-In:11	100	fixation_point_on	salient	0	green	left	unaware	1	0
393.080	0.000	trigger_21	21	393080	Trigger-In:21	100	grating_on	salient	0	green	left	unaware	1	0
393.130	0.000	trigger_20	20	393130	Trigger-In:20	100	grating_off	salient	0	green	left	unaware	1	0
393.730	0.000	trigger_31	31	393730	Trigger-In:31	100	targets_on_fp_color_change	salient	0	green	left	unaware	1	0
394.665	0.000	trigger_201	201	394665	Trigger-In:201	100	trial_end_completed	salient	0	green	left	unaware	1	0
395.730	0.000	trigger_101	101	395730	Trigger-In:101	101	trial_start	staircase	14	red	right	unaware	1	0
395.835	0.000	trigger_11	11	395835	Trigger-In:11	101	fixation_point_on	staircase	14	red	right	unaware	1	0
396.435	0.000	trigger_21	21	396435	Trigger-In:21	101	grating_on	staircase	14	red	right	unaware	1	0
396.490	0.000	trigger_20	20	396490	Trigger-In:20	101	grating_off	staircase	14	red	right	unaware	1	0
397.090	0.000	trigger_31	31	397090	Trigger-In:31	101	targets_on_fp_color_change	staircase	14	red	right	unaware	1	0
398.130	0.000	trigger_201	201	398130	Trigger-In:201	101	trial_end_completed	staircase	14	red	right	unaware	1	0
399.200	0.000	trigger_101	101	399200	Trigger-In:101	102	trial_start	staircase	15	red	right	unaware	1	0
399.305	0.000	trigger_11	11	399305	Trigger-In:11	102	fixation_point_on	staircase	15	red	right	unaware	1	0
399.905	0.000	trigger_21	21	399905	Trigger-In:21	102	grating_on	staircase	15	red	right	unaware	1	0
399.955	0.000	trigger_20	20	399955	Trigger-In:20	102	grating_off	staircase	15	red	right	unaware	1	0
400.555	0.000	trigger_31	31	400555	Trigger-In:31	102	targets_on_fp_color_change	staircase	15	red	right	unaware	1	0
401.475	0.000	trigger_201	201	401475	Trigger-In:201	102	trial_end_completed	staircase	15	red	right	unaware	1	0
402.540	0.000	trigger_101	101	402540	Trigger-In:101	103	trial_start	staircase	16	red	right	unaware	1	0
402.645	0.000	trigger_11	11	402645	Trigger-In:11	103	fixation_point_on	staircase	16	red	right	unaware	1	0
403.245	0.000	trigger_21	21	403245	Trigger-In:21	103	grating_on	staircase	16	red	right	unaware	1	0
403.295	0.000	trigger_20	20	403295	Trigger-In:20	103	grating_off	staircase	16	red	right	unaware	1	0
403.895	0.000	trigger_31	31	403895	Trigger-In:31	103	targets_on_fp_color_change	staircase	16	red	right	unaware	1	0
404.755	0.000	trigger_201	201	404755	Trigger-In:201	103	trial_end_completed	staircase	16	red	right	unaware	1	0
405.825	0.000	trigger_101	101	405825	Trigger-In:101	104	trial_start	salient	0	green	left	unaware	1	0
405.925	0.000	trigger_11	11	405925	Trigger-In:11	104	fixation_point_on	salient	0	green	left	unaware	1	0
406.525	0.000	trigger_21	21	406525	Trigger-In:21	104	grating_on	salient	0	green	left	unaware	1	0
406.575	0.000	trigger_20	20	406575	Trigger-In:20	104	grating_off	salient	0	green	left	unaware	1	0
407.175	0.000	trigger_31	31	407175	Trigger-In:31	104	targets_on_fp_color_change	salient	0	green	left	unaware	1	0
408.225	0.000	trigger_201	201	408225	Trigger-In:201	104	trial_end_completed	salient	0	green	left	unaware	1	0
409.295	0.000	trigger_101	101	409295	Trigger-In:101	105	trial_start	salient	0	green	left	unaware	1	0
409.450	0.000	trigger_11	11	409450	Trigger-In:11	105	fixation_point_on	salient	0	green	left	unaware	1	0
410.050	0.000	trigger_21	21	410050	Trigger-In:21	105	grating_on	salient	0	green	left	unaware	1	0
410.100	0.000	trigger_20	20	410100	Trigger-In:20	105	grating_off	salient	0	green	left	unaware	1	0
410.700	0.000	trigger_31	31	410700	Trigger-In:31	105	targets_on_fp_color_change	salient	0	green	left	unaware	1	0
411.530	0.000	trigger_201	201	411530	Trigger-In:201	105	trial_end_completed	salient	0	green	left	unaware	1	0
412.595	0.000	trigger_101	101	412595	Trigger-In:101	106	trial_start	salient	0	green	left	unaware	1	0
412.705	0.000	trigger_11	11	412705	Trigger-In:11	106	fixation_point_on	salient	0	green	left	unaware	1	0
413.305	0.000	trigger_21	21	413305	Trigger-In:21	106	grating_on	salient	0	green	left	unaware	1	0
413.355	0.000	trigger_20	20	413355	Trigger-In:20	106	grating_off	salient	0	green	left	unaware	1	0
413.955	0.000	trigger_31	31	413955	Trigger-In:31	106	targets_on_fp_color_change	salient	0	green	left	unaware	1	0
414.670	0.000	trigger_201	201	414670	Trigger-In:201	106	trial_end_completed	salient	0	green	left	unaware	1	0
415.740	0.000	trigger_101	101	415740	Trigger-In:101	107	trial_start	staircase	17	red	right	unaware	1	0
415.840	0.000	trigger_11	11	415840	Trigger-In:11	107	fixation_point_on	staircase	17	red	right	unaware	1	0
416.440	0.000	trigger_21	21	416440	Trigger-In:21	107	grating_on	staircase	17	red	right	unaware	1	0
416.495	0.000	trigger_20	20	416495	Trigger-In:20	107	grating_off	staircase	17	red	right	unaware	1	0
417.095	0.000	trigger_31	31	417095	Trigger-In:31	107	targets_on_fp_color_change	staircase	17	red	right	unaware	1	0
418.685	0.000	trigger_201	201	418685	Trigger-In:201	107	trial_end_completed	staircase	17	red	right	unaware	1	0
419.755	0.000	trigger_101	101	419755	Trigger-In:101	108	trial_start	staircase	18	green	right	aware	1	0
419.860	0.000	trigger_11	11	419860	Trigger-In:11	108	fixation_point_on	staircase	18	green	right	aware	1	0
420.460	0.000	trigger_21	21	420460	Trigger-In:21	108	grating_on	staircase	18	green	right	aware	1	0
420.510	0.000	trigger_20	20	420510	Trigger-In:20	108	grating_off	staircase	18	green	right	aware	1	0
421.110	0.000	trigger_31	31	421110	Trigger-In:31	108	targets_on_fp_color_change	staircase	18	green	right	aware	1	0
421.865	0.000	trigger_201	201	421865	Trigger-In:201	108	trial_end_completed	staircase	18	green	right	aware	1	0
422.930	0.000	trigger_101	101	422930	Trigger-In:101	109	trial_start	staircase	17	red	left	aware	1	0
423.035	0.000	trigger_11	11	423035	Trigger-In:11	109	fixation_point_on	staircase	17	red	left	aware	1	0
423.635	0.000	trigger_21	21	423635	Trigger-In:21	109	grating_on	staircase	17	red	left	aware	1	0
423.685	0.000	trigger_20	20	423685	Trigger-In:20	109	grating_off	staircase	17	red	left	aware	1	0
424.285	0.000	trigger_31	31	424285	Trigger-In:31	109	targets_on_fp_color_change	staircase	17	red	left	aware	1	0
425.590	0.000	trigger_201	201	425590	Trigger-In:201	109	trial_end_completed	staircase	17	red	left	aware	1	0
426.660	0.000	trigger_101	101	426660	Trigger-In:101	110	trial_start	staircase	16	green	left	unaware	1	0
426.765	0.000	trigger_11	11	426765	Trigger-In:11	110	fixation_point_on	staircase	16	green	left	unaware	1	0
427.365	0.000	trigger_21	21	427365	Trigger-In:21	110	grating_on	staircase	16	green	left	unaware	1	0
427.415	0.000	trigger_20	20	427415	Trigger-In:20	110	grating_off	staircase	16	green	left	unaware	1	0
428.015	0.000	trigger_31	31	428015	Trigger-In:31	110	targets_on_fp_color_change	staircase	16	green	left	unaware	1	0
429.630	0.000	trigger_201	201	429630	Trigger-In:201	110	trial_end_completed	staircase	16	green	left	unaware	1	0
430.700	0.000	trigger_101	101	430700	Trigger-In:101	111	trial_start	staircase	17	green	right	aware	1	0
430.805	0.000	trigger_11	11	430805	Trigger-In:11	111	fixation_point_on	staircase	17	green	right	aware	1	0
431.405	0.000	trigger_21	21	431405	Trigger-In:21	111	grating_on	staircase	17	green	right	aware	1	0
431.455	0.000	trigger_20	20	431455	Trigger-In:20	111	grating_off	staircase	17	green	right	aware	1	0
432.055	0.000	trigger_31	31	432055	Trigger-In:31	111	targets_on_fp_color_change	staircase	17	green	right	aware	1	0
432.835	0.000	trigger_201	201	432835	Trigger-In:201	111	trial_end_completed	staircase	17	green	right	aware	1	0
433.900	0.000	trigger_101	101	433900	Trigger-In:101	112	trial_start	staircase	16	red	left	aware	1	0
434.010	0.000	trigger_11	11	434010	Trigger-In:11	112	fixation_point_on	staircase	16	red	left	aware	1	0
434.610	0.000	trigger_21	21	434610	Trigger-In:21	112	grating_on	staircase	16	red	left	aware	1	0
434.660	0.000	trigger_20	20	434660	Trigger-In:20	112	grating_off	staircase	16	red	left	aware	1	0
435.260	0.000	trigger_31	31	435260	Trigger-In:31	112	targets_on_fp_color_change	staircase	16	red	left	aware	1	0
436.360	0.000	trigger_201	201	436360	Trigger-In:201	112	trial_end_completed	staircase	16	red	left	aware	1	0
437.430	0.000	trigger_101	101	437430	Trigger-In:101	113	trial_start	staircase	15	red	right	unaware	1	0
437.535	0.000	trigger_11	11	437535	Trigger-In:11	113	fixation_point_on	staircase	15	red	right	unaware	1	0
438.140	0.000	trigger_21	21	438140	Trigger-In:21	113	grating_on	staircase	15	red	right	unaware	1	0
438.190	0.000	trigger_20	20	438190	Trigger-In:20	113	grating_off	staircase	15	red	right	unaware	1	0
438.790	0.000	trigger_31	31	438790	Trigger-In:31	113	targets_on_fp_color_change	staircase	15	red	right	unaware	1	0
439.330	0.000	trigger_201	201	439330	Trigger-In:201	113	trial_end_completed	staircase	15	red	right	unaware	1	0
440.395	0.000	trigger_101	101	440395	Trigger-In:101	114	trial_start	staircase	16	red	left	aware	1	0
440.505	0.000	trigger_11	11	440505	Trigger-In:11	114	fixation_point_on	staircase	16	red	left	aware	1	0
441.105	0.000	trigger_21	21	441105	Trigger-In:21	114	grating_on	staircase	16	red	left	aware	1	0
441.155	0.000	trigger_20	20	441155	Trigger-In:20	114	grating_off	staircase	16	red	left	aware	1	0
441.755	0.000	trigger_31	31	441755	Trigger-In:31	114	targets_on_fp_color_change	staircase	16	red	left	aware	1	0
442.680	0.000	trigger_201	201	442680	Trigger-In:201	114	trial_end_completed	staircase	16	red	left	aware	1	0
443.750	0.000	trigger_101	101	443750	Trigger-In:101	115	trial_start	staircase	15	red	right	unaware	1	0
443.850	0.000	trigger_11	11	443850	Trigger-In:11	115	fixation_point_on	staircase	15	red	right	unaware	1	0
444.450	0.000	trigger_21	21	444450	Trigger-In:21	115	grating_on	staircase	15	red	right	unaware	1	0
444.505	0.000	trigger_20	20	444505	Trigger-In:20	115	grating_off	staircase	15	red	right	unaware	1	0
445.105	0.000	trigger_31	31	445105	Trigger-In:31	115	targets_on_fp_color_change	staircase	15	red	right	unaware	1	0
446.505	0.000	trigger_201	201	446505	Trigger-In:201	115	trial_end_completed	staircase	15	red	right	unaware	1	0
447.570	0.000	trigger_101	101	447570	Trigger-In:101	116	trial_start	staircase	16	green	n/a	n/a	0	0
447.675	0.000	trigger_11	11	447675	Trigger-In:11	116	fixation_point_on	staircase	16	green	n/a	n/a	0	0
448.275	0.000	trigger_21	21	448275	Trigger-In:21	116	grating_on	staircase	16	green	n/a	n/a	0	0
448.325	0.000	trigger_20	20	448325	Trigger-In:20	116	grating_off	staircase	16	green	n/a	n/a	0	0
448.925	0.000	trigger_31	31	448925	Trigger-In:31	116	targets_on_fp_color_change	staircase	16	green	n/a	n/a	0	0
450.890	0.000	trigger_203	203	450890	Trigger-In:203	116	trial_end_not_completed	staircase	16	green	n/a	n/a	0	0
451.990	0.000	trigger_101	101	451990	Trigger-In:101	117	trial_start	staircase	16	red	left	aware	1	0
452.150	0.000	trigger_11	11	452150	Trigger-In:11	117	fixation_point_on	staircase	16	red	left	aware	1	0
452.750	0.000	trigger_21	21	452750	Trigger-In:21	117	grating_on	staircase	16	red	left	aware	1	0
452.800	0.000	trigger_20	20	452800	Trigger-In:20	117	grating_off	staircase	16	red	left	aware	1	0
453.400	0.000	trigger_31	31	453400	Trigger-In:31	117	targets_on_fp_color_change	staircase	16	red	left	aware	1	0
454.455	0.000	trigger_201	201	454455	Trigger-In:201	117	trial_end_completed	staircase	16	red	left	aware	1	0
455.520	0.000	trigger_101	101	455520	Trigger-In:101	118	trial_start	absent	70	red	left	aware	1	0
455.625	0.000	trigger_11	11	455625	Trigger-In:11	118	fixation_point_on	absent	70	red	left	aware	1	0
456.230	0.000	trigger_21	21	456230	Trigger-In:21	118	grating_on	absent	70	red	left	aware	1	0
456.280	0.000	trigger_20	20	456280	Trigger-In:20	118	grating_off	absent	70	red	left	aware	1	0
456.880	0.000	trigger_31	31	456880	Trigger-In:31	118	targets_on_fp_color_change	absent	70	red	left	aware	1	0
457.815	0.000	trigger_201	201	457815	Trigger-In:201	118	trial_end_completed	absent	70	red	left	aware	1	0
458.885	0.000	trigger_101	101	458885	Trigger-In:101	119	trial_start	salient	0	green	right	aware	1	0
458.985	0.000	trigger_11	11	458985	Trigger-In:11	119	fixation_point_on	salient	0	green	right	aware	1	0
459.585	0.000	trigger_21	21	459585	Trigger-In:21	119	grating_on	salient	0	green	right	aware	1	0
459.635	0.000	trigger_20	20	459635	Trigger-In:20	119	grating_off	salient	0	green	right	aware	1	0
460.235	0.000	trigger_31	31	460235	Trigger-In:31	119	targets_on_fp_color_change	salient	0	green	right	aware	1	0
461.765	0.000	trigger_201	201	461765	Trigger-In:201	119	trial_end_completed	salient	0	green	right	aware	1	0
463.085	0.000	trigger_101	101	463085	Trigger-In:101	120	trial_start	staircase	15	red	left	aware	1	0
463.565	0.000	trigger_11	11	463565	Trigger-In:11	120	fixation_point_on	staircase	15	red	left	aware	1	0
464.170	0.000	trigger_21	21	464170	Trigger-In:21	120	grating_on	staircase	15	red	left	aware	1	0
464.220	0.000	trigger_20	20	464220	Trigger-In:20	120	grating_off	staircase	15	red	left	aware	1	0
464.820	0.000	trigger_31	31	464820	Trigger-In:31	120	targets_on_fp_color_change	staircase	15	red	left	aware	1	0
466.045	0.000	trigger_201	201	466045	Trigger-In:201	120	trial_end_completed	staircase	15	red	left	aware	1	0
467.115	0.000	trigger_101	101	467115	Trigger-In:101	121	trial_start	salient	0	green	left	unaware	1	0
467.220	0.000	trigger_11	11	467220	Trigger-In:11	121	fixation_point_on	salient	0	green	left	unaware	1	0
467.820	0.000	trigger_21	21	467820	Trigger-In:21	121	grating_on	salient	0	green	left	unaware	1	0
467.870	0.000	trigger_20	20	467870	Trigger-In:20	121	grating_off	salient	0	green	left	unaware	1	0
468.470	0.000	trigger_31	31	468470	Trigger-In:31	121	targets_on_fp_color_change	salient	0	green	left	unaware	1	0
469.380	0.000	trigger_201	201	469380	Trigger-In:201	121	trial_end_completed	salient	0	green	left	unaware	1	0
470.450	0.000	trigger_101	101	470450	Trigger-In:101	122	trial_start	absent	70	red	left	aware	1	0
470.555	0.000	trigger_11	11	470555	Trigger-In:11	122	fixation_point_on	absent	70	red	left	aware	1	0
471.155	0.000	trigger_21	21	471155	Trigger-In:21	122	grating_on	absent	70	red	left	aware	1	0
471.205	0.000	trigger_20	20	471205	Trigger-In:20	122	grating_off	absent	70	red	left	aware	1	0
471.810	0.000	trigger_31	31	471810	Trigger-In:31	122	targets_on_fp_color_change	absent	70	red	left	aware	1	0
472.600	0.000	trigger_201	201	472600	Trigger-In:201	122	trial_end_completed	absent	70	red	left	aware	1	0
473.665	0.000	trigger_101	101	473665	Trigger-In:101	123	trial_start	staircase	14	green	right	aware	1	0
473.775	0.000	trigger_11	11	473775	Trigger-In:11	123	fixation_point_on	staircase	14	green	right	aware	1	0
474.375	0.000	trigger_21	21	474375	Trigger-In:21	123	grating_on	staircase	14	green	right	aware	1	0
474.425	0.000	trigger_20	20	474425	Trigger-In:20	123	grating_off	staircase	14	green	right	aware	1	0
475.025	0.000	trigger_31	31	475025	Trigger-In:31	123	targets_on_fp_color_change	staircase	14	green	right	aware	1	0
476.090	0.000	trigger_201	201	476090	Trigger-In:201	123	trial_end_completed	staircase	14	green	right	aware	1	0
477.160	0.000	trigger_101	101	477160	Trigger-In:101	124	trial_start	staircase	13	red	right	unaware	1	0
477.265	0.000	trigger_11	11	477265	Trigger-In:11	124	fixation_point_on	staircase	13	red	right	unaware	1	0
477.865	0.000	trigger_21	21	477865	Trigger-In:21	124	grating_on	staircase	13	red	right	unaware	1	0
477.920	0.000	trigger_20	20	477920	Trigger-In:20	124	grating_off	staircase	13	red	right	unaware	1	0
478.520	0.000	trigger_31	31	478520	Trigger-In:31	124	targets_on_fp_color_change	staircase	13	red	right	unaware	1	0
480.030	0.000	trigger_201	201	480030	Trigger-In:201	124	trial_end_completed	staircase	13	red	right	unaware	1	0
481.100	0.000	trigger_101	101	481100	Trigger-In:101	125	trial_start	salient	0	red	right	unaware	1	0
481.205	0.000	trigger_11	11	481205	Trigger-In:11	125	fixation_point_on	salient	0	red	right	unaware	1	0
481.805	0.000	trigger_21	21	481805	Trigger-In:21	125	grating_on	salient	0	red	right	unaware	1	0
481.855	0.000	trigger_20	20	481855	Trigger-In:20	125	grating_off	salient	0	red	right	unaware	1	0
482.460	0.000	trigger_31	31	482460	Trigger-In:31	125	targets_on_fp_color_change	salient	0	red	right	unaware	1	0
483.335	0.000	trigger_201	201	483335	Trigger-In:201	125	trial_end_completed	salient	0	red	right	unaware	1	0
484.400	0.000	trigger_101	101	484400	Trigger-In:101	126	trial_start	staircase	14	green	left	unaware	1	0
484.510	0.000	trigger_11	11	484510	Trigger-In:11	126	fixation_point_on	staircase	14	green	left	unaware	1	0
485.110	0.000	trigger_21	21	485110	Trigger-In:21	126	grating_on	staircase	14	green	left	unaware	1	0
485.160	0.000	trigger_20	20	485160	Trigger-In:20	126	grating_off	staircase	14	green	left	unaware	1	0
485.760	0.000	trigger_31	31	485760	Trigger-In:31	126	targets_on_fp_color_change	staircase	14	green	left	unaware	1	0
486.585	0.000	trigger_201	201	486585	Trigger-In:201	126	trial_end_completed	staircase	14	green	left	unaware	1	0
487.650	0.000	trigger_101	101	487650	Trigger-In:101	127	trial_start	staircase	15	red	right	unaware	1	0
487.755	0.000	trigger_11	11	487755	Trigger-In:11	127	fixation_point_on	staircase	15	red	right	unaware	1	0
488.360	0.000	trigger_21	21	488360	Trigger-In:21	127	grating_on	staircase	15	red	right	unaware	1	0
488.410	0.000	trigger_20	20	488410	Trigger-In:20	127	grating_off	staircase	15	red	right	unaware	1	0
489.010	0.000	trigger_31	31	489010	Trigger-In:31	127	targets_on_fp_color_change	staircase	15	red	right	unaware	1	0
490.350	0.000	trigger_201	201	490350	Trigger-In:201	127	trial_end_completed	staircase	15	red	right	unaware	1	0
491.420	0.000	trigger_101	101	491420	Trigger-In:101	128	trial_start	staircase	16	red	right	unaware	1	0
491.525	0.000	trigger_11	11	491525	Trigger-In:11	128	fixation_point_on	staircase	16	red	right	unaware	1	0
492.130	0.000	trigger_21	21	492130	Trigger-In:21	128	grating_on	staircase	16	red	right	unaware	1	0
492.180	0.000	trigger_20	20	492180	Trigger-In:20	128	grating_off	staircase	16	red	right	unaware	1	0
492.780	0.000	trigger_31	31	492780	Trigger-In:31	128	targets_on_fp_color_change	staircase	16	red	right	unaware	1	0
494.325	0.000	trigger_201	201	494325	Trigger-In:201	128	trial_end_completed	staircase	16	red	right	unaware	1	0
495.395	0.000	trigger_101	101	495395	Trigger-In:101	129	trial_start	salient	0	green	left	unaware	1	0
495.500	0.000	trigger_11	11	495500	Trigger-In:11	129	fixation_point_on	salient	0	green	left	unaware	1	0
496.100	0.000	trigger_21	21	496100	Trigger-In:21	129	grating_on	salient	0	green	left	unaware	1	0
496.150	0.000	trigger_20	20	496150	Trigger-In:20	129	grating_off	salient	0	green	left	unaware	1	0
496.750	0.000	trigger_31	31	496750	Trigger-In:31	129	targets_on_fp_color_change	salient	0	green	left	unaware	1	0
497.685	0.000	trigger_201	201	497685	Trigger-In:201	129	trial_end_completed	salient	0	green	left	unaware	1	0
498.755	0.000	trigger_101	101	498755	Trigger-In:101	130	trial_start	absent	70	green	right	aware	1	0
498.860	0.000	trigger_11	11	498860	Trigger-In:11	130	fixation_point_on	absent	70	green	right	aware	1	0
499.460	0.000	trigger_21	21	499460	Trigger-In:21	130	grating_on	absent	70	green	right	aware	1	0
499.510	0.000	trigger_20	20	499510	Trigger-In:20	130	grating_off	absent	70	green	right	aware	1	0
500.110	0.000	trigger_31	31	500110	Trigger-In:31	130	targets_on_fp_color_change	absent	70	green	right	aware	1	0
500.835	0.000	trigger_201	201	500835	Trigger-In:201	130	trial_end_completed	absent	70	green	right	aware	1	0
501.905	0.000	trigger_101	101	501905	Trigger-In:101	131	trial_start	staircase	17	green	left	unaware	1	0
502.010	0.000	trigger_11	11	502010	Trigger-In:11	131	fixation_point_on	staircase	17	green	left	unaware	1	0
502.610	0.000	trigger_21	21	502610	Trigger-In:21	131	grating_on	staircase	17	green	left	unaware	1	0
502.660	0.000	trigger_20	20	502660	Trigger-In:20	131	grating_off	staircase	17	green	left	unaware	1	0
503.260	0.000	trigger_31	31	503260	Trigger-In:31	131	targets_on_fp_color_change	staircase	17	green	left	unaware	1	0
504.665	0.000	trigger_201	201	504665	Trigger-In:201	131	trial_end_completed	staircase	17	green	left	unaware	1	0
505.735	0.000	trigger_101	101	505735	Trigger-In:101	132	trial_start	staircase	18	red	right	unaware	1	0
505.840	0.000	trigger_11	11	505840	Trigger-In:11	132	fixation_point_on	staircase	18	red	right	unaware	1	0
506.440	0.000	trigger_21	21	506440	Trigger-In:21	132	grating_on	staircase	18	red	right	unaware	1	0
506.495	0.000	trigger_20	20	506495	Trigger-In:20	132	grating_off	staircase	18	red	right	unaware	1	0
507.095	0.000	trigger_31	31	507095	Trigger-In:31	132	targets_on_fp_color_change	staircase	18	red	right	unaware	1	0
508.490	0.000	trigger_201	201	508490	Trigger-In:201	132	trial_end_completed	staircase	18	red	right	unaware	1	0
509.560	0.000	trigger_101	101	509560	Trigger-In:101	133	trial_start	absent	70	red	left	aware	1	0
509.665	0.000	trigger_11	11	509665	Trigger-In:11	133	fixation_point_on	absent	70	red	left	aware	1	0
510.265	0.000	trigger_21	21	510265	Trigger-In:21	133	grating_on	absent	70	red	left	aware	1	0
510.315	0.000	trigger_20	20	510315	Trigger-In:20	133	grating_off	absent	70	red	left	aware	1	0
510.915	0.000	trigger_31	31	510915	Trigger-In:31	133	targets_on_fp_color_change	absent	70	red	left	aware	1	0
511.740	0.000	trigger_201	201	511740	Trigger-In:201	133	trial_end_completed	absent	70	red	left	aware	1	0
512.810	0.000	trigger_101	101	512810	Trigger-In:101	134	trial_start	staircase	19	red	left	aware	1	0
512.915	0.000	trigger_11	11	512915	Trigger-In:11	134	fixation_point_on	staircase	19	red	left	aware	1	0
513.515	0.000	trigger_21	21	513515	Trigger-In:21	134	grating_on	staircase	19	red	left	aware	1	0
513.565	0.000	trigger_20	20	513565	Trigger-In:20	134	grating_off	staircase	19	red	left	aware	1	0
514.165	0.000	trigger_31	31	514165	Trigger-In:31	134	targets_on_fp_color_change	staircase	19	red	left	aware	1	0
515.225	0.000	trigger_201	201	515225	Trigger-In:201	134	trial_end_completed	staircase	19	red	left	aware	1	0
516.295	0.000	trigger_101	101	516295	Trigger-In:101	135	trial_start	absent	70	red	left	aware	1	0
516.400	0.000	trigger_11	11	516400	Trigger-In:11	135	fixation_point_on	absent	70	red	left	aware	1	0
517.000	0.000	trigger_21	21	517000	Trigger-In:21	135	grating_on	absent	70	red	left	aware	1	0
517.050	0.000	trigger_20	20	517050	Trigger-In:20	135	grating_off	absent	70	red	left	aware	1	0
517.650	0.000	trigger_31	31	517650	Trigger-In:31	135	targets_on_fp_color_change	absent	70	red	left	aware	1	0
518.335	0.000	trigger_201	201	518335	Trigger-In:201	135	trial_end_completed	absent	70	red	left	aware	1	0
519.405	0.000	trigger_101	101	519405	Trigger-In:101	136	trial_start	staircase	18	green	right	aware	1	0
519.510	0.000	trigger_11	11	519510	Trigger-In:11	136	fixation_point_on	staircase	18	green	right	aware	1	0
520.110	0.000	trigger_21	21	520110	Trigger-In:21	136	grating_on	staircase	18	green	right	aware	1	0
520.160	0.000	trigger_20	20	520160	Trigger-In:20	136	grating_off	staircase	18	green	right	aware	1	0
520.760	0.000	trigger_31	31	520760	Trigger-In:31	136	targets_on_fp_color_change	staircase	18	green	right	aware	1	0
521.730	0.000	trigger_201	201	521730	Trigger-In:201	136	trial_end_completed	staircase	18	green	right	aware	1	0
522.800	0.000	trigger_101	101	522800	Trigger-In:101	137	trial_start	staircase	17	green	right	aware	1	0
522.905	0.000	trigger_11	11	522905	Trigger-In:11	137	fixation_point_on	staircase	17	green	right	aware	1	0
523.505	0.000	trigger_21	21	523505	Trigger-In:21	137	grating_on	staircase	17	green	right	aware	1	0
523.555	0.000	trigger_20	20	523555	Trigger-In:20	137	grating_off	staircase	17	green	right	aware	1	0
524.155	0.000	trigger_31	31	524155	Trigger-In:31	137	targets_on_fp_color_change	staircase	17	green	right	aware	1	0
525.080	0.000	trigger_201	201	525080	Trigger-In:201	137	trial_end_completed	staircase	17	green	right	aware	1	0
526.150	0.000	trigger_101	101	526150	Trigger-In:101	138	trial_start	staircase	16	green	right	aware	1	0
526.255	0.000	trigger_11	11	526255	Trigger-In:11	138	fixation_point_on	staircase	16	green	right	aware	1	0
526.855	0.000	trigger_21	21	526855	Trigger-In:21	138	grating_on	staircase	16	green	right	aware	1	0
526.905	0.000	trigger_20	20	526905	Trigger-In:20	138	grating_off	staircase	16	green	right	aware	1	0
527.505	0.000	trigger_31	31	527505	Trigger-In:31	138	targets_on_fp_color_change	staircase	16	green	right	aware	1	0
528.160	0.000	trigger_201	201	528160	Trigger-In:201	138	trial_end_completed	staircase	16	green	right	aware	1	0
529.230	0.000	trigger_101	101	529230	Trigger-In:101	139	trial_start	staircase	15	green	right	aware	1	0
529.335	0.000	trigger_11	11	529335	Trigger-In:11	139	fixation_point_on	staircase	15	green	right	aware	1	0
529.935	0.000	trigger_21	21	529935	Trigger-In:21	139	grating_on	staircase	15	green	right	aware	1	0
529.985	0.000	trigger_20	20	529985	Trigger-In:20	139	grating_off	staircase	15	green	right	aware	1	0
530.585	0.000	trigger_31	31	530585	Trigger-In:31	139	targets_on_fp_color_change	staircase	15	green	right	aware	1	0
531.250	0.000	trigger_201	201	531250	Trigger-In:201	139	trial_end_completed	staircase	15	green	right	aware	1	0
532.325	0.000	trigger_101	101	532325	Trigger-In:101	140	trial_start	staircase	14	green	left	unaware	1	0
532.425	0.000	trigger_11	11	532425	Trigger-In:11	140	fixation_point_on	staircase	14	green	left	unaware	1	0
533.030	0.000	trigger_21	21	533030	Trigger-In:21	140	grating_on	staircase	14	green	left	unaware	1	0
533.080	0.000	trigger_20	20	533080	Trigger-In:20	140	grating_off	staircase	14	green	left	unaware	1	0
533.680	0.000	trigger_31	31	533680	Trigger-In:31	140	targets_on_fp_color_change	staircase	14	green	left	unaware	1	0
534.990	0.000	trigger_201	201	534990	Trigger-In:201	140	trial_end_completed	staircase	14	green	left	unaware	1	0
536.060	0.000	trigger_101	101	536060	Trigger-In:101	141	trial_start	salient	0	green	left	unaware	1	0
536.165	0.000	trigger_11	11	536165	Trigger-In:11	141	fixation_point_on	salient	0	green	left	unaware	1	0
536.765	0.000	trigger_21	21	536765	Trigger-In:21	141	grating_on	salient	0	green	left	unaware	1	0
536.815	0.000	trigger_20	20	536815	Trigger-In:20	141	grating_off	salient	0	green	left	unaware	1	0
537.420	0.000	trigger_31	31	537420	Trigger-In:31	141	targets_on_fp_color_change	salient	0	green	left	unaware	1	0
538.300	0.000	trigger_201	201	538300	Trigger-In:201	141	trial_end_completed	salient	0	green	left	unaware	1	0
539.370	0.000	trigger_101	101	539370	Trigger-In:101	142	trial_start	salient	0	green	left	unaware	1	0
539.475	0.000	trigger_11	11	539475	Trigger-In:11	142	fixation_point_on	salient	0	green	left	unaware	1	0
540.075	0.000	trigger_21	21	540075	Trigger-In:21	142	grating_on	salient	0	green	left	unaware	1	0
540.125	0.000	trigger_20	20	540125	Trigger-In:20	142	grating_off	salient	0	green	left	unaware	1	0
540.730	0.000	trigger_31	31	540730	Trigger-In:31	142	targets_on_fp_color_change	salient	0	green	left	unaware	1	0
541.805	0.000	trigger_201	201	541805	Trigger-In:201	142	trial_end_completed	salient	0	green	left	unaware	1	0
542.870	0.000	trigger_101	101	542870	Trigger-In:101	143	trial_start	staircase	15	red	right	unaware	1	0
542.975	0.000	trigger_11	11	542975	Trigger-In:11	143	fixation_point_on	staircase	15	red	right	unaware	1	0
543.580	0.000	trigger_21	21	543580	Trigger-In:21	143	grating_on	staircase	15	red	right	unaware	1	0
543.640	0.000	trigger_20	20	543640	Trigger-In:20	143	grating_off	staircase	15	red	right	unaware	1	0
544.240	0.000	trigger_31	31	544240	Trigger-In:31	143	targets_on_fp_color_change	staircase	15	red	right	unaware	1	0
545.470	0.000	trigger_201	201	545470	Trigger-In:201	143	trial_end_completed	staircase	15	red	right	unaware	1	0
546.540	0.000	trigger_101	101	546540	Trigger-In:101	144	trial_start	salient	0	red	right	unaware	1	0
546.650	0.000	trigger_11	11	546650	Trigger-In:11	144	fixation_point_on	salient	0	red	right	unaware	1	0
547.245	0.000	trigger_21	21	547245	Trigger-In:21	144	grating_on	salient	0	red	right	unaware	1	0
547.300	0.000	trigger_20	20	547300	Trigger-In:20	144	grating_off	salient	0	red	right	unaware	1	0
547.900	0.000	trigger_31	31	547900	Trigger-In:31	144	targets_on_fp_color_change	salient	0	red	right	unaware	1	0
548.660	0.000	trigger_201	201	548660	Trigger-In:201	144	trial_end_completed	salient	0	red	right	unaware	1	0
549.725	0.000	trigger_101	101	549725	Trigger-In:101	145	trial_start	staircase	16	red	right	unaware	1	0
549.830	0.000	trigger_11	11	549830	Trigger-In:11	145	fixation_point_on	staircase	16	red	right	unaware	1	0
550.435	0.000	trigger_21	21	550435	Trigger-In:21	145	grating_on	staircase	16	red	right	unaware	1	0
550.485	0.000	trigger_20	20	550485	Trigger-In:20	145	grating_off	staircase	16	red	right	unaware	1	0
551.085	0.000	trigger_31	31	551085	Trigger-In:31	145	targets_on_fp_color_change	staircase	16	red	right	unaware	1	0
551.810	0.000	trigger_201	201	551810	Trigger-In:201	145	trial_end_completed	staircase	16	red	right	unaware	1	0
552.875	0.000	trigger_101	101	552875	Trigger-In:101	146	trial_start	staircase	17	red	left	aware	1	0
552.980	0.000	trigger_11	11	552980	Trigger-In:11	146	fixation_point_on	staircase	17	red	left	aware	1	0
553.585	0.000	trigger_21	21	553585	Trigger-In:21	146	grating_on	staircase	17	red	left	aware	1	0
553.635	0.000	trigger_20	20	553635	Trigger-In:20	146	grating_off	staircase	17	red	left	aware	1	0
554.235	0.000	trigger_31	31	554235	Trigger-In:31	146	targets_on_fp_color_change	staircase	17	red	left	aware	1	0
555.170	0.000	trigger_201	201	555170	Trigger-In:201	146	trial_end_completed	staircase	17	red	left	aware	1	0
556.240	0.000	trigger_101	101	556240	Trigger-In:101	147	trial_start	absent	70	green	right	aware	1	0
556.345	0.000	trigger_11	11	556345	Trigger-In:11	147	fixation_point_on	absent	70	green	right	aware	1	0
556.945	0.000	trigger_21	21	556945	Trigger-In:21	147	grating_on	absent	70	green	right	aware	1	0
556.995	0.000	trigger_20	20	556995	Trigger-In:20	147	grating_off	absent	70	green	right	aware	1	0
557.595	0.000	trigger_31	31	557595	Trigger-In:31	147	targets_on_fp_color_change	absent	70	green	right	aware	1	0
558.250	0.000	trigger_201	201	558250	Trigger-In:201	147	trial_end_completed	absent	70	green	right	aware	1	0
559.320	0.000	trigger_101	101	559320	Trigger-In:101	148	trial_start	staircase	16	green	right	aware	1	0
559.425	0.000	trigger_11	11	559425	Trigger-In:11	148	fixation_point_on	staircase	16	green	right	aware	1	0
560.025	0.000	trigger_21	21	560025	Trigger-In:21	148	grating_on	staircase	16	green	right	aware	1	0
560.080	0.000	trigger_20	20	560080	Trigger-In:20	148	grating_off	staircase	16	green	right	aware	1	0
560.680	0.000	trigger_31	31	560680	Trigger-In:31	148	targets_on_fp_color_change	staircase	16	green	right	aware	1	0
561.520	0.000	trigger_201	201	561520	Trigger-In:201	148	trial_end_completed	staircase	16	green	right	aware	1	0
562.590	0.000	trigger_101	101	562590	Trigger-In:101	149	trial_start	salient	0	green	left	unaware	1	0
562.695	0.000	trigger_11	11	562695	Trigger-In:11	149	fixation_point_on	salient	0	green	left	unaware	1	0
563.295	0.000	trigger_21	21	563295	Trigger-In:21	149	grating_on	salient	0	green	left	unaware	1	0
563.350	0.000	trigger_20	20	563350	Trigger-In:20	149	grating_off	salient	0	green	left	unaware	1	0
563.950	0.000	trigger_31	31	563950	Trigger-In:31	149	targets_on_fp_color_change	salient	0	green	left	unaware	1	0
564.980	0.000	trigger_201	201	564980	Trigger-In:201	149	trial_end_completed	salient	0	green	left	unaware	1	0
566.045	0.000	trigger_101	101	566045	Trigger-In:101	150	trial_start	staircase	15	green	right	aware	1	0
566.155	0.000	trigger_11	11	566155	Trigger-In:11	150	fixation_point_on	staircase	15	green	right	aware	1	0
566.755	0.000	trigger_21	21	566755	Trigger-In:21	150	grating_on	staircase	15	green	right	aware	1	0
566.805	0.000	trigger_20	20	566805	Trigger-In:20	150	grating_off	staircase	15	green	right	aware	1	0
567.405	0.000	trigger_31	31	567405	Trigger-In:31	150	targets_on_fp_color_change	staircase	15	green	right	aware	1	0
568.905	0.000	trigger_201	201	568905	Trigger-In:201	150	trial_end_completed	staircase	15	green	right	aware	1	0
569.980	0.000	trigger_101	101	569980	Trigger-In:101	151	trial_start	staircase	14	red	right	unaware	1	0
570.085	0.000	trigger_11	11	570085	Trigger-In:11	151	fixation_point_on	staircase	14	red	right	unaware	1	0
570.685	0.000	trigger_21	21	570685	Trigger-In:21	151	grating_on	staircase	14	red	right	unaware	1	0
570.735	0.000	trigger_20	20	570735	Trigger-In:20	151	grating_off	staircase	14	red	right	unaware	1	0
571.335	0.000	trigger_31	31	571335	Trigger-In:31	151	targets_on_fp_color_change	staircase	14	red	right	unaware	1	0
572.975	0.000	trigger_201	201	572975	Trigger-In:201	151	trial_end_completed	staircase	14	red	right	unaware	1	0
574.045	0.000	trigger_101	101	574045	Trigger-In:101	152	trial_start	absent	70	red	right	unaware	1	0
574.155	0.000	trigger_11	11	574155	Trigger-In:11	152	fixation_point_on	absent	70	red	right	unaware	1	0
574.755	0.000	trigger_21	21	574755	Trigger-In:21	152	grating_on	absent	70	red	right	unaware	1	0
574.805	0.000	trigger_20	20	574805	Trigger-In:20	152	grating_off	absent	70	red	right	unaware	1	0
575.405	0.000	trigger_31	31	575405	Trigger-In:31	152	targets_on_fp_color_change	absent	70	red	right	unaware	1	0
576.150	0.000	trigger_201	201	576150	Trigger-In:201	152	trial_end_completed	absent	70	red	right	unaware	1	0
577.475	0.000	trigger_101	101	577475	Trigger-In:101	153	trial_start	staircase	15	red	left	aware	1	0
577.580	0.000	trigger_11	11	577580	Trigger-In:11	153	fixation_point_on	staircase	15	red	left	aware	1	0
578.180	0.000	trigger_21	21	578180	Trigger-In:21	153	grating_on	staircase	15	red	left	aware	1	0
578.230	0.000	trigger_20	20	578230	Trigger-In:20	153	grating_off	staircase	15	red	left	aware	1	0
578.830	0.000	trigger_31	31	578830	Trigger-In:31	153	targets_on_fp_color_change	staircase	15	red	left	aware	1	0
579.610	0.000	trigger_201	201	579610	Trigger-In:201	153	trial_end_completed	staircase	15	red	left	aware	1	0
580.675	0.000	trigger_101	101	580675	Trigger-In:101	154	trial_start	staircase	14	green	left	unaware	1	0
580.785	0.000	trigger_11	11	580785	Trigger-In:11	154	fixation_point_on	staircase	14	green	left	unaware	1	0
581.385	0.000	trigger_21	21	581385	Trigger-In:21	154	grating_on	staircase	14	green	left	unaware	1	0
581.435	0.000	trigger_20	20	581435	Trigger-In:20	154	grating_off	staircase	14	green	left	unaware	1	0
582.035	0.000	trigger_31	31	582035	Trigger-In:31	154	targets_on_fp_color_change	staircase	14	green	left	unaware	1	0
583.395	0.000	trigger_201	201	583395	Trigger-In:201	154	trial_end_completed	staircase	14	green	left	unaware	1	0
584.470	0.000	trigger_101	101	584470	Trigger-In:101	155	trial_start	staircase	15	red	right	unaware	1	0
584.575	0.000	trigger_11	11	584575	Trigger-In:11	155	fixation_point_on	staircase	15	red	right	unaware	1	0
585.175	0.000	trigger_21	21	585175	Trigger-In:21	155	grating_on	staircase	15	red	right	unaware	1	0
585.225	0.000	trigger_20	20	585225	Trigger-In:20	155	grating_off	staircase	15	red	right	unaware	1	0
585.825	0.000	trigger_31	31	585825	Trigger-In:31	155	targets_on_fp_color_change	staircase	15	red	right	unaware	1	0
586.980	0.000	trigger_201	201	586980	Trigger-In:201	155	trial_end_completed	staircase	15	red	right	unaware	1	0
588.055	0.000	trigger_101	101	588055	Trigger-In:101	156	trial_start	staircase	16	red	right	unaware	1	0
588.155	0.000	trigger_11	11	588155	Trigger-In:11	156	fixation_point_on	staircase	16	red	right	unaware	1	0
588.760	0.000	trigger_21	21	588760	Trigger-In:21	156	grating_on	staircase	16	red	right	unaware	1	0
588.810	0.000	trigger_20	20	588810	Trigger-In:20	156	grating_off	staircase	16	red	right	unaware	1	0
589.410	0.000	trigger_31	31	589410	Trigger-In:31	156	targets_on_fp_color_change	staircase	16	red	right	unaware	1	0
590.170	0.000	trigger_201	201	590170	Trigger-In:201	156	trial_end_completed	staircase	16	red	right	unaware	1	0
591.240	0.000	trigger_101	101	591240	Trigger-In:101	157	trial_start	staircase	17	red	left	aware	1	0
591.345	0.000	trigger_11	11	591345	Trigger-In:11	157	fixation_point_on	staircase	17	red	left	aware	1	0
591.950	0.000	trigger_21	21	591950	Trigger-In:21	157	grating_on	staircase	17	red	left	aware	1	0
592.000	0.000	trigger_20	20	592000	Trigger-In:20	157	grating_off	staircase	17	red	left	aware	1	0
592.600	0.000	trigger_31	31	592600	Trigger-In:31	157	targets_on_fp_color_change	staircase	17	red	left	aware	1	0
593.605	0.000	trigger_201	201	593605	Trigger-In:201	157	trial_end_completed	staircase	17	red	left	aware	1	0
594.675	0.000	trigger_101	101	594675	Trigger-In:101	158	trial_start	staircase	16	red	left	aware	1	0
594.780	0.000	trigger_11	11	594780	Trigger-In:11	158	fixation_point_on	staircase	16	red	left	aware	1	0
595.380	0.000	trigger_21	21	595380	Trigger-In:21	158	grating_on	staircase	16	red	left	aware	1	0
595.430	0.000	trigger_20	20	595430	Trigger-In:20	158	grating_off	staircase	16	red	left	aware	1	0
596.030	0.000	trigger_31	31	596030	Trigger-In:31	158	targets_on_fp_color_change	staircase	16	red	left	aware	1	0
597.125	0.000	trigger_201	201	597125	Trigger-In:201	158	trial_end_completed	staircase	16	red	left	aware	1	0
598.190	0.000	trigger_101	101	598190	Trigger-In:101	159	trial_start	salient	0	green	left	unaware	1	0
598.295	0.000	trigger_11	11	598295	Trigger-In:11	159	fixation_point_on	salient	0	green	left	unaware	1	0
598.895	0.000	trigger_21	21	598895	Trigger-In:21	159	grating_on	salient	0	green	left	unaware	1	0
598.945	0.000	trigger_20	20	598945	Trigger-In:20	159	grating_off	salient	0	green	left	unaware	1	0
599.545	0.000	trigger_31	31	599545	Trigger-In:31	159	targets_on_fp_color_change	salient	0	green	left	unaware	1	0
601.180	0.000	trigger_201	201	601180	Trigger-In:201	159	trial_end_completed	salient	0	green	left	unaware	1	0
602.250	0.000	trigger_101	101	602250	Trigger-In:101	160	trial_start	salient	0	red	left	aware	1	0
602.355	0.000	trigger_11	11	602355	Trigger-In:11	160	fixation_point_on	salient	0	red	left	aware	1	0
602.960	0.000	trigger_21	21	602960	Trigger-In:21	160	grating_on	salient	0	red	left	aware	1	0
603.010	0.000	trigger_20	20	603010	Trigger-In:20	160	grating_off	salient	0	red	left	aware	1	0
603.610	0.000	trigger_31	31	603610	Trigger-In:31	160	targets_on_fp_color_change	salient	0	red	left	aware	1	0
605.055	0.000	trigger_201	201	605055	Trigger-In:201	160	trial_end_completed	salient	0	red	left	aware	1	0
606.385	0.000	trigger_101	101	606385	Trigger-In:101	161	trial_start	staircase	15	green	left	unaware	1	0
606.485	0.000	trigger_11	11	606485	Trigger-In:11	161	fixation_point_on	staircase	15	green	left	unaware	1	0
607.085	0.000	trigger_21	21	607085	Trigger-In:21	161	grating_on	staircase	15	green	left	unaware	1	0
607.135	0.000	trigger_20	20	607135	Trigger-In:20	161	grating_off	staircase	15	green	left	unaware	1	0
607.735	0.000	trigger_31	31	607735	Trigger-In:31	161	targets_on_fp_color_change	staircase	15	green	left	unaware	1	0
609.575	0.000	trigger_201	201	609575	Trigger-In:201	161	trial_end_completed	staircase	15	green	left	unaware	1	0
610.645	0.000	trigger_101	101	610645	Trigger-In:101	162	trial_start	staircase	16	green	left	unaware	1	0
610.750	0.000	trigger_11	11	610750	Trigger-In:11	162	fixation_point_on	staircase	16	green	left	unaware	1	0
611.350	0.000	trigger_21	21	611350	Trigger-In:21	162	grating_on	staircase	16	green	left	unaware	1	0
611.405	0.000	trigger_20	20	611405	Trigger-In:20	162	grating_off	staircase	16	green	left	unaware	1	0
612.005	0.000	trigger_31	31	612005	Trigger-In:31	162	targets_on_fp_color_change	staircase	16	green	left	unaware	1	0
613.035	0.000	trigger_201	201	613035	Trigger-In:201	162	trial_end_completed	staircase	16	green	left	unaware	1	0
614.105	0.000	trigger_101	101	614105	Trigger-In:101	163	trial_start	salient	0	green	left	unaware	1	0
614.215	0.000	trigger_11	11	614215	Trigger-In:11	163	fixation_point_on	salient	0	green	left	unaware	1	0
614.815	0.000	trigger_21	21	614815	Trigger-In:21	163	grating_on	salient	0	green	left	unaware	1	0
614.865	0.000	trigger_20	20	614865	Trigger-In:20	163	grating_off	salient	0	green	left	unaware	1	0
615.465	0.000	trigger_31	31	615465	Trigger-In:31	163	targets_on_fp_color_change	salient	0	green	left	unaware	1	0
616.235	0.000	trigger_201	201	616235	Trigger-In:201	163	trial_end_completed	salient	0	green	left	unaware	1	0
617.300	0.000	trigger_101	101	617300	Trigger-In:101	164	trial_start	staircase	17	green	left	unaware	1	0
617.410	0.000	trigger_11	11	617410	Trigger-In:11	164	fixation_point_on	staircase	17	green	left	unaware	1	0
618.010	0.000	trigger_21	21	618010	Trigger-In:21	164	grating_on	staircase	17	green	left	unaware	1	0
618.060	0.000	trigger_20	20	618060	Trigger-In:20	164	grating_off	staircase	17	green	left	unaware	1	0
618.660	0.000	trigger_31	31	618660	Trigger-In:31	164	targets_on_fp_color_change	staircase	17	green	left	unaware	1	0
619.475	0.000	trigger_201	201	619475	Trigger-In:201	164	trial_end_completed	staircase	17	green	left	unaware	1	0
620.545	0.000	trigger_101	101	620545	Trigger-In:101	165	trial_start	staircase	18	green	right	aware	1	0
620.650	0.000	trigger_11	11	620650	Trigger-In:11	165	fixation_point_on	staircase	18	green	right	aware	1	0
621.250	0.000	trigger_21	21	621250	Trigger-In:21	165	grating_on	staircase	18	green	right	aware	1	0
621.305	0.000	trigger_20	20	621305	Trigger-In:20	165	grating_off	staircase	18	green	right	aware	1	0
621.905	0.000	trigger_31	31	621905	Trigger-In:31	165	targets_on_fp_color_change	staircase	18	green	right	aware	1	0
622.700	0.000	trigger_201	201	622700	Trigger-In:201	165	trial_end_completed	staircase	18	green	right	aware	1	0
623.770	0.000	trigger_101	101	623770	Trigger-In:101	166	trial_start	staircase	17	red	right	unaware	1	0
623.870	0.000	trigger_11	11	623870	Trigger-In:11	166	fixation_point_on	staircase	17	red	right	unaware	1	0
624.470	0.000	trigger_21	21	624470	Trigger-In:21	166	grating_on	staircase	17	red	right	unaware	1	0
624.520	0.000	trigger_20	20	624520	Trigger-In:20	166	grating_off	staircase	17	red	right	unaware	1	0
625.125	0.000	trigger_31	31	625125	Trigger-In:31	166	targets_on_fp_color_change	staircase	17	red	right	unaware	1	0
626.655	0.000	trigger_201	201	626655	Trigger-In:201	166	trial_end_completed	staircase	17	red	right	unaware	1	0
627.725	0.000	trigger_101	101	627725	Trigger-In:101	167	trial_start	salient	0	green	left	unaware	1	0
627.830	0.000	trigger_11	11	627830	Trigger-In:11	167	fixation_point_on	salient	0	green	left	unaware	1	0
628.430	0.000	trigger_21	21	628430	Trigger-In:21	167	grating_on	salient	0	green	left	unaware	1	0
628.480	0.000	trigger_20	20	628480	Trigger-In:20	167	grating_off	salient	0	green	left	unaware	1	0
629.080	0.000	trigger_31	31	629080	Trigger-In:31	167	targets_on_fp_color_change	salient	0	green	left	unaware	1	0
630.385	0.000	trigger_201	201	630385	Trigger-In:201	167	trial_end_completed	salient	0	green	left	unaware	1	0
631.455	0.000	trigger_101	101	631455	Trigger-In:101	168	trial_start	staircase	18	red	right	unaware	1	0
631.560	0.000	trigger_11	11	631560	Trigger-In:11	168	fixation_point_on	staircase	18	red	right	unaware	1	0
632.160	0.000	trigger_21	21	632160	Trigger-In:21	168	grating_on	staircase	18	red	right	unaware	1	0
632.210	0.000	trigger_20	20	632210	Trigger-In:20	168	grating_off	staircase	18	red	right	unaware	1	0
632.810	0.000	trigger_31	31	632810	Trigger-In:31	168	targets_on_fp_color_change	staircase	18	red	right	unaware	1	0
634.400	0.000	trigger_201	201	634400	Trigger-In:201	168	trial_end_completed	staircase	18	red	right	unaware	1	0
635.470	0.000	trigger_101	101	635470	Trigger-In:101	169	trial_start	staircase	19	green	right	aware	1	0
635.575	0.000	trigger_11	11	635575	Trigger-In:11	169	fixation_point_on	staircase	19	green	right	aware	1	0
636.175	0.000	trigger_21	21	636175	Trigger-In:21	169	grating_on	staircase	19	green	right	aware	1	0
636.225	0.000	trigger_20	20	636225	Trigger-In:20	169	grating_off	staircase	19	green	right	aware	1	0
636.825	0.000	trigger_31	31	636825	Trigger-In:31	169	targets_on_fp_color_change	staircase	19	green	right	aware	1	0
638.315	0.000	trigger_201	201	638315	Trigger-In:201	169	trial_end_completed	staircase	19	green	right	aware	1	0
639.385	0.000	trigger_101	101	639385	Trigger-In:101	170	trial_start	staircase	18	green	right	aware	1	0
639.490	0.000	trigger_11	11	639490	Trigger-In:11	170	fixation_point_on	staircase	18	green	right	aware	1	0
640.090	0.000	trigger_21	21	640090	Trigger-In:21	170	grating_on	staircase	18	green	right	aware	1	0
640.140	0.000	trigger_20	20	640140	Trigger-In:20	170	grating_off	staircase	18	green	right	aware	1	0
640.745	0.000	trigger_31	31	640745	Trigger-In:31	170	targets_on_fp_color_change	staircase	18	green	right	aware	1	0
641.705	0.000	trigger_201	201	641705	Trigger-In:201	170	trial_end_completed	staircase	18	green	right	aware	1	0
642.780	0.000	trigger_101	101	642780	Trigger-In:101	171	trial_start	staircase	17	red	left	aware	1	0
642.885	0.000	trigger_11	11	642885	Trigger-In:11	171	fixation_point_on	staircase	17	red	left	aware	1	0
643.485	0.000	trigger_21	21	643485	Trigger-In:21	171	grating_on	staircase	17	red	left	aware	1	0
643.535	0.000	trigger_20	20	643535	Trigger-In:20	171	grating_off	staircase	17	red	left	aware	1	0
644.135	0.000	trigger_31	31	644135	Trigger-In:31	171	targets_on_fp_color_change	staircase	17	red	left	aware	1	0
644.995	0.000	trigger_201	201	644995	Trigger-In:201	171	trial_end_completed	staircase	17	red	left	aware	1	0
646.065	0.000	trigger_101	101	646065	Trigger-In:101	172	trial_start	staircase	16	red	left	aware	1	0
646.170	0.000	trigger_11	11	646170	Trigger-In:11	172	fixation_point_on	staircase	16	red	left	aware	1	0
646.770	0.000	trigger_21	21	646770	Trigger-In:21	172	grating_on	staircase	16	red	left	aware	1	0
646.820	0.000	trigger_20	20	646820	Trigger-In:20	172	grating_off	staircase	16	red	left	aware	1	0
647.420	0.000	trigger_31	31	647420	Trigger-In:31	172	targets_on_fp_color_change	staircase	16	red	left	aware	1	0
648.885	0.000	trigger_201	201	648885	Trigger-In:201	172	trial_end_completed	staircase	16	red	left	aware	1	0
649.955	0.000	trigger_101	101	649955	Trigger-In:101	173	trial_start	absent	70	green	right	aware	1	0
650.060	0.000	trigger_11	11	650060	Trigger-In:11	173	fixation_point_on	absent	70	green	right	aware	1	0
650.660	0.000	trigger_21	21	650660	Trigger-In:21	173	grating_on	absent	70	green	right	aware	1	0
650.710	0.000	trigger_20	20	650710	Trigger-In:20	173	grating_off	absent	70	green	right	aware	1	0
651.310	0.000	trigger_31	31	651310	Trigger-In:31	173	targets_on_fp_color_change	absent	70	green	right	aware	1	0
652.015	0.000	trigger_201	201	652015	Trigger-In:201	173	trial_end_completed	absent	70	green	right	aware	1	0
653.090	0.000	trigger_101	101	653090	Trigger-In:101	174	trial_start	staircase	15	red	right	unaware	1	0
653.195	0.000	trigger_11	11	653195	Trigger-In:11	174	fixation_point_on	staircase	15	red	right	unaware	1	0
653.795	0.000	trigger_21	21	653795	Trigger-In:21	174	grating_on	staircase	15	red	right	unaware	1	0
653.845	0.000	trigger_20	20	653845	Trigger-In:20	174	grating_off	staircase	15	red	right	unaware	1	0
654.445	0.000	trigger_31	31	654445	Trigger-In:31	174	targets_on_fp_color_change	staircase	15	red	right	unaware	1	0
655.675	0.000	trigger_201	201	655675	Trigger-In:201	174	trial_end_completed	staircase	15	red	right	unaware	1	0
656.745	0.000	trigger_101	101	656745	Trigger-In:101	175	trial_start	salient	0	red	right	unaware	1	0
656.850	0.000	trigger_11	11	656850	Trigger-In:11	175	fixation_point_on	salient	0	red	right	unaware	1	0
657.450	0.000	trigger_21	21	657450	Trigger-In:21	175	grating_on	salient	0	red	right	unaware	1	0
657.500	0.000	trigger_20	20	657500	Trigger-In:20	175	grating_off	salient	0	red	right	unaware	1	0
658.105	0.000	trigger_31	31	658105	Trigger-In:31	175	targets_on_fp_color_change	salient	0	red	right	unaware	1	0
658.945	0.000	trigger_201	201	658945	Trigger-In:201	175	trial_end_completed	salient	0	red	right	unaware	1	0
660.015	0.000	trigger_101	101	660015	Trigger-In:101	176	trial_start	staircase	16	red	right	unaware	1	0
660.120	0.000	trigger_11	11	660120	Trigger-In:11	176	fixation_point_on	staircase	16	red	right	unaware	1	0
660.720	0.000	trigger_21	21	660720	Trigger-In:21	176	grating_on	staircase	16	red	right	unaware	1	0
660.770	0.000	trigger_20	20	660770	Trigger-In:20	176	grating_off	staircase	16	red	right	unaware	1	0
661.370	0.000	trigger_31	31	661370	Trigger-In:31	176	targets_on_fp_color_change	staircase	16	red	right	unaware	1	0
662.145	0.000	trigger_201	201	662145	Trigger-In:201	176	trial_end_completed	staircase	16	red	right	unaware	1	0
663.210	0.000	trigger_101	101	663210	Trigger-In:101	177	trial_start	staircase	17	green	left	unaware	1	0
663.320	0.000	trigger_11	11	663320	Trigger-In:11	177	fixation_point_on	staircase	17	green	left	unaware	1	0
663.920	0.000	trigger_21	21	663920	Trigger-In:21	177	grating_on	staircase	17	green	left	unaware	1	0
663.970	0.000	trigger_20	20	663970	Trigger-In:20	177	grating_off	staircase	17	green	left	unaware	1	0
664.570	0.000	trigger_31	31	664570	Trigger-In:31	177	targets_on_fp_color_change	staircase	17	green	left	unaware	1	0
665.885	0.000	trigger_201	201	665885	Trigger-In:201	177	trial_end_completed	staircase	17	green	left	unaware	1	0
666.955	0.000	trigger_101	101	666955	Trigger-In:101	178	trial_start	staircase	18	red	left	aware	1	0
667.060	0.000	trigger_11	11	667060	Trigger-In:11	178	fixation_point_on	staircase	18	red	left	aware	1	0
667.660	0.000	trigger_21	21	667660	Trigger-In:21	178	grating_on	staircase	18	red	left	aware	1	0
667.710	0.000	trigger_20	20	667710	Trigger-In:20	178	grating_off	staircase	18	red	left	aware	1	0
668.310	0.000	trigger_31	31	668310	Trigger-In:31	178	targets_on_fp_color_change	staircase	18	red	left	aware	1	0
669.320	0.000	trigger_201	201	669320	Trigger-In:201	178	trial_end_completed	staircase	18	red	left	aware	1	0
670.390	0.000	trigger_101	101	670390	Trigger-In:101	179	trial_start	staircase	17	green	right	aware	1	0
670.495	0.000	trigger_11	11	670495	Trigger-In:11	179	fixation_point_on	staircase	17	green	right	aware	1	0
671.095	0.000	trigger_21	21	671095	Trigger-In:21	179	grating_on	staircase	17	green	right	aware	1	0
671.145	0.000	trigger_20	20	671145	Trigger-In:20	179	grating_off	staircase	17	green	right	aware	1	0
671.745	0.000	trigger_31	31	671745	Trigger-In:31	179	targets_on_fp_color_change	staircase	17	green	right	aware	1	0
672.560	0.000	trigger_201	201	672560	Trigger-In:201	179	trial_end_completed	staircase	17	green	right	aware	1	0
673.630	0.000	trigger_101	101	673630	Trigger-In:101	180	trial_start	staircase	16	green	right	aware	1	0
673.740	0.000	trigger_11	11	673740	Trigger-In:11	180	fixation_point_on	staircase	16	green	right	aware	1	0
674.340	0.000	trigger_21	21	674340	Trigger-In:21	180	grating_on	staircase	16	green	right	aware	1	0
674.390	0.000	trigger_20	20	674390	Trigger-In:20	180	grating_off	staircase	16	green	right	aware	1	0
674.990	0.000	trigger_31	31	674990	Trigger-In:31	180	targets_on_fp_color_change	staircase	16	green	right	aware	1	0
675.835	0.000	trigger_201	201	675835	Trigger-In:201	180	trial_end_completed	staircase	16	green	right	aware	1	0
