onset	duration	trial_type	value	sample	source_annotation	trial	event_name	stim_presence	contrast	fp_color	response	awareness	trial_complete	fixation_break
71.956	0.000	trigger_101	101	71956	Trigger-In:101	1	trial_start	salient	0	red	right	unaware	1	0
71.956	0.000	trigger_255	255	71956	Trigger-In:255	1	n/a	salient	0	red	right	unaware	1	0
72.066	0.000	trigger_11	11	72066	Trigger-In:11	1	fixation_point_on	salient	0	red	right	unaware	1	0
72.666	0.000	trigger_21	21	72666	Trigger-In:21	1	grating_on	salient	0	red	right	unaware	1	0
72.731	0.000	trigger_20	20	72731	Trigger-In:20	1	grating_off	salient	0	red	right	unaware	1	0
73.326	0.000	trigger_31	31	73326	Trigger-In:31	1	targets_on_fp_color_change	salient	0	red	right	unaware	1	0
74.951	0.000	trigger_201	201	74951	Trigger-In:201	1	trial_end_completed	salient	0	red	right	unaware	1	0
76.211	0.000	trigger_101	101	76211	Trigger-In:101	2	trial_start	staircase	20	red	right	unaware	1	0
76.316	0.000	trigger_11	11	76316	Trigger-In:11	2	fixation_point_on	staircase	20	red	right	unaware	1	0
76.916	0.000	trigger_21	21	76916	Trigger-In:21	2	grating_on	staircase	20	red	right	unaware	1	0
76.966	0.000	trigger_20	20	76966	Trigger-In:20	2	grating_off	staircase	20	red	right	unaware	1	0
77.566	0.000	trigger_31	31	77566	Trigger-In:31	2	targets_on_fp_color_change	staircase	20	red	right	unaware	1	0
78.686	0.000	trigger_201	201	78686	Trigger-In:201	2	trial_end_completed	staircase	20	red	right	unaware	1	0
79.756	0.000	trigger_101	101	79756	Trigger-In:101	3	trial_start	staircase	21	red	left	aware	1	0
79.866	0.000	trigger_11	11	79866	Trigger-In:11	3	fixation_point_on	staircase	21	red	left	aware	1	0
80.466	0.000	trigger_21	21	80466	Trigger-In:21	3	grating_on	staircase	21	red	left	aware	1	0
80.516	0.000	trigger_20	20	80516	Trigger-In:20	3	grating_off	staircase	21	red	left	aware	1	0
81.116	0.000	trigger_31	31	81116	Trigger-In:31	3	targets_on_fp_color_change	staircase	21	red	left	aware	1	0
82.216	0.000	trigger_201	201	82216	Trigger-In:201	3	trial_end_completed	staircase	21	red	left	aware	1	0
83.286	0.000	trigger_101	101	83286	Trigger-In:101	4	trial_start	staircase	20	green	right	aware	1	0
83.391	0.000	trigger_11	11	83391	Trigger-In:11	4	fixation_point_on	staircase	20	green	right	aware	1	0
83.991	0.000	trigger_21	21	83991	Trigger-In:21	4	grating_on	staircase	20	green	right	aware	1	0
84.041	0.000	trigger_20	20	84041	Trigger-In:20	4	grating_off	staircase	20	green	right	aware	1	0
84.641	0.000	trigger_31	31	84641	Trigger-In:31	4	targets_on_fp_color_change	staircase	20	green	right	aware	1	0
85.316	0.000	trigger_201	201	85316	Trigger-In:201	4	trial_end_completed	staircase	20	green	right	aware	1	0
86.391	0.000	trigger_101	101	86391	Trigger-In:101	5	trial_start	staircase	19	green	right	aware	1	0
86.501	0.000	trigger_11	11	86501	Trigger-In:11	5	fixation_point_on	staircase	19	green	right	aware	1	0
87.096	0.000	trigger_21	21	87096	Trigger-In:21	5	grating_on	staircase	19	green	right	aware	1	0
87.156	0.000	trigger_20	20	87156	Trigger-In:20	5	grating_off	staircase	19	green	right	aware	1	0
87.756	0.000	trigger_31	31	87756	Trigger-In:31	5	targets_on_fp_color_change	staircase	19	green	right	aware	1	0
88.576	0.000	trigger_201	201	88576	Trigger-In:201	5	trial_end_completed	staircase	19	green	right	aware	1	0
89.671	0.000	trigger_101	101	89671	Trigger-In:101	6	trial_start	staircase	18	green	right	aware	1	0
89.776	0.000	trigger_11	11	89776	Trigger-In:11	6	fixation_point_on	staircase	18	green	right	aware	1	0
90.376	0.000	trigger_21	21	90376	Trigger-In:21	6	grating_on	staircase	18	green	right	aware	1	0
90.426	0.000	trigger_20	20	90426	Trigger-In:20	6	grating_off	staircase	18	green	right	aware	1	0
91.026	0.000	trigger_31	31	91026	Trigger-In:31	6	targets_on_fp_color_change	staircase	18	green	right	aware	1	0
91.921	0.000	trigger_201	201	91921	Trigger-In:201	6	trial_end_completed	staircase	18	green	right	aware	1	0
92.991	0.000	trigger_101	101	92991	Trigger-In:101	7	trial_start	absent	70	red	left	aware	1	0
93.096	0.000	trigger_11	11	93096	Trigger-In:11	7	fixation_point_on	absent	70	red	left	aware	1	0
93.696	0.000	trigger_21	21	93696	Trigger-In:21	7	grating_on	absent	70	red	left	aware	1	0
93.746	0.000	trigger_20	20	93746	Trigger-In:20	7	grating_off	absent	70	red	left	aware	1	0
94.346	0.000	trigger_31	31	94346	Trigger-In:31	7	targets_on_fp_color_change	absent	70	red	left	aware	1	0
95.281	0.000	trigger_201	201	95281	Trigger-In:201	7	trial_end_completed	absent	70	red	left	aware	1	0
96.351	0.000	trigger_101	101	96351	Trigger-In:101	8	trial_start	staircase	17	green	right	aware	1	0
96.456	0.000	trigger_11	11	96456	Trigger-In:11	8	fixation_point_on	staircase	17	green	right	aware	1	0
97.056	0.000	trigger_21	21	97056	Trigger-In:21	8	grating_on	staircase	17	green	right	aware	1	0
97.106	0.000	trigger_20	20	97106	Trigger-In:20	8	grating_off	staircase	17	green	right	aware	1	0
97.706	0.000	trigger_31	31	97706	Trigger-In:31	8	targets_on_fp_color_change	staircase	17	green	right	aware	1	0
98.526	0.000	trigger_201	201	98526	Trigger-In:201	8	trial_end_completed	staircase	17	green	right	aware	1	0
99.591	0.000	trigger_101	101	99591	Trigger-In:101	9	trial_start	salient	0	red	right	unaware	1	0
99.696	0.000	trigger_11	11	99696	Trigger-In:11	9	fixation_point_on	salient	0	red	right	unaware	1	0
100.296	0.000	trigger_21	21	100296	Trigger-In:21	9	grating_on	salient	0	red	right	unaware	1	0
100.346	0.000	trigger_20	20	100346	Trigger-In:20	9	grating_off	salient	0	red	right	unaware	1	0
100.946	0.000	trigger_31	31	100946	Trigger-In:31	9	targets_on_fp_color_change	salient	0	red	right	unaware	1	0
102.276	0.000	trigger_201	201	102276	Trigger-In:201	9	trial_end_completed	salient	0	red	right	unaware	1	0
103.341	0.000	trigger_101	101	103341	Trigger-In:101	10	trial_start	staircase	16	red	left	aware	1	0
103.451	0.000	trigger_11	11	103451	Trigger-In:11	10	fixation_point_on	staircase	16	red	left	aware	1	0
104.051	0.000	trigger_21	21	104051	Trigger-In:21	10	grating_on	staircase	16	red	left	aware	1	0
104.101	0.000	trigger_20	20	104101	Trigger-In:20	10	grating_off	staircase	16	red	left	aware	1	0
104.701	0.000	trigger_31	31	104701	Trigger-In:31	10	targets_on_fp_color_change	staircase	16	red	left	aware	1	0
105.671	0.000	trigger_201	201	105671	Trigger-In:201	10	trial_end_completed	staircase	16	red	left	aware	1	0
106.741	0.000	trigger_101	101	106741	Trigger-In:101	11	trial_start	staircase	15	red	left	aware	1	0
106.846	0.000	trigger_11	11	106846	Trigger-In:11	11	fixation_point_on	staircase	15	red	left	aware	1	0
107.446	0.000	trigger_21	21	107446	Trigger-In:21	11	grating_on	staircase	15	red	left	aware	1	0
107.496	0.000	trigger_20	20	107496	Trigger-In:20	11	grating_off	staircase	15	red	left	aware	1	0
108.096	0.000	trigger_31	31	108096	Trigger-In:31	11	targets_on_fp_color_change	staircase	15	red	left	aware	1	0
109.261	0.000	trigger_201	201	109261	Trigger-In:201	11	trial_end_completed	staircase	15	red	left	aware	1	0
110.326	0.000	trigger_101	101	110326	Trigger-In:101	12	trial_start	salient	0	red	right	unaware	1	0
110.436	0.000	trigger_11	11	110436	Trigger-In:11	12	fixation_point_on	salient	0	red	right	unaware	1	0
111.036	0.000	trigger_21	21	111036	Trigger-In:21	12	grating_on	salient	0	red	right	unaware	1	0
111.086	0.000	trigger_20	20	111086	Trigger-In:20	12	grating_off	salient	0	red	right	unaware	1	0
111.686	0.000	trigger_31	31	111686	Trigger-In:31	12	targets_on_fp_color_change	salient	0	red	right	unaware	1	0
113.401	0.000	trigger_201	201	113401	Trigger-In:201	12	trial_end_completed	salient	0	red	right	unaware	1	0
114.471	0.000	trigger_101	101	114471	Trigger-In:101	13	trial_start	staircase	14	red	left	aware	1	0
114.571	0.000	trigger_11	11	114571	Trigger-In:11	13	fixation_point_on	staircase	14	red	left	aware	1	0
115.171	0.000	trigger_21	21	115171	Trigger-In:21	13	grating_on	staircase	14	red	left	aware	1	0
115.221	0.000	trigger_20	20	115221	Trigger-In:20	13	grating_off	staircase	14	red	left	aware	1	0
115.826	0.000	trigger_31	31	115826	Trigger-In:31	13	targets_on_fp_color_change	staircase	14	red	left	aware	1	0
116.811	0.000	trigger_201	201	116811	Trigger-In:201	13	trial_end_completed	staircase	14	red	left	aware	1	0
117.881	0.000	trigger_101	101	117881	Trigger-In:101	14	trial_start	staircase	13	red	left	aware	1	0
117.986	0.000	trigger_11	11	117986	Trigger-In:11	14	fixation_point_on	staircase	13	red	left	aware	1	0
118.586	0.000	trigger_21	21	118586	Trigger-In:21	14	grating_on	staircase	13	red	left	aware	1	0
118.636	0.000	trigger_20	20	118636	Trigger-In:20	14	grating_off	staircase	13	red	left	aware	1	0
119.236	0.000	trigger_31	31	119236	Trigger-In:31	14	targets_on_fp_color_change	staircase	13	red	left	aware	1	0
120.361	0.000	trigger_201	201	120361	Trigger-In:201	14	trial_end_completed	staircase	13	red	left	aware	1	0
121.426	0.000	trigger_101	101	121426	Trigger-In:101	15	trial_start	staircase	12	red	right	unaware	1	0
121.531	0.000	trigger_11	11	121531	Trigger-In:11	15	fixation_point_on	staircase	12	red	right	unaware	1	0
122.131	0.000	trigger_21	21	122131	Trigger-In:21	15	grating_on	staircase	12	red	right	unaware	1	0
122.181	0.000	trigger_20	20	122181	Trigger-In:20	15	grating_off	staircase	12	red	right	unaware	1	0
122.781	0.000	trigger_31	31	122781	Trigger-In:31	15	targets_on_fp_color_change	staircase	12	red	right	unaware	1	0
123.876	0.000	trigger_201	201	123876	Trigger-In:201	15	trial_end_completed	staircase	12	red	right	unaware	1	0
124.941	0.000	trigger_101	101	124941	Trigger-In:101	16	trial_start	salient	0	red	right	unaware	1	0
125.051	0.000	trigger_11	11	125051	Trigger-In:11	16	fixation_point_on	salient	0	red	right	unaware	1	0
125.651	0.000	trigger_21	21	125651	Trigger-In:21	16	grating_on	salient	0	red	right	unaware	1	0
125.701	0.000	trigger_20	20	125701	Trigger-In:20	16	grating_off	salient	0	red	right	unaware	1	0
126.301	0.000	trigger_31	31	126301	Trigger-In:31	16	targets_on_fp_color_change	salient	0	red	right	unaware	1	0
127.476	0.000	trigger_201	201	127476	Trigger-In:201	16	trial_end_completed	salient	0	red	right	unaware	1	0
128.541	0.000	trigger_101	101	128541	Trigger-In:101	17	trial_start	staircase	13	red	right	unaware	1	0
128.646	0.000	trigger_11	11	128646	Trigger-In:11	17	fixation_point_on	staircase	13	red	right	unaware	1	0
129.241	0.000	trigger_21	21	129241	Trigger-In:21	17	grating_on	staircase	13	red	right	unaware	1	0
129.296	0.000	trigger_20	20	129296	Trigger-In:20	17	grating_off	staircase	13	red	right	unaware	1	0
129.896	0.000	trigger_31	31	129896	Trigger-In:31	17	targets_on_fp_color_change	staircase	13	red	right	unaware	1	0
130.766	0.000	trigger_201	201	130766	Trigger-In:201	17	trial_end_completed	staircase	13	red	right	unaware	1	0
131.836	0.000	trigger_101	101	131836	Trigger-In:101	18	trial_start	staircase	14	green	left	unaware	1	0
131.936	0.000	trigger_11	11	131936	Trigger-In:11	18	fixation_point_on	staircase	14	green	left	unaware	1	0
132.536	0.000	trigger_21	21	132536	Trigger-In:21	18	grating_on	staircase	14	green	left	unaware	1	0
132.586	0.000	trigger_20	20	132586	Trigger-In:20	18	grating_off	staircase	14	green	left	unaware	1	0
133.186	0.000	trigger_31	31	133186	Trigger-In:31	18	targets_on_fp_color_change	staircase	14	green	left	unaware	1	0
134.936	0.000	trigger_201	201	134936	Trigger-In:201	18	trial_end_completed	staircase	14	green	left	unaware	1	0
136.001	0.000	trigger_101	101	136001	Trigger-In:101	19	trial_start	staircase	15	green	right	aware	1	0
136.101	0.000	trigger_11	11	136101	Trigger-In:11	19	fixation_point_on	staircase	15	green	right	aware	1	0
136.706	0.000	trigger_21	21	136706	Trigger-In:21	19	grating_on	staircase	15	green	right	aware	1	0
136.756	0.000	trigger_20	20	136756	Trigger-In:20	19	grating_off	staircase	15	green	right	aware	1	0
137.356	0.000	trigger_31	31	137356	Trigger-In:31	19	targets_on_fp_color_change	staircase	15	green	right	aware	1	0
138.166	0.000	trigger_201	201	138166	Trigger-In:201	19	trial_end_completed	staircase	15	green	right	aware	1	0
139.231	0.000	trigger_101	101	139231	Trigger-In:101	20	trial_start	absent	70	red	left	aware	1	0
139.336	0.000	trigger_11	11	139336	Trigger-In:11	20	fixation_point_on	absent	70	red	left	aware	1	0
139.936	0.000	trigger_21	21	139936	Trigger-In:21	20	grating_on	absent	70	red	left	aware	1	0
139.986	0.000	trigger_20	20	139986	Trigger-In:20	20	grating_off	absent	70	red	left	aware	1	0
140.586	0.000	trigger_31	31	140586	Trigger-In:31	20	targets_on_fp_color_change	absent	70	red	left	aware	1	0
141.491	0.000	trigger_201	201	141491	Trigger-In:201	20	trial_end_completed	absent	70	red	left	aware	1	0
142.556	0.000	trigger_101	101	142556	Trigger-In:101	21	trial_start	salient	0	red	right	unaware	1	0
142.661	0.000	trigger_11	11	142661	Trigger-In:11	21	fixation_point_on	salient	0	red	right	unaware	1	0
143.261	0.000	trigger_21	21	143261	Trigger-In:21	21	grating_on	salient	0	red	right	unaware	1	0
143.311	0.000	trigger_20	20	143311	Trigger-In:20	21	grating_off	salient	0	red	right	unaware	1	0
143.911	0.000	trigger_31	31	143911	Trigger-In:31	21	targets_on_fp_color_change	salient	0	red	right	unaware	1	0
145.381	0.000	trigger_201	201	145381	Trigger-In:201	21	trial_end_completed	salient	0	red	right	unaware	1	0
146.451	0.000	trigger_101	101	146451	Trigger-In:101	22	trial_start	staircase	14	green	left	unaware	1	0
146.556	0.000	trigger_11	11	146556	Trigger-In:11	22	fixation_point_on	staircase	14	green	left	unaware	1	0
147.161	0.000	trigger_21	21	147161	Trigger-In:21	22	grating_on	staircase	14	green	left	unaware	1	0
147.211	0.000	trigger_20	20	147211	Trigger-In:20	22	grating_off	staircase	14	green	left	unaware	1	0
147.811	0.000	trigger_31	31	147811	Trigger-In:31	22	targets_on_fp_color_change	staircase	14	green	left	unaware	1	0
148.996	0.000	trigger_201	201	148996	Trigger-In:201	22	trial_end_completed	staircase	14	green	left	unaware	1	0
150.066	0.000	trigger_101	101	150066	Trigger-In:101	23	trial_start	salient	0	red	right	unaware	1	0
150.171	0.000	trigger_11	11	150171	Trigger-In:11	23	fixation_point_on	salient	0	red	right	unaware	1	0
150.771	0.000	trigger_21	21	150771	Trigger-In:21	23	grating_on	salient	0	red	right	unaware	1	0
150.821	0.000	trigger_20	20	150821	Trigger-In:20	23	grating_off	salient	0	red	right	unaware	1	0
151.421	0.000	trigger_31	31	151421	Trigger-In:31	23	targets_on_fp_color_change	salient	0	red	right	unaware	1	0
152.281	0.000	trigger_201	201	152281	Trigger-In:201	23	trial_end_completed	salient	0	red	right	unaware	1	0
153.346	0.000	trigger_101	101	153346	Trigger-In:101	24	trial_start	salient	0	green	left	unaware	1	0
153.451	0.000	trigger_11	11	153451	Trigger-In:11	24	fixation_point_on	salient	0	green	left	unaware	1	0
154.051	0.000	trigger_21	21	154051	Trigger-In:21	24	grating_on	salient	0	green	left	unaware	1	0
154.111	0.000	trigger_20	20	154111	Trigger-In:20	24	grating_off	salient	0	green	left	unaware	1	0
154.711	0.000	trigger_31	31	154711	Trigger-In:31	24	targets_on_fp_color_change	salient	0	green	left	unaware	1	0
155.696	0.000	trigger_201	201	155696	Trigger-In:201	24	trial_end_completed	salient	0	green	left	unaware	1	0
156.761	0.000	trigger_101	101	156761	Trigger-In:101	25	trial_start	staircase	15	red	left	aware	1	0
156.866	0.000	trigger_11	11	156866	Trigger-In:11	25	fixation_point_on	staircase	15	red	left	aware	1	0
157.466	0.000	trigger_21	21	157466	Trigger-In:21	25	grating_on	staircase	15	red	left	aware	1	0
157.521	0.000	trigger_20	20	157521	Trigger-In:20	25	grating_off	staircase	15	red	left	aware	1	0
158.121	0.000	trigger_31	31	158121	Trigger-In:31	25	targets_on_fp_color_change	staircase	15	red	left	aware	1	0
159.381	0.000	trigger_201	201	159381	Trigger-In:201	25	trial_end_completed	staircase	15	red	left	aware	1	0
160.446	0.000	trigger_101	101	160446	Trigger-In:101	26	trial_start	staircase	14	red	left	aware	1	0
160.551	0.000	trigger_11	11	160551	Trigger-In:11	26	fixation_point_on	staircase	14	red	left	aware	1	0
161.151	0.000	trigger_21	21	161151	Trigger-In:21	26	grating_on	staircase	14	red	left	aware	1	0
161.206	0.000	trigger_20	20	161206	Trigger-In:20	26	grating_off	staircase	14	red	left	aware	1	0
161.806	0.000	trigger_31	31	161806	Trigger-In:31	26	targets_on_fp_color_change	staircase	14	red	left	aware	1	0
162.666	0.000	trigger_201	201	162666	Trigger-In:201	26	trial_end_completed	staircase	14	red	left	aware	1	0
163.736	0.000	trigger_101	101	163736	Trigger-In:101	27	trial_start	absent	70	red	left	aware	1	0
163.841	0.000	trigger_11	11	163841	Trigger-In:11	27	fixation_point_on	absent	70	red	left	aware	1	0
164.441	0.000	trigger_21	21	164441	Trigger-In:21	27	grating_on	absent	70	red	left	aware	1	0
164.491	0.000	trigger_20	20	164491	Trigger-In:20	27	grating_off	absent	70	red	left	aware	1	0
165.096	0.000	trigger_31	31	165096	Trigger-In:31	27	targets_on_fp_color_change	absent	70	red	left	aware	1	0
166.006	0.000	trigger_201	201	166006	Trigger-In:201	27	trial_end_completed	absent	70	red	left	aware	1	0
167.076	0.000	trigger_101	101	167076	Trigger-In:101	28	trial_start	salient	0	green	n/a	n/a	0	0
167.181	0.000	trigger_11	11	167181	Trigger-In:11	28	fixation_point_on	salient	0	green	n/a	n/a	0	0
167.786	0.000	trigger_21	21	167786	Trigger-In:21	28	grating_on	salient	0	green	n/a	n/a	0	0
167.836	0.000	trigger_20	20	167836	Trigger-In:20	28	grating_off	salient	0	green	n/a	n/a	0	0
168.436	0.000	trigger_31	31	168436	Trigger-In:31	28	targets_on_fp_color_change	salient	0	green	n/a	n/a	0	0
170.401	0.000	trigger_203	203	170401	Trigger-In:203	28	trial_end_not_completed	salient	0	green	n/a	n/a	0	0
171.511	0.000	trigger_101	101	171511	Trigger-In:101	29	trial_start	absent	70	green	right	aware	1	0
171.611	0.000	trigger_11	11	171611	Trigger-In:11	29	fixation_point_on	absent	70	green	right	aware	1	0
172.211	0.000	trigger_21	21	172211	Trigger-In:21	29	grating_on	absent	70	green	right	aware	1	0
172.266	0.000	trigger_20	20	172266	Trigger-In:20	29	grating_off	absent	70	green	right	aware	1	0
172.866	0.000	trigger_31	31	172866	Trigger-In:31	29	targets_on_fp_color_change	absent	70	green	right	aware	1	0
173.541	0.000	trigger_201	201	173541	Trigger-In:201	29	trial_end_completed	absent	70	green	right	aware	1	0
174.611	0.000	trigger_101	101	174611	Trigger-In:101	30	trial_start	staircase	13	red	left	aware	1	0
174.716	0.000	trigger_11	11	174716	Trigger-In:11	30	fixation_point_on	staircase	13	red	left	aware	1	0
175.316	0.000	trigger_21	21	175316	Trigger-In:21	30	grating_on	staircase	13	red	left	aware	1	0
175.366	0.000	trigger_20	20	175366	Trigger-In:20	30	grating_off	staircase	13	red	left	aware	1	0
175.966	0.000	trigger_31	31	175966	Trigger-In:31	30	targets_on_fp_color_change	staircase	13	red	left	aware	1	0
177.086	0.000	trigger_201	201	177086	Trigger-In:201	30	trial_end_completed	staircase	13	red	left	aware	1	0
178.151	0.000	trigger_101	101	178151	Trigger-In:101	31	trial_start	staircase	12	red	right	unaware	1	0
178.256	0.000	trigger_11	11	178256	Trigger-In:11	31	fixation_point_on	staircase	12	red	right	unaware	1	0
178.856	0.000	trigger_21	21	178856	Trigger-In:21	31	grating_on	staircase	12	red	right	unaware	1	0
178.906	0.000	trigger_20	20	178906	Trigger-In:20	31	grating_off	staircase	12	red	right	unaware	1	0
179.506	0.000	trigger_31	31	179506	Trigger-In:31	31	targets_on_fp_color_change	staircase	12	red	right	unaware	1	0
180.761	0.000	trigger_201	201	180761	Trigger-In:201	31	trial_end_completed	staircase	12	red	right	unaware	1	0
181.831	0.000	trigger_101	101	181831	Trigger-In:101	32	trial_start	staircase	13	green	left	unaware	1	0
181.936	0.000	trigger_11	11	181936	Trigger-In:11	32	fixation_point_on	staircase	13	green	left	unaware	1	0
182.536	0.000	trigger_21	21	182536	Trigger-In:21	32	grating_on	staircase	13	green	left	unaware	1	0
182.586	0.000	trigger_20	20	182586	Trigger-In:20	32	grating_off	staircase	13	green	left	unaware	1	0
183.186	0.000	trigger_31	31	183186	Trigger-In:31	32	targets_on_fp_color_change	staircase	13	green	left	unaware	1	0
185.091	0.000	trigger_201	201	185091	Trigger-In:201	32	trial_end_completed	staircase	13	green	left	unaware	1	0
186.161	0.000	trigger_101	101	186161	Trigger-In:101	33	trial_start	staircase	14	red	left	aware	1	0
186.266	0.000	trigger_11	11	186266	Trigger-In:11	33	fixation_point_on	staircase	14	red	left	aware	1	0
186.866	0.000	trigger_21	21	186866	Trigger-In:21	33	grating_on	staircase	14	red	left	aware	1	0
186.916	0.000	trigger_20	20	186916	Trigger-In:20	33	grating_off	staircase	14	red	left	aware	1	0
187.521	0.000	trigger_31	31	187521	Trigger-In:31	33	targets_on_fp_color_change	staircase	14	red	left	aware	1	0
188.446	0.000	trigger_201	201	188446	Trigger-In:201	33	trial_end_completed	staircase	14	red	left	aware	1	0
189.516	0.000	trigger_101	101	189516	Trigger-In:101	34	trial_start	staircase	13	green	right	aware	1	0
189.616	0.000	trigger_11	11	189616	Trigger-In:11	34	fixation_point_on	staircase	13	green	right	aware	1	0
190.216	0.000	trigger_21	21	190216	Trigger-In:21	34	grating_on	staircase	13	green	right	aware	1	0
190.266	0.000	trigger_20	20	190266	Trigger-In:20	34	grating_off	staircase	13	green	right	aware	1	0
190.866	0.000	trigger_31	31	190866	Trigger-In:31	34	targets_on_fp_color_change	staircase	13	green	right	aware	1	0
191.836	0.000	trigger_201	201	191836	Trigger-In:201	34	trial_end_completed	staircase	13	green	right	aware	1	0
192.901	0.000	trigger_101	101	192901	Trigger-In:101	35	trial_start	staircase	12	red	left	aware	1	0
193.006	0.000	trigger_11	11	193006	Trigger-In:11	35	fixation_point_on	staircase	12	red	left	aware	1	0
193.606	0.000	trigger_21	21	193606	Trigger-In:21	35	grating_on	staircase	12	red	left	aware	1	0
193.661	0.000	trigger_20	20	193661	Trigger-In:20	35	grating_off	staircase	12	red	left	aware	1	0
194.261	0.000	trigger_31	31	194261	Trigger-In:31	35	targets_on_fp_color_change	staircase	12	red	left	aware	1	0
195.261	0.000	trigger_201	201	195261	Trigger-In:201	35	trial_end_completed	staircase	12	red	left	aware	1	0
196.331	0.000	trigger_101	101	196331	Trigger-In:101	36	trial_start	salient	0	green	left	unaware	1	0
196.436	0.000	trigger_11	11	196436	Trigger-In:11	36	fixation_point_on	salient	0	green	left	unaware	1	0
197.036	0.000	trigger_21	21	197036	Trigger-In:21	36	grating_on	salient	0	green	left	unaware	1	0
197.086	0.000	trigger_20	20	197086	Trigger-In:20	36	grating_off	salient	0	green	left	unaware	1	0
197.691	0.000	trigger_31	31	197691	Trigger-In:31	36	targets_on_fp_color_change	salient	0	green	left	unaware	1	0
199.116	0.000	trigger_201	201	199116	Trigger-In:201	36	trial_end_completed	salient	0	green	left	unaware	1	0
200.181	0.000	trigger_101	101	200181	Trigger-In:101	37	trial_start	staircase	11	red	right	unaware	1	0
200.281	0.000	trigger_11	11	200281	Trigger-In:11	37	fixation_point_on	staircase	11	red	right	unaware	1	0
200.886	0.000	trigger_21	21	200886	Trigger-In:21	37	grating_on	staircase	11	red	right	unaware	1	0
200.936	0.000	trigger_20	20	200936	Trigger-In:20	37	grating_off	staircase	11	red	right	unaware	1	0
201.536	0.000	trigger_31	31	201536	Trigger-In:31	37	targets_on_fp_color_change	staircase	11	red	right	unaware	1	0
202.641	0.000	trigger_201	201	202641	Trigger-In:201	37	trial_end_completed	staircase	11	red	right	unaware	1	0
203.706	0.000	trigger_101	101	203706	Trigger-In:101	38	trial_start	staircase	12	red	right	unaware	1	0
203.811	0.000	trigger_11	11	203811	Trigger-In:11	38	fixation_point_on	staircase	12	red	right	unaware	1	0
204.411	0.000	trigger_21	21	204411	Trigger-In:21	38	grating_on	staircase	12	red	right	unaware	1	0
204.461	0.000	trigger_20	20	204461	Trigger-In:20	38	grating_off	staircase	12	red	right	unaware	1	0
205.061	0.000	trigger_31	31	205061	Trigger-In:31	38	targets_on_fp_color_change	staircase	12	red	right	unaware	1	0
206.461	0.000	trigger_201	201	206461	Trigger-In:201	38	trial_end_completed	staircase	12	red	right	unaware	1	0
207.526	0.000	trigger_101	101	207526	Trigger-In:101	39	trial_start	staircase	13	green	left	unaware	1	0
207.631	0.000	trigger_11	11	207631	Trigger-In:11	39	fixation_point_on	staircase	13	green	left	unaware	1	0
208.231	0.000	trigger_21	21	208231	Trigger-In:21	39	grating_on	staircase	13	green	left	unaware	1	0
208.281	0.000	trigger_20	20	208281	Trigger-In:20	39	grating_off	staircase	13	green	left	unaware	1	0
208.881	0.000	trigger_31	31	208881	Trigger-In:31	39	targets_on_fp_color_change	staircase	13	green	left	unaware	1	0
210.036	0.000	trigger_201	201	210036	Trigger-In:201	39	trial_end_completed	staircase	13	green	left	unaware	1	0
211.101	0.000	trigger_101	101	211101	Trigger-In:101	40	trial_start	staircase	14	red	right	unaware	1	0
211.206	0.000	trigger_11	11	211206	Trigger-In:11	40	fixation_point_on	staircase	14	red	right	unaware	1	0
211.806	0.000	trigger_21	21	211806	Trigger-In:21	40	grating_on	staircase	14	red	right	unaware	1	0
211.856	0.000	trigger_20	20	211856	Trigger-In:20	40	grating_off	staircase	14	red	right	unaware	1	0
212.456	0.000	trigger_31	31	212456	Trigger-In:31	40	targets_on_fp_color_change	staircase	14	red	right	unaware	1	0
214.156	0.000	trigger_201	201	214156	Trigger-In:201	40	trial_end_completed	staircase	14	red	right	unaware	1	0
215.226	0.000	trigger_101	101	215226	Trigger-In:101	41	trial_start	staircase	15	red	right	unaware	1	0
215.331	0.000	trigger_11	11	215331	Trigger-In:11	41	fixation_point_on	staircase	15	red	right	unaware	1	0
215.931	0.000	trigger_21	21	215931	Trigger-In:21	41	grating_on	staircase	15	red	right	unaware	1	0
215.981	0.000	trigger_20	20	215981	Trigger-In:20	41	grating_off	staircase	15	red	right	unaware	1	0
216.581	0.000	trigger_31	31	216581	Trigger-In:31	41	targets_on_fp_color_change	staircase	15	red	right	unaware	1	0
217.691	0.000	trigger_201	201	217691	Trigger-In:201	41	trial_end_completed	staircase	15	red	right	unaware	1	0
218.761	0.000	trigger_101	101	218761	Trigger-In:101	42	trial_start	staircase	16	green	left	unaware	1	0
218.861	0.000	trigger_11	11	218861	Trigger-In:11	42	fixation_point_on	staircase	16	green	left	unaware	1	0
219.466	0.000	trigger_21	21	219466	Trigger-In:21	42	grating_on	staircase	16	green	left	unaware	1	0
219.516	0.000	trigger_20	20	219516	Trigger-In:20	42	grating_off	staircase	16	green	left	unaware	1	0
220.116	0.000	trigger_31	31	220116	Trigger-In:31	42	targets_on_fp_color_change	staircase	16	green	left	unaware	1	0
221.381	0.000	trigger_201	201	221381	Trigger-In:201	42	trial_end_completed	staircase	16	green	left	unaware	1	0
222.451	0.000	trigger_101	101	222451	Trigger-In:101	43	trial_start	staircase	17	green	right	aware	1	0
222.556	0.000	trigger_11	11	222556	Trigger-In:11	43	fixation_point_on	staircase	17	green	right	aware	1	0
223.156	0.000	trigger_21	21	223156	Trigger-In:21	43	grating_on	staircase	17	green	right	aware	1	0
223.206	0.000	trigger_20	20	223206	Trigger-In:20	43	grating_off	staircase	17	green	right	aware	1	0
223.806	0.000	trigger_31	31	223806	Trigger-In:31	43	targets_on_fp_color_change	staircase	17	green	right	aware	1	0
224.611	0.000	trigger_201	201	224611	Trigger-In:201	43	trial_end_completed	staircase	17	green	right	aware	1	0
225.676	0.000	trigger_101	101	225676	Trigger-In:101	44	trial_start	staircase	16	green	left	unaware	1	0
225.781	0.000	trigger_11	11	225781	Trigger-In:11	44	fixation_point_on	staircase	16	green	left	unaware	1	0
226.381	0.000	trigger_21	21	226381	Trigger-In:21	44	grating_on	staircase	16	green	left	unaware	1	0
226.431	0.000	trigger_20	20	226431	Trigger-In:20	44	grating_off	staircase	16	green	left	unaware	1	0
227.031	0.000	trigger_31	31	227031	Trigger-In:31	44	targets_on_fp_color_change	staircase	16	green	left	unaware	1	0
228.151	0.000	trigger_201	201	228151	Trigger-In:201	44	trial_end_completed	staircase	16	green	left	unaware	1	0
229.221	0.000	trigger_101	101	229221	Trigger-In:101	45	trial_start	staircase	17	red	left	aware	1	0
229.321	0.000	trigger_11	11	229321	Trigger-In:11	45	fixation_point_on	staircase	17	red	left	aware	1	0
229.921	0.000	trigger_21	21	229921	Trigger-In:21	45	grating_on	staircase	17	red	left	aware	1	0
229.971	0.000	trigger_20	20	229971	Trigger-In:20	45	grating_off	staircase	17	red	left	aware	1	0
230.576	0.000	trigger_31	31	230576	Trigger-In:31	45	targets_on_fp_color_change	staircase	17	red	left	aware	1	0
231.426	0.000	trigger_201	201	231426	Trigger-In:201	45	trial_end_completed	staircase	17	red	left	aware	1	0
232.491	0.000	trigger_101	101	232491	Trigger-In:101	46	trial_start	staircase	16	red	right	unaware	1	0
232.596	0.000	trigger_11	11	232596	Trigger-In:11	46	fixation_point_on	staircase	16	red	right	unaware	1	0
233.196	0.000	trigger_21	21	233196	Trigger-In:21	46	grating_on	staircase	16	red	right	unaware	1	0
233.246	0.000	trigger_20	20	233246	Trigger-In:20	46	grating_off	staircase	16	red	right	unaware	1	0
233.846	0.000	trigger_31	31	233846	Trigger-In:31	46	targets_on_fp_color_change	staircase	16	red	right	unaware	1	0
235.131	0.000	trigger_201	201	235131	Trigger-In:201	46	trial_end_completed	staircase	16	red	right	unaware	1	0
236.196	0.000	trigger_101	101	236196	Trigger-In:101	47	trial_start	staircase	17	red	left	aware	1	0
236.306	0.000	trigger_11	11	236306	Trigger-In:11	47	fixation_point_on	staircase	17	red	left	aware	1	0
236.906	0.000	trigger_21	21	236906	Trigger-In:21	47	grating_on	staircase	17	red	left	aware	1	0
236.956	0.000	trigger_20	20	236956	Trigger-In:20	47	grating_off	staircase	17	red	left	aware	1	0
237.556	0.000	trigger_31	31	237556	Trigger-In:31	47	targets_on_fp_color_change	staircase	17	red	left	aware	1	0
238.476	0.000	trigger_201	201	238476	Trigger-In:201	47	trial_end_completed	staircase	17	red	left	aware	1	0
239.546	0.000	trigger_101	101	239546	Trigger-In:101	48	trial_start	staircase	16	red	left	aware	1	0
239.656	0.000	trigger_11	11	239656	Trigger-In:11	48	fixation_point_on	staircase	16	red	left	aware	1	0
240.251	0.000	trigger_21	21	240251	Trigger-In:21	48	grating_on	staircase	16	red	left	aware	1	0
240.306	0.000	trigger_20	20	240306	Trigger-In:20	48	grating_off	staircase	16	red	left	aware	1	0
240.906	0.000	trigger_31	31	240906	Trigger-In:31	48	targets_on_fp_color_change	staircase	16	red	left	aware	1	0
241.966	0.000	trigger_201	201	241966	Trigger-In:201	48	trial_end_completed	staircase	16	red	left	aware	1	0
243.036	0.000	trigger_101	101	243036	Trigger-In:101	49	trial_start	absent	70	red	left	aware	1	0
243.141	0.000	trigger_11	11	243141	Trigger-In:11	49	fixation_point_on	absent	70	red	left	aware	1	0
243.741	0.000	trigger_21	21	243741	Trigger-In:21	49	grating_on	absent	70	red	left	aware	1	0
243.791	0.000	trigger_20	20	243791	Trigger-In:20	49	grating_off	absent	70	red	left	aware	1	0
244.391	0.000	trigger_31	31	244391	Trigger-In:31	49	targets_on_fp_color_change	absent	70	red	left	aware	1	0
245.246	0.000	trigger_201	201	245246	Trigger-In:201	49	trial_end_completed	absent	70	red	left	aware	1	0
246.311	0.000	trigger_101	101	246311	Trigger-In:101	50	trial_start	salient	0	green	left	unaware	1	0
246.411	0.000	trigger_11	11	246411	Trigger-In:11	50	fixation_point_on	salient	0	green	left	unaware	1	0
247.016	0.000	trigger_21	21	247016	Trigger-In:21	50	grating_on	salient	0	green	left	unaware	1	0
247.066	0.000	trigger_20	20	247066	Trigger-In:20	50	grating_off	salient	0	green	left	unaware	1	0
247.666	0.000	trigger_31	31	247666	Trigger-In:31	50	targets_on_fp_color_change	salient	0	green	left	unaware	1	0
249.021	0.000	trigger_201	201	249021	Trigger-In:201	50	trial_end_completed	salient	0	green	left	unaware	1	0
250.091	0.000	trigger_101	101	250091	Trigger-In:101	51	trial_start	staircase	15	green	right	aware	1	0
250.196	0.000	trigger_11	11	250196	Trigger-In:11	51	fixation_point_on	staircase	15	green	right	aware	1	0
250.796	0.000	trigger_21	21	250796	Trigger-In:21	51	grating_on	staircase	15	green	right	aware	1	0
250.846	0.000	trigger_20	20	250846	Trigger-In:20	51	grating_off	staircase	15	green	right	aware	1	0
251.446	0.000	trigger_31	31	251446	Trigger-In:31	51	targets_on_fp_color_change	staircase	15	green	right	aware	1	0
252.971	0.000	trigger_201	201	252971	Trigger-In:201	51	trial_end_completed	staircase	15	green	right	aware	1	0
254.041	0.000	trigger_101	101	254041	Trigger-In:101	52	trial_start	staircase	14	green	right	aware	1	0
254.146	0.000	trigger_11	11	254146	Trigger-In:11	52	fixation_point_on	staircase	14	green	right	aware	1	0
254.746	0.000	trigger_21	21	254746	Trigger-In:21	52	grating_on	staircase	14	green	right	aware	1	0
254.796	0.000	trigger_20	20	254796	Trigger-In:20	52	grating_off	staircase	14	green	right	aware	1	0
255.396	0.000	trigger_31	31	255396	Trigger-In:31	52	targets_on_fp_color_change	staircase	14	green	right	aware	1	0
255.986	0.000	trigger_201	201	255986	Trigger-In:201	52	trial_end_completed	staircase	14	green	right	aware	1	0
257.051	0.000	trigger_101	101	257051	Trigger-In:101	53	trial_start	staircase	13	green	n/a	n/a	0	0
257.156	0.000	trigger_11	11	257156	Trigger-In:11	53	fixation_point_on	staircase	13	green	n/a	n/a	0	0
257.756	0.000	trigger_21	21	257756	Trigger-In:21	53	grating_on	staircase	13	green	n/a	n/a	0	0
257.806	0.000	trigger_20	20	257806	Trigger-In:20	53	grating_off	staircase	13	green	n/a	n/a	0	0
258.406	0.000	trigger_31	31	258406	Trigger-In:31	53	targets_on_fp_color_change	staircase	13	green	n/a	n/a	0	0
260.376	0.000	trigger_203	203	260376	Trigger-In:203	53	trial_end_not_completed	staircase	13	green	n/a	n/a	0	0
261.476	0.000	trigger_101	101	261476	Trigger-In:101	54	trial_start	absent	70	green	right	aware	1	0
261.576	0.000	trigger_11	11	261576	Trigger-In:11	54	fixation_point_on	absent	70	green	right	aware	1	0
262.176	0.000	trigger_21	21	262176	Trigger-In:21	54	grating_on	absent	70	green	right	aware	1	0
262.226	0.000	trigger_20	20	262226	Trigger-In:20	54	grating_off	absent	70	green	right	aware	1	0
262.831	0.000	trigger_31	31	262831	Trigger-In:31	54	targets_on_fp_color_change	absent	70	green	right	aware	1	0
263.491	0.000	trigger_201	201	263491	Trigger-In:201	54	trial_end_completed	absent	70	green	right	aware	1	0
264.556	0.000	trigger_101	101	264556	Trigger-In:101	55	trial_start	staircase	13	red	left	aware	1	0
264.666	0.000	trigger_11	11	264666	Trigger-In:11	55	fixation_point_on	staircase	13	red	left	aware	1	0
265.266	0.000	trigger_21	21	265266	Trigger-In:21	55	grating_on	staircase	13	red	left	aware	1	0
265.316	0.000	trigger_20	20	265316	Trigger-In:20	55	grating_off	staircase	13	red	left	aware	1	0
265.916	0.000	trigger_31	31	265916	Trigger-In:31	55	targets_on_fp_color_change	staircase	13	red	left	aware	1	0
267.106	0.000	trigger_201	201	267106	Trigger-In:201	55	trial_end_completed	staircase	13	red	left	aware	1	0
268.176	0.000	trigger_101	101	268176	Trigger-In:101	56	trial_start	staircase	12	red	right	unaware	1	0
268.276	0.000	trigger_11	11	268276	Trigger-In:11	56	fixation_point_on	staircase	12	red	right	unaware	1	0
268.876	0.000	trigger_21	21	268876	Trigger-In:21	56	grating_on	staircase	12	red	right	unaware	1	0
268.926	0.000	trigger_20	20	268926	Trigger-In:20	56	grating_off	staircase	12	red	right	unaware	1	0
269.531	0.000	trigger_31	31	269531	Trigger-In:31	56	targets_on_fp_color_change	staircase	12	red	right	unaware	1	0
271.211	0.000	trigger_201	201	271211	Trigger-In:201	56	trial_end_completed	staircase	12	red	right	unaware	1	0
272.276	0.000	trigger_101	101	272276	Trigger-In:101	57	trial_start	staircase	13	red	right	unaware	1	0
272.381	0.000	trigger_11	11	272381	Trigger-In:11	57	fixation_point_on	staircase	13	red	right	unaware	1	0
272.981	0.000	trigger_21	21	272981	Trigger-In:21	57	grating_on	staircase	13	red	right	unaware	1	0
273.031	0.000	trigger_20	20	273031	Trigger-In:20	57	grating_off	staircase	13	red	right	unaware	1	0
273.631	0.000	trigger_31	31	273631	Trigger-In:31	57	targets_on_fp_color_change	staircase	13	red	right	unaware	1	0
274.596	0.000	trigger_201	201	274596	Trigger-In:201	57	trial_end_completed	staircase	13	red	right	unaware	1	0
275.666	0.000	trigger_101	101	275666	Trigger-In:101	58	trial_start	staircase	14	green	n/a	n/a	0	0
275.766	0.000	trigger_11	11	275766	Trigger-In:11	58	fixation_point_on	staircase	14	green	n/a	n/a	0	0
276.366	0.000	trigger_21	21	276366	Trigger-In:21	58	grating_on	staircase	14	green	n/a	n/a	0	0
276.421	0.000	trigger_20	20	276421	Trigger-In:20	58	grating_off	staircase	14	green	n/a	n/a	0	0
277.021	0.000	trigger_31	31	277021	Trigger-In:31	58	targets_on_fp_color_change	staircase	14	green	n/a	n/a	0	0
278.991	0.000	trigger_203	203	278991	Trigger-In:203	58	trial_end_not_completed	staircase	14	green	n/a	n/a	0	0
280.086	0.000	trigger_101	101	280086	Trigger-In:101	59	trial_start	staircase	14	green	left	unaware	1	0
280.186	0.000	trigger_11	11	280186	Trigger-In:11	59	fixation_point_on	staircase	14	green	left	unaware	1	0
280.791	0.000	trigger_21	21	280791	Trigger-In:21	59	grating_on	staircase	14	green	left	unaware	1	0
280.841	0.000	trigger_20	20	280841	Trigger-In:20	59	grating_off	staircase	14	green	left	unaware	1	0
281.441	0.000	trigger_31	31	281441	Trigger-In:31	59	targets_on_fp_color_change	staircase	14	green	left	unaware	1	0
282.331	0.000	trigger_201	201	282331	Trigger-In:201	59	trial_end_completed	staircase	14	green	left	unaware	1	0
283.401	0.000	trigger_101	101	283401	Trigger-In:101	60	trial_start	salient	0	green	left	unaware	1	0
283.501	0.000	trigger_11	11	283501	Trigger-In:11	60	fixation_point_on	salient	0	green	left	unaware	1	0
284.106	0.000	trigger_21	21	284106	Trigger-In:21	60	grating_on	salient	0	green	left	unaware	1	0
284.156	0.000	trigger_20	20	284156	Trigger-In:20	60	grating_off	salient	0	green	left	unaware	1	0
284.756	0.000	trigger_31	31	284756	Trigger-In:31	60	targets_on_fp_color_change	salient	0	green	left	unaware	1	0
285.496	0.000	trigger_201	201	285496	Trigger-In:201	60	trial_end_completed	salient	0	green	left	unaware	1	0
286.561	0.000	trigger_101	101	286561	Trigger-In:101	61	trial_start	staircase	15	green	right	aware	1	0
286.666	0.000	trigger_11	11	286666	Trigger-In:11	61	fixation_point_on	staircase	15	green	right	aware	1	0
287.266	0.000	trigger_21	21	287266	Trigger-In:21	61	grating_on	staircase	15	green	right	aware	1	0
287.316	0.000	trigger_20	20	287316	Trigger-In:20	61	grating_off	staircase	15	green	right	aware	1	0
287.916	0.000	trigger_31	31	287916	Trigger-In:31	61	targets_on_fp_color_change	staircase	15	green	right	aware	1	0
288.706	0.000	trigger_201	201	288706	Trigger-In:201	61	trial_end_completed	staircase	15	green	right	aware	1	0
289.776	0.000	trigger_101	101	289776	Trigger-In:101	62	trial_start	staircase	14	red	right	unaware	1	0
289.876	0.000	trigger_11	11	289876	Trigger-In:11	62	fixation_point_on	staircase	14	red	right	unaware	1	0
290.476	0.000	trigger_21	21	290476	Trigger-In:21	62	grating_on	staircase	14	red	right	unaware	1	0
290.531	0.000	trigger_20	20	290531	Trigger-In:20	62	grating_off	staircase	14	red	right	unaware	1	0
291.131	0.000	trigger_31	31	291131	Trigger-In:31	62	targets_on_fp_color_change	staircase	14	red	right	unaware	1	0
292.711	0.000	trigger_201	201	292711	Trigger-In:201	62	trial_end_completed	staircase	14	red	right	unaware	1	0
293.776	0.000	trigger_101	101	293776	Trigger-In:101	63	trial_start	staircase	15	green	left	unaware	1	0
293.881	0.000	trigger_11	11	293881	Trigger-In:11	63	fixation_point_on	staircase	15	green	left	unaware	1	0
294.481	0.000	trigger_21	21	294481	Trigger-In:21	63	grating_on	staircase	15	green	left	unaware	1	0
294.531	0.000	trigger_20	20	294531	Trigger-In:20	63	grating_off	staircase	15	green	left	unaware	1	0
295.131	0.000	trigger_31	31	295131	Trigger-In:31	63	targets_on_fp_color_change	staircase	15	green	left	unaware	1	0
296.191	0.000	trigger_201	201	296191	Trigger-In:201	63	trial_end_completed	staircase	15	green	left	unaware	1	0
297.256	0.000	trigger_101	101	297256	Trigger-In:101	64	trial_start	salient	0	red	right	unaware	1	0
297.361	0.000	trigger_11	11	297361	Trigger-In:11	64	fixation_point_on	salient	0	red	right	unaware	1	0
297.961	0.000	trigger_21	21	297961	Trigger-In:21	64	grating_on	salient	0	red	right	unaware	1	0
298.011	0.000	trigger_20	20	298011	Trigger-In:20	64	grating_off	salient	0	red	right	unaware	1	0
298.611	0.000	trigger_31	31	298611	Trigger-In:31	64	targets_on_fp_color_change	salient	0	red	right	unaware	1	0
299.586	0.000	trigger_201	201	299586	Trigger-In:201	64	trial_end_completed	salient	0	red	right	unaware	1	0
300.651	0.000	trigger_101	101	300651	Trigger-In:101	65	trial_start	staircase	16	red	left	aware	1	0
300.876	0.000	trigger_11	11	300876	Trigger-In:11	65	fixation_point_on	staircase	16	red	left	aware	1	0
301.481	0.000	trigger_21	21	301481	Trigger-In:21	65	grating_on	staircase	16	red	left	aware	1	0
301.531	0.000	trigger_20	20	301531	Trigger-In:20	65	grating_off	staircase	16	red	left	aware	1	0
302.131	0.000	trigger_31	31	302131	Trigger-In:31	65	targets_on_fp_color_change	staircase	16	red	left	aware	1	0
303.091	0.000	trigger_201	201	303091	Trigger-In:201	65	trial_end_completed	staircase	16	red	left	aware	1	0
304.156	0.000	trigger_101	101	304156	Trigger-In:101	66	trial_start	salient	0	green	left	unaware	1	0
304.261	0.000	trigger_11	11	304261	Trigger-In:11	66	fixation_point_on	salient	0	green	left	unaware	1	0
304.861	0.000	trigger_21	21	304861	Trigger-In:21	66	grating_on	salient	0	green	left	unaware	1	0
304.911	0.000	trigger_20	20	304911	Trigger-In:20	66	grating_off	salient	0	green	left	unaware	1	0
305.511	0.000	trigger_31	31	305511	Trigger-In:31	66	targets_on_fp_color_change	salient	0	green	left	unaware	1	0
306.391	0.000	trigger_201	201	306391	Trigger-In:201	66	trial_end_completed	salient	0	green	left	unaware	1	0
307.456	0.000	trigger_101	101	307456	Trigger-In:101	67	trial_start	staircase	15	green	left	unaware	1	0
307.566	0.000	trigger_11	11	307566	Trigger-In:11	67	fixation_point_on	staircase	15	green	left	unaware	1	0
308.166	0.000	trigger_21	21	308166	Trigger-In:21	67	grating_on	staircase	15	green	left	unaware	1	0
308.216	0.000	trigger_20	20	308216	Trigger-In:20	67	grating_off	staircase	15	green	left	unaware	1	0
308.816	0.000	trigger_31	31	308816	Trigger-In:31	67	targets_on_fp_color_change	staircase	15	green	left	unaware	1	0
309.676	0.000	trigger_201	201	309676	Trigger-In:201	67	trial_end_completed	staircase	15	green	left	unaware	1	0
310.746	0.000	trigger_101	101	310746	Trigger-In:101	68	trial_start	salient	0	red	right	unaware	1	0
310.846	0.000	trigger_11	11	310846	Trigger-In:11	68	fixation_point_on	salient	0	red	right	unaware	1	0
311.451	0.000	trigger_21	21	311451	Trigger-In:21	68	grating_on	salient	0	red	right	unaware	1	0
311.501	0.000	trigger_20	20	311501	Trigger-In:20	68	grating_off	salient	0	red	right	unaware	1	0
312.101	0.000	trigger_31	31	312101	Trigger-In:31	68	targets_on_fp_color_change	salient	0	red	right	unaware	1	0
313.946	0.000	trigger_201	201	313946	Trigger-In:201	68	trial_end_completed	salient	0	red	right	unaware	1	0
315.011	0.000	trigger_101	101	315011	Trigger-In:101	69	trial_start	staircase	16	green	right	aware	1	0
315.116	0.000	trigger_11	11	315116	Trigger-In:11	69	fixation_point_on	staircase	16	green	right	aware	1	0
315.716	0.000	trigger_21	21	315716	Trigger-In:21	69	grating_on	staircase	16	green	right	aware	1	0
315.766	0.000	trigger_20	20	315766	Trigger-In:20	69	grating_off	staircase	16	green	right	aware	1	0
316.366	0.000	trigger_31	31	316366	Trigger-In:31	69	targets_on_fp_color_change	staircase	16	green	right	aware	1	0
317.131	0.000	trigger_201	201	317131	Trigger-In:201	69	trial_end_completed	staircase	16	green	right	aware	1	0
318.201	0.000	trigger_101	101	318201	Trigger-In:101	70	trial_start	salient	0	red	right	unaware	1	0
318.306	0.000	trigger_11	11	318306	Trigger-In:11	70	fixation_point_on	salient	0	red	right	unaware	1	0
318.906	0.000	trigger_21	21	318906	Trigger-In:21	70	grating_on	salient	0	red	right	unaware	1	0
318.956	0.000	trigger_20	20	318956	Trigger-In:20	70	grating_off	salient	0	red	right	unaware	1	0
319.556	0.000	trigger_31	31	319556	Trigger-In:31	70	targets_on_fp_color_change	salient	0	red	right	unaware	1	0
321.011	0.000	trigger_201	201	321011	Trigger-In:201	70	trial_end_completed	salient	0	red	right	unaware	1	0
322.076	0.000	trigger_101	101	322076	Trigger-In:101	71	trial_start	absent	70	red	n/a	n/a	0	1
322.181	0.000	trigger_11	11	322181	Trigger-In:11	71	fixation_point_on	absent	70	red	n/a	n/a	0	1
322.781	0.000	trigger_21	21	322781	Trigger-In:21	71	grating_on	absent	70	red	n/a	n/a	0	1
322.831	0.000	trigger_20	20	322831	Trigger-In:20	71	grating_off	absent	70	red	n/a	n/a	0	1
323.151	0.000	trigger_204	204	323151	Trigger-In:204	71	trial_end_fixation_break	absent	70	red	n/a	n/a	0	1
324.876	0.000	trigger_101	101	324876	Trigger-In:101	72	trial_start	absent	70	green	right	aware	1	0
324.981	0.000	trigger_11	11	324981	Trigger-In:11	72	fixation_point_on	absent	70	green	right	aware	1	0
325.581	0.000	trigger_21	21	325581	Trigger-In:21	72	grating_on	absent	70	green	right	aware	1	0
325.631	0.000	trigger_20	20	325631	Trigger-In:20	72	grating_off	absent	70	green	right	aware	1	0
326.231	0.000	trigger_31	31	326231	Trigger-In:31	72	targets_on_fp_color_change	absent	70	green	right	aware	1	0
327.481	0.000	trigger_201	201	327481	Trigger-In:201	72	trial_end_completed	absent	70	green	right	aware	1	0
328.551	0.000	trigger_101	101	328551	Trigger-In:101	73	trial_start	staircase	15	green	right	aware	1	0
328.651	0.000	trigger_11	11	328651	Trigger-In:11	73	fixation_point_on	staircase	15	green	right	aware	1	0
329.251	0.000	trigger_21	21	329251	Trigger-In:21	73	grating_on	staircase	15	green	right	aware	1	0
329.306	0.000	trigger_20	20	329306	Trigger-In:20	73	grating_off	staircase	15	green	right	aware	1	0
329.906	0.000	trigger_31	31	329906	Trigger-In:31	73	targets_on_fp_color_change	staircase	15	green	right	aware	1	0
330.591	0.000	trigger_201	201	330591	Trigger-In:201	73	trial_end_completed	staircase	15	green	right	aware	1	0
331.661	0.000	trigger_101	101	331661	Trigger-In:101	74	trial_start	staircase	14	red	right	unaware	1	0
331.761	0.000	trigger_11	11	331761	Trigger-In:11	74	fixation_point_on	staircase	14	red	right	unaware	1	0
332.366	0.000	trigger_21	21	332366	Trigger-In:21	74	grating_on	staircase	14	red	right	unaware	1	0
332.416	0.000	trigger_20	20	332416	Trigger-In:20	74	grating_off	staircase	14	red	right	unaware	1	0
333.016	0.000	trigger_31	31	333016	Trigger-In:31	74	targets_on_fp_color_change	staircase	14	red	right	unaware	1	0
334.316	0.000	trigger_201	201	334316	Trigger-In:201	74	trial_end_completed	staircase	14	red	right	unaware	1	0
335.386	0.000	trigger_101	101	335386	Trigger-In:101	75	trial_start	salient	0	green	left	unaware	1	0
335.486	0.000	trigger_11	11	335486	Trigger-In:11	75	fixation_point_on	salient	0	green	left	unaware	1	0
336.086	0.000	trigger_21	21	336086	Trigger-In:21	75	grating_on	salient	0	green	left	unaware	1	0
336.136	0.000	trigger_20	20	336136	Trigger-In:20	75	grating_off	salient	0	green	left	unaware	1	0
336.741	0.000	trigger_31	31	336741	Trigger-In:31	75	targets_on_fp_color_change	salient	0	green	left	unaware	1	0
338.221	0.000	trigger_201	201	338221	Trigger-In:201	75	trial_end_completed	salient	0	green	left	unaware	1	0
339.291	0.000	trigger_101	101	339291	Trigger-In:101	76	trial_start	salient	0	red	right	unaware	1	0
339.396	0.000	trigger_11	11	339396	Trigger-In:11	76	fixation_point_on	salient	0	red	right	unaware	1	0
340.001	0.000	trigger_21	21	340001	Trigger-In:21	76	grating_on	salient	0	red	right	unaware	1	0
340.051	0.000	trigger_20	20	340051	Trigger-In:20	76	grating_off	salient	0	red	right	unaware	1	0
340.651	0.000	trigger_31	31	340651	Trigger-In:31	76	targets_on_fp_color_change	salient	0	red	right	unaware	1	0
341.961	0.000	trigger_201	201	341961	Trigger-In:201	76	trial_end_completed	salient	0	red	right	unaware	1	0
343.031	0.000	trigger_101	101	343031	Trigger-In:101	77	trial_start	staircase	15	red	left	aware	1	0
343.136	0.000	trigger_11	11	343136	Trigger-In:11	77	fixation_point_on	staircase	15	red	left	aware	1	0
343.736	0.000	trigger_21	21	343736	Trigger-In:21	77	grating_on	staircase	15	red	left	aware	1	0
343.786	0.000	trigger_20	20	343786	Trigger-In:20	77	grating_off	staircase	15	red	left	aware	1	0
344.386	0.000	trigger_31	31	344386	Trigger-In:31	77	targets_on_fp_color_change	staircase	15	red	left	aware	1	0
345.931	0.000	trigger_201	201	345931	Trigger-In:201	77	trial_end_completed	staircase	15	red	left	aware	1	0
347.001	0.000	trigger_101	101	347001	Trigger-In:101	78	trial_start	staircase	14	red	right	unaware	1	0
347.111	0.000	trigger_11	11	347111	Trigger-In:11	78	fixation_point_on	staircase	14	red	right	unaware	1	0
347.711	0.000	trigger_21	21	347711	Trigger-In:21	78	grating_on	staircase	14	red	right	unaware	1	0
347.761	0.000	trigger_20	20	347761	Trigger-In:20	78	grating_off	staircase	14	red	right	unaware	1	0
348.361	0.000	trigger_31	31	348361	Trigger-In:31	78	targets_on_fp_color_change	staircase	14	red	right	unaware	1	0
349.831	0.000	trigger_201	201	349831	Trigger-In:201	78	trial_end_completed	staircase	14	red	right	unaware	1	0
350.901	0.000	trigger_101	101	350901	Trigger-In:101	79	trial_start	staircase	15	red	left	aware	1	0
351.006	0.000	trigger_11	11	351006	Trigger-In:11	79	fixation_point_on	staircase	15	red	left	aware	1	0
351.606	0.000	trigger_21	21	351606	Trigger-In:21	79	grating_on	staircase	15	red	left	aware	1	0
351.656	0.000	trigger_20	20	351656	Trigger-In:20	79	grating_off	staircase	15	red	left	aware	1	0
352.256	0.000	trigger_31	31	352256	Trigger-In:31	79	targets_on_fp_color_change	staircase	15	red	left	aware	1	0
353.216	0.000	trigger_201	201	353216	Trigger-In:201	79	trial_end_completed	staircase	15	red	left	aware	1	0
354.286	0.000	trigger_101	101	354286	Trigger-In:101	80	trial_start	staircase	14	green	right	aware	1	0
354.391	0.000	trigger_11	11	354391	Trigger-In:11	80	fixation_point_on	staircase	14	green	right	aware	1	0
354.986	0.000	trigger_21	21	354986	Trigger-In:21	80	grating_on	staircase	14	green	right	aware	1	0
355.041	0.000	trigger_20	20	355041	Trigger-In:20	80	grating_off	staircase	14	green	right	aware	1	0
355.641	0.000	trigger_31	31	355641	Trigger-In:31	80	targets_on_fp_color_change	staircase	14	green	right	aware	1	0
356.351	0.000	trigger_201	201	356351	Trigger-In:201	80	trial_end_completed	staircase	14	green	right	aware	1	0
357.416	0.000	trigger_101	101	357416	Trigger-In:101	81	trial_start	salient	0	red	right	unaware	1	0
357.521	0.000	trigger_11	11	357521	Trigger-In:11	81	fixation_point_on	salient	0	red	right	unaware	1	0
358.126	0.000	trigger_21	21	358126	Trigger-In:21	81	grating_on	salient	0	red	right	unaware	1	0
358.176	0.000	trigger_20	20	358176	Trigger-In:20	81	grating_off	salient	0	red	right	unaware	1	0
358.776	0.000	trigger_31	31	358776	Trigger-In:31	81	targets_on_fp_color_change	salient	0	red	right	unaware	1	0
360.276	0.000	trigger_201	201	360276	Trigger-In:201	81	trial_end_completed	salient	0	red	right	unaware	1	0
361.346	0.000	trigger_101	101	361346	Trigger-In:101	82	trial_start	staircase	13	green	n/a	n/a	0	0
361.451	0.000	trigger_11	11	361451	Trigger-In:11	82	fixation_point_on	staircase	13	green	n/a	n/a	0	0
362.051	0.000	trigger_21	21	362051	Trigger-In:21	82	grating_on	staircase	13	green	n/a	n/a	0	0
362.101	0.000	trigger_20	20	362101	Trigger-In:20	82	grating_off	staircase	13	green	n/a	n/a	0	0
362.701	0.000	trigger_31	31	362701	Trigger-In:31	82	targets_on_fp_color_change	staircase	13	green	n/a	n/a	0	0
364.666	0.000	trigger_203	203	364666	Trigger-In:203	82	trial_end_not_completed	staircase	13	green	n/a	n/a	0	0
365.766	0.000	trigger_101	101	365766	Trigger-In:101	83	trial_start	staircase	13	red	right	unaware	1	0
365.871	0.000	trigger_11	11	365871	Trigger-In:11	83	fixation_point_on	staircase	13	red	right	unaware	1	0
366.471	0.000	trigger_21	21	366471	Trigger-In:21	83	grating_on	staircase	13	red	right	unaware	1	0
366.521	0.000	trigger_20	20	366521	Trigger-In:20	83	grating_off	staircase	13	red	right	unaware	1	0
367.121	0.000	trigger_31	31	367121	Trigger-In:31	83	targets_on_fp_color_change	staircase	13	red	right	unaware	1	0
368.726	0.000	trigger_201	201	368726	Trigger-In:201	83	trial_end_completed	staircase	13	red	right	unaware	1	0
369.791	0.000	trigger_101	101	369791	Trigger-In:101	84	trial_start	staircase	14	green	left	unaware	1	0
369.896	0.000	trigger_11	11	369896	Trigger-In:11	84	fixation_point_on	staircase	14	green	left	unaware	1	0
370.501	0.000	trigger_21	21	370501	Trigger-In:21	84	grating_on	staircase	14	green	left	unaware	1	0
370.551	0.000	trigger_20	20	370551	Trigger-In:20	84	grating_off	staircase	14	green	left	unaware	1	0
371.151	0.000	trigger_31	31	371151	Trigger-In:31	84	targets_on_fp_color_change	staircase	14	green	left	unaware	1	0
372.606	0.000	trigger_201	201	372606	Trigger-In:201	84	trial_end_completed	staircase	14	green	left	unaware	1	0
373.676	0.000	trigger_101	101	373676	Trigger-In:101	85	trial_start	staircase	15	red	left	aware	1	0
373.786	0.000	trigger_11	11	373786	Trigger-In:11	85	fixation_point_on	staircase	15	red	left	aware	1	0
374.386	0.000	trigger_21	21	374386	Trigger-In:21	85	grating_on	staircase	15	red	left	aware	1	0
374.436	0.000	trigger_20	20	374436	Trigger-In:20	85	grating_off	staircase	15	red	left	aware	1	0
375.036	0.000	trigger_31	31	375036	Trigger-In:31	85	targets_on_fp_color_change	staircase	15	red	left	aware	1	0
376.141	0.000	trigger_201	201	376141	Trigger-In:201	85	trial_end_completed	staircase	15	red	left	aware	1	0
377.206	0.000	trigger_101	101	377206	Trigger-In:101	86	trial_start	staircase	14	red	right	unaware	1	0
377.311	0.000	trigger_11	11	377311	Trigger-In:11	86	fixation_point_on	staircase	14	red	right	unaware	1	0
377.911	0.000	trigger_21	21	377911	Trigger-In:21	86	grating_on	staircase	14	red	right	unaware	1	0
377.961	0.000	trigger_20	20	377961	Trigger-In:20	86	grating_off	staircase	14	red	right	unaware	1	0
378.561	0.000	trigger_31	31	378561	Trigger-In:31	86	targets_on_fp_color_change	staircase	14	red	right	unaware	1	0
379.966	0.000	trigger_201	201	379966	Trigger-In:201	86	trial_end_completed	staircase	14	red	right	unaware	1	0
381.036	0.000	trigger_101	101	381036	Trigger-In:101	87	trial_start	staircase	15	red	left	aware	1	0
381.141	0.000	trigger_11	11	381141	Trigger-In:11	87	fixation_point_on	staircase	15	red	left	aware	1	0
381.741	0.000	trigger_21	21	381741	Trigger-In:21	87	grating_on	staircase	15	red	left	aware	1	0
381.791	0.000	trigger_20	20	381791	Trigger-In:20	87	grating_off	staircase	15	red	left	aware	1	0
382.391	0.000	trigger_31	31	382391	Trigger-In:31	87	targets_on_fp_color_change	staircase	15	red	left	aware	1	0
383.291	0.000	trigger_201	201	383291	Trigger-In:201	87	trial_end_completed	staircase	15	red	left	aware	1	0
384.356	0.000	trigger_101	101	384356	Trigger-In:101	88	trial_start	staircase	14	green	right	aware	1	0
384.461	0.000	trigger_11	11	384461	Trigger-In:11	88	fixation_point_on	staircase	14	green	right	aware	1	0
385.061	0.000	trigger_21	21	385061	Trigger-In:21	88	grating_on	staircase	14	green	right	aware	1	0
385.111	0.000	trigger_20	20	385111	Trigger-In:20	88	grating_off	staircase	14	green	right	aware	1	0
385.716	0.000	trigger_31	31	385716	Trigger-In:31	88	targets_on_fp_color_change	staircase	14	green	right	aware	1	0
387.051	0.000	trigger_201	201	387051	Trigger-In:201	88	trial_end_completed	staircase	14	green	right	aware	1	0
388.121	0.000	trigger_101	101	388121	Trigger-In:101	89	trial_start	salient	0	green	left	unaware	1	0
388.391	0.000	trigger_11	11	388391	Trigger-In:11	89	fixation_point_on	salient	0	green	left	unaware	1	0
388.991	0.000	trigger_21	21	388991	Trigger-In:21	89	grating_on	salient	0	green	left	unaware	1	0
389.041	0.000	trigger_20	20	389041	Trigger-In:20	89	grating_off	salient	0	green	left	unaware	1	0
389.641	0.000	trigger_31	31	389641	Trigger-In:31	89	targets_on_fp_color_change	salient	0	green	left	unaware	1	0
391.426	0.000	trigger_201	201	391426	Trigger-In:201	89	trial_end_completed	salient	0	green	left	unaware	1	0
392.491	0.000	trigger_101	101	392491	Trigger-In:101	90	trial_start	staircase	13	red	right	unaware	1	0
392.601	0.000	trigger_11	11	392601	Trigger-In:11	90	fixation_point_on	staircase	13	red	right	unaware	1	0
393.201	0.000	trigger_21	21	393201	Trigger-In:21	90	grating_on	staircase	13	red	right	unaware	1	0
393.251	0.000	trigger_20	20	393251	Trigger-In:20	90	grating_off	staircase	13	red	right	unaware	1	0
393.851	0.000	trigger_31	31	393851	Trigger-In:31	90	targets_on_fp_color_change	staircase	13	red	right	unaware	1	0
395.531	0.000	trigger_201	201	395531	Trigger-In:201	90	trial_end_completed	staircase	13	red	right	unaware	1	0
396.601	0.000	trigger_101	101	396601	Trigger-In:101	91	trial_start	staircase	14	green	right	aware	1	0
396.706	0.000	trigger_11	11	396706	Trigger-In:11	91	fixation_point_on	staircase	14	green	right	aware	1	0
397.311	0.000	trigger_21	21	397311	Trigger-In:21	91	grating_on	staircase	14	green	right	aware	1	0
397.361	0.000	trigger_20	20	397361	Trigger-In:20	91	grating_off	staircase	14	green	right	aware	1	0
397.961	0.000	trigger_31	31	397961	Trigger-In:31	91	targets_on_fp_color_change	staircase	14	green	right	aware	1	0
399.761	0.000	trigger_201	201	399761	Trigger-In:201	91	trial_end_completed	staircase	14	green	right	aware	1	0
400.831	0.000	trigger_101	101	400831	Trigger-In:101	92	trial_start	staircase	13	red	right	unaware	1	0
400.936	0.000	trigger_11	11	400936	Trigger-In:11	92	fixation_point_on	staircase	13	red	right	unaware	1	0
401.536	0.000	trigger_21	21	401536	Trigger-In:21	92	grating_on	staircase	13	red	right	unaware	1	0
401.586	0.000	trigger_20	20	401586	Trigger-In:20	92	grating_off	staircase	13	red	right	unaware	1	0
402.186	0.000	trigger_31	31	402186	Trigger-In:31	92	targets_on_fp_color_change	staircase	13	red	right	unaware	1	0
403.346	0.000	trigger_201	201	403346	Trigger-In:201	92	trial_end_completed	staircase	13	red	right	unaware	1	0
404.416	0.000	trigger_101	101	404416	Trigger-In:101	93	trial_start	staircase	14	green	left	unaware	1	0
404.521	0.000	trigger_11	11	404521	Trigger-In:11	93	fixation_point_on	staircase	14	green	left	unaware	1	0
405.121	0.000	trigger_21	21	405121	Trigger-In:21	93	grating_on	staircase	14	green	left	unaware	1	0
405.171	0.000	trigger_20	20	405171	Trigger-In:20	93	grating_off	staircase	14	green	left	unaware	1	0
405.771	0.000	trigger_31	31	405771	Trigger-In:31	93	targets_on_fp_color_change	staircase	14	green	left	unaware	1	0
407.331	0.000	trigger_201	201	407331	Trigger-In:201	93	trial_end_completed	staircase	14	green	left	unaware	1	0
408.401	0.000	trigger_101	101	408401	Trigger-In:101	94	trial_start	staircase	15	green	right	aware	1	0
408.506	0.000	trigger_11	11	408506	Trigger-In:11	94	fixation_point_on	staircase	15	green	right	aware	1	0
409.106	0.000	trigger_21	21	409106	Trigger-In:21	94	grating_on	staircase	15	green	right	aware	1	0
409.156	0.000	trigger_20	20	409156	Trigger-In:20	94	grating_off	staircase	15	green	right	aware	1	0
409.756	0.000	trigger_31	31	409756	Trigger-In:31	94	targets_on_fp_color_change	staircase	15	green	right	aware	1	0
410.766	0.000	trigger_201	201	410766	Trigger-In:201	94	trial_end_completed	staircase	15	green	right	aware	1	0
411.836	0.000	trigger_101	101	411836	Trigger-In:101	95	trial_start	staircase	14	red	right	unaware	1	0
411.941	0.000	trigger_11	11	411941	Trigger-In:11	95	fixation_point_on	staircase	14	red	right	unaware	1	0
412.541	0.000	trigger_21	21	412541	Trigger-In:21	95	grating_on	staircase	14	red	right	unaware	1	0
412.591	0.000	trigger_20	20	412591	Trigger-In:20	95	grating_off	staircase	14	red	right	unaware	1	0
413.191	0.000	trigger_31	31	413191	Trigger-In:31	95	targets_on_fp_color_change	staircase	14	red	right	unaware	1	0
414.691	0.000	trigger_201	201	414691	Trigger-In:201	95	trial_end_completed	staircase	14	red	right	unaware	1	0
415.761	0.000	trigger_101	101	415761	Trigger-In:101	96	trial_start	staircase	15	red	right	unaware	1	0
415.866	0.000	trigger_11	11	415866	Trigger-In:11	96	fixation_point_on	staircase	15	red	right	unaware	1	0
416.466	0.000	trigger_21	21	416466	Trigger-In:21	96	grating_on	staircase	15	red	right	unaware	1	0
416.516	0.000	trigger_20	20	416516	Trigger-In:20	96	grating_off	staircase	15	red	right	unaware	1	0
417.116	0.000	trigger_31	31	417116	Trigger-In:31	96	targets_on_fp_color_change	staircase	15	red	right	unaware	1	0
418.386	0.000	trigger_201	201	418386	Trigger-In:201	96	trial_end_completed	staircase	15	red	right	unaware	1	0
419.456	0.000	trigger_101	101	419456	Trigger-In:101	97	trial_start	salient	0	red	right	unaware	1	0
419.561	0.000	trigger_11	11	419561	Trigger-In:11	97	fixation_point_on	salient	0	red	right	unaware	1	0
420.161	0.000	trigger_21	21	420161	Trigger-In:21	97	grating_on	salient	0	red	right	unaware	1	0
420.211	0.000	trigger_20	20	420211	Trigger-In:20	97	grating_off	salient	0	red	right	unaware	1	0
420.811	0.000	trigger_31	31	420811	Trigger-In:31	97	targets_on_fp_color_change	salient	0	red	right	unaware	1	0
421.746	0.000	trigger_201	201	421746	Trigger-In:201	97	trial_end_completed	salient	0	red	right	unaware	1	0
422.811	0.000	trigger_101	101	422811	Trigger-In:101	98	trial_start	staircase	16	red	left	aware	1	0
422.916	0.000	trigger_11	11	422916	Trigger-In:11	98	fixation_point_on	staircase	16	red	left	aware	1	0
423.521	0.000	trigger_21	21	423521	Trigger-In:21	98	grating_on	staircase	16	red	left	aware	1	0
423.571	0.000	trigger_20	20	423571	Trigger-In:20	98	grating_off	staircase	16	red	left	aware	1	0
424.171	0.000	trigger_31	31	424171	Trigger-In:31	98	targets_on_fp_color_change	staircase	16	red	left	aware	1	0
425.061	0.000	trigger_201	201	425061	Trigger-In:201	98	trial_end_completed	staircase	16	red	left	aware	1	0
426.126	0.000	trigger_101	101	426126	Trigger-In:101	99	trial_start	staircase	15	green	right	aware	1	0
426.231	0.000	trigger_11	11	426231	Trigger-In:11	99	fixation_point_on	staircase	15	green	right	aware	1	0
426.836	0.000	trigger_21	21	426836	Trigger-In:21	99	grating_on	staircase	15	green	right	aware	1	0
426.886	0.000	trigger_20	20	426886	Trigger-In:20	99	grating_off	staircase	15	green	right	aware	1	0
427.486	0.000	trigger_31	31	427486	Trigger-In:31	99	targets_on_fp_color_change	staircase	15	green	right	aware	1	0
428.161	0.000	trigger_201	201	428161	Trigger-In:201	99	trial_end_completed	staircase	15	green	right	aware	1	0
429.226	0.000	trigger_101	101	429226	Trigger-In:101	100	trial_start	salient	0	green	left	unaware	1	0
429.331	0.000	trigger_11	11	429331	Trigger-In:11	100	fixation_point_on	salient	0	green	left	unaware	1	0
429.931	0.000	trigger_21	21	429931	Trigger-In:21	100	grating_on	salient	0	green	left	unaware	1	0
429.981	0.000	trigger_20	20	429981	Trigger-In:20	100	grating_off	salient	0	green	left	unaware	1	0
430.581	0.000	trigger_31	31	430581	Trigger-In:31	100	targets_on_fp_color_change	salient	0	green	left	unaware	1	0
432.446	0.000	trigger_201	201	432446	Trigger-In:201	100	trial_end_completed	salient	0	green	left	unaware	1	0
433.511	0.000	trigger_101	101	433511	Trigger-In:101	101	trial_start	staircase	14	green	right	aware	1	0
433.616	0.000	trigger_11	11	433616	Trigger-In:11	101	fixation_point_on	staircase	14	green	right	aware	1	0
434.216	0.000	trigger_21	21	434216	Trigger-In:21	101	grating_on	staircase	14	green	right	aware	1	0
434.271	0.000	trigger_20	20	434271	Trigger-In:20	101	grating_off	staircase	14	green	right	aware	1	0
434.871	0.000	trigger_31	31	434871	Trigger-In:31	101	targets_on_fp_color_change	staircase	14	green	right	aware	1	0
435.906	0.000	trigger_201	201	435906	Trigger-In:201	101	trial_end_completed	staircase	14	green	right	aware	1	0
436.976	0.000	trigger_101	101	436976	Trigger-In:101	102	trial_start	absent	70	red	left	aware	1	0
437.081	0.000	trigger_11	11	437081	Trigger-In:11	102	fixation_point_on	absent	70	red	left	aware	1	0
437.681	0.000	trigger_21	21	437681	Trigger-In:21	102	grating_on	absent	70	red	left	aware	1	0
437.731	0.000	trigger_20	20	437731	Trigger-In:20	102	grating_off	absent	70	red	left	aware	1	0
438.336	0.000	trigger_31	31	438336	Trigger-In:31	102	targets_on_fp_color_change	absent	70	red	left	aware	1	0
439.226	0.000	trigger_201	201	439226	Trigger-In:201	102	trial_end_completed	absent	70	red	left	aware	1	0
440.296	0.000	trigger_101	101	440296	Trigger-In:101	103	trial_start	staircase	13	green	left	unaware	1	0
440.401	0.000	trigger_11	11	440401	Trigger-In:11	103	fixation_point_on	staircase	13	green	left	unaware	1	0
441.001	0.000	trigger_21	21	441001	Trigger-In:21	103	grating_on	staircase	13	green	left	unaware	1	0
441.051	0.000	trigger_20	20	441051	Trigger-In:20	103	grating_off	staircase	13	green	left	unaware	1	0
441.651	0.000	trigger_31	31	441651	Trigger-In:31	103	targets_on_fp_color_change	staircase	13	green	left	unaware	1	0
443.471	0.000	trigger_201	201	443471	Trigger-In:201	103	trial_end_completed	staircase	13	green	left	unaware	1	0
444.541	0.000	trigger_101	101	444541	Trigger-In:101	104	trial_start	staircase	14	red	left	aware	1	0
444.646	0.000	trigger_11	11	444646	Trigger-In:11	104	fixation_point_on	staircase	14	red	left	aware	1	0
445.246	0.000	trigger_21	21	445246	Trigger-In:21	104	grating_on	staircase	14	red	left	aware	1	0
445.296	0.000	trigger_20	20	445296	Trigger-In:20	104	grating_off	staircase	14	red	left	aware	1	0
445.896	0.000	trigger_31	31	445896	Trigger-In:31	104	targets_on_fp_color_change	staircase	14	red	left	aware	1	0
446.906	0.000	trigger_201	201	446906	Trigger-In:201	104	trial_end_completed	staircase	14	red	left	aware	1	0
447.971	0.000	trigger_101	101	447971	Trigger-In:101	105	trial_start	absent	70	red	left	aware	1	0
448.076	0.000	trigger_11	11	448076	Trigger-In:11	105	fixation_point_on	absent	70	red	left	aware	1	0
448.676	0.000	trigger_21	21	448676	Trigger-In:21	105	grating_on	absent	70	red	left	aware	1	0
448.726	0.000	trigger_20	20	448726	Trigger-In:20	105	grating_off	absent	70	red	left	aware	1	0
449.331	0.000	trigger_31	31	449331	Trigger-In:31	105	targets_on_fp_color_change	absent	70	red	left	aware	1	0
450.216	0.000	trigger_201	201	450216	Trigger-In:201	105	trial_end_completed	absent	70	red	left	aware	1	0
451.281	0.000	trigger_101	101	451281	Trigger-In:101	106	trial_start	staircase	13	red	right	unaware	1	0
451.386	0.000	trigger_11	11	451386	Trigger-In:11	106	fixation_point_on	staircase	13	red	right	unaware	1	0
451.986	0.000	trigger_21	21	451986	Trigger-In:21	106	grating_on	staircase	13	red	right	unaware	1	0
452.036	0.000	trigger_20	20	452036	Trigger-In:20	106	grating_off	staircase	13	red	right	unaware	1	0
452.641	0.000	trigger_31	31	452641	Trigger-In:31	106	targets_on_fp_color_change	staircase	13	red	right	unaware	1	0
454.436	0.000	trigger_201	201	454436	Trigger-In:201	106	trial_end_completed	staircase	13	red	right	unaware	1	0
455.506	0.000	trigger_101	101	455506	Trigger-In:101	107	trial_start	staircase	14	green	left	unaware	1	0
455.611	0.000	trigger_11	11	455611	Trigger-In:11	107	fixation_point_on	staircase	14	green	left	unaware	1	0
456.211	0.000	trigger_21	21	456211	Trigger-In:21	107	grating_on	staircase	14	green	left	unaware	1	0
456.266	0.000	trigger_20	20	456266	Trigger-In:20	107	grating_off	staircase	14	green	left	unaware	1	0
456.866	0.000	trigger_31	31	456866	Trigger-In:31	107	targets_on_fp_color_change	staircase	14	green	left	unaware	1	0
458.271	0.000	trigger_201	201	458271	Trigger-In:201	107	trial_end_completed	staircase	14	green	left	unaware	1	0
459.341	0.000	trigger_101	101	459341	Trigger-In:101	108	trial_start	staircase	15	green	right	aware	1	0
459.441	0.000	trigger_11	11	459441	Trigger-In:11	108	fixation_point_on	staircase	15	green	right	aware	1	0
460.041	0.000	trigger_21	21	460041	Trigger-In:21	108	grating_on	staircase	15	green	right	aware	1	0
460.091	0.000	trigger_20	20	460091	Trigger-In:20	108	grating_off	staircase	15	green	right	aware	1	0
460.691	0.000	trigger_31	31	460691	Trigger-In:31	108	targets_on_fp_color_change	staircase	15	green	right	aware	1	0
461.591	0.000	trigger_201	201	461591	Trigger-In:201	108	trial_end_completed	staircase	15	green	right	aware	1	0
462.661	0.000	trigger_101	101	462661	Trigger-In:101	109	trial_start	staircase	14	red	left	aware	1	0
462.766	0.000	trigger_11	11	462766	Trigger-In:11	109	fixation_point_on	staircase	14	red	left	aware	1	0
463.366	0.000	trigger_21	21	463366	Trigger-In:21	109	grating_on	staircase	14	red	left	aware	1	0
463.416	0.000	trigger_20	20	463416	Trigger-In:20	109	grating_off	staircase	14	red	left	aware	1	0
464.016	0.000	trigger_31	31	464016	Trigger-In:31	109	targets_on_fp_color_change	staircase	14	red	left	aware	1	0
465.101	0.000	trigger_201	201	465101	Trigger-In:201	109	trial_end_completed	staircase	14	red	left	aware	1	0
466.171	0.000	trigger_101	101	466171	Trigger-In:101	110	trial_start	staircase	13	green	right	aware	1	0
466.276	0.000	trigger_11	11	466276	Trigger-In:11	110	fixation_point_on	staircase	13	green	right	aware	1	0
466.876	0.000	trigger_21	21	466876	Trigger-In:21	110	grating_on	staircase	13	green	right	aware	1	0
466.926	0.000	trigger_20	20	466926	Trigger-In:20	110	grating_off	staircase	13	green	right	aware	1	0
467.526	0.000	trigger_31	31	467526	Trigger-In:31	110	targets_on_fp_color_change	staircase	13	green	right	aware	1	0
468.286	0.000	trigger_201	201	468286	Trigger-In:201	110	trial_end_completed	staircase	13	green	right	aware	1	0
469.356	0.000	trigger_101	101	469356	Trigger-In:101	111	trial_start	staircase	12	red	right	unaware	1	0
469.461	0.000	trigger_11	11	469461	Trigger-In:11	111	fixation_point_on	staircase	12	red	right	unaware	1	0
470.061	0.000	trigger_21	21	470061	Trigger-In:21	111	grating_on	staircase	12	red	right	unaware	1	0
470.111	0.000	trigger_20	20	470111	Trigger-In:20	111	grating_off	staircase	12	red	right	unaware	1	0
470.716	0.000	trigger_31	31	470716	Trigger-In:31	111	targets_on_fp_color_change	staircase	12	red	right	unaware	1	0
471.971	0.000	trigger_201	201	471971	Trigger-In:201	111	trial_end_completed	staircase	12	red	right	unaware	1	0
473.041	0.000	trigger_101	101	473041	Trigger-In:101	112	trial_start	staircase	13	green	right	aware	1	0
473.146	0.000	trigger_11	11	473146	Trigger-In:11	112	fixation_point_on	staircase	13	green	right	aware	1	0
473.746	0.000	trigger_21	21	473746	Trigger-In:21	112	grating_on	staircase	13	green	right	aware	1	0
473.796	0.000	trigger_20	20	473796	Trigger-In:20	112	grating_off	staircase	13	green	right	aware	1	0
474.396	0.000	trigger_31	31	474396	Trigger-In:31	112	targets_on_fp_color_change	staircase	13	green	right	aware	1	0
475.086	0.000	trigger_201	201	475086	Trigger-In:201	112	trial_end_completed	staircase	13	green	right	aware	1	0
476.156	0.000	trigger_101	101	476156	Trigger-In:101	113	trial_start	staircase	12	green	left	unaware	1	0
476.256	0.000	trigger_11	11	476256	Trigger-In:11	113	fixation_point_on	staircase	12	green	left	unaware	1	0
476.856	0.000	trigger_21	21	476856	Trigger-In:21	113	grating_on	staircase	12	green	left	unaware	1	0
476.906	0.000	trigger_20	20	476906	Trigger-In:20	113	grating_off	staircase	12	green	left	unaware	1	0
477.506	0.000	trigger_31	31	477506	Trigger-In:31	113	targets_on_fp_color_change	staircase	12	green	left	unaware	1	0
479.426	0.000	trigger_201	201	479426	Trigger-In:201	113	trial_end_completed	staircase	12	green	left	unaware	1	0
480.496	0.000	trigger_101	101	480496	Trigger-In:101	114	trial_start	staircase	13	red	right	unaware	1	0
480.601	0.000	trigger_11	11	480601	Trigger-In:11	114	fixation_point_on	staircase	13	red	right	unaware	1	0
481.201	0.000	trigger_21	21	481201	Trigger-In:21	114	grating_on	staircase	13	red	right	unaware	1	0
481.256	0.000	trigger_20	20	481256	Trigger-In:20	114	grating_off	staircase	13	red	right	unaware	1	0
481.856	0.000	trigger_31	31	481856	Trigger-In:31	114	targets_on_fp_color_change	staircase	13	red	right	unaware	1	0
483.276	0.000	trigger_201	201	483276	Trigger-In:201	114	trial_end_completed	staircase	13	red	right	unaware	1	0
484.346	0.000	trigger_101	101	484346	Trigger-In:101	115	trial_start	staircase	14	red	right	unaware	1	0
484.451	0.000	trigger_11	11	484451	Trigger-In:11	115	fixation_point_on	staircase	14	red	right	unaware	1	0
485.051	0.000	trigger_21	21	485051	Trigger-In:21	115	grating_on	staircase	14	red	right	unaware	1	0
485.101	0.000	trigger_20	20	485101	Trigger-In:20	115	grating_off	staircase	14	red	right	unaware	1	0
485.701	0.000	trigger_31	31	485701	Trigger-In:31	115	targets_on_fp_color_change	staircase	14	red	right	unaware	1	0
486.876	0.000	trigger_201	201	486876	Trigger-In:201	115	trial_end_completed	staircase	14	red	right	unaware	1	0
487.941	0.000	trigger_101	101	487941	Trigger-In:101	116	trial_start	staircase	15	red	left	aware	1	0
488.046	0.000	trigger_11	11	488046	Trigger-In:11	116	fixation_point_on	staircase	15	red	left	aware	1	0
488.646	0.000	trigger_21	21	488646	Trigger-In:21	116	grating_on	staircase	15	red	left	aware	1	0
488.696	0.000	trigger_20	20	488696	Trigger-In:20	116	grating_off	staircase	15	red	left	aware	1	0
489.301	0.000	trigger_31	31	489301	Trigger-In:31	116	targets_on_fp_color_change	staircase	15	red	left	aware	1	0
490.251	0.000	trigger_201	201	490251	Trigger-In:201	116	trial_end_completed	staircase	15	red	left	aware	1	0
491.321	0.000	trigger_101	101	491321	Trigger-In:101	117	trial_start	salient	0	green	left	unaware	1	0
491.426	0.000	trigger_11	11	491426	Trigger-In:11	117	fixation_point_on	salient	0	green	left	unaware	1	0
492.026	0.000	trigger_21	21	492026	Trigger-In:21	117	grating_on	salient	0	green	left	unaware	1	0
492.076	0.000	trigger_20	20	492076	Trigger-In:20	117	grating_off	salient	0	green	left	unaware	1	0
492.676	0.000	trigger_31	31	492676	Trigger-In:31	117	targets_on_fp_color_change	salient	0	green	left	unaware	1	0
494.556	0.000	trigger_201	201	494556	Trigger-In:201	117	trial_end_completed	salient	0	green	left	unaware	1	0
495.626	0.000	trigger_101	101	495626	Trigger-In:101	118	trial_start	staircase	14	green	n/a	n/a	0	0
495.731	0.000	trigger_11	11	495731	Trigger-In:11	118	fixation_point_on	staircase	14	green	n/a	n/a	0	0
496.331	0.000	trigger_21	21	496331	Trigger-In:21	118	grating_on	staircase	14	green	n/a	n/a	0	0
496.381	0.000	trigger_20	20	496381	Trigger-In:20	118	grating_off	staircase	14	green	n/a	n/a	0	0
496.981	0.000	trigger_31	31	496981	Trigger-In:31	118	targets_on_fp_color_change	staircase	14	green	n/a	n/a	0	0
498.941	0.000	trigger_203	203	498941	Trigger-In:203	118	trial_end_not_completed	staircase	14	green	n/a	n/a	0	0
500.041	0.000	trigger_101	101	500041	Trigger-In:101	119	trial_start	salient	0	green	left	unaware	1	0
500.146	0.000	trigger_11	11	500146	Trigger-In:11	119	fixation_point_on	salient	0	green	left	unaware	1	0
500.746	0.000	trigger_21	21	500746	Trigger-In:21	119	grating_on	salient	0	green	left	unaware	1	0
500.796	0.000	trigger_20	20	500796	Trigger-In:20	119	grating_off	salient	0	green	left	unaware	1	0
501.396	0.000	trigger_31	31	501396	Trigger-In:31	119	targets_on_fp_color_change	salient	0	green	left	unaware	1	0
502.351	0.000	trigger_201	201	502351	Trigger-In:201	119	trial_end_completed	salient	0	green	left	unaware	1	0
503.421	0.000	trigger_101	101	503421	Trigger-In:101	120	trial_start	staircase	14	green	left	unaware	1	0
503.566	0.000	trigger_11	11	503566	Trigger-In:11	120	fixation_point_on	staircase	14	green	left	unaware	1	0
504.166	0.000	trigger_21	21	504166	Trigger-In:21	120	grating_on	staircase	14	green	left	unaware	1	0
504.221	0.000	trigger_20	20	504221	Trigger-In:20	120	grating_off	staircase	14	green	left	unaware	1	0
504.821	0.000	trigger_31	31	504821	Trigger-In:31	120	targets_on_fp_color_change	staircase	14	green	left	unaware	1	0
506.126	0.000	trigger_201	201	506126	Trigger-In:201	120	trial_end_completed	staircase	14	green	left	unaware	1	0
507.191	0.000	trigger_101	101	507191	Trigger-In:101	121	trial_start	salient	0	green	left	unaware	1	0
507.296	0.000	trigger_11	11	507296	Trigger-In:11	121	fixation_point_on	salient	0	green	left	unaware	1	0
507.901	0.000	trigger_21	21	507901	Trigger-In:21	121	grating_on	salient	0	green	left	unaware	1	0
507.951	0.000	trigger_20	20	507951	Trigger-In:20	121	grating_off	salient	0	green	left	unaware	1	0
508.551	0.000	trigger_31	31	508551	Trigger-In:31	121	targets_on_fp_color_change	salient	0	green	left	unaware	1	0
509.471	0.000	trigger_201	201	509471	Trigger-In:201	121	trial_end_completed	salient	0	green	left	unaware	1	0
510.541	0.000	trigger_101	101	510541	Trigger-In:101	122	trial_start	salient	0	red	right	unaware	1	0
510.641	0.000	trigger_11	11	510641	Trigger-In:11	122	fixation_point_on	salient	0	red	right	unaware	1	0
511.246	0.000	trigger_21	21	511246	Trigger-In:21	122	grating_on	salient	0	red	right	unaware	1	0
511.296	0.000	trigger_20	20	511296	Trigger-In:20	122	grating_off	salient	0	red	right	unaware	1	0
511.896	0.000	trigger_31	31	511896	Trigger-In:31	122	targets_on_fp_color_change	salient	0	red	right	unaware	1	0
513.051	0.000	trigger_201	201	513051	Trigger-In:201	122	trial_end_completed	salient	0	red	right	unaware	1	0
514.121	0.000	trigger_101	101	514121	Trigger-In:101	123	trial_start	absent	70	green	right	aware	1	0
514.226	0.000	trigger_11	11	514226	Trigger-In:11	123	fixation_point_on	absent	70	green	right	aware	1	0
514.826	0.000	trigger_21	21	514826	Trigger-In:21	123	grating_on	absent	70	green	right	aware	1	0
514.876	0.000	trigger_20	20	514876	Trigger-In:20	123	grating_off	absent	70	green	right	aware	1	0
515.476	0.000	trigger_31	31	515476	Trigger-In:31	123	targets_on_fp_color_change	absent	70	green	right	aware	1	0
516.151	0.000	trigger_201	201	516151	Trigger-In:201	123	trial_end_completed	absent	70	green	right	aware	1	0
517.216	0.000	trigger_101	101	517216	Trigger-In:101	124	trial_start	absent	70	green	right	aware	1	0
517.321	0.000	trigger_11	11	517321	Trigger-In:11	124	fixation_point_on	absent	70	green	right	aware	1	0
517.926	0.000	trigger_21	21	517926	Trigger-In:21	124	grating_on	absent	70	green	right	aware	1	0
517.976	0.000	trigger_20	20	517976	Trigger-In:20	124	grating_off	absent	70	green	right	aware	1	0
518.576	0.000	trigger_31	31	518576	Trigger-In:31	124	targets_on_fp_color_change	absent	70	green	right	aware	1	0
519.291	0.000	trigger_201	201	519291	Trigger-In:201	124	trial_end_completed	absent	70	green	right	aware	1	0
520.361	0.000	trigger_101	101	520361	Trigger-In:101	125	trial_start	staircase	15	green	right	aware	1	0
520.466	0.000	trigger_11	11	520466	Trigger-In:11	125	fixation_point_on	staircase	15	green	right	aware	1	0
521.066	0.000	trigger_21	21	521066	Trigger-In:21	125	grating_on	staircase	15	green	right	aware	1	0
521.116	0.000	trigger_20	20	521116	Trigger-In:20	125	grating_off	staircase	15	green	right	aware	1	0
521.716	0.000	trigger_31	31	521716	Trigger-In:31	125	targets_on_fp_color_change	staircase	15	green	right	aware	1	0
522.546	0.000	trigger_201	201	522546	Trigger-In:201	125	trial_end_completed	staircase	15	green	right	aware	1	0
523.616	0.000	trigger_101	101	523616	Trigger-In:101	126	trial_start	staircase	14	green	left	unaware	1	0
523.721	0.000	trigger_11	11	523721	Trigger-In:11	126	fixation_point_on	staircase	14	green	left	unaware	1	0
524.321	0.000	trigger_21	21	524321	Trigger-In:21	126	grating_on	staircase	14	green	left	unaware	1	0
524.376	0.000	trigger_20	20	524376	Trigger-In:20	126	grating_off	staircase	14	green	left	unaware	1	0
524.976	0.000	trigger_31	31	524976	Trigger-In:31	126	targets_on_fp_color_change	staircase	14	green	left	unaware	1	0
525.986	0.000	trigger_201	201	525986	Trigger-In:201	126	trial_end_completed	staircase	14	green	left	unaware	1	0
527.051	0.000	trigger_101	101	527051	Trigger-In:101	127	trial_start	staircase	15	red	right	unaware	1	0
527.156	0.000	trigger_11	11	527156	Trigger-In:11	127	fixation_point_on	staircase	15	red	right	unaware	1	0
527.756	0.000	trigger_21	21	527756	Trigger-In:21	127	grating_on	staircase	15	red	right	unaware	1	0
527.806	0.000	trigger_20	20	527806	Trigger-In:20	127	grating_off	staircase	15	red	right	unaware	1	0
528.406	0.000	trigger_31	31	528406	Trigger-In:31	127	targets_on_fp_color_change	staircase	15	red	right	unaware	1	0
529.881	0.000	trigger_201	201	529881	Trigger-In:201	127	trial_end_completed	staircase	15	red	right	unaware	1	0
530.951	0.000	trigger_101	101	530951	Trigger-In:101	128	trial_start	staircase	16	green	right	aware	1	0
531.056	0.000	trigger_11	11	531056	Trigger-In:11	128	fixation_point_on	staircase	16	green	right	aware	1	0
531.656	0.000	trigger_21	21	531656	Trigger-In:21	128	grating_on	staircase	16	green	right	aware	1	0
531.706	0.000	trigger_20	20	531706	Trigger-In:20	128	grating_off	staircase	16	green	right	aware	1	0
532.306	0.000	trigger_31	31	532306	Trigger-In:31	128	targets_on_fp_color_change	staircase	16	green	right	aware	1	0
533.126	0.000	trigger_201	201	533126	Trigger-In:201	128	trial_end_completed	staircase	16	green	right	aware	1	0
534.196	0.000	trigger_101	101	534196	Trigger-In:101	129	trial_start	absent	70	red	left	aware	1	0
534.296	0.000	trigger_11	11	534296	Trigger-In:11	129	fixation_point_on	absent	70	red	left	aware	1	0
534.896	0.000	trigger_21	21	534896	Trigger-In:21	129	grating_on	absent	70	red	left	aware	1	0
534.946	0.000	trigger_20	20	534946	Trigger-In:20	129	grating_off	absent	70	red	left	aware	1	0
535.546	0.000	trigger_31	31	535546	Trigger-In:31	129	targets_on_fp_color_change	absent	70	red	left	aware	1	0
536.371	0.000	trigger_201	201	536371	Trigger-In:201	129	trial_end_completed	absent	70	red	left	aware	1	0
537.436	0.000	trigger_101	101	537436	Trigger-In:101	130	trial_start	staircase	15	green	left	unaware	1	0
537.541	0.000	trigger_11	11	537541	Trigger-In:11	130	fixation_point_on	staircase	15	green	left	unaware	1	0
538.141	0.000	trigger_21	21	538141	Trigger-In:21	130	grating_on	staircase	15	green	left	unaware	1	0
538.196	0.000	trigger_20	20	538196	Trigger-In:20	130	grating_off	staircase	15	green	left	unaware	1	0
538.796	0.000	trigger_31	31	538796	Trigger-In:31	130	targets_on_fp_color_change	staircase	15	green	left	unaware	1	0
540.531	0.000	trigger_201	201	540531	Trigger-In:201	130	trial_end_completed	staircase	15	green	left	unaware	1	0
541.601	0.000	trigger_101	101	541601	Trigger-In:101	131	trial_start	absent	70	green	right	aware	1	0
541.706	0.000	trigger_11	11	541706	Trigger-In:11	131	fixation_point_on	absent	70	green	right	aware	1	0
542.306	0.000	trigger_21	21	542306	Trigger-In:21	131	grating_on	absent	70	green	right	aware	1	0
542.356	0.000	trigger_20	20	542356	Trigger-In:20	131	grating_off	absent	70	green	right	aware	1	0
542.956	0.000	trigger_31	31	542956	Trigger-In:31	131	targets_on_fp_color_change	absent	70	green	right	aware	1	0
543.721	0.000	trigger_201	201	543721	Trigger-In:201	131	trial_end_completed	absent	70	green	right	aware	1	0
544.791	0.000	trigger_101	101	544791	Trigger-In:101	132	trial_start	staircase	16	green	right	aware	1	0
544.896	0.000	trigger_11	11	544896	Trigger-In:11	132	fixation_point_on	staircase	16	green	right	aware	1	0
545.496	0.000	trigger_21	21	545496	Trigger-In:21	132	grating_on	staircase	16	green	right	aware	1	0
545.546	0.000	trigger_20	20	545546	Trigger-In:20	132	grating_off	staircase	16	green	right	aware	1	0
546.146	0.000	trigger_31	31	546146	Trigger-In:31	132	targets_on_fp_color_change	staircase	16	green	right	aware	1	0
547.756	0.000	trigger_201	201	547756	Trigger-In:201	132	trial_end_completed	staircase	16	green	right	aware	1	0
548.826	0.000	trigger_101	101	548826	Trigger-In:101	133	trial_start	staircase	15	green	right	aware	1	0
548.931	0.000	trigger_11	11	548931	Trigger-In:11	133	fixation_point_on	staircase	15	green	right	aware	1	0
549.531	0.000	trigger_21	21	549531	Trigger-In:21	133	grating_on	staircase	15	green	right	aware	1	0
549.581	0.000	trigger_20	20	549581	Trigger-In:20	133	grating_off	staircase	15	green	right	aware	1	0
550.181	0.000	trigger_31	31	550181	Trigger-In:31	133	targets_on_fp_color_change	staircase	15	green	right	aware	1	0
550.906	0.000	trigger_201	201	550906	Trigger-In:201	133	trial_end_completed	staircase	15	green	right	aware	1	0
551.976	0.000	trigger_101	101	551976	Trigger-In:101	134	trial_start	staircase	14	green	right	aware	1	0
552.081	0.000	trigger_11	11	552081	Trigger-In:11	134	fixation_point_on	staircase	14	green	right	aware	1	0
552.681	0.000	trigger_21	21	552681	Trigger-In:21	134	grating_on	staircase	14	green	right	aware	1	0
552.731	0.000	trigger_20	20	552731	Trigger-In:20	134	grating_off	staircase	14	green	right	aware	1	0
553.331	0.000	trigger_31	31	553331	Trigger-In:31	134	targets_on_fp_color_change	staircase	14	green	right	aware	1	0
554.001	0.000	trigger_201	201	554001	Trigger-In:201	134	trial_end_completed	staircase	14	green	right	aware	1	0
555.071	0.000	trigger_101	101	555071	Trigger-In:101	135	trial_start	staircase	13	green	n/a	n/a	0	0
555.176	0.000	trigger_11	11	555176	Trigger-In:11	135	fixation_point_on	staircase	13	green	n/a	n/a	0	0
555.776	0.000	trigger_21	21	555776	Trigger-In:21	135	grating_on	staircase	13	green	n/a	n/a	0	0
555.831	0.000	trigger_20	20	555831	Trigger-In:20	135	grating_off	staircase	13	green	n/a	n/a	0	0
556.431	0.000	trigger_31	31	556431	Trigger-In:31	135	targets_on_fp_color_change	staircase	13	green	n/a	n/a	0	0
558.386	0.000	trigger_203	203	558386	Trigger-In:203	135	trial_end_not_completed	staircase	13	green	n/a	n/a	0	0
559.486	0.000	trigger_101	101	559486	Trigger-In:101	136	trial_start	salient	0	red	right	unaware	1	0
559.591	0.000	trigger_11	11	559591	Trigger-In:11	136	fixation_point_on	salient	0	red	right	unaware	1	0
560.191	0.000	trigger_21	21	560191	Trigger-In:21	136	grating_on	salient	0	red	right	unaware	1	0
560.241	0.000	trigger_20	20	560241	Trigger-In:20	136	grating_off	salient	0	red	right	unaware	1	0
560.841	0.000	trigger_31	31	560841	Trigger-In:31	136	targets_on_fp_color_change	salient	0	red	right	unaware	1	0
562.366	0.000	trigger_201	201	562366	Trigger-In:201	136	trial_end_completed	salient	0	red	right	unaware	1	0
563.436	0.000	trigger_101	101	563436	Trigger-In:101	137	trial_start	staircase	13	red	right	unaware	1	0
563.541	0.000	trigger_11	11	563541	Trigger-In:11	137	fixation_point_on	staircase	13	red	right	unaware	1	0
564.141	0.000	trigger_21	21	564141	Trigger-In:21	137	grating_on	staircase	13	red	right	unaware	1	0
564.191	0.000	trigger_20	20	564191	Trigger-In:20	137	grating_off	staircase	13	red	right	unaware	1	0
564.791	0.000	trigger_31	31	564791	Trigger-In:31	137	targets_on_fp_color_change	staircase	13	red	right	unaware	1	0
565.961	0.000	trigger_201	201	565961	Trigger-In:201	137	trial_end_completed	staircase	13	red	right	unaware	1	0
567.026	0.000	trigger_101	101	567026	Trigger-In:101	138	trial_start	absent	70	red	left	aware	1	0
567.131	0.000	trigger_11	11	567131	Trigger-In:11	138	fixation_point_on	absent	70	red	left	aware	1	0
567.736	0.000	trigger_21	21	567736	Trigger-In:21	138	grating_on	absent	70	red	left	aware	1	0
567.786	0.000	trigger_20	20	567786	Trigger-In:20	138	grating_off	absent	70	red	left	aware	1	0
568.386	0.000	trigger_31	31	568386	Trigger-In:31	138	targets_on_fp_color_change	absent	70	red	left	aware	1	0
569.201	0.000	trigger_201	201	569201	Trigger-In:201	138	trial_end_completed	absent	70	red	left	aware	1	0
570.266	0.000	trigger_101	101	570266	Trigger-In:101	139	trial_start	staircase	14	green	right	aware	1	0
570.376	0.000	trigger_11	11	570376	Trigger-In:11	139	fixation_point_on	staircase	14	green	right	aware	1	0
570.976	0.000	trigger_21	21	570976	Trigger-In:21	139	grating_on	staircase	14	green	right	aware	1	0
571.026	0.000	trigger_20	20	571026	Trigger-In:20	139	grating_off	staircase	14	green	right	aware	1	0
571.626	0.000	trigger_31	31	571626	Trigger-In:31	139	targets_on_fp_color_change	staircase	14	green	right	aware	1	0
572.786	0.000	trigger_201	201	572786	Trigger-In:201	139	trial_end_completed	staircase	14	green	right	aware	1	0
573.851	0.000	trigger_101	101	573851	Trigger-In:101	140	trial_start	staircase	13	red	left	aware	1	0
573.956	0.000	trigger_11	11	573956	Trigger-In:11	140	fixation_point_on	staircase	13	red	left	aware	1	0
574.561	0.000	trigger_21	21	574561	Trigger-In:21	140	grating_on	staircase	13	red	left	aware	1	0
574.611	0.000	trigger_20	20	574611	Trigger-In:20	140	grating_off	staircase	13	red	left	aware	1	0
575.211	0.000	trigger_31	31	575211	Trigger-In:31	140	targets_on_fp_color_change	staircase	13	red	left	aware	1	0
576.146	0.000	trigger_201	201	576146	Trigger-In:201	140	trial_end_completed	staircase	13	red	left	aware	1	0
577.211	0.000	trigger_101	101	577211	Trigger-In:101	141	trial_start	staircase	12	green	right	aware	1	0
577.316	0.000	trigger_11	11	577316	Trigger-In:11	141	fixation_point_on	staircase	12	green	right	aware	1	0
577.916	0.000	trigger_21	21	577916	Trigger-In:21	141	grating_on	staircase	12	green	right	aware	1	0
577.966	0.000	trigger_20	20	577966	Trigger-In:20	141	grating_off	staircase	12	green	right	aware	1	0
578.571	0.000	trigger_31	31	578571	Trigger-In:31	141	targets_on_fp_color_change	staircase	12	green	right	aware	1	0
579.451	0.000	trigger_201	201	579451	Trigger-In:201	141	trial_end_completed	staircase	12	green	right	aware	1	0
580.521	0.000	trigger_101	101	580521	Trigger-In:101	142	trial_start	staircase	11	red	right	unaware	1	0
580.626	0.000	trigger_11	11	580626	Trigger-In:11	142	fixation_point_on	staircase	11	red	right	unaware	1	0
581.226	0.000	trigger_21	21	581226	Trigger-In:21	142	grating_on	staircase	11	red	right	unaware	1	0
581.281	0.000	trigger_20	20	581281	Trigger-In:20	142	grating_off	staircase	11	red	right	unaware	1	0
581.881	0.000	trigger_31	31	581881	Trigger-In:31	142	targets_on_fp_color_change	staircase	11	red	right	unaware	1	0
583.301	0.000	trigger_201	201	583301	Trigger-In:201	142	trial_end_completed	staircase	11	red	right	unaware	1	0
584.371	0.000	trigger_101	101	584371	Trigger-In:101	143	trial_start	staircase	12	green	left	unaware	1	0
584.476	0.000	trigger_11	11	584476	Trigger-In:11	143	fixation_point_on	staircase	12	green	left	unaware	1	0
585.076	0.000	trigger_21	21	585076	Trigger-In:21	143	grating_on	staircase	12	green	left	unaware	1	0
585.126	0.000	trigger_20	20	585126	Trigger-In:20	143	grating_off	staircase	12	green	left	unaware	1	0
585.726	0.000	trigger_31	31	585726	Trigger-In:31	143	targets_on_fp_color_change	staircase	12	green	left	unaware	1	0
587.486	0.000	trigger_201	201	587486	Trigger-In:201	143	trial_end_completed	staircase	12	green	left	unaware	1	0
588.561	0.000	trigger_101	101	588561	Trigger-In:101	144	trial_start	staircase	13	green	right	aware	1	0
588.666	0.000	trigger_11	11	588666	Trigger-In:11	144	fixation_point_on	staircase	13	green	right	aware	1	0
589.266	0.000	trigger_21	21	589266	Trigger-In:21	144	grating_on	staircase	13	green	right	aware	1	0
589.321	0.000	trigger_20	20	589321	Trigger-In:20	144	grating_off	staircase	13	green	right	aware	1	0
589.921	0.000	trigger_31	31	589921	Trigger-In:31	144	targets_on_fp_color_change	staircase	13	green	right	aware	1	0
590.636	0.000	trigger_201	201	590636	Trigger-In:201	144	trial_end_completed	staircase	13	green	right	aware	1	0
591.706	0.000	trigger_101	101	591706	Trigger-In:101	145	trial_start	staircase	12	green	left	unaware	1	0
591.811	0.000	trigger_11	11	591811	Trigger-In:11	145	fixation_point_on	staircase	12	green	left	unaware	1	0
592.411	0.000	trigger_21	21	592411	Trigger-In:21	145	grating_on	staircase	12	green	left	unaware	1	0
592.461	0.000	trigger_20	20	592461	Trigger-In:20	145	grating_off	staircase	12	green	left	unaware	1	0
593.061	0.000	trigger_31	31	593061	Trigger-In:31	145	targets_on_fp_color_change	staircase	12	green	left	unaware	1	0
594.411	0.000	trigger_201	201	594411	Trigger-In:201	145	trial_end_completed	staircase	12	green	left	unaware	1	0
595.481	0.000	trigger_101	101	595481	Trigger-In:101	146	trial_start	salient	0	red	right	unaware	1	0
595.586	0.000	trigger_11	11	595586	Trigger-In:11	146	fixation_point_on	salient	0	red	right	unaware	1	0
596.186	0.000	trigger_21	21	596186	Trigger-In:21	146	grating_on	salient	0	red	right	unaware	1	0
596.236	0.000	trigger_20	20	596236	Trigger-In:20	146	grating_off	salient	0	red	right	unaware	1	0
596.836	0.000	trigger_31	31	596836	Trigger-In:31	146	targets_on_fp_color_change	salient	0	red	right	unaware	1	0
597.866	0.000	trigger_201	201	597866	Trigger-In:201	146	trial_end_completed	salient	0	red	right	unaware	1	0
598.936	0.000	trigger_101	101	598936	Trigger-In:101	147	trial_start	staircase	13	red	right	unaware	1	0
599.041	0.000	trigger_11	11	599041	Trigger-In:11	147	fixation_point_on	staircase	13	red	right	unaware	1	0
599.646	0.000	trigger_21	21	599646	Trigger-In:21	147	grating_on	staircase	13	red	right	unaware	1	0
599.696	0.000	trigger_20	20	599696	Trigger-In:20	147	grating_off	staircase	13	red	right	unaware	1	0
600.296	0.000	trigger_31	31	600296	Trigger-In:31	147	targets_on_fp_color_change	staircase	13	red	right	unaware	1	0
601.716	0.000	trigger_201	201	601716	Trigger-In:201	147	trial_end_completed	staircase	13	red	right	unaware	1	0
602.781	0.000	trigger_101	101	602781	Trigger-In:101	148	trial_start	salient	0	green	left	unaware	1	0
602.886	0.000	trigger_11	11	602886	Trigger-In:11	148	fixation_point_on	salient	0	green	left	unaware	1	0
603.491	0.000	trigger_21	21	603491	Trigger-In:21	148	grating_on	salient	0	green	left	unaware	1	0
603.541	0.000	trigger_20	20	603541	Trigger-In:20	148	grating_off	salient	0	green	left	unaware	1	0
604.141	0.000	trigger_31	31	604141	Trigger-In:31	148	targets_on_fp_color_change	salient	0	green	left	unaware	1	0
606.016	0.000	trigger_201	201	606016	Trigger-In:201	148	trial_end_completed	salient	0	green	left	unaware	1	0
607.086	0.000	trigger_101	101	607086	Trigger-In:101	149	trial_start	staircase	14	red	right	unaware	1	0
607.191	0.000	trigger_11	11	607191	Trigger-In:11	149	fixation_point_on	staircase	14	red	right	unaware	1	0
607.791	0.000	trigger_21	21	607791	Trigger-In:21	149	grating_on	staircase	14	red	right	unaware	1	0
607.841	0.000	trigger_20	20	607841	Trigger-In:20	149	grating_off	staircase	14	red	right	unaware	1	0
608.441	0.000	trigger_31	31	608441	Trigger-In:31	149	targets_on_fp_color_change	staircase	14	red	right	unaware	1	0
609.771	0.000	trigger_201	201	609771	Trigger-In:201	149	trial_end_completed	staircase	14	red	right	unaware	1	0
610.846	0.000	trigger_101	101	610846	Trigger-In:101	150	trial_start	staircase	15	green	left	unaware	1	0
610.951	0.000	trigger_11	11	610951	Trigger-In:11	150	fixation_point_on	staircase	15	green	left	unaware	1	0
611.551	0.000	trigger_21	21	611551	Trigger-In:21	150	grating_on	staircase	15	green	left	unaware	1	0
611.601	0.000	trigger_20	20	611601	Trigger-In:20	150	grating_off	staircase	15	green	left	unaware	1	0
612.201	0.000	trigger_31	31	612201	Trigger-In:31	150	targets_on_fp_color_change	staircase	15	green	left	unaware	1	0
613.416	0.000	trigger_201	201	613416	Trigger-In:201	150	trial_end_completed	staircase	15	green	left	unaware	1	0
614.486	0.000	trigger_101	101	614486	Trigger-In:101	151	trial_start	salient	0	green	left	unaware	1	0
614.591	0.000	trigger_11	11	614591	Trigger-In:11	151	fixation_point_on	salient	0	green	left	unaware	1	0
615.191	0.000	trigger_21	21	615191	Trigger-In:21	151	grating_on	salient	0	green	left	unaware	1	0
615.241	0.000	trigger_20	20	615241	Trigger-In:20	151	grating_off	salient	0	green	left	unaware	1	0
615.841	0.000	trigger_31	31	615841	Trigger-In:31	151	targets_on_fp_color_change	salient	0	green	left	unaware	1	0
617.111	0.000	trigger_201	201	617111	Trigger-In:201	151	trial_end_completed	salient	0	green	left	unaware	1	0
618.181	0.000	trigger_101	101	618181	Trigger-In:101	152	trial_start	staircase	16	green	left	unaware	1	0
618.286	0.000	trigger_11	11	618286	Trigger-In:11	152	fixation_point_on	staircase	16	green	left	unaware	1	0
618.886	0.000	trigger_21	21	618886	Trigger-In:21	152	grating_on	staircase	16	green	left	unaware	1	0
618.936	0.000	trigger_20	20	618936	Trigger-In:20	152	grating_off	staircase	16	green	left	unaware	1	0
619.541	0.000	trigger_31	31	619541	Trigger-In:31	152	targets_on_fp_color_change	staircase	16	green	left	unaware	1	0
620.631	0.000	trigger_201	201	620631	Trigger-In:201	152	trial_end_completed	staircase	16	green	left	unaware	1	0
621.701	0.000	trigger_101	101	621701	Trigger-In:101	153	trial_start	salient	0	red	right	unaware	1	0
621.806	0.000	trigger_11	11	621806	Trigger-In:11	153	fixation_point_on	salient	0	red	right	unaware	1	0
622.406	0.000	trigger_21	21	622406	Trigger-In:21	153	grating_on	salient	0	red	right	unaware	1	0
622.456	0.000	trigger_20	20	622456	Trigger-In:20	153	grating_off	salient	0	red	right	unaware	1	0
623.056	0.000	trigger_31	31	623056	Trigger-In:31	153	targets_on_fp_color_change	salient	0	red	right	unaware	1	0
624.651	0.000	trigger_201	201	624651	Trigger-In:201	153	trial_end_completed	salient	0	red	right	unaware	1	0
625.721	0.000	trigger_101	101	625721	Trigger-In:101	154	trial_start	salient	0	red	right	unaware	1	0
625.921	0.000	trigger_11	11	625921	Trigger-In:11	154	fixation_point_on	salient	0	red	right	unaware	1	0
626.521	0.000	trigger_21	21	626521	Trigger-In:21	154	grating_on	salient	0	red	right	unaware	1	0
626.571	0.000	trigger_20	20	626571	Trigger-In:20	154	grating_off	salient	0	red	right	unaware	1	0
627.171	0.000	trigger_31	31	627171	Trigger-In:31	154	targets_on_fp_color_change	salient	0	red	right	unaware	1	0
628.006	0.000	trigger_201	201	628006	Trigger-In:201	154	trial_end_completed	salient	0	red	right	unaware	1	0
629.076	0.000	trigger_101	101	629076	Trigger-In:101	155	trial_start	salient	0	red	right	unaware	1	0
629.181	0.000	trigger_11	11	629181	Trigger-In:11	155	fixation_point_on	salient	0	red	right	unaware	1	0
629.781	0.000	trigger_21	21	629781	Trigger-In:21	155	grating_on	salient	0	red	right	unaware	1	0
629.831	0.000	trigger_20	20	629831	Trigger-In:20	155	grating_off	salient	0	red	right	unaware	1	0
630.431	0.000	trigger_31	31	630431	Trigger-In:31	155	targets_on_fp_color_change	salient	0	red	right	unaware	1	0
631.226	0.000	trigger_201	201	631226	Trigger-In:201	155	trial_end_completed	salient	0	red	right	unaware	1	0
632.291	0.000	trigger_101	101	632291	Trigger-In:101	156	trial_start	staircase	17	green	left	unaware	1	0
632.396	0.000	trigger_11	11	632396	Trigger-In:11	156	fixation_point_on	staircase	17	green	left	unaware	1	0
632.996	0.000	trigger_21	21	632996	Trigger-In:21	156	grating_on	staircase	17	green	left	unaware	1	0
633.051	0.000	trigger_20	20	633051	Trigger-In:20	156	grating_off	staircase	17	green	left	unaware	1	0
633.651	0.000	trigger_31	31	633651	Trigger-In:31	156	targets_on_fp_color_change	staircase	17	green	left	unaware	1	0
635.091	0.000	trigger_201	201	635091	Trigger-In:201	156	trial_end_completed	staircase	17	green	left	unaware	1	0
636.161	0.000	trigger_101	101	636161	Trigger-In:101	157	trial_start	staircase	18	red	left	aware	1	0
636.266	0.000	trigger_11	11	636266	Trigger-In:11	157	fixation_point_on	staircase	18	red	left	aware	1	0
636.866	0.000	trigger_21	21	636866	Trigger-In:21	157	grating_on	staircase	18	red	left	aware	1	0
636.921	0.000	trigger_20	20	636921	Trigger-In:20	157	grating_off	staircase	18	red	left	aware	1	0
637.521	0.000	trigger_31	31	637521	Trigger-In:31	157	targets_on_fp_color_change	staircase	18	red	left	aware	1	0
638.376	0.000	trigger_201	201	638376	Trigger-In:201	157	trial_end_completed	staircase	18	red	left	aware	1	0
639.441	0.000	trigger_101	101	639441	Trigger-In:101	158	trial_start	staircase	17	red	left	aware	1	0
639.546	0.000	trigger_11	11	639546	Trigger-In:11	158	fixation_point_on	staircase	17	red	left	aware	1	0
640.146	0.000	trigger_21	21	640146	Trigger-In:21	158	grating_on	staircase	17	red	left	aware	1	0
640.201	0.000	trigger_20	20	640201	Trigger-In:20	158	grating_off	staircase	17	red	left	aware	1	0
640.801	0.000	trigger_31	31	640801	Trigger-In:31	158	targets_on_fp_color_change	staircase	17	red	left	aware	1	0
641.831	0.000	trigger_201	201	641831	Trigger-In:201	158	trial_end_completed	staircase	17	red	left	aware	1	0
642.901	0.000	trigger_101	101	642901	Trigger-In:101	159	trial_start	staircase	16	green	left	unaware	1	0
643.006	0.000	trigger_11	11	643006	Trigger-In:11	159	fixation_point_on	staircase	16	green	left	unaware	1	0
643.606	0.000	trigger_21	21	643606	Trigger-In:21	159	grating_on	staircase	16	green	left	unaware	1	0
643.656	0.000	trigger_20	20	643656	Trigger-In:20	159	grating_off	staircase	16	green	left	unaware	1	0
644.256	0.000	trigger_31	31	644256	Trigger-In:31	159	targets_on_fp_color_change	staircase	16	green	left	unaware	1	0
646.156	0.000	trigger_201	201	646156	Trigger-In:201	159	trial_end_completed	staircase	16	green	left	unaware	1	0
647.226	0.000	trigger_101	101	647226	Trigger-In:101	160	trial_start	staircase	17	red	left	aware	1	0
647.331	0.000	trigger_11	11	647331	Trigger-In:11	160	fixation_point_on	staircase	17	red	left	aware	1	0
647.931	0.000	trigger_21	21	647931	Trigger-In:21	160	grating_on	staircase	17	red	left	aware	1	0
647.981	0.000	trigger_20	20	647981	Trigger-In:20	160	grating_off	staircase	17	red	left	aware	1	0
648.581	0.000	trigger_31	31	648581	Trigger-In:31	160	targets_on_fp_color_change	staircase	17	red	left	aware	1	0
649.826	0.000	trigger_201	201	649826	Trigger-In:201	160	trial_end_completed	staircase	17	red	left	aware	1	0
650.896	0.000	trigger_101	101	650896	Trigger-In:101	161	trial_start	staircase	16	red	left	aware	1	0
650.996	0.000	trigger_11	11	650996	Trigger-In:11	161	fixation_point_on	staircase	16	red	left	aware	1	0
651.601	0.000	trigger_21	21	651601	Trigger-In:21	161	grating_on	staircase	16	red	left	aware	1	0
651.651	0.000	trigger_20	20	651651	Trigger-In:20	161	grating_off	staircase	16	red	left	aware	1	0
652.251	0.000	trigger_31	31	652251	Trigger-In:31	161	targets_on_fp_color_change	staircase	16	red	left	aware	1	0
654.156	0.000	trigger_201	201	654156	Trigger-In:201	161	trial_end_completed	staircase	16	red	left	aware	1	0
655.221	0.000	trigger_101	101	655221	Trigger-In:101	162	trial_start	staircase	15	green	left	unaware	1	0
655.331	0.000	trigger_11	11	655331	Trigger-In:11	162	fixation_point_on	staircase	15	green	left	unaware	1	0
655.931	0.000	trigger_21	21	655931	Trigger-In:21	162	grating_on	staircase	15	green	left	unaware	1	0
655.981	0.000	trigger_20	20	655981	Trigger-In:20	162	grating_off	staircase	15	green	left	unaware	1	0
656.581	0.000	trigger_31	31	656581	Trigger-In:31	162	targets_on_fp_color_change	staircase	15	green	left	unaware	1	0
658.156	0.000	trigger_201	201	658156	Trigger-In:201	162	trial_end_completed	staircase	15	green	left	unaware	1	0
659.226	0.000	trigger_101	101	659226	Trigger-In:101	163	trial_start	staircase	16	green	right	aware	1	0
659.331	0.000	trigger_11	11	659331	Trigger-In:11	163	fixation_point_on	staircase	16	green	right	aware	1	0
659.931	0.000	trigger_21	21	659931	Trigger-In:21	163	grating_on	staircase	16	green	right	aware	1	0
659.981	0.000	trigger_20	20	659981	Trigger-In:20	163	grating_off	staircase	16	green	right	aware	1	0
660.581	0.000	trigger_31	31	660581	Trigger-In:31	163	targets_on_fp_color_change	staircase	16	green	right	aware	1	0
661.536	0.000	trigger_201	201	661536	Trigger-In:201	163	trial_end_completed	staircase	16	green	right	aware	1	0
662.606	0.000	trigger_101	101	662606	Trigger-In:101	164	trial_start	staircase	15	green	right	aware	1	0
662.711	0.000	trigger_11	11	662711	Trigger-In:11	164	fixation_point_on	staircase	15	green	right	aware	1	0
663.311	0.000	trigger_21	21	663311	Trigger-In:21	164	grating_on	staircase	15	green	right	aware	1	0
663.361	0.000	trigger_20	20	663361	Trigger-In:20	164	grating_off	staircase	15	green	right	aware	1	0
663.961	0.000	trigger_31	31	663961	Trigger-In:31	164	targets_on_fp_color_change	staircase	15	green	right	aware	1	0
664.901	0.000	trigger_201	201	664901	Trigger-In:201	164	trial_end_completed	staircase	15	green	right	aware	1	0
665.971	0.000	trigger_101	101	665971	Trigger-In:101	165	trial_start	staircase	14	green	left	unaware	1	0
666.076	0.000	trigger_11	11	666076	Trigger-In:11	165	fixation_point_on	staircase	14	green	left	unaware	1	0
666.676	0.000	trigger_21	21	666676	Trigger-In:21	165	grating_on	staircase	14	green	left	unaware	1	0
666.726	0.000	trigger_20	20	666726	Trigger-In:20	165	grating_off	staircase	14	green	left	unaware	1	0
667.326	0.000	trigger_31	31	667326	Trigger-In:31	165	targets_on_fp_color_change	staircase	14	green	left	unaware	1	0
668.356	0.000	trigger_201	201	668356	Trigger-In:201	165	trial_end_completed	staircase	14	green	left	unaware	1	0
669.426	0.000	trigger_101	101	669426	Trigger-In:101	166	trial_start	salient	0	green	left	unaware	1	0
669.531	0.000	trigger_11	11	669531	Trigger-In:11	166	fixation_point_on	salient	0	green	left	unaware	1	0
670.131	0.000	trigger_21	21	670131	Trigger-In:21	166	grating_on	salient	0	green	left	unaware	1	0
670.181	0.000	trigger_20	20	670181	Trigger-In:20	166	grating_off	salient	0	green	left	unaware	1	0
670.781	0.000	trigger_31	31	670781	Trigger-In:31	166	targets_on_fp_color_change	salient	0	green	left	unaware	1	0
672.661	0.000	trigger_201	201	672661	Trigger-In:201	166	trial_end_completed	salient	0	green	left	unaware	1	0
673.731	0.000	trigger_101	101	673731	Trigger-In:101	167	trial_start	staircase	15	red	right	unaware	1	0
673.836	0.000	trigger_11	11	673836	Trigger-In:11	167	fixation_point_on	staircase	15	red	right	unaware	1	0
674.436	0.000	trigger_21	21	674436	Trigger-In:21	167	grating_on	staircase	15	red	right	unaware	1	0
674.486	0.000	trigger_20	20	674486	Trigger-In:20	167	grating_off	staircase	15	red	right	unaware	1	0
675.086	0.000	trigger_31	31	675086	Trigger-In:31	167	targets_on_fp_color_change	staircase	15	red	right	unaware	1	0
676.861	0.000	trigger_201	201	676861	Trigger-In:201	167	trial_end_completed	staircase	15	red	right	unaware	1	0
677.931	0.000	trigger_101	101	677931	Trigger-In:101	168	trial_start	staircase	16	red	right	unaware	1	0
678.036	0.000	trigger_11	11	678036	Trigger-In:11	168	fixation_point_on	staircase	16	red	right	unaware	1	0
678.636	0.000	trigger_21	21	678636	Trigger-In:21	168	grating_on	staircase	16	red	right	unaware	1	0
678.686	0.000	trigger_20	20	678686	Trigger-In:20	168	grating_off	staircase	16	red	right	unaware	1	0
679.286	0.000	trigger_31	31	679286	Trigger-In:31	168	targets_on_fp_color_change	staircase	16	red	right	unaware	1	0
680.401	0.000	trigger_201	201	680401	Trigger-In:201	168	trial_end_completed	staircase	16	red	right	unaware	1	0
681.471	0.000	trigger_101	101	681471	Trigger-In:101	169	trial_start	staircase	17	red	left	aware	1	0
681.571	0.000	trigger_11	11	681571	Trigger-In:11	169	fixation_point_on	staircase	17	red	left	aware	1	0
682.171	0.000	trigger_21	21	682171	Trigger-In:21	169	grating_on	staircase	17	red	left	aware	1	0
682.226	0.000	trigger_20	20	682226	Trigger-In:20	169	grating_off	staircase	17	red	left	aware	1	0
682.826	0.000	trigger_31	31	682826	Trigger-In:31	169	targets_on_fp_color_change	staircase	17	red	left	aware	1	0
684.586	0.000	trigger_201	201	684586	Trigger-In:201	169	trial_end_completed	staircase	17	red	left	aware	1	0
685.656	0.000	trigger_101	101	685656	Trigger-In:101	170	trial_start	staircase	16	green	right	aware	1	0
685.761	0.000	trigger_11	11	685761	Trigger-In:11	170	fixation_point_on	staircase	16	green	right	aware	1	0
686.361	0.000	trigger_21	21	686361	Trigger-In:21	170	grating_on	staircase	16	green	right	aware	1	0
686.411	0.000	trigger_20	20	686411	Trigger-In:20	170	grating_off	staircase	16	green	right	aware	1	0
687.016	0.000	trigger_31	31	687016	Trigger-In:31	170	targets_on_fp_color_change	staircase	16	green	right	aware	1	0
688.141	0.000	trigger_201	201	688141	Trigger-In:201	170	trial_end_completed	staircase	16	green	right	aware	1	0
689.211	0.000	trigger_101	101	689211	Trigger-In:101	171	trial_start	absent	70	red	left	aware	1	0
689.316	0.000	trigger_11	11	689316	Trigger-In:11	171	fixation_point_on	absent	70	red	left	aware	1	0
689.916	0.000	trigger_21	21	689916	Trigger-In:21	171	grating_on	absent	70	red	left	aware	1	0
689.966	0.000	trigger_20	20	689966	Trigger-In:20	171	grating_off	absent	70	red	left	aware	1	0
690.566	0.000	trigger_31	31	690566	Trigger-In:31	171	targets_on_fp_color_change	absent	70	red	left	aware	1	0
691.681	0.000	trigger_201	201	691681	Trigger-In:201	171	trial_end_completed	absent	70	red	left	aware	1	0
692.751	0.000	trigger_101	101	692751	Trigger-In:101	172	trial_start	salient	0	green	n/a	n/a	0	1
692.851	0.000	trigger_11	11	692851	Trigger-In:11	172	fixation_point_on	salient	0	green	n/a	n/a	0	1
693.181	0.000	trigger_204	204	693181	Trigger-In:204	172	trial_end_fixation_break	salient	0	green	n/a	n/a	0	1
694.936	0.000	trigger_101	101	694936	Trigger-In:101	173	trial_start	staircase	15	green	right	aware	1	0
695.041	0.000	trigger_11	11	695041	Trigger-In:11	173	fixation_point_on	staircase	15	green	right	aware	1	0
695.641	0.000	trigger_21	21	695641	Trigger-In:21	173	grating_on	staircase	15	green	right	aware	1	0
695.696	0.000	trigger_20	20	695696	Trigger-In:20	173	grating_off	staircase	15	green	right	aware	1	0
696.296	0.000	trigger_31	31	696296	Trigger-In:31	173	targets_on_fp_color_change	staircase	15	green	right	aware	1	0
697.441	0.000	trigger_201	201	697441	Trigger-In:201	173	trial_end_completed	staircase	15	green	right	aware	1	0
698.511	0.000	trigger_101	101	698511	Trigger-In:101	174	trial_start	salient	0	green	n/a	n/a	0	0
698.616	0.000	trigger_11	11	698616	Trigger-In:11	174	fixation_point_on	salient	0	green	n/a	n/a	0	0
699.216	0.000	trigger_21	21	699216	Trigger-In:21	174	grating_on	salient	0	green	n/a	n/a	0	0
699.266	0.000	trigger_20	20	699266	Trigger-In:20	174	grating_off	salient	0	green	n/a	n/a	0	0
699.866	0.000	trigger_31	31	699866	Trigger-In:31	174	targets_on_fp_color_change	salient	0	green	n/a	n/a	0	0
701.836	0.000	trigger_203	203	701836	Trigger-In:203	174	trial_end_not_completed	salient	0	green	n/a	n/a	0	0
702.936	0.000	trigger_101	101	702936	Trigger-In:101	175	trial_start	staircase	14	green	left	unaware	1	0
703.041	0.000	trigger_11	11	703041	Trigger-In:11	175	fixation_point_on	staircase	14	green	left	unaware	1	0
703.641	0.000	trigger_21	21	703641	Trigger-In:21	175	grating_on	staircase	14	green	left	unaware	1	0
703.691	0.000	trigger_20	20	703691	Trigger-In:20	175	grating_off	staircase	14	green	left	unaware	1	0
704.296	0.000	trigger_31	31	704296	Trigger-In:31	175	targets_on_fp_color_change	staircase	14	green	left	unaware	1	0
705.556	0.000	trigger_201	201	705556	Trigger-In:201	175	trial_end_completed	staircase	14	green	left	unaware	1	0
706.626	0.000	trigger_101	101	706626	Trigger-In:101	176	trial_start	staircase	15	green	left	unaware	1	0
706.726	0.000	trigger_11	11	706726	Trigger-In:11	176	fixation_point_on	staircase	15	green	left	unaware	1	0
707.326	0.000	trigger_21	21	707326	Trigger-In:21	176	grating_on	staircase	15	green	left	unaware	1	0
707.376	0.000	trigger_20	20	707376	Trigger-In:20	176	grating_off	staircase	15	green	left	unaware	1	0
707.981	0.000	trigger_31	31	707981	Trigger-In:31	176	targets_on_fp_color_change	staircase	15	green	left	unaware	1	0
709.076	0.000	trigger_201	201	709076	Trigger-In:201	176	trial_end_completed	staircase	15	green	left	unaware	1	0
710.151	0.000	trigger_101	101	710151	Trigger-In:101	177	trial_start	absent	70	red	left	aware	1	0
710.256	0.000	trigger_11	11	710256	Trigger-In:11	177	fixation_point_on	absent	70	red	left	aware	1	0
710.856	0.000	trigger_21	21	710856	Trigger-In:21	177	grating_on	absent	70	red	left	aware	1	0
710.906	0.000	trigger_20	20	710906	Trigger-In:20	177	grating_off	absent	70	red	left	aware	1	0
711.506	0.000	trigger_31	31	711506	Trigger-In:31	177	targets_on_fp_color_change	absent	70	red	left	aware	1	0
712.436	0.000	trigger_201	201	712436	Trigger-In:201	177	trial_end_completed	absent	70	red	left	aware	1	0
713.501	0.000	trigger_101	101	713501	Trigger-In:101	178	trial_start	salient	0	green	left	unaware	1	0
713.606	0.000	trigger_11	11	713606	Trigger-In:11	178	fixation_point_on	salient	0	green	left	unaware	1	0
714.206	0.000	trigger_21	21	714206	Trigger-In:21	178	grating_on	salient	0	green	left	unaware	1	0
714.256	0.000	trigger_20	20	714256	Trigger-In:20	178	grating_off	salient	0	green	left	unaware	1	0
714.856	0.000	trigger_31	31	714856	Trigger-In:31	178	targets_on_fp_color_change	salient	0	green	left	unaware	1	0
716.741	0.000	trigger_201	201	716741	Trigger-In:201	178	trial_end_completed	salient	0	green	left	unaware	1	0
717.811	0.000	trigger_101	101	717811	Trigger-In:101	179	trial_start	staircase	16	green	left	unaware	1	0
717.911	0.000	trigger_11	11	717911	Trigger-In:11	179	fixation_point_on	staircase	16	green	left	unaware	1	0
718.511	0.000	trigger_21	21	718511	Trigger-In:21	179	grating_on	staircase	16	green	left	unaware	1	0
718.561	0.000	trigger_20	20	718561	Trigger-In:20	179	grating_off	staircase	16	green	left	unaware	1	0
719.161	0.000	trigger_31	31	719161	Trigger-In:31	179	targets_on_fp_color_change	staircase	16	green	left	unaware	1	0
720.296	0.000	trigger_201	201	720296	Trigger-In:201	179	trial_end_completed	staircase	16	green	left	unaware	1	0
721.366	0.000	trigger_101	101	721366	Trigger-In:101	180	trial_start	absent	70	red	left	aware	1	0
721.471	0.000	trigger_11	11	721471	Trigger-In:11	180	fixation_point_on	absent	70	red	left	aware	1	0
722.071	0.000	trigger_21	21	722071	Trigger-In:21	180	grating_on	absent	70	red	left	aware	1	0
722.121	0.000	trigger_20	20	722121	Trigger-In:20	180	grating_off	absent	70	red	left	aware	1	0
723.591	0.000	trigger_201	201	723591	Trigger-In:201	180	trial_end_completed	absent	70	red	left	aware	1	0
