onset	duration	trial_type	value	sample	source_annotation	trial	event_name	stim_presence	contrast	fp_color	response	awareness	trial_complete	fixation_break
45.894	0.000	trigger_101	101	45894	Trigger-In:101	1	trial_start	absent	70	green	right	aware	1	0
46.009	0.000	trigger_11	11	46009	Trigger-In:11	1	fixation_point_on	absent	70	green	right	aware	1	0
46.609	0.000	trigger_21	21	46609	Trigger-In:21	1	grating_on	absent	70	green	right	aware	1	0
46.674	0.000	trigger_20	20	46674	Trigger-In:20	1	grating_off	absent	70	green	right	aware	1	0
47.284	0.000	trigger_31	31	47284	Trigger-In:31	1	targets_on_fp_color_change	absent	70	green	right	aware	1	0
47.969	0.000	trigger_201	201	47969	Trigger-In:201	1	trial_end_completed	absent	70	green	right	aware	1	0
49.249	0.000	trigger_101	101	49249	Trigger-In:101	2	trial_start	staircase	20	red	left	aware	1	0
49.359	0.000	trigger_11	11	49359	Trigger-In:11	2	fixation_point_on	staircase	20	red	left	aware	1	0
49.959	0.000	trigger_21	21	49959	Trigger-In:21	2	grating_on	staircase	20	red	left	aware	1	0
50.009	0.000	trigger_20	20	50009	Trigger-In:20	2	grating_off	staircase	20	red	left	aware	1	0
50.614	0.000	trigger_31	31	50614	Trigger-In:31	2	targets_on_fp_color_change	staircase	20	red	left	aware	1	0
51.509	0.000	trigger_201	201	51509	Trigger-In:201	2	trial_end_completed	staircase	20	red	left	aware	1	0
52.589	0.000	trigger_101	101	52589	Trigger-In:101	3	trial_start	staircase	19	red	left	aware	1	0
52.699	0.000	trigger_11	11	52699	Trigger-In:11	3	fixation_point_on	staircase	19	red	left	aware	1	0
53.299	0.000	trigger_21	21	53299	Trigger-In:21	3	grating_on	staircase	19	red	left	aware	1	0
53.349	0.000	trigger_20	20	53349	Trigger-In:20	3	grating_off	staircase	19	red	left	aware	1	0
53.949	0.000	trigger_31	31	53949	Trigger-In:31	3	targets_on_fp_color_change	staircase	19	red	left	aware	1	0
54.954	0.000	trigger_201	201	54954	Trigger-In:201	3	trial_end_completed	staircase	19	red	left	aware	1	0
56.019	0.000	trigger_101	101	56019	Trigger-In:101	4	trial_start	staircase	18	red	left	aware	1	0
56.129	0.000	trigger_11	11	56129	Trigger-In:11	4	fixation_point_on	staircase	18	red	left	aware	1	0
56.729	0.000	trigger_21	21	56729	Trigger-In:21	4	grating_on	staircase	18	red	left	aware	1	0
56.779	0.000	trigger_20	20	56779	Trigger-In:20	4	grating_off	staircase	18	red	left	aware	1	0
57.379	0.000	trigger_31	31	57379	Trigger-In:31	4	targets_on_fp_color_change	staircase	18	red	left	aware	1	0
58.264	0.000	trigger_201	201	58264	Trigger-In:201	4	trial_end_completed	staircase	18	red	left	aware	1	0
59.329	0.000	trigger_101	101	59329	Trigger-In:101	5	trial_start	staircase	17	red	left	aware	1	0
59.434	0.000	trigger_11	11	59434	Trigger-In:11	5	fixation_point_on	staircase	17	red	left	aware	1	0
60.034	0.000	trigger_21	21	60034	Trigger-In:21	5	grating_on	staircase	17	red	left	aware	1	0
60.084	0.000	trigger_20	20	60084	Trigger-In:20	5	grating_off	staircase	17	red	left	aware	1	0
60.684	0.000	trigger_31	31	60684	Trigger-In:31	5	targets_on_fp_color_change	staircase	17	red	left	aware	1	0
61.469	0.000	trigger_201	201	61469	Trigger-In:201	5	trial_end_completed	staircase	17	red	left	aware	1	0
62.544	0.000	trigger_101	101	62544	Trigger-In:101	6	trial_start	staircase	16	red	right	unaware	1	0
62.644	0.000	trigger_11	11	62644	Trigger-In:11	6	fixation_point_on	staircase	16	red	right	unaware	1	0
63.244	0.000	trigger_21	21	63244	Trigger-In:21	6	grating_on	staircase	16	red	right	unaware	1	0
63.294	0.000	trigger_20	20	63294	Trigger-In:20	6	grating_off	staircase	16	red	right	unaware	1	0
63.894	0.000	trigger_31	31	63894	Trigger-In:31	6	targets_on_fp_color_change	staircase	16	red	right	unaware	1	0
65.024	0.000	trigger_201	201	65024	Trigger-In:201	6	trial_end_completed	staircase	16	red	right	unaware	1	0
66.094	0.000	trigger_101	101	66094	Trigger-In:101	7	trial_start	staircase	17	green	right	aware	1	0
66.194	0.000	trigger_11	11	66194	Trigger-In:11	7	fixation_point_on	staircase	17	green	right	aware	1	0
66.794	0.000	trigger_21	21	66794	Trigger-In:21	7	grating_on	staircase	17	green	right	aware	1	0
66.844	0.000	trigger_20	20	66844	Trigger-In:20	7	grating_off	staircase	17	green	right	aware	1	0
67.444	0.000	trigger_31	31	67444	Trigger-In:31	7	targets_on_fp_color_change	staircase	17	green	right	aware	1	0
68.194	0.000	trigger_201	201	68194	Trigger-In:201	7	trial_end_completed	staircase	17	green	right	aware	1	0
69.264	0.000	trigger_101	101	69264	Trigger-In:101	8	trial_start	salient	0	green	left	unaware	1	0
69.364	0.000	trigger_11	11	69364	Trigger-In:11	8	fixation_point_on	salient	0	green	left	unaware	1	0
69.964	0.000	trigger_21	21	69964	Trigger-In:21	8	grating_on	salient	0	green	left	unaware	1	0
70.014	0.000	trigger_20	20	70014	Trigger-In:20	8	grating_off	salient	0	green	left	unaware	1	0
70.614	0.000	trigger_31	31	70614	Trigger-In:31	8	targets_on_fp_color_change	salient	0	green	left	unaware	1	0
71.884	0.000	trigger_201	201	71884	Trigger-In:201	8	trial_end_completed	salient	0	green	left	unaware	1	0
72.954	0.000	trigger_101	101	72954	Trigger-In:101	9	trial_start	staircase	16	green	right	aware	1	0
73.054	0.000	trigger_11	11	73054	Trigger-In:11	9	fixation_point_on	staircase	16	green	right	aware	1	0
73.654	0.000	trigger_21	21	73654	Trigger-In:21	9	grating_on	staircase	16	green	right	aware	1	0
73.709	0.000	trigger_20	20	73709	Trigger-In:20	9	grating_off	staircase	16	green	right	aware	1	0
74.309	0.000	trigger_31	31	74309	Trigger-In:31	9	targets_on_fp_color_change	staircase	16	green	right	aware	1	0
75.019	0.000	trigger_201	201	75019	Trigger-In:201	9	trial_end_completed	staircase	16	green	right	aware	1	0
76.089	0.000	trigger_101	101	76089	Trigger-In:101	10	trial_start	staircase	15	green	right	aware	1	0
76.189	0.000	trigger_11	11	76189	Trigger-In:11	10	fixation_point_on	staircase	15	green	right	aware	1	0
76.789	0.000	trigger_21	21	76789	Trigger-In:21	10	grating_on	staircase	15	green	right	aware	1	0
76.839	0.000	trigger_20	20	76839	Trigger-In:20	10	grating_off	staircase	15	green	right	aware	1	0
77.439	0.000	trigger_31	31	77439	Trigger-In:31	10	targets_on_fp_color_change	staircase	15	green	right	aware	1	0
78.184	0.000	trigger_201	201	78184	Trigger-In:201	10	trial_end_completed	staircase	15	green	right	aware	1	0
79.249	0.000	trigger_101	101	79249	Trigger-In:101	11	trial_start	staircase	14	red	left	aware	1	0
79.354	0.000	trigger_11	11	79354	Trigger-In:11	11	fixation_point_on	staircase	14	red	left	aware	1	0
79.954	0.000	trigger_21	21	79954	Trigger-In:21	11	grating_on	staircase	14	red	left	aware	1	0
80.004	0.000	trigger_20	20	80004	Trigger-In:20	11	grating_off	staircase	14	red	left	aware	1	0
80.604	0.000	trigger_31	31	80604	Trigger-In:31	11	targets_on_fp_color_change	staircase	14	red	left	aware	1	0
81.539	0.000	trigger_201	201	81539	Trigger-In:201	11	trial_end_completed	staircase	14	red	left	aware	1	0
82.604	0.000	trigger_101	101	82604	Trigger-In:101	12	trial_start	absent	70	red	left	aware	1	0
82.704	0.000	trigger_11	11	82704	Trigger-In:11	12	fixation_point_on	absent	70	red	left	aware	1	0
83.304	0.000	trigger_21	21	83304	Trigger-In:21	12	grating_on	absent	70	red	left	aware	1	0
83.359	0.000	trigger_20	20	83359	Trigger-In:20	12	grating_off	absent	70	red	left	aware	1	0
83.959	0.000	trigger_31	31	83959	Trigger-In:31	12	targets_on_fp_color_change	absent	70	red	left	aware	1	0
84.759	0.000	trigger_201	201	84759	Trigger-In:201	12	trial_end_completed	absent	70	red	left	aware	1	0
85.824	0.000	trigger_101	101	85824	Trigger-In:101	13	trial_start	staircase	13	green	left	unaware	1	0
85.929	0.000	trigger_11	11	85929	Trigger-In:11	13	fixation_point_on	staircase	13	green	left	unaware	1	0
86.529	0.000	trigger_21	21	86529	Trigger-In:21	13	grating_on	staircase	13	green	left	unaware	1	0
86.579	0.000	trigger_20	20	86579	Trigger-In:20	13	grating_off	staircase	13	green	left	unaware	1	0
87.179	0.000	trigger_31	31	87179	Trigger-In:31	13	targets_on_fp_color_change	staircase	13	green	left	unaware	1	0
88.909	0.000	trigger_201	201	88909	Trigger-In:201	13	trial_end_completed	staircase	13	green	left	unaware	1	0
89.974	0.000	trigger_101	101	89974	Trigger-In:101	14	trial_start	staircase	14	green	right	aware	1	0
90.079	0.000	trigger_11	11	90079	Trigger-In:11	14	fixation_point_on	staircase	14	green	right	aware	1	0
90.684	0.000	trigger_21	21	90684	Trigger-In:21	14	grating_on	staircase	14	green	right	aware	1	0
90.734	0.000	trigger_20	20	90734	Trigger-In:20	14	grating_off	staircase	14	green	right	aware	1	0
91.334	0.000	trigger_31	31	91334	Trigger-In:31	14	targets_on_fp_color_change	staircase	14	green	right	aware	1	0
92.404	0.000	trigger_201	201	92404	Trigger-In:201	14	trial_end_completed	staircase	14	green	right	aware	1	0
93.474	0.000	trigger_101	101	93474	Trigger-In:101	15	trial_start	staircase	13	green	left	unaware	1	0
93.579	0.000	trigger_11	11	93579	Trigger-In:11	15	fixation_point_on	staircase	13	green	left	unaware	1	0
94.179	0.000	trigger_21	21	94179	Trigger-In:21	15	grating_on	staircase	13	green	left	unaware	1	0
94.229	0.000	trigger_20	20	94229	Trigger-In:20	15	grating_off	staircase	13	green	left	unaware	1	0
94.829	0.000	trigger_31	31	94829	Trigger-In:31	15	targets_on_fp_color_change	staircase	13	green	left	unaware	1	0
95.899	0.000	trigger_201	201	95899	Trigger-In:201	15	trial_end_completed	staircase	13	green	left	unaware	1	0
96.964	0.000	trigger_101	101	96964	Trigger-In:101	16	trial_start	staircase	14	green	right	aware	1	0
97.064	0.000	trigger_11	11	97064	Trigger-In:11	16	fixation_point_on	staircase	14	green	right	aware	1	0
97.664	0.000	trigger_21	21	97664	Trigger-In:21	16	grating_on	staircase	14	green	right	aware	1	0
97.719	0.000	trigger_20	20	97719	Trigger-In:20	16	grating_off	staircase	14	green	right	aware	1	0
98.319	0.000	trigger_31	31	98319	Trigger-In:31	16	targets_on_fp_color_change	staircase	14	green	right	aware	1	0
99.024	0.000	trigger_201	201	99024	Trigger-In:201	16	trial_end_completed	staircase	14	green	right	aware	1	0
100.089	0.000	trigger_101	101	100089	Trigger-In:101	17	trial_start	salient	0	green	left	unaware	1	0
100.194	0.000	trigger_11	11	100194	Trigger-In:11	17	fixation_point_on	salient	0	green	left	unaware	1	0
100.794	0.000	trigger_21	21	100794	Trigger-In:21	17	grating_on	salient	0	green	left	unaware	1	0
100.844	0.000	trigger_20	20	100844	Trigger-In:20	17	grating_off	salient	0	green	left	unaware	1	0
101.444	0.000	trigger_31	31	101444	Trigger-In:31	17	targets_on_fp_color_change	salient	0	green	left	unaware	1	0
102.479	0.000	trigger_201	201	102479	Trigger-In:201	17	trial_end_completed	salient	0	green	left	unaware	1	0
103.549	0.000	trigger_101	101	103549	Trigger-In:101	18	trial_start	absent	70	green	right	aware	1	0
103.654	0.000	trigger_11	11	103654	Trigger-In:11	18	fixation_point_on	absent	70	green	right	aware	1	0
104.254	0.000	trigger_21	21	104254	Trigger-In:21	18	grating_on	absent	70	green	right	aware	1	0
104.304	0.000	trigger_20	20	104304	Trigger-In:20	18	grating_off	absent	70	green	right	aware	1	0
104.909	0.000	trigger_31	31	104909	Trigger-In:31	18	targets_on_fp_color_change	absent	70	green	right	aware	1	0
105.604	0.000	trigger_201	201	105604	Trigger-In:201	18	trial_end_completed	absent	70	green	right	aware	1	0
106.674	0.000	trigger_101	101	106674	Trigger-In:101	19	trial_start	staircase	13	red	right	unaware	1	0
106.779	0.000	trigger_11	11	106779	Trigger-In:11	19	fixation_point_on	staircase	13	red	right	unaware	1	0
107.379	0.000	trigger_21	21	107379	Trigger-In:21	19	grating_on	staircase	13	red	right	unaware	1	0
107.429	0.000	trigger_20	20	107429	Trigger-In:20	19	grating_off	staircase	13	red	right	unaware	1	0
108.029	0.000	trigger_31	31	108029	Trigger-In:31	19	targets_on_fp_color_change	staircase	13	red	right	unaware	1	0
109.339	0.000	trigger_201	201	109339	Trigger-In:201	19	trial_end_completed	staircase	13	red	right	unaware	1	0
110.409	0.000	trigger_101	101	110409	Trigger-In:101	20	trial_start	staircase	14	green	right	aware	1	0
110.514	0.000	trigger_11	11	110514	Trigger-In:11	20	fixation_point_on	staircase	14	green	right	aware	1	0
111.114	0.000	trigger_21	21	111114	Trigger-In:21	20	grating_on	staircase	14	green	right	aware	1	0
111.164	0.000	trigger_20	20	111164	Trigger-In:20	20	grating_off	staircase	14	green	right	aware	1	0
111.764	0.000	trigger_31	31	111764	Trigger-In:31	20	targets_on_fp_color_change	staircase	14	green	right	aware	1	0
112.539	0.000	trigger_201	201	112539	Trigger-In:201	20	trial_end_completed	staircase	14	green	right	aware	1	0
113.604	0.000	trigger_101	101	113604	Trigger-In:101	21	trial_start	staircase	13	green	left	unaware	1	0
113.709	0.000	trigger_11	11	113709	Trigger-In:11	21	fixation_point_on	staircase	13	green	left	unaware	1	0
114.314	0.000	trigger_21	21	114314	Trigger-In:21	21	grating_on	staircase	13	green	left	unaware	1	0
114.364	0.000	trigger_20	20	114364	Trigger-In:20	21	grating_off	staircase	13	green	left	unaware	1	0
114.964	0.000	trigger_31	31	114964	Trigger-In:31	21	targets_on_fp_color_change	staircase	13	green	left	unaware	1	0
116.504	0.000	trigger_201	201	116504	Trigger-In:201	21	trial_end_completed	staircase	13	green	left	unaware	1	0
117.574	0.000	trigger_101	101	117574	Trigger-In:101	22	trial_start	staircase	14	red	right	unaware	1	0
117.679	0.000	trigger_11	11	117679	Trigger-In:11	22	fixation_point_on	staircase	14	red	right	unaware	1	0
118.279	0.000	trigger_21	21	118279	Trigger-In:21	22	grating_on	staircase	14	red	right	unaware	1	0
118.329	0.000	trigger_20	20	118329	Trigger-In:20	22	grating_off	staircase	14	red	right	unaware	1	0
118.929	0.000	trigger_31	31	118929	Trigger-In:31	22	targets_on_fp_color_change	staircase	14	red	right	unaware	1	0
120.279	0.000	trigger_201	201	120279	Trigger-In:201	22	trial_end_completed	staircase	14	red	right	unaware	1	0
121.344	0.000	trigger_101	101	121344	Trigger-In:101	23	trial_start	staircase	15	red	left	aware	1	0
121.449	0.000	trigger_11	11	121449	Trigger-In:11	23	fixation_point_on	staircase	15	red	left	aware	1	0
122.049	0.000	trigger_21	21	122049	Trigger-In:21	23	grating_on	staircase	15	red	left	aware	1	0
122.099	0.000	trigger_20	20	122099	Trigger-In:20	23	grating_off	staircase	15	red	left	aware	1	0
122.699	0.000	trigger_31	31	122699	Trigger-In:31	23	targets_on_fp_color_change	staircase	15	red	left	aware	1	0
124.234	0.000	trigger_201	201	124234	Trigger-In:201	23	trial_end_completed	staircase	15	red	left	aware	1	0
125.304	0.000	trigger_101	101	125304	Trigger-In:101	24	trial_start	salient	0	red	right	unaware	1	0
125.409	0.000	trigger_11	11	125409	Trigger-In:11	24	fixation_point_on	salient	0	red	right	unaware	1	0
126.009	0.000	trigger_21	21	126009	Trigger-In:21	24	grating_on	salient	0	red	right	unaware	1	0
126.059	0.000	trigger_20	20	126059	Trigger-In:20	24	grating_off	salient	0	red	right	unaware	1	0
126.659	0.000	trigger_31	31	126659	Trigger-In:31	24	targets_on_fp_color_change	salient	0	red	right	unaware	1	0
127.994	0.000	trigger_201	201	127994	Trigger-In:201	24	trial_end_completed	salient	0	red	right	unaware	1	0
129.059	0.000	trigger_101	101	129059	Trigger-In:101	25	trial_start	salient	0	green	n/a	n/a	0	0
129.169	0.000	trigger_11	11	129169	Trigger-In:11	25	fixation_point_on	salient	0	green	n/a	n/a	0	0
129.769	0.000	trigger_21	21	129769	Trigger-In:21	25	grating_on	salient	0	green	n/a	n/a	0	0
129.819	0.000	trigger_20	20	129819	Trigger-In:20	25	grating_off	salient	0	green	n/a	n/a	0	0
130.419	0.000	trigger_31	31	130419	Trigger-In:31	25	targets_on_fp_color_change	salient	0	green	n/a	n/a	0	0
132.389	0.000	trigger_203	203	132389	Trigger-In:203	25	trial_end_not_completed	salient	0	green	n/a	n/a	0	0
133.494	0.000	trigger_101	101	133494	Trigger-In:101	26	trial_start	staircase	14	red	left	aware	1	0
133.599	0.000	trigger_11	11	133599	Trigger-In:11	26	fixation_point_on	staircase	14	red	left	aware	1	0
134.199	0.000	trigger_21	21	134199	Trigger-In:21	26	grating_on	staircase	14	red	left	aware	1	0
134.259	0.000	trigger_20	20	134259	Trigger-In:20	26	grating_off	staircase	14	red	left	aware	1	0
134.859	0.000	trigger_31	31	134859	Trigger-In:31	26	targets_on_fp_color_change	staircase	14	red	left	aware	1	0
135.849	0.000	trigger_201	201	135849	Trigger-In:201	26	trial_end_completed	staircase	14	red	left	aware	1	0
136.914	0.000	trigger_101	101	136914	Trigger-In:101	27	trial_start	staircase	13	red	left	aware	1	0
137.019	0.000	trigger_11	11	137019	Trigger-In:11	27	fixation_point_on	staircase	13	red	left	aware	1	0
137.619	0.000	trigger_21	21	137619	Trigger-In:21	27	grating_on	staircase	13	red	left	aware	1	0
137.669	0.000	trigger_20	20	137669	Trigger-In:20	27	grating_off	staircase	13	red	left	aware	1	0
138.269	0.000	trigger_31	31	138269	Trigger-In:31	27	targets_on_fp_color_change	staircase	13	red	left	aware	1	0
139.209	0.000	trigger_201	201	139209	Trigger-In:201	27	trial_end_completed	staircase	13	red	left	aware	1	0
140.274	0.000	trigger_101	101	140274	Trigger-In:101	28	trial_start	staircase	12	green	left	unaware	1	0
140.384	0.000	trigger_11	11	140384	Trigger-In:11	28	fixation_point_on	staircase	12	green	left	unaware	1	0
140.984	0.000	trigger_21	21	140984	Trigger-In:21	28	grating_on	staircase	12	green	left	unaware	1	0
141.034	0.000	trigger_20	20	141034	Trigger-In:20	28	grating_off	staircase	12	green	left	unaware	1	0
141.634	0.000	trigger_31	31	141634	Trigger-In:31	28	targets_on_fp_color_change	staircase	12	green	left	unaware	1	0
142.829	0.000	trigger_201	201	142829	Trigger-In:201	28	trial_end_completed	staircase	12	green	left	unaware	1	0
143.894	0.000	trigger_101	101	143894	Trigger-In:101	29	trial_start	salient	0	red	right	unaware	1	0
143.994	0.000	trigger_11	11	143994	Trigger-In:11	29	fixation_point_on	salient	0	red	right	unaware	1	0
144.594	0.000	trigger_21	21	144594	Trigger-In:21	29	grating_on	salient	0	red	right	unaware	1	0
144.649	0.000	trigger_20	20	144649	Trigger-In:20	29	grating_off	salient	0	red	right	unaware	1	0
145.249	0.000	trigger_31	31	145249	Trigger-In:31	29	targets_on_fp_color_change	salient	0	red	right	unaware	1	0
146.569	0.000	trigger_201	201	146569	Trigger-In:201	29	trial_end_completed	salient	0	red	right	unaware	1	0
147.639	0.000	trigger_101	101	147639	Trigger-In:101	30	trial_start	staircase	13	green	left	unaware	1	0
147.744	0.000	trigger_11	11	147744	Trigger-In:11	30	fixation_point_on	staircase	13	green	left	unaware	1	0
148.344	0.000	trigger_21	21	148344	Trigger-In:21	30	grating_on	staircase	13	green	left	unaware	1	0
148.394	0.000	trigger_20	20	148394	Trigger-In:20	30	grating_off	staircase	13	green	left	unaware	1	0
148.994	0.000	trigger_31	31	148994	Trigger-In:31	30	targets_on_fp_color_change	staircase	13	green	left	unaware	1	0
150.179	0.000	trigger_201	201	150179	Trigger-In:201	30	trial_end_completed	staircase	13	green	left	unaware	1	0
151.244	0.000	trigger_101	101	151244	Trigger-In:101	31	trial_start	staircase	14	red	right	unaware	1	0
151.344	0.000	trigger_11	11	151344	Trigger-In:11	31	fixation_point_on	staircase	14	red	right	unaware	1	0
151.944	0.000	trigger_21	21	151944	Trigger-In:21	31	grating_on	staircase	14	red	right	unaware	1	0
151.999	0.000	trigger_20	20	151999	Trigger-In:20	31	grating_off	staircase	14	red	right	unaware	1	0
152.599	0.000	trigger_31	31	152599	Trigger-In:31	31	targets_on_fp_color_change	staircase	14	red	right	unaware	1	0
153.784	0.000	trigger_201	201	153784	Trigger-In:201	31	trial_end_completed	staircase	14	red	right	unaware	1	0
154.854	0.000	trigger_101	101	154854	Trigger-In:101	32	trial_start	staircase	15	green	right	aware	1	0
154.954	0.000	trigger_11	11	154954	Trigger-In:11	32	fixation_point_on	staircase	15	green	right	aware	1	0
155.554	0.000	trigger_21	21	155554	Trigger-In:21	32	grating_on	staircase	15	green	right	aware	1	0
155.609	0.000	trigger_20	20	155609	Trigger-In:20	32	grating_off	staircase	15	green	right	aware	1	0
156.209	0.000	trigger_31	31	156209	Trigger-In:31	32	targets_on_fp_color_change	staircase	15	green	right	aware	1	0
156.959	0.000	trigger_201	201	156959	Trigger-In:201	32	trial_end_completed	staircase	15	green	right	aware	1	0
158.024	0.000	trigger_101	101	158024	Trigger-In:101	33	trial_start	salient	0	green	left	unaware	1	0
158.134	0.000	trigger_11	11	158134	Trigger-In:11	33	fixation_point_on	salient	0	green	left	unaware	1	0
158.734	0.000	trigger_21	21	158734	Trigger-In:21	33	grating_on	salient	0	green	left	unaware	1	0
158.784	0.000	trigger_20	20	158784	Trigger-In:20	33	grating_off	salient	0	green	left	unaware	1	0
159.384	0.000	trigger_31	31	159384	Trigger-In:31	33	targets_on_fp_color_change	salient	0	green	left	unaware	1	0
160.899	0.000	trigger_201	201	160899	Trigger-In:201	33	trial_end_completed	salient	0	green	left	unaware	1	0
161.964	0.000	trigger_101	101	161964	Trigger-In:101	34	trial_start	staircase	14	red	right	unaware	1	0
162.069	0.000	trigger_11	11	162069	Trigger-In:11	34	fixation_point_on	staircase	14	red	right	unaware	1	0
162.669	0.000	trigger_21	21	162669	Trigger-In:21	34	grating_on	staircase	14	red	right	unaware	1	0
162.719	0.000	trigger_20	20	162719	Trigger-In:20	34	grating_off	staircase	14	red	right	unaware	1	0
163.319	0.000	trigger_31	31	163319	Trigger-In:31	34	targets_on_fp_color_change	staircase	14	red	right	unaware	1	0
164.729	0.000	trigger_201	201	164729	Trigger-In:201	34	trial_end_completed	staircase	14	red	right	unaware	1	0
165.794	0.000	trigger_101	101	165794	Trigger-In:101	35	trial_start	staircase	15	red	n/a	n/a	0	0
165.899	0.000	trigger_11	11	165899	Trigger-In:11	35	fixation_point_on	staircase	15	red	n/a	n/a	0	0
166.499	0.000	trigger_21	21	166499	Trigger-In:21	35	grating_on	staircase	15	red	n/a	n/a	0	0
166.554	0.000	trigger_20	20	166554	Trigger-In:20	35	grating_off	staircase	15	red	n/a	n/a	0	0
167.154	0.000	trigger_31	31	167154	Trigger-In:31	35	targets_on_fp_color_change	staircase	15	red	n/a	n/a	0	0
169.114	0.000	trigger_203	203	169114	Trigger-In:203	35	trial_end_not_completed	staircase	15	red	n/a	n/a	0	0
170.214	0.000	trigger_101	101	170214	Trigger-In:101	36	trial_start	staircase	15	red	left	aware	1	0
170.319	0.000	trigger_11	11	170319	Trigger-In:11	36	fixation_point_on	staircase	15	red	left	aware	1	0
170.924	0.000	trigger_21	21	170924	Trigger-In:21	36	grating_on	staircase	15	red	left	aware	1	0
170.974	0.000	trigger_20	20	170974	Trigger-In:20	36	grating_off	staircase	15	red	left	aware	1	0
171.574	0.000	trigger_31	31	171574	Trigger-In:31	36	targets_on_fp_color_change	staircase	15	red	left	aware	1	0
172.629	0.000	trigger_201	201	172629	Trigger-In:201	36	trial_end_completed	staircase	15	red	left	aware	1	0
173.694	0.000	trigger_101	101	173694	Trigger-In:101	37	trial_start	absent	70	green	right	aware	1	0
173.804	0.000	trigger_11	11	173804	Trigger-In:11	37	fixation_point_on	absent	70	green	right	aware	1	0
174.404	0.000	trigger_21	21	174404	Trigger-In:21	37	grating_on	absent	70	green	right	aware	1	0
174.454	0.000	trigger_20	20	174454	Trigger-In:20	37	grating_off	absent	70	green	right	aware	1	0
175.054	0.000	trigger_31	31	175054	Trigger-In:31	37	targets_on_fp_color_change	absent	70	green	right	aware	1	0
175.739	0.000	trigger_201	201	175739	Trigger-In:201	37	trial_end_completed	absent	70	green	right	aware	1	0
176.804	0.000	trigger_101	101	176804	Trigger-In:101	38	trial_start	staircase	14	green	right	aware	1	0
176.904	0.000	trigger_11	11	176904	Trigger-In:11	38	fixation_point_on	staircase	14	green	right	aware	1	0
177.504	0.000	trigger_21	21	177504	Trigger-In:21	38	grating_on	staircase	14	green	right	aware	1	0
177.554	0.000	trigger_20	20	177554	Trigger-In:20	38	grating_off	staircase	14	green	right	aware	1	0
178.159	0.000	trigger_31	31	178159	Trigger-In:31	38	targets_on_fp_color_change	staircase	14	green	right	aware	1	0
178.924	0.000	trigger_201	201	178924	Trigger-In:201	38	trial_end_completed	staircase	14	green	right	aware	1	0
179.989	0.000	trigger_101	101	179989	Trigger-In:101	39	trial_start	staircase	13	red	left	aware	1	0
180.094	0.000	trigger_11	11	180094	Trigger-In:11	39	fixation_point_on	staircase	13	red	left	aware	1	0
180.694	0.000	trigger_21	21	180694	Trigger-In:21	39	grating_on	staircase	13	red	left	aware	1	0
180.744	0.000	trigger_20	20	180744	Trigger-In:20	39	grating_off	staircase	13	red	left	aware	1	0
181.344	0.000	trigger_31	31	181344	Trigger-In:31	39	targets_on_fp_color_change	staircase	13	red	left	aware	1	0
182.394	0.000	trigger_201	201	182394	Trigger-In:201	39	trial_end_completed	staircase	13	red	left	aware	1	0
183.459	0.000	trigger_101	101	183459	Trigger-In:101	40	trial_start	absent	70	green	right	aware	1	0
183.564	0.000	trigger_11	11	183564	Trigger-In:11	40	fixation_point_on	absent	70	green	right	aware	1	0
184.164	0.000	trigger_21	21	184164	Trigger-In:21	40	grating_on	absent	70	green	right	aware	1	0
184.214	0.000	trigger_20	20	184214	Trigger-In:20	40	grating_off	absent	70	green	right	aware	1	0
184.814	0.000	trigger_31	31	184814	Trigger-In:31	40	targets_on_fp_color_change	absent	70	green	right	aware	1	0
185.459	0.000	trigger_201	201	185459	Trigger-In:201	40	trial_end_completed	absent	70	green	right	aware	1	0
186.529	0.000	trigger_101	101	186529	Trigger-In:101	41	trial_start	staircase	12	green	right	aware	1	0
186.634	0.000	trigger_11	11	186634	Trigger-In:11	41	fixation_point_on	staircase	12	green	right	aware	1	0
187.234	0.000	trigger_21	21	187234	Trigger-In:21	41	grating_on	staircase	12	green	right	aware	1	0
187.284	0.000	trigger_20	20	187284	Trigger-In:20	41	grating_off	staircase	12	green	right	aware	1	0
187.884	0.000	trigger_31	31	187884	Trigger-In:31	41	targets_on_fp_color_change	staircase	12	green	right	aware	1	0
189.524	0.000	trigger_201	201	189524	Trigger-In:201	41	trial_end_completed	staircase	12	green	right	aware	1	0
190.589	0.000	trigger_101	101	190589	Trigger-In:101	42	trial_start	staircase	11	green	left	unaware	1	0
190.694	0.000	trigger_11	11	190694	Trigger-In:11	42	fixation_point_on	staircase	11	green	left	unaware	1	0
191.299	0.000	trigger_21	21	191299	Trigger-In:21	42	grating_on	staircase	11	green	left	unaware	1	0
191.349	0.000	trigger_20	20	191349	Trigger-In:20	42	grating_off	staircase	11	green	left	unaware	1	0
191.949	0.000	trigger_31	31	191949	Trigger-In:31	42	targets_on_fp_color_change	staircase	11	green	left	unaware	1	0
192.894	0.000	trigger_201	201	192894	Trigger-In:201	42	trial_end_completed	staircase	11	green	left	unaware	1	0
193.959	0.000	trigger_101	101	193959	Trigger-In:101	43	trial_start	staircase	12	green	left	unaware	1	0
194.064	0.000	trigger_11	11	194064	Trigger-In:11	43	fixation_point_on	staircase	12	green	left	unaware	1	0
194.664	0.000	trigger_21	21	194664	Trigger-In:21	43	grating_on	staircase	12	green	left	unaware	1	0
194.714	0.000	trigger_20	20	194714	Trigger-In:20	43	grating_off	staircase	12	green	left	unaware	1	0
195.314	0.000	trigger_31	31	195314	Trigger-In:31	43	targets_on_fp_color_change	staircase	12	green	left	unaware	1	0
196.189	0.000	trigger_201	201	196189	Trigger-In:201	43	trial_end_completed	staircase	12	green	left	unaware	1	0
197.259	0.000	trigger_101	101	197259	Trigger-In:101	44	trial_start	salient	0	red	right	unaware	1	0
197.359	0.000	trigger_11	11	197359	Trigger-In:11	44	fixation_point_on	salient	0	red	right	unaware	1	0
197.959	0.000	trigger_21	21	197959	Trigger-In:21	44	grating_on	salient	0	red	right	unaware	1	0
198.009	0.000	trigger_20	20	198009	Trigger-In:20	44	grating_off	salient	0	red	right	unaware	1	0
198.609	0.000	trigger_31	31	198609	Trigger-In:31	44	targets_on_fp_color_change	salient	0	red	right	unaware	1	0
199.959	0.000	trigger_201	201	199959	Trigger-In:201	44	trial_end_completed	salient	0	red	right	unaware	1	0
201.024	0.000	trigger_101	101	201024	Trigger-In:101	45	trial_start	salient	0	red	right	unaware	1	0
201.129	0.000	trigger_11	11	201129	Trigger-In:11	45	fixation_point_on	salient	0	red	right	unaware	1	0
201.729	0.000	trigger_21	21	201729	Trigger-In:21	45	grating_on	salient	0	red	right	unaware	1	0
201.779	0.000	trigger_20	20	201779	Trigger-In:20	45	grating_off	salient	0	red	right	unaware	1	0
202.379	0.000	trigger_31	31	202379	Trigger-In:31	45	targets_on_fp_color_change	salient	0	red	right	unaware	1	0
203.139	0.000	trigger_201	201	203139	Trigger-In:201	45	trial_end_completed	salient	0	red	right	unaware	1	0
204.209	0.000	trigger_101	101	204209	Trigger-In:101	46	trial_start	absent	70	green	right	aware	1	0
204.314	0.000	trigger_11	11	204314	Trigger-In:11	46	fixation_point_on	absent	70	green	right	aware	1	0
204.914	0.000	trigger_21	21	204914	Trigger-In:21	46	grating_on	absent	70	green	right	aware	1	0
204.964	0.000	trigger_20	20	204964	Trigger-In:20	46	grating_off	absent	70	green	right	aware	1	0
205.564	0.000	trigger_31	31	205564	Trigger-In:31	46	targets_on_fp_color_change	absent	70	green	right	aware	1	0
206.299	0.000	trigger_201	201	206299	Trigger-In:201	46	trial_end_completed	absent	70	green	right	aware	1	0
207.364	0.000	trigger_101	101	207364	Trigger-In:101	47	trial_start	staircase	13	green	left	unaware	1	0
207.469	0.000	trigger_11	11	207469	Trigger-In:11	47	fixation_point_on	staircase	13	green	left	unaware	1	0
208.069	0.000	trigger_21	21	208069	Trigger-In:21	47	grating_on	staircase	13	green	left	unaware	1	0
208.119	0.000	trigger_20	20	208119	Trigger-In:20	47	grating_off	staircase	13	green	left	unaware	1	0
208.719	0.000	trigger_31	31	208719	Trigger-In:31	47	targets_on_fp_color_change	staircase	13	green	left	unaware	1	0
209.739	0.000	trigger_201	201	209739	Trigger-In:201	47	trial_end_completed	staircase	13	green	left	unaware	1	0
210.809	0.000	trigger_101	101	210809	Trigger-In:101	48	trial_start	salient	0	red	right	unaware	1	0
210.909	0.000	trigger_11	11	210909	Trigger-In:11	48	fixation_point_on	salient	0	red	right	unaware	1	0
211.509	0.000	trigger_21	21	211509	Trigger-In:21	48	grating_on	salient	0	red	right	unaware	1	0
211.569	0.000	trigger_20	20	211569	Trigger-In:20	48	grating_off	salient	0	red	right	unaware	1	0
212.169	0.000	trigger_31	31	212169	Trigger-In:31	48	targets_on_fp_color_change	salient	0	red	right	unaware	1	0
213.434	0.000	trigger_201	201	213434	Trigger-In:201	48	trial_end_completed	salient	0	red	right	unaware	1	0
214.499	0.000	trigger_101	101	214499	Trigger-In:101	49	trial_start	salient	0	green	left	unaware	1	0
214.604	0.000	trigger_11	11	214604	Trigger-In:11	49	fixation_point_on	salient	0	green	left	unaware	1	0
215.204	0.000	trigger_21	21	215204	Trigger-In:21	49	grating_on	salient	0	green	left	unaware	1	0
215.254	0.000	trigger_20	20	215254	Trigger-In:20	49	grating_off	salient	0	green	left	unaware	1	0
215.854	0.000	trigger_31	31	215854	Trigger-In:31	49	targets_on_fp_color_change	salient	0	green	left	unaware	1	0
217.634	0.000	trigger_201	201	217634	Trigger-In:201	49	trial_end_completed	salient	0	green	left	unaware	1	0
218.699	0.000	trigger_101	101	218699	Trigger-In:101	50	trial_start	staircase	14	green	right	aware	1	0
218.809	0.000	trigger_11	11	218809	Trigger-In:11	50	fixation_point_on	staircase	14	green	right	aware	1	0
219.409	0.000	trigger_21	21	219409	Trigger-In:21	50	grating_on	staircase	14	green	right	aware	1	0
219.459	0.000	trigger_20	20	219459	Trigger-In:20	50	grating_off	staircase	14	green	right	aware	1	0
220.059	0.000	trigger_31	31	220059	Trigger-In:31	50	targets_on_fp_color_change	staircase	14	green	right	aware	1	0
221.614	0.000	trigger_201	201	221614	Trigger-In:201	50	trial_end_completed	staircase	14	green	right	aware	1	0
222.684	0.000	trigger_101	101	222684	Trigger-In:101	51	trial_start	salient	0	green	n/a	n/a	0	0
222.789	0.000	trigger_11	11	222789	Trigger-In:11	51	fixation_point_on	salient	0	green	n/a	n/a	0	0
223.389	0.000	trigger_21	21	223389	Trigger-In:21	51	grating_on	salient	0	green	n/a	n/a	0	0
223.439	0.000	trigger_20	20	223439	Trigger-In:20	51	grating_off	salient	0	green	n/a	n/a	0	0
224.039	0.000	trigger_31	31	224039	Trigger-In:31	51	targets_on_fp_color_change	salient	0	green	n/a	n/a	0	0
226.004	0.000	trigger_203	203	226004	Trigger-In:203	51	trial_end_not_completed	salient	0	green	n/a	n/a	0	0
227.104	0.000	trigger_101	101	227104	Trigger-In:101	52	trial_start	salient	0	green	left	unaware	1	0
227.204	0.000	trigger_11	11	227204	Trigger-In:11	52	fixation_point_on	salient	0	green	left	unaware	1	0
227.804	0.000	trigger_21	21	227804	Trigger-In:21	52	grating_on	salient	0	green	left	unaware	1	0
227.854	0.000	trigger_20	20	227854	Trigger-In:20	52	grating_off	salient	0	green	left	unaware	1	0
228.454	0.000	trigger_31	31	228454	Trigger-In:31	52	targets_on_fp_color_change	salient	0	green	left	unaware	1	0
229.559	0.000	trigger_201	201	229559	Trigger-In:201	52	trial_end_completed	salient	0	green	left	unaware	1	0
230.629	0.000	trigger_101	101	230629	Trigger-In:101	53	trial_start	staircase	13	red	right	unaware	1	0
230.734	0.000	trigger_11	11	230734	Trigger-In:11	53	fixation_point_on	staircase	13	red	right	unaware	1	0
231.334	0.000	trigger_21	21	231334	Trigger-In:21	53	grating_on	staircase	13	red	right	unaware	1	0
231.384	0.000	trigger_20	20	231384	Trigger-In:20	53	grating_off	staircase	13	red	right	unaware	1	0
231.984	0.000	trigger_31	31	231984	Trigger-In:31	53	targets_on_fp_color_change	staircase	13	red	right	unaware	1	0
233.164	0.000	trigger_201	201	233164	Trigger-In:201	53	trial_end_completed	staircase	13	red	right	unaware	1	0
234.229	0.000	trigger_101	101	234229	Trigger-In:101	54	trial_start	salient	0	red	right	unaware	1	0
234.334	0.000	trigger_11	11	234334	Trigger-In:11	54	fixation_point_on	salient	0	red	right	unaware	1	0
234.934	0.000	trigger_21	21	234934	Trigger-In:21	54	grating_on	salient	0	red	right	unaware	1	0
234.984	0.000	trigger_20	20	234984	Trigger-In:20	54	grating_off	salient	0	red	right	unaware	1	0
235.584	0.000	trigger_31	31	235584	Trigger-In:31	54	targets_on_fp_color_change	salient	0	red	right	unaware	1	0
237.184	0.000	trigger_201	201	237184	Trigger-In:201	54	trial_end_completed	salient	0	red	right	unaware	1	0
238.254	0.000	trigger_101	101	238254	Trigger-In:101	55	trial_start	salient	0	green	left	unaware	1	0
238.359	0.000	trigger_11	11	238359	Trigger-In:11	55	fixation_point_on	salient	0	green	left	unaware	1	0
238.959	0.000	trigger_21	21	238959	Trigger-In:21	55	grating_on	salient	0	green	left	unaware	1	0
239.009	0.000	trigger_20	20	239009	Trigger-In:20	55	grating_off	salient	0	green	left	unaware	1	0
239.609	0.000	trigger_31	31	239609	Trigger-In:31	55	targets_on_fp_color_change	salient	0	green	left	unaware	1	0
240.894	0.000	trigger_201	201	240894	Trigger-In:201	55	trial_end_completed	salient	0	green	left	unaware	1	0
241.964	0.000	trigger_101	101	241964	Trigger-In:101	56	trial_start	salient	0	green	left	unaware	1	0
242.064	0.000	trigger_11	11	242064	Trigger-In:11	56	fixation_point_on	salient	0	green	left	unaware	1	0
242.664	0.000	trigger_21	21	242664	Trigger-In:21	56	grating_on	salient	0	green	left	unaware	1	0
242.714	0.000	trigger_20	20	242714	Trigger-In:20	56	grating_off	salient	0	green	left	unaware	1	0
243.314	0.000	trigger_31	31	243314	Trigger-In:31	56	targets_on_fp_color_change	salient	0	green	left	unaware	1	0
244.234	0.000	trigger_201	201	244234	Trigger-In:201	56	trial_end_completed	salient	0	green	left	unaware	1	0
245.304	0.000	trigger_101	101	245304	Trigger-In:101	57	trial_start	absent	70	red	left	aware	1	0
245.404	0.000	trigger_11	11	245404	Trigger-In:11	57	fixation_point_on	absent	70	red	left	aware	1	0
246.004	0.000	trigger_21	21	246004	Trigger-In:21	57	grating_on	absent	70	red	left	aware	1	0
246.054	0.000	trigger_20	20	246054	Trigger-In:20	57	grating_off	absent	70	red	left	aware	1	0
246.654	0.000	trigger_31	31	246654	Trigger-In:31	57	targets_on_fp_color_change	absent	70	red	left	aware	1	0
247.759	0.000	trigger_201	201	247759	Trigger-In:201	57	trial_end_completed	absent	70	red	left	aware	1	0
248.829	0.000	trigger_101	101	248829	Trigger-In:101	58	trial_start	staircase	14	green	left	unaware	1	0
248.934	0.000	trigger_11	11	248934	Trigger-In:11	58	fixation_point_on	staircase	14	green	left	unaware	1	0
249.534	0.000	trigger_21	21	249534	Trigger-In:21	58	grating_on	staircase	14	green	left	unaware	1	0
249.584	0.000	trigger_20	20	249584	Trigger-In:20	58	grating_off	staircase	14	green	left	unaware	1	0
250.184	0.000	trigger_31	31	250184	Trigger-In:31	58	targets_on_fp_color_change	staircase	14	green	left	unaware	1	0
251.419	0.000	trigger_201	201	251419	Trigger-In:201	58	trial_end_completed	staircase	14	green	left	unaware	1	0
252.489	0.000	trigger_101	101	252489	Trigger-In:101	59	trial_start	staircase	15	red	right	unaware	1	0
252.644	0.000	trigger_11	11	252644	Trigger-In:11	59	fixation_point_on	staircase	15	red	right	unaware	1	0
253.244	0.000	trigger_21	21	253244	Trigger-In:21	59	grating_on	staircase	15	red	right	unaware	1	0
253.294	0.000	trigger_20	20	253294	Trigger-In:20	59	grating_off	staircase	15	red	right	unaware	1	0
253.899	0.000	trigger_31	31	253899	Trigger-In:31	59	targets_on_fp_color_change	staircase	15	red	right	unaware	1	0
255.224	0.000	trigger_201	201	255224	Trigger-In:201	59	trial_end_completed	staircase	15	red	right	unaware	1	0
256.289	0.000	trigger_101	101	256289	Trigger-In:101	60	trial_start	staircase	16	green	right	aware	1	0
256.389	0.000	trigger_11	11	256389	Trigger-In:11	60	fixation_point_on	staircase	16	green	right	aware	1	0
256.989	0.000	trigger_21	21	256989	Trigger-In:21	60	grating_on	staircase	16	green	right	aware	1	0
257.039	0.000	trigger_20	20	257039	Trigger-In:20	60	grating_off	staircase	16	green	right	aware	1	0
257.644	0.000	trigger_31	31	257644	Trigger-In:31	60	targets_on_fp_color_change	staircase	16	green	right	aware	1	0
259.324	0.000	trigger_201	201	259324	Trigger-In:201	60	trial_end_completed	staircase	16	green	right	aware	1	0
260.394	0.000	trigger_101	101	260394	Trigger-In:101	61	trial_start	staircase	15	red	right	unaware	1	0
260.499	0.000	trigger_11	11	260499	Trigger-In:11	61	fixation_point_on	staircase	15	red	right	unaware	1	0
261.099	0.000	trigger_21	21	261099	Trigger-In:21	61	grating_on	staircase	15	red	right	unaware	1	0
261.149	0.000	trigger_20	20	261149	Trigger-In:20	61	grating_off	staircase	15	red	right	unaware	1	0
261.749	0.000	trigger_31	31	261749	Trigger-In:31	61	targets_on_fp_color_change	staircase	15	red	right	unaware	1	0
263.294	0.000	trigger_201	201	263294	Trigger-In:201	61	trial_end_completed	staircase	15	red	right	unaware	1	0
264.359	0.000	trigger_101	101	264359	Trigger-In:101	62	trial_start	staircase	16	red	right	unaware	1	0
264.469	0.000	trigger_11	11	264469	Trigger-In:11	62	fixation_point_on	staircase	16	red	right	unaware	1	0
265.069	0.000	trigger_21	21	265069	Trigger-In:21	62	grating_on	staircase	16	red	right	unaware	1	0
265.119	0.000	trigger_20	20	265119	Trigger-In:20	62	grating_off	staircase	16	red	right	unaware	1	0
265.719	0.000	trigger_31	31	265719	Trigger-In:31	62	targets_on_fp_color_change	staircase	16	red	right	unaware	1	0
266.739	0.000	trigger_201	201	266739	Trigger-In:201	62	trial_end_completed	staircase	16	red	right	unaware	1	0
267.809	0.000	trigger_101	101	267809	Trigger-In:101	63	trial_start	staircase	17	red	right	unaware	1	0
267.934	0.000	trigger_11	11	267934	Trigger-In:11	63	fixation_point_on	staircase	17	red	right	unaware	1	0
268.539	0.000	trigger_21	21	268539	Trigger-In:21	63	grating_on	staircase	17	red	right	unaware	1	0
268.589	0.000	trigger_20	20	268589	Trigger-In:20	63	grating_off	staircase	17	red	right	unaware	1	0
269.189	0.000	trigger_31	31	269189	Trigger-In:31	63	targets_on_fp_color_change	staircase	17	red	right	unaware	1	0
270.334	0.000	trigger_201	201	270334	Trigger-In:201	63	trial_end_completed	staircase	17	red	right	unaware	1	0
271.404	0.000	trigger_101	101	271404	Trigger-In:101	64	trial_start	staircase	18	green	right	aware	1	0
271.509	0.000	trigger_11	11	271509	Trigger-In:11	64	fixation_point_on	staircase	18	green	right	aware	1	0
272.109	0.000	trigger_21	21	272109	Trigger-In:21	64	grating_on	staircase	18	green	right	aware	1	0
272.159	0.000	trigger_20	20	272159	Trigger-In:20	64	grating_off	staircase	18	green	right	aware	1	0
272.759	0.000	trigger_31	31	272759	Trigger-In:31	64	targets_on_fp_color_change	staircase	18	green	right	aware	1	0
273.684	0.000	trigger_201	201	273684	Trigger-In:201	64	trial_end_completed	staircase	18	green	right	aware	1	0
274.754	0.000	trigger_101	101	274754	Trigger-In:101	65	trial_start	staircase	17	green	right	aware	1	0
274.859	0.000	trigger_11	11	274859	Trigger-In:11	65	fixation_point_on	staircase	17	green	right	aware	1	0
275.459	0.000	trigger_21	21	275459	Trigger-In:21	65	grating_on	staircase	17	green	right	aware	1	0
275.509	0.000	trigger_20	20	275509	Trigger-In:20	65	grating_off	staircase	17	green	right	aware	1	0
276.109	0.000	trigger_31	31	276109	Trigger-In:31	65	targets_on_fp_color_change	staircase	17	green	right	aware	1	0
276.899	0.000	trigger_201	201	276899	Trigger-In:201	65	trial_end_completed	staircase	17	green	right	aware	1	0
277.969	0.000	trigger_101	101	277969	Trigger-In:101	66	trial_start	staircase	16	red	left	aware	1	0
278.074	0.000	trigger_11	11	278074	Trigger-In:11	66	fixation_point_on	staircase	16	red	left	aware	1	0
278.674	0.000	trigger_21	21	278674	Trigger-In:21	66	grating_on	staircase	16	red	left	aware	1	0
278.724	0.000	trigger_20	20	278724	Trigger-In:20	66	grating_off	staircase	16	red	left	aware	1	0
279.324	0.000	trigger_31	31	279324	Trigger-In:31	66	targets_on_fp_color_change	staircase	16	red	left	aware	1	0
280.084	0.000	trigger_201	201	280084	Trigger-In:201	66	trial_end_completed	staircase	16	red	left	aware	1	0
281.149	0.000	trigger_101	101	281149	Trigger-In:101	67	trial_start	salient	0	green	left	unaware	1	0
281.259	0.000	trigger_11	11	281259	Trigger-In:11	67	fixation_point_on	salient	0	green	left	unaware	1	0
281.859	0.000	trigger_21	21	281859	Trigger-In:21	67	grating_on	salient	0	green	left	unaware	1	0
281.909	0.000	trigger_20	20	281909	Trigger-In:20	67	grating_off	salient	0	green	left	unaware	1	0
282.509	0.000	trigger_31	31	282509	Trigger-In:31	67	targets_on_fp_color_change	salient	0	green	left	unaware	1	0
283.869	0.000	trigger_201	201	283869	Trigger-In:201	67	trial_end_completed	salient	0	green	left	unaware	1	0
284.934	0.000	trigger_101	101	284934	Trigger-In:101	68	trial_start	salient	0	green	left	unaware	1	0
285.034	0.000	trigger_11	11	285034	Trigger-In:11	68	fixation_point_on	salient	0	green	left	unaware	1	0
285.634	0.000	trigger_21	21	285634	Trigger-In:21	68	grating_on	salient	0	green	left	unaware	1	0
285.684	0.000	trigger_20	20	285684	Trigger-In:20	68	grating_off	salient	0	green	left	unaware	1	0
286.284	0.000	trigger_31	31	286284	Trigger-In:31	68	targets_on_fp_color_change	salient	0	green	left	unaware	1	0
287.474	0.000	trigger_201	201	287474	Trigger-In:201	68	trial_end_completed	salient	0	green	left	unaware	1	0
288.544	0.000	trigger_101	101	288544	Trigger-In:101	69	trial_start	staircase	15	red	n/a	n/a	0	0
288.654	0.000	trigger_11	11	288654	Trigger-In:11	69	fixation_point_on	staircase	15	red	n/a	n/a	0	0
289.254	0.000	trigger_21	21	289254	Trigger-In:21	69	grating_on	staircase	15	red	n/a	n/a	0	0
289.304	0.000	trigger_20	20	289304	Trigger-In:20	69	grating_off	staircase	15	red	n/a	n/a	0	0
289.904	0.000	trigger_31	31	289904	Trigger-In:31	69	targets_on_fp_color_change	staircase	15	red	n/a	n/a	0	0
291.869	0.000	trigger_203	203	291869	Trigger-In:203	69	trial_end_not_completed	staircase	15	red	n/a	n/a	0	0
292.964	0.000	trigger_101	101	292964	Trigger-In:101	70	trial_start	salient	0	green	left	unaware	1	0
293.069	0.000	trigger_11	11	293069	Trigger-In:11	70	fixation_point_on	salient	0	green	left	unaware	1	0
293.669	0.000	trigger_21	21	293669	Trigger-In:21	70	grating_on	salient	0	green	left	unaware	1	0
293.719	0.000	trigger_20	20	293719	Trigger-In:20	70	grating_off	salient	0	green	left	unaware	1	0
294.319	0.000	trigger_31	31	294319	Trigger-In:31	70	targets_on_fp_color_change	salient	0	green	left	unaware	1	0
295.549	0.000	trigger_201	201	295549	Trigger-In:201	70	trial_end_completed	salient	0	green	left	unaware	1	0
296.614	0.000	trigger_101	101	296614	Trigger-In:101	71	trial_start	staircase	15	red	right	unaware	1	0
296.724	0.000	trigger_11	11	296724	Trigger-In:11	71	fixation_point_on	staircase	15	red	right	unaware	1	0
297.324	0.000	trigger_21	21	297324	Trigger-In:21	71	grating_on	staircase	15	red	right	unaware	1	0
297.374	0.000	trigger_20	20	297374	Trigger-In:20	71	grating_off	staircase	15	red	right	unaware	1	0
297.974	0.000	trigger_31	31	297974	Trigger-In:31	71	targets_on_fp_color_change	staircase	15	red	right	unaware	1	0
299.404	0.000	trigger_201	201	299404	Trigger-In:201	71	trial_end_completed	staircase	15	red	right	unaware	1	0
300.469	0.000	trigger_101	101	300469	Trigger-In:101	72	trial_start	salient	0	green	left	unaware	1	0
300.574	0.000	trigger_11	11	300574	Trigger-In:11	72	fixation_point_on	salient	0	green	left	unaware	1	0
301.174	0.000	trigger_21	21	301174	Trigger-In:21	72	grating_on	salient	0	green	left	unaware	1	0
301.224	0.000	trigger_20	20	301224	Trigger-In:20	72	grating_off	salient	0	green	left	unaware	1	0
301.824	0.000	trigger_31	31	301824	Trigger-In:31	72	targets_on_fp_color_change	salient	0	green	left	unaware	1	0
303.434	0.000	trigger_201	201	303434	Trigger-In:201	72	trial_end_completed	salient	0	green	left	unaware	1	0
304.504	0.000	trigger_101	101	304504	Trigger-In:101	73	trial_start	staircase	16	red	left	aware	1	0
304.604	0.000	trigger_11	11	304604	Trigger-In:11	73	fixation_point_on	staircase	16	red	left	aware	1	0
305.204	0.000	trigger_21	21	305204	Trigger-In:21	73	grating_on	staircase	16	red	left	aware	1	0
305.259	0.000	trigger_20	20	305259	Trigger-In:20	73	grating_off	staircase	16	red	left	aware	1	0
305.859	0.000	trigger_31	31	305859	Trigger-In:31	73	targets_on_fp_color_change	staircase	16	red	left	aware	1	0
306.769	0.000	trigger_201	201	306769	Trigger-In:201	73	trial_end_completed	staircase	16	red	left	aware	1	0
307.839	0.000	trigger_101	101	307839	Trigger-In:101	74	trial_start	staircase	15	red	right	unaware	1	0
307.944	0.000	trigger_11	11	307944	Trigger-In:11	74	fixation_point_on	staircase	15	red	right	unaware	1	0
308.544	0.000	trigger_21	21	308544	Trigger-In:21	74	grating_on	staircase	15	red	right	unaware	1	0
308.594	0.000	trigger_20	20	308594	Trigger-In:20	74	grating_off	staircase	15	red	right	unaware	1	0
309.194	0.000	trigger_31	31	309194	Trigger-In:31	74	targets_on_fp_color_change	staircase	15	red	right	unaware	1	0
310.384	0.000	trigger_201	201	310384	Trigger-In:201	74	trial_end_completed	staircase	15	red	right	unaware	1	0
311.449	0.000	trigger_101	101	311449	Trigger-In:101	75	trial_start	salient	0	red	right	unaware	1	0
311.559	0.000	trigger_11	11	311559	Trigger-In:11	75	fixation_point_on	salient	0	red	right	unaware	1	0
312.159	0.000	trigger_21	21	312159	Trigger-In:21	75	grating_on	salient	0	red	right	unaware	1	0
312.209	0.000	trigger_20	20	312209	Trigger-In:20	75	grating_off	salient	0	red	right	unaware	1	0
312.809	0.000	trigger_31	31	312809	Trigger-In:31	75	targets_on_fp_color_change	salient	0	red	right	unaware	1	0
314.134	0.000	trigger_201	201	314134	Trigger-In:201	75	trial_end_completed	salient	0	red	right	unaware	1	0
315.204	0.000	trigger_101	101	315204	Trigger-In:101	76	trial_start	absent	70	red	left	aware	1	0
315.309	0.000	trigger_11	11	315309	Trigger-In:11	76	fixation_point_on	absent	70	red	left	aware	1	0
315.909	0.000	trigger_21	21	315909	Trigger-In:21	76	grating_on	absent	70	red	left	aware	1	0
315.959	0.000	trigger_20	20	315959	Trigger-In:20	76	grating_off	absent	70	red	left	aware	1	0
316.559	0.000	trigger_31	31	316559	Trigger-In:31	76	targets_on_fp_color_change	absent	70	red	left	aware	1	0
317.579	0.000	trigger_201	201	317579	Trigger-In:201	76	trial_end_completed	absent	70	red	left	aware	1	0
318.644	0.000	trigger_101	101	318644	Trigger-In:101	77	trial_start	staircase	16	green	left	unaware	1	0
318.754	0.000	trigger_11	11	318754	Trigger-In:11	77	fixation_point_on	staircase	16	green	left	unaware	1	0
319.354	0.000	trigger_21	21	319354	Trigger-In:21	77	grating_on	staircase	16	green	left	unaware	1	0
319.404	0.000	trigger_20	20	319404	Trigger-In:20	77	grating_off	staircase	16	green	left	unaware	1	0
320.004	0.000	trigger_31	31	320004	Trigger-In:31	77	targets_on_fp_color_change	staircase	16	green	left	unaware	1	0
321.204	0.000	trigger_201	201	321204	Trigger-In:201	77	trial_end_completed	staircase	16	green	left	unaware	1	0
322.269	0.000	trigger_101	101	322269	Trigger-In:101	78	trial_start	staircase	17	green	right	aware	1	0
322.374	0.000	trigger_11	11	322374	Trigger-In:11	78	fixation_point_on	staircase	17	green	right	aware	1	0
322.979	0.000	trigger_21	21	322979	Trigger-In:21	78	grating_on	staircase	17	green	right	aware	1	0
323.029	0.000	trigger_20	20	323029	Trigger-In:20	78	grating_off	staircase	17	green	right	aware	1	0
323.629	0.000	trigger_31	31	323629	Trigger-In:31	78	targets_on_fp_color_change	staircase	17	green	right	aware	1	0
325.064	0.000	trigger_201	201	325064	Trigger-In:201	78	trial_end_completed	staircase	17	green	right	aware	1	0
326.129	0.000	trigger_101	101	326129	Trigger-In:101	79	trial_start	staircase	16	green	right	aware	1	0
326.234	0.000	trigger_11	11	326234	Trigger-In:11	79	fixation_point_on	staircase	16	green	right	aware	1	0
326.834	0.000	trigger_21	21	326834	Trigger-In:21	79	grating_on	staircase	16	green	right	aware	1	0
326.884	0.000	trigger_20	20	326884	Trigger-In:20	79	grating_off	staircase	16	green	right	aware	1	0
327.489	0.000	trigger_31	31	327489	Trigger-In:31	79	targets_on_fp_color_change	staircase	16	green	right	aware	1	0
328.159	0.000	trigger_201	201	328159	Trigger-In:201	79	trial_end_completed	staircase	16	green	right	aware	1	0
329.229	0.000	trigger_101	101	329229	Trigger-In:101	80	trial_start	staircase	15	red	left	aware	1	0
329.334	0.000	trigger_11	11	329334	Trigger-In:11	80	fixation_point_on	staircase	15	red	left	aware	1	0
329.934	0.000	trigger_21	21	329934	Trigger-In:21	80	grating_on	staircase	15	red	left	aware	1	0
329.984	0.000	trigger_20	20	329984	Trigger-In:20	80	grating_off	staircase	15	red	left	aware	1	0
330.584	0.000	trigger_31	31	330584	Trigger-In:31	80	targets_on_fp_color_change	staircase	15	red	left	aware	1	0
331.804	0.000	trigger_201	201	331804	Trigger-In:201	80	trial_end_completed	staircase	15	red	left	aware	1	0
332.874	0.000	trigger_101	101	332874	Trigger-In:101	81	trial_start	staircase	14	green	n/a	n/a	0	0
332.979	0.000	trigger_11	11	332979	Trigger-In:11	81	fixation_point_on	staircase	14	green	n/a	n/a	0	0
333.579	0.000	trigger_21	21	333579	Trigger-In:21	81	grating_on	staircase	14	green	n/a	n/a	0	0
333.629	0.000	trigger_20	20	333629	Trigger-In:20	81	grating_off	staircase	14	green	n/a	n/a	0	0
334.229	0.000	trigger_31	31	334229	Trigger-In:31	81	targets_on_fp_color_change	staircase	14	green	n/a	n/a	0	0
336.189	0.000	trigger_203	203	336189	Trigger-In:203	81	trial_end_not_completed	staircase	14	green	n/a	n/a	0	0
337.289	0.000	trigger_101	101	337289	Trigger-In:101	82	trial_start	staircase	14	red	n/a	n/a	0	0
337.399	0.000	trigger_11	11	337399	Trigger-In:11	82	fixation_point_on	staircase	14	red	n/a	n/a	0	0
337.999	0.000	trigger_21	21	337999	Trigger-In:21	82	grating_on	staircase	14	red	n/a	n/a	0	0
338.049	0.000	trigger_20	20	338049	Trigger-In:20	82	grating_off	staircase	14	red	n/a	n/a	0	0
338.649	0.000	trigger_31	31	338649	Trigger-In:31	82	targets_on_fp_color_change	staircase	14	red	n/a	n/a	0	0
340.604	0.000	trigger_203	203	340604	Trigger-In:203	82	trial_end_not_completed	staircase	14	red	n/a	n/a	0	0
341.699	0.000	trigger_101	101	341699	Trigger-In:101	83	trial_start	staircase	14	red	left	aware	1	0
341.809	0.000	trigger_11	11	341809	Trigger-In:11	83	fixation_point_on	staircase	14	red	left	aware	1	0
342.409	0.000	trigger_21	21	342409	Trigger-In:21	83	grating_on	staircase	14	red	left	aware	1	0
342.459	0.000	trigger_20	20	342459	Trigger-In:20	83	grating_off	staircase	14	red	left	aware	1	0
343.059	0.000	trigger_31	31	343059	Trigger-In:31	83	targets_on_fp_color_change	staircase	14	red	left	aware	1	0
344.354	0.000	trigger_201	201	344354	Trigger-In:201	83	trial_end_completed	staircase	14	red	left	aware	1	0
345.419	0.000	trigger_101	101	345419	Trigger-In:101	84	trial_start	salient	0	red	right	unaware	1	0
345.529	0.000	trigger_11	11	345529	Trigger-In:11	84	fixation_point_on	salient	0	red	right	unaware	1	0
346.129	0.000	trigger_21	21	346129	Trigger-In:21	84	grating_on	salient	0	red	right	unaware	1	0
346.179	0.000	trigger_20	20	346179	Trigger-In:20	84	grating_off	salient	0	red	right	unaware	1	0
346.779	0.000	trigger_31	31	346779	Trigger-In:31	84	targets_on_fp_color_change	salient	0	red	right	unaware	1	0
348.499	0.000	trigger_201	201	348499	Trigger-In:201	84	trial_end_completed	salient	0	red	right	unaware	1	0
349.569	0.000	trigger_101	101	349569	Trigger-In:101	85	trial_start	staircase	13	green	left	unaware	1	0
349.674	0.000	trigger_11	11	349674	Trigger-In:11	85	fixation_point_on	staircase	13	green	left	unaware	1	0
350.274	0.000	trigger_21	21	350274	Trigger-In:21	85	grating_on	staircase	13	green	left	unaware	1	0
350.324	0.000	trigger_20	20	350324	Trigger-In:20	85	grating_off	staircase	13	green	left	unaware	1	0
350.924	0.000	trigger_31	31	350924	Trigger-In:31	85	targets_on_fp_color_change	staircase	13	green	left	unaware	1	0
352.649	0.000	trigger_201	201	352649	Trigger-In:201	85	trial_end_completed	staircase	13	green	left	unaware	1	0
353.719	0.000	trigger_101	101	353719	Trigger-In:101	86	trial_start	staircase	14	red	right	unaware	1	0
353.824	0.000	trigger_11	11	353824	Trigger-In:11	86	fixation_point_on	staircase	14	red	right	unaware	1	0
354.424	0.000	trigger_21	21	354424	Trigger-In:21	86	grating_on	staircase	14	red	right	unaware	1	0
354.474	0.000	trigger_20	20	354474	Trigger-In:20	86	grating_off	staircase	14	red	right	unaware	1	0
355.074	0.000	trigger_31	31	355074	Trigger-In:31	86	targets_on_fp_color_change	staircase	14	red	right	unaware	1	0
356.684	0.000	trigger_201	201	356684	Trigger-In:201	86	trial_end_completed	staircase	14	red	right	unaware	1	0
357.754	0.000	trigger_101	101	357754	Trigger-In:101	87	trial_start	staircase	15	red	right	unaware	1	0
357.859	0.000	trigger_11	11	357859	Trigger-In:11	87	fixation_point_on	staircase	15	red	right	unaware	1	0
358.459	0.000	trigger_21	21	358459	Trigger-In:21	87	grating_on	staircase	15	red	right	unaware	1	0
358.509	0.000	trigger_20	20	358509	Trigger-In:20	87	grating_off	staircase	15	red	right	unaware	1	0
359.109	0.000	trigger_31	31	359109	Trigger-In:31	87	targets_on_fp_color_change	staircase	15	red	right	unaware	1	0
360.874	0.000	trigger_201	201	360874	Trigger-In:201	87	trial_end_completed	staircase	15	red	right	unaware	1	0
361.944	0.000	trigger_101	101	361944	Trigger-In:101	88	trial_start	staircase	16	green	left	unaware	1	0
362.049	0.000	trigger_11	11	362049	Trigger-In:11	88	fixation_point_on	staircase	16	green	left	unaware	1	0
362.649	0.000	trigger_21	21	362649	Trigger-In:21	88	grating_on	staircase	16	green	left	unaware	1	0
362.699	0.000	trigger_20	20	362699	Trigger-In:20	88	grating_off	staircase	16	green	left	unaware	1	0
363.299	0.000	trigger_31	31	363299	Trigger-In:31	88	targets_on_fp_color_change	staircase	16	green	left	unaware	1	0
364.479	0.000	trigger_201	201	364479	Trigger-In:201	88	trial_end_completed	staircase	16	green	left	unaware	1	0
365.549	0.000	trigger_101	101	365549	Trigger-In:101	89	trial_start	staircase	17	green	left	unaware	1	0
365.654	0.000	trigger_11	11	365654	Trigger-In:11	89	fixation_point_on	staircase	17	green	left	unaware	1	0
366.254	0.000	trigger_21	21	366254	Trigger-In:21	89	grating_on	staircase	17	green	left	unaware	1	0
366.304	0.000	trigger_20	20	366304	Trigger-In:20	89	grating_off	staircase	17	green	left	unaware	1	0
366.909	0.000	trigger_31	31	366909	Trigger-In:31	89	targets_on_fp_color_change	staircase	17	green	left	unaware	1	0
367.984	0.000	trigger_201	201	367984	Trigger-In:201	89	trial_end_completed	staircase	17	green	left	unaware	1	0
369.054	0.000	trigger_101	101	369054	Trigger-In:101	90	trial_start	staircase	18	red	right	unaware	1	0
369.159	0.000	trigger_11	11	369159	Trigger-In:11	90	fixation_point_on	staircase	18	red	right	unaware	1	0
369.759	0.000	trigger_21	21	369759	Trigger-In:21	90	grating_on	staircase	18	red	right	unaware	1	0
369.809	0.000	trigger_20	20	369809	Trigger-In:20	90	grating_off	staircase	18	red	right	unaware	1	0
370.409	0.000	trigger_31	31	370409	Trigger-In:31	90	targets_on_fp_color_change	staircase	18	red	right	unaware	1	0
371.509	0.000	trigger_201	201	371509	Trigger-In:201	90	trial_end_completed	staircase	18	red	right	unaware	1	0
372.574	0.000	trigger_101	101	372574	Trigger-In:101	91	trial_start	staircase	19	green	left	unaware	1	0
372.679	0.000	trigger_11	11	372679	Trigger-In:11	91	fixation_point_on	staircase	19	green	left	unaware	1	0
373.279	0.000	trigger_21	21	373279	Trigger-In:21	91	grating_on	staircase	19	green	left	unaware	1	0
373.334	0.000	trigger_20	20	373334	Trigger-In:20	91	grating_off	staircase	19	green	left	unaware	1	0
373.934	0.000	trigger_31	31	373934	Trigger-In:31	91	targets_on_fp_color_change	staircase	19	green	left	unaware	1	0
375.234	0.000	trigger_201	201	375234	Trigger-In:201	91	trial_end_completed	staircase	19	green	left	unaware	1	0
376.304	0.000	trigger_101	101	376304	Trigger-In:101	92	trial_start	staircase	20	green	right	aware	1	0
376.409	0.000	trigger_11	11	376409	Trigger-In:11	92	fixation_point_on	staircase	20	green	right	aware	1	0
377.009	0.000	trigger_21	21	377009	Trigger-In:21	92	grating_on	staircase	20	green	right	aware	1	0
377.059	0.000	trigger_20	20	377059	Trigger-In:20	92	grating_off	staircase	20	green	right	aware	1	0
377.659	0.000	trigger_31	31	377659	Trigger-In:31	92	targets_on_fp_color_change	staircase	20	green	right	aware	1	0
378.534	0.000	trigger_201	201	378534	Trigger-In:201	92	trial_end_completed	staircase	20	green	right	aware	1	0
379.599	0.000	trigger_101	101	379599	Trigger-In:101	93	trial_start	salient	0	red	right	unaware	1	0
379.709	0.000	trigger_11	11	379709	Trigger-In:11	93	fixation_point_on	salient	0	red	right	unaware	1	0
380.309	0.000	trigger_21	21	380309	Trigger-In:21	93	grating_on	salient	0	red	right	unaware	1	0
380.359	0.000	trigger_20	20	380359	Trigger-In:20	93	grating_off	salient	0	red	right	unaware	1	0
380.959	0.000	trigger_31	31	380959	Trigger-In:31	93	targets_on_fp_color_change	salient	0	red	right	unaware	1	0
382.779	0.000	trigger_201	201	382779	Trigger-In:201	93	trial_end_completed	salient	0	red	right	unaware	1	0
383.844	0.000	trigger_101	101	383844	Trigger-In:101	94	trial_start	absent	70	red	left	aware	1	0
383.954	0.000	trigger_11	11	383954	Trigger-In:11	94	fixation_point_on	absent	70	red	left	aware	1	0
384.554	0.000	trigger_21	21	384554	Trigger-In:21	94	grating_on	absent	70	red	left	aware	1	0
384.604	0.000	trigger_20	20	384604	Trigger-In:20	94	grating_off	absent	70	red	left	aware	1	0
385.204	0.000	trigger_31	31	385204	Trigger-In:31	94	targets_on_fp_color_change	absent	70	red	left	aware	1	0
386.069	0.000	trigger_201	201	386069	Trigger-In:201	94	trial_end_completed	absent	70	red	left	aware	1	0
387.134	0.000	trigger_101	101	387134	Trigger-In:101	95	trial_start	staircase	19	red	left	aware	1	0
387.239	0.000	trigger_11	11	387239	Trigger-In:11	95	fixation_point_on	staircase	19	red	left	aware	1	0
387.839	0.000	trigger_21	21	387839	Trigger-In:21	95	grating_on	staircase	19	red	left	aware	1	0
387.889	0.000	trigger_20	20	387889	Trigger-In:20	95	grating_off	staircase	19	red	left	aware	1	0
388.489	0.000	trigger_31	31	388489	Trigger-In:31	95	targets_on_fp_color_change	staircase	19	red	left	aware	1	0
389.429	0.000	trigger_201	201	389429	Trigger-In:201	95	trial_end_completed	staircase	19	red	left	aware	1	0
390.494	0.000	trigger_101	101	390494	Trigger-In:101	96	trial_start	salient	0	red	right	unaware	1	0
390.604	0.000	trigger_11	11	390604	Trigger-In:11	96	fixation_point_on	salient	0	red	right	unaware	1	0
391.204	0.000	trigger_21	21	391204	Trigger-In:21	96	grating_on	salient	0	red	right	unaware	1	0
391.254	0.000	trigger_20	20	391254	Trigger-In:20	96	grating_off	salient	0	red	right	unaware	1	0
391.854	0.000	trigger_31	31	391854	Trigger-In:31	96	targets_on_fp_color_change	salient	0	red	right	unaware	1	0
393.024	0.000	trigger_201	201	393024	Trigger-In:201	96	trial_end_completed	salient	0	red	right	unaware	1	0
394.094	0.000	trigger_101	101	394094	Trigger-In:101	97	trial_start	staircase	18	red	left	aware	1	0
394.199	0.000	trigger_11	11	394199	Trigger-In:11	97	fixation_point_on	staircase	18	red	left	aware	1	0
394.799	0.000	trigger_21	21	394799	Trigger-In:21	97	grating_on	staircase	18	red	left	aware	1	0
394.849	0.000	trigger_20	20	394849	Trigger-In:20	97	grating_off	staircase	18	red	left	aware	1	0
395.449	0.000	trigger_31	31	395449	Trigger-In:31	97	targets_on_fp_color_change	staircase	18	red	left	aware	1	0
397.149	0.000	trigger_201	201	397149	Trigger-In:201	97	trial_end_completed	staircase	18	red	left	aware	1	0
398.219	0.000	trigger_101	101	398219	Trigger-In:101	98	trial_start	absent	70	red	left	aware	1	0
398.319	0.000	trigger_11	11	398319	Trigger-In:11	98	fixation_point_on	absent	70	red	left	aware	1	0
398.919	0.000	trigger_21	21	398919	Trigger-In:21	98	grating_on	absent	70	red	left	aware	1	0
398.969	0.000	trigger_20	20	398969	Trigger-In:20	98	grating_off	absent	70	red	left	aware	1	0
399.569	0.000	trigger_31	31	399569	Trigger-In:31	98	targets_on_fp_color_change	absent	70	red	left	aware	1	0
400.314	0.000	trigger_201	201	400314	Trigger-In:201	98	trial_end_completed	absent	70	red	left	aware	1	0
401.384	0.000	trigger_101	101	401384	Trigger-In:101	99	trial_start	staircase	17	green	right	aware	1	0
401.484	0.000	trigger_11	11	401484	Trigger-In:11	99	fixation_point_on	staircase	17	green	right	aware	1	0
402.089	0.000	trigger_21	21	402089	Trigger-In:21	99	grating_on	staircase	17	green	right	aware	1	0
402.139	0.000	trigger_20	20	402139	Trigger-In:20	99	grating_off	staircase	17	green	right	aware	1	0
402.739	0.000	trigger_31	31	402739	Trigger-In:31	99	targets_on_fp_color_change	staircase	17	green	right	aware	1	0
403.574	0.000	trigger_201	201	403574	Trigger-In:201	99	trial_end_completed	staircase	17	green	right	aware	1	0
404.639	0.000	trigger_101	101	404639	Trigger-In:101	100	trial_start	staircase	16	red	right	unaware	1	0
404.744	0.000	trigger_11	11	404744	Trigger-In:11	100	fixation_point_on	staircase	16	red	right	unaware	1	0
405.344	0.000	trigger_21	21	405344	Trigger-In:21	100	grating_on	staircase	16	red	right	unaware	1	0
405.394	0.000	trigger_20	20	405394	Trigger-In:20	100	grating_off	staircase	16	red	right	unaware	1	0
405.994	0.000	trigger_31	31	405994	Trigger-In:31	100	targets_on_fp_color_change	staircase	16	red	right	unaware	1	0
407.624	0.000	trigger_201	201	407624	Trigger-In:201	100	trial_end_completed	staircase	16	red	right	unaware	1	0
408.694	0.000	trigger_101	101	408694	Trigger-In:101	101	trial_start	salient	0	red	right	unaware	1	0
408.799	0.000	trigger_11	11	408799	Trigger-In:11	101	fixation_point_on	salient	0	red	right	unaware	1	0
409.399	0.000	trigger_21	21	409399	Trigger-In:21	101	grating_on	salient	0	red	right	unaware	1	0
409.454	0.000	trigger_20	20	409454	Trigger-In:20	101	grating_off	salient	0	red	right	unaware	1	0
410.054	0.000	trigger_31	31	410054	Trigger-In:31	101	targets_on_fp_color_change	salient	0	red	right	unaware	1	0
410.969	0.000	trigger_201	201	410969	Trigger-In:201	101	trial_end_completed	salient	0	red	right	unaware	1	0
412.039	0.000	trigger_101	101	412039	Trigger-In:101	102	trial_start	staircase	17	green	left	unaware	1	0
412.144	0.000	trigger_11	11	412144	Trigger-In:11	102	fixation_point_on	staircase	17	green	left	unaware	1	0
412.744	0.000	trigger_21	21	412744	Trigger-In:21	102	grating_on	staircase	17	green	left	unaware	1	0
412.794	0.000	trigger_20	20	412794	Trigger-In:20	102	grating_off	staircase	17	green	left	unaware	1	0
413.399	0.000	trigger_31	31	413399	Trigger-In:31	102	targets_on_fp_color_change	staircase	17	green	left	unaware	1	0
414.169	0.000	trigger_201	201	414169	Trigger-In:201	102	trial_end_completed	staircase	17	green	left	unaware	1	0
415.239	0.000	trigger_101	101	415239	Trigger-In:101	103	trial_start	staircase	18	red	right	unaware	1	0
415.339	0.000	trigger_11	11	415339	Trigger-In:11	103	fixation_point_on	staircase	18	red	right	unaware	1	0
415.939	0.000	trigger_21	21	415939	Trigger-In:21	103	grating_on	staircase	18	red	right	unaware	1	0
415.989	0.000	trigger_20	20	415989	Trigger-In:20	103	grating_off	staircase	18	red	right	unaware	1	0
416.589	0.000	trigger_31	31	416589	Trigger-In:31	103	targets_on_fp_color_change	staircase	18	red	right	unaware	1	0
417.754	0.000	trigger_201	201	417754	Trigger-In:201	103	trial_end_completed	staircase	18	red	right	unaware	1	0
418.824	0.000	trigger_101	101	418824	Trigger-In:101	104	trial_start	staircase	19	green	left	unaware	1	0
418.929	0.000	trigger_11	11	418929	Trigger-In:11	104	fixation_point_on	staircase	19	green	left	unaware	1	0
419.529	0.000	trigger_21	21	419529	Trigger-In:21	104	grating_on	staircase	19	green	left	unaware	1	0
419.579	0.000	trigger_20	20	419579	Trigger-In:20	104	grating_off	staircase	19	green	left	unaware	1	0
420.184	0.000	trigger_31	31	420184	Trigger-In:31	104	targets_on_fp_color_change	staircase	19	green	left	unaware	1	0
421.529	0.000	trigger_201	201	421529	Trigger-In:201	104	trial_end_completed	staircase	19	green	left	unaware	1	0
422.599	0.000	trigger_101	101	422599	Trigger-In:101	105	trial_start	staircase	20	green	right	aware	1	0
422.724	0.000	trigger_11	11	422724	Trigger-In:11	105	fixation_point_on	staircase	20	green	right	aware	1	0
423.324	0.000	trigger_21	21	423324	Trigger-In:21	105	grating_on	staircase	20	green	right	aware	1	0
423.374	0.000	trigger_20	20	423374	Trigger-In:20	105	grating_off	staircase	20	green	right	aware	1	0
423.974	0.000	trigger_31	31	423974	Trigger-In:31	105	targets_on_fp_color_change	staircase	20	green	right	aware	1	0
425.484	0.000	trigger_201	201	425484	Trigger-In:201	105	trial_end_completed	staircase	20	green	right	aware	1	0
426.554	0.000	trigger_101	101	426554	Trigger-In:101	106	trial_start	staircase	19	red	left	aware	1	0
426.659	0.000	trigger_11	11	426659	Trigger-In:11	106	fixation_point_on	staircase	19	red	left	aware	1	0
427.259	0.000	trigger_21	21	427259	Trigger-In:21	106	grating_on	staircase	19	red	left	aware	1	0
427.309	0.000	trigger_20	20	427309	Trigger-In:20	106	grating_off	staircase	19	red	left	aware	1	0
427.909	0.000	trigger_31	31	427909	Trigger-In:31	106	targets_on_fp_color_change	staircase	19	red	left	aware	1	0
429.084	0.000	trigger_201	201	429084	Trigger-In:201	106	trial_end_completed	staircase	19	red	left	aware	1	0
430.154	0.000	trigger_101	101	430154	Trigger-In:101	107	trial_start	absent	70	green	right	aware	1	0
430.259	0.000	trigger_11	11	430259	Trigger-In:11	107	fixation_point_on	absent	70	green	right	aware	1	0
430.859	0.000	trigger_21	21	430859	Trigger-In:21	107	grating_on	absent	70	green	right	aware	1	0
430.914	0.000	trigger_20	20	430914	Trigger-In:20	107	grating_off	absent	70	green	right	aware	1	0
431.514	0.000	trigger_31	31	431514	Trigger-In:31	107	targets_on_fp_color_change	absent	70	green	right	aware	1	0
432.349	0.000	trigger_201	201	432349	Trigger-In:201	107	trial_end_completed	absent	70	green	right	aware	1	0
433.419	0.000	trigger_101	101	433419	Trigger-In:101	108	trial_start	salient	0	green	left	unaware	1	0
433.524	0.000	trigger_11	11	433524	Trigger-In:11	108	fixation_point_on	salient	0	green	left	unaware	1	0
434.124	0.000	trigger_21	21	434124	Trigger-In:21	108	grating_on	salient	0	green	left	unaware	1	0
434.174	0.000	trigger_20	20	434174	Trigger-In:20	108	grating_off	salient	0	green	left	unaware	1	0
434.774	0.000	trigger_31	31	434774	Trigger-In:31	108	targets_on_fp_color_change	salient	0	green	left	unaware	1	0
435.969	0.000	trigger_201	201	435969	Trigger-In:201	108	trial_end_completed	salient	0	green	left	unaware	1	0
437.034	0.000	trigger_101	101	437034	Trigger-In:101	109	trial_start	staircase	18	green	left	unaware	1	0
437.139	0.000	trigger_11	11	437139	Trigger-In:11	109	fixation_point_on	staircase	18	green	left	unaware	1	0
437.744	0.000	trigger_21	21	437744	Trigger-In:21	109	grating_on	staircase	18	green	left	unaware	1	0
437.794	0.000	trigger_20	20	437794	Trigger-In:20	109	grating_off	staircase	18	green	left	unaware	1	0
438.394	0.000	trigger_31	31	438394	Trigger-In:31	109	targets_on_fp_color_change	staircase	18	green	left	unaware	1	0
440.249	0.000	trigger_201	201	440249	Trigger-In:201	109	trial_end_completed	staircase	18	green	left	unaware	1	0
441.319	0.000	trigger_101	101	441319	Trigger-In:101	110	trial_start	salient	0	red	right	unaware	1	0
441.424	0.000	trigger_11	11	441424	Trigger-In:11	110	fixation_point_on	salient	0	red	right	unaware	1	0
442.024	0.000	trigger_21	21	442024	Trigger-In:21	110	grating_on	salient	0	red	right	unaware	1	0
442.079	0.000	trigger_20	20	442079	Trigger-In:20	110	grating_off	salient	0	red	right	unaware	1	0
442.679	0.000	trigger_31	31	442679	Trigger-In:31	110	targets_on_fp_color_change	salient	0	red	right	unaware	1	0
443.999	0.000	trigger_201	201	443999	Trigger-In:201	110	trial_end_completed	salient	0	red	right	unaware	1	0
445.064	0.000	trigger_101	101	445064	Trigger-In:101	111	trial_start	staircase	19	red	right	unaware	1	0
445.174	0.000	trigger_11	11	445174	Trigger-In:11	111	fixation_point_on	staircase	19	red	right	unaware	1	0
445.774	0.000	trigger_21	21	445774	Trigger-In:21	111	grating_on	staircase	19	red	right	unaware	1	0
445.824	0.000	trigger_20	20	445824	Trigger-In:20	111	grating_off	staircase	19	red	right	unaware	1	0
446.424	0.000	trigger_31	31	446424	Trigger-In:31	111	targets_on_fp_color_change	staircase	19	red	right	unaware	1	0
447.724	0.000	trigger_201	201	447724	Trigger-In:201	111	trial_end_completed	staircase	19	red	right	unaware	1	0
448.794	0.000	trigger_101	101	448794	Trigger-In:101	112	trial_start	staircase	20	green	right	aware	1	0
448.899	0.000	trigger_11	11	448899	Trigger-In:11	112	fixation_point_on	staircase	20	green	right	aware	1	0
449.499	0.000	trigger_21	21	449499	Trigger-In:21	112	grating_on	staircase	20	green	right	aware	1	0
449.549	0.000	trigger_20	20	449549	Trigger-In:20	112	grating_off	staircase	20	green	right	aware	1	0
450.149	0.000	trigger_31	31	450149	Trigger-In:31	112	targets_on_fp_color_change	staircase	20	green	right	aware	1	0
451.149	0.000	trigger_201	201	451149	Trigger-In:201	112	trial_end_completed	staircase	20	green	right	aware	1	0
452.219	0.000	trigger_101	101	452219	Trigger-In:101	113	trial_start	staircase	19	green	right	aware	1	0
452.319	0.000	trigger_11	11	452319	Trigger-In:11	113	fixation_point_on	staircase	19	green	right	aware	1	0
452.924	0.000	trigger_21	21	452924	Trigger-In:21	113	grating_on	staircase	19	green	right	aware	1	0
452.974	0.000	trigger_20	20	452974	Trigger-In:20	113	grating_off	staircase	19	green	right	aware	1	0
453.574	0.000	trigger_31	31	453574	Trigger-In:31	113	targets_on_fp_color_change	staircase	19	green	right	aware	1	0
454.489	0.000	trigger_201	201	454489	Trigger-In:201	113	trial_end_completed	staircase	19	green	right	aware	1	0
455.554	0.000	trigger_101	101	455554	Trigger-In:101	114	trial_start	staircase	18	green	left	unaware	1	0
455.659	0.000	trigger_11	11	455659	Trigger-In:11	114	fixation_point_on	staircase	18	green	left	unaware	1	0
456.264	0.000	trigger_21	21	456264	Trigger-In:21	114	grating_on	staircase	18	green	left	unaware	1	0
456.314	0.000	trigger_20	20	456314	Trigger-In:20	114	grating_off	staircase	18	green	left	unaware	1	0
456.914	0.000	trigger_31	31	456914	Trigger-In:31	114	targets_on_fp_color_change	staircase	18	green	left	unaware	1	0
458.239	0.000	trigger_201	201	458239	Trigger-In:201	114	trial_end_completed	staircase	18	green	left	unaware	1	0
459.304	0.000	trigger_101	101	459304	Trigger-In:101	115	trial_start	staircase	19	green	left	unaware	1	0
459.414	0.000	trigger_11	11	459414	Trigger-In:11	115	fixation_point_on	staircase	19	green	left	unaware	1	0
460.014	0.000	trigger_21	21	460014	Trigger-In:21	115	grating_on	staircase	19	green	left	unaware	1	0
460.064	0.000	trigger_20	20	460064	Trigger-In:20	115	grating_off	staircase	19	green	left	unaware	1	0
460.664	0.000	trigger_31	31	460664	Trigger-In:31	115	targets_on_fp_color_change	staircase	19	green	left	unaware	1	0
461.669	0.000	trigger_201	201	461669	Trigger-In:201	115	trial_end_completed	staircase	19	green	left	unaware	1	0
462.734	0.000	trigger_101	101	462734	Trigger-In:101	116	trial_start	staircase	20	green	right	aware	1	0
462.839	0.000	trigger_11	11	462839	Trigger-In:11	116	fixation_point_on	staircase	20	green	right	aware	1	0
463.439	0.000	trigger_21	21	463439	Trigger-In:21	116	grating_on	staircase	20	green	right	aware	1	0
463.489	0.000	trigger_20	20	463489	Trigger-In:20	116	grating_off	staircase	20	green	right	aware	1	0
464.089	0.000	trigger_31	31	464089	Trigger-In:31	116	targets_on_fp_color_change	staircase	20	green	right	aware	1	0
465.294	0.000	trigger_201	201	465294	Trigger-In:201	116	trial_end_completed	staircase	20	green	right	aware	1	0
466.364	0.000	trigger_101	101	466364	Trigger-In:101	117	trial_start	staircase	19	green	left	unaware	1	0
466.469	0.000	trigger_11	11	466469	Trigger-In:11	117	fixation_point_on	staircase	19	green	left	unaware	1	0
467.069	0.000	trigger_21	21	467069	Trigger-In:21	117	grating_on	staircase	19	green	left	unaware	1	0
467.119	0.000	trigger_20	20	467119	Trigger-In:20	117	grating_off	staircase	19	green	left	unaware	1	0
467.719	0.000	trigger_31	31	467719	Trigger-In:31	117	targets_on_fp_color_change	staircase	19	green	left	unaware	1	0
468.754	0.000	trigger_201	201	468754	Trigger-In:201	117	trial_end_completed	staircase	19	green	left	unaware	1	0
469.824	0.000	trigger_101	101	469824	Trigger-In:101	118	trial_start	staircase	20	red	n/a	n/a	0	0
469.929	0.000	trigger_11	11	469929	Trigger-In:11	118	fixation_point_on	staircase	20	red	n/a	n/a	0	0
470.529	0.000	trigger_21	21	470529	Trigger-In:21	118	grating_on	staircase	20	red	n/a	n/a	0	0
470.579	0.000	trigger_20	20	470579	Trigger-In:20	118	grating_off	staircase	20	red	n/a	n/a	0	0
471.184	0.000	trigger_31	31	471184	Trigger-In:31	118	targets_on_fp_color_change	staircase	20	red	n/a	n/a	0	0
473.134	0.000	trigger_203	203	473134	Trigger-In:203	118	trial_end_not_completed	staircase	20	red	n/a	n/a	0	0
474.234	0.000	trigger_101	101	474234	Trigger-In:101	119	trial_start	salient	0	red	right	unaware	1	0
474.339	0.000	trigger_11	11	474339	Trigger-In:11	119	fixation_point_on	salient	0	red	right	unaware	1	0
474.939	0.000	trigger_21	21	474939	Trigger-In:21	119	grating_on	salient	0	red	right	unaware	1	0
474.989	0.000	trigger_20	20	474989	Trigger-In:20	119	grating_off	salient	0	red	right	unaware	1	0
475.589	0.000	trigger_31	31	475589	Trigger-In:31	119	targets_on_fp_color_change	salient	0	red	right	unaware	1	0
476.789	0.000	trigger_201	201	476789	Trigger-In:201	119	trial_end_completed	salient	0	red	right	unaware	1	0
477.859	0.000	trigger_101	101	477859	Trigger-In:101	120	trial_start	staircase	20	red	right	unaware	1	0
477.964	0.000	trigger_11	11	477964	Trigger-In:11	120	fixation_point_on	staircase	20	red	right	unaware	1	0
478.564	0.000	trigger_21	21	478564	Trigger-In:21	120	grating_on	staircase	20	red	right	unaware	1	0
478.614	0.000	trigger_20	20	478614	Trigger-In:20	120	grating_off	staircase	20	red	right	unaware	1	0
479.214	0.000	trigger_31	31	479214	Trigger-In:31	120	targets_on_fp_color_change	staircase	20	red	right	unaware	1	0
480.534	0.000	trigger_201	201	480534	Trigger-In:201	120	trial_end_completed	staircase	20	red	right	unaware	1	0
481.604	0.000	trigger_101	101	481604	Trigger-In:101	121	trial_start	staircase	21	red	right	unaware	1	0
481.709	0.000	trigger_11	11	481709	Trigger-In:11	121	fixation_point_on	staircase	21	red	right	unaware	1	0
482.309	0.000	trigger_21	21	482309	Trigger-In:21	121	grating_on	staircase	21	red	right	unaware	1	0
482.359	0.000	trigger_20	20	482359	Trigger-In:20	121	grating_off	staircase	21	red	right	unaware	1	0
482.959	0.000	trigger_31	31	482959	Trigger-In:31	121	targets_on_fp_color_change	staircase	21	red	right	unaware	1	0
483.799	0.000	trigger_201	201	483799	Trigger-In:201	121	trial_end_completed	staircase	21	red	right	unaware	1	0
484.869	0.000	trigger_101	101	484869	Trigger-In:101	122	trial_start	salient	0	red	right	unaware	1	0
484.974	0.000	trigger_11	11	484974	Trigger-In:11	122	fixation_point_on	salient	0	red	right	unaware	1	0
485.574	0.000	trigger_21	21	485574	Trigger-In:21	122	grating_on	salient	0	red	right	unaware	1	0
485.624	0.000	trigger_20	20	485624	Trigger-In:20	122	grating_off	salient	0	red	right	unaware	1	0
486.224	0.000	trigger_31	31	486224	Trigger-In:31	122	targets_on_fp_color_change	salient	0	red	right	unaware	1	0
487.184	0.000	trigger_201	201	487184	Trigger-In:201	122	trial_end_completed	salient	0	red	right	unaware	1	0
488.254	0.000	trigger_101	101	488254	Trigger-In:101	123	trial_start	staircase	22	green	right	aware	1	0
488.359	0.000	trigger_11	11	488359	Trigger-In:11	123	fixation_point_on	staircase	22	green	right	aware	1	0
488.959	0.000	trigger_21	21	488959	Trigger-In:21	123	grating_on	staircase	22	green	right	aware	1	0
489.009	0.000	trigger_20	20	489009	Trigger-In:20	123	grating_off	staircase	22	green	right	aware	1	0
489.609	0.000	trigger_31	31	489609	Trigger-In:31	123	targets_on_fp_color_change	staircase	22	green	right	aware	1	0
490.979	0.000	trigger_201	201	490979	Trigger-In:201	123	trial_end_completed	staircase	22	green	right	aware	1	0
492.044	0.000	trigger_101	101	492044	Trigger-In:101	124	trial_start	staircase	21	red	right	unaware	1	0
492.149	0.000	trigger_11	11	492149	Trigger-In:11	124	fixation_point_on	staircase	21	red	right	unaware	1	0
492.749	0.000	trigger_21	21	492749	Trigger-In:21	124	grating_on	staircase	21	red	right	unaware	1	0
492.804	0.000	trigger_20	20	492804	Trigger-In:20	124	grating_off	staircase	21	red	right	unaware	1	0
493.404	0.000	trigger_31	31	493404	Trigger-In:31	124	targets_on_fp_color_change	staircase	21	red	right	unaware	1	0
493.964	0.000	trigger_201	201	493964	Trigger-In:201	124	trial_end_completed	staircase	21	red	right	unaware	1	0
495.034	0.000	trigger_101	101	495034	Trigger-In:101	125	trial_start	staircase	22	green	right	aware	1	0
495.139	0.000	trigger_11	11	495139	Trigger-In:11	125	fixation_point_on	staircase	22	green	right	aware	1	0
495.744	0.000	trigger_21	21	495744	Trigger-In:21	125	grating_on	staircase	22	green	right	aware	1	0
495.794	0.000	trigger_20	20	495794	Trigger-In:20	125	grating_off	staircase	22	green	right	aware	1	0
496.394	0.000	trigger_31	31	496394	Trigger-In:31	125	targets_on_fp_color_change	staircase	22	green	right	aware	1	0
497.429	0.000	trigger_201	201	497429	Trigger-In:201	125	trial_end_completed	staircase	22	green	right	aware	1	0
498.499	0.000	trigger_101	101	498499	Trigger-In:101	126	trial_start	staircase	21	red	left	aware	1	0
498.604	0.000	trigger_11	11	498604	Trigger-In:11	126	fixation_point_on	staircase	21	red	left	aware	1	0
499.204	0.000	trigger_21	21	499204	Trigger-In:21	126	grating_on	staircase	21	red	left	aware	1	0
499.254	0.000	trigger_20	20	499254	Trigger-In:20	126	grating_off	staircase	21	red	left	aware	1	0
499.859	0.000	trigger_31	31	499859	Trigger-In:31	126	targets_on_fp_color_change	staircase	21	red	left	aware	1	0
500.779	0.000	trigger_201	201	500779	Trigger-In:201	126	trial_end_completed	staircase	21	red	left	aware	1	0
501.844	0.000	trigger_101	101	501844	Trigger-In:101	127	trial_start	staircase	20	red	left	aware	1	0
501.954	0.000	trigger_11	11	501954	Trigger-In:11	127	fixation_point_on	staircase	20	red	left	aware	1	0
502.554	0.000	trigger_21	21	502554	Trigger-In:21	127	grating_on	staircase	20	red	left	aware	1	0
502.604	0.000	trigger_20	20	502604	Trigger-In:20	127	grating_off	staircase	20	red	left	aware	1	0
503.204	0.000	trigger_31	31	503204	Trigger-In:31	127	targets_on_fp_color_change	staircase	20	red	left	aware	1	0
504.479	0.000	trigger_201	201	504479	Trigger-In:201	127	trial_end_completed	staircase	20	red	left	aware	1	0
505.549	0.000	trigger_101	101	505549	Trigger-In:101	128	trial_start	salient	0	green	left	unaware	1	0
505.659	0.000	trigger_11	11	505659	Trigger-In:11	128	fixation_point_on	salient	0	green	left	unaware	1	0
506.259	0.000	trigger_21	21	506259	Trigger-In:21	128	grating_on	salient	0	green	left	unaware	1	0
506.309	0.000	trigger_20	20	506309	Trigger-In:20	128	grating_off	salient	0	green	left	unaware	1	0
506.909	0.000	trigger_31	31	506909	Trigger-In:31	128	targets_on_fp_color_change	salient	0	green	left	unaware	1	0
508.569	0.000	trigger_201	201	508569	Trigger-In:201	128	trial_end_completed	salient	0	green	left	unaware	1	0
509.639	0.000	trigger_101	101	509639	Trigger-In:101	129	trial_start	staircase	19	green	n/a	n/a	0	0
509.739	0.000	trigger_11	11	509739	Trigger-In:11	129	fixation_point_on	staircase	19	green	n/a	n/a	0	0
510.339	0.000	trigger_21	21	510339	Trigger-In:21	129	grating_on	staircase	19	green	n/a	n/a	0	0
510.389	0.000	trigger_20	20	510389	Trigger-In:20	129	grating_off	staircase	19	green	n/a	n/a	0	0
510.994	0.000	trigger_31	31	510994	Trigger-In:31	129	targets_on_fp_color_change	staircase	19	green	n/a	n/a	0	0
512.939	0.000	trigger_203	203	512939	Trigger-In:203	129	trial_end_not_completed	staircase	19	green	n/a	n/a	0	0
514.039	0.000	trigger_101	101	514039	Trigger-In:101	130	trial_start	salient	0	green	left	unaware	1	0
514.144	0.000	trigger_11	11	514144	Trigger-In:11	130	fixation_point_on	salient	0	green	left	unaware	1	0
514.744	0.000	trigger_21	21	514744	Trigger-In:21	130	grating_on	salient	0	green	left	unaware	1	0
514.794	0.000	trigger_20	20	514794	Trigger-In:20	130	grating_off	salient	0	green	left	unaware	1	0
515.394	0.000	trigger_31	31	515394	Trigger-In:31	130	targets_on_fp_color_change	salient	0	green	left	unaware	1	0
516.559	0.000	trigger_201	201	516559	Trigger-In:201	130	trial_end_completed	salient	0	green	left	unaware	1	0
517.629	0.000	trigger_101	101	517629	Trigger-In:101	131	trial_start	absent	70	red	left	aware	1	0
517.734	0.000	trigger_11	11	517734	Trigger-In:11	131	fixation_point_on	absent	70	red	left	aware	1	0
518.339	0.000	trigger_21	21	518339	Trigger-In:21	131	grating_on	absent	70	red	left	aware	1	0
518.389	0.000	trigger_20	20	518389	Trigger-In:20	131	grating_off	absent	70	red	left	aware	1	0
518.989	0.000	trigger_31	31	518989	Trigger-In:31	131	targets_on_fp_color_change	absent	70	red	left	aware	1	0
520.094	0.000	trigger_201	201	520094	Trigger-In:201	131	trial_end_completed	absent	70	red	left	aware	1	0
521.164	0.000	trigger_101	101	521164	Trigger-In:101	132	trial_start	staircase	19	green	right	aware	1	0
521.269	0.000	trigger_11	11	521269	Trigger-In:11	132	fixation_point_on	staircase	19	green	right	aware	1	0
521.869	0.000	trigger_21	21	521869	Trigger-In:21	132	grating_on	staircase	19	green	right	aware	1	0
521.919	0.000	trigger_20	20	521919	Trigger-In:20	132	grating_off	staircase	19	green	right	aware	1	0
522.519	0.000	trigger_31	31	522519	Trigger-In:31	132	targets_on_fp_color_change	staircase	19	green	right	aware	1	0
523.699	0.000	trigger_201	201	523699	Trigger-In:201	132	trial_end_completed	staircase	19	green	right	aware	1	0
524.769	0.000	trigger_101	101	524769	Trigger-In:101	133	trial_start	staircase	18	red	left	aware	1	0
524.874	0.000	trigger_11	11	524874	Trigger-In:11	133	fixation_point_on	staircase	18	red	left	aware	1	0
525.474	0.000	trigger_21	21	525474	Trigger-In:21	133	grating_on	staircase	18	red	left	aware	1	0
525.524	0.000	trigger_20	20	525524	Trigger-In:20	133	grating_off	staircase	18	red	left	aware	1	0
526.124	0.000	trigger_31	31	526124	Trigger-In:31	133	targets_on_fp_color_change	staircase	18	red	left	aware	1	0
527.164	0.000	trigger_201	201	527164	Trigger-In:201	133	trial_end_completed	staircase	18	red	left	aware	1	0
528.239	0.000	trigger_101	101	528239	Trigger-In:101	134	trial_start	absent	70	green	right	aware	1	0
528.344	0.000	trigger_11	11	528344	Trigger-In:11	134	fixation_point_on	absent	70	green	right	aware	1	0
528.944	0.000	trigger_21	21	528944	Trigger-In:21	134	grating_on	absent	70	green	right	aware	1	0
528.994	0.000	trigger_20	20	528994	Trigger-In:20	134	grating_off	absent	70	green	right	aware	1	0
529.594	0.000	trigger_31	31	529594	Trigger-In:31	134	targets_on_fp_color_change	absent	70	green	right	aware	1	0
530.304	0.000	trigger_201	201	530304	Trigger-In:201	134	trial_end_completed	absent	70	green	right	aware	1	0
531.374	0.000	trigger_101	101	531374	Trigger-In:101	135	trial_start	absent	70	red	left	aware	1	0
531.484	0.000	trigger_11	11	531484	Trigger-In:11	135	fixation_point_on	absent	70	red	left	aware	1	0
532.084	0.000	trigger_21	21	532084	Trigger-In:21	135	grating_on	absent	70	red	left	aware	1	0
532.134	0.000	trigger_20	20	532134	Trigger-In:20	135	grating_off	absent	70	red	left	aware	1	0
532.734	0.000	trigger_31	31	532734	Trigger-In:31	135	targets_on_fp_color_change	absent	70	red	left	aware	1	0
533.439	0.000	trigger_201	201	533439	Trigger-In:201	135	trial_end_completed	absent	70	red	left	aware	1	0
534.504	0.000	trigger_101	101	534504	Trigger-In:101	136	trial_start	staircase	17	red	right	unaware	1	0
534.609	0.000	trigger_11	11	534609	Trigger-In:11	136	fixation_point_on	staircase	17	red	right	unaware	1	0
535.209	0.000	trigger_21	21	535209	Trigger-In:21	136	grating_on	staircase	17	red	right	unaware	1	0
535.264	0.000	trigger_20	20	535264	Trigger-In:20	136	grating_off	staircase	17	red	right	unaware	1	0
535.864	0.000	trigger_31	31	535864	Trigger-In:31	136	targets_on_fp_color_change	staircase	17	red	right	unaware	1	0
537.289	0.000	trigger_201	201	537289	Trigger-In:201	136	trial_end_completed	staircase	17	red	right	unaware	1	0
538.359	0.000	trigger_101	101	538359	Trigger-In:101	137	trial_start	salient	0	red	right	unaware	1	0
538.464	0.000	trigger_11	11	538464	Trigger-In:11	137	fixation_point_on	salient	0	red	right	unaware	1	0
539.064	0.000	trigger_21	21	539064	Trigger-In:21	137	grating_on	salient	0	red	right	unaware	1	0
539.114	0.000	trigger_20	20	539114	Trigger-In:20	137	grating_off	salient	0	red	right	unaware	1	0
539.714	0.000	trigger_31	31	539714	Trigger-In:31	137	targets_on_fp_color_change	salient	0	red	right	unaware	1	0
540.639	0.000	trigger_201	201	540639	Trigger-In:201	137	trial_end_completed	salient	0	red	right	unaware	1	0
541.709	0.000	trigger_101	101	541709	Trigger-In:101	138	trial_start	staircase	18	red	left	aware	1	0
541.814	0.000	trigger_11	11	541814	Trigger-In:11	138	fixation_point_on	staircase	18	red	left	aware	1	0
542.414	0.000	trigger_21	21	542414	Trigger-In:21	138	grating_on	staircase	18	red	left	aware	1	0
542.464	0.000	trigger_20	20	542464	Trigger-In:20	138	grating_off	staircase	18	red	left	aware	1	0
543.064	0.000	trigger_31	31	543064	Trigger-In:31	138	targets_on_fp_color_change	staircase	18	red	left	aware	1	0
544.009	0.000	trigger_201	201	544009	Trigger-In:201	138	trial_end_completed	staircase	18	red	left	aware	1	0
545.079	0.000	trigger_101	101	545079	Trigger-In:101	139	trial_start	staircase	17	green	left	unaware	1	0
545.189	0.000	trigger_11	11	545189	Trigger-In:11	139	fixation_point_on	staircase	17	green	left	unaware	1	0
545.789	0.000	trigger_21	21	545789	Trigger-In:21	139	grating_on	staircase	17	green	left	unaware	1	0
545.839	0.000	trigger_20	20	545839	Trigger-In:20	139	grating_off	staircase	17	green	left	unaware	1	0
546.439	0.000	trigger_31	31	546439	Trigger-In:31	139	targets_on_fp_color_change	staircase	17	green	left	unaware	1	0
548.214	0.000	trigger_201	201	548214	Trigger-In:201	139	trial_end_completed	staircase	17	green	left	unaware	1	0
549.284	0.000	trigger_101	101	549284	Trigger-In:101	140	trial_start	staircase	18	red	right	unaware	1	0
549.394	0.000	trigger_11	11	549394	Trigger-In:11	140	fixation_point_on	staircase	18	red	right	unaware	1	0
549.994	0.000	trigger_21	21	549994	Trigger-In:21	140	grating_on	staircase	18	red	right	unaware	1	0
550.044	0.000	trigger_20	20	550044	Trigger-In:20	140	grating_off	staircase	18	red	right	unaware	1	0
550.644	0.000	trigger_31	31	550644	Trigger-In:31	140	targets_on_fp_color_change	staircase	18	red	right	unaware	1	0
552.264	0.000	trigger_201	201	552264	Trigger-In:201	140	trial_end_completed	staircase	18	red	right	unaware	1	0
553.329	0.000	trigger_101	101	553329	Trigger-In:101	141	trial_start	staircase	19	green	left	unaware	1	0
553.434	0.000	trigger_11	11	553434	Trigger-In:11	141	fixation_point_on	staircase	19	green	left	unaware	1	0
554.034	0.000	trigger_21	21	554034	Trigger-In:21	141	grating_on	staircase	19	green	left	unaware	1	0
554.084	0.000	trigger_20	20	554084	Trigger-In:20	141	grating_off	staircase	19	green	left	unaware	1	0
554.689	0.000	trigger_31	31	554689	Trigger-In:31	141	targets_on_fp_color_change	staircase	19	green	left	unaware	1	0
555.889	0.000	trigger_201	201	555889	Trigger-In:201	141	trial_end_completed	staircase	19	green	left	unaware	1	0
556.954	0.000	trigger_101	101	556954	Trigger-In:101	142	trial_start	salient	0	red	right	unaware	1	0
557.059	0.000	trigger_11	11	557059	Trigger-In:11	142	fixation_point_on	salient	0	red	right	unaware	1	0
557.659	0.000	trigger_21	21	557659	Trigger-In:21	142	grating_on	salient	0	red	right	unaware	1	0
557.709	0.000	trigger_20	20	557709	Trigger-In:20	142	grating_off	salient	0	red	right	unaware	1	0
558.314	0.000	trigger_31	31	558314	Trigger-In:31	142	targets_on_fp_color_change	salient	0	red	right	unaware	1	0
559.519	0.000	trigger_201	201	559519	Trigger-In:201	142	trial_end_completed	salient	0	red	right	unaware	1	0
560.589	0.000	trigger_101	101	560589	Trigger-In:101	143	trial_start	staircase	20	red	left	aware	1	0
560.694	0.000	trigger_11	11	560694	Trigger-In:11	143	fixation_point_on	staircase	20	red	left	aware	1	0
561.294	0.000	trigger_21	21	561294	Trigger-In:21	143	grating_on	staircase	20	red	left	aware	1	0
561.349	0.000	trigger_20	20	561349	Trigger-In:20	143	grating_off	staircase	20	red	left	aware	1	0
561.949	0.000	trigger_31	31	561949	Trigger-In:31	143	targets_on_fp_color_change	staircase	20	red	left	aware	1	0
563.239	0.000	trigger_201	201	563239	Trigger-In:201	143	trial_end_completed	staircase	20	red	left	aware	1	0
564.309	0.000	trigger_101	101	564309	Trigger-In:101	144	trial_start	staircase	19	red	right	unaware	1	0
564.414	0.000	trigger_11	11	564414	Trigger-In:11	144	fixation_point_on	staircase	19	red	right	unaware	1	0
565.014	0.000	trigger_21	21	565014	Trigger-In:21	144	grating_on	staircase	19	red	right	unaware	1	0
565.064	0.000	trigger_20	20	565064	Trigger-In:20	144	grating_off	staircase	19	red	right	unaware	1	0
565.664	0.000	trigger_31	31	565664	Trigger-In:31	144	targets_on_fp_color_change	staircase	19	red	right	unaware	1	0
567.239	0.000	trigger_201	201	567239	Trigger-In:201	144	trial_end_completed	staircase	19	red	right	unaware	1	0
568.309	0.000	trigger_101	101	568309	Trigger-In:101	145	trial_start	salient	0	red	right	unaware	1	0
568.414	0.000	trigger_11	11	568414	Trigger-In:11	145	fixation_point_on	salient	0	red	right	unaware	1	0
569.019	0.000	trigger_21	21	569019	Trigger-In:21	145	grating_on	salient	0	red	right	unaware	1	0
569.069	0.000	trigger_20	20	569069	Trigger-In:20	145	grating_off	salient	0	red	right	unaware	1	0
569.669	0.000	trigger_31	31	569669	Trigger-In:31	145	targets_on_fp_color_change	salient	0	red	right	unaware	1	0
570.994	0.000	trigger_201	201	570994	Trigger-In:201	145	trial_end_completed	salient	0	red	right	unaware	1	0
572.064	0.000	trigger_101	101	572064	Trigger-In:101	146	trial_start	salient	0	green	n/a	n/a	0	0
572.169	0.000	trigger_11	11	572169	Trigger-In:11	146	fixation_point_on	salient	0	green	n/a	n/a	0	0
572.769	0.000	trigger_21	21	572769	Trigger-In:21	146	grating_on	salient	0	green	n/a	n/a	0	0
572.819	0.000	trigger_20	20	572819	Trigger-In:20	146	grating_off	salient	0	green	n/a	n/a	0	0
573.419	0.000	trigger_31	31	573419	Trigger-In:31	146	targets_on_fp_color_change	salient	0	green	n/a	n/a	0	0
575.364	0.000	trigger_203	203	575364	Trigger-In:203	146	trial_end_not_completed	salient	0	green	n/a	n/a	0	0
576.459	0.000	trigger_101	101	576459	Trigger-In:101	147	trial_start	staircase	20	red	n/a	n/a	0	0
576.564	0.000	trigger_11	11	576564	Trigger-In:11	147	fixation_point_on	staircase	20	red	n/a	n/a	0	0
577.164	0.000	trigger_21	21	577164	Trigger-In:21	147	grating_on	staircase	20	red	n/a	n/a	0	0
577.214	0.000	trigger_20	20	577214	Trigger-In:20	147	grating_off	staircase	20	red	n/a	n/a	0	0
577.819	0.000	trigger_31	31	577819	Trigger-In:31	147	targets_on_fp_color_change	staircase	20	red	n/a	n/a	0	0
579.759	0.000	trigger_203	203	579759	Trigger-In:203	147	trial_end_not_completed	staircase	20	red	n/a	n/a	0	0
580.859	0.000	trigger_101	101	580859	Trigger-In:101	148	trial_start	salient	0	green	right	aware	1	0
580.964	0.000	trigger_11	11	580964	Trigger-In:11	148	fixation_point_on	salient	0	green	right	aware	1	0
581.564	0.000	trigger_21	21	581564	Trigger-In:21	148	grating_on	salient	0	green	right	aware	1	0
581.619	0.000	trigger_20	20	581619	Trigger-In:20	148	grating_off	salient	0	green	right	aware	1	0
582.219	0.000	trigger_31	31	582219	Trigger-In:31	148	targets_on_fp_color_change	salient	0	green	right	aware	1	0
583.914	0.000	trigger_201	201	583914	Trigger-In:201	148	trial_end_completed	salient	0	green	right	aware	1	0
585.244	0.000	trigger_101	101	585244	Trigger-In:101	149	trial_start	staircase	20	green	right	aware	1	0
585.344	0.000	trigger_11	11	585344	Trigger-In:11	149	fixation_point_on	staircase	20	green	right	aware	1	0
585.944	0.000	trigger_21	21	585944	Trigger-In:21	149	grating_on	staircase	20	green	right	aware	1	0
585.999	0.000	trigger_20	20	585999	Trigger-In:20	149	grating_off	staircase	20	green	right	aware	1	0
586.599	0.000	trigger_31	31	586599	Trigger-In:31	149	targets_on_fp_color_change	staircase	20	green	right	aware	1	0
587.774	0.000	trigger_201	201	587774	Trigger-In:201	149	trial_end_completed	staircase	20	green	right	aware	1	0
588.844	0.000	trigger_101	101	588844	Trigger-In:101	150	trial_start	staircase	19	green	right	aware	1	0
588.949	0.000	trigger_11	11	588949	Trigger-In:11	150	fixation_point_on	staircase	19	green	right	aware	1	0
589.549	0.000	trigger_21	21	589549	Trigger-In:21	150	grating_on	staircase	19	green	right	aware	1	0
589.604	0.000	trigger_20	20	589604	Trigger-In:20	150	grating_off	staircase	19	green	right	aware	1	0
590.204	0.000	trigger_31	31	590204	Trigger-In:31	150	targets_on_fp_color_change	staircase	19	green	right	aware	1	0
590.924	0.000	trigger_201	201	590924	Trigger-In:201	150	trial_end_completed	staircase	19	green	right	aware	1	0
591.999	0.000	trigger_101	101	591999	Trigger-In:101	151	trial_start	staircase	18	green	left	unaware	1	0
592.099	0.000	trigger_11	11	592099	Trigger-In:11	151	fixation_point_on	staircase	18	green	left	unaware	1	0
592.699	0.000	trigger_21	21	592699	Trigger-In:21	151	grating_on	staircase	18	green	left	unaware	1	0
592.749	0.000	trigger_20	20	592749	Trigger-In:20	151	grating_off	staircase	18	green	left	unaware	1	0
593.349	0.000	trigger_31	31	593349	Trigger-In:31	151	targets_on_fp_color_change	staircase	18	green	left	unaware	1	0
594.769	0.000	trigger_201	201	594769	Trigger-In:201	151	trial_end_completed	staircase	18	green	left	unaware	1	0
595.839	0.000	trigger_101	101	595839	Trigger-In:101	152	trial_start	staircase	19	green	left	unaware	1	0
595.944	0.000	trigger_11	11	595944	Trigger-In:11	152	fixation_point_on	staircase	19	green	left	unaware	1	0
596.544	0.000	trigger_21	21	596544	Trigger-In:21	152	grating_on	staircase	19	green	left	unaware	1	0
596.599	0.000	trigger_20	20	596599	Trigger-In:20	152	grating_off	staircase	19	green	left	unaware	1	0
597.199	0.000	trigger_31	31	597199	Trigger-In:31	152	targets_on_fp_color_change	staircase	19	green	left	unaware	1	0
598.469	0.000	trigger_201	201	598469	Trigger-In:201	152	trial_end_completed	staircase	19	green	left	unaware	1	0
599.544	0.000	trigger_101	101	599544	Trigger-In:101	153	trial_start	staircase	20	green	right	aware	1	0
599.644	0.000	trigger_11	11	599644	Trigger-In:11	153	fixation_point_on	staircase	20	green	right	aware	1	0
600.244	0.000	trigger_21	21	600244	Trigger-In:21	153	grating_on	staircase	20	green	right	aware	1	0
600.294	0.000	trigger_20	20	600294	Trigger-In:20	153	grating_off	staircase	20	green	right	aware	1	0
600.899	0.000	trigger_31	31	600899	Trigger-In:31	153	targets_on_fp_color_change	staircase	20	green	right	aware	1	0
601.669	0.000	trigger_201	201	601669	Trigger-In:201	153	trial_end_completed	staircase	20	green	right	aware	1	0
602.739	0.000	trigger_101	101	602739	Trigger-In:101	154	trial_start	absent	70	red	left	aware	1	0
602.844	0.000	trigger_11	11	602844	Trigger-In:11	154	fixation_point_on	absent	70	red	left	aware	1	0
603.444	0.000	trigger_21	21	603444	Trigger-In:21	154	grating_on	absent	70	red	left	aware	1	0
603.494	0.000	trigger_20	20	603494	Trigger-In:20	154	grating_off	absent	70	red	left	aware	1	0
604.099	0.000	trigger_31	31	604099	Trigger-In:31	154	targets_on_fp_color_change	absent	70	red	left	aware	1	0
604.939	0.000	trigger_201	201	604939	Trigger-In:201	154	trial_end_completed	absent	70	red	left	aware	1	0
606.009	0.000	trigger_101	101	606009	Trigger-In:101	155	trial_start	staircase	19	green	right	aware	1	0
606.114	0.000	trigger_11	11	606114	Trigger-In:11	155	fixation_point_on	staircase	19	green	right	aware	1	0
606.714	0.000	trigger_21	21	606714	Trigger-In:21	155	grating_on	staircase	19	green	right	aware	1	0
606.764	0.000	trigger_20	20	606764	Trigger-In:20	155	grating_off	staircase	19	green	right	aware	1	0
607.364	0.000	trigger_31	31	607364	Trigger-In:31	155	targets_on_fp_color_change	staircase	19	green	right	aware	1	0
608.269	0.000	trigger_201	201	608269	Trigger-In:201	155	trial_end_completed	staircase	19	green	right	aware	1	0
609.339	0.000	trigger_101	101	609339	Trigger-In:101	156	trial_start	staircase	18	green	right	aware	1	0
609.444	0.000	trigger_11	11	609444	Trigger-In:11	156	fixation_point_on	staircase	18	green	right	aware	1	0
610.044	0.000	trigger_21	21	610044	Trigger-In:21	156	grating_on	staircase	18	green	right	aware	1	0
610.094	0.000	trigger_20	20	610094	Trigger-In:20	156	grating_off	staircase	18	green	right	aware	1	0
610.699	0.000	trigger_31	31	610699	Trigger-In:31	156	targets_on_fp_color_change	staircase	18	green	right	aware	1	0
611.469	0.000	trigger_201	201	611469	Trigger-In:201	156	trial_end_completed	staircase	18	green	right	aware	1	0
612.554	0.000	trigger_101	101	612554	Trigger-In:101	157	trial_start	staircase	17	red	n/a	n/a	0	0
612.654	0.000	trigger_11	11	612654	Trigger-In:11	157	fixation_point_on	staircase	17	red	n/a	n/a	0	0
613.254	0.000	trigger_21	21	613254	Trigger-In:21	157	grating_on	staircase	17	red	n/a	n/a	0	0
613.309	0.000	trigger_20	20	613309	Trigger-In:20	157	grating_off	staircase	17	red	n/a	n/a	0	0
613.909	0.000	trigger_31	31	613909	Trigger-In:31	157	targets_on_fp_color_change	staircase	17	red	n/a	n/a	0	0
615.869	0.000	trigger_203	203	615869	Trigger-In:203	157	trial_end_not_completed	staircase	17	red	n/a	n/a	0	0
616.969	0.000	trigger_101	101	616969	Trigger-In:101	158	trial_start	staircase	17	red	right	unaware	1	0
617.329	0.000	trigger_11	11	617329	Trigger-In:11	158	fixation_point_on	staircase	17	red	right	unaware	1	0
617.929	0.000	trigger_21	21	617929	Trigger-In:21	158	grating_on	staircase	17	red	right	unaware	1	0
617.979	0.000	trigger_20	20	617979	Trigger-In:20	158	grating_off	staircase	17	red	right	unaware	1	0
618.584	0.000	trigger_31	31	618584	Trigger-In:31	158	targets_on_fp_color_change	staircase	17	red	right	unaware	1	0
620.254	0.000	trigger_201	201	620254	Trigger-In:201	158	trial_end_completed	staircase	17	red	right	unaware	1	0
621.324	0.000	trigger_101	101	621324	Trigger-In:101	159	trial_start	staircase	18	red	right	unaware	1	0
621.429	0.000	trigger_11	11	621429	Trigger-In:11	159	fixation_point_on	staircase	18	red	right	unaware	1	0
622.029	0.000	trigger_21	21	622029	Trigger-In:21	159	grating_on	staircase	18	red	right	unaware	1	0
622.079	0.000	trigger_20	20	622079	Trigger-In:20	159	grating_off	staircase	18	red	right	unaware	1	0
622.684	0.000	trigger_31	31	622684	Trigger-In:31	159	targets_on_fp_color_change	staircase	18	red	right	unaware	1	0
623.634	0.000	trigger_201	201	623634	Trigger-In:201	159	trial_end_completed	staircase	18	red	right	unaware	1	0
624.704	0.000	trigger_101	101	624704	Trigger-In:101	160	trial_start	staircase	19	red	right	unaware	1	0
624.804	0.000	trigger_11	11	624804	Trigger-In:11	160	fixation_point_on	staircase	19	red	right	unaware	1	0
625.404	0.000	trigger_21	21	625404	Trigger-In:21	160	grating_on	staircase	19	red	right	unaware	1	0
625.459	0.000	trigger_20	20	625459	Trigger-In:20	160	grating_off	staircase	19	red	right	unaware	1	0
626.059	0.000	trigger_31	31	626059	Trigger-In:31	160	targets_on_fp_color_change	staircase	19	red	right	unaware	1	0
626.719	0.000	trigger_201	201	626719	Trigger-In:201	160	trial_end_completed	staircase	19	red	right	unaware	1	0
627.789	0.000	trigger_101	101	627789	Trigger-In:101	161	trial_start	staircase	20	green	left	unaware	1	0
627.894	0.000	trigger_11	11	627894	Trigger-In:11	161	fixation_point_on	staircase	20	green	left	unaware	1	0
628.494	0.000	trigger_21	21	628494	Trigger-In:21	161	grating_on	staircase	20	green	left	unaware	1	0
628.544	0.000	trigger_20	20	628544	Trigger-In:20	161	grating_off	staircase	20	green	left	unaware	1	0
629.144	0.000	trigger_31	31	629144	Trigger-In:31	161	targets_on_fp_color_change	staircase	20	green	left	unaware	1	0
630.259	0.000	trigger_201	201	630259	Trigger-In:201	161	trial_end_completed	staircase	20	green	left	unaware	1	0
631.329	0.000	trigger_101	101	631329	Trigger-In:101	162	trial_start	staircase	21	green	right	aware	1	0
631.429	0.000	trigger_11	11	631429	Trigger-In:11	162	fixation_point_on	staircase	21	green	right	aware	1	0
632.029	0.000	trigger_21	21	632029	Trigger-In:21	162	grating_on	staircase	21	green	right	aware	1	0
632.079	0.000	trigger_20	20	632079	Trigger-In:20	162	grating_off	staircase	21	green	right	aware	1	0
632.679	0.000	trigger_31	31	632679	Trigger-In:31	162	targets_on_fp_color_change	staircase	21	green	right	aware	1	0
633.549	0.000	trigger_201	201	633549	Trigger-In:201	162	trial_end_completed	staircase	21	green	right	aware	1	0
634.614	0.000	trigger_101	101	634614	Trigger-In:101	163	trial_start	staircase	20	green	left	unaware	1	0
634.724	0.000	trigger_11	11	634724	Trigger-In:11	163	fixation_point_on	staircase	20	green	left	unaware	1	0
635.324	0.000	trigger_21	21	635324	Trigger-In:21	163	grating_on	staircase	20	green	left	unaware	1	0
635.374	0.000	trigger_20	20	635374	Trigger-In:20	163	grating_off	staircase	20	green	left	unaware	1	0
635.974	0.000	trigger_31	31	635974	Trigger-In:31	163	targets_on_fp_color_change	staircase	20	green	left	unaware	1	0
637.434	0.000	trigger_201	201	637434	Trigger-In:201	163	trial_end_completed	staircase	20	green	left	unaware	1	0
638.499	0.000	trigger_101	101	638499	Trigger-In:101	164	trial_start	staircase	21	red	left	aware	1	0
638.609	0.000	trigger_11	11	638609	Trigger-In:11	164	fixation_point_on	staircase	21	red	left	aware	1	0
639.209	0.000	trigger_21	21	639209	Trigger-In:21	164	grating_on	staircase	21	red	left	aware	1	0
639.259	0.000	trigger_20	20	639259	Trigger-In:20	164	grating_off	staircase	21	red	left	aware	1	0
639.859	0.000	trigger_31	31	639859	Trigger-In:31	164	targets_on_fp_color_change	staircase	21	red	left	aware	1	0
640.904	0.000	trigger_201	201	640904	Trigger-In:201	164	trial_end_completed	staircase	21	red	left	aware	1	0
641.974	0.000	trigger_101	101	641974	Trigger-In:101	165	trial_start	staircase	20	red	left	aware	1	0
642.074	0.000	trigger_11	11	642074	Trigger-In:11	165	fixation_point_on	staircase	20	red	left	aware	1	0
642.674	0.000	trigger_21	21	642674	Trigger-In:21	165	grating_on	staircase	20	red	left	aware	1	0
642.724	0.000	trigger_20	20	642724	Trigger-In:20	165	grating_off	staircase	20	red	left	aware	1	0
643.329	0.000	trigger_31	31	643329	Trigger-In:31	165	targets_on_fp_color_change	staircase	20	red	left	aware	1	0
644.219	0.000	trigger_201	201	644219	Trigger-In:201	165	trial_end_completed	staircase	20	red	left	aware	1	0
645.289	0.000	trigger_101	101	645289	Trigger-In:101	166	trial_start	staircase	19	green	right	aware	1	0
645.394	0.000	trigger_11	11	645394	Trigger-In:11	166	fixation_point_on	staircase	19	green	right	aware	1	0
645.994	0.000	trigger_21	21	645994	Trigger-In:21	166	grating_on	staircase	19	green	right	aware	1	0
646.044	0.000	trigger_20	20	646044	Trigger-In:20	166	grating_off	staircase	19	green	right	aware	1	0
646.649	0.000	trigger_31	31	646649	Trigger-In:31	166	targets_on_fp_color_change	staircase	19	green	right	aware	1	0
647.544	0.000	trigger_201	201	647544	Trigger-In:201	166	trial_end_completed	staircase	19	green	right	aware	1	0
648.614	0.000	trigger_101	101	648614	Trigger-In:101	167	trial_start	staircase	18	green	left	unaware	1	0
648.719	0.000	trigger_11	11	648719	Trigger-In:11	167	fixation_point_on	staircase	18	green	left	unaware	1	0
649.324	0.000	trigger_21	21	649324	Trigger-In:21	167	grating_on	staircase	18	green	left	unaware	1	0
649.374	0.000	trigger_20	20	649374	Trigger-In:20	167	grating_off	staircase	18	green	left	unaware	1	0
649.974	0.000	trigger_31	31	649974	Trigger-In:31	167	targets_on_fp_color_change	staircase	18	green	left	unaware	1	0
651.629	0.000	trigger_201	201	651629	Trigger-In:201	167	trial_end_completed	staircase	18	green	left	unaware	1	0
652.694	0.000	trigger_101	101	652694	Trigger-In:101	168	trial_start	absent	70	green	right	aware	1	0
652.799	0.000	trigger_11	11	652799	Trigger-In:11	168	fixation_point_on	absent	70	green	right	aware	1	0
653.399	0.000	trigger_21	21	653399	Trigger-In:21	168	grating_on	absent	70	green	right	aware	1	0
653.449	0.000	trigger_20	20	653449	Trigger-In:20	168	grating_off	absent	70	green	right	aware	1	0
654.049	0.000	trigger_31	31	654049	Trigger-In:31	168	targets_on_fp_color_change	absent	70	green	right	aware	1	0
654.744	0.000	trigger_201	201	654744	Trigger-In:201	168	trial_end_completed	absent	70	green	right	aware	1	0
655.814	0.000	trigger_101	101	655814	Trigger-In:101	169	trial_start	staircase	19	red	right	unaware	1	0
655.919	0.000	trigger_11	11	655919	Trigger-In:11	169	fixation_point_on	staircase	19	red	right	unaware	1	0
656.519	0.000	trigger_21	21	656519	Trigger-In:21	169	grating_on	staircase	19	red	right	unaware	1	0
656.574	0.000	trigger_20	20	656574	Trigger-In:20	169	grating_off	staircase	19	red	right	unaware	1	0
657.174	0.000	trigger_31	31	657174	Trigger-In:31	169	targets_on_fp_color_change	staircase	19	red	right	unaware	1	0
658.764	0.000	trigger_201	201	658764	Trigger-In:201	169	trial_end_completed	staircase	19	red	right	unaware	1	0
659.829	0.000	trigger_101	101	659829	Trigger-In:101	170	trial_start	staircase	20	red	right	unaware	1	0
659.934	0.000	trigger_11	11	659934	Trigger-In:11	170	fixation_point_on	staircase	20	red	right	unaware	1	0
660.534	0.000	trigger_21	21	660534	Trigger-In:21	170	grating_on	staircase	20	red	right	unaware	1	0
660.584	0.000	trigger_20	20	660584	Trigger-In:20	170	grating_off	staircase	20	red	right	unaware	1	0
661.184	0.000	trigger_31	31	661184	Trigger-In:31	170	targets_on_fp_color_change	staircase	20	red	right	unaware	1	0
662.489	0.000	trigger_201	201	662489	Trigger-In:201	170	trial_end_completed	staircase	20	red	right	unaware	1	0
663.559	0.000	trigger_101	101	663559	Trigger-In:101	171	trial_start	staircase	21	red	right	unaware	1	0
663.669	0.000	trigger_11	11	663669	Trigger-In:11	171	fixation_point_on	staircase	21	red	right	unaware	1	0
664.269	0.000	trigger_21	21	664269	Trigger-In:21	171	grating_on	staircase	21	red	right	unaware	1	0
664.319	0.000	trigger_20	20	664319	Trigger-In:20	171	grating_off	staircase	21	red	right	unaware	1	0
664.919	0.000	trigger_31	31	664919	Trigger-In:31	171	targets_on_fp_color_change	staircase	21	red	right	unaware	1	0
665.919	0.000	trigger_201	201	665919	Trigger-In:201	171	trial_end_completed	staircase	21	red	right	unaware	1	0
666.989	0.000	trigger_101	101	666989	Trigger-In:101	172	trial_start	staircase	22	green	right	aware	1	0
667.099	0.000	trigger_11	11	667099	Trigger-In:11	172	fixation_point_on	staircase	22	green	right	aware	1	0
667.699	0.000	trigger_21	21	667699	Trigger-In:21	172	grating_on	staircase	22	green	right	aware	1	0
667.749	0.000	trigger_20	20	667749	Trigger-In:20	172	grating_off	staircase	22	green	right	aware	1	0
668.349	0.000	trigger_31	31	668349	Trigger-In:31	172	targets_on_fp_color_change	staircase	22	green	right	aware	1	0
669.229	0.000	trigger_201	201	669229	Trigger-In:201	172	trial_end_completed	staircase	22	green	right	aware	1	0
670.299	0.000	trigger_101	101	670299	Trigger-In:101	173	trial_start	staircase	21	green	right	aware	1	0
670.404	0.000	trigger_11	11	670404	Trigger-In:11	173	fixation_point_on	staircase	21	green	right	aware	1	0
671.004	0.000	trigger_21	21	671004	Trigger-In:21	173	grating_on	staircase	21	green	right	aware	1	0
671.054	0.000	trigger_20	20	671054	Trigger-In:20	173	grating_off	staircase	21	green	right	aware	1	0
671.659	0.000	trigger_31	31	671659	Trigger-In:31	173	targets_on_fp_color_change	staircase	21	green	right	aware	1	0
672.809	0.000	trigger_201	201	672809	Trigger-In:201	173	trial_end_completed	staircase	21	green	right	aware	1	0
673.879	0.000	trigger_101	101	673879	Trigger-In:101	174	trial_start	staircase	20	red	right	unaware	1	0
673.979	0.000	trigger_11	11	673979	Trigger-In:11	174	fixation_point_on	staircase	20	red	right	unaware	1	0
674.584	0.000	trigger_21	21	674584	Trigger-In:21	174	grating_on	staircase	20	red	right	unaware	1	0
674.634	0.000	trigger_20	20	674634	Trigger-In:20	174	grating_off	staircase	20	red	right	unaware	1	0
675.234	0.000	trigger_31	31	675234	Trigger-In:31	174	targets_on_fp_color_change	staircase	20	red	right	unaware	1	0
675.939	0.000	trigger_201	201	675939	Trigger-In:201	174	trial_end_completed	staircase	20	red	right	unaware	1	0
677.009	0.000	trigger_101	101	677009	Trigger-In:101	175	trial_start	staircase	21	green	n/a	n/a	0	0
677.114	0.000	trigger_11	11	677114	Trigger-In:11	175	fixation_point_on	staircase	21	green	n/a	n/a	0	0
677.714	0.000	trigger_21	21	677714	Trigger-In:21	175	grating_on	staircase	21	green	n/a	n/a	0	0
677.764	0.000	trigger_20	20	677764	Trigger-In:20	175	grating_off	staircase	21	green	n/a	n/a	0	0
678.364	0.000	trigger_31	31	678364	Trigger-In:31	175	targets_on_fp_color_change	staircase	21	green	n/a	n/a	0	0
680.329	0.000	trigger_203	203	680329	Trigger-In:203	175	trial_end_not_completed	staircase	21	green	n/a	n/a	0	0
681.429	0.000	trigger_101	101	681429	Trigger-In:101	176	trial_start	absent	70	green	right	aware	1	0
681.534	0.000	trigger_11	11	681534	Trigger-In:11	176	fixation_point_on	absent	70	green	right	aware	1	0
682.134	0.000	trigger_21	21	682134	Trigger-In:21	176	grating_on	absent	70	green	right	aware	1	0
682.184	0.000	trigger_20	20	682184	Trigger-In:20	176	grating_off	absent	70	green	right	aware	1	0
682.784	0.000	trigger_31	31	682784	Trigger-In:31	176	targets_on_fp_color_change	absent	70	green	right	aware	1	0
683.554	0.000	trigger_201	201	683554	Trigger-In:201	176	trial_end_completed	absent	70	green	right	aware	1	0
684.624	0.000	trigger_101	101	684624	Trigger-In:101	177	trial_start	staircase	21	red	left	aware	1	0
684.729	0.000	trigger_11	11	684729	Trigger-In:11	177	fixation_point_on	staircase	21	red	left	aware	1	0
685.329	0.000	trigger_21	21	685329	Trigger-In:21	177	grating_on	staircase	21	red	left	aware	1	0
685.379	0.000	trigger_20	20	685379	Trigger-In:20	177	grating_off	staircase	21	red	left	aware	1	0
685.984	0.000	trigger_31	31	685984	Trigger-In:31	177	targets_on_fp_color_change	staircase	21	red	left	aware	1	0
687.049	0.000	trigger_201	201	687049	Trigger-In:201	177	trial_end_completed	staircase	21	red	left	aware	1	0
688.119	0.000	trigger_101	101	688119	Trigger-In:101	178	trial_start	absent	70	red	left	aware	1	0
688.219	0.000	trigger_11	11	688219	Trigger-In:11	178	fixation_point_on	absent	70	red	left	aware	1	0
688.819	0.000	trigger_21	21	688819	Trigger-In:21	178	grating_on	absent	70	red	left	aware	1	0
688.869	0.000	trigger_20	20	688869	Trigger-In:20	178	grating_off	absent	70	red	left	aware	1	0
689.474	0.000	trigger_31	31	689474	Trigger-In:31	178	targets_on_fp_color_change	absent	70	red	left	aware	1	0
690.374	0.000	trigger_201	201	690374	Trigger-In:201	178	trial_end_completed	absent	70	red	left	aware	1	0
691.444	0.000	trigger_101	101	691444	Trigger-In:101	179	trial_start	salient	0	red	right	unaware	1	0
691.549	0.000	trigger_11	11	691549	Trigger-In:11	179	fixation_point_on	salient	0	red	right	unaware	1	0
692.149	0.000	trigger_21	21	692149	Trigger-In:21	179	grating_on	salient	0	red	right	unaware	1	0
692.199	0.000	trigger_20	20	692199	Trigger-In:20	179	grating_off	salient	0	red	right	unaware	1	0
692.799	0.000	trigger_31	31	692799	Trigger-In:31	179	targets_on_fp_color_change	salient	0	red	right	unaware	1	0
694.109	0.000	trigger_201	201	694109	Trigger-In:201	179	trial_end_completed	salient	0	red	right	unaware	1	0
695.179	0.000	trigger_101	101	695179	Trigger-In:101	180	trial_start	staircase	20	red	left	aware	1	0
695.284	0.000	trigger_11	11	695284	Trigger-In:11	180	fixation_point_on	staircase	20	red	left	aware	1	0
695.884	0.000	trigger_21	21	695884	Trigger-In:21	180	grating_on	staircase	20	red	left	aware	1	0
695.934	0.000	trigger_20	20	695934	Trigger-In:20	180	grating_off	staircase	20	red	left	aware	1	0
696.534	0.000	trigger_31	31	696534	Trigger-In:31	180	targets_on_fp_color_change	staircase	20	red	left	aware	1	0
697.584	0.000	trigger_201	201	697584	Trigger-In:201	180	trial_end_completed	staircase	20	red	left	aware	1	0
