onset	duration	trial_type	value	sample	source_annotation	trial	event_name	stim_presence	contrast	fp_color	response	awareness	trial_complete	fixation_break
52.930	0.000	trigger_101	101	52930	Trigger-In:101	1	trial_start	salient	0	green	n/a	n/a	0	1
53.040	0.000	trigger_11	11	53040	Trigger-In:11	1	fixation_point_on	salient	0	green	n/a	n/a	0	1
53.175	0.000	trigger_204	204	53175	Trigger-In:204	1	trial_end_fixation_break	salient	0	green	n/a	n/a	0	1
55.085	0.000	trigger_101	101	55085	Trigger-In:101	2	trial_start	staircase	20	red	left	aware	1	0
55.190	0.000	trigger_11	11	55190	Trigger-In:11	2	fixation_point_on	staircase	20	red	left	aware	1	0
55.790	0.000	trigger_21	21	55790	Trigger-In:21	2	grating_on	staircase	20	red	left	aware	1	0
55.850	0.000	trigger_20	20	55850	Trigger-In:20	2	grating_off	staircase	20	red	left	aware	1	0
56.450	0.000	trigger_31	31	56450	Trigger-In:31	2	targets_on_fp_color_change	staircase	20	red	left	aware	1	0
57.485	0.000	trigger_201	201	57485	Trigger-In:201	2	trial_end_completed	staircase	20	red	left	aware	1	0
58.570	0.000	trigger_101	101	58570	Trigger-In:101	3	trial_start	staircase	19	green	right	aware	1	0
58.675	0.000	trigger_11	11	58675	Trigger-In:11	3	fixation_point_on	staircase	19	green	right	aware	1	0
59.275	0.000	trigger_21	21	59275	Trigger-In:21	3	grating_on	staircase	19	green	right	aware	1	0
59.330	0.000	trigger_20	20	59330	Trigger-In:20	3	grating_off	staircase	19	green	right	aware	1	0
59.930	0.000	trigger_31	31	59930	Trigger-In:31	3	targets_on_fp_color_change	staircase	19	green	right	aware	1	0
60.670	0.000	trigger_201	201	60670	Trigger-In:201	3	trial_end_completed	staircase	19	green	right	aware	1	0
61.740	0.000	trigger_101	101	61740	Trigger-In:101	4	trial_start	salient	0	red	right	unaware	1	0
61.845	0.000	trigger_11	11	61845	Trigger-In:11	4	fixation_point_on	salient	0	red	right	unaware	1	0
62.445	0.000	trigger_21	21	62445	Trigger-In:21	4	grating_on	salient	0	red	right	unaware	1	0
62.495	0.000	trigger_20	20	62495	Trigger-In:20	4	grating_off	salient	0	red	right	unaware	1	0
63.095	0.000	trigger_31	31	63095	Trigger-In:31	4	targets_on_fp_color_change	salient	0	red	right	unaware	1	0
64.475	0.000	trigger_201	201	64475	Trigger-In:201	4	trial_end_completed	salient	0	red	right	unaware	1	0
65.545	0.000	trigger_101	101	65545	Trigger-In:101	5	trial_start	staircase	18	red	left	aware	1	0
65.650	0.000	trigger_11	11	65650	Trigger-In:11	5	fixation_point_on	staircase	18	red	left	aware	1	0
66.250	0.000	trigger_21	21	66250	Trigger-In:21	5	grating_on	staircase	18	red	left	aware	1	0
66.300	0.000	trigger_20	20	66300	Trigger-In:20	5	grating_off	staircase	18	red	left	aware	1	0
66.900	0.000	trigger_31	31	66900	Trigger-In:31	5	targets_on_fp_color_change	staircase	18	red	left	aware	1	0
67.735	0.000	trigger_201	201	67735	Trigger-In:201	5	trial_end_completed	staircase	18	red	left	aware	1	0
68.805	0.000	trigger_101	101	68805	Trigger-In:101	6	trial_start	staircase	17	red	left	aware	1	0
68.910	0.000	trigger_11	11	68910	Trigger-In:11	6	fixation_point_on	staircase	17	red	left	aware	1	0
69.510	0.000	trigger_21	21	69510	Trigger-In:21	6	grating_on	staircase	17	red	left	aware	1	0
69.560	0.000	trigger_20	20	69560	Trigger-In:20	6	grating_off	staircase	17	red	left	aware	1	0
70.165	0.000	trigger_31	31	70165	Trigger-In:31	6	targets_on_fp_color_change	staircase	17	red	left	aware	1	0
71.120	0.000	trigger_201	201	71120	Trigger-In:201	6	trial_end_completed	staircase	17	red	left	aware	1	0
72.190	0.000	trigger_101	101	72190	Trigger-In:101	7	trial_start	staircase	16	red	left	aware	1	0
72.295	0.000	trigger_11	11	72295	Trigger-In:11	7	fixation_point_on	staircase	16	red	left	aware	1	0
72.895	0.000	trigger_21	21	72895	Trigger-In:21	7	grating_on	staircase	16	red	left	aware	1	0
72.950	0.000	trigger_20	20	72950	Trigger-In:20	7	grating_off	staircase	16	red	left	aware	1	0
73.550	0.000	trigger_31	31	73550	Trigger-In:31	7	targets_on_fp_color_change	staircase	16	red	left	aware	1	0
74.350	0.000	trigger_201	201	74350	Trigger-In:201	7	trial_end_completed	staircase	16	red	left	aware	1	0
75.420	0.000	trigger_101	101	75420	Trigger-In:101	8	trial_start	staircase	15	green	right	aware	1	0
75.520	0.000	trigger_11	11	75520	Trigger-In:11	8	fixation_point_on	staircase	15	green	right	aware	1	0
76.120	0.000	trigger_21	21	76120	Trigger-In:21	8	grating_on	staircase	15	green	right	aware	1	0
76.170	0.000	trigger_20	20	76170	Trigger-In:20	8	grating_off	staircase	15	green	right	aware	1	0
76.775	0.000	trigger_31	31	76775	Trigger-In:31	8	targets_on_fp_color_change	staircase	15	green	right	aware	1	0
77.655	0.000	trigger_201	201	77655	Trigger-In:201	8	trial_end_completed	staircase	15	green	right	aware	1	0
78.720	0.000	trigger_101	101	78720	Trigger-In:101	9	trial_start	staircase	14	red	right	unaware	1	0
78.825	0.000	trigger_11	11	78825	Trigger-In:11	9	fixation_point_on	staircase	14	red	right	unaware	1	0
79.425	0.000	trigger_21	21	79425	Trigger-In:21	9	grating_on	staircase	14	red	right	unaware	1	0
79.475	0.000	trigger_20	20	79475	Trigger-In:20	9	grating_off	staircase	14	red	right	unaware	1	0
80.075	0.000	trigger_31	31	80075	Trigger-In:31	9	targets_on_fp_color_change	staircase	14	red	right	unaware	1	0
81.655	0.000	trigger_201	201	81655	Trigger-In:201	9	trial_end_completed	staircase	14	red	right	unaware	1	0
82.720	0.000	trigger_101	101	82720	Trigger-In:101	10	trial_start	salient	0	red	right	unaware	1	0
82.825	0.000	trigger_11	11	82825	Trigger-In:11	10	fixation_point_on	salient	0	red	right	unaware	1	0
83.430	0.000	trigger_21	21	83430	Trigger-In:21	10	grating_on	salient	0	red	right	unaware	1	0
83.480	0.000	trigger_20	20	83480	Trigger-In:20	10	grating_off	salient	0	red	right	unaware	1	0
84.080	0.000	trigger_31	31	84080	Trigger-In:31	10	targets_on_fp_color_change	salient	0	red	right	unaware	1	0
85.540	0.000	trigger_201	201	85540	Trigger-In:201	10	trial_end_completed	salient	0	red	right	unaware	1	0
86.610	0.000	trigger_101	101	86610	Trigger-In:101	11	trial_start	staircase	15	red	left	aware	1	0
86.710	0.000	trigger_11	11	86710	Trigger-In:11	11	fixation_point_on	staircase	15	red	left	aware	1	0
87.310	0.000	trigger_21	21	87310	Trigger-In:21	11	grating_on	staircase	15	red	left	aware	1	0
87.360	0.000	trigger_20	20	87360	Trigger-In:20	11	grating_off	staircase	15	red	left	aware	1	0
87.960	0.000	trigger_31	31	87960	Trigger-In:31	11	targets_on_fp_color_change	staircase	15	red	left	aware	1	0
88.805	0.000	trigger_201	201	88805	Trigger-In:201	11	trial_end_completed	staircase	15	red	left	aware	1	0
89.870	0.000	trigger_101	101	89870	Trigger-In:101	12	trial_start	staircase	14	green	n/a	n/a	0	0
90.145	0.000	trigger_11	11	90145	Trigger-In:11	12	fixation_point_on	staircase	14	green	n/a	n/a	0	0
90.745	0.000	trigger_21	21	90745	Trigger-In:21	12	grating_on	staircase	14	green	n/a	n/a	0	0
90.800	0.000	trigger_20	20	90800	Trigger-In:20	12	grating_off	staircase	14	green	n/a	n/a	0	0
91.400	0.000	trigger_31	31	91400	Trigger-In:31	12	targets_on_fp_color_change	staircase	14	green	n/a	n/a	0	0
93.370	0.000	trigger_203	203	93370	Trigger-In:203	12	trial_end_not_completed	staircase	14	green	n/a	n/a	0	0
94.470	0.000	trigger_101	101	94470	Trigger-In:101	13	trial_start	staircase	14	red	left	aware	1	0
94.575	0.000	trigger_11	11	94575	Trigger-In:11	13	fixation_point_on	staircase	14	red	left	aware	1	0
95.175	0.000	trigger_21	21	95175	Trigger-In:21	13	grating_on	staircase	14	red	left	aware	1	0
95.225	0.000	trigger_20	20	95225	Trigger-In:20	13	grating_off	staircase	14	red	left	aware	1	0
95.830	0.000	trigger_31	31	95830	Trigger-In:31	13	targets_on_fp_color_change	staircase	14	red	left	aware	1	0
97.160	0.000	trigger_201	201	97160	Trigger-In:201	13	trial_end_completed	staircase	14	red	left	aware	1	0
98.230	0.000	trigger_101	101	98230	Trigger-In:101	14	trial_start	staircase	13	red	right	unaware	1	0
98.335	0.000	trigger_11	11	98335	Trigger-In:11	14	fixation_point_on	staircase	13	red	right	unaware	1	0
98.935	0.000	trigger_21	21	98935	Trigger-In:21	14	grating_on	staircase	13	red	right	unaware	1	0
98.985	0.000	trigger_20	20	98985	Trigger-In:20	14	grating_off	staircase	13	red	right	unaware	1	0
99.585	0.000	trigger_31	31	99585	Trigger-In:31	14	targets_on_fp_color_change	staircase	13	red	right	unaware	1	0
100.910	0.000	trigger_201	201	100910	Trigger-In:201	14	trial_end_completed	staircase	13	red	right	unaware	1	0
101.980	0.000	trigger_101	101	101980	Trigger-In:101	15	trial_start	absent	70	green	right	aware	1	0
102.085	0.000	trigger_11	11	102085	Trigger-In:11	15	fixation_point_on	absent	70	green	right	aware	1	0
102.685	0.000	trigger_21	21	102685	Trigger-In:21	15	grating_on	absent	70	green	right	aware	1	0
102.735	0.000	trigger_20	20	102735	Trigger-In:20	15	grating_off	absent	70	green	right	aware	1	0
103.335	0.000	trigger_31	31	103335	Trigger-In:31	15	targets_on_fp_color_change	absent	70	green	right	aware	1	0
104.545	0.000	trigger_201	201	104545	Trigger-In:201	15	trial_end_completed	absent	70	green	right	aware	1	0
105.615	0.000	trigger_101	101	105615	Trigger-In:101	16	trial_start	staircase	14	green	left	unaware	1	0
105.715	0.000	trigger_11	11	105715	Trigger-In:11	16	fixation_point_on	staircase	14	green	left	unaware	1	0
106.315	0.000	trigger_21	21	106315	Trigger-In:21	16	grating_on	staircase	14	green	left	unaware	1	0
106.370	0.000	trigger_20	20	106370	Trigger-In:20	16	grating_off	staircase	14	green	left	unaware	1	0
106.970	0.000	trigger_31	31	106970	Trigger-In:31	16	targets_on_fp_color_change	staircase	14	green	left	unaware	1	0
108.505	0.000	trigger_201	201	108505	Trigger-In:201	16	trial_end_completed	staircase	14	green	left	unaware	1	0
109.570	0.000	trigger_101	101	109570	Trigger-In:101	17	trial_start	staircase	15	red	left	aware	1	0
109.675	0.000	trigger_11	11	109675	Trigger-In:11	17	fixation_point_on	staircase	15	red	left	aware	1	0
110.275	0.000	trigger_21	21	110275	Trigger-In:21	17	grating_on	staircase	15	red	left	aware	1	0
110.330	0.000	trigger_20	20	110330	Trigger-In:20	17	grating_off	staircase	15	red	left	aware	1	0
110.930	0.000	trigger_31	31	110930	Trigger-In:31	17	targets_on_fp_color_change	staircase	15	red	left	aware	1	0
112.035	0.000	trigger_201	201	112035	Trigger-In:201	17	trial_end_completed	staircase	15	red	left	aware	1	0
113.100	0.000	trigger_101	101	113100	Trigger-In:101	18	trial_start	staircase	14	red	left	aware	1	0
113.205	0.000	trigger_11	11	113205	Trigger-In:11	18	fixation_point_on	staircase	14	red	left	aware	1	0
113.805	0.000	trigger_21	21	113805	Trigger-In:21	18	grating_on	staircase	14	red	left	aware	1	0
113.855	0.000	trigger_20	20	113855	Trigger-In:20	18	grating_off	staircase	14	red	left	aware	1	0
114.460	0.000	trigger_31	31	114460	Trigger-In:31	18	targets_on_fp_color_change	staircase	14	red	left	aware	1	0
115.670	0.000	trigger_201	201	115670	Trigger-In:201	18	trial_end_completed	staircase	14	red	left	aware	1	0
116.735	0.000	trigger_101	101	116735	Trigger-In:101	19	trial_start	staircase	13	green	right	aware	1	0
116.840	0.000	trigger_11	11	116840	Trigger-In:11	19	fixation_point_on	staircase	13	green	right	aware	1	0
117.440	0.000	trigger_21	21	117440	Trigger-In:21	19	grating_on	staircase	13	green	right	aware	1	0
117.490	0.000	trigger_20	20	117490	Trigger-In:20	19	grating_off	staircase	13	green	right	aware	1	0
118.090	0.000	trigger_31	31	118090	Trigger-In:31	19	targets_on_fp_color_change	staircase	13	green	right	aware	1	0
119.535	0.000	trigger_201	201	119535	Trigger-In:201	19	trial_end_completed	staircase	13	green	right	aware	1	0
120.605	0.000	trigger_101	101	120605	Trigger-In:101	20	trial_start	staircase	12	red	right	unaware	1	0
120.710	0.000	trigger_11	11	120710	Trigger-In:11	20	fixation_point_on	staircase	12	red	right	unaware	1	0
121.310	0.000	trigger_21	21	121310	Trigger-In:21	20	grating_on	staircase	12	red	right	unaware	1	0
121.360	0.000	trigger_20	20	121360	Trigger-In:20	20	grating_off	staircase	12	red	right	unaware	1	0
121.960	0.000	trigger_31	31	121960	Trigger-In:31	20	targets_on_fp_color_change	staircase	12	red	right	unaware	1	0
123.425	0.000	trigger_201	201	123425	Trigger-In:201	20	trial_end_completed	staircase	12	red	right	unaware	1	0
124.490	0.000	trigger_101	101	124490	Trigger-In:101	21	trial_start	staircase	13	red	left	aware	1	0
124.595	0.000	trigger_11	11	124595	Trigger-In:11	21	fixation_point_on	staircase	13	red	left	aware	1	0
125.195	0.000	trigger_21	21	125195	Trigger-In:21	21	grating_on	staircase	13	red	left	aware	1	0
125.245	0.000	trigger_20	20	125245	Trigger-In:20	21	grating_off	staircase	13	red	left	aware	1	0
125.850	0.000	trigger_31	31	125850	Trigger-In:31	21	targets_on_fp_color_change	staircase	13	red	left	aware	1	0
127.005	0.000	trigger_201	201	127005	Trigger-In:201	21	trial_end_completed	staircase	13	red	left	aware	1	0
128.070	0.000	trigger_101	101	128070	Trigger-In:101	22	trial_start	salient	0	red	right	unaware	1	0
128.175	0.000	trigger_11	11	128175	Trigger-In:11	22	fixation_point_on	salient	0	red	right	unaware	1	0
128.775	0.000	trigger_21	21	128775	Trigger-In:21	22	grating_on	salient	0	red	right	unaware	1	0
128.825	0.000	trigger_20	20	128825	Trigger-In:20	22	grating_off	salient	0	red	right	unaware	1	0
129.430	0.000	trigger_31	31	129430	Trigger-In:31	22	targets_on_fp_color_change	salient	0	red	right	unaware	1	0
131.090	0.000	trigger_201	201	131090	Trigger-In:201	22	trial_end_completed	salient	0	red	right	unaware	1	0
132.155	0.000	trigger_101	101	132155	Trigger-In:101	23	trial_start	staircase	12	red	right	unaware	1	0
132.265	0.000	trigger_11	11	132265	Trigger-In:11	23	fixation_point_on	staircase	12	red	right	unaware	1	0
132.865	0.000	trigger_21	21	132865	Trigger-In:21	23	grating_on	staircase	12	red	right	unaware	1	0
132.915	0.000	trigger_20	20	132915	Trigger-In:20	23	grating_off	staircase	12	red	right	unaware	1	0
133.515	0.000	trigger_31	31	133515	Trigger-In:31	23	targets_on_fp_color_change	staircase	12	red	right	unaware	1	0
134.700	0.000	trigger_201	201	134700	Trigger-In:201	23	trial_end_completed	staircase	12	red	right	unaware	1	0
135.770	0.000	trigger_101	101	135770	Trigger-In:101	24	trial_start	salient	0	red	right	unaware	1	0
135.870	0.000	trigger_11	11	135870	Trigger-In:11	24	fixation_point_on	salient	0	red	right	unaware	1	0
136.470	0.000	trigger_21	21	136470	Trigger-In:21	24	grating_on	salient	0	red	right	unaware	1	0
136.525	0.000	trigger_20	20	136525	Trigger-In:20	24	grating_off	salient	0	red	right	unaware	1	0
137.125	0.000	trigger_31	31	137125	Trigger-In:31	24	targets_on_fp_color_change	salient	0	red	right	unaware	1	0
138.395	0.000	trigger_201	201	138395	Trigger-In:201	24	trial_end_completed	salient	0	red	right	unaware	1	0
139.465	0.000	trigger_101	101	139465	Trigger-In:101	25	trial_start	staircase	13	green	right	aware	1	0
139.570	0.000	trigger_11	11	139570	Trigger-In:11	25	fixation_point_on	staircase	13	green	right	aware	1	0
140.170	0.000	trigger_21	21	140170	Trigger-In:21	25	grating_on	staircase	13	green	right	aware	1	0
140.225	0.000	trigger_20	20	140225	Trigger-In:20	25	grating_off	staircase	13	green	right	aware	1	0
140.825	0.000	trigger_31	31	140825	Trigger-In:31	25	targets_on_fp_color_change	staircase	13	green	right	aware	1	0
141.700	0.000	trigger_201	201	141700	Trigger-In:201	25	trial_end_completed	staircase	13	green	right	aware	1	0
142.765	0.000	trigger_101	101	142765	Trigger-In:101	26	trial_start	staircase	12	red	left	aware	1	0
142.870	0.000	trigger_11	11	142870	Trigger-In:11	26	fixation_point_on	staircase	12	red	left	aware	1	0
143.470	0.000	trigger_21	21	143470	Trigger-In:21	26	grating_on	staircase	12	red	left	aware	1	0
143.520	0.000	trigger_20	20	143520	Trigger-In:20	26	grating_off	staircase	12	red	left	aware	1	0
144.120	0.000	trigger_31	31	144120	Trigger-In:31	26	targets_on_fp_color_change	staircase	12	red	left	aware	1	0
145.030	0.000	trigger_201	201	145030	Trigger-In:201	26	trial_end_completed	staircase	12	red	left	aware	1	0
146.095	0.000	trigger_101	101	146095	Trigger-In:101	27	trial_start	staircase	11	red	right	unaware	1	0
146.200	0.000	trigger_11	11	146200	Trigger-In:11	27	fixation_point_on	staircase	11	red	right	unaware	1	0
146.800	0.000	trigger_21	21	146800	Trigger-In:21	27	grating_on	staircase	11	red	right	unaware	1	0
146.850	0.000	trigger_20	20	146850	Trigger-In:20	27	grating_off	staircase	11	red	right	unaware	1	0
147.450	0.000	trigger_31	31	147450	Trigger-In:31	27	targets_on_fp_color_change	staircase	11	red	right	unaware	1	0
148.945	0.000	trigger_201	201	148945	Trigger-In:201	27	trial_end_completed	staircase	11	red	right	unaware	1	0
150.015	0.000	trigger_101	101	150015	Trigger-In:101	28	trial_start	staircase	12	green	left	unaware	1	0
150.120	0.000	trigger_11	11	150120	Trigger-In:11	28	fixation_point_on	staircase	12	green	left	unaware	1	0
150.720	0.000	trigger_21	21	150720	Trigger-In:21	28	grating_on	staircase	12	green	left	unaware	1	0
150.770	0.000	trigger_20	20	150770	Trigger-In:20	28	grating_off	staircase	12	green	left	unaware	1	0
151.370	0.000	trigger_31	31	151370	Trigger-In:31	28	targets_on_fp_color_change	staircase	12	green	left	unaware	1	0
152.990	0.000	trigger_201	201	152990	Trigger-In:201	28	trial_end_completed	staircase	12	green	left	unaware	1	0
154.055	0.000	trigger_101	101	154055	Trigger-In:101	29	trial_start	staircase	13	green	left	unaware	1	0
154.160	0.000	trigger_11	11	154160	Trigger-In:11	29	fixation_point_on	staircase	13	green	left	unaware	1	0
154.760	0.000	trigger_21	21	154760	Trigger-In:21	29	grating_on	staircase	13	green	left	unaware	1	0
154.810	0.000	trigger_20	20	154810	Trigger-In:20	29	grating_off	staircase	13	green	left	unaware	1	0
155.410	0.000	trigger_31	31	155410	Trigger-In:31	29	targets_on_fp_color_change	staircase	13	green	left	unaware	1	0
157.095	0.000	trigger_201	201	157095	Trigger-In:201	29	trial_end_completed	staircase	13	green	left	unaware	1	0
158.165	0.000	trigger_101	101	158165	Trigger-In:101	30	trial_start	salient	0	green	left	unaware	1	0
158.265	0.000	trigger_11	11	158265	Trigger-In:11	30	fixation_point_on	salient	0	green	left	unaware	1	0
158.865	0.000	trigger_21	21	158865	Trigger-In:21	30	grating_on	salient	0	green	left	unaware	1	0
158.915	0.000	trigger_20	20	158915	Trigger-In:20	30	grating_off	salient	0	green	left	unaware	1	0
159.520	0.000	trigger_31	31	159520	Trigger-In:31	30	targets_on_fp_color_change	salient	0	green	left	unaware	1	0
160.495	0.000	trigger_201	201	160495	Trigger-In:201	30	trial_end_completed	salient	0	green	left	unaware	1	0
161.560	0.000	trigger_101	101	161560	Trigger-In:101	31	trial_start	staircase	14	red	right	unaware	1	0
161.665	0.000	trigger_11	11	161665	Trigger-In:11	31	fixation_point_on	staircase	14	red	right	unaware	1	0
162.265	0.000	trigger_21	21	162265	Trigger-In:21	31	grating_on	staircase	14	red	right	unaware	1	0
162.315	0.000	trigger_20	20	162315	Trigger-In:20	31	grating_off	staircase	14	red	right	unaware	1	0
162.915	0.000	trigger_31	31	162915	Trigger-In:31	31	targets_on_fp_color_change	staircase	14	red	right	unaware	1	0
163.910	0.000	trigger_201	201	163910	Trigger-In:201	31	trial_end_completed	staircase	14	red	right	unaware	1	0
164.975	0.000	trigger_101	101	164975	Trigger-In:101	32	trial_start	salient	0	green	right	aware	1	0
165.080	0.000	trigger_11	11	165080	Trigger-In:11	32	fixation_point_on	salient	0	green	right	aware	1	0
165.680	0.000	trigger_21	21	165680	Trigger-In:21	32	grating_on	salient	0	green	right	aware	1	0
165.730	0.000	trigger_20	20	165730	Trigger-In:20	32	grating_off	salient	0	green	right	aware	1	0
166.330	0.000	trigger_31	31	166330	Trigger-In:31	32	targets_on_fp_color_change	salient	0	green	right	aware	1	0
167.775	0.000	trigger_201	201	167775	Trigger-In:201	32	trial_end_completed	salient	0	green	right	aware	1	0
169.100	0.000	trigger_101	101	169100	Trigger-In:101	33	trial_start	staircase	15	red	right	unaware	1	0
169.200	0.000	trigger_11	11	169200	Trigger-In:11	33	fixation_point_on	staircase	15	red	right	unaware	1	0
169.805	0.000	trigger_21	21	169805	Trigger-In:21	33	grating_on	staircase	15	red	right	unaware	1	0
169.855	0.000	trigger_20	20	169855	Trigger-In:20	33	grating_off	staircase	15	red	right	unaware	1	0
170.455	0.000	trigger_31	31	170455	Trigger-In:31	33	targets_on_fp_color_change	staircase	15	red	right	unaware	1	0
172.345	0.000	trigger_201	201	172345	Trigger-In:201	33	trial_end_completed	staircase	15	red	right	unaware	1	0
173.410	0.000	trigger_101	101	173410	Trigger-In:101	34	trial_start	staircase	16	red	right	unaware	1	0
173.520	0.000	trigger_11	11	173520	Trigger-In:11	34	fixation_point_on	staircase	16	red	right	unaware	1	0
174.120	0.000	trigger_21	21	174120	Trigger-In:21	34	grating_on	staircase	16	red	right	unaware	1	0
174.170	0.000	trigger_20	20	174170	Trigger-In:20	34	grating_off	staircase	16	red	right	unaware	1	0
174.770	0.000	trigger_31	31	174770	Trigger-In:31	34	targets_on_fp_color_change	staircase	16	red	right	unaware	1	0
175.760	0.000	trigger_201	201	175760	Trigger-In:201	34	trial_end_completed	staircase	16	red	right	unaware	1	0
176.830	0.000	trigger_101	101	176830	Trigger-In:101	35	trial_start	staircase	17	red	right	unaware	1	0
176.930	0.000	trigger_11	11	176930	Trigger-In:11	35	fixation_point_on	staircase	17	red	right	unaware	1	0
177.530	0.000	trigger_21	21	177530	Trigger-In:21	35	grating_on	staircase	17	red	right	unaware	1	0
177.580	0.000	trigger_20	20	177580	Trigger-In:20	35	grating_off	staircase	17	red	right	unaware	1	0
178.180	0.000	trigger_31	31	178180	Trigger-In:31	35	targets_on_fp_color_change	staircase	17	red	right	unaware	1	0
179.595	0.000	trigger_201	201	179595	Trigger-In:201	35	trial_end_completed	staircase	17	red	right	unaware	1	0
180.660	0.000	trigger_101	101	180660	Trigger-In:101	36	trial_start	salient	0	green	left	unaware	1	0
180.765	0.000	trigger_11	11	180765	Trigger-In:11	36	fixation_point_on	salient	0	green	left	unaware	1	0
181.365	0.000	trigger_21	21	181365	Trigger-In:21	36	grating_on	salient	0	green	left	unaware	1	0
181.415	0.000	trigger_20	20	181415	Trigger-In:20	36	grating_off	salient	0	green	left	unaware	1	0
182.020	0.000	trigger_31	31	182020	Trigger-In:31	36	targets_on_fp_color_change	salient	0	green	left	unaware	1	0
183.575	0.000	trigger_201	201	183575	Trigger-In:201	36	trial_end_completed	salient	0	green	left	unaware	1	0
184.645	0.000	trigger_101	101	184645	Trigger-In:101	37	trial_start	salient	0	red	n/a	n/a	0	0
184.745	0.000	trigger_11	11	184745	Trigger-In:11	37	fixation_point_on	salient	0	red	n/a	n/a	0	0
185.345	0.000	trigger_21	21	185345	Trigger-In:21	37	grating_on	salient	0	red	n/a	n/a	0	0
185.395	0.000	trigger_20	20	185395	Trigger-In:20	37	grating_off	salient	0	red	n/a	n/a	0	0
186.000	0.000	trigger_31	31	186000	Trigger-In:31	37	targets_on_fp_color_change	salient	0	red	n/a	n/a	0	0
187.970	0.000	trigger_203	203	187970	Trigger-In:203	37	trial_end_not_completed	salient	0	red	n/a	n/a	0	0
189.070	0.000	trigger_101	101	189070	Trigger-In:101	38	trial_start	staircase	18	green	right	aware	1	0
189.175	0.000	trigger_11	11	189175	Trigger-In:11	38	fixation_point_on	staircase	18	green	right	aware	1	0
189.775	0.000	trigger_21	21	189775	Trigger-In:21	38	grating_on	staircase	18	green	right	aware	1	0
189.825	0.000	trigger_20	20	189825	Trigger-In:20	38	grating_off	staircase	18	green	right	aware	1	0
190.425	0.000	trigger_31	31	190425	Trigger-In:31	38	targets_on_fp_color_change	staircase	18	green	right	aware	1	0
191.395	0.000	trigger_201	201	191395	Trigger-In:201	38	trial_end_completed	staircase	18	green	right	aware	1	0
192.465	0.000	trigger_101	101	192465	Trigger-In:101	39	trial_start	salient	0	green	left	unaware	1	0
192.570	0.000	trigger_11	11	192570	Trigger-In:11	39	fixation_point_on	salient	0	green	left	unaware	1	0
193.170	0.000	trigger_21	21	193170	Trigger-In:21	39	grating_on	salient	0	green	left	unaware	1	0
193.220	0.000	trigger_20	20	193220	Trigger-In:20	39	grating_off	salient	0	green	left	unaware	1	0
193.820	0.000	trigger_31	31	193820	Trigger-In:31	39	targets_on_fp_color_change	salient	0	green	left	unaware	1	0
195.700	0.000	trigger_201	201	195700	Trigger-In:201	39	trial_end_completed	salient	0	green	left	unaware	1	0
196.765	0.000	trigger_101	101	196765	Trigger-In:101	40	trial_start	staircase	17	red	right	unaware	1	0
196.870	0.000	trigger_11	11	196870	Trigger-In:11	40	fixation_point_on	staircase	17	red	right	unaware	1	0
197.470	0.000	trigger_21	21	197470	Trigger-In:21	40	grating_on	staircase	17	red	right	unaware	1	0
197.520	0.000	trigger_20	20	197520	Trigger-In:20	40	grating_off	staircase	17	red	right	unaware	1	0
198.120	0.000	trigger_31	31	198120	Trigger-In:31	40	targets_on_fp_color_change	staircase	17	red	right	unaware	1	0
199.495	0.000	trigger_201	201	199495	Trigger-In:201	40	trial_end_completed	staircase	17	red	right	unaware	1	0
200.565	0.000	trigger_101	101	200565	Trigger-In:101	41	trial_start	staircase	18	red	left	aware	1	0
200.665	0.000	trigger_11	11	200665	Trigger-In:11	41	fixation_point_on	staircase	18	red	left	aware	1	0
201.265	0.000	trigger_21	21	201265	Trigger-In:21	41	grating_on	staircase	18	red	left	aware	1	0
201.315	0.000	trigger_20	20	201315	Trigger-In:20	41	grating_off	staircase	18	red	left	aware	1	0
201.915	0.000	trigger_31	31	201915	Trigger-In:31	41	targets_on_fp_color_change	staircase	18	red	left	aware	1	0
202.910	0.000	trigger_201	201	202910	Trigger-In:201	41	trial_end_completed	staircase	18	red	left	aware	1	0
203.980	0.000	trigger_101	101	203980	Trigger-In:101	42	trial_start	salient	0	red	right	unaware	1	0
204.080	0.000	trigger_11	11	204080	Trigger-In:11	42	fixation_point_on	salient	0	red	right	unaware	1	0
204.680	0.000	trigger_21	21	204680	Trigger-In:21	42	grating_on	salient	0	red	right	unaware	1	0
204.730	0.000	trigger_20	20	204730	Trigger-In:20	42	grating_off	salient	0	red	right	unaware	1	0
205.330	0.000	trigger_31	31	205330	Trigger-In:31	42	targets_on_fp_color_change	salient	0	red	right	unaware	1	0
206.875	0.000	trigger_201	201	206875	Trigger-In:201	42	trial_end_completed	salient	0	red	right	unaware	1	0
207.945	0.000	trigger_101	101	207945	Trigger-In:101	43	trial_start	salient	0	red	right	unaware	1	0
208.045	0.000	trigger_11	11	208045	Trigger-In:11	43	fixation_point_on	salient	0	red	right	unaware	1	0
208.650	0.000	trigger_21	21	208650	Trigger-In:21	43	grating_on	salient	0	red	right	unaware	1	0
208.700	0.000	trigger_20	20	208700	Trigger-In:20	43	grating_off	salient	0	red	right	unaware	1	0
209.300	0.000	trigger_31	31	209300	Trigger-In:31	43	targets_on_fp_color_change	salient	0	red	right	unaware	1	0
211.105	0.000	trigger_201	201	211105	Trigger-In:201	43	trial_end_completed	salient	0	red	right	unaware	1	0
212.175	0.000	trigger_101	101	212175	Trigger-In:101	44	trial_start	staircase	17	green	right	aware	1	0
212.275	0.000	trigger_11	11	212275	Trigger-In:11	44	fixation_point_on	staircase	17	green	right	aware	1	0
212.875	0.000	trigger_21	21	212875	Trigger-In:21	44	grating_on	staircase	17	green	right	aware	1	0
212.925	0.000	trigger_20	20	212925	Trigger-In:20	44	grating_off	staircase	17	green	right	aware	1	0
213.525	0.000	trigger_31	31	213525	Trigger-In:31	44	targets_on_fp_color_change	staircase	17	green	right	aware	1	0
214.390	0.000	trigger_201	201	214390	Trigger-In:201	44	trial_end_completed	staircase	17	green	right	aware	1	0
215.460	0.000	trigger_101	101	215460	Trigger-In:101	45	trial_start	absent	70	green	right	aware	1	0
215.565	0.000	trigger_11	11	215565	Trigger-In:11	45	fixation_point_on	absent	70	green	right	aware	1	0
216.170	0.000	trigger_21	21	216170	Trigger-In:21	45	grating_on	absent	70	green	right	aware	1	0
216.220	0.000	trigger_20	20	216220	Trigger-In:20	45	grating_off	absent	70	green	right	aware	1	0
216.820	0.000	trigger_31	31	216820	Trigger-In:31	45	targets_on_fp_color_change	absent	70	green	right	aware	1	0
217.440	0.000	trigger_201	201	217440	Trigger-In:201	45	trial_end_completed	absent	70	green	right	aware	1	0
218.505	0.000	trigger_101	101	218505	Trigger-In:101	46	trial_start	absent	70	green	right	aware	1	0
218.610	0.000	trigger_11	11	218610	Trigger-In:11	46	fixation_point_on	absent	70	green	right	aware	1	0
219.210	0.000	trigger_21	21	219210	Trigger-In:21	46	grating_on	absent	70	green	right	aware	1	0
219.260	0.000	trigger_20	20	219260	Trigger-In:20	46	grating_off	absent	70	green	right	aware	1	0
219.860	0.000	trigger_31	31	219860	Trigger-In:31	46	targets_on_fp_color_change	absent	70	green	right	aware	1	0
220.165	0.000	trigger_201	201	220165	Trigger-In:201	46	trial_end_completed	absent	70	green	right	aware	1	0
221.230	0.000	trigger_101	101	221230	Trigger-In:101	47	trial_start	staircase	16	green	right	aware	1	0
221.335	0.000	trigger_11	11	221335	Trigger-In:11	47	fixation_point_on	staircase	16	green	right	aware	1	0
221.935	0.000	trigger_21	21	221935	Trigger-In:21	47	grating_on	staircase	16	green	right	aware	1	0
221.985	0.000	trigger_20	20	221985	Trigger-In:20	47	grating_off	staircase	16	green	right	aware	1	0
222.585	0.000	trigger_31	31	222585	Trigger-In:31	47	targets_on_fp_color_change	staircase	16	green	right	aware	1	0
223.230	0.000	trigger_201	201	223230	Trigger-In:201	47	trial_end_completed	staircase	16	green	right	aware	1	0
224.295	0.000	trigger_101	101	224295	Trigger-In:101	48	trial_start	staircase	15	green	right	aware	1	0
224.400	0.000	trigger_11	11	224400	Trigger-In:11	48	fixation_point_on	staircase	15	green	right	aware	1	0
225.000	0.000	trigger_21	21	225000	Trigger-In:21	48	grating_on	staircase	15	green	right	aware	1	0
225.050	0.000	trigger_20	20	225050	Trigger-In:20	48	grating_off	staircase	15	green	right	aware	1	0
225.650	0.000	trigger_31	31	225650	Trigger-In:31	48	targets_on_fp_color_change	staircase	15	green	right	aware	1	0
226.305	0.000	trigger_201	201	226305	Trigger-In:201	48	trial_end_completed	staircase	15	green	right	aware	1	0
227.380	0.000	trigger_101	101	227380	Trigger-In:101	49	trial_start	staircase	14	green	right	aware	1	0
227.480	0.000	trigger_11	11	227480	Trigger-In:11	49	fixation_point_on	staircase	14	green	right	aware	1	0
228.085	0.000	trigger_21	21	228085	Trigger-In:21	49	grating_on	staircase	14	green	right	aware	1	0
228.135	0.000	trigger_20	20	228135	Trigger-In:20	49	grating_off	staircase	14	green	right	aware	1	0
228.735	0.000	trigger_31	31	228735	Trigger-In:31	49	targets_on_fp_color_change	staircase	14	green	right	aware	1	0
229.355	0.000	trigger_201	201	229355	Trigger-In:201	49	trial_end_completed	staircase	14	green	right	aware	1	0
230.420	0.000	trigger_101	101	230420	Trigger-In:101	50	trial_start	absent	70	red	left	aware	1	0
230.525	0.000	trigger_11	11	230525	Trigger-In:11	50	fixation_point_on	absent	70	red	left	aware	1	0
231.125	0.000	trigger_21	21	231125	Trigger-In:21	50	grating_on	absent	70	red	left	aware	1	0
231.175	0.000	trigger_20	20	231175	Trigger-In:20	50	grating_off	absent	70	red	left	aware	1	0
231.775	0.000	trigger_31	31	231775	Trigger-In:31	50	targets_on_fp_color_change	absent	70	red	left	aware	1	0
232.645	0.000	trigger_201	201	232645	Trigger-In:201	50	trial_end_completed	absent	70	red	left	aware	1	0
233.710	0.000	trigger_101	101	233710	Trigger-In:101	51	trial_start	salient	0	red	right	unaware	1	0
233.815	0.000	trigger_11	11	233815	Trigger-In:11	51	fixation_point_on	salient	0	red	right	unaware	1	0
234.415	0.000	trigger_21	21	234415	Trigger-In:21	51	grating_on	salient	0	red	right	unaware	1	0
234.465	0.000	trigger_20	20	234465	Trigger-In:20	51	grating_off	salient	0	red	right	unaware	1	0
235.065	0.000	trigger_31	31	235065	Trigger-In:31	51	targets_on_fp_color_change	salient	0	red	right	unaware	1	0
236.290	0.000	trigger_201	201	236290	Trigger-In:201	51	trial_end_completed	salient	0	red	right	unaware	1	0
237.355	0.000	trigger_101	101	237355	Trigger-In:101	52	trial_start	absent	70	red	left	aware	1	0
237.460	0.000	trigger_11	11	237460	Trigger-In:11	52	fixation_point_on	absent	70	red	left	aware	1	0
238.060	0.000	trigger_21	21	238060	Trigger-In:21	52	grating_on	absent	70	red	left	aware	1	0
238.110	0.000	trigger_20	20	238110	Trigger-In:20	52	grating_off	absent	70	red	left	aware	1	0
238.710	0.000	trigger_31	31	238710	Trigger-In:31	52	targets_on_fp_color_change	absent	70	red	left	aware	1	0
239.525	0.000	trigger_201	201	239525	Trigger-In:201	52	trial_end_completed	absent	70	red	left	aware	1	0
240.595	0.000	trigger_101	101	240595	Trigger-In:101	53	trial_start	staircase	13	red	left	aware	1	0
240.695	0.000	trigger_11	11	240695	Trigger-In:11	53	fixation_point_on	staircase	13	red	left	aware	1	0
241.295	0.000	trigger_21	21	241295	Trigger-In:21	53	grating_on	staircase	13	red	left	aware	1	0
241.350	0.000	trigger_20	20	241350	Trigger-In:20	53	grating_off	staircase	13	red	left	aware	1	0
241.950	0.000	trigger_31	31	241950	Trigger-In:31	53	targets_on_fp_color_change	staircase	13	red	left	aware	1	0
242.980	0.000	trigger_201	201	242980	Trigger-In:201	53	trial_end_completed	staircase	13	red	left	aware	1	0
244.050	0.000	trigger_101	101	244050	Trigger-In:101	54	trial_start	staircase	12	red	right	unaware	1	0
244.150	0.000	trigger_11	11	244150	Trigger-In:11	54	fixation_point_on	staircase	12	red	right	unaware	1	0
244.750	0.000	trigger_21	21	244750	Trigger-In:21	54	grating_on	staircase	12	red	right	unaware	1	0
244.800	0.000	trigger_20	20	244800	Trigger-In:20	54	grating_off	staircase	12	red	right	unaware	1	0
245.400	0.000	trigger_31	31	245400	Trigger-In:31	54	targets_on_fp_color_change	staircase	12	red	right	unaware	1	0
246.970	0.000	trigger_201	201	246970	Trigger-In:201	54	trial_end_completed	staircase	12	red	right	unaware	1	0
248.040	0.000	trigger_101	101	248040	Trigger-In:101	55	trial_start	staircase	13	green	right	aware	1	0
248.140	0.000	trigger_11	11	248140	Trigger-In:11	55	fixation_point_on	staircase	13	green	right	aware	1	0
248.745	0.000	trigger_21	21	248745	Trigger-In:21	55	grating_on	staircase	13	green	right	aware	1	0
248.795	0.000	trigger_20	20	248795	Trigger-In:20	55	grating_off	staircase	13	green	right	aware	1	0
249.395	0.000	trigger_31	31	249395	Trigger-In:31	55	targets_on_fp_color_change	staircase	13	green	right	aware	1	0
250.425	0.000	trigger_201	201	250425	Trigger-In:201	55	trial_end_completed	staircase	13	green	right	aware	1	0
251.490	0.000	trigger_101	101	251490	Trigger-In:101	56	trial_start	staircase	12	green	right	aware	1	0
251.595	0.000	trigger_11	11	251595	Trigger-In:11	56	fixation_point_on	staircase	12	green	right	aware	1	0
252.195	0.000	trigger_21	21	252195	Trigger-In:21	56	grating_on	staircase	12	green	right	aware	1	0
252.245	0.000	trigger_20	20	252245	Trigger-In:20	56	grating_off	staircase	12	green	right	aware	1	0
252.845	0.000	trigger_31	31	252845	Trigger-In:31	56	targets_on_fp_color_change	staircase	12	green	right	aware	1	0
253.480	0.000	trigger_201	201	253480	Trigger-In:201	56	trial_end_completed	staircase	12	green	right	aware	1	0
254.550	0.000	trigger_101	101	254550	Trigger-In:101	57	trial_start	absent	70	red	left	aware	1	0
254.655	0.000	trigger_11	11	254655	Trigger-In:11	57	fixation_point_on	absent	70	red	left	aware	1	0
255.255	0.000	trigger_21	21	255255	Trigger-In:21	57	grating_on	absent	70	red	left	aware	1	0
255.305	0.000	trigger_20	20	255305	Trigger-In:20	57	grating_off	absent	70	red	left	aware	1	0
255.910	0.000	trigger_31	31	255910	Trigger-In:31	57	targets_on_fp_color_change	absent	70	red	left	aware	1	0
256.700	0.000	trigger_201	201	256700	Trigger-In:201	57	trial_end_completed	absent	70	red	left	aware	1	0
257.770	0.000	trigger_101	101	257770	Trigger-In:101	58	trial_start	staircase	11	green	left	unaware	1	0
257.870	0.000	trigger_11	11	257870	Trigger-In:11	58	fixation_point_on	staircase	11	green	left	unaware	1	0
258.470	0.000	trigger_21	21	258470	Trigger-In:21	58	grating_on	staircase	11	green	left	unaware	1	0
258.520	0.000	trigger_20	20	258520	Trigger-In:20	58	grating_off	staircase	11	green	left	unaware	1	0
259.125	0.000	trigger_31	31	259125	Trigger-In:31	58	targets_on_fp_color_change	staircase	11	green	left	unaware	1	0
260.325	0.000	trigger_201	201	260325	Trigger-In:201	58	trial_end_completed	staircase	11	green	left	unaware	1	0
261.395	0.000	trigger_101	101	261395	Trigger-In:101	59	trial_start	absent	70	red	left	aware	1	0
261.495	0.000	trigger_11	11	261495	Trigger-In:11	59	fixation_point_on	absent	70	red	left	aware	1	0
262.095	0.000	trigger_21	21	262095	Trigger-In:21	59	grating_on	absent	70	red	left	aware	1	0
262.150	0.000	trigger_20	20	262150	Trigger-In:20	59	grating_off	absent	70	red	left	aware	1	0
262.750	0.000	trigger_31	31	262750	Trigger-In:31	59	targets_on_fp_color_change	absent	70	red	left	aware	1	0
263.645	0.000	trigger_201	201	263645	Trigger-In:201	59	trial_end_completed	absent	70	red	left	aware	1	0
264.715	0.000	trigger_101	101	264715	Trigger-In:101	60	trial_start	staircase	12	green	right	aware	1	0
264.815	0.000	trigger_11	11	264815	Trigger-In:11	60	fixation_point_on	staircase	12	green	right	aware	1	0
265.415	0.000	trigger_21	21	265415	Trigger-In:21	60	grating_on	staircase	12	green	right	aware	1	0
265.465	0.000	trigger_20	20	265465	Trigger-In:20	60	grating_off	staircase	12	green	right	aware	1	0
266.065	0.000	trigger_31	31	266065	Trigger-In:31	60	targets_on_fp_color_change	staircase	12	green	right	aware	1	0
267.060	0.000	trigger_201	201	267060	Trigger-In:201	60	trial_end_completed	staircase	12	green	right	aware	1	0
268.130	0.000	trigger_101	101	268130	Trigger-In:101	61	trial_start	staircase	11	red	right	unaware	1	0
268.230	0.000	trigger_11	11	268230	Trigger-In:11	61	fixation_point_on	staircase	11	red	right	unaware	1	0
268.830	0.000	trigger_21	21	268830	Trigger-In:21	61	grating_on	staircase	11	red	right	unaware	1	0
268.880	0.000	trigger_20	20	268880	Trigger-In:20	61	grating_off	staircase	11	red	right	unaware	1	0
269.480	0.000	trigger_31	31	269480	Trigger-In:31	61	targets_on_fp_color_change	staircase	11	red	right	unaware	1	0
270.725	0.000	trigger_201	201	270725	Trigger-In:201	61	trial_end_completed	staircase	11	red	right	unaware	1	0
271.795	0.000	trigger_101	101	271795	Trigger-In:101	62	trial_start	staircase	12	green	n/a	n/a	0	0
271.900	0.000	trigger_11	11	271900	Trigger-In:11	62	fixation_point_on	staircase	12	green	n/a	n/a	0	0
272.500	0.000	trigger_21	21	272500	Trigger-In:21	62	grating_on	staircase	12	green	n/a	n/a	0	0
272.550	0.000	trigger_20	20	272550	Trigger-In:20	62	grating_off	staircase	12	green	n/a	n/a	0	0
273.150	0.000	trigger_31	31	273150	Trigger-In:31	62	targets_on_fp_color_change	staircase	12	green	n/a	n/a	0	0
275.120	0.000	trigger_203	203	275120	Trigger-In:203	62	trial_end_not_completed	staircase	12	green	n/a	n/a	0	0
276.215	0.000	trigger_101	101	276215	Trigger-In:101	63	trial_start	staircase	12	red	left	aware	1	0
276.320	0.000	trigger_11	11	276320	Trigger-In:11	63	fixation_point_on	staircase	12	red	left	aware	1	0
276.920	0.000	trigger_21	21	276920	Trigger-In:21	63	grating_on	staircase	12	red	left	aware	1	0
276.970	0.000	trigger_20	20	276970	Trigger-In:20	63	grating_off	staircase	12	red	left	aware	1	0
277.570	0.000	trigger_31	31	277570	Trigger-In:31	63	targets_on_fp_color_change	staircase	12	red	left	aware	1	0
278.685	0.000	trigger_201	201	278685	Trigger-In:201	63	trial_end_completed	staircase	12	red	left	aware	1	0
279.755	0.000	trigger_101	101	279755	Trigger-In:101	64	trial_start	absent	70	green	right	aware	1	0
279.855	0.000	trigger_11	11	279855	Trigger-In:11	64	fixation_point_on	absent	70	green	right	aware	1	0
280.455	0.000	trigger_21	21	280455	Trigger-In:21	64	grating_on	absent	70	green	right	aware	1	0
280.510	0.000	trigger_20	20	280510	Trigger-In:20	64	grating_off	absent	70	green	right	aware	1	0
281.110	0.000	trigger_31	31	281110	Trigger-In:31	64	targets_on_fp_color_change	absent	70	green	right	aware	1	0
281.825	0.000	trigger_201	201	281825	Trigger-In:201	64	trial_end_completed	absent	70	green	right	aware	1	0
282.890	0.000	trigger_101	101	282890	Trigger-In:101	65	trial_start	salient	0	green	left	unaware	1	0
282.995	0.000	trigger_11	11	282995	Trigger-In:11	65	fixation_point_on	salient	0	green	left	unaware	1	0
283.595	0.000	trigger_21	21	283595	Trigger-In:21	65	grating_on	salient	0	green	left	unaware	1	0
283.650	0.000	trigger_20	20	283650	Trigger-In:20	65	grating_off	salient	0	green	left	unaware	1	0
284.250	0.000	trigger_31	31	284250	Trigger-In:31	65	targets_on_fp_color_change	salient	0	green	left	unaware	1	0
285.320	0.000	trigger_201	201	285320	Trigger-In:201	65	trial_end_completed	salient	0	green	left	unaware	1	0
286.385	0.000	trigger_101	101	286385	Trigger-In:101	66	trial_start	salient	0	green	left	unaware	1	0
286.490	0.000	trigger_11	11	286490	Trigger-In:11	66	fixation_point_on	salient	0	green	left	unaware	1	0
287.090	0.000	trigger_21	21	287090	Trigger-In:21	66	grating_on	salient	0	green	left	unaware	1	0
287.140	0.000	trigger_20	20	287140	Trigger-In:20	66	grating_off	salient	0	green	left	unaware	1	0
287.740	0.000	trigger_31	31	287740	Trigger-In:31	66	targets_on_fp_color_change	salient	0	green	left	unaware	1	0
288.635	0.000	trigger_201	201	288635	Trigger-In:201	66	trial_end_completed	salient	0	green	left	unaware	1	0
289.705	0.000	trigger_101	101	289705	Trigger-In:101	67	trial_start	staircase	11	green	left	unaware	1	0
289.805	0.000	trigger_11	11	289805	Trigger-In:11	67	fixation_point_on	staircase	11	green	left	unaware	1	0
290.405	0.000	trigger_21	21	290405	Trigger-In:21	67	grating_on	staircase	11	green	left	unaware	1	0
290.455	0.000	trigger_20	20	290455	Trigger-In:20	67	grating_off	staircase	11	green	left	unaware	1	0
291.055	0.000	trigger_31	31	291055	Trigger-In:31	67	targets_on_fp_color_change	staircase	11	green	left	unaware	1	0
292.350	0.000	trigger_201	201	292350	Trigger-In:201	67	trial_end_completed	staircase	11	green	left	unaware	1	0
293.420	0.000	trigger_101	101	293420	Trigger-In:101	68	trial_start	staircase	12	red	n/a	n/a	0	0
293.525	0.000	trigger_11	11	293525	Trigger-In:11	68	fixation_point_on	staircase	12	red	n/a	n/a	0	0
294.125	0.000	trigger_21	21	294125	Trigger-In:21	68	grating_on	staircase	12	red	n/a	n/a	0	0
294.175	0.000	trigger_20	20	294175	Trigger-In:20	68	grating_off	staircase	12	red	n/a	n/a	0	0
294.775	0.000	trigger_31	31	294775	Trigger-In:31	68	targets_on_fp_color_change	staircase	12	red	n/a	n/a	0	0
296.740	0.000	trigger_203	203	296740	Trigger-In:203	68	trial_end_not_completed	staircase	12	red	n/a	n/a	0	0
297.840	0.000	trigger_101	101	297840	Trigger-In:101	69	trial_start	staircase	12	green	left	unaware	1	0
297.945	0.000	trigger_11	11	297945	Trigger-In:11	69	fixation_point_on	staircase	12	green	left	unaware	1	0
298.545	0.000	trigger_21	21	298545	Trigger-In:21	69	grating_on	staircase	12	green	left	unaware	1	0
298.595	0.000	trigger_20	20	298595	Trigger-In:20	69	grating_off	staircase	12	green	left	unaware	1	0
299.195	0.000	trigger_31	31	299195	Trigger-In:31	69	targets_on_fp_color_change	staircase	12	green	left	unaware	1	0
300.185	0.000	trigger_201	201	300185	Trigger-In:201	69	trial_end_completed	staircase	12	green	left	unaware	1	0
301.255	0.000	trigger_101	101	301255	Trigger-In:101	70	trial_start	staircase	13	red	right	unaware	1	0
301.355	0.000	trigger_11	11	301355	Trigger-In:11	70	fixation_point_on	staircase	13	red	right	unaware	1	0
301.955	0.000	trigger_21	21	301955	Trigger-In:21	70	grating_on	staircase	13	red	right	unaware	1	0
302.005	0.000	trigger_20	20	302005	Trigger-In:20	70	grating_off	staircase	13	red	right	unaware	1	0
302.605	0.000	trigger_31	31	302605	Trigger-In:31	70	targets_on_fp_color_change	staircase	13	red	right	unaware	1	0
303.320	0.000	trigger_201	201	303320	Trigger-In:201	70	trial_end_completed	staircase	13	red	right	unaware	1	0
304.390	0.000	trigger_101	101	304390	Trigger-In:101	71	trial_start	staircase	14	red	right	unaware	1	0
304.490	0.000	trigger_11	11	304490	Trigger-In:11	71	fixation_point_on	staircase	14	red	right	unaware	1	0
305.090	0.000	trigger_21	21	305090	Trigger-In:21	71	grating_on	staircase	14	red	right	unaware	1	0
305.145	0.000	trigger_20	20	305145	Trigger-In:20	71	grating_off	staircase	14	red	right	unaware	1	0
305.745	0.000	trigger_31	31	305745	Trigger-In:31	71	targets_on_fp_color_change	staircase	14	red	right	unaware	1	0
306.655	0.000	trigger_201	201	306655	Trigger-In:201	71	trial_end_completed	staircase	14	red	right	unaware	1	0
307.720	0.000	trigger_101	101	307720	Trigger-In:101	72	trial_start	staircase	15	green	right	aware	1	0
307.825	0.000	trigger_11	11	307825	Trigger-In:11	72	fixation_point_on	staircase	15	green	right	aware	1	0
308.425	0.000	trigger_21	21	308425	Trigger-In:21	72	grating_on	staircase	15	green	right	aware	1	0
308.475	0.000	trigger_20	20	308475	Trigger-In:20	72	grating_off	staircase	15	green	right	aware	1	0
309.080	0.000	trigger_31	31	309080	Trigger-In:31	72	targets_on_fp_color_change	staircase	15	green	right	aware	1	0
309.870	0.000	trigger_201	201	309870	Trigger-In:201	72	trial_end_completed	staircase	15	green	right	aware	1	0
310.940	0.000	trigger_101	101	310940	Trigger-In:101	73	trial_start	staircase	14	green	left	unaware	1	0
311.045	0.000	trigger_11	11	311045	Trigger-In:11	73	fixation_point_on	staircase	14	green	left	unaware	1	0
311.645	0.000	trigger_21	21	311645	Trigger-In:21	73	grating_on	staircase	14	green	left	unaware	1	0
311.695	0.000	trigger_20	20	311695	Trigger-In:20	73	grating_off	staircase	14	green	left	unaware	1	0
312.295	0.000	trigger_31	31	312295	Trigger-In:31	73	targets_on_fp_color_change	staircase	14	green	left	unaware	1	0
313.775	0.000	trigger_201	201	313775	Trigger-In:201	73	trial_end_completed	staircase	14	green	left	unaware	1	0
314.845	0.000	trigger_101	101	314845	Trigger-In:101	74	trial_start	staircase	15	green	right	aware	1	0
314.950	0.000	trigger_11	11	314950	Trigger-In:11	74	fixation_point_on	staircase	15	green	right	aware	1	0
315.550	0.000	trigger_21	21	315550	Trigger-In:21	74	grating_on	staircase	15	green	right	aware	1	0
315.600	0.000	trigger_20	20	315600	Trigger-In:20	74	grating_off	staircase	15	green	right	aware	1	0
316.200	0.000	trigger_31	31	316200	Trigger-In:31	74	targets_on_fp_color_change	staircase	15	green	right	aware	1	0
316.965	0.000	trigger_201	201	316965	Trigger-In:201	74	trial_end_completed	staircase	15	green	right	aware	1	0
318.035	0.000	trigger_101	101	318035	Trigger-In:101	75	trial_start	absent	70	green	right	aware	1	0
318.135	0.000	trigger_11	11	318135	Trigger-In:11	75	fixation_point_on	absent	70	green	right	aware	1	0
318.740	0.000	trigger_21	21	318740	Trigger-In:21	75	grating_on	absent	70	green	right	aware	1	0
318.790	0.000	trigger_20	20	318790	Trigger-In:20	75	grating_off	absent	70	green	right	aware	1	0
319.390	0.000	trigger_31	31	319390	Trigger-In:31	75	targets_on_fp_color_change	absent	70	green	right	aware	1	0
320.050	0.000	trigger_201	201	320050	Trigger-In:201	75	trial_end_completed	absent	70	green	right	aware	1	0
321.120	0.000	trigger_101	101	321120	Trigger-In:101	76	trial_start	salient	0	green	left	unaware	1	0
321.225	0.000	trigger_11	11	321225	Trigger-In:11	76	fixation_point_on	salient	0	green	left	unaware	1	0
321.825	0.000	trigger_21	21	321825	Trigger-In:21	76	grating_on	salient	0	green	left	unaware	1	0
321.875	0.000	trigger_20	20	321875	Trigger-In:20	76	grating_off	salient	0	green	left	unaware	1	0
322.475	0.000	trigger_31	31	322475	Trigger-In:31	76	targets_on_fp_color_change	salient	0	green	left	unaware	1	0
324.225	0.000	trigger_201	201	324225	Trigger-In:201	76	trial_end_completed	salient	0	green	left	unaware	1	0
325.290	0.000	trigger_101	101	325290	Trigger-In:101	77	trial_start	absent	70	red	left	aware	1	0
325.395	0.000	trigger_11	11	325395	Trigger-In:11	77	fixation_point_on	absent	70	red	left	aware	1	0
325.995	0.000	trigger_21	21	325995	Trigger-In:21	77	grating_on	absent	70	red	left	aware	1	0
326.045	0.000	trigger_20	20	326045	Trigger-In:20	77	grating_off	absent	70	red	left	aware	1	0
326.645	0.000	trigger_31	31	326645	Trigger-In:31	77	targets_on_fp_color_change	absent	70	red	left	aware	1	0
327.550	0.000	trigger_201	201	327550	Trigger-In:201	77	trial_end_completed	absent	70	red	left	aware	1	0
328.620	0.000	trigger_101	101	328620	Trigger-In:101	78	trial_start	absent	70	red	left	aware	1	0
328.720	0.000	trigger_11	11	328720	Trigger-In:11	78	fixation_point_on	absent	70	red	left	aware	1	0
329.325	0.000	trigger_21	21	329325	Trigger-In:21	78	grating_on	absent	70	red	left	aware	1	0
329.375	0.000	trigger_20	20	329375	Trigger-In:20	78	grating_off	absent	70	red	left	aware	1	0
329.975	0.000	trigger_31	31	329975	Trigger-In:31	78	targets_on_fp_color_change	absent	70	red	left	aware	1	0
330.900	0.000	trigger_201	201	330900	Trigger-In:201	78	trial_end_completed	absent	70	red	left	aware	1	0
331.970	0.000	trigger_101	101	331970	Trigger-In:101	79	trial_start	staircase	14	red	right	unaware	1	0
332.075	0.000	trigger_11	11	332075	Trigger-In:11	79	fixation_point_on	staircase	14	red	right	unaware	1	0
332.675	0.000	trigger_21	21	332675	Trigger-In:21	79	grating_on	staircase	14	red	right	unaware	1	0
332.725	0.000	trigger_20	20	332725	Trigger-In:20	79	grating_off	staircase	14	red	right	unaware	1	0
333.325	0.000	trigger_31	31	333325	Trigger-In:31	79	targets_on_fp_color_change	staircase	14	red	right	unaware	1	0
334.925	0.000	trigger_201	201	334925	Trigger-In:201	79	trial_end_completed	staircase	14	red	right	unaware	1	0
335.995	0.000	trigger_101	101	335995	Trigger-In:101	80	trial_start	staircase	15	red	left	aware	1	0
336.100	0.000	trigger_11	11	336100	Trigger-In:11	80	fixation_point_on	staircase	15	red	left	aware	1	0
336.700	0.000	trigger_21	21	336700	Trigger-In:21	80	grating_on	staircase	15	red	left	aware	1	0
336.750	0.000	trigger_20	20	336750	Trigger-In:20	80	grating_off	staircase	15	red	left	aware	1	0
337.355	0.000	trigger_31	31	337355	Trigger-In:31	80	targets_on_fp_color_change	staircase	15	red	left	aware	1	0
338.555	0.000	trigger_201	201	338555	Trigger-In:201	80	trial_end_completed	staircase	15	red	left	aware	1	0
339.625	0.000	trigger_101	101	339625	Trigger-In:101	81	trial_start	staircase	14	green	left	unaware	1	0
339.730	0.000	trigger_11	11	339730	Trigger-In:11	81	fixation_point_on	staircase	14	green	left	unaware	1	0
340.330	0.000	trigger_21	21	340330	Trigger-In:21	81	grating_on	staircase	14	green	left	unaware	1	0
340.380	0.000	trigger_20	20	340380	Trigger-In:20	81	grating_off	staircase	14	green	left	unaware	1	0
340.980	0.000	trigger_31	31	340980	Trigger-In:31	81	targets_on_fp_color_change	staircase	14	green	left	unaware	1	0
342.490	0.000	trigger_201	201	342490	Trigger-In:201	81	trial_end_completed	staircase	14	green	left	unaware	1	0
343.560	0.000	trigger_101	101	343560	Trigger-In:101	82	trial_start	staircase	15	red	left	aware	1	0
343.665	0.000	trigger_11	11	343665	Trigger-In:11	82	fixation_point_on	staircase	15	red	left	aware	1	0
344.265	0.000	trigger_21	21	344265	Trigger-In:21	82	grating_on	staircase	15	red	left	aware	1	0
344.315	0.000	trigger_20	20	344315	Trigger-In:20	82	grating_off	staircase	15	red	left	aware	1	0
344.915	0.000	trigger_31	31	344915	Trigger-In:31	82	targets_on_fp_color_change	staircase	15	red	left	aware	1	0
345.980	0.000	trigger_201	201	345980	Trigger-In:201	82	trial_end_completed	staircase	15	red	left	aware	1	0
347.045	0.000	trigger_101	101	347045	Trigger-In:101	83	trial_start	staircase	14	red	right	unaware	1	0
347.155	0.000	trigger_11	11	347155	Trigger-In:11	83	fixation_point_on	staircase	14	red	right	unaware	1	0
347.755	0.000	trigger_21	21	347755	Trigger-In:21	83	grating_on	staircase	14	red	right	unaware	1	0
347.805	0.000	trigger_20	20	347805	Trigger-In:20	83	grating_off	staircase	14	red	right	unaware	1	0
348.405	0.000	trigger_31	31	348405	Trigger-In:31	83	targets_on_fp_color_change	staircase	14	red	right	unaware	1	0
349.850	0.000	trigger_201	201	349850	Trigger-In:201	83	trial_end_completed	staircase	14	red	right	unaware	1	0
350.920	0.000	trigger_101	101	350920	Trigger-In:101	84	trial_start	staircase	15	red	left	aware	1	0
351.025	0.000	trigger_11	11	351025	Trigger-In:11	84	fixation_point_on	staircase	15	red	left	aware	1	0
351.625	0.000	trigger_21	21	351625	Trigger-In:21	84	grating_on	staircase	15	red	left	aware	1	0
351.675	0.000	trigger_20	20	351675	Trigger-In:20	84	grating_off	staircase	15	red	left	aware	1	0
352.275	0.000	trigger_31	31	352275	Trigger-In:31	84	targets_on_fp_color_change	staircase	15	red	left	aware	1	0
353.185	0.000	trigger_201	201	353185	Trigger-In:201	84	trial_end_completed	staircase	15	red	left	aware	1	0
354.255	0.000	trigger_101	101	354255	Trigger-In:101	85	trial_start	staircase	14	green	left	unaware	1	0
354.360	0.000	trigger_11	11	354360	Trigger-In:11	85	fixation_point_on	staircase	14	green	left	unaware	1	0
354.960	0.000	trigger_21	21	354960	Trigger-In:21	85	grating_on	staircase	14	green	left	unaware	1	0
355.010	0.000	trigger_20	20	355010	Trigger-In:20	85	grating_off	staircase	14	green	left	unaware	1	0
355.610	0.000	trigger_31	31	355610	Trigger-In:31	85	targets_on_fp_color_change	staircase	14	green	left	unaware	1	0
356.505	0.000	trigger_201	201	356505	Trigger-In:201	85	trial_end_completed	staircase	14	green	left	unaware	1	0
357.575	0.000	trigger_101	101	357575	Trigger-In:101	86	trial_start	staircase	15	green	right	aware	1	0
357.680	0.000	trigger_11	11	357680	Trigger-In:11	86	fixation_point_on	staircase	15	green	right	aware	1	0
358.280	0.000	trigger_21	21	358280	Trigger-In:21	86	grating_on	staircase	15	green	right	aware	1	0
358.330	0.000	trigger_20	20	358330	Trigger-In:20	86	grating_off	staircase	15	green	right	aware	1	0
358.930	0.000	trigger_31	31	358930	Trigger-In:31	86	targets_on_fp_color_change	staircase	15	green	right	aware	1	0
360.000	0.000	trigger_201	201	360000	Trigger-In:201	86	trial_end_completed	staircase	15	green	right	aware	1	0
361.070	0.000	trigger_101	101	361070	Trigger-In:101	87	trial_start	staircase	14	green	left	unaware	1	0
361.175	0.000	trigger_11	11	361175	Trigger-In:11	87	fixation_point_on	staircase	14	green	left	unaware	1	0
361.775	0.000	trigger_21	21	361775	Trigger-In:21	87	grating_on	staircase	14	green	left	unaware	1	0
361.825	0.000	trigger_20	20	361825	Trigger-In:20	87	grating_off	staircase	14	green	left	unaware	1	0
362.425	0.000	trigger_31	31	362425	Trigger-In:31	87	targets_on_fp_color_change	staircase	14	green	left	unaware	1	0
363.660	0.000	trigger_201	201	363660	Trigger-In:201	87	trial_end_completed	staircase	14	green	left	unaware	1	0
364.730	0.000	trigger_101	101	364730	Trigger-In:101	88	trial_start	staircase	15	red	n/a	n/a	0	0
364.835	0.000	trigger_11	11	364835	Trigger-In:11	88	fixation_point_on	staircase	15	red	n/a	n/a	0	0
365.435	0.000	trigger_21	21	365435	Trigger-In:21	88	grating_on	staircase	15	red	n/a	n/a	0	0
365.485	0.000	trigger_20	20	365485	Trigger-In:20	88	grating_off	staircase	15	red	n/a	n/a	0	0
366.090	0.000	trigger_31	31	366090	Trigger-In:31	88	targets_on_fp_color_change	staircase	15	red	n/a	n/a	0	0
368.055	0.000	trigger_203	203	368055	Trigger-In:203	88	trial_end_not_completed	staircase	15	red	n/a	n/a	0	0
369.155	0.000	trigger_101	101	369155	Trigger-In:101	89	trial_start	salient	0	red	right	unaware	1	0
369.260	0.000	trigger_11	11	369260	Trigger-In:11	89	fixation_point_on	salient	0	red	right	unaware	1	0
369.860	0.000	trigger_21	21	369860	Trigger-In:21	89	grating_on	salient	0	red	right	unaware	1	0
369.910	0.000	trigger_20	20	369910	Trigger-In:20	89	grating_off	salient	0	red	right	unaware	1	0
370.510	0.000	trigger_31	31	370510	Trigger-In:31	89	targets_on_fp_color_change	salient	0	red	right	unaware	1	0
371.445	0.000	trigger_201	201	371445	Trigger-In:201	89	trial_end_completed	salient	0	red	right	unaware	1	0
372.515	0.000	trigger_101	101	372515	Trigger-In:101	90	trial_start	staircase	15	green	right	aware	1	0
372.615	0.000	trigger_11	11	372615	Trigger-In:11	90	fixation_point_on	staircase	15	green	right	aware	1	0
373.215	0.000	trigger_21	21	373215	Trigger-In:21	90	grating_on	staircase	15	green	right	aware	1	0
373.270	0.000	trigger_20	20	373270	Trigger-In:20	90	grating_off	staircase	15	green	right	aware	1	0
373.870	0.000	trigger_31	31	373870	Trigger-In:31	90	targets_on_fp_color_change	staircase	15	green	right	aware	1	0
375.005	0.000	trigger_201	201	375005	Trigger-In:201	90	trial_end_completed	staircase	15	green	right	aware	1	0
376.075	0.000	trigger_101	101	376075	Trigger-In:101	91	trial_start	staircase	14	green	right	aware	1	0
376.180	0.000	trigger_11	11	376180	Trigger-In:11	91	fixation_point_on	staircase	14	green	right	aware	1	0
376.780	0.000	trigger_21	21	376780	Trigger-In:21	91	grating_on	staircase	14	green	right	aware	1	0
376.835	0.000	trigger_20	20	376835	Trigger-In:20	91	grating_off	staircase	14	green	right	aware	1	0
377.435	0.000	trigger_31	31	377435	Trigger-In:31	91	targets_on_fp_color_change	staircase	14	green	right	aware	1	0
378.295	0.000	trigger_201	201	378295	Trigger-In:201	91	trial_end_completed	staircase	14	green	right	aware	1	0
379.365	0.000	trigger_101	101	379365	Trigger-In:101	92	trial_start	salient	0	green	left	unaware	1	0
379.470	0.000	trigger_11	11	379470	Trigger-In:11	92	fixation_point_on	salient	0	green	left	unaware	1	0
380.070	0.000	trigger_21	21	380070	Trigger-In:21	92	grating_on	salient	0	green	left	unaware	1	0
380.120	0.000	trigger_20	20	380120	Trigger-In:20	92	grating_off	salient	0	green	left	unaware	1	0
380.725	0.000	trigger_31	31	380725	Trigger-In:31	92	targets_on_fp_color_change	salient	0	green	left	unaware	1	0
382.425	0.000	trigger_201	201	382425	Trigger-In:201	92	trial_end_completed	salient	0	green	left	unaware	1	0
383.495	0.000	trigger_101	101	383495	Trigger-In:101	93	trial_start	salient	0	red	n/a	n/a	0	0
383.595	0.000	trigger_11	11	383595	Trigger-In:11	93	fixation_point_on	salient	0	red	n/a	n/a	0	0
384.200	0.000	trigger_21	21	384200	Trigger-In:21	93	grating_on	salient	0	red	n/a	n/a	0	0
384.250	0.000	trigger_20	20	384250	Trigger-In:20	93	grating_off	salient	0	red	n/a	n/a	0	0
384.850	0.000	trigger_31	31	384850	Trigger-In:31	93	targets_on_fp_color_change	salient	0	red	n/a	n/a	0	0
386.815	0.000	trigger_203	203	386815	Trigger-In:203	93	trial_end_not_completed	salient	0	red	n/a	n/a	0	0
387.915	0.000	trigger_101	101	387915	Trigger-In:101	94	trial_start	staircase	13	red	right	unaware	1	0
388.085	0.000	trigger_11	11	388085	Trigger-In:11	94	fixation_point_on	staircase	13	red	right	unaware	1	0
388.685	0.000	trigger_21	21	388685	Trigger-In:21	94	grating_on	staircase	13	red	right	unaware	1	0
388.735	0.000	trigger_20	20	388735	Trigger-In:20	94	grating_off	staircase	13	red	right	unaware	1	0
389.335	0.000	trigger_31	31	389335	Trigger-In:31	94	targets_on_fp_color_change	staircase	13	red	right	unaware	1	0
390.210	0.000	trigger_201	201	390210	Trigger-In:201	94	trial_end_completed	staircase	13	red	right	unaware	1	0
391.280	0.000	trigger_101	101	391280	Trigger-In:101	95	trial_start	salient	0	red	right	unaware	1	0
391.385	0.000	trigger_11	11	391385	Trigger-In:11	95	fixation_point_on	salient	0	red	right	unaware	1	0
391.985	0.000	trigger_21	21	391985	Trigger-In:21	95	grating_on	salient	0	red	right	unaware	1	0
392.035	0.000	trigger_20	20	392035	Trigger-In:20	95	grating_off	salient	0	red	right	unaware	1	0
392.635	0.000	trigger_31	31	392635	Trigger-In:31	95	targets_on_fp_color_change	salient	0	red	right	unaware	1	0
393.440	0.000	trigger_201	201	393440	Trigger-In:201	95	trial_end_completed	salient	0	red	right	unaware	1	0
394.505	0.000	trigger_101	101	394505	Trigger-In:101	96	trial_start	staircase	14	red	right	unaware	1	0
394.610	0.000	trigger_11	11	394610	Trigger-In:11	96	fixation_point_on	staircase	14	red	right	unaware	1	0
395.210	0.000	trigger_21	21	395210	Trigger-In:21	96	grating_on	staircase	14	red	right	unaware	1	0
395.260	0.000	trigger_20	20	395260	Trigger-In:20	96	grating_off	staircase	14	red	right	unaware	1	0
395.860	0.000	trigger_31	31	395860	Trigger-In:31	96	targets_on_fp_color_change	staircase	14	red	right	unaware	1	0
396.875	0.000	trigger_201	201	396875	Trigger-In:201	96	trial_end_completed	staircase	14	red	right	unaware	1	0
397.940	0.000	trigger_101	101	397940	Trigger-In:101	97	trial_start	salient	0	red	right	unaware	1	0
398.405	0.000	trigger_11	11	398405	Trigger-In:11	97	fixation_point_on	salient	0	red	right	unaware	1	0
399.005	0.000	trigger_21	21	399005	Trigger-In:21	97	grating_on	salient	0	red	right	unaware	1	0
399.060	0.000	trigger_20	20	399060	Trigger-In:20	97	grating_off	salient	0	red	right	unaware	1	0
399.660	0.000	trigger_31	31	399660	Trigger-In:31	97	targets_on_fp_color_change	salient	0	red	right	unaware	1	0
400.590	0.000	trigger_201	201	400590	Trigger-In:201	97	trial_end_completed	salient	0	red	right	unaware	1	0
401.660	0.000	trigger_101	101	401660	Trigger-In:101	98	trial_start	staircase	15	green	left	unaware	1	0
401.765	0.000	trigger_11	11	401765	Trigger-In:11	98	fixation_point_on	staircase	15	green	left	unaware	1	0
402.365	0.000	trigger_21	21	402365	Trigger-In:21	98	grating_on	staircase	15	green	left	unaware	1	0
402.420	0.000	trigger_20	20	402420	Trigger-In:20	98	grating_off	staircase	15	green	left	unaware	1	0
403.020	0.000	trigger_31	31	403020	Trigger-In:31	98	targets_on_fp_color_change	staircase	15	green	left	unaware	1	0
403.975	0.000	trigger_201	201	403975	Trigger-In:201	98	trial_end_completed	staircase	15	green	left	unaware	1	0
405.045	0.000	trigger_101	101	405045	Trigger-In:101	99	trial_start	staircase	16	red	left	aware	1	0
405.150	0.000	trigger_11	11	405150	Trigger-In:11	99	fixation_point_on	staircase	16	red	left	aware	1	0
405.755	0.000	trigger_21	21	405755	Trigger-In:21	99	grating_on	staircase	16	red	left	aware	1	0
405.805	0.000	trigger_20	20	405805	Trigger-In:20	99	grating_off	staircase	16	red	left	aware	1	0
406.405	0.000	trigger_31	31	406405	Trigger-In:31	99	targets_on_fp_color_change	staircase	16	red	left	aware	1	0
407.330	0.000	trigger_201	201	407330	Trigger-In:201	99	trial_end_completed	staircase	16	red	left	aware	1	0
408.400	0.000	trigger_101	101	408400	Trigger-In:101	100	trial_start	staircase	15	red	left	aware	1	0
408.510	0.000	trigger_11	11	408510	Trigger-In:11	100	fixation_point_on	staircase	15	red	left	aware	1	0
409.110	0.000	trigger_21	21	409110	Trigger-In:21	100	grating_on	staircase	15	red	left	aware	1	0
409.160	0.000	trigger_20	20	409160	Trigger-In:20	100	grating_off	staircase	15	red	left	aware	1	0
409.760	0.000	trigger_31	31	409760	Trigger-In:31	100	targets_on_fp_color_change	staircase	15	red	left	aware	1	0
410.860	0.000	trigger_201	201	410860	Trigger-In:201	100	trial_end_completed	staircase	15	red	left	aware	1	0
411.930	0.000	trigger_101	101	411930	Trigger-In:101	101	trial_start	staircase	14	green	right	aware	1	0
412.035	0.000	trigger_11	11	412035	Trigger-In:11	101	fixation_point_on	staircase	14	green	right	aware	1	0
412.635	0.000	trigger_21	21	412635	Trigger-In:21	101	grating_on	staircase	14	green	right	aware	1	0
412.685	0.000	trigger_20	20	412685	Trigger-In:20	101	grating_off	staircase	14	green	right	aware	1	0
413.285	0.000	trigger_31	31	413285	Trigger-In:31	101	targets_on_fp_color_change	staircase	14	green	right	aware	1	0
414.400	0.000	trigger_201	201	414400	Trigger-In:201	101	trial_end_completed	staircase	14	green	right	aware	1	0
415.470	0.000	trigger_101	101	415470	Trigger-In:101	102	trial_start	salient	0	red	right	unaware	1	0
415.570	0.000	trigger_11	11	415570	Trigger-In:11	102	fixation_point_on	salient	0	red	right	unaware	1	0
416.170	0.000	trigger_21	21	416170	Trigger-In:21	102	grating_on	salient	0	red	right	unaware	1	0
416.220	0.000	trigger_20	20	416220	Trigger-In:20	102	grating_off	salient	0	red	right	unaware	1	0
416.825	0.000	trigger_31	31	416825	Trigger-In:31	102	targets_on_fp_color_change	salient	0	red	right	unaware	1	0
418.095	0.000	trigger_201	201	418095	Trigger-In:201	102	trial_end_completed	salient	0	red	right	unaware	1	0
419.165	0.000	trigger_101	101	419165	Trigger-In:101	103	trial_start	staircase	13	red	right	unaware	1	0
419.270	0.000	trigger_11	11	419270	Trigger-In:11	103	fixation_point_on	staircase	13	red	right	unaware	1	0
419.870	0.000	trigger_21	21	419870	Trigger-In:21	103	grating_on	staircase	13	red	right	unaware	1	0
419.920	0.000	trigger_20	20	419920	Trigger-In:20	103	grating_off	staircase	13	red	right	unaware	1	0
420.520	0.000	trigger_31	31	420520	Trigger-In:31	103	targets_on_fp_color_change	staircase	13	red	right	unaware	1	0
421.560	0.000	trigger_201	201	421560	Trigger-In:201	103	trial_end_completed	staircase	13	red	right	unaware	1	0
422.630	0.000	trigger_101	101	422630	Trigger-In:101	104	trial_start	staircase	14	green	right	aware	1	0
422.735	0.000	trigger_11	11	422735	Trigger-In:11	104	fixation_point_on	staircase	14	green	right	aware	1	0
423.335	0.000	trigger_21	21	423335	Trigger-In:21	104	grating_on	staircase	14	green	right	aware	1	0
423.385	0.000	trigger_20	20	423385	Trigger-In:20	104	grating_off	staircase	14	green	right	aware	1	0
423.985	0.000	trigger_31	31	423985	Trigger-In:31	104	targets_on_fp_color_change	staircase	14	green	right	aware	1	0
424.770	0.000	trigger_201	201	424770	Trigger-In:201	104	trial_end_completed	staircase	14	green	right	aware	1	0
425.840	0.000	trigger_101	101	425840	Trigger-In:101	105	trial_start	staircase	13	green	right	aware	1	0
425.945	0.000	trigger_11	11	425945	Trigger-In:11	105	fixation_point_on	staircase	13	green	right	aware	1	0
426.545	0.000	trigger_21	21	426545	Trigger-In:21	105	grating_on	staircase	13	green	right	aware	1	0
426.595	0.000	trigger_20	20	426595	Trigger-In:20	105	grating_off	staircase	13	green	right	aware	1	0
427.200	0.000	trigger_31	31	427200	Trigger-In:31	105	targets_on_fp_color_change	staircase	13	green	right	aware	1	0
428.195	0.000	trigger_201	201	428195	Trigger-In:201	105	trial_end_completed	staircase	13	green	right	aware	1	0
429.265	0.000	trigger_101	101	429265	Trigger-In:101	106	trial_start	staircase	12	green	left	unaware	1	0
429.370	0.000	trigger_11	11	429370	Trigger-In:11	106	fixation_point_on	staircase	12	green	left	unaware	1	0
429.970	0.000	trigger_21	21	429970	Trigger-In:21	106	grating_on	staircase	12	green	left	unaware	1	0
430.020	0.000	trigger_20	20	430020	Trigger-In:20	106	grating_off	staircase	12	green	left	unaware	1	0
430.620	0.000	trigger_31	31	430620	Trigger-In:31	106	targets_on_fp_color_change	staircase	12	green	left	unaware	1	0
432.110	0.000	trigger_201	201	432110	Trigger-In:201	106	trial_end_completed	staircase	12	green	left	unaware	1	0
433.180	0.000	trigger_101	101	433180	Trigger-In:101	107	trial_start	salient	0	green	left	unaware	1	0
433.285	0.000	trigger_11	11	433285	Trigger-In:11	107	fixation_point_on	salient	0	green	left	unaware	1	0
433.885	0.000	trigger_21	21	433885	Trigger-In:21	107	grating_on	salient	0	green	left	unaware	1	0
433.935	0.000	trigger_20	20	433935	Trigger-In:20	107	grating_off	salient	0	green	left	unaware	1	0
434.535	0.000	trigger_31	31	434535	Trigger-In:31	107	targets_on_fp_color_change	salient	0	green	left	unaware	1	0
435.625	0.000	trigger_201	201	435625	Trigger-In:201	107	trial_end_completed	salient	0	green	left	unaware	1	0
436.695	0.000	trigger_101	101	436695	Trigger-In:101	108	trial_start	staircase	13	green	left	unaware	1	0
436.800	0.000	trigger_11	11	436800	Trigger-In:11	108	fixation_point_on	staircase	13	green	left	unaware	1	0
437.400	0.000	trigger_21	21	437400	Trigger-In:21	108	grating_on	staircase	13	green	left	unaware	1	0
437.450	0.000	trigger_20	20	437450	Trigger-In:20	108	grating_off	staircase	13	green	left	unaware	1	0
438.050	0.000	trigger_31	31	438050	Trigger-In:31	108	targets_on_fp_color_change	staircase	13	green	left	unaware	1	0
438.825	0.000	trigger_201	201	438825	Trigger-In:201	108	trial_end_completed	staircase	13	green	left	unaware	1	0
439.895	0.000	trigger_101	101	439895	Trigger-In:101	109	trial_start	staircase	14	red	right	unaware	1	0
440.000	0.000	trigger_11	11	440000	Trigger-In:11	109	fixation_point_on	staircase	14	red	right	unaware	1	0
440.605	0.000	trigger_21	21	440605	Trigger-In:21	109	grating_on	staircase	14	red	right	unaware	1	0
440.655	0.000	trigger_20	20	440655	Trigger-In:20	109	grating_off	staircase	14	red	right	unaware	1	0
441.255	0.000	trigger_31	31	441255	Trigger-In:31	109	targets_on_fp_color_change	staircase	14	red	right	unaware	1	0
442.595	0.000	trigger_201	201	442595	Trigger-In:201	109	trial_end_completed	staircase	14	red	right	unaware	1	0
443.665	0.000	trigger_101	101	443665	Trigger-In:101	110	trial_start	staircase	15	red	right	unaware	1	0
443.770	0.000	trigger_11	11	443770	Trigger-In:11	110	fixation_point_on	staircase	15	red	right	unaware	1	0
444.370	0.000	trigger_21	21	444370	Trigger-In:21	110	grating_on	staircase	15	red	right	unaware	1	0
444.420	0.000	trigger_20	20	444420	Trigger-In:20	110	grating_off	staircase	15	red	right	unaware	1	0
445.020	0.000	trigger_31	31	445020	Trigger-In:31	110	targets_on_fp_color_change	staircase	15	red	right	unaware	1	0
445.750	0.000	trigger_201	201	445750	Trigger-In:201	110	trial_end_completed	staircase	15	red	right	unaware	1	0
446.815	0.000	trigger_101	101	446815	Trigger-In:101	111	trial_start	absent	70	green	right	aware	1	0
446.920	0.000	trigger_11	11	446920	Trigger-In:11	111	fixation_point_on	absent	70	green	right	aware	1	0
447.520	0.000	trigger_21	21	447520	Trigger-In:21	111	grating_on	absent	70	green	right	aware	1	0
447.570	0.000	trigger_20	20	447570	Trigger-In:20	111	grating_off	absent	70	green	right	aware	1	0
448.175	0.000	trigger_31	31	448175	Trigger-In:31	111	targets_on_fp_color_change	absent	70	green	right	aware	1	0
448.905	0.000	trigger_201	201	448905	Trigger-In:201	111	trial_end_completed	absent	70	green	right	aware	1	0
449.970	0.000	trigger_101	101	449970	Trigger-In:101	112	trial_start	staircase	16	red	right	unaware	1	0
450.075	0.000	trigger_11	11	450075	Trigger-In:11	112	fixation_point_on	staircase	16	red	right	unaware	1	0
450.680	0.000	trigger_21	21	450680	Trigger-In:21	112	grating_on	staircase	16	red	right	unaware	1	0
450.730	0.000	trigger_20	20	450730	Trigger-In:20	112	grating_off	staircase	16	red	right	unaware	1	0
451.330	0.000	trigger_31	31	451330	Trigger-In:31	112	targets_on_fp_color_change	staircase	16	red	right	unaware	1	0
453.290	0.000	trigger_201	201	453290	Trigger-In:201	112	trial_end_completed	staircase	16	red	right	unaware	1	0
454.360	0.000	trigger_101	101	454360	Trigger-In:101	113	trial_start	absent	70	red	right	unaware	1	0
454.465	0.000	trigger_11	11	454465	Trigger-In:11	113	fixation_point_on	absent	70	red	right	unaware	1	0
455.065	0.000	trigger_21	21	455065	Trigger-In:21	113	grating_on	absent	70	red	right	unaware	1	0
455.115	0.000	trigger_20	20	455115	Trigger-In:20	113	grating_off	absent	70	red	right	unaware	1	0
455.715	0.000	trigger_31	31	455715	Trigger-In:31	113	targets_on_fp_color_change	absent	70	red	right	unaware	1	0
456.355	0.000	trigger_201	201	456355	Trigger-In:201	113	trial_end_completed	absent	70	red	right	unaware	1	0
457.675	0.000	trigger_101	101	457675	Trigger-In:101	114	trial_start	staircase	17	red	left	aware	1	0
457.780	0.000	trigger_11	11	457780	Trigger-In:11	114	fixation_point_on	staircase	17	red	left	aware	1	0
458.380	0.000	trigger_21	21	458380	Trigger-In:21	114	grating_on	staircase	17	red	left	aware	1	0
458.435	0.000	trigger_20	20	458435	Trigger-In:20	114	grating_off	staircase	17	red	left	aware	1	0
459.035	0.000	trigger_31	31	459035	Trigger-In:31	114	targets_on_fp_color_change	staircase	17	red	left	aware	1	0
460.675	0.000	trigger_201	201	460675	Trigger-In:201	114	trial_end_completed	staircase	17	red	left	aware	1	0
461.745	0.000	trigger_101	101	461745	Trigger-In:101	115	trial_start	staircase	16	red	n/a	n/a	0	1
461.850	0.000	trigger_11	11	461850	Trigger-In:11	115	fixation_point_on	staircase	16	red	n/a	n/a	0	1
462.450	0.000	trigger_21	21	462450	Trigger-In:21	115	grating_on	staircase	16	red	n/a	n/a	0	1
462.500	0.000	trigger_20	20	462500	Trigger-In:20	115	grating_off	staircase	16	red	n/a	n/a	0	1
462.640	0.000	trigger_204	204	462640	Trigger-In:204	115	trial_end_fixation_break	staircase	16	red	n/a	n/a	0	1
464.365	0.000	trigger_101	101	464365	Trigger-In:101	116	trial_start	staircase	16	green	right	aware	1	0
464.475	0.000	trigger_11	11	464475	Trigger-In:11	116	fixation_point_on	staircase	16	green	right	aware	1	0
465.075	0.000	trigger_21	21	465075	Trigger-In:21	116	grating_on	staircase	16	green	right	aware	1	0
465.130	0.000	trigger_20	20	465130	Trigger-In:20	116	grating_off	staircase	16	green	right	aware	1	0
465.730	0.000	trigger_31	31	465730	Trigger-In:31	116	targets_on_fp_color_change	staircase	16	green	right	aware	1	0
466.955	0.000	trigger_201	201	466955	Trigger-In:201	116	trial_end_completed	staircase	16	green	right	aware	1	0
468.025	0.000	trigger_101	101	468025	Trigger-In:101	117	trial_start	staircase	15	red	left	aware	1	0
468.130	0.000	trigger_11	11	468130	Trigger-In:11	117	fixation_point_on	staircase	15	red	left	aware	1	0
468.730	0.000	trigger_21	21	468730	Trigger-In:21	117	grating_on	staircase	15	red	left	aware	1	0
468.780	0.000	trigger_20	20	468780	Trigger-In:20	117	grating_off	staircase	15	red	left	aware	1	0
469.380	0.000	trigger_31	31	469380	Trigger-In:31	117	targets_on_fp_color_change	staircase	15	red	left	aware	1	0
470.140	0.000	trigger_201	201	470140	Trigger-In:201	117	trial_end_completed	staircase	15	red	left	aware	1	0
471.210	0.000	trigger_101	101	471210	Trigger-In:101	118	trial_start	staircase	14	green	left	unaware	1	0
471.315	0.000	trigger_11	11	471315	Trigger-In:11	118	fixation_point_on	staircase	14	green	left	unaware	1	0
471.915	0.000	trigger_21	21	471915	Trigger-In:21	118	grating_on	staircase	14	green	left	unaware	1	0
471.965	0.000	trigger_20	20	471965	Trigger-In:20	118	grating_off	staircase	14	green	left	unaware	1	0
472.565	0.000	trigger_31	31	472565	Trigger-In:31	118	targets_on_fp_color_change	staircase	14	green	left	unaware	1	0
474.285	0.000	trigger_201	201	474285	Trigger-In:201	118	trial_end_completed	staircase	14	green	left	unaware	1	0
475.355	0.000	trigger_101	101	475355	Trigger-In:101	119	trial_start	staircase	15	green	left	unaware	1	0
475.460	0.000	trigger_11	11	475460	Trigger-In:11	119	fixation_point_on	staircase	15	green	left	unaware	1	0
476.060	0.000	trigger_21	21	476060	Trigger-In:21	119	grating_on	staircase	15	green	left	unaware	1	0
476.110	0.000	trigger_20	20	476110	Trigger-In:20	119	grating_off	staircase	15	green	left	unaware	1	0
476.710	0.000	trigger_31	31	476710	Trigger-In:31	119	targets_on_fp_color_change	staircase	15	green	left	unaware	1	0
478.310	0.000	trigger_201	201	478310	Trigger-In:201	119	trial_end_completed	staircase	15	green	left	unaware	1	0
479.380	0.000	trigger_101	101	479380	Trigger-In:101	120	trial_start	staircase	16	green	left	unaware	1	0
479.485	0.000	trigger_11	11	479485	Trigger-In:11	120	fixation_point_on	staircase	16	green	left	unaware	1	0
480.085	0.000	trigger_21	21	480085	Trigger-In:21	120	grating_on	staircase	16	green	left	unaware	1	0
480.135	0.000	trigger_20	20	480135	Trigger-In:20	120	grating_off	staircase	16	green	left	unaware	1	0
480.740	0.000	trigger_31	31	480740	Trigger-In:31	120	targets_on_fp_color_change	staircase	16	green	left	unaware	1	0
481.485	0.000	trigger_201	201	481485	Trigger-In:201	120	trial_end_completed	staircase	16	green	left	unaware	1	0
482.555	0.000	trigger_101	101	482555	Trigger-In:101	121	trial_start	salient	0	green	left	unaware	1	0
482.655	0.000	trigger_11	11	482655	Trigger-In:11	121	fixation_point_on	salient	0	green	left	unaware	1	0
483.255	0.000	trigger_21	21	483255	Trigger-In:21	121	grating_on	salient	0	green	left	unaware	1	0
483.305	0.000	trigger_20	20	483305	Trigger-In:20	121	grating_off	salient	0	green	left	unaware	1	0
483.905	0.000	trigger_31	31	483905	Trigger-In:31	121	targets_on_fp_color_change	salient	0	green	left	unaware	1	0
485.385	0.000	trigger_201	201	485385	Trigger-In:201	121	trial_end_completed	salient	0	green	left	unaware	1	0
486.450	0.000	trigger_101	101	486450	Trigger-In:101	122	trial_start	absent	70	green	right	aware	1	0
486.555	0.000	trigger_11	11	486555	Trigger-In:11	122	fixation_point_on	absent	70	green	right	aware	1	0
487.160	0.000	trigger_21	21	487160	Trigger-In:21	122	grating_on	absent	70	green	right	aware	1	0
487.210	0.000	trigger_20	20	487210	Trigger-In:20	122	grating_off	absent	70	green	right	aware	1	0
487.810	0.000	trigger_31	31	487810	Trigger-In:31	122	targets_on_fp_color_change	absent	70	green	right	aware	1	0
488.525	0.000	trigger_201	201	488525	Trigger-In:201	122	trial_end_completed	absent	70	green	right	aware	1	0
489.590	0.000	trigger_101	101	489590	Trigger-In:101	123	trial_start	staircase	17	red	left	aware	1	0
489.695	0.000	trigger_11	11	489695	Trigger-In:11	123	fixation_point_on	staircase	17	red	left	aware	1	0
490.295	0.000	trigger_21	21	490295	Trigger-In:21	123	grating_on	staircase	17	red	left	aware	1	0
490.345	0.000	trigger_20	20	490345	Trigger-In:20	123	grating_off	staircase	17	red	left	aware	1	0
490.950	0.000	trigger_31	31	490950	Trigger-In:31	123	targets_on_fp_color_change	staircase	17	red	left	aware	1	0
492.010	0.000	trigger_201	201	492010	Trigger-In:201	123	trial_end_completed	staircase	17	red	left	aware	1	0
493.080	0.000	trigger_101	101	493080	Trigger-In:101	124	trial_start	salient	0	green	left	unaware	1	0
493.185	0.000	trigger_11	11	493185	Trigger-In:11	124	fixation_point_on	salient	0	green	left	unaware	1	0
493.785	0.000	trigger_21	21	493785	Trigger-In:21	124	grating_on	salient	0	green	left	unaware	1	0
493.840	0.000	trigger_20	20	493840	Trigger-In:20	124	grating_off	salient	0	green	left	unaware	1	0
494.440	0.000	trigger_31	31	494440	Trigger-In:31	124	targets_on_fp_color_change	salient	0	green	left	unaware	1	0
496.145	0.000	trigger_201	201	496145	Trigger-In:201	124	trial_end_completed	salient	0	green	left	unaware	1	0
497.210	0.000	trigger_101	101	497210	Trigger-In:101	125	trial_start	staircase	16	green	left	unaware	1	0
497.320	0.000	trigger_11	11	497320	Trigger-In:11	125	fixation_point_on	staircase	16	green	left	unaware	1	0
497.920	0.000	trigger_21	21	497920	Trigger-In:21	125	grating_on	staircase	16	green	left	unaware	1	0
497.970	0.000	trigger_20	20	497970	Trigger-In:20	125	grating_off	staircase	16	green	left	unaware	1	0
498.570	0.000	trigger_31	31	498570	Trigger-In:31	125	targets_on_fp_color_change	staircase	16	green	left	unaware	1	0
499.480	0.000	trigger_201	201	499480	Trigger-In:201	125	trial_end_completed	staircase	16	green	left	unaware	1	0
500.550	0.000	trigger_101	101	500550	Trigger-In:101	126	trial_start	staircase	17	red	right	unaware	1	0
500.650	0.000	trigger_11	11	500650	Trigger-In:11	126	fixation_point_on	staircase	17	red	right	unaware	1	0
501.250	0.000	trigger_21	21	501250	Trigger-In:21	126	grating_on	staircase	17	red	right	unaware	1	0
501.300	0.000	trigger_20	20	501300	Trigger-In:20	126	grating_off	staircase	17	red	right	unaware	1	0
501.905	0.000	trigger_31	31	501905	Trigger-In:31	126	targets_on_fp_color_change	staircase	17	red	right	unaware	1	0
503.615	0.000	trigger_201	201	503615	Trigger-In:201	126	trial_end_completed	staircase	17	red	right	unaware	1	0
504.680	0.000	trigger_101	101	504680	Trigger-In:101	127	trial_start	staircase	18	red	left	aware	1	0
504.790	0.000	trigger_11	11	504790	Trigger-In:11	127	fixation_point_on	staircase	18	red	left	aware	1	0
505.390	0.000	trigger_21	21	505390	Trigger-In:21	127	grating_on	staircase	18	red	left	aware	1	0
505.440	0.000	trigger_20	20	505440	Trigger-In:20	127	grating_off	staircase	18	red	left	aware	1	0
506.040	0.000	trigger_31	31	506040	Trigger-In:31	127	targets_on_fp_color_change	staircase	18	red	left	aware	1	0
507.070	0.000	trigger_201	201	507070	Trigger-In:201	127	trial_end_completed	staircase	18	red	left	aware	1	0
508.135	0.000	trigger_101	101	508135	Trigger-In:101	128	trial_start	salient	0	green	left	unaware	1	0
508.240	0.000	trigger_11	11	508240	Trigger-In:11	128	fixation_point_on	salient	0	green	left	unaware	1	0
508.840	0.000	trigger_21	21	508840	Trigger-In:21	128	grating_on	salient	0	green	left	unaware	1	0
508.890	0.000	trigger_20	20	508890	Trigger-In:20	128	grating_off	salient	0	green	left	unaware	1	0
509.490	0.000	trigger_31	31	509490	Trigger-In:31	128	targets_on_fp_color_change	salient	0	green	left	unaware	1	0
510.935	0.000	trigger_201	201	510935	Trigger-In:201	128	trial_end_completed	salient	0	green	left	unaware	1	0
512.005	0.000	trigger_101	101	512005	Trigger-In:101	129	trial_start	salient	0	green	left	unaware	1	0
512.110	0.000	trigger_11	11	512110	Trigger-In:11	129	fixation_point_on	salient	0	green	left	unaware	1	0
512.710	0.000	trigger_21	21	512710	Trigger-In:21	129	grating_on	salient	0	green	left	unaware	1	0
512.765	0.000	trigger_20	20	512765	Trigger-In:20	129	grating_off	salient	0	green	left	unaware	1	0
513.365	0.000	trigger_31	31	513365	Trigger-In:31	129	targets_on_fp_color_change	salient	0	green	left	unaware	1	0
514.320	0.000	trigger_201	201	514320	Trigger-In:201	129	trial_end_completed	salient	0	green	left	unaware	1	0
515.390	0.000	trigger_101	101	515390	Trigger-In:101	130	trial_start	staircase	17	red	left	aware	1	0
515.495	0.000	trigger_11	11	515495	Trigger-In:11	130	fixation_point_on	staircase	17	red	left	aware	1	0
516.095	0.000	trigger_21	21	516095	Trigger-In:21	130	grating_on	staircase	17	red	left	aware	1	0
516.145	0.000	trigger_20	20	516145	Trigger-In:20	130	grating_off	staircase	17	red	left	aware	1	0
516.745	0.000	trigger_31	31	516745	Trigger-In:31	130	targets_on_fp_color_change	staircase	17	red	left	aware	1	0
517.805	0.000	trigger_201	201	517805	Trigger-In:201	130	trial_end_completed	staircase	17	red	left	aware	1	0
518.875	0.000	trigger_101	101	518875	Trigger-In:101	131	trial_start	salient	0	green	left	unaware	1	0
518.975	0.000	trigger_11	11	518975	Trigger-In:11	131	fixation_point_on	salient	0	green	left	unaware	1	0
519.575	0.000	trigger_21	21	519575	Trigger-In:21	131	grating_on	salient	0	green	left	unaware	1	0
519.630	0.000	trigger_20	20	519630	Trigger-In:20	131	grating_off	salient	0	green	left	unaware	1	0
520.230	0.000	trigger_31	31	520230	Trigger-In:31	131	targets_on_fp_color_change	salient	0	green	left	unaware	1	0
522.145	0.000	trigger_201	201	522145	Trigger-In:201	131	trial_end_completed	salient	0	green	left	unaware	1	0
523.215	0.000	trigger_101	101	523215	Trigger-In:101	132	trial_start	staircase	16	green	right	aware	1	0
523.315	0.000	trigger_11	11	523315	Trigger-In:11	132	fixation_point_on	staircase	16	green	right	aware	1	0
523.915	0.000	trigger_21	21	523915	Trigger-In:21	132	grating_on	staircase	16	green	right	aware	1	0
523.970	0.000	trigger_20	20	523970	Trigger-In:20	132	grating_off	staircase	16	green	right	aware	1	0
524.570	0.000	trigger_31	31	524570	Trigger-In:31	132	targets_on_fp_color_change	staircase	16	green	right	aware	1	0
525.555	0.000	trigger_201	201	525555	Trigger-In:201	132	trial_end_completed	staircase	16	green	right	aware	1	0
526.625	0.000	trigger_101	101	526625	Trigger-In:101	133	trial_start	staircase	15	green	left	unaware	1	0
526.730	0.000	trigger_11	11	526730	Trigger-In:11	133	fixation_point_on	staircase	15	green	left	unaware	1	0
527.330	0.000	trigger_21	21	527330	Trigger-In:21	133	grating_on	staircase	15	green	left	unaware	1	0
527.380	0.000	trigger_20	20	527380	Trigger-In:20	133	grating_off	staircase	15	green	left	unaware	1	0
527.980	0.000	trigger_31	31	527980	Trigger-In:31	133	targets_on_fp_color_change	staircase	15	green	left	unaware	1	0
529.135	0.000	trigger_201	201	529135	Trigger-In:201	133	trial_end_completed	staircase	15	green	left	unaware	1	0
530.205	0.000	trigger_101	101	530205	Trigger-In:101	134	trial_start	staircase	16	green	right	aware	1	0
530.315	0.000	trigger_11	11	530315	Trigger-In:11	134	fixation_point_on	staircase	16	green	right	aware	1	0
530.915	0.000	trigger_21	21	530915	Trigger-In:21	134	grating_on	staircase	16	green	right	aware	1	0
530.965	0.000	trigger_20	20	530965	Trigger-In:20	134	grating_off	staircase	16	green	right	aware	1	0
531.565	0.000	trigger_31	31	531565	Trigger-In:31	134	targets_on_fp_color_change	staircase	16	green	right	aware	1	0
532.470	0.000	trigger_201	201	532470	Trigger-In:201	134	trial_end_completed	staircase	16	green	right	aware	1	0
533.540	0.000	trigger_101	101	533540	Trigger-In:101	135	trial_start	staircase	15	red	left	aware	1	0
533.645	0.000	trigger_11	11	533645	Trigger-In:11	135	fixation_point_on	staircase	15	red	left	aware	1	0
534.240	0.000	trigger_21	21	534240	Trigger-In:21	135	grating_on	staircase	15	red	left	aware	1	0
534.295	0.000	trigger_20	20	534295	Trigger-In:20	135	grating_off	staircase	15	red	left	aware	1	0
534.895	0.000	trigger_31	31	534895	Trigger-In:31	135	targets_on_fp_color_change	staircase	15	red	left	aware	1	0
536.270	0.000	trigger_201	201	536270	Trigger-In:201	135	trial_end_completed	staircase	15	red	left	aware	1	0
537.340	0.000	trigger_101	101	537340	Trigger-In:101	136	trial_start	salient	0	green	left	unaware	1	0
537.445	0.000	trigger_11	11	537445	Trigger-In:11	136	fixation_point_on	salient	0	green	left	unaware	1	0
538.045	0.000	trigger_21	21	538045	Trigger-In:21	136	grating_on	salient	0	green	left	unaware	1	0
538.095	0.000	trigger_20	20	538095	Trigger-In:20	136	grating_off	salient	0	green	left	unaware	1	0
538.695	0.000	trigger_31	31	538695	Trigger-In:31	136	targets_on_fp_color_change	salient	0	green	left	unaware	1	0
540.170	0.000	trigger_201	201	540170	Trigger-In:201	136	trial_end_completed	salient	0	green	left	unaware	1	0
541.240	0.000	trigger_101	101	541240	Trigger-In:101	137	trial_start	salient	0	red	right	unaware	1	0
541.345	0.000	trigger_11	11	541345	Trigger-In:11	137	fixation_point_on	salient	0	red	right	unaware	1	0
541.950	0.000	trigger_21	21	541950	Trigger-In:21	137	grating_on	salient	0	red	right	unaware	1	0
542.000	0.000	trigger_20	20	542000	Trigger-In:20	137	grating_off	salient	0	red	right	unaware	1	0
542.600	0.000	trigger_31	31	542600	Trigger-In:31	137	targets_on_fp_color_change	salient	0	red	right	unaware	1	0
544.220	0.000	trigger_201	201	544220	Trigger-In:201	137	trial_end_completed	salient	0	red	right	unaware	1	0
545.285	0.000	trigger_101	101	545285	Trigger-In:101	138	trial_start	absent	70	green	right	aware	1	0
545.395	0.000	trigger_11	11	545395	Trigger-In:11	138	fixation_point_on	absent	70	green	right	aware	1	0
545.995	0.000	trigger_21	21	545995	Trigger-In:21	138	grating_on	absent	70	green	right	aware	1	0
546.045	0.000	trigger_20	20	546045	Trigger-In:20	138	grating_off	absent	70	green	right	aware	1	0
546.645	0.000	trigger_31	31	546645	Trigger-In:31	138	targets_on_fp_color_change	absent	70	green	right	aware	1	0
547.335	0.000	trigger_201	201	547335	Trigger-In:201	138	trial_end_completed	absent	70	green	right	aware	1	0
548.405	0.000	trigger_101	101	548405	Trigger-In:101	139	trial_start	absent	70	red	left	aware	1	0
548.510	0.000	trigger_11	11	548510	Trigger-In:11	139	fixation_point_on	absent	70	red	left	aware	1	0
549.110	0.000	trigger_21	21	549110	Trigger-In:21	139	grating_on	absent	70	red	left	aware	1	0
549.160	0.000	trigger_20	20	549160	Trigger-In:20	139	grating_off	absent	70	red	left	aware	1	0
549.760	0.000	trigger_31	31	549760	Trigger-In:31	139	targets_on_fp_color_change	absent	70	red	left	aware	1	0
550.850	0.000	trigger_201	201	550850	Trigger-In:201	139	trial_end_completed	absent	70	red	left	aware	1	0
551.915	0.000	trigger_101	101	551915	Trigger-In:101	140	trial_start	staircase	14	green	right	aware	1	0
552.020	0.000	trigger_11	11	552020	Trigger-In:11	140	fixation_point_on	staircase	14	green	right	aware	1	0
552.625	0.000	trigger_21	21	552625	Trigger-In:21	140	grating_on	staircase	14	green	right	aware	1	0
552.675	0.000	trigger_20	20	552675	Trigger-In:20	140	grating_off	staircase	14	green	right	aware	1	0
553.275	0.000	trigger_31	31	553275	Trigger-In:31	140	targets_on_fp_color_change	staircase	14	green	right	aware	1	0
554.845	0.000	trigger_201	201	554845	Trigger-In:201	140	trial_end_completed	staircase	14	green	right	aware	1	0
555.915	0.000	trigger_101	101	555915	Trigger-In:101	141	trial_start	staircase	13	green	left	unaware	1	0
556.020	0.000	trigger_11	11	556020	Trigger-In:11	141	fixation_point_on	staircase	13	green	left	unaware	1	0
556.620	0.000	trigger_21	21	556620	Trigger-In:21	141	grating_on	staircase	13	green	left	unaware	1	0
556.670	0.000	trigger_20	20	556670	Trigger-In:20	141	grating_off	staircase	13	green	left	unaware	1	0
557.275	0.000	trigger_31	31	557275	Trigger-In:31	141	targets_on_fp_color_change	staircase	13	green	left	unaware	1	0
558.510	0.000	trigger_201	201	558510	Trigger-In:201	141	trial_end_completed	staircase	13	green	left	unaware	1	0
559.580	0.000	trigger_101	101	559580	Trigger-In:101	142	trial_start	salient	0	green	left	unaware	1	0
559.685	0.000	trigger_11	11	559685	Trigger-In:11	142	fixation_point_on	salient	0	green	left	unaware	1	0
560.290	0.000	trigger_21	21	560290	Trigger-In:21	142	grating_on	salient	0	green	left	unaware	1	0
560.340	0.000	trigger_20	20	560340	Trigger-In:20	142	grating_off	salient	0	green	left	unaware	1	0
560.940	0.000	trigger_31	31	560940	Trigger-In:31	142	targets_on_fp_color_change	salient	0	green	left	unaware	1	0
562.060	0.000	trigger_201	201	562060	Trigger-In:201	142	trial_end_completed	salient	0	green	left	unaware	1	0
563.130	0.000	trigger_101	101	563130	Trigger-In:101	143	trial_start	staircase	14	green	left	unaware	1	0
563.240	0.000	trigger_11	11	563240	Trigger-In:11	143	fixation_point_on	staircase	14	green	left	unaware	1	0
563.840	0.000	trigger_21	21	563840	Trigger-In:21	143	grating_on	staircase	14	green	left	unaware	1	0
563.890	0.000	trigger_20	20	563890	Trigger-In:20	143	grating_off	staircase	14	green	left	unaware	1	0
564.490	0.000	trigger_31	31	564490	Trigger-In:31	143	targets_on_fp_color_change	staircase	14	green	left	unaware	1	0
565.345	0.000	trigger_201	201	565345	Trigger-In:201	143	trial_end_completed	staircase	14	green	left	unaware	1	0
566.415	0.000	trigger_101	101	566415	Trigger-In:101	144	trial_start	staircase	15	green	left	unaware	1	0
566.520	0.000	trigger_11	11	566520	Trigger-In:11	144	fixation_point_on	staircase	15	green	left	unaware	1	0
567.120	0.000	trigger_21	21	567120	Trigger-In:21	144	grating_on	staircase	15	green	left	unaware	1	0
567.170	0.000	trigger_20	20	567170	Trigger-In:20	144	grating_off	staircase	15	green	left	unaware	1	0
567.770	0.000	trigger_31	31	567770	Trigger-In:31	144	targets_on_fp_color_change	staircase	15	green	left	unaware	1	0
569.360	0.000	trigger_201	201	569360	Trigger-In:201	144	trial_end_completed	staircase	15	green	left	unaware	1	0
570.435	0.000	trigger_101	101	570435	Trigger-In:101	145	trial_start	staircase	16	red	left	aware	1	0
570.540	0.000	trigger_11	11	570540	Trigger-In:11	145	fixation_point_on	staircase	16	red	left	aware	1	0
571.140	0.000	trigger_21	21	571140	Trigger-In:21	145	grating_on	staircase	16	red	left	aware	1	0
571.195	0.000	trigger_20	20	571195	Trigger-In:20	145	grating_off	staircase	16	red	left	aware	1	0
571.795	0.000	trigger_31	31	571795	Trigger-In:31	145	targets_on_fp_color_change	staircase	16	red	left	aware	1	0
572.870	0.000	trigger_201	201	572870	Trigger-In:201	145	trial_end_completed	staircase	16	red	left	aware	1	0
573.940	0.000	trigger_101	101	573940	Trigger-In:101	146	trial_start	staircase	15	green	right	aware	1	0
574.045	0.000	trigger_11	11	574045	Trigger-In:11	146	fixation_point_on	staircase	15	green	right	aware	1	0
574.645	0.000	trigger_21	21	574645	Trigger-In:21	146	grating_on	staircase	15	green	right	aware	1	0
574.700	0.000	trigger_20	20	574700	Trigger-In:20	146	grating_off	staircase	15	green	right	aware	1	0
575.300	0.000	trigger_31	31	575300	Trigger-In:31	146	targets_on_fp_color_change	staircase	15	green	right	aware	1	0
576.410	0.000	trigger_201	201	576410	Trigger-In:201	146	trial_end_completed	staircase	15	green	right	aware	1	0
577.480	0.000	trigger_101	101	577480	Trigger-In:101	147	trial_start	staircase	14	green	n/a	n/a	0	0
577.585	0.000	trigger_11	11	577585	Trigger-In:11	147	fixation_point_on	staircase	14	green	n/a	n/a	0	0
578.185	0.000	trigger_21	21	578185	Trigger-In:21	147	grating_on	staircase	14	green	n/a	n/a	0	0
578.235	0.000	trigger_20	20	578235	Trigger-In:20	147	grating_off	staircase	14	green	n/a	n/a	0	0
578.835	0.000	trigger_31	31	578835	Trigger-In:31	147	targets_on_fp_color_change	staircase	14	green	n/a	n/a	0	0
580.800	0.000	trigger_203	203	580800	Trigger-In:203	147	trial_end_not_completed	staircase	14	green	n/a	n/a	0	0
581.900	0.000	trigger_101	101	581900	Trigger-In:101	148	trial_start	staircase	14	green	left	unaware	1	0
582.035	0.000	trigger_11	11	582035	Trigger-In:11	148	fixation_point_on	staircase	14	green	left	unaware	1	0
582.635	0.000	trigger_21	21	582635	Trigger-In:21	148	grating_on	staircase	14	green	left	unaware	1	0
582.685	0.000	trigger_20	20	582685	Trigger-In:20	148	grating_off	staircase	14	green	left	unaware	1	0
583.285	0.000	trigger_31	31	583285	Trigger-In:31	148	targets_on_fp_color_change	staircase	14	green	left	unaware	1	0
585.130	0.000	trigger_201	201	585130	Trigger-In:201	148	trial_end_completed	staircase	14	green	left	unaware	1	0
586.195	0.000	trigger_101	101	586195	Trigger-In:101	149	trial_start	staircase	15	red	right	unaware	1	0
586.300	0.000	trigger_11	11	586300	Trigger-In:11	149	fixation_point_on	staircase	15	red	right	unaware	1	0
586.900	0.000	trigger_21	21	586900	Trigger-In:21	149	grating_on	staircase	15	red	right	unaware	1	0
586.950	0.000	trigger_20	20	586950	Trigger-In:20	149	grating_off	staircase	15	red	right	unaware	1	0
587.550	0.000	trigger_31	31	587550	Trigger-In:31	149	targets_on_fp_color_change	staircase	15	red	right	unaware	1	0
588.950	0.000	trigger_201	201	588950	Trigger-In:201	149	trial_end_completed	staircase	15	red	right	unaware	1	0
590.020	0.000	trigger_101	101	590020	Trigger-In:101	150	trial_start	staircase	16	red	n/a	n/a	0	0
590.125	0.000	trigger_11	11	590125	Trigger-In:11	150	fixation_point_on	staircase	16	red	n/a	n/a	0	0
590.730	0.000	trigger_21	21	590730	Trigger-In:21	150	grating_on	staircase	16	red	n/a	n/a	0	0
590.780	0.000	trigger_20	20	590780	Trigger-In:20	150	grating_off	staircase	16	red	n/a	n/a	0	0
591.380	0.000	trigger_31	31	591380	Trigger-In:31	150	targets_on_fp_color_change	staircase	16	red	n/a	n/a	0	0
593.345	0.000	trigger_203	203	593345	Trigger-In:203	150	trial_end_not_completed	staircase	16	red	n/a	n/a	0	0
594.450	0.000	trigger_101	101	594450	Trigger-In:101	151	trial_start	staircase	16	green	right	aware	1	0
594.555	0.000	trigger_11	11	594555	Trigger-In:11	151	fixation_point_on	staircase	16	green	right	aware	1	0
595.155	0.000	trigger_21	21	595155	Trigger-In:21	151	grating_on	staircase	16	green	right	aware	1	0
595.205	0.000	trigger_20	20	595205	Trigger-In:20	151	grating_off	staircase	16	green	right	aware	1	0
595.805	0.000	trigger_31	31	595805	Trigger-In:31	151	targets_on_fp_color_change	staircase	16	green	right	aware	1	0
596.675	0.000	trigger_201	201	596675	Trigger-In:201	151	trial_end_completed	staircase	16	green	right	aware	1	0
597.745	0.000	trigger_101	101	597745	Trigger-In:101	152	trial_start	salient	0	green	left	unaware	1	0
597.850	0.000	trigger_11	11	597850	Trigger-In:11	152	fixation_point_on	salient	0	green	left	unaware	1	0
598.450	0.000	trigger_21	21	598450	Trigger-In:21	152	grating_on	salient	0	green	left	unaware	1	0
598.500	0.000	trigger_20	20	598500	Trigger-In:20	152	grating_off	salient	0	green	left	unaware	1	0
599.100	0.000	trigger_31	31	599100	Trigger-In:31	152	targets_on_fp_color_change	salient	0	green	left	unaware	1	0
601.000	0.000	trigger_201	201	601000	Trigger-In:201	152	trial_end_completed	salient	0	green	left	unaware	1	0
602.070	0.000	trigger_101	101	602070	Trigger-In:101	153	trial_start	staircase	15	red	right	unaware	1	0
602.170	0.000	trigger_11	11	602170	Trigger-In:11	153	fixation_point_on	staircase	15	red	right	unaware	1	0
602.770	0.000	trigger_21	21	602770	Trigger-In:21	153	grating_on	staircase	15	red	right	unaware	1	0
602.820	0.000	trigger_20	20	602820	Trigger-In:20	153	grating_off	staircase	15	red	right	unaware	1	0
603.425	0.000	trigger_31	31	603425	Trigger-In:31	153	targets_on_fp_color_change	staircase	15	red	right	unaware	1	0
604.565	0.000	trigger_201	201	604565	Trigger-In:201	153	trial_end_completed	staircase	15	red	right	unaware	1	0
605.640	0.000	trigger_101	101	605640	Trigger-In:101	154	trial_start	salient	0	red	right	unaware	1	0
605.740	0.000	trigger_11	11	605740	Trigger-In:11	154	fixation_point_on	salient	0	red	right	unaware	1	0
606.340	0.000	trigger_21	21	606340	Trigger-In:21	154	grating_on	salient	0	red	right	unaware	1	0
606.390	0.000	trigger_20	20	606390	Trigger-In:20	154	grating_off	salient	0	red	right	unaware	1	0
606.990	0.000	trigger_31	31	606990	Trigger-In:31	154	targets_on_fp_color_change	salient	0	red	right	unaware	1	0
608.080	0.000	trigger_201	201	608080	Trigger-In:201	154	trial_end_completed	salient	0	red	right	unaware	1	0
609.150	0.000	trigger_101	101	609150	Trigger-In:101	155	trial_start	staircase	16	red	right	unaware	1	0
609.250	0.000	trigger_11	11	609250	Trigger-In:11	155	fixation_point_on	staircase	16	red	right	unaware	1	0
609.850	0.000	trigger_21	21	609850	Trigger-In:21	155	grating_on	staircase	16	red	right	unaware	1	0
609.905	0.000	trigger_20	20	609905	Trigger-In:20	155	grating_off	staircase	16	red	right	unaware	1	0
610.505	0.000	trigger_31	31	610505	Trigger-In:31	155	targets_on_fp_color_change	staircase	16	red	right	unaware	1	0
611.610	0.000	trigger_201	201	611610	Trigger-In:201	155	trial_end_completed	staircase	16	red	right	unaware	1	0
612.680	0.000	trigger_101	101	612680	Trigger-In:101	156	trial_start	salient	0	red	right	unaware	1	0
612.785	0.000	trigger_11	11	612785	Trigger-In:11	156	fixation_point_on	salient	0	red	right	unaware	1	0
613.385	0.000	trigger_21	21	613385	Trigger-In:21	156	grating_on	salient	0	red	right	unaware	1	0
613.440	0.000	trigger_20	20	613440	Trigger-In:20	156	grating_off	salient	0	red	right	unaware	1	0
614.040	0.000	trigger_31	31	614040	Trigger-In:31	156	targets_on_fp_color_change	salient	0	red	right	unaware	1	0
614.860	0.000	trigger_201	201	614860	Trigger-In:201	156	trial_end_completed	salient	0	red	right	unaware	1	0
615.930	0.000	trigger_101	101	615930	Trigger-In:101	157	trial_start	staircase	17	green	left	unaware	1	0
616.035	0.000	trigger_11	11	616035	Trigger-In:11	157	fixation_point_on	staircase	17	green	left	unaware	1	0
616.635	0.000	trigger_21	21	616635	Trigger-In:21	157	grating_on	staircase	17	green	left	unaware	1	0
616.685	0.000	trigger_20	20	616685	Trigger-In:20	157	grating_off	staircase	17	green	left	unaware	1	0
617.290	0.000	trigger_31	31	617290	Trigger-In:31	157	targets_on_fp_color_change	staircase	17	green	left	unaware	1	0
618.055	0.000	trigger_201	201	618055	Trigger-In:201	157	trial_end_completed	staircase	17	green	left	unaware	1	0
619.125	0.000	trigger_101	101	619125	Trigger-In:101	158	trial_start	staircase	18	red	n/a	n/a	0	0
619.230	0.000	trigger_11	11	619230	Trigger-In:11	158	fixation_point_on	staircase	18	red	n/a	n/a	0	0
619.830	0.000	trigger_21	21	619830	Trigger-In:21	158	grating_on	staircase	18	red	n/a	n/a	0	0
619.885	0.000	trigger_20	20	619885	Trigger-In:20	158	grating_off	staircase	18	red	n/a	n/a	0	0
620.485	0.000	trigger_31	31	620485	Trigger-In:31	158	targets_on_fp_color_change	staircase	18	red	n/a	n/a	0	0
622.450	0.000	trigger_203	203	622450	Trigger-In:203	158	trial_end_not_completed	staircase	18	red	n/a	n/a	0	0
623.550	0.000	trigger_101	101	623550	Trigger-In:101	159	trial_start	staircase	18	green	left	unaware	1	0
623.655	0.000	trigger_11	11	623655	Trigger-In:11	159	fixation_point_on	staircase	18	green	left	unaware	1	0
624.255	0.000	trigger_21	21	624255	Trigger-In:21	159	grating_on	staircase	18	green	left	unaware	1	0
624.305	0.000	trigger_20	20	624305	Trigger-In:20	159	grating_off	staircase	18	green	left	unaware	1	0
624.905	0.000	trigger_31	31	624905	Trigger-In:31	159	targets_on_fp_color_change	staircase	18	green	left	unaware	1	0
626.700	0.000	trigger_201	201	626700	Trigger-In:201	159	trial_end_completed	staircase	18	green	left	unaware	1	0
627.770	0.000	trigger_101	101	627770	Trigger-In:101	160	trial_start	staircase	19	red	n/a	n/a	0	0
627.885	0.000	trigger_11	11	627885	Trigger-In:11	160	fixation_point_on	staircase	19	red	n/a	n/a	0	0
628.485	0.000	trigger_21	21	628485	Trigger-In:21	160	grating_on	staircase	19	red	n/a	n/a	0	0
628.535	0.000	trigger_20	20	628535	Trigger-In:20	160	grating_off	staircase	19	red	n/a	n/a	0	0
629.135	0.000	trigger_31	31	629135	Trigger-In:31	160	targets_on_fp_color_change	staircase	19	red	n/a	n/a	0	0
631.105	0.000	trigger_203	203	631105	Trigger-In:203	160	trial_end_not_completed	staircase	19	red	n/a	n/a	0	0
632.200	0.000	trigger_101	101	632200	Trigger-In:101	161	trial_start	staircase	19	green	left	unaware	1	0
632.310	0.000	trigger_11	11	632310	Trigger-In:11	161	fixation_point_on	staircase	19	green	left	unaware	1	0
632.910	0.000	trigger_21	21	632910	Trigger-In:21	161	grating_on	staircase	19	green	left	unaware	1	0
632.960	0.000	trigger_20	20	632960	Trigger-In:20	161	grating_off	staircase	19	green	left	unaware	1	0
633.560	0.000	trigger_31	31	633560	Trigger-In:31	161	targets_on_fp_color_change	staircase	19	green	left	unaware	1	0
635.330	0.000	trigger_201	201	635330	Trigger-In:201	161	trial_end_completed	staircase	19	green	left	unaware	1	0
636.400	0.000	trigger_101	101	636400	Trigger-In:101	162	trial_start	staircase	20	green	left	unaware	1	0
636.505	0.000	trigger_11	11	636505	Trigger-In:11	162	fixation_point_on	staircase	20	green	left	unaware	1	0
637.105	0.000	trigger_21	21	637105	Trigger-In:21	162	grating_on	staircase	20	green	left	unaware	1	0
637.155	0.000	trigger_20	20	637155	Trigger-In:20	162	grating_off	staircase	20	green	left	unaware	1	0
637.755	0.000	trigger_31	31	637755	Trigger-In:31	162	targets_on_fp_color_change	staircase	20	green	left	unaware	1	0
638.790	0.000	trigger_201	201	638790	Trigger-In:201	162	trial_end_completed	staircase	20	green	left	unaware	1	0
639.860	0.000	trigger_101	101	639860	Trigger-In:101	163	trial_start	salient	0	green	left	unaware	1	0
639.965	0.000	trigger_11	11	639965	Trigger-In:11	163	fixation_point_on	salient	0	green	left	unaware	1	0
640.570	0.000	trigger_21	21	640570	Trigger-In:21	163	grating_on	salient	0	green	left	unaware	1	0
640.620	0.000	trigger_20	20	640620	Trigger-In:20	163	grating_off	salient	0	green	left	unaware	1	0
641.220	0.000	trigger_31	31	641220	Trigger-In:31	163	targets_on_fp_color_change	salient	0	green	left	unaware	1	0
642.285	0.000	trigger_201	201	642285	Trigger-In:201	163	trial_end_completed	salient	0	green	left	unaware	1	0
643.350	0.000	trigger_101	101	643350	Trigger-In:101	164	trial_start	staircase	21	green	right	aware	1	0
643.460	0.000	trigger_11	11	643460	Trigger-In:11	164	fixation_point_on	staircase	21	green	right	aware	1	0
644.060	0.000	trigger_21	21	644060	Trigger-In:21	164	grating_on	staircase	21	green	right	aware	1	0
644.110	0.000	trigger_20	20	644110	Trigger-In:20	164	grating_off	staircase	21	green	right	aware	1	0
644.710	0.000	trigger_31	31	644710	Trigger-In:31	164	targets_on_fp_color_change	staircase	21	green	right	aware	1	0
645.745	0.000	trigger_201	201	645745	Trigger-In:201	164	trial_end_completed	staircase	21	green	right	aware	1	0
646.815	0.000	trigger_101	101	646815	Trigger-In:101	165	trial_start	staircase	20	red	left	aware	1	0
646.920	0.000	trigger_11	11	646920	Trigger-In:11	165	fixation_point_on	staircase	20	red	left	aware	1	0
647.520	0.000	trigger_21	21	647520	Trigger-In:21	165	grating_on	staircase	20	red	left	aware	1	0
647.570	0.000	trigger_20	20	647570	Trigger-In:20	165	grating_off	staircase	20	red	left	aware	1	0
648.175	0.000	trigger_31	31	648175	Trigger-In:31	165	targets_on_fp_color_change	staircase	20	red	left	aware	1	0
649.040	0.000	trigger_201	201	649040	Trigger-In:201	165	trial_end_completed	staircase	20	red	left	aware	1	0
650.110	0.000	trigger_101	101	650110	Trigger-In:101	166	trial_start	staircase	19	green	right	aware	1	0
650.215	0.000	trigger_11	11	650215	Trigger-In:11	166	fixation_point_on	staircase	19	green	right	aware	1	0
650.820	0.000	trigger_21	21	650820	Trigger-In:21	166	grating_on	staircase	19	green	right	aware	1	0
650.870	0.000	trigger_20	20	650870	Trigger-In:20	166	grating_off	staircase	19	green	right	aware	1	0
651.470	0.000	trigger_31	31	651470	Trigger-In:31	166	targets_on_fp_color_change	staircase	19	green	right	aware	1	0
652.345	0.000	trigger_201	201	652345	Trigger-In:201	166	trial_end_completed	staircase	19	green	right	aware	1	0
653.415	0.000	trigger_101	101	653415	Trigger-In:101	167	trial_start	staircase	18	red	left	aware	1	0
653.520	0.000	trigger_11	11	653520	Trigger-In:11	167	fixation_point_on	staircase	18	red	left	aware	1	0
654.120	0.000	trigger_21	21	654120	Trigger-In:21	167	grating_on	staircase	18	red	left	aware	1	0
654.170	0.000	trigger_20	20	654170	Trigger-In:20	167	grating_off	staircase	18	red	left	aware	1	0
654.770	0.000	trigger_31	31	654770	Trigger-In:31	167	targets_on_fp_color_change	staircase	18	red	left	aware	1	0
655.650	0.000	trigger_201	201	655650	Trigger-In:201	167	trial_end_completed	staircase	18	red	left	aware	1	0
656.720	0.000	trigger_101	101	656720	Trigger-In:101	168	trial_start	staircase	17	green	right	aware	1	0
656.825	0.000	trigger_11	11	656825	Trigger-In:11	168	fixation_point_on	staircase	17	green	right	aware	1	0
657.425	0.000	trigger_21	21	657425	Trigger-In:21	168	grating_on	staircase	17	green	right	aware	1	0
657.475	0.000	trigger_20	20	657475	Trigger-In:20	168	grating_off	staircase	17	green	right	aware	1	0
658.075	0.000	trigger_31	31	658075	Trigger-In:31	168	targets_on_fp_color_change	staircase	17	green	right	aware	1	0
659.345	0.000	trigger_201	201	659345	Trigger-In:201	168	trial_end_completed	staircase	17	green	right	aware	1	0
660.415	0.000	trigger_101	101	660415	Trigger-In:101	169	trial_start	absent	70	red	left	aware	1	0
660.520	0.000	trigger_11	11	660520	Trigger-In:11	169	fixation_point_on	absent	70	red	left	aware	1	0
661.120	0.000	trigger_21	21	661120	Trigger-In:21	169	grating_on	absent	70	red	left	aware	1	0
661.175	0.000	trigger_20	20	661175	Trigger-In:20	169	grating_off	absent	70	red	left	aware	1	0
661.775	0.000	trigger_31	31	661775	Trigger-In:31	169	targets_on_fp_color_change	absent	70	red	left	aware	1	0
663.395	0.000	trigger_201	201	663395	Trigger-In:201	169	trial_end_completed	absent	70	red	left	aware	1	0
664.465	0.000	trigger_101	101	664465	Trigger-In:101	170	trial_start	staircase	16	red	left	aware	1	0
664.570	0.000	trigger_11	11	664570	Trigger-In:11	170	fixation_point_on	staircase	16	red	left	aware	1	0
665.170	0.000	trigger_21	21	665170	Trigger-In:21	170	grating_on	staircase	16	red	left	aware	1	0
665.220	0.000	trigger_20	20	665220	Trigger-In:20	170	grating_off	staircase	16	red	left	aware	1	0
665.820	0.000	trigger_31	31	665820	Trigger-In:31	170	targets_on_fp_color_change	staircase	16	red	left	aware	1	0
667.175	0.000	trigger_201	201	667175	Trigger-In:201	170	trial_end_completed	staircase	16	red	left	aware	1	0
668.245	0.000	trigger_101	101	668245	Trigger-In:101	171	trial_start	staircase	15	red	left	aware	1	0
668.345	0.000	trigger_11	11	668345	Trigger-In:11	171	fixation_point_on	staircase	15	red	left	aware	1	0
668.945	0.000	trigger_21	21	668945	Trigger-In:21	171	grating_on	staircase	15	red	left	aware	1	0
669.000	0.000	trigger_20	20	669000	Trigger-In:20	171	grating_off	staircase	15	red	left	aware	1	0
669.600	0.000	trigger_31	31	669600	Trigger-In:31	171	targets_on_fp_color_change	staircase	15	red	left	aware	1	0
670.350	0.000	trigger_201	201	670350	Trigger-In:201	171	trial_end_completed	staircase	15	red	left	aware	1	0
671.420	0.000	trigger_101	101	671420	Trigger-In:101	172	trial_start	staircase	14	red	left	aware	1	0
671.525	0.000	trigger_11	11	671525	Trigger-In:11	172	fixation_point_on	staircase	14	red	left	aware	1	0
672.125	0.000	trigger_21	21	672125	Trigger-In:21	172	grating_on	staircase	14	red	left	aware	1	0
672.180	0.000	trigger_20	20	672180	Trigger-In:20	172	grating_off	staircase	14	red	left	aware	1	0
672.780	0.000	trigger_31	31	672780	Trigger-In:31	172	targets_on_fp_color_change	staircase	14	red	left	aware	1	0
673.670	0.000	trigger_201	201	673670	Trigger-In:201	172	trial_end_completed	staircase	14	red	left	aware	1	0
674.740	0.000	trigger_101	101	674740	Trigger-In:101	173	trial_start	staircase	13	green	left	unaware	1	0
674.845	0.000	trigger_11	11	674845	Trigger-In:11	173	fixation_point_on	staircase	13	green	left	unaware	1	0
675.445	0.000	trigger_21	21	675445	Trigger-In:21	173	grating_on	staircase	13	green	left	unaware	1	0
675.495	0.000	trigger_20	20	675495	Trigger-In:20	173	grating_off	staircase	13	green	left	unaware	1	0
676.100	0.000	trigger_31	31	676100	Trigger-In:31	173	targets_on_fp_color_change	staircase	13	green	left	unaware	1	0
677.950	0.000	trigger_201	201	677950	Trigger-In:201	173	trial_end_completed	staircase	13	green	left	unaware	1	0
679.020	0.000	trigger_101	101	679020	Trigger-In:101	174	trial_start	staircase	14	green	left	unaware	1	0
679.120	0.000	trigger_11	11	679120	Trigger-In:11	174	fixation_point_on	staircase	14	green	left	unaware	1	0
679.720	0.000	trigger_21	21	679720	Trigger-In:21	174	grating_on	staircase	14	green	left	unaware	1	0
679.775	0.000	trigger_20	20	679775	Trigger-In:20	174	grating_off	staircase	14	green	left	unaware	1	0
680.375	0.000	trigger_31	31	680375	Trigger-In:31	174	targets_on_fp_color_change	staircase	14	green	left	unaware	1	0
681.190	0.000	trigger_201	201	681190	Trigger-In:201	174	trial_end_completed	staircase	14	green	left	unaware	1	0
682.260	0.000	trigger_101	101	682260	Trigger-In:101	175	trial_start	absent	70	red	left	aware	1	0
682.365	0.000	trigger_11	11	682365	Trigger-In:11	175	fixation_point_on	absent	70	red	left	aware	1	0
682.970	0.000	trigger_21	21	682970	Trigger-In:21	175	grating_on	absent	70	red	left	aware	1	0
683.020	0.000	trigger_20	20	683020	Trigger-In:20	175	grating_off	absent	70	red	left	aware	1	0
683.620	0.000	trigger_31	31	683620	Trigger-In:31	175	targets_on_fp_color_change	absent	70	red	left	aware	1	0
684.560	0.000	trigger_201	201	684560	Trigger-In:201	175	trial_end_completed	absent	70	red	left	aware	1	0
685.635	0.000	trigger_101	101	685635	Trigger-In:101	176	trial_start	salient	0	red	right	unaware	1	0
685.735	0.000	trigger_11	11	685735	Trigger-In:11	176	fixation_point_on	salient	0	red	right	unaware	1	0
686.335	0.000	trigger_21	21	686335	Trigger-In:21	176	grating_on	salient	0	red	right	unaware	1	0
686.385	0.000	trigger_20	20	686385	Trigger-In:20	176	grating_off	salient	0	red	right	unaware	1	0
686.985	0.000	trigger_31	31	686985	Trigger-In:31	176	targets_on_fp_color_change	salient	0	red	right	unaware	1	0
688.610	0.000	trigger_201	201	688610	Trigger-In:201	176	trial_end_completed	salient	0	red	right	unaware	1	0
689.680	0.000	trigger_101	101	689680	Trigger-In:101	177	trial_start	staircase	15	green	left	unaware	1	0
689.785	0.000	trigger_11	11	689785	Trigger-In:11	177	fixation_point_on	staircase	15	green	left	unaware	1	0
690.385	0.000	trigger_21	21	690385	Trigger-In:21	177	grating_on	staircase	15	green	left	unaware	1	0
690.435	0.000	trigger_20	20	690435	Trigger-In:20	177	grating_off	staircase	15	green	left	unaware	1	0
691.040	0.000	trigger_31	31	691040	Trigger-In:31	177	targets_on_fp_color_change	staircase	15	green	left	unaware	1	0
692.265	0.000	trigger_201	201	692265	Trigger-In:201	177	trial_end_completed	staircase	15	green	left	unaware	1	0
693.335	0.000	trigger_101	101	693335	Trigger-In:101	178	trial_start	staircase	16	green	left	unaware	1	0
693.440	0.000	trigger_11	11	693440	Trigger-In:11	178	fixation_point_on	staircase	16	green	left	unaware	1	0
694.040	0.000	trigger_21	21	694040	Trigger-In:21	178	grating_on	staircase	16	green	left	unaware	1	0
694.095	0.000	trigger_20	20	694095	Trigger-In:20	178	grating_off	staircase	16	green	left	unaware	1	0
694.695	0.000	trigger_31	31	694695	Trigger-In:31	178	targets_on_fp_color_change	staircase	16	green	left	unaware	1	0
696.030	0.000	trigger_201	201	696030	Trigger-In:201	178	trial_end_completed	staircase	16	green	left	unaware	1	0
697.100	0.000	trigger_101	101	697100	Trigger-In:101	179	trial_start	staircase	17	green	left	unaware	1	0
697.205	0.000	trigger_11	11	697205	Trigger-In:11	179	fixation_point_on	staircase	17	green	left	unaware	1	0
697.805	0.000	trigger_21	21	697805	Trigger-In:21	179	grating_on	staircase	17	green	left	unaware	1	0
697.855	0.000	trigger_20	20	697855	Trigger-In:20	179	grating_off	staircase	17	green	left	unaware	1	0
698.455	0.000	trigger_31	31	698455	Trigger-In:31	179	targets_on_fp_color_change	staircase	17	green	left	unaware	1	0
699.235	0.000	trigger_201	201	699235	Trigger-In:201	179	trial_end_completed	staircase	17	green	left	unaware	1	0
700.305	0.000	trigger_101	101	700305	Trigger-In:101	180	trial_start	staircase	18	red	left	aware	1	0
700.410	0.000	trigger_11	11	700410	Trigger-In:11	180	fixation_point_on	staircase	18	red	left	aware	1	0
701.015	0.000	trigger_21	21	701015	Trigger-In:21	180	grating_on	staircase	18	red	left	aware	1	0
701.065	0.000	trigger_20	20	701065	Trigger-In:20	180	grating_off	staircase	18	red	left	aware	1	0
701.665	0.000	trigger_31	31	701665	Trigger-In:31	180	targets_on_fp_color_change	staircase	18	red	left	aware	1	0
702.780	0.000	trigger_201	201	702780	Trigger-In:201	180	trial_end_completed	staircase	18	red	left	aware	1	0
