onset	duration	trial_type	value	sample	source_annotation	trial	event_name	stim_presence	contrast	fp_color	response	awareness	trial_complete	fixation_break
52.170	0.000	trigger_101	101	52170	Trigger-In:101	1	trial_start	staircase	18	green	left	unaware	1	0
52.175	0.000	trigger_255	255	52175	Trigger-In:255	1	n/a	staircase	18	green	left	unaware	1	0
52.290	0.000	trigger_11	11	52290	Trigger-In:11	1	fixation_point_on	staircase	18	green	left	unaware	1	0
52.985	0.000	trigger_21	21	52985	Trigger-In:21	1	grating_on	staircase	18	green	left	unaware	1	0
53.070	0.000	trigger_20	20	53070	Trigger-In:20	1	grating_off	staircase	18	green	left	unaware	1	0
53.790	0.000	trigger_31	31	53790	Trigger-In:31	1	targets_on_fp_color_change	staircase	18	green	left	unaware	1	0
55.115	0.000	trigger_201	201	55115	Trigger-In:201	1	trial_end_completed	staircase	18	green	left	unaware	1	0
56.400	0.000	trigger_101	101	56400	Trigger-In:101	2	trial_start	absent	70	green	right	aware	1	0
56.510	0.000	trigger_11	11	56510	Trigger-In:11	2	fixation_point_on	absent	70	green	right	aware	1	0
57.145	0.000	trigger_21	21	57145	Trigger-In:21	2	grating_on	absent	70	green	right	aware	1	0
57.210	0.000	trigger_20	20	57210	Trigger-In:20	2	grating_off	absent	70	green	right	aware	1	0
57.865	0.000	trigger_31	31	57865	Trigger-In:31	2	targets_on_fp_color_change	absent	70	green	right	aware	1	0
58.495	0.000	trigger_201	201	58495	Trigger-In:201	2	trial_end_completed	absent	70	green	right	aware	1	0
59.600	0.000	trigger_101	101	59600	Trigger-In:101	3	trial_start	absent	70	red	n/a	n/a	0	0
59.705	0.000	trigger_11	11	59705	Trigger-In:11	3	fixation_point_on	absent	70	red	n/a	n/a	0	0
60.350	0.000	trigger_21	21	60350	Trigger-In:21	3	grating_on	absent	70	red	n/a	n/a	0	0
60.410	0.000	trigger_20	20	60410	Trigger-In:20	3	grating_off	absent	70	red	n/a	n/a	0	0
61.060	0.000	trigger_31	31	61060	Trigger-In:31	3	targets_on_fp_color_change	absent	70	red	n/a	n/a	0	0
63.300	0.000	trigger_203	203	63300	Trigger-In:203	3	trial_end_not_completed	absent	70	red	n/a	n/a	0	0
64.425	0.000	trigger_101	101	64425	Trigger-In:101	4	trial_start	salient	0	red	right	unaware	1	0
64.695	0.000	trigger_11	11	64695	Trigger-In:11	4	fixation_point_on	salient	0	red	right	unaware	1	0
65.330	0.000	trigger_21	21	65330	Trigger-In:21	4	grating_on	salient	0	red	right	unaware	1	0
65.385	0.000	trigger_20	20	65385	Trigger-In:20	4	grating_off	salient	0	red	right	unaware	1	0
66.040	0.000	trigger_31	31	66040	Trigger-In:31	4	targets_on_fp_color_change	salient	0	red	right	unaware	1	0
67.040	0.000	trigger_201	201	67040	Trigger-In:201	4	trial_end_completed	salient	0	red	right	unaware	1	0
68.130	0.000	trigger_101	101	68130	Trigger-In:101	5	trial_start	staircase	19	red	left	aware	1	0
68.335	0.000	trigger_11	11	68335	Trigger-In:11	5	fixation_point_on	staircase	19	red	left	aware	1	0
68.985	0.000	trigger_21	21	68985	Trigger-In:21	5	grating_on	staircase	19	red	left	aware	1	0
69.040	0.000	trigger_20	20	69040	Trigger-In:20	5	grating_off	staircase	19	red	left	aware	1	0
69.685	0.000	trigger_31	31	69685	Trigger-In:31	5	targets_on_fp_color_change	staircase	19	red	left	aware	1	0
70.575	0.000	trigger_201	201	70575	Trigger-In:201	5	trial_end_completed	staircase	19	red	left	aware	1	0
71.685	0.000	trigger_101	101	71685	Trigger-In:101	6	trial_start	absent	70	red	left	aware	1	0
71.795	0.000	trigger_11	11	71795	Trigger-In:11	6	fixation_point_on	absent	70	red	left	aware	1	0
72.435	0.000	trigger_21	21	72435	Trigger-In:21	6	grating_on	absent	70	red	left	aware	1	0
72.495	0.000	trigger_20	20	72495	Trigger-In:20	6	grating_off	absent	70	red	left	aware	1	0
73.150	0.000	trigger_31	31	73150	Trigger-In:31	6	targets_on_fp_color_change	absent	70	red	left	aware	1	0
73.780	0.000	trigger_201	201	73780	Trigger-In:201	6	trial_end_completed	absent	70	red	left	aware	1	0
74.870	0.000	trigger_101	101	74870	Trigger-In:101	7	trial_start	staircase	18	red	left	aware	1	0
74.975	0.000	trigger_11	11	74975	Trigger-In:11	7	fixation_point_on	staircase	18	red	left	aware	1	0
75.605	0.000	trigger_21	21	75605	Trigger-In:21	7	grating_on	staircase	18	red	left	aware	1	0
75.665	0.000	trigger_20	20	75665	Trigger-In:20	7	grating_off	staircase	18	red	left	aware	1	0
76.305	0.000	trigger_31	31	76305	Trigger-In:31	7	targets_on_fp_color_change	staircase	18	red	left	aware	1	0
77.050	0.000	trigger_201	201	77050	Trigger-In:201	7	trial_end_completed	staircase	18	red	left	aware	1	0
78.135	0.000	trigger_101	101	78135	Trigger-In:101	8	trial_start	staircase	17	red	left	aware	1	0
78.245	0.000	trigger_11	11	78245	Trigger-In:11	8	fixation_point_on	staircase	17	red	left	aware	1	0
78.890	0.000	trigger_21	21	78890	Trigger-In:21	8	grating_on	staircase	17	red	left	aware	1	0
78.955	0.000	trigger_20	20	78955	Trigger-In:20	8	grating_off	staircase	17	red	left	aware	1	0
79.595	0.000	trigger_31	31	79595	Trigger-In:31	8	targets_on_fp_color_change	staircase	17	red	left	aware	1	0
80.225	0.000	trigger_201	201	80225	Trigger-In:201	8	trial_end_completed	staircase	17	red	left	aware	1	0
81.315	0.000	trigger_101	101	81315	Trigger-In:101	9	trial_start	staircase	16	green	right	aware	1	0
81.425	0.000	trigger_11	11	81425	Trigger-In:11	9	fixation_point_on	staircase	16	green	right	aware	1	0
82.090	0.000	trigger_21	21	82090	Trigger-In:21	9	grating_on	staircase	16	green	right	aware	1	0
82.150	0.000	trigger_20	20	82150	Trigger-In:20	9	grating_off	staircase	16	green	right	aware	1	0
82.795	0.000	trigger_31	31	82795	Trigger-In:31	9	targets_on_fp_color_change	staircase	16	green	right	aware	1	0
83.700	0.000	trigger_201	201	83700	Trigger-In:201	9	trial_end_completed	staircase	16	green	right	aware	1	0
84.790	0.000	trigger_101	101	84790	Trigger-In:101	10	trial_start	staircase	15	red	left	aware	1	0
84.895	0.000	trigger_11	11	84895	Trigger-In:11	10	fixation_point_on	staircase	15	red	left	aware	1	0
85.535	0.000	trigger_21	21	85535	Trigger-In:21	10	grating_on	staircase	15	red	left	aware	1	0
85.590	0.000	trigger_20	20	85590	Trigger-In:20	10	grating_off	staircase	15	red	left	aware	1	0
86.270	0.000	trigger_31	31	86270	Trigger-In:31	10	targets_on_fp_color_change	staircase	15	red	left	aware	1	0
87.100	0.000	trigger_201	201	87100	Trigger-In:201	10	trial_end_completed	staircase	15	red	left	aware	1	0
88.185	0.000	trigger_101	101	88185	Trigger-In:101	11	trial_start	salient	0	green	left	unaware	1	0
88.300	0.000	trigger_11	11	88300	Trigger-In:11	11	fixation_point_on	salient	0	green	left	unaware	1	0
88.930	0.000	trigger_21	21	88930	Trigger-In:21	11	grating_on	salient	0	green	left	unaware	1	0
88.985	0.000	trigger_20	20	88985	Trigger-In:20	11	grating_off	salient	0	green	left	unaware	1	0
89.625	0.000	trigger_31	31	89625	Trigger-In:31	11	targets_on_fp_color_change	salient	0	green	left	unaware	1	0
91.015	0.000	trigger_201	201	91015	Trigger-In:201	11	trial_end_completed	salient	0	green	left	unaware	1	0
92.100	0.000	trigger_101	101	92100	Trigger-In:101	12	trial_start	salient	0	green	left	unaware	1	0
92.205	0.000	trigger_11	11	92205	Trigger-In:11	12	fixation_point_on	salient	0	green	left	unaware	1	0
92.845	0.000	trigger_21	21	92845	Trigger-In:21	12	grating_on	salient	0	green	left	unaware	1	0
92.900	0.000	trigger_20	20	92900	Trigger-In:20	12	grating_off	salient	0	green	left	unaware	1	0
93.535	0.000	trigger_31	31	93535	Trigger-In:31	12	targets_on_fp_color_change	salient	0	green	left	unaware	1	0
94.330	0.000	trigger_201	201	94330	Trigger-In:201	12	trial_end_completed	salient	0	green	left	unaware	1	0
95.420	0.000	trigger_101	101	95420	Trigger-In:101	13	trial_start	salient	0	green	left	unaware	1	0
95.525	0.000	trigger_11	11	95525	Trigger-In:11	13	fixation_point_on	salient	0	green	left	unaware	1	0
96.150	0.000	trigger_21	21	96150	Trigger-In:21	13	grating_on	salient	0	green	left	unaware	1	0
96.205	0.000	trigger_20	20	96205	Trigger-In:20	13	grating_off	salient	0	green	left	unaware	1	0
96.850	0.000	trigger_31	31	96850	Trigger-In:31	13	targets_on_fp_color_change	salient	0	green	left	unaware	1	0
97.535	0.000	trigger_201	201	97535	Trigger-In:201	13	trial_end_completed	salient	0	green	left	unaware	1	0
98.625	0.000	trigger_101	101	98625	Trigger-In:101	14	trial_start	staircase	14	green	right	aware	1	0
98.735	0.000	trigger_11	11	98735	Trigger-In:11	14	fixation_point_on	staircase	14	green	right	aware	1	0
99.365	0.000	trigger_21	21	99365	Trigger-In:21	14	grating_on	staircase	14	green	right	aware	1	0
99.420	0.000	trigger_20	20	99420	Trigger-In:20	14	grating_off	staircase	14	green	right	aware	1	0
100.055	0.000	trigger_31	31	100055	Trigger-In:31	14	targets_on_fp_color_change	staircase	14	green	right	aware	1	0
100.695	0.000	trigger_201	201	100695	Trigger-In:201	14	trial_end_completed	staircase	14	green	right	aware	1	0
101.780	0.000	trigger_101	101	101780	Trigger-In:101	15	trial_start	staircase	13	red	left	aware	1	0
101.885	0.000	trigger_11	11	101885	Trigger-In:11	15	fixation_point_on	staircase	13	red	left	aware	1	0
102.515	0.000	trigger_21	21	102515	Trigger-In:21	15	grating_on	staircase	13	red	left	aware	1	0
102.570	0.000	trigger_20	20	102570	Trigger-In:20	15	grating_off	staircase	13	red	left	aware	1	0
103.245	0.000	trigger_31	31	103245	Trigger-In:31	15	targets_on_fp_color_change	staircase	13	red	left	aware	1	0
103.900	0.000	trigger_201	201	103900	Trigger-In:201	15	trial_end_completed	staircase	13	red	left	aware	1	0
104.990	0.000	trigger_101	101	104990	Trigger-In:101	16	trial_start	staircase	12	red	left	aware	1	0
105.095	0.000	trigger_11	11	105095	Trigger-In:11	16	fixation_point_on	staircase	12	red	left	aware	1	0
105.725	0.000	trigger_21	21	105725	Trigger-In:21	16	grating_on	staircase	12	red	left	aware	1	0
105.785	0.000	trigger_20	20	105785	Trigger-In:20	16	grating_off	staircase	12	red	left	aware	1	0
106.420	0.000	trigger_31	31	106420	Trigger-In:31	16	targets_on_fp_color_change	staircase	12	red	left	aware	1	0
107.370	0.000	trigger_201	201	107370	Trigger-In:201	16	trial_end_completed	staircase	12	red	left	aware	1	0
108.455	0.000	trigger_101	101	108455	Trigger-In:101	17	trial_start	absent	70	red	left	aware	1	0
108.570	0.000	trigger_11	11	108570	Trigger-In:11	17	fixation_point_on	absent	70	red	left	aware	1	0
109.195	0.000	trigger_21	21	109195	Trigger-In:21	17	grating_on	absent	70	red	left	aware	1	0
109.255	0.000	trigger_20	20	109255	Trigger-In:20	17	grating_off	absent	70	red	left	aware	1	0
109.890	0.000	trigger_31	31	109890	Trigger-In:31	17	targets_on_fp_color_change	absent	70	red	left	aware	1	0
110.525	0.000	trigger_201	201	110525	Trigger-In:201	17	trial_end_completed	absent	70	red	left	aware	1	0
111.615	0.000	trigger_101	101	111615	Trigger-In:101	18	trial_start	staircase	11	red	left	aware	1	0
111.720	0.000	trigger_11	11	111720	Trigger-In:11	18	fixation_point_on	staircase	11	red	left	aware	1	0
112.345	0.000	trigger_21	21	112345	Trigger-In:21	18	grating_on	staircase	11	red	left	aware	1	0
112.405	0.000	trigger_20	20	112405	Trigger-In:20	18	grating_off	staircase	11	red	left	aware	1	0
113.040	0.000	trigger_31	31	113040	Trigger-In:31	18	targets_on_fp_color_change	staircase	11	red	left	aware	1	0
113.765	0.000	trigger_201	201	113765	Trigger-In:201	18	trial_end_completed	staircase	11	red	left	aware	1	0
114.850	0.000	trigger_101	101	114850	Trigger-In:101	19	trial_start	staircase	10	green	left	unaware	1	0
114.960	0.000	trigger_11	11	114960	Trigger-In:11	19	fixation_point_on	staircase	10	green	left	unaware	1	0
115.595	0.000	trigger_21	21	115595	Trigger-In:21	19	grating_on	staircase	10	green	left	unaware	1	0
115.650	0.000	trigger_20	20	115650	Trigger-In:20	19	grating_off	staircase	10	green	left	unaware	1	0
116.285	0.000	trigger_31	31	116285	Trigger-In:31	19	targets_on_fp_color_change	staircase	10	green	left	unaware	1	0
117.530	0.000	trigger_201	201	117530	Trigger-In:201	19	trial_end_completed	staircase	10	green	left	unaware	1	0
118.620	0.000	trigger_101	101	118620	Trigger-In:101	20	trial_start	staircase	11	green	left	unaware	1	0
118.725	0.000	trigger_11	11	118725	Trigger-In:11	20	fixation_point_on	staircase	11	green	left	unaware	1	0
119.360	0.000	trigger_21	21	119360	Trigger-In:21	20	grating_on	staircase	11	green	left	unaware	1	0
119.415	0.000	trigger_20	20	119415	Trigger-In:20	20	grating_off	staircase	11	green	left	unaware	1	0
120.045	0.000	trigger_31	31	120045	Trigger-In:31	20	targets_on_fp_color_change	staircase	11	green	left	unaware	1	0
120.855	0.000	trigger_201	201	120855	Trigger-In:201	20	trial_end_completed	staircase	11	green	left	unaware	1	0
121.950	0.000	trigger_101	101	121950	Trigger-In:101	21	trial_start	staircase	12	red	left	aware	1	0
122.060	0.000	trigger_11	11	122060	Trigger-In:11	21	fixation_point_on	staircase	12	red	left	aware	1	0
122.690	0.000	trigger_21	21	122690	Trigger-In:21	21	grating_on	staircase	12	red	left	aware	1	0
122.750	0.000	trigger_20	20	122750	Trigger-In:20	21	grating_off	staircase	12	red	left	aware	1	0
123.390	0.000	trigger_31	31	123390	Trigger-In:31	21	targets_on_fp_color_change	staircase	12	red	left	aware	1	0
124.865	0.000	trigger_201	201	124865	Trigger-In:201	21	trial_end_completed	staircase	12	red	left	aware	1	0
125.955	0.000	trigger_101	101	125955	Trigger-In:101	22	trial_start	staircase	11	green	left	unaware	1	0
126.265	0.000	trigger_11	11	126265	Trigger-In:11	22	fixation_point_on	staircase	11	green	left	unaware	1	0
126.900	0.000	trigger_21	21	126900	Trigger-In:21	22	grating_on	staircase	11	green	left	unaware	1	0
126.960	0.000	trigger_20	20	126960	Trigger-In:20	22	grating_off	staircase	11	green	left	unaware	1	0
127.590	0.000	trigger_31	31	127590	Trigger-In:31	22	targets_on_fp_color_change	staircase	11	green	left	unaware	1	0
128.690	0.000	trigger_201	201	128690	Trigger-In:201	22	trial_end_completed	staircase	11	green	left	unaware	1	0
129.780	0.000	trigger_101	101	129780	Trigger-In:101	23	trial_start	staircase	12	red	right	unaware	1	0
129.890	0.000	trigger_11	11	129890	Trigger-In:11	23	fixation_point_on	staircase	12	red	right	unaware	1	0
130.520	0.000	trigger_21	21	130520	Trigger-In:21	23	grating_on	staircase	12	red	right	unaware	1	0
130.575	0.000	trigger_20	20	130575	Trigger-In:20	23	grating_off	staircase	12	red	right	unaware	1	0
131.215	0.000	trigger_31	31	131215	Trigger-In:31	23	targets_on_fp_color_change	staircase	12	red	right	unaware	1	0
131.910	0.000	trigger_201	201	131910	Trigger-In:201	23	trial_end_completed	staircase	12	red	right	unaware	1	0
132.995	0.000	trigger_101	101	132995	Trigger-In:101	24	trial_start	staircase	13	green	right	aware	1	0
133.100	0.000	trigger_11	11	133100	Trigger-In:11	24	fixation_point_on	staircase	13	green	right	aware	1	0
133.730	0.000	trigger_21	21	133730	Trigger-In:21	24	grating_on	staircase	13	green	right	aware	1	0
133.795	0.000	trigger_20	20	133795	Trigger-In:20	24	grating_off	staircase	13	green	right	aware	1	0
134.430	0.000	trigger_31	31	134430	Trigger-In:31	24	targets_on_fp_color_change	staircase	13	green	right	aware	1	0
135.145	0.000	trigger_201	201	135145	Trigger-In:201	24	trial_end_completed	staircase	13	green	right	aware	1	0
136.230	0.000	trigger_101	101	136230	Trigger-In:101	25	trial_start	salient	0	red	right	unaware	1	0
136.340	0.000	trigger_11	11	136340	Trigger-In:11	25	fixation_point_on	salient	0	red	right	unaware	1	0
136.960	0.000	trigger_21	21	136960	Trigger-In:21	25	grating_on	salient	0	red	right	unaware	1	0
137.015	0.000	trigger_20	20	137015	Trigger-In:20	25	grating_off	salient	0	red	right	unaware	1	0
137.650	0.000	trigger_31	31	137650	Trigger-In:31	25	targets_on_fp_color_change	salient	0	red	right	unaware	1	0
138.750	0.000	trigger_201	201	138750	Trigger-In:201	25	trial_end_completed	salient	0	red	right	unaware	1	0
139.845	0.000	trigger_101	101	139845	Trigger-In:101	26	trial_start	staircase	12	red	right	unaware	1	0
139.950	0.000	trigger_11	11	139950	Trigger-In:11	26	fixation_point_on	staircase	12	red	right	unaware	1	0
140.585	0.000	trigger_21	21	140585	Trigger-In:21	26	grating_on	staircase	12	red	right	unaware	1	0
140.645	0.000	trigger_20	20	140645	Trigger-In:20	26	grating_off	staircase	12	red	right	unaware	1	0
141.270	0.000	trigger_31	31	141270	Trigger-In:31	26	targets_on_fp_color_change	staircase	12	red	right	unaware	1	0
142.700	0.000	trigger_201	201	142700	Trigger-In:201	26	trial_end_completed	staircase	12	red	right	unaware	1	0
143.785	0.000	trigger_101	101	143785	Trigger-In:101	27	trial_start	staircase	13	red	right	unaware	1	0
143.900	0.000	trigger_11	11	143900	Trigger-In:11	27	fixation_point_on	staircase	13	red	right	unaware	1	0
144.530	0.000	trigger_21	21	144530	Trigger-In:21	27	grating_on	staircase	13	red	right	unaware	1	0
144.590	0.000	trigger_20	20	144590	Trigger-In:20	27	grating_off	staircase	13	red	right	unaware	1	0
145.225	0.000	trigger_31	31	145225	Trigger-In:31	27	targets_on_fp_color_change	staircase	13	red	right	unaware	1	0
146.300	0.000	trigger_201	201	146300	Trigger-In:201	27	trial_end_completed	staircase	13	red	right	unaware	1	0
147.390	0.000	trigger_101	101	147390	Trigger-In:101	28	trial_start	staircase	14	green	right	aware	1	0
147.495	0.000	trigger_11	11	147495	Trigger-In:11	28	fixation_point_on	staircase	14	green	right	aware	1	0
148.125	0.000	trigger_21	21	148125	Trigger-In:21	28	grating_on	staircase	14	green	right	aware	1	0
148.180	0.000	trigger_20	20	148180	Trigger-In:20	28	grating_off	staircase	14	green	right	aware	1	0
148.815	0.000	trigger_31	31	148815	Trigger-In:31	28	targets_on_fp_color_change	staircase	14	green	right	aware	1	0
149.815	0.000	trigger_201	201	149815	Trigger-In:201	28	trial_end_completed	staircase	14	green	right	aware	1	0
150.900	0.000	trigger_101	101	150900	Trigger-In:101	29	trial_start	staircase	13	red	right	unaware	1	0
151.005	0.000	trigger_11	11	151005	Trigger-In:11	29	fixation_point_on	staircase	13	red	right	unaware	1	0
151.635	0.000	trigger_21	21	151635	Trigger-In:21	29	grating_on	staircase	13	red	right	unaware	1	0
151.690	0.000	trigger_20	20	151690	Trigger-In:20	29	grating_off	staircase	13	red	right	unaware	1	0
152.320	0.000	trigger_31	31	152320	Trigger-In:31	29	targets_on_fp_color_change	staircase	13	red	right	unaware	1	0
153.385	0.000	trigger_201	201	153385	Trigger-In:201	29	trial_end_completed	staircase	13	red	right	unaware	1	0
154.470	0.000	trigger_101	101	154470	Trigger-In:101	30	trial_start	salient	0	green	left	unaware	1	0
154.725	0.000	trigger_11	11	154725	Trigger-In:11	30	fixation_point_on	salient	0	green	left	unaware	1	0
155.355	0.000	trigger_21	21	155355	Trigger-In:21	30	grating_on	salient	0	green	left	unaware	1	0
155.415	0.000	trigger_20	20	155415	Trigger-In:20	30	grating_off	salient	0	green	left	unaware	1	0
156.045	0.000	trigger_31	31	156045	Trigger-In:31	30	targets_on_fp_color_change	salient	0	green	left	unaware	1	0
157.125	0.000	trigger_201	201	157125	Trigger-In:201	30	trial_end_completed	salient	0	green	left	unaware	1	0
158.215	0.000	trigger_101	101	158215	Trigger-In:101	31	trial_start	staircase	14	red	right	unaware	1	0
158.330	0.000	trigger_11	11	158330	Trigger-In:11	31	fixation_point_on	staircase	14	red	right	unaware	1	0
158.960	0.000	trigger_21	21	158960	Trigger-In:21	31	grating_on	staircase	14	red	right	unaware	1	0
159.020	0.000	trigger_20	20	159020	Trigger-In:20	31	grating_off	staircase	14	red	right	unaware	1	0
159.650	0.000	trigger_31	31	159650	Trigger-In:31	31	targets_on_fp_color_change	staircase	14	red	right	unaware	1	0
160.630	0.000	trigger_201	201	160630	Trigger-In:201	31	trial_end_completed	staircase	14	red	right	unaware	1	0
161.715	0.000	trigger_101	101	161715	Trigger-In:101	32	trial_start	salient	0	red	right	unaware	1	0
161.820	0.000	trigger_11	11	161820	Trigger-In:11	32	fixation_point_on	salient	0	red	right	unaware	1	0
162.450	0.000	trigger_21	21	162450	Trigger-In:21	32	grating_on	salient	0	red	right	unaware	1	0
162.505	0.000	trigger_20	20	162505	Trigger-In:20	32	grating_off	salient	0	red	right	unaware	1	0
163.145	0.000	trigger_31	31	163145	Trigger-In:31	32	targets_on_fp_color_change	salient	0	red	right	unaware	1	0
164.240	0.000	trigger_201	201	164240	Trigger-In:201	32	trial_end_completed	salient	0	red	right	unaware	1	0
165.330	0.000	trigger_101	101	165330	Trigger-In:101	33	trial_start	staircase	15	red	left	aware	1	0
165.435	0.000	trigger_11	11	165435	Trigger-In:11	33	fixation_point_on	staircase	15	red	left	aware	1	0
166.065	0.000	trigger_21	21	166065	Trigger-In:21	33	grating_on	staircase	15	red	left	aware	1	0
166.125	0.000	trigger_20	20	166125	Trigger-In:20	33	grating_off	staircase	15	red	left	aware	1	0
166.755	0.000	trigger_31	31	166755	Trigger-In:31	33	targets_on_fp_color_change	staircase	15	red	left	aware	1	0
167.540	0.000	trigger_201	201	167540	Trigger-In:201	33	trial_end_completed	staircase	15	red	left	aware	1	0
168.630	0.000	trigger_101	101	168630	Trigger-In:101	34	trial_start	staircase	14	red	left	aware	1	0
168.895	0.000	trigger_11	11	168895	Trigger-In:11	34	fixation_point_on	staircase	14	red	left	aware	1	0
169.525	0.000	trigger_21	21	169525	Trigger-In:21	34	grating_on	staircase	14	red	left	aware	1	0
169.580	0.000	trigger_20	20	169580	Trigger-In:20	34	grating_off	staircase	14	red	left	aware	1	0
170.215	0.000	trigger_31	31	170215	Trigger-In:31	34	targets_on_fp_color_change	staircase	14	red	left	aware	1	0
170.990	0.000	trigger_201	201	170990	Trigger-In:201	34	trial_end_completed	staircase	14	red	left	aware	1	0
172.075	0.000	trigger_101	101	172075	Trigger-In:101	35	trial_start	salient	0	green	left	unaware	1	0
172.175	0.000	trigger_11	11	172175	Trigger-In:11	35	fixation_point_on	salient	0	green	left	unaware	1	0
172.795	0.000	trigger_21	21	172795	Trigger-In:21	35	grating_on	salient	0	green	left	unaware	1	0
172.850	0.000	trigger_20	20	172850	Trigger-In:20	35	grating_off	salient	0	green	left	unaware	1	0
173.485	0.000	trigger_31	31	173485	Trigger-In:31	35	targets_on_fp_color_change	salient	0	green	left	unaware	1	0
174.605	0.000	trigger_201	201	174605	Trigger-In:201	35	trial_end_completed	salient	0	green	left	unaware	1	0
175.695	0.000	trigger_101	101	175695	Trigger-In:101	36	trial_start	staircase	13	green	left	unaware	1	0
175.795	0.000	trigger_11	11	175795	Trigger-In:11	36	fixation_point_on	staircase	13	green	left	unaware	1	0
176.425	0.000	trigger_21	21	176425	Trigger-In:21	36	grating_on	staircase	13	green	left	unaware	1	0
176.480	0.000	trigger_20	20	176480	Trigger-In:20	36	grating_off	staircase	13	green	left	unaware	1	0
177.110	0.000	trigger_31	31	177110	Trigger-In:31	36	targets_on_fp_color_change	staircase	13	green	left	unaware	1	0
178.180	0.000	trigger_201	201	178180	Trigger-In:201	36	trial_end_completed	staircase	13	green	left	unaware	1	0
179.265	0.000	trigger_101	101	179265	Trigger-In:101	37	trial_start	staircase	14	green	left	unaware	1	0
179.375	0.000	trigger_11	11	179375	Trigger-In:11	37	fixation_point_on	staircase	14	green	left	unaware	1	0
180.035	0.000	trigger_21	21	180035	Trigger-In:21	37	grating_on	staircase	14	green	left	unaware	1	0
180.095	0.000	trigger_20	20	180095	Trigger-In:20	37	grating_off	staircase	14	green	left	unaware	1	0
180.750	0.000	trigger_31	31	180750	Trigger-In:31	37	targets_on_fp_color_change	staircase	14	green	left	unaware	1	0
181.760	0.000	trigger_201	201	181760	Trigger-In:201	37	trial_end_completed	staircase	14	green	left	unaware	1	0
182.855	0.000	trigger_101	101	182855	Trigger-In:101	38	trial_start	salient	0	green	left	unaware	1	0
182.975	0.000	trigger_11	11	182975	Trigger-In:11	38	fixation_point_on	salient	0	green	left	unaware	1	0
183.705	0.000	trigger_21	21	183705	Trigger-In:21	38	grating_on	salient	0	green	left	unaware	1	0
183.765	0.000	trigger_20	20	183765	Trigger-In:20	38	grating_off	salient	0	green	left	unaware	1	0
184.440	0.000	trigger_31	31	184440	Trigger-In:31	38	targets_on_fp_color_change	salient	0	green	left	unaware	1	0
185.230	0.000	trigger_201	201	185230	Trigger-In:201	38	trial_end_completed	salient	0	green	left	unaware	1	0
186.325	0.000	trigger_101	101	186325	Trigger-In:101	39	trial_start	staircase	15	green	right	aware	1	0
186.430	0.000	trigger_11	11	186430	Trigger-In:11	39	fixation_point_on	staircase	15	green	right	aware	1	0
187.080	0.000	trigger_21	21	187080	Trigger-In:21	39	grating_on	staircase	15	green	right	aware	1	0
187.140	0.000	trigger_20	20	187140	Trigger-In:20	39	grating_off	staircase	15	green	right	aware	1	0
187.800	0.000	trigger_31	31	187800	Trigger-In:31	39	targets_on_fp_color_change	staircase	15	green	right	aware	1	0
188.775	0.000	trigger_201	201	188775	Trigger-In:201	39	trial_end_completed	staircase	15	green	right	aware	1	0
189.870	0.000	trigger_101	101	189870	Trigger-In:101	40	trial_start	staircase	14	red	left	aware	1	0
189.975	0.000	trigger_11	11	189975	Trigger-In:11	40	fixation_point_on	staircase	14	red	left	aware	1	0
190.630	0.000	trigger_21	21	190630	Trigger-In:21	40	grating_on	staircase	14	red	left	aware	1	0
190.690	0.000	trigger_20	20	190690	Trigger-In:20	40	grating_off	staircase	14	red	left	aware	1	0
191.345	0.000	trigger_31	31	191345	Trigger-In:31	40	targets_on_fp_color_change	staircase	14	red	left	aware	1	0
193.505	0.000	trigger_201	201	193505	Trigger-In:201	40	trial_end_completed	staircase	14	red	left	aware	1	0
194.600	0.000	trigger_101	101	194600	Trigger-In:101	41	trial_start	salient	0	green	left	unaware	1	0
194.750	0.000	trigger_11	11	194750	Trigger-In:11	41	fixation_point_on	salient	0	green	left	unaware	1	0
195.395	0.000	trigger_21	21	195395	Trigger-In:21	41	grating_on	salient	0	green	left	unaware	1	0
195.455	0.000	trigger_20	20	195455	Trigger-In:20	41	grating_off	salient	0	green	left	unaware	1	0
196.105	0.000	trigger_31	31	196105	Trigger-In:31	41	targets_on_fp_color_change	salient	0	green	left	unaware	1	0
197.700	0.000	trigger_201	201	197700	Trigger-In:201	41	trial_end_completed	salient	0	green	left	unaware	1	0
198.795	0.000	trigger_101	101	198795	Trigger-In:101	42	trial_start	staircase	13	green	left	unaware	1	0
198.900	0.000	trigger_11	11	198900	Trigger-In:11	42	fixation_point_on	staircase	13	green	left	unaware	1	0
199.555	0.000	trigger_21	21	199555	Trigger-In:21	42	grating_on	staircase	13	green	left	unaware	1	0
199.620	0.000	trigger_20	20	199620	Trigger-In:20	42	grating_off	staircase	13	green	left	unaware	1	0
200.270	0.000	trigger_31	31	200270	Trigger-In:31	42	targets_on_fp_color_change	staircase	13	green	left	unaware	1	0
201.335	0.000	trigger_201	201	201335	Trigger-In:201	42	trial_end_completed	staircase	13	green	left	unaware	1	0
202.425	0.000	trigger_101	101	202425	Trigger-In:101	43	trial_start	staircase	14	green	left	unaware	1	0
202.530	0.000	trigger_11	11	202530	Trigger-In:11	43	fixation_point_on	staircase	14	green	left	unaware	1	0
203.185	0.000	trigger_21	21	203185	Trigger-In:21	43	grating_on	staircase	14	green	left	unaware	1	0
203.240	0.000	trigger_20	20	203240	Trigger-In:20	43	grating_off	staircase	14	green	left	unaware	1	0
203.905	0.000	trigger_31	31	203905	Trigger-In:31	43	targets_on_fp_color_change	staircase	14	green	left	unaware	1	0
204.650	0.000	trigger_201	201	204650	Trigger-In:201	43	trial_end_completed	staircase	14	green	left	unaware	1	0
205.740	0.000	trigger_101	101	205740	Trigger-In:101	44	trial_start	staircase	15	green	left	unaware	1	0
205.850	0.000	trigger_11	11	205850	Trigger-In:11	44	fixation_point_on	staircase	15	green	left	unaware	1	0
206.495	0.000	trigger_21	21	206495	Trigger-In:21	44	grating_on	staircase	15	green	left	unaware	1	0
206.555	0.000	trigger_20	20	206555	Trigger-In:20	44	grating_off	staircase	15	green	left	unaware	1	0
207.210	0.000	trigger_31	31	207210	Trigger-In:31	44	targets_on_fp_color_change	staircase	15	green	left	unaware	1	0
208.005	0.000	trigger_201	201	208005	Trigger-In:201	44	trial_end_completed	staircase	15	green	left	unaware	1	0
209.095	0.000	trigger_101	101	209095	Trigger-In:101	45	trial_start	salient	0	red	left	aware	1	0
209.200	0.000	trigger_11	11	209200	Trigger-In:11	45	fixation_point_on	salient	0	red	left	aware	1	0
209.850	0.000	trigger_21	21	209850	Trigger-In:21	45	grating_on	salient	0	red	left	aware	1	0
209.920	0.000	trigger_20	20	209920	Trigger-In:20	45	grating_off	salient	0	red	left	aware	1	0
210.585	0.000	trigger_31	31	210585	Trigger-In:31	45	targets_on_fp_color_change	salient	0	red	left	aware	1	0
212.785	0.000	trigger_201	201	212785	Trigger-In:201	45	trial_end_completed	salient	0	red	left	aware	1	0
214.155	0.000	trigger_101	101	214155	Trigger-In:101	46	trial_start	staircase	16	red	right	unaware	1	0
214.270	0.000	trigger_11	11	214270	Trigger-In:11	46	fixation_point_on	staircase	16	red	right	unaware	1	0
214.925	0.000	trigger_21	21	214925	Trigger-In:21	46	grating_on	staircase	16	red	right	unaware	1	0
214.985	0.000	trigger_20	20	214985	Trigger-In:20	46	grating_off	staircase	16	red	right	unaware	1	0
215.645	0.000	trigger_31	31	215645	Trigger-In:31	46	targets_on_fp_color_change	staircase	16	red	right	unaware	1	0
216.555	0.000	trigger_201	201	216555	Trigger-In:201	46	trial_end_completed	staircase	16	red	right	unaware	1	0
217.650	0.000	trigger_101	101	217650	Trigger-In:101	47	trial_start	staircase	17	red	right	unaware	1	0
217.760	0.000	trigger_11	11	217760	Trigger-In:11	47	fixation_point_on	staircase	17	red	right	unaware	1	0
218.420	0.000	trigger_21	21	218420	Trigger-In:21	47	grating_on	staircase	17	red	right	unaware	1	0
218.480	0.000	trigger_20	20	218480	Trigger-In:20	47	grating_off	staircase	17	red	right	unaware	1	0
219.145	0.000	trigger_31	31	219145	Trigger-In:31	47	targets_on_fp_color_change	staircase	17	red	right	unaware	1	0
220.360	0.000	trigger_201	201	220360	Trigger-In:201	47	trial_end_completed	staircase	17	red	right	unaware	1	0
221.450	0.000	trigger_101	101	221450	Trigger-In:101	48	trial_start	absent	70	red	left	aware	1	0
221.555	0.000	trigger_11	11	221555	Trigger-In:11	48	fixation_point_on	absent	70	red	left	aware	1	0
222.190	0.000	trigger_21	21	222190	Trigger-In:21	48	grating_on	absent	70	red	left	aware	1	0
222.250	0.000	trigger_20	20	222250	Trigger-In:20	48	grating_off	absent	70	red	left	aware	1	0
222.925	0.000	trigger_31	31	222925	Trigger-In:31	48	targets_on_fp_color_change	absent	70	red	left	aware	1	0
223.735	0.000	trigger_201	201	223735	Trigger-In:201	48	trial_end_completed	absent	70	red	left	aware	1	0
224.825	0.000	trigger_101	101	224825	Trigger-In:101	49	trial_start	staircase	18	red	left	aware	1	0
224.950	0.000	trigger_11	11	224950	Trigger-In:11	49	fixation_point_on	staircase	18	red	left	aware	1	0
225.630	0.000	trigger_21	21	225630	Trigger-In:21	49	grating_on	staircase	18	red	left	aware	1	0
225.690	0.000	trigger_20	20	225690	Trigger-In:20	49	grating_off	staircase	18	red	left	aware	1	0
226.345	0.000	trigger_31	31	226345	Trigger-In:31	49	targets_on_fp_color_change	staircase	18	red	left	aware	1	0
226.975	0.000	trigger_201	201	226975	Trigger-In:201	49	trial_end_completed	staircase	18	red	left	aware	1	0
228.070	0.000	trigger_101	101	228070	Trigger-In:101	50	trial_start	staircase	17	green	right	aware	1	0
228.175	0.000	trigger_11	11	228175	Trigger-In:11	50	fixation_point_on	staircase	17	green	right	aware	1	0
228.800	0.000	trigger_21	21	228800	Trigger-In:21	50	grating_on	staircase	17	green	right	aware	1	0
228.855	0.000	trigger_20	20	228855	Trigger-In:20	50	grating_off	staircase	17	green	right	aware	1	0
229.495	0.000	trigger_31	31	229495	Trigger-In:31	50	targets_on_fp_color_change	staircase	17	green	right	aware	1	0
230.195	0.000	trigger_201	201	230195	Trigger-In:201	50	trial_end_completed	staircase	17	green	right	aware	1	0
231.290	0.000	trigger_101	101	231290	Trigger-In:101	51	trial_start	staircase	16	red	left	aware	1	0
231.390	0.000	trigger_11	11	231390	Trigger-In:11	51	fixation_point_on	staircase	16	red	left	aware	1	0
232.040	0.000	trigger_21	21	232040	Trigger-In:21	51	grating_on	staircase	16	red	left	aware	1	0
232.100	0.000	trigger_20	20	232100	Trigger-In:20	51	grating_off	staircase	16	red	left	aware	1	0
232.735	0.000	trigger_31	31	232735	Trigger-In:31	51	targets_on_fp_color_change	staircase	16	red	left	aware	1	0
233.405	0.000	trigger_201	201	233405	Trigger-In:201	51	trial_end_completed	staircase	16	red	left	aware	1	0
234.495	0.000	trigger_101	101	234495	Trigger-In:101	52	trial_start	staircase	15	red	left	aware	1	0
234.600	0.000	trigger_11	11	234600	Trigger-In:11	52	fixation_point_on	staircase	15	red	left	aware	1	0
235.255	0.000	trigger_21	21	235255	Trigger-In:21	52	grating_on	staircase	15	red	left	aware	1	0
235.310	0.000	trigger_20	20	235310	Trigger-In:20	52	grating_off	staircase	15	red	left	aware	1	0
235.990	0.000	trigger_31	31	235990	Trigger-In:31	52	targets_on_fp_color_change	staircase	15	red	left	aware	1	0
236.695	0.000	trigger_201	201	236695	Trigger-In:201	52	trial_end_completed	staircase	15	red	left	aware	1	0
237.800	0.000	trigger_101	101	237800	Trigger-In:101	53	trial_start	staircase	14	green	right	aware	1	0
237.905	0.000	trigger_11	11	237905	Trigger-In:11	53	fixation_point_on	staircase	14	green	right	aware	1	0
238.570	0.000	trigger_21	21	238570	Trigger-In:21	53	grating_on	staircase	14	green	right	aware	1	0
238.630	0.000	trigger_20	20	238630	Trigger-In:20	53	grating_off	staircase	14	green	right	aware	1	0
239.290	0.000	trigger_31	31	239290	Trigger-In:31	53	targets_on_fp_color_change	staircase	14	green	right	aware	1	0
240.230	0.000	trigger_201	201	240230	Trigger-In:201	53	trial_end_completed	staircase	14	green	right	aware	1	0
241.325	0.000	trigger_101	101	241325	Trigger-In:101	54	trial_start	staircase	13	green	right	aware	1	0
241.425	0.000	trigger_11	11	241425	Trigger-In:11	54	fixation_point_on	staircase	13	green	right	aware	1	0
242.065	0.000	trigger_21	21	242065	Trigger-In:21	54	grating_on	staircase	13	green	right	aware	1	0
242.125	0.000	trigger_20	20	242125	Trigger-In:20	54	grating_off	staircase	13	green	right	aware	1	0
242.785	0.000	trigger_31	31	242785	Trigger-In:31	54	targets_on_fp_color_change	staircase	13	green	right	aware	1	0
243.630	0.000	trigger_201	201	243630	Trigger-In:201	54	trial_end_completed	staircase	13	green	right	aware	1	0
244.720	0.000	trigger_101	101	244720	Trigger-In:101	55	trial_start	absent	70	red	left	aware	1	0
244.835	0.000	trigger_11	11	244835	Trigger-In:11	55	fixation_point_on	absent	70	red	left	aware	1	0
245.490	0.000	trigger_21	21	245490	Trigger-In:21	55	grating_on	absent	70	red	left	aware	1	0
245.555	0.000	trigger_20	20	245555	Trigger-In:20	55	grating_off	absent	70	red	left	aware	1	0
246.255	0.000	trigger_31	31	246255	Trigger-In:31	55	targets_on_fp_color_change	absent	70	red	left	aware	1	0
247.095	0.000	trigger_201	201	247095	Trigger-In:201	55	trial_end_completed	absent	70	red	left	aware	1	0
248.185	0.000	trigger_101	101	248185	Trigger-In:101	56	trial_start	staircase	12	green	left	unaware	1	0
248.305	0.000	trigger_11	11	248305	Trigger-In:11	56	fixation_point_on	staircase	12	green	left	unaware	1	0
248.965	0.000	trigger_21	21	248965	Trigger-In:21	56	grating_on	staircase	12	green	left	unaware	1	0
249.020	0.000	trigger_20	20	249020	Trigger-In:20	56	grating_off	staircase	12	green	left	unaware	1	0
249.680	0.000	trigger_31	31	249680	Trigger-In:31	56	targets_on_fp_color_change	staircase	12	green	left	unaware	1	0
250.855	0.000	trigger_201	201	250855	Trigger-In:201	56	trial_end_completed	staircase	12	green	left	unaware	1	0
251.955	0.000	trigger_101	101	251955	Trigger-In:101	57	trial_start	staircase	13	red	right	unaware	1	0
252.065	0.000	trigger_11	11	252065	Trigger-In:11	57	fixation_point_on	staircase	13	red	right	unaware	1	0
252.730	0.000	trigger_21	21	252730	Trigger-In:21	57	grating_on	staircase	13	red	right	unaware	1	0
252.790	0.000	trigger_20	20	252790	Trigger-In:20	57	grating_off	staircase	13	red	right	unaware	1	0
253.455	0.000	trigger_31	31	253455	Trigger-In:31	57	targets_on_fp_color_change	staircase	13	red	right	unaware	1	0
254.075	0.000	trigger_201	201	254075	Trigger-In:201	57	trial_end_completed	staircase	13	red	right	unaware	1	0
255.175	0.000	trigger_101	101	255175	Trigger-In:101	58	trial_start	staircase	14	green	left	unaware	1	0
255.295	0.000	trigger_11	11	255295	Trigger-In:11	58	fixation_point_on	staircase	14	green	left	unaware	1	0
255.950	0.000	trigger_21	21	255950	Trigger-In:21	58	grating_on	staircase	14	green	left	unaware	1	0
256.015	0.000	trigger_20	20	256015	Trigger-In:20	58	grating_off	staircase	14	green	left	unaware	1	0
256.685	0.000	trigger_31	31	256685	Trigger-In:31	58	targets_on_fp_color_change	staircase	14	green	left	unaware	1	0
257.615	0.000	trigger_201	201	257615	Trigger-In:201	58	trial_end_completed	staircase	14	green	left	unaware	1	0
258.720	0.000	trigger_101	101	258720	Trigger-In:101	59	trial_start	staircase	15	green	right	aware	1	0
258.830	0.000	trigger_11	11	258830	Trigger-In:11	59	fixation_point_on	staircase	15	green	right	aware	1	0
259.500	0.000	trigger_21	21	259500	Trigger-In:21	59	grating_on	staircase	15	green	right	aware	1	0
259.560	0.000	trigger_20	20	259560	Trigger-In:20	59	grating_off	staircase	15	green	right	aware	1	0
260.225	0.000	trigger_31	31	260225	Trigger-In:31	59	targets_on_fp_color_change	staircase	15	green	right	aware	1	0
260.885	0.000	trigger_201	201	260885	Trigger-In:201	59	trial_end_completed	staircase	15	green	right	aware	1	0
261.980	0.000	trigger_101	101	261980	Trigger-In:101	60	trial_start	staircase	14	red	left	aware	1	0
262.085	0.000	trigger_11	11	262085	Trigger-In:11	60	fixation_point_on	staircase	14	red	left	aware	1	0
262.725	0.000	trigger_21	21	262725	Trigger-In:21	60	grating_on	staircase	14	red	left	aware	1	0
262.785	0.000	trigger_20	20	262785	Trigger-In:20	60	grating_off	staircase	14	red	left	aware	1	0
263.420	0.000	trigger_31	31	263420	Trigger-In:31	60	targets_on_fp_color_change	staircase	14	red	left	aware	1	0
264.560	0.000	trigger_201	201	264560	Trigger-In:201	60	trial_end_completed	staircase	14	red	left	aware	1	0
265.655	0.000	trigger_101	101	265655	Trigger-In:101	61	trial_start	staircase	13	red	right	unaware	1	0
265.955	0.000	trigger_11	11	265955	Trigger-In:11	61	fixation_point_on	staircase	13	red	right	unaware	1	0
266.600	0.000	trigger_21	21	266600	Trigger-In:21	61	grating_on	staircase	13	red	right	unaware	1	0
266.660	0.000	trigger_20	20	266660	Trigger-In:20	61	grating_off	staircase	13	red	right	unaware	1	0
267.310	0.000	trigger_31	31	267310	Trigger-In:31	61	targets_on_fp_color_change	staircase	13	red	right	unaware	1	0
268.040	0.000	trigger_201	201	268040	Trigger-In:201	61	trial_end_completed	staircase	13	red	right	unaware	1	0
269.135	0.000	trigger_101	101	269135	Trigger-In:101	62	trial_start	absent	70	green	left	unaware	1	0
269.245	0.000	trigger_11	11	269245	Trigger-In:11	62	fixation_point_on	absent	70	green	left	unaware	1	0
269.890	0.000	trigger_21	21	269890	Trigger-In:21	62	grating_on	absent	70	green	left	unaware	1	0
269.945	0.000	trigger_20	20	269945	Trigger-In:20	62	grating_off	absent	70	green	left	unaware	1	0
270.605	0.000	trigger_31	31	270605	Trigger-In:31	62	targets_on_fp_color_change	absent	70	green	left	unaware	1	0
271.315	0.000	trigger_201	201	271315	Trigger-In:201	62	trial_end_completed	absent	70	green	left	unaware	1	0
272.695	0.000	trigger_101	101	272695	Trigger-In:101	63	trial_start	staircase	14	red	n/a	n/a	0	1
272.975	0.000	trigger_11	11	272975	Trigger-In:11	63	fixation_point_on	staircase	14	red	n/a	n/a	0	1
273.240	0.000	trigger_204	204	273240	Trigger-In:204	63	trial_end_fixation_break	staircase	14	red	n/a	n/a	0	1
275.050	0.000	trigger_101	101	275050	Trigger-In:101	64	trial_start	staircase	14	red	right	unaware	1	0
275.155	0.000	trigger_11	11	275155	Trigger-In:11	64	fixation_point_on	staircase	14	red	right	unaware	1	0
275.805	0.000	trigger_21	21	275805	Trigger-In:21	64	grating_on	staircase	14	red	right	unaware	1	0
275.860	0.000	trigger_20	20	275860	Trigger-In:20	64	grating_off	staircase	14	red	right	unaware	1	0
276.500	0.000	trigger_31	31	276500	Trigger-In:31	64	targets_on_fp_color_change	staircase	14	red	right	unaware	1	0
277.695	0.000	trigger_201	201	277695	Trigger-In:201	64	trial_end_completed	staircase	14	red	right	unaware	1	0
278.785	0.000	trigger_101	101	278785	Trigger-In:101	65	trial_start	staircase	15	red	left	aware	1	0
278.890	0.000	trigger_11	11	278890	Trigger-In:11	65	fixation_point_on	staircase	15	red	left	aware	1	0
279.520	0.000	trigger_21	21	279520	Trigger-In:21	65	grating_on	staircase	15	red	left	aware	1	0
279.575	0.000	trigger_20	20	279575	Trigger-In:20	65	grating_off	staircase	15	red	left	aware	1	0
280.220	0.000	trigger_31	31	280220	Trigger-In:31	65	targets_on_fp_color_change	staircase	15	red	left	aware	1	0
280.955	0.000	trigger_201	201	280955	Trigger-In:201	65	trial_end_completed	staircase	15	red	left	aware	1	0
282.045	0.000	trigger_101	101	282045	Trigger-In:101	66	trial_start	staircase	14	green	left	unaware	1	0
282.150	0.000	trigger_11	11	282150	Trigger-In:11	66	fixation_point_on	staircase	14	green	left	unaware	1	0
282.780	0.000	trigger_21	21	282780	Trigger-In:21	66	grating_on	staircase	14	green	left	unaware	1	0
282.835	0.000	trigger_20	20	282835	Trigger-In:20	66	grating_off	staircase	14	green	left	unaware	1	0
283.495	0.000	trigger_31	31	283495	Trigger-In:31	66	targets_on_fp_color_change	staircase	14	green	left	unaware	1	0
285.125	0.000	trigger_201	201	285125	Trigger-In:201	66	trial_end_completed	staircase	14	green	left	unaware	1	0
286.215	0.000	trigger_101	101	286215	Trigger-In:101	67	trial_start	staircase	15	red	left	aware	1	0
286.320	0.000	trigger_11	11	286320	Trigger-In:11	67	fixation_point_on	staircase	15	red	left	aware	1	0
286.965	0.000	trigger_21	21	286965	Trigger-In:21	67	grating_on	staircase	15	red	left	aware	1	0
287.025	0.000	trigger_20	20	287025	Trigger-In:20	67	grating_off	staircase	15	red	left	aware	1	0
287.670	0.000	trigger_31	31	287670	Trigger-In:31	67	targets_on_fp_color_change	staircase	15	red	left	aware	1	0
288.485	0.000	trigger_201	201	288485	Trigger-In:201	67	trial_end_completed	staircase	15	red	left	aware	1	0
289.585	0.000	trigger_101	101	289585	Trigger-In:101	68	trial_start	staircase	14	green	left	unaware	1	0
289.695	0.000	trigger_11	11	289695	Trigger-In:11	68	fixation_point_on	staircase	14	green	left	unaware	1	0
290.335	0.000	trigger_21	21	290335	Trigger-In:21	68	grating_on	staircase	14	green	left	unaware	1	0
290.390	0.000	trigger_20	20	290390	Trigger-In:20	68	grating_off	staircase	14	green	left	unaware	1	0
291.050	0.000	trigger_31	31	291050	Trigger-In:31	68	targets_on_fp_color_change	staircase	14	green	left	unaware	1	0
292.255	0.000	trigger_201	201	292255	Trigger-In:201	68	trial_end_completed	staircase	14	green	left	unaware	1	0
293.350	0.000	trigger_101	101	293350	Trigger-In:101	69	trial_start	absent	70	red	left	aware	1	0
293.455	0.000	trigger_11	11	293455	Trigger-In:11	69	fixation_point_on	absent	70	red	left	aware	1	0
294.105	0.000	trigger_21	21	294105	Trigger-In:21	69	grating_on	absent	70	red	left	aware	1	0
294.165	0.000	trigger_20	20	294165	Trigger-In:20	69	grating_off	absent	70	red	left	aware	1	0
294.810	0.000	trigger_31	31	294810	Trigger-In:31	69	targets_on_fp_color_change	absent	70	red	left	aware	1	0
295.595	0.000	trigger_201	201	295595	Trigger-In:201	69	trial_end_completed	absent	70	red	left	aware	1	0
296.685	0.000	trigger_101	101	296685	Trigger-In:101	70	trial_start	staircase	15	green	left	unaware	1	0
296.875	0.000	trigger_11	11	296875	Trigger-In:11	70	fixation_point_on	staircase	15	green	left	unaware	1	0
297.520	0.000	trigger_21	21	297520	Trigger-In:21	70	grating_on	staircase	15	green	left	unaware	1	0
297.580	0.000	trigger_20	20	297580	Trigger-In:20	70	grating_off	staircase	15	green	left	unaware	1	0
298.225	0.000	trigger_31	31	298225	Trigger-In:31	70	targets_on_fp_color_change	staircase	15	green	left	unaware	1	0
299.615	0.000	trigger_201	201	299615	Trigger-In:201	70	trial_end_completed	staircase	15	green	left	unaware	1	0
300.710	0.000	trigger_101	101	300710	Trigger-In:101	71	trial_start	staircase	16	red	left	aware	1	0
300.815	0.000	trigger_11	11	300815	Trigger-In:11	71	fixation_point_on	staircase	16	red	left	aware	1	0
301.470	0.000	trigger_21	21	301470	Trigger-In:21	71	grating_on	staircase	16	red	left	aware	1	0
301.530	0.000	trigger_20	20	301530	Trigger-In:20	71	grating_off	staircase	16	red	left	aware	1	0
302.180	0.000	trigger_31	31	302180	Trigger-In:31	71	targets_on_fp_color_change	staircase	16	red	left	aware	1	0
303.150	0.000	trigger_201	201	303150	Trigger-In:201	71	trial_end_completed	staircase	16	red	left	aware	1	0
304.245	0.000	trigger_101	101	304245	Trigger-In:101	72	trial_start	staircase	15	green	right	aware	1	0
304.380	0.000	trigger_11	11	304380	Trigger-In:11	72	fixation_point_on	staircase	15	green	right	aware	1	0
305.020	0.000	trigger_21	21	305020	Trigger-In:21	72	grating_on	staircase	15	green	right	aware	1	0
305.075	0.000	trigger_20	20	305075	Trigger-In:20	72	grating_off	staircase	15	green	right	aware	1	0
305.725	0.000	trigger_31	31	305725	Trigger-In:31	72	targets_on_fp_color_change	staircase	15	green	right	aware	1	0
306.620	0.000	trigger_201	201	306620	Trigger-In:201	72	trial_end_completed	staircase	15	green	right	aware	1	0
307.725	0.000	trigger_101	101	307725	Trigger-In:101	73	trial_start	staircase	14	red	left	aware	1	0
307.830	0.000	trigger_11	11	307830	Trigger-In:11	73	fixation_point_on	staircase	14	red	left	aware	1	0
308.485	0.000	trigger_21	21	308485	Trigger-In:21	73	grating_on	staircase	14	red	left	aware	1	0
308.545	0.000	trigger_20	20	308545	Trigger-In:20	73	grating_off	staircase	14	red	left	aware	1	0
309.190	0.000	trigger_31	31	309190	Trigger-In:31	73	targets_on_fp_color_change	staircase	14	red	left	aware	1	0
310.415	0.000	trigger_201	201	310415	Trigger-In:201	73	trial_end_completed	staircase	14	red	left	aware	1	0
311.510	0.000	trigger_101	101	311510	Trigger-In:101	74	trial_start	staircase	13	green	left	unaware	1	0
311.935	0.000	trigger_11	11	311935	Trigger-In:11	74	fixation_point_on	staircase	13	green	left	unaware	1	0
312.590	0.000	trigger_21	21	312590	Trigger-In:21	74	grating_on	staircase	13	green	left	unaware	1	0
312.645	0.000	trigger_20	20	312645	Trigger-In:20	74	grating_off	staircase	13	green	left	unaware	1	0
313.300	0.000	trigger_31	31	313300	Trigger-In:31	74	targets_on_fp_color_change	staircase	13	green	left	unaware	1	0
314.945	0.000	trigger_201	201	314945	Trigger-In:201	74	trial_end_completed	staircase	13	green	left	unaware	1	0
316.045	0.000	trigger_101	101	316045	Trigger-In:101	75	trial_start	staircase	14	green	left	unaware	1	0
316.150	0.000	trigger_11	11	316150	Trigger-In:11	75	fixation_point_on	staircase	14	green	left	unaware	1	0
316.810	0.000	trigger_21	21	316810	Trigger-In:21	75	grating_on	staircase	14	green	left	unaware	1	0
316.870	0.000	trigger_20	20	316870	Trigger-In:20	75	grating_off	staircase	14	green	left	unaware	1	0
317.510	0.000	trigger_31	31	317510	Trigger-In:31	75	targets_on_fp_color_change	staircase	14	green	left	unaware	1	0
318.425	0.000	trigger_201	201	318425	Trigger-In:201	75	trial_end_completed	staircase	14	green	left	unaware	1	0
319.530	0.000	trigger_101	101	319530	Trigger-In:101	76	trial_start	staircase	15	green	right	aware	1	0
319.725	0.000	trigger_11	11	319725	Trigger-In:11	76	fixation_point_on	staircase	15	green	right	aware	1	0
320.390	0.000	trigger_21	21	320390	Trigger-In:21	76	grating_on	staircase	15	green	right	aware	1	0
320.455	0.000	trigger_20	20	320455	Trigger-In:20	76	grating_off	staircase	15	green	right	aware	1	0
321.105	0.000	trigger_31	31	321105	Trigger-In:31	76	targets_on_fp_color_change	staircase	15	green	right	aware	1	0
321.955	0.000	trigger_201	201	321955	Trigger-In:201	76	trial_end_completed	staircase	15	green	right	aware	1	0
323.045	0.000	trigger_101	101	323045	Trigger-In:101	77	trial_start	staircase	14	green	left	unaware	1	0
323.200	0.000	trigger_11	11	323200	Trigger-In:11	77	fixation_point_on	staircase	14	green	left	unaware	1	0
323.855	0.000	trigger_21	21	323855	Trigger-In:21	77	grating_on	staircase	14	green	left	unaware	1	0
323.915	0.000	trigger_20	20	323915	Trigger-In:20	77	grating_off	staircase	14	green	left	unaware	1	0
324.550	0.000	trigger_31	31	324550	Trigger-In:31	77	targets_on_fp_color_change	staircase	14	green	left	unaware	1	0
325.755	0.000	trigger_201	201	325755	Trigger-In:201	77	trial_end_completed	staircase	14	green	left	unaware	1	0
326.840	0.000	trigger_101	101	326840	Trigger-In:101	78	trial_start	staircase	15	green	right	aware	1	0
327.005	0.000	trigger_11	11	327005	Trigger-In:11	78	fixation_point_on	staircase	15	green	right	aware	1	0
327.650	0.000	trigger_21	21	327650	Trigger-In:21	78	grating_on	staircase	15	green	right	aware	1	0
327.710	0.000	trigger_20	20	327710	Trigger-In:20	78	grating_off	staircase	15	green	right	aware	1	0
328.345	0.000	trigger_31	31	328345	Trigger-In:31	78	targets_on_fp_color_change	staircase	15	green	right	aware	1	0
329.260	0.000	trigger_201	201	329260	Trigger-In:201	78	trial_end_completed	staircase	15	green	right	aware	1	0
330.350	0.000	trigger_101	101	330350	Trigger-In:101	79	trial_start	staircase	14	green	left	unaware	1	0
330.455	0.000	trigger_11	11	330455	Trigger-In:11	79	fixation_point_on	staircase	14	green	left	unaware	1	0
331.105	0.000	trigger_21	21	331105	Trigger-In:21	79	grating_on	staircase	14	green	left	unaware	1	0
331.165	0.000	trigger_20	20	331165	Trigger-In:20	79	grating_off	staircase	14	green	left	unaware	1	0
331.810	0.000	trigger_31	31	331810	Trigger-In:31	79	targets_on_fp_color_change	staircase	14	green	left	unaware	1	0
332.755	0.000	trigger_201	201	332755	Trigger-In:201	79	trial_end_completed	staircase	14	green	left	unaware	1	0
333.855	0.000	trigger_101	101	333855	Trigger-In:101	80	trial_start	salient	0	green	left	unaware	1	0
333.960	0.000	trigger_11	11	333960	Trigger-In:11	80	fixation_point_on	salient	0	green	left	unaware	1	0
334.610	0.000	trigger_21	21	334610	Trigger-In:21	80	grating_on	salient	0	green	left	unaware	1	0
334.670	0.000	trigger_20	20	334670	Trigger-In:20	80	grating_off	salient	0	green	left	unaware	1	0
335.330	0.000	trigger_31	31	335330	Trigger-In:31	80	targets_on_fp_color_change	salient	0	green	left	unaware	1	0
336.195	0.000	trigger_201	201	336195	Trigger-In:201	80	trial_end_completed	salient	0	green	left	unaware	1	0
337.285	0.000	trigger_101	101	337285	Trigger-In:101	81	trial_start	absent	70	green	right	aware	1	0
337.390	0.000	trigger_11	11	337390	Trigger-In:11	81	fixation_point_on	absent	70	green	right	aware	1	0
338.035	0.000	trigger_21	21	338035	Trigger-In:21	81	grating_on	absent	70	green	right	aware	1	0
338.090	0.000	trigger_20	20	338090	Trigger-In:20	81	grating_off	absent	70	green	right	aware	1	0
338.735	0.000	trigger_31	31	338735	Trigger-In:31	81	targets_on_fp_color_change	absent	70	green	right	aware	1	0
339.330	0.000	trigger_201	201	339330	Trigger-In:201	81	trial_end_completed	absent	70	green	right	aware	1	0
340.425	0.000	trigger_101	101	340425	Trigger-In:101	82	trial_start	salient	0	red	n/a	n/a	0	0
340.535	0.000	trigger_11	11	340535	Trigger-In:11	82	fixation_point_on	salient	0	red	n/a	n/a	0	0
341.180	0.000	trigger_21	21	341180	Trigger-In:21	82	grating_on	salient	0	red	n/a	n/a	0	0
341.240	0.000	trigger_20	20	341240	Trigger-In:20	82	grating_off	salient	0	red	n/a	n/a	0	0
341.895	0.000	trigger_31	31	341895	Trigger-In:31	82	targets_on_fp_color_change	salient	0	red	n/a	n/a	0	0
344.215	0.000	trigger_203	203	344215	Trigger-In:203	82	trial_end_not_completed	salient	0	red	n/a	n/a	0	0
345.360	0.000	trigger_101	101	345360	Trigger-In:101	83	trial_start	staircase	15	red	left	aware	1	0
345.465	0.000	trigger_11	11	345465	Trigger-In:11	83	fixation_point_on	staircase	15	red	left	aware	1	0
346.125	0.000	trigger_21	21	346125	Trigger-In:21	83	grating_on	staircase	15	red	left	aware	1	0
346.185	0.000	trigger_20	20	346185	Trigger-In:20	83	grating_off	staircase	15	red	left	aware	1	0
346.840	0.000	trigger_31	31	346840	Trigger-In:31	83	targets_on_fp_color_change	staircase	15	red	left	aware	1	0
348.190	0.000	trigger_201	201	348190	Trigger-In:201	83	trial_end_completed	staircase	15	red	left	aware	1	0
349.290	0.000	trigger_101	101	349290	Trigger-In:101	84	trial_start	salient	0	red	right	unaware	1	0
349.440	0.000	trigger_11	11	349440	Trigger-In:11	84	fixation_point_on	salient	0	red	right	unaware	1	0
350.080	0.000	trigger_21	21	350080	Trigger-In:21	84	grating_on	salient	0	red	right	unaware	1	0
350.140	0.000	trigger_20	20	350140	Trigger-In:20	84	grating_off	salient	0	red	right	unaware	1	0
350.810	0.000	trigger_31	31	350810	Trigger-In:31	84	targets_on_fp_color_change	salient	0	red	right	unaware	1	0
352.660	0.000	trigger_201	201	352660	Trigger-In:201	84	trial_end_completed	salient	0	red	right	unaware	1	0
353.750	0.000	trigger_101	101	353750	Trigger-In:101	85	trial_start	staircase	14	red	right	unaware	1	0
353.850	0.000	trigger_11	11	353850	Trigger-In:11	85	fixation_point_on	staircase	14	red	right	unaware	1	0
354.500	0.000	trigger_21	21	354500	Trigger-In:21	85	grating_on	staircase	14	red	right	unaware	1	0
354.560	0.000	trigger_20	20	354560	Trigger-In:20	85	grating_off	staircase	14	red	right	unaware	1	0
355.210	0.000	trigger_31	31	355210	Trigger-In:31	85	targets_on_fp_color_change	staircase	14	red	right	unaware	1	0
356.020	0.000	trigger_201	201	356020	Trigger-In:201	85	trial_end_completed	staircase	14	red	right	unaware	1	0
357.110	0.000	trigger_101	101	357110	Trigger-In:101	86	trial_start	staircase	15	green	left	unaware	1	0
357.215	0.000	trigger_11	11	357215	Trigger-In:11	86	fixation_point_on	staircase	15	green	left	unaware	1	0
357.860	0.000	trigger_21	21	357860	Trigger-In:21	86	grating_on	staircase	15	green	left	unaware	1	0
357.920	0.000	trigger_20	20	357920	Trigger-In:20	86	grating_off	staircase	15	green	left	unaware	1	0
358.585	0.000	trigger_31	31	358585	Trigger-In:31	86	targets_on_fp_color_change	staircase	15	green	left	unaware	1	0
359.620	0.000	trigger_201	201	359620	Trigger-In:201	86	trial_end_completed	staircase	15	green	left	unaware	1	0
360.715	0.000	trigger_101	101	360715	Trigger-In:101	87	trial_start	staircase	16	red	left	aware	1	0
361.075	0.000	trigger_11	11	361075	Trigger-In:11	87	fixation_point_on	staircase	16	red	left	aware	1	0
361.735	0.000	trigger_21	21	361735	Trigger-In:21	87	grating_on	staircase	16	red	left	aware	1	0
361.795	0.000	trigger_20	20	361795	Trigger-In:20	87	grating_off	staircase	16	red	left	aware	1	0
362.440	0.000	trigger_31	31	362440	Trigger-In:31	87	targets_on_fp_color_change	staircase	16	red	left	aware	1	0
363.395	0.000	trigger_201	201	363395	Trigger-In:201	87	trial_end_completed	staircase	16	red	left	aware	1	0
364.495	0.000	trigger_101	101	364495	Trigger-In:101	88	trial_start	staircase	15	green	right	aware	1	0
364.595	0.000	trigger_11	11	364595	Trigger-In:11	88	fixation_point_on	staircase	15	green	right	aware	1	0
365.260	0.000	trigger_21	21	365260	Trigger-In:21	88	grating_on	staircase	15	green	right	aware	1	0
365.320	0.000	trigger_20	20	365320	Trigger-In:20	88	grating_off	staircase	15	green	right	aware	1	0
365.970	0.000	trigger_31	31	365970	Trigger-In:31	88	targets_on_fp_color_change	staircase	15	green	right	aware	1	0
367.040	0.000	trigger_201	201	367040	Trigger-In:201	88	trial_end_completed	staircase	15	green	right	aware	1	0
368.140	0.000	trigger_101	101	368140	Trigger-In:101	89	trial_start	staircase	14	red	right	unaware	1	0
368.240	0.000	trigger_11	11	368240	Trigger-In:11	89	fixation_point_on	staircase	14	red	right	unaware	1	0
368.900	0.000	trigger_21	21	368900	Trigger-In:21	89	grating_on	staircase	14	red	right	unaware	1	0
368.965	0.000	trigger_20	20	368965	Trigger-In:20	89	grating_off	staircase	14	red	right	unaware	1	0
369.630	0.000	trigger_31	31	369630	Trigger-In:31	89	targets_on_fp_color_change	staircase	14	red	right	unaware	1	0
370.930	0.000	trigger_201	201	370930	Trigger-In:201	89	trial_end_completed	staircase	14	red	right	unaware	1	0
372.030	0.000	trigger_101	101	372030	Trigger-In:101	90	trial_start	staircase	15	green	right	aware	1	0
372.185	0.000	trigger_11	11	372185	Trigger-In:11	90	fixation_point_on	staircase	15	green	right	aware	1	0
372.825	0.000	trigger_21	21	372825	Trigger-In:21	90	grating_on	staircase	15	green	right	aware	1	0
372.885	0.000	trigger_20	20	372885	Trigger-In:20	90	grating_off	staircase	15	green	right	aware	1	0
373.540	0.000	trigger_31	31	373540	Trigger-In:31	90	targets_on_fp_color_change	staircase	15	green	right	aware	1	0
374.520	0.000	trigger_201	201	374520	Trigger-In:201	90	trial_end_completed	staircase	15	green	right	aware	1	0
375.615	0.000	trigger_101	101	375615	Trigger-In:101	91	trial_start	staircase	14	red	n/a	n/a	0	1
375.725	0.000	trigger_11	11	375725	Trigger-In:11	91	fixation_point_on	staircase	14	red	n/a	n/a	0	1
375.875	0.000	trigger_204	204	375875	Trigger-In:204	91	trial_end_fixation_break	staircase	14	red	n/a	n/a	0	1
377.675	0.000	trigger_101	101	377675	Trigger-In:101	92	trial_start	salient	0	red	left	aware	1	0
377.785	0.000	trigger_11	11	377785	Trigger-In:11	92	fixation_point_on	salient	0	red	left	aware	1	0
378.450	0.000	trigger_21	21	378450	Trigger-In:21	92	grating_on	salient	0	red	left	aware	1	0
378.515	0.000	trigger_20	20	378515	Trigger-In:20	92	grating_off	salient	0	red	left	aware	1	0
379.190	0.000	trigger_31	31	379190	Trigger-In:31	92	targets_on_fp_color_change	salient	0	red	left	aware	1	0
380.080	0.000	trigger_201	201	380080	Trigger-In:201	92	trial_end_completed	salient	0	red	left	aware	1	0
381.445	0.000	trigger_101	101	381445	Trigger-In:101	93	trial_start	staircase	14	green	left	unaware	1	0
381.625	0.000	trigger_11	11	381625	Trigger-In:11	93	fixation_point_on	staircase	14	green	left	unaware	1	0
382.290	0.000	trigger_21	21	382290	Trigger-In:21	93	grating_on	staircase	14	green	left	unaware	1	0
382.350	0.000	trigger_20	20	382350	Trigger-In:20	93	grating_off	staircase	14	green	left	unaware	1	0
383.010	0.000	trigger_31	31	383010	Trigger-In:31	93	targets_on_fp_color_change	staircase	14	green	left	unaware	1	0
383.835	0.000	trigger_201	201	383835	Trigger-In:201	93	trial_end_completed	staircase	14	green	left	unaware	1	0
384.930	0.000	trigger_101	101	384930	Trigger-In:101	94	trial_start	staircase	15	green	left	unaware	1	0
385.040	0.000	trigger_11	11	385040	Trigger-In:11	94	fixation_point_on	staircase	15	green	left	unaware	1	0
385.685	0.000	trigger_21	21	385685	Trigger-In:21	94	grating_on	staircase	15	green	left	unaware	1	0
385.740	0.000	trigger_20	20	385740	Trigger-In:20	94	grating_off	staircase	15	green	left	unaware	1	0
386.385	0.000	trigger_31	31	386385	Trigger-In:31	94	targets_on_fp_color_change	staircase	15	green	left	unaware	1	0
387.165	0.000	trigger_201	201	387165	Trigger-In:201	94	trial_end_completed	staircase	15	green	left	unaware	1	0
388.265	0.000	trigger_101	101	388265	Trigger-In:101	95	trial_start	staircase	16	green	left	unaware	1	0
388.375	0.000	trigger_11	11	388375	Trigger-In:11	95	fixation_point_on	staircase	16	green	left	unaware	1	0
389.015	0.000	trigger_21	21	389015	Trigger-In:21	95	grating_on	staircase	16	green	left	unaware	1	0
389.075	0.000	trigger_20	20	389075	Trigger-In:20	95	grating_off	staircase	16	green	left	unaware	1	0
389.725	0.000	trigger_31	31	389725	Trigger-In:31	95	targets_on_fp_color_change	staircase	16	green	left	unaware	1	0
390.615	0.000	trigger_201	201	390615	Trigger-In:201	95	trial_end_completed	staircase	16	green	left	unaware	1	0
391.710	0.000	trigger_101	101	391710	Trigger-In:101	96	trial_start	staircase	17	red	left	aware	1	0
391.820	0.000	trigger_11	11	391820	Trigger-In:11	96	fixation_point_on	staircase	17	red	left	aware	1	0
392.470	0.000	trigger_21	21	392470	Trigger-In:21	96	grating_on	staircase	17	red	left	aware	1	0
392.530	0.000	trigger_20	20	392530	Trigger-In:20	96	grating_off	staircase	17	red	left	aware	1	0
393.185	0.000	trigger_31	31	393185	Trigger-In:31	96	targets_on_fp_color_change	staircase	17	red	left	aware	1	0
394.405	0.000	trigger_201	201	394405	Trigger-In:201	96	trial_end_completed	staircase	17	red	left	aware	1	0
395.500	0.000	trigger_101	101	395500	Trigger-In:101	97	trial_start	staircase	16	green	right	aware	1	0
395.610	0.000	trigger_11	11	395610	Trigger-In:11	97	fixation_point_on	staircase	16	green	right	aware	1	0
396.250	0.000	trigger_21	21	396250	Trigger-In:21	97	grating_on	staircase	16	green	right	aware	1	0
396.310	0.000	trigger_20	20	396310	Trigger-In:20	97	grating_off	staircase	16	green	right	aware	1	0
396.970	0.000	trigger_31	31	396970	Trigger-In:31	97	targets_on_fp_color_change	staircase	16	green	right	aware	1	0
397.965	0.000	trigger_201	201	397965	Trigger-In:201	97	trial_end_completed	staircase	16	green	right	aware	1	0
399.065	0.000	trigger_101	101	399065	Trigger-In:101	98	trial_start	staircase	15	green	right	aware	1	0
399.170	0.000	trigger_11	11	399170	Trigger-In:11	98	fixation_point_on	staircase	15	green	right	aware	1	0
399.810	0.000	trigger_21	21	399810	Trigger-In:21	98	grating_on	staircase	15	green	right	aware	1	0
399.870	0.000	trigger_20	20	399870	Trigger-In:20	98	grating_off	staircase	15	green	right	aware	1	0
400.520	0.000	trigger_31	31	400520	Trigger-In:31	98	targets_on_fp_color_change	staircase	15	green	right	aware	1	0
401.280	0.000	trigger_201	201	401280	Trigger-In:201	98	trial_end_completed	staircase	15	green	right	aware	1	0
402.375	0.000	trigger_101	101	402375	Trigger-In:101	99	trial_start	salient	0	green	left	unaware	1	0
402.480	0.000	trigger_11	11	402480	Trigger-In:11	99	fixation_point_on	salient	0	green	left	unaware	1	0
403.115	0.000	trigger_21	21	403115	Trigger-In:21	99	grating_on	salient	0	green	left	unaware	1	0
403.175	0.000	trigger_20	20	403175	Trigger-In:20	99	grating_off	salient	0	green	left	unaware	1	0
403.825	0.000	trigger_31	31	403825	Trigger-In:31	99	targets_on_fp_color_change	salient	0	green	left	unaware	1	0
405.065	0.000	trigger_201	201	405065	Trigger-In:201	99	trial_end_completed	salient	0	green	left	unaware	1	0
406.160	0.000	trigger_101	101	406160	Trigger-In:101	100	trial_start	absent	70	red	right	unaware	1	0
406.265	0.000	trigger_11	11	406265	Trigger-In:11	100	fixation_point_on	absent	70	red	right	unaware	1	0
406.915	0.000	trigger_21	21	406915	Trigger-In:21	100	grating_on	absent	70	red	right	unaware	1	0
406.975	0.000	trigger_20	20	406975	Trigger-In:20	100	grating_off	absent	70	red	right	unaware	1	0
407.640	0.000	trigger_31	31	407640	Trigger-In:31	100	targets_on_fp_color_change	absent	70	red	right	unaware	1	0
408.770	0.000	trigger_201	201	408770	Trigger-In:201	100	trial_end_completed	absent	70	red	right	unaware	1	0
410.135	0.000	trigger_101	101	410135	Trigger-In:101	101	trial_start	staircase	14	red	right	unaware	1	0
410.240	0.000	trigger_11	11	410240	Trigger-In:11	101	fixation_point_on	staircase	14	red	right	unaware	1	0
410.875	0.000	trigger_21	21	410875	Trigger-In:21	101	grating_on	staircase	14	red	right	unaware	1	0
410.935	0.000	trigger_20	20	410935	Trigger-In:20	101	grating_off	staircase	14	red	right	unaware	1	0
411.580	0.000	trigger_31	31	411580	Trigger-In:31	101	targets_on_fp_color_change	staircase	14	red	right	unaware	1	0
413.255	0.000	trigger_201	201	413255	Trigger-In:201	101	trial_end_completed	staircase	14	red	right	unaware	1	0
414.350	0.000	trigger_101	101	414350	Trigger-In:101	102	trial_start	salient	0	red	right	unaware	1	0
414.455	0.000	trigger_11	11	414455	Trigger-In:11	102	fixation_point_on	salient	0	red	right	unaware	1	0
415.085	0.000	trigger_21	21	415085	Trigger-In:21	102	grating_on	salient	0	red	right	unaware	1	0
415.145	0.000	trigger_20	20	415145	Trigger-In:20	102	grating_off	salient	0	red	right	unaware	1	0
415.790	0.000	trigger_31	31	415790	Trigger-In:31	102	targets_on_fp_color_change	salient	0	red	right	unaware	1	0
416.885	0.000	trigger_201	201	416885	Trigger-In:201	102	trial_end_completed	salient	0	red	right	unaware	1	0
417.980	0.000	trigger_101	101	417980	Trigger-In:101	103	trial_start	absent	70	red	left	aware	1	0
418.115	0.000	trigger_11	11	418115	Trigger-In:11	103	fixation_point_on	absent	70	red	left	aware	1	0
418.750	0.000	trigger_21	21	418750	Trigger-In:21	103	grating_on	absent	70	red	left	aware	1	0
418.810	0.000	trigger_20	20	418810	Trigger-In:20	103	grating_off	absent	70	red	left	aware	1	0
419.480	0.000	trigger_31	31	419480	Trigger-In:31	103	targets_on_fp_color_change	absent	70	red	left	aware	1	0
420.205	0.000	trigger_201	201	420205	Trigger-In:201	103	trial_end_completed	absent	70	red	left	aware	1	0
421.295	0.000	trigger_101	101	421295	Trigger-In:101	104	trial_start	salient	0	red	right	unaware	1	0
421.405	0.000	trigger_11	11	421405	Trigger-In:11	104	fixation_point_on	salient	0	red	right	unaware	1	0
422.045	0.000	trigger_21	21	422045	Trigger-In:21	104	grating_on	salient	0	red	right	unaware	1	0
422.105	0.000	trigger_20	20	422105	Trigger-In:20	104	grating_off	salient	0	red	right	unaware	1	0
422.755	0.000	trigger_31	31	422755	Trigger-In:31	104	targets_on_fp_color_change	salient	0	red	right	unaware	1	0
423.660	0.000	trigger_201	201	423660	Trigger-In:201	104	trial_end_completed	salient	0	red	right	unaware	1	0
424.755	0.000	trigger_101	101	424755	Trigger-In:101	105	trial_start	staircase	15	red	left	aware	1	0
424.865	0.000	trigger_11	11	424865	Trigger-In:11	105	fixation_point_on	staircase	15	red	left	aware	1	0
425.510	0.000	trigger_21	21	425510	Trigger-In:21	105	grating_on	staircase	15	red	left	aware	1	0
425.565	0.000	trigger_20	20	425565	Trigger-In:20	105	grating_off	staircase	15	red	left	aware	1	0
426.210	0.000	trigger_31	31	426210	Trigger-In:31	105	targets_on_fp_color_change	staircase	15	red	left	aware	1	0
426.970	0.000	trigger_201	201	426970	Trigger-In:201	105	trial_end_completed	staircase	15	red	left	aware	1	0
428.065	0.000	trigger_101	101	428065	Trigger-In:101	106	trial_start	staircase	14	red	left	aware	1	0
428.170	0.000	trigger_11	11	428170	Trigger-In:11	106	fixation_point_on	staircase	14	red	left	aware	1	0
428.805	0.000	trigger_21	21	428805	Trigger-In:21	106	grating_on	staircase	14	red	left	aware	1	0
428.895	0.000	trigger_20	20	428895	Trigger-In:20	106	grating_off	staircase	14	red	left	aware	1	0
429.660	0.000	trigger_31	31	429660	Trigger-In:31	106	targets_on_fp_color_change	staircase	14	red	left	aware	1	0
430.255	0.000	trigger_201	201	430255	Trigger-In:201	106	trial_end_completed	staircase	14	red	left	aware	1	0
431.340	0.000	trigger_101	101	431340	Trigger-In:101	107	trial_start	staircase	13	green	n/a	n/a	0	0
431.445	0.000	trigger_11	11	431445	Trigger-In:11	107	fixation_point_on	staircase	13	green	n/a	n/a	0	0
432.080	0.000	trigger_21	21	432080	Trigger-In:21	107	grating_on	staircase	13	green	n/a	n/a	0	0
432.140	0.000	trigger_20	20	432140	Trigger-In:20	107	grating_off	staircase	13	green	n/a	n/a	0	0
432.785	0.000	trigger_31	31	432785	Trigger-In:31	107	targets_on_fp_color_change	staircase	13	green	n/a	n/a	0	0
435.015	0.000	trigger_203	203	435015	Trigger-In:203	107	trial_end_not_completed	staircase	13	green	n/a	n/a	0	0
436.135	0.000	trigger_101	101	436135	Trigger-In:101	108	trial_start	staircase	13	green	left	unaware	1	0
436.300	0.000	trigger_11	11	436300	Trigger-In:11	108	fixation_point_on	staircase	13	green	left	unaware	1	0
436.940	0.000	trigger_21	21	436940	Trigger-In:21	108	grating_on	staircase	13	green	left	unaware	1	0
436.995	0.000	trigger_20	20	436995	Trigger-In:20	108	grating_off	staircase	13	green	left	unaware	1	0
437.640	0.000	trigger_31	31	437640	Trigger-In:31	108	targets_on_fp_color_change	staircase	13	green	left	unaware	1	0
438.730	0.000	trigger_201	201	438730	Trigger-In:201	108	trial_end_completed	staircase	13	green	left	unaware	1	0
439.825	0.000	trigger_101	101	439825	Trigger-In:101	109	trial_start	absent	70	red	left	aware	1	0
439.935	0.000	trigger_11	11	439935	Trigger-In:11	109	fixation_point_on	absent	70	red	left	aware	1	0
440.605	0.000	trigger_21	21	440605	Trigger-In:21	109	grating_on	absent	70	red	left	aware	1	0
440.665	0.000	trigger_20	20	440665	Trigger-In:20	109	grating_off	absent	70	red	left	aware	1	0
441.330	0.000	trigger_31	31	441330	Trigger-In:31	109	targets_on_fp_color_change	absent	70	red	left	aware	1	0
442.915	0.000	trigger_201	201	442915	Trigger-In:201	109	trial_end_completed	absent	70	red	left	aware	1	0
444.035	0.000	trigger_101	101	444035	Trigger-In:101	110	trial_start	staircase	14	green	left	unaware	1	0
444.135	0.000	trigger_11	11	444135	Trigger-In:11	110	fixation_point_on	staircase	14	green	left	unaware	1	0
444.845	0.000	trigger_21	21	444845	Trigger-In:21	110	grating_on	staircase	14	green	left	unaware	1	0
444.905	0.000	trigger_20	20	444905	Trigger-In:20	110	grating_off	staircase	14	green	left	unaware	1	0
445.630	0.000	trigger_31	31	445630	Trigger-In:31	110	targets_on_fp_color_change	staircase	14	green	left	unaware	1	0
446.730	0.000	trigger_201	201	446730	Trigger-In:201	110	trial_end_completed	staircase	14	green	left	unaware	1	0
447.840	0.000	trigger_101	101	447840	Trigger-In:101	111	trial_start	staircase	15	green	left	unaware	1	0
447.950	0.000	trigger_11	11	447950	Trigger-In:11	111	fixation_point_on	staircase	15	green	left	unaware	1	0
448.630	0.000	trigger_21	21	448630	Trigger-In:21	111	grating_on	staircase	15	green	left	unaware	1	0
448.695	0.000	trigger_20	20	448695	Trigger-In:20	111	grating_off	staircase	15	green	left	unaware	1	0
449.430	0.000	trigger_31	31	449430	Trigger-In:31	111	targets_on_fp_color_change	staircase	15	green	left	unaware	1	0
450.535	0.000	trigger_201	201	450535	Trigger-In:201	111	trial_end_completed	staircase	15	green	left	unaware	1	0
451.665	0.000	trigger_101	101	451665	Trigger-In:101	112	trial_start	salient	0	red	left	aware	1	0
451.760	0.000	trigger_11	11	451760	Trigger-In:11	112	fixation_point_on	salient	0	red	left	aware	1	0
452.445	0.000	trigger_21	21	452445	Trigger-In:21	112	grating_on	salient	0	red	left	aware	1	0
452.510	0.000	trigger_20	20	452510	Trigger-In:20	112	grating_off	salient	0	red	left	aware	1	0
453.200	0.000	trigger_31	31	453200	Trigger-In:31	112	targets_on_fp_color_change	salient	0	red	left	aware	1	0
454.480	0.000	trigger_201	201	454480	Trigger-In:201	112	trial_end_completed	salient	0	red	left	aware	1	0
455.905	0.000	trigger_101	101	455905	Trigger-In:101	113	trial_start	staircase	16	red	right	unaware	1	0
456.015	0.000	trigger_11	11	456015	Trigger-In:11	113	fixation_point_on	staircase	16	red	right	unaware	1	0
456.690	0.000	trigger_21	21	456690	Trigger-In:21	113	grating_on	staircase	16	red	right	unaware	1	0
456.750	0.000	trigger_20	20	456750	Trigger-In:20	113	grating_off	staircase	16	red	right	unaware	1	0
457.410	0.000	trigger_31	31	457410	Trigger-In:31	113	targets_on_fp_color_change	staircase	16	red	right	unaware	1	0
458.135	0.000	trigger_201	201	458135	Trigger-In:201	113	trial_end_completed	staircase	16	red	right	unaware	1	0
459.240	0.000	trigger_101	101	459240	Trigger-In:101	114	trial_start	staircase	17	green	left	unaware	1	0
459.345	0.000	trigger_11	11	459345	Trigger-In:11	114	fixation_point_on	staircase	17	green	left	unaware	1	0
460.015	0.000	trigger_21	21	460015	Trigger-In:21	114	grating_on	staircase	17	green	left	unaware	1	0
460.075	0.000	trigger_20	20	460075	Trigger-In:20	114	grating_off	staircase	17	green	left	unaware	1	0
460.720	0.000	trigger_31	31	460720	Trigger-In:31	114	targets_on_fp_color_change	staircase	17	green	left	unaware	1	0
461.445	0.000	trigger_201	201	461445	Trigger-In:201	114	trial_end_completed	staircase	17	green	left	unaware	1	0
462.565	0.000	trigger_101	101	462565	Trigger-In:101	115	trial_start	staircase	18	red	left	aware	1	0
462.670	0.000	trigger_11	11	462670	Trigger-In:11	115	fixation_point_on	staircase	18	red	left	aware	1	0
463.355	0.000	trigger_21	21	463355	Trigger-In:21	115	grating_on	staircase	18	red	left	aware	1	0
463.415	0.000	trigger_20	20	463415	Trigger-In:20	115	grating_off	staircase	18	red	left	aware	1	0
464.100	0.000	trigger_31	31	464100	Trigger-In:31	115	targets_on_fp_color_change	staircase	18	red	left	aware	1	0
464.740	0.000	trigger_201	201	464740	Trigger-In:201	115	trial_end_completed	staircase	18	red	left	aware	1	0
465.850	0.000	trigger_101	101	465850	Trigger-In:101	116	trial_start	staircase	17	red	left	aware	1	0
465.960	0.000	trigger_11	11	465960	Trigger-In:11	116	fixation_point_on	staircase	17	red	left	aware	1	0
466.635	0.000	trigger_21	21	466635	Trigger-In:21	116	grating_on	staircase	17	red	left	aware	1	0
466.700	0.000	trigger_20	20	466700	Trigger-In:20	116	grating_off	staircase	17	red	left	aware	1	0
467.390	0.000	trigger_31	31	467390	Trigger-In:31	116	targets_on_fp_color_change	staircase	17	red	left	aware	1	0
468.080	0.000	trigger_201	201	468080	Trigger-In:201	116	trial_end_completed	staircase	17	red	left	aware	1	0
469.195	0.000	trigger_101	101	469195	Trigger-In:101	117	trial_start	salient	0	red	right	unaware	1	0
469.305	0.000	trigger_11	11	469305	Trigger-In:11	117	fixation_point_on	salient	0	red	right	unaware	1	0
470.075	0.000	trigger_21	21	470075	Trigger-In:21	117	grating_on	salient	0	red	right	unaware	1	0
470.135	0.000	trigger_20	20	470135	Trigger-In:20	117	grating_off	salient	0	red	right	unaware	1	0
470.785	0.000	trigger_31	31	470785	Trigger-In:31	117	targets_on_fp_color_change	salient	0	red	right	unaware	1	0
472.235	0.000	trigger_201	201	472235	Trigger-In:201	117	trial_end_completed	salient	0	red	right	unaware	1	0
473.335	0.000	trigger_101	101	473335	Trigger-In:101	118	trial_start	salient	0	green	left	unaware	1	0
473.440	0.000	trigger_11	11	473440	Trigger-In:11	118	fixation_point_on	salient	0	green	left	unaware	1	0
474.095	0.000	trigger_21	21	474095	Trigger-In:21	118	grating_on	salient	0	green	left	unaware	1	0
474.155	0.000	trigger_20	20	474155	Trigger-In:20	118	grating_off	salient	0	green	left	unaware	1	0
474.790	0.000	trigger_31	31	474790	Trigger-In:31	118	targets_on_fp_color_change	salient	0	green	left	unaware	1	0
476.080	0.000	trigger_201	201	476080	Trigger-In:201	118	trial_end_completed	salient	0	green	left	unaware	1	0
477.195	0.000	trigger_101	101	477195	Trigger-In:101	119	trial_start	staircase	16	red	left	aware	1	0
477.320	0.000	trigger_11	11	477320	Trigger-In:11	119	fixation_point_on	staircase	16	red	left	aware	1	0
478.080	0.000	trigger_21	21	478080	Trigger-In:21	119	grating_on	staircase	16	red	left	aware	1	0
478.140	0.000	trigger_20	20	478140	Trigger-In:20	119	grating_off	staircase	16	red	left	aware	1	0
478.830	0.000	trigger_31	31	478830	Trigger-In:31	119	targets_on_fp_color_change	staircase	16	red	left	aware	1	0
479.840	0.000	trigger_201	201	479840	Trigger-In:201	119	trial_end_completed	staircase	16	red	left	aware	1	0
480.965	0.000	trigger_101	101	480965	Trigger-In:101	120	trial_start	staircase	15	green	right	aware	1	0
481.095	0.000	trigger_11	11	481095	Trigger-In:11	120	fixation_point_on	staircase	15	green	right	aware	1	0
482.020	0.000	trigger_21	21	482020	Trigger-In:21	120	grating_on	staircase	15	green	right	aware	1	0
482.085	0.000	trigger_20	20	482085	Trigger-In:20	120	grating_off	staircase	15	green	right	aware	1	0
482.760	0.000	trigger_31	31	482760	Trigger-In:31	120	targets_on_fp_color_change	staircase	15	green	right	aware	1	0
483.625	0.000	trigger_201	201	483625	Trigger-In:201	120	trial_end_completed	staircase	15	green	right	aware	1	0
484.735	0.000	trigger_101	101	484735	Trigger-In:101	121	trial_start	salient	0	green	left	unaware	1	0
484.855	0.000	trigger_11	11	484855	Trigger-In:11	121	fixation_point_on	salient	0	green	left	unaware	1	0
485.490	0.000	trigger_21	21	485490	Trigger-In:21	121	grating_on	salient	0	green	left	unaware	1	0
485.545	0.000	trigger_20	20	485545	Trigger-In:20	121	grating_off	salient	0	green	left	unaware	1	0
486.195	0.000	trigger_31	31	486195	Trigger-In:31	121	targets_on_fp_color_change	salient	0	green	left	unaware	1	0
487.010	0.000	trigger_201	201	487010	Trigger-In:201	121	trial_end_completed	salient	0	green	left	unaware	1	0
488.120	0.000	trigger_101	101	488120	Trigger-In:101	122	trial_start	salient	0	green	left	unaware	1	0
488.245	0.000	trigger_11	11	488245	Trigger-In:11	122	fixation_point_on	salient	0	green	left	unaware	1	0
488.910	0.000	trigger_21	21	488910	Trigger-In:21	122	grating_on	salient	0	green	left	unaware	1	0
488.970	0.000	trigger_20	20	488970	Trigger-In:20	122	grating_off	salient	0	green	left	unaware	1	0
489.625	0.000	trigger_31	31	489625	Trigger-In:31	122	targets_on_fp_color_change	salient	0	green	left	unaware	1	0
490.315	0.000	trigger_201	201	490315	Trigger-In:201	122	trial_end_completed	salient	0	green	left	unaware	1	0
491.415	0.000	trigger_101	101	491415	Trigger-In:101	123	trial_start	staircase	14	red	right	unaware	1	0
491.530	0.000	trigger_11	11	491530	Trigger-In:11	123	fixation_point_on	staircase	14	red	right	unaware	1	0
492.190	0.000	trigger_21	21	492190	Trigger-In:21	123	grating_on	staircase	14	red	right	unaware	1	0
492.245	0.000	trigger_20	20	492245	Trigger-In:20	123	grating_off	staircase	14	red	right	unaware	1	0
492.925	0.000	trigger_31	31	492925	Trigger-In:31	123	targets_on_fp_color_change	staircase	14	red	right	unaware	1	0
494.330	0.000	trigger_201	201	494330	Trigger-In:201	123	trial_end_completed	staircase	14	red	right	unaware	1	0
495.425	0.000	trigger_101	101	495425	Trigger-In:101	124	trial_start	staircase	15	red	right	unaware	1	0
495.540	0.000	trigger_11	11	495540	Trigger-In:11	124	fixation_point_on	staircase	15	red	right	unaware	1	0
496.160	0.000	trigger_21	21	496160	Trigger-In:21	124	grating_on	staircase	15	red	right	unaware	1	0
496.220	0.000	trigger_20	20	496220	Trigger-In:20	124	grating_off	staircase	15	red	right	unaware	1	0
496.850	0.000	trigger_31	31	496850	Trigger-In:31	124	targets_on_fp_color_change	staircase	15	red	right	unaware	1	0
497.695	0.000	trigger_201	201	497695	Trigger-In:201	124	trial_end_completed	staircase	15	red	right	unaware	1	0
498.785	0.000	trigger_101	101	498785	Trigger-In:101	125	trial_start	staircase	16	green	left	unaware	1	0
498.890	0.000	trigger_11	11	498890	Trigger-In:11	125	fixation_point_on	staircase	16	green	left	unaware	1	0
499.515	0.000	trigger_21	21	499515	Trigger-In:21	125	grating_on	staircase	16	green	left	unaware	1	0
499.570	0.000	trigger_20	20	499570	Trigger-In:20	125	grating_off	staircase	16	green	left	unaware	1	0
500.250	0.000	trigger_31	31	500250	Trigger-In:31	125	targets_on_fp_color_change	staircase	16	green	left	unaware	1	0
501.365	0.000	trigger_201	201	501365	Trigger-In:201	125	trial_end_completed	staircase	16	green	left	unaware	1	0
502.470	0.000	trigger_101	101	502470	Trigger-In:101	126	trial_start	staircase	17	green	left	unaware	1	0
502.585	0.000	trigger_11	11	502585	Trigger-In:11	126	fixation_point_on	staircase	17	green	left	unaware	1	0
503.290	0.000	trigger_21	21	503290	Trigger-In:21	126	grating_on	staircase	17	green	left	unaware	1	0
503.350	0.000	trigger_20	20	503350	Trigger-In:20	126	grating_off	staircase	17	green	left	unaware	1	0
504.050	0.000	trigger_31	31	504050	Trigger-In:31	126	targets_on_fp_color_change	staircase	17	green	left	unaware	1	0
504.870	0.000	trigger_201	201	504870	Trigger-In:201	126	trial_end_completed	staircase	17	green	left	unaware	1	0
505.980	0.000	trigger_101	101	505980	Trigger-In:101	127	trial_start	salient	0	green	left	unaware	1	0
506.090	0.000	trigger_11	11	506090	Trigger-In:11	127	fixation_point_on	salient	0	green	left	unaware	1	0
506.785	0.000	trigger_21	21	506785	Trigger-In:21	127	grating_on	salient	0	green	left	unaware	1	0
506.845	0.000	trigger_20	20	506845	Trigger-In:20	127	grating_off	salient	0	green	left	unaware	1	0
507.745	0.000	trigger_31	31	507745	Trigger-In:31	127	targets_on_fp_color_change	salient	0	green	left	unaware	1	0
508.680	0.000	trigger_201	201	508680	Trigger-In:201	127	trial_end_completed	salient	0	green	left	unaware	1	0
509.790	0.000	trigger_101	101	509790	Trigger-In:101	128	trial_start	staircase	18	red	right	unaware	1	0
510.140	0.000	trigger_11	11	510140	Trigger-In:11	128	fixation_point_on	staircase	18	red	right	unaware	1	0
510.900	0.000	trigger_21	21	510900	Trigger-In:21	128	grating_on	staircase	18	red	right	unaware	1	0
510.960	0.000	trigger_20	20	510960	Trigger-In:20	128	grating_off	staircase	18	red	right	unaware	1	0
511.700	0.000	trigger_31	31	511700	Trigger-In:31	128	targets_on_fp_color_change	staircase	18	red	right	unaware	1	0
512.910	0.000	trigger_201	201	512910	Trigger-In:201	128	trial_end_completed	staircase	18	red	right	unaware	1	0
514.015	0.000	trigger_101	101	514015	Trigger-In:101	129	trial_start	staircase	19	green	right	aware	1	0
514.120	0.000	trigger_11	11	514120	Trigger-In:11	129	fixation_point_on	staircase	19	green	right	aware	1	0
514.820	0.000	trigger_21	21	514820	Trigger-In:21	129	grating_on	staircase	19	green	right	aware	1	0
514.890	0.000	trigger_20	20	514890	Trigger-In:20	129	grating_off	staircase	19	green	right	aware	1	0
515.630	0.000	trigger_31	31	515630	Trigger-In:31	129	targets_on_fp_color_change	staircase	19	green	right	aware	1	0
516.375	0.000	trigger_201	201	516375	Trigger-In:201	129	trial_end_completed	staircase	19	green	right	aware	1	0
517.470	0.000	trigger_101	101	517470	Trigger-In:101	130	trial_start	absent	70	red	left	aware	1	0
517.575	0.000	trigger_11	11	517575	Trigger-In:11	130	fixation_point_on	absent	70	red	left	aware	1	0
518.215	0.000	trigger_21	21	518215	Trigger-In:21	130	grating_on	absent	70	red	left	aware	1	0
518.270	0.000	trigger_20	20	518270	Trigger-In:20	130	grating_off	absent	70	red	left	aware	1	0
518.895	0.000	trigger_31	31	518895	Trigger-In:31	130	targets_on_fp_color_change	absent	70	red	left	aware	1	0
519.670	0.000	trigger_201	201	519670	Trigger-In:201	130	trial_end_completed	absent	70	red	left	aware	1	0
520.760	0.000	trigger_101	101	520760	Trigger-In:101	131	trial_start	staircase	18	red	right	unaware	1	0
521.390	0.000	trigger_11	11	521390	Trigger-In:11	131	fixation_point_on	staircase	18	red	right	unaware	1	0
522.020	0.000	trigger_21	21	522020	Trigger-In:21	131	grating_on	staircase	18	red	right	unaware	1	0
522.070	0.000	trigger_20	20	522070	Trigger-In:20	131	grating_off	staircase	18	red	right	unaware	1	0
522.705	0.000	trigger_31	31	522705	Trigger-In:31	131	targets_on_fp_color_change	staircase	18	red	right	unaware	1	0
524.015	0.000	trigger_201	201	524015	Trigger-In:201	131	trial_end_completed	staircase	18	red	right	unaware	1	0
525.100	0.000	trigger_101	101	525100	Trigger-In:101	132	trial_start	salient	0	green	left	unaware	1	0
525.210	0.000	trigger_11	11	525210	Trigger-In:11	132	fixation_point_on	salient	0	green	left	unaware	1	0
525.900	0.000	trigger_21	21	525900	Trigger-In:21	132	grating_on	salient	0	green	left	unaware	1	0
525.960	0.000	trigger_20	20	525960	Trigger-In:20	132	grating_off	salient	0	green	left	unaware	1	0
526.630	0.000	trigger_31	31	526630	Trigger-In:31	132	targets_on_fp_color_change	salient	0	green	left	unaware	1	0
527.725	0.000	trigger_201	201	527725	Trigger-In:201	132	trial_end_completed	salient	0	green	left	unaware	1	0
528.815	0.000	trigger_101	101	528815	Trigger-In:101	133	trial_start	staircase	19	green	left	unaware	1	0
529.025	0.000	trigger_11	11	529025	Trigger-In:11	133	fixation_point_on	staircase	19	green	left	unaware	1	0
529.655	0.000	trigger_21	21	529655	Trigger-In:21	133	grating_on	staircase	19	green	left	unaware	1	0
529.710	0.000	trigger_20	20	529710	Trigger-In:20	133	grating_off	staircase	19	green	left	unaware	1	0
530.335	0.000	trigger_31	31	530335	Trigger-In:31	133	targets_on_fp_color_change	staircase	19	green	left	unaware	1	0
531.170	0.000	trigger_201	201	531170	Trigger-In:201	133	trial_end_completed	staircase	19	green	left	unaware	1	0
532.260	0.000	trigger_101	101	532260	Trigger-In:101	134	trial_start	staircase	20	green	right	aware	1	0
532.365	0.000	trigger_11	11	532365	Trigger-In:11	134	fixation_point_on	staircase	20	green	right	aware	1	0
533.035	0.000	trigger_21	21	533035	Trigger-In:21	134	grating_on	staircase	20	green	right	aware	1	0
533.095	0.000	trigger_20	20	533095	Trigger-In:20	134	grating_off	staircase	20	green	right	aware	1	0
533.765	0.000	trigger_31	31	533765	Trigger-In:31	134	targets_on_fp_color_change	staircase	20	green	right	aware	1	0
534.685	0.000	trigger_201	201	534685	Trigger-In:201	134	trial_end_completed	staircase	20	green	right	aware	1	0
535.780	0.000	trigger_101	101	535780	Trigger-In:101	135	trial_start	salient	0	red	left	aware	1	0
535.890	0.000	trigger_11	11	535890	Trigger-In:11	135	fixation_point_on	salient	0	red	left	aware	1	0
536.510	0.000	trigger_21	21	536510	Trigger-In:21	135	grating_on	salient	0	red	left	aware	1	0
536.565	0.000	trigger_20	20	536565	Trigger-In:20	135	grating_off	salient	0	red	left	aware	1	0
537.195	0.000	trigger_31	31	537195	Trigger-In:31	135	targets_on_fp_color_change	salient	0	red	left	aware	1	0
537.935	0.000	trigger_201	201	537935	Trigger-In:201	135	trial_end_completed	salient	0	red	left	aware	1	0
539.295	0.000	trigger_101	101	539295	Trigger-In:101	136	trial_start	staircase	19	red	left	aware	1	0
539.400	0.000	trigger_11	11	539400	Trigger-In:11	136	fixation_point_on	staircase	19	red	left	aware	1	0
540.025	0.000	trigger_21	21	540025	Trigger-In:21	136	grating_on	staircase	19	red	left	aware	1	0
540.085	0.000	trigger_20	20	540085	Trigger-In:20	136	grating_off	staircase	19	red	left	aware	1	0
540.715	0.000	trigger_31	31	540715	Trigger-In:31	136	targets_on_fp_color_change	staircase	19	red	left	aware	1	0
541.365	0.000	trigger_201	201	541365	Trigger-In:201	136	trial_end_completed	staircase	19	red	left	aware	1	0
542.455	0.000	trigger_101	101	542455	Trigger-In:101	137	trial_start	salient	0	green	right	aware	1	0
542.560	0.000	trigger_11	11	542560	Trigger-In:11	137	fixation_point_on	salient	0	green	right	aware	1	0
543.185	0.000	trigger_21	21	543185	Trigger-In:21	137	grating_on	salient	0	green	right	aware	1	0
543.245	0.000	trigger_20	20	543245	Trigger-In:20	137	grating_off	salient	0	green	right	aware	1	0
543.870	0.000	trigger_31	31	543870	Trigger-In:31	137	targets_on_fp_color_change	salient	0	green	right	aware	1	0
544.810	0.000	trigger_201	201	544810	Trigger-In:201	137	trial_end_completed	salient	0	green	right	aware	1	0
546.170	0.000	trigger_101	101	546170	Trigger-In:101	138	trial_start	staircase	18	green	left	unaware	1	0
546.275	0.000	trigger_11	11	546275	Trigger-In:11	138	fixation_point_on	staircase	18	green	left	unaware	1	0
546.900	0.000	trigger_21	21	546900	Trigger-In:21	138	grating_on	staircase	18	green	left	unaware	1	0
546.955	0.000	trigger_20	20	546955	Trigger-In:20	138	grating_off	staircase	18	green	left	unaware	1	0
547.585	0.000	trigger_31	31	547585	Trigger-In:31	138	targets_on_fp_color_change	staircase	18	green	left	unaware	1	0
548.820	0.000	trigger_201	201	548820	Trigger-In:201	138	trial_end_completed	staircase	18	green	left	unaware	1	0
549.910	0.000	trigger_101	101	549910	Trigger-In:101	139	trial_start	salient	0	green	left	unaware	1	0
550.015	0.000	trigger_11	11	550015	Trigger-In:11	139	fixation_point_on	salient	0	green	left	unaware	1	0
550.645	0.000	trigger_21	21	550645	Trigger-In:21	139	grating_on	salient	0	green	left	unaware	1	0
550.700	0.000	trigger_20	20	550700	Trigger-In:20	139	grating_off	salient	0	green	left	unaware	1	0
551.325	0.000	trigger_31	31	551325	Trigger-In:31	139	targets_on_fp_color_change	salient	0	green	left	unaware	1	0
552.060	0.000	trigger_201	201	552060	Trigger-In:201	139	trial_end_completed	salient	0	green	left	unaware	1	0
553.150	0.000	trigger_101	101	553150	Trigger-In:101	140	trial_start	staircase	19	red	right	unaware	1	0
553.260	0.000	trigger_11	11	553260	Trigger-In:11	140	fixation_point_on	staircase	19	red	right	unaware	1	0
553.885	0.000	trigger_21	21	553885	Trigger-In:21	140	grating_on	staircase	19	red	right	unaware	1	0
553.940	0.000	trigger_20	20	553940	Trigger-In:20	140	grating_off	staircase	19	red	right	unaware	1	0
554.565	0.000	trigger_31	31	554565	Trigger-In:31	140	targets_on_fp_color_change	staircase	19	red	right	unaware	1	0
555.700	0.000	trigger_201	201	555700	Trigger-In:201	140	trial_end_completed	staircase	19	red	right	unaware	1	0
556.795	0.000	trigger_101	101	556795	Trigger-In:101	141	trial_start	salient	0	green	left	unaware	1	0
556.895	0.000	trigger_11	11	556895	Trigger-In:11	141	fixation_point_on	salient	0	green	left	unaware	1	0
557.515	0.000	trigger_21	21	557515	Trigger-In:21	141	grating_on	salient	0	green	left	unaware	1	0
557.570	0.000	trigger_20	20	557570	Trigger-In:20	141	grating_off	salient	0	green	left	unaware	1	0
558.205	0.000	trigger_31	31	558205	Trigger-In:31	141	targets_on_fp_color_change	salient	0	green	left	unaware	1	0
559.195	0.000	trigger_201	201	559195	Trigger-In:201	141	trial_end_completed	salient	0	green	left	unaware	1	0
560.285	0.000	trigger_101	101	560285	Trigger-In:101	142	trial_start	salient	0	green	left	unaware	1	0
560.390	0.000	trigger_11	11	560390	Trigger-In:11	142	fixation_point_on	salient	0	green	left	unaware	1	0
561.015	0.000	trigger_21	21	561015	Trigger-In:21	142	grating_on	salient	0	green	left	unaware	1	0
561.065	0.000	trigger_20	20	561065	Trigger-In:20	142	grating_off	salient	0	green	left	unaware	1	0
561.695	0.000	trigger_31	31	561695	Trigger-In:31	142	targets_on_fp_color_change	salient	0	green	left	unaware	1	0
562.565	0.000	trigger_201	201	562565	Trigger-In:201	142	trial_end_completed	salient	0	green	left	unaware	1	0
563.655	0.000	trigger_101	101	563655	Trigger-In:101	143	trial_start	salient	0	red	right	unaware	1	0
563.765	0.000	trigger_11	11	563765	Trigger-In:11	143	fixation_point_on	salient	0	red	right	unaware	1	0
564.380	0.000	trigger_21	21	564380	Trigger-In:21	143	grating_on	salient	0	red	right	unaware	1	0
564.435	0.000	trigger_20	20	564435	Trigger-In:20	143	grating_off	salient	0	red	right	unaware	1	0
565.060	0.000	trigger_31	31	565060	Trigger-In:31	143	targets_on_fp_color_change	salient	0	red	right	unaware	1	0
565.995	0.000	trigger_201	201	565995	Trigger-In:201	143	trial_end_completed	salient	0	red	right	unaware	1	0
567.085	0.000	trigger_101	101	567085	Trigger-In:101	144	trial_start	staircase	20	green	right	aware	1	0
567.215	0.000	trigger_11	11	567215	Trigger-In:11	144	fixation_point_on	staircase	20	green	right	aware	1	0
567.845	0.000	trigger_21	21	567845	Trigger-In:21	144	grating_on	staircase	20	green	right	aware	1	0
567.900	0.000	trigger_20	20	567900	Trigger-In:20	144	grating_off	staircase	20	green	right	aware	1	0
568.535	0.000	trigger_31	31	568535	Trigger-In:31	144	targets_on_fp_color_change	staircase	20	green	right	aware	1	0
569.675	0.000	trigger_201	201	569675	Trigger-In:201	144	trial_end_completed	staircase	20	green	right	aware	1	0
570.765	0.000	trigger_101	101	570765	Trigger-In:101	145	trial_start	staircase	19	red	left	aware	1	0
570.870	0.000	trigger_11	11	570870	Trigger-In:11	145	fixation_point_on	staircase	19	red	left	aware	1	0
571.495	0.000	trigger_21	21	571495	Trigger-In:21	145	grating_on	staircase	19	red	left	aware	1	0
571.550	0.000	trigger_20	20	571550	Trigger-In:20	145	grating_off	staircase	19	red	left	aware	1	0
572.185	0.000	trigger_31	31	572185	Trigger-In:31	145	targets_on_fp_color_change	staircase	19	red	left	aware	1	0
573.290	0.000	trigger_201	201	573290	Trigger-In:201	145	trial_end_completed	staircase	19	red	left	aware	1	0
574.380	0.000	trigger_101	101	574380	Trigger-In:101	146	trial_start	staircase	18	green	right	aware	1	0
574.490	0.000	trigger_11	11	574490	Trigger-In:11	146	fixation_point_on	staircase	18	green	right	aware	1	0
575.120	0.000	trigger_21	21	575120	Trigger-In:21	146	grating_on	staircase	18	green	right	aware	1	0
575.175	0.000	trigger_20	20	575175	Trigger-In:20	146	grating_off	staircase	18	green	right	aware	1	0
575.810	0.000	trigger_31	31	575810	Trigger-In:31	146	targets_on_fp_color_change	staircase	18	green	right	aware	1	0
576.610	0.000	trigger_201	201	576610	Trigger-In:201	146	trial_end_completed	staircase	18	green	right	aware	1	0
577.695	0.000	trigger_101	101	577695	Trigger-In:101	147	trial_start	staircase	17	green	right	aware	1	0
577.895	0.000	trigger_11	11	577895	Trigger-In:11	147	fixation_point_on	staircase	17	green	right	aware	1	0
578.520	0.000	trigger_21	21	578520	Trigger-In:21	147	grating_on	staircase	17	green	right	aware	1	0
578.575	0.000	trigger_20	20	578575	Trigger-In:20	147	grating_off	staircase	17	green	right	aware	1	0
579.200	0.000	trigger_31	31	579200	Trigger-In:31	147	targets_on_fp_color_change	staircase	17	green	right	aware	1	0
580.030	0.000	trigger_201	201	580030	Trigger-In:201	147	trial_end_completed	staircase	17	green	right	aware	1	0
581.125	0.000	trigger_101	101	581125	Trigger-In:101	148	trial_start	absent	70	green	right	aware	1	0
581.230	0.000	trigger_11	11	581230	Trigger-In:11	148	fixation_point_on	absent	70	green	right	aware	1	0
581.855	0.000	trigger_21	21	581855	Trigger-In:21	148	grating_on	absent	70	green	right	aware	1	0
581.910	0.000	trigger_20	20	581910	Trigger-In:20	148	grating_off	absent	70	green	right	aware	1	0
582.540	0.000	trigger_31	31	582540	Trigger-In:31	148	targets_on_fp_color_change	absent	70	green	right	aware	1	0
583.230	0.000	trigger_201	201	583230	Trigger-In:201	148	trial_end_completed	absent	70	green	right	aware	1	0
584.320	0.000	trigger_101	101	584320	Trigger-In:101	149	trial_start	staircase	16	red	left	aware	1	0
584.425	0.000	trigger_11	11	584425	Trigger-In:11	149	fixation_point_on	staircase	16	red	left	aware	1	0
585.055	0.000	trigger_21	21	585055	Trigger-In:21	149	grating_on	staircase	16	red	left	aware	1	0
585.110	0.000	trigger_20	20	585110	Trigger-In:20	149	grating_off	staircase	16	red	left	aware	1	0
585.740	0.000	trigger_31	31	585740	Trigger-In:31	149	targets_on_fp_color_change	staircase	16	red	left	aware	1	0
586.685	0.000	trigger_201	201	586685	Trigger-In:201	149	trial_end_completed	staircase	16	red	left	aware	1	0
587.780	0.000	trigger_101	101	587780	Trigger-In:101	150	trial_start	staircase	15	red	n/a	n/a	0	1
587.890	0.000	trigger_11	11	587890	Trigger-In:11	150	fixation_point_on	staircase	15	red	n/a	n/a	0	1
588.495	0.000	trigger_204	204	588495	Trigger-In:204	150	trial_end_fixation_break	staircase	15	red	n/a	n/a	0	1
590.285	0.000	trigger_101	101	590285	Trigger-In:101	151	trial_start	staircase	15	green	right	aware	1	0
590.385	0.000	trigger_11	11	590385	Trigger-In:11	151	fixation_point_on	staircase	15	green	right	aware	1	0
591.015	0.000	trigger_21	21	591015	Trigger-In:21	151	grating_on	staircase	15	green	right	aware	1	0
591.070	0.000	trigger_20	20	591070	Trigger-In:20	151	grating_off	staircase	15	green	right	aware	1	0
591.700	0.000	trigger_31	31	591700	Trigger-In:31	151	targets_on_fp_color_change	staircase	15	green	right	aware	1	0
592.575	0.000	trigger_201	201	592575	Trigger-In:201	151	trial_end_completed	staircase	15	green	right	aware	1	0
593.665	0.000	trigger_101	101	593665	Trigger-In:101	152	trial_start	staircase	14	green	right	aware	1	0
593.765	0.000	trigger_11	11	593765	Trigger-In:11	152	fixation_point_on	staircase	14	green	right	aware	1	0
594.390	0.000	trigger_21	21	594390	Trigger-In:21	152	grating_on	staircase	14	green	right	aware	1	0
594.450	0.000	trigger_20	20	594450	Trigger-In:20	152	grating_off	staircase	14	green	right	aware	1	0
595.075	0.000	trigger_31	31	595075	Trigger-In:31	152	targets_on_fp_color_change	staircase	14	green	right	aware	1	0
595.955	0.000	trigger_201	201	595955	Trigger-In:201	152	trial_end_completed	staircase	14	green	right	aware	1	0
597.050	0.000	trigger_101	101	597050	Trigger-In:101	153	trial_start	staircase	13	red	left	aware	1	0
597.155	0.000	trigger_11	11	597155	Trigger-In:11	153	fixation_point_on	staircase	13	red	left	aware	1	0
597.785	0.000	trigger_21	21	597785	Trigger-In:21	153	grating_on	staircase	13	red	left	aware	1	0
597.840	0.000	trigger_20	20	597840	Trigger-In:20	153	grating_off	staircase	13	red	left	aware	1	0
598.470	0.000	trigger_31	31	598470	Trigger-In:31	153	targets_on_fp_color_change	staircase	13	red	left	aware	1	0
599.420	0.000	trigger_201	201	599420	Trigger-In:201	153	trial_end_completed	staircase	13	red	left	aware	1	0
600.515	0.000	trigger_101	101	600515	Trigger-In:101	154	trial_start	staircase	12	green	left	unaware	1	0
600.625	0.000	trigger_11	11	600625	Trigger-In:11	154	fixation_point_on	staircase	12	green	left	unaware	1	0
601.245	0.000	trigger_21	21	601245	Trigger-In:21	154	grating_on	staircase	12	green	left	unaware	1	0
601.300	0.000	trigger_20	20	601300	Trigger-In:20	154	grating_off	staircase	12	green	left	unaware	1	0
601.930	0.000	trigger_31	31	601930	Trigger-In:31	154	targets_on_fp_color_change	staircase	12	green	left	unaware	1	0
602.965	0.000	trigger_201	201	602965	Trigger-In:201	154	trial_end_completed	staircase	12	green	left	unaware	1	0
604.055	0.000	trigger_101	101	604055	Trigger-In:101	155	trial_start	absent	70	red	left	aware	1	0
604.160	0.000	trigger_11	11	604160	Trigger-In:11	155	fixation_point_on	absent	70	red	left	aware	1	0
604.785	0.000	trigger_21	21	604785	Trigger-In:21	155	grating_on	absent	70	red	left	aware	1	0
604.840	0.000	trigger_20	20	604840	Trigger-In:20	155	grating_off	absent	70	red	left	aware	1	0
605.465	0.000	trigger_31	31	605465	Trigger-In:31	155	targets_on_fp_color_change	absent	70	red	left	aware	1	0
606.530	0.000	trigger_201	201	606530	Trigger-In:201	155	trial_end_completed	absent	70	red	left	aware	1	0
607.620	0.000	trigger_101	101	607620	Trigger-In:101	156	trial_start	salient	0	green	left	unaware	1	0
607.730	0.000	trigger_11	11	607730	Trigger-In:11	156	fixation_point_on	salient	0	green	left	unaware	1	0
608.355	0.000	trigger_21	21	608355	Trigger-In:21	156	grating_on	salient	0	green	left	unaware	1	0
608.410	0.000	trigger_20	20	608410	Trigger-In:20	156	grating_off	salient	0	green	left	unaware	1	0
609.030	0.000	trigger_31	31	609030	Trigger-In:31	156	targets_on_fp_color_change	salient	0	green	left	unaware	1	0
610.035	0.000	trigger_201	201	610035	Trigger-In:201	156	trial_end_completed	salient	0	green	left	unaware	1	0
611.125	0.000	trigger_101	101	611125	Trigger-In:101	157	trial_start	staircase	13	green	left	unaware	1	0
611.230	0.000	trigger_11	11	611230	Trigger-In:11	157	fixation_point_on	staircase	13	green	left	unaware	1	0
611.850	0.000	trigger_21	21	611850	Trigger-In:21	157	grating_on	staircase	13	green	left	unaware	1	0
611.910	0.000	trigger_20	20	611910	Trigger-In:20	157	grating_off	staircase	13	green	left	unaware	1	0
612.545	0.000	trigger_31	31	612545	Trigger-In:31	157	targets_on_fp_color_change	staircase	13	green	left	unaware	1	0
613.320	0.000	trigger_201	201	613320	Trigger-In:201	157	trial_end_completed	staircase	13	green	left	unaware	1	0
614.410	0.000	trigger_101	101	614410	Trigger-In:101	158	trial_start	staircase	14	green	left	unaware	1	0
614.515	0.000	trigger_11	11	614515	Trigger-In:11	158	fixation_point_on	staircase	14	green	left	unaware	1	0
615.135	0.000	trigger_21	21	615135	Trigger-In:21	158	grating_on	staircase	14	green	left	unaware	1	0
615.190	0.000	trigger_20	20	615190	Trigger-In:20	158	grating_off	staircase	14	green	left	unaware	1	0
615.820	0.000	trigger_31	31	615820	Trigger-In:31	158	targets_on_fp_color_change	staircase	14	green	left	unaware	1	0
616.705	0.000	trigger_201	201	616705	Trigger-In:201	158	trial_end_completed	staircase	14	green	left	unaware	1	0
617.795	0.000	trigger_101	101	617795	Trigger-In:101	159	trial_start	salient	0	red	right	unaware	1	0
617.900	0.000	trigger_11	11	617900	Trigger-In:11	159	fixation_point_on	salient	0	red	right	unaware	1	0
618.520	0.000	trigger_21	21	618520	Trigger-In:21	159	grating_on	salient	0	red	right	unaware	1	0
618.575	0.000	trigger_20	20	618575	Trigger-In:20	159	grating_off	salient	0	red	right	unaware	1	0
619.205	0.000	trigger_31	31	619205	Trigger-In:31	159	targets_on_fp_color_change	salient	0	red	right	unaware	1	0
620.585	0.000	trigger_201	201	620585	Trigger-In:201	159	trial_end_completed	salient	0	red	right	unaware	1	0
621.675	0.000	trigger_101	101	621675	Trigger-In:101	160	trial_start	staircase	15	red	right	unaware	1	0
621.780	0.000	trigger_11	11	621780	Trigger-In:11	160	fixation_point_on	staircase	15	red	right	unaware	1	0
622.410	0.000	trigger_21	21	622410	Trigger-In:21	160	grating_on	staircase	15	red	right	unaware	1	0
622.465	0.000	trigger_20	20	622465	Trigger-In:20	160	grating_off	staircase	15	red	right	unaware	1	0
623.090	0.000	trigger_31	31	623090	Trigger-In:31	160	targets_on_fp_color_change	staircase	15	red	right	unaware	1	0
623.855	0.000	trigger_201	201	623855	Trigger-In:201	160	trial_end_completed	staircase	15	red	right	unaware	1	0
624.945	0.000	trigger_101	101	624945	Trigger-In:101	161	trial_start	salient	0	red	right	unaware	1	0
625.055	0.000	trigger_11	11	625055	Trigger-In:11	161	fixation_point_on	salient	0	red	right	unaware	1	0
625.685	0.000	trigger_21	21	625685	Trigger-In:21	161	grating_on	salient	0	red	right	unaware	1	0
625.745	0.000	trigger_20	20	625745	Trigger-In:20	161	grating_off	salient	0	red	right	unaware	1	0
626.375	0.000	trigger_31	31	626375	Trigger-In:31	161	targets_on_fp_color_change	salient	0	red	right	unaware	1	0
627.145	0.000	trigger_201	201	627145	Trigger-In:201	161	trial_end_completed	salient	0	red	right	unaware	1	0
628.240	0.000	trigger_101	101	628240	Trigger-In:101	162	trial_start	staircase	16	green	right	aware	1	0
628.335	0.000	trigger_11	11	628335	Trigger-In:11	162	fixation_point_on	staircase	16	green	right	aware	1	0
628.960	0.000	trigger_21	21	628960	Trigger-In:21	162	grating_on	staircase	16	green	right	aware	1	0
629.020	0.000	trigger_20	20	629020	Trigger-In:20	162	grating_off	staircase	16	green	right	aware	1	0
629.650	0.000	trigger_31	31	629650	Trigger-In:31	162	targets_on_fp_color_change	staircase	16	green	right	aware	1	0
630.785	0.000	trigger_201	201	630785	Trigger-In:201	162	trial_end_completed	staircase	16	green	right	aware	1	0
631.885	0.000	trigger_101	101	631885	Trigger-In:101	163	trial_start	staircase	15	green	right	aware	1	0
631.990	0.000	trigger_11	11	631990	Trigger-In:11	163	fixation_point_on	staircase	15	green	right	aware	1	0
632.620	0.000	trigger_21	21	632620	Trigger-In:21	163	grating_on	staircase	15	green	right	aware	1	0
632.680	0.000	trigger_20	20	632680	Trigger-In:20	163	grating_off	staircase	15	green	right	aware	1	0
633.320	0.000	trigger_31	31	633320	Trigger-In:31	163	targets_on_fp_color_change	staircase	15	green	right	aware	1	0
634.225	0.000	trigger_201	201	634225	Trigger-In:201	163	trial_end_completed	staircase	15	green	right	aware	1	0
635.315	0.000	trigger_101	101	635315	Trigger-In:101	164	trial_start	staircase	14	green	left	unaware	1	0
635.465	0.000	trigger_11	11	635465	Trigger-In:11	164	fixation_point_on	staircase	14	green	left	unaware	1	0
636.085	0.000	trigger_21	21	636085	Trigger-In:21	164	grating_on	staircase	14	green	left	unaware	1	0
636.140	0.000	trigger_20	20	636140	Trigger-In:20	164	grating_off	staircase	14	green	left	unaware	1	0
636.775	0.000	trigger_31	31	636775	Trigger-In:31	164	targets_on_fp_color_change	staircase	14	green	left	unaware	1	0
638.275	0.000	trigger_201	201	638275	Trigger-In:201	164	trial_end_completed	staircase	14	green	left	unaware	1	0
639.370	0.000	trigger_101	101	639370	Trigger-In:101	165	trial_start	salient	0	red	left	aware	1	0
639.475	0.000	trigger_11	11	639475	Trigger-In:11	165	fixation_point_on	salient	0	red	left	aware	1	0
640.095	0.000	trigger_21	21	640095	Trigger-In:21	165	grating_on	salient	0	red	left	aware	1	0
640.150	0.000	trigger_20	20	640150	Trigger-In:20	165	grating_off	salient	0	red	left	aware	1	0
640.775	0.000	trigger_31	31	640775	Trigger-In:31	165	targets_on_fp_color_change	salient	0	red	left	aware	1	0
641.720	0.000	trigger_201	201	641720	Trigger-In:201	165	trial_end_completed	salient	0	red	left	aware	1	0
643.080	0.000	trigger_101	101	643080	Trigger-In:101	166	trial_start	absent	70	red	left	aware	1	0
643.185	0.000	trigger_11	11	643185	Trigger-In:11	166	fixation_point_on	absent	70	red	left	aware	1	0
643.815	0.000	trigger_21	21	643815	Trigger-In:21	166	grating_on	absent	70	red	left	aware	1	0
643.870	0.000	trigger_20	20	643870	Trigger-In:20	166	grating_off	absent	70	red	left	aware	1	0
644.510	0.000	trigger_31	31	644510	Trigger-In:31	166	targets_on_fp_color_change	absent	70	red	left	aware	1	0
646.465	0.000	trigger_201	201	646465	Trigger-In:201	166	trial_end_completed	absent	70	red	left	aware	1	0
647.555	0.000	trigger_101	101	647555	Trigger-In:101	167	trial_start	staircase	15	green	right	aware	1	0
647.660	0.000	trigger_11	11	647660	Trigger-In:11	167	fixation_point_on	staircase	15	green	right	aware	1	0
648.290	0.000	trigger_21	21	648290	Trigger-In:21	167	grating_on	staircase	15	green	right	aware	1	0
648.345	0.000	trigger_20	20	648345	Trigger-In:20	167	grating_off	staircase	15	green	right	aware	1	0
648.970	0.000	trigger_31	31	648970	Trigger-In:31	167	targets_on_fp_color_change	staircase	15	green	right	aware	1	0
650.205	0.000	trigger_201	201	650205	Trigger-In:201	167	trial_end_completed	staircase	15	green	right	aware	1	0
651.295	0.000	trigger_101	101	651295	Trigger-In:101	168	trial_start	staircase	14	red	right	unaware	1	0
651.405	0.000	trigger_11	11	651405	Trigger-In:11	168	fixation_point_on	staircase	14	red	right	unaware	1	0
652.025	0.000	trigger_21	21	652025	Trigger-In:21	168	grating_on	staircase	14	red	right	unaware	1	0
652.080	0.000	trigger_20	20	652080	Trigger-In:20	168	grating_off	staircase	14	red	right	unaware	1	0
652.705	0.000	trigger_31	31	652705	Trigger-In:31	168	targets_on_fp_color_change	staircase	14	red	right	unaware	1	0
654.285	0.000	trigger_201	201	654285	Trigger-In:201	168	trial_end_completed	staircase	14	red	right	unaware	1	0
655.380	0.000	trigger_101	101	655380	Trigger-In:101	169	trial_start	absent	70	red	left	aware	1	0
655.485	0.000	trigger_11	11	655485	Trigger-In:11	169	fixation_point_on	absent	70	red	left	aware	1	0
656.110	0.000	trigger_21	21	656110	Trigger-In:21	169	grating_on	absent	70	red	left	aware	1	0
656.165	0.000	trigger_20	20	656165	Trigger-In:20	169	grating_off	absent	70	red	left	aware	1	0
656.795	0.000	trigger_31	31	656795	Trigger-In:31	169	targets_on_fp_color_change	absent	70	red	left	aware	1	0
657.795	0.000	trigger_201	201	657795	Trigger-In:201	169	trial_end_completed	absent	70	red	left	aware	1	0
658.885	0.000	trigger_101	101	658885	Trigger-In:101	170	trial_start	staircase	15	red	left	aware	1	0
658.990	0.000	trigger_11	11	658990	Trigger-In:11	170	fixation_point_on	staircase	15	red	left	aware	1	0
659.620	0.000	trigger_21	21	659620	Trigger-In:21	170	grating_on	staircase	15	red	left	aware	1	0
659.675	0.000	trigger_20	20	659675	Trigger-In:20	170	grating_off	staircase	15	red	left	aware	1	0
660.310	0.000	trigger_31	31	660310	Trigger-In:31	170	targets_on_fp_color_change	staircase	15	red	left	aware	1	0
661.190	0.000	trigger_201	201	661190	Trigger-In:201	170	trial_end_completed	staircase	15	red	left	aware	1	0
662.280	0.000	trigger_101	101	662280	Trigger-In:101	171	trial_start	staircase	14	green	right	aware	1	0
662.385	0.000	trigger_11	11	662385	Trigger-In:11	171	fixation_point_on	staircase	14	green	right	aware	1	0
663.005	0.000	trigger_21	21	663005	Trigger-In:21	171	grating_on	staircase	14	green	right	aware	1	0
663.060	0.000	trigger_20	20	663060	Trigger-In:20	171	grating_off	staircase	14	green	right	aware	1	0
663.690	0.000	trigger_31	31	663690	Trigger-In:31	171	targets_on_fp_color_change	staircase	14	green	right	aware	1	0
664.775	0.000	trigger_201	201	664775	Trigger-In:201	171	trial_end_completed	staircase	14	green	right	aware	1	0
665.865	0.000	trigger_101	101	665865	Trigger-In:101	172	trial_start	salient	0	green	left	unaware	1	0
665.975	0.000	trigger_11	11	665975	Trigger-In:11	172	fixation_point_on	salient	0	green	left	unaware	1	0
666.595	0.000	trigger_21	21	666595	Trigger-In:21	172	grating_on	salient	0	green	left	unaware	1	0
666.650	0.000	trigger_20	20	666650	Trigger-In:20	172	grating_off	salient	0	green	left	unaware	1	0
667.290	0.000	trigger_31	31	667290	Trigger-In:31	172	targets_on_fp_color_change	salient	0	green	left	unaware	1	0
668.170	0.000	trigger_201	201	668170	Trigger-In:201	172	trial_end_completed	salient	0	green	left	unaware	1	0
669.260	0.000	trigger_101	101	669260	Trigger-In:101	173	trial_start	staircase	13	green	left	unaware	1	0
669.360	0.000	trigger_11	11	669360	Trigger-In:11	173	fixation_point_on	staircase	13	green	left	unaware	1	0
669.985	0.000	trigger_21	21	669985	Trigger-In:21	173	grating_on	staircase	13	green	left	unaware	1	0
670.040	0.000	trigger_20	20	670040	Trigger-In:20	173	grating_off	staircase	13	green	left	unaware	1	0
670.665	0.000	trigger_31	31	670665	Trigger-In:31	173	targets_on_fp_color_change	staircase	13	green	left	unaware	1	0
671.445	0.000	trigger_201	201	671445	Trigger-In:201	173	trial_end_completed	staircase	13	green	left	unaware	1	0
672.540	0.000	trigger_101	101	672540	Trigger-In:101	174	trial_start	staircase	14	red	right	unaware	1	0
672.655	0.000	trigger_11	11	672655	Trigger-In:11	174	fixation_point_on	staircase	14	red	right	unaware	1	0
673.285	0.000	trigger_21	21	673285	Trigger-In:21	174	grating_on	staircase	14	red	right	unaware	1	0
673.340	0.000	trigger_20	20	673340	Trigger-In:20	174	grating_off	staircase	14	red	right	unaware	1	0
673.970	0.000	trigger_31	31	673970	Trigger-In:31	174	targets_on_fp_color_change	staircase	14	red	right	unaware	1	0
675.370	0.000	trigger_201	201	675370	Trigger-In:201	174	trial_end_completed	staircase	14	red	right	unaware	1	0
676.465	0.000	trigger_101	101	676465	Trigger-In:101	175	trial_start	staircase	15	green	left	unaware	1	0
676.575	0.000	trigger_11	11	676575	Trigger-In:11	175	fixation_point_on	staircase	15	green	left	unaware	1	0
677.200	0.000	trigger_21	21	677200	Trigger-In:21	175	grating_on	staircase	15	green	left	unaware	1	0
677.255	0.000	trigger_20	20	677255	Trigger-In:20	175	grating_off	staircase	15	green	left	unaware	1	0
677.880	0.000	trigger_31	31	677880	Trigger-In:31	175	targets_on_fp_color_change	staircase	15	green	left	unaware	1	0
678.915	0.000	trigger_201	201	678915	Trigger-In:201	175	trial_end_completed	staircase	15	green	left	unaware	1	0
680.005	0.000	trigger_101	101	680005	Trigger-In:101	176	trial_start	staircase	16	green	left	unaware	1	0
680.115	0.000	trigger_11	11	680115	Trigger-In:11	176	fixation_point_on	staircase	16	green	left	unaware	1	0
680.740	0.000	trigger_21	21	680740	Trigger-In:21	176	grating_on	staircase	16	green	left	unaware	1	0
680.795	0.000	trigger_20	20	680795	Trigger-In:20	176	grating_off	staircase	16	green	left	unaware	1	0
681.415	0.000	trigger_31	31	681415	Trigger-In:31	176	targets_on_fp_color_change	staircase	16	green	left	unaware	1	0
682.350	0.000	trigger_201	201	682350	Trigger-In:201	176	trial_end_completed	staircase	16	green	left	unaware	1	0
683.445	0.000	trigger_101	101	683445	Trigger-In:101	177	trial_start	absent	70	red	left	aware	1	0
683.545	0.000	trigger_11	11	683545	Trigger-In:11	177	fixation_point_on	absent	70	red	left	aware	1	0
684.175	0.000	trigger_21	21	684175	Trigger-In:21	177	grating_on	absent	70	red	left	aware	1	0
684.230	0.000	trigger_20	20	684230	Trigger-In:20	177	grating_off	absent	70	red	left	aware	1	0
684.850	0.000	trigger_31	31	684850	Trigger-In:31	177	targets_on_fp_color_change	absent	70	red	left	aware	1	0
686.125	0.000	trigger_201	201	686125	Trigger-In:201	177	trial_end_completed	absent	70	red	left	aware	1	0
687.215	0.000	trigger_101	101	687215	Trigger-In:101	178	trial_start	staircase	17	red	left	aware	1	0
687.320	0.000	trigger_11	11	687320	Trigger-In:11	178	fixation_point_on	staircase	17	red	left	aware	1	0
687.945	0.000	trigger_21	21	687945	Trigger-In:21	178	grating_on	staircase	17	red	left	aware	1	0
688.000	0.000	trigger_20	20	688000	Trigger-In:20	178	grating_off	staircase	17	red	left	aware	1	0
688.635	0.000	trigger_31	31	688635	Trigger-In:31	178	targets_on_fp_color_change	staircase	17	red	left	aware	1	0
689.415	0.000	trigger_201	201	689415	Trigger-In:201	178	trial_end_completed	staircase	17	red	left	aware	1	0
690.505	0.000	trigger_101	101	690505	Trigger-In:101	179	trial_start	staircase	16	red	left	aware	1	0
690.615	0.000	trigger_11	11	690615	Trigger-In:11	179	fixation_point_on	staircase	16	red	left	aware	1	0
691.240	0.000	trigger_21	21	691240	Trigger-In:21	179	grating_on	staircase	16	red	left	aware	1	0
691.295	0.000	trigger_20	20	691295	Trigger-In:20	179	grating_off	staircase	16	red	left	aware	1	0
691.920	0.000	trigger_31	31	691920	Trigger-In:31	179	targets_on_fp_color_change	staircase	16	red	left	aware	1	0
692.610	0.000	trigger_201	201	692610	Trigger-In:201	179	trial_end_completed	staircase	16	red	left	aware	1	0
693.700	0.000	trigger_101	101	693700	Trigger-In:101	180	trial_start	staircase	15	red	left	aware	1	0
693.805	0.000	trigger_11	11	693805	Trigger-In:11	180	fixation_point_on	staircase	15	red	left	aware	1	0
694.430	0.000	trigger_21	21	694430	Trigger-In:21	180	grating_on	staircase	15	red	left	aware	1	0
694.490	0.000	trigger_20	20	694490	Trigger-In:20	180	grating_off	staircase	15	red	left	aware	1	0
695.120	0.000	trigger_31	31	695120	Trigger-In:31	180	targets_on_fp_color_change	staircase	15	red	left	aware	1	0
695.975	0.000	trigger_201	201	695975	Trigger-In:201	180	trial_end_completed	staircase	15	red	left	aware	1	0
