onset	duration	trial_type	value	sample	source_annotation	trial	event_name	stim_presence	contrast	fp_color	response	awareness	trial_complete	fixation_break
58.881	0.000	trigger_101	101	58881	Trigger-In:101	1	trial_start	salient	0	green	left	unaware	1	0
58.886	0.000	trigger_255	255	58886	Trigger-In:255	1	n/a	salient	0	green	left	unaware	1	0
58.996	0.000	trigger_11	11	58996	Trigger-In:11	1	fixation_point_on	salient	0	green	left	unaware	1	0
59.726	0.000	trigger_21	21	59726	Trigger-In:21	1	grating_on	salient	0	green	left	unaware	1	0
59.816	0.000	trigger_20	20	59816	Trigger-In:20	1	grating_off	salient	0	green	left	unaware	1	0
60.491	0.000	trigger_31	31	60491	Trigger-In:31	1	targets_on_fp_color_change	salient	0	green	left	unaware	1	0
61.756	0.000	trigger_201	201	61756	Trigger-In:201	1	trial_end_completed	salient	0	green	left	unaware	1	0
63.051	0.000	trigger_101	101	63051	Trigger-In:101	2	trial_start	staircase	12	red	left	aware	1	0
63.156	0.000	trigger_11	11	63156	Trigger-In:11	2	fixation_point_on	staircase	12	red	left	aware	1	0
63.796	0.000	trigger_21	21	63796	Trigger-In:21	2	grating_on	staircase	12	red	left	aware	1	0
63.856	0.000	trigger_20	20	63856	Trigger-In:20	2	grating_off	staircase	12	red	left	aware	1	0
64.511	0.000	trigger_31	31	64511	Trigger-In:31	2	targets_on_fp_color_change	staircase	12	red	left	aware	1	0
65.681	0.000	trigger_201	201	65681	Trigger-In:201	2	trial_end_completed	staircase	12	red	left	aware	1	0
66.786	0.000	trigger_101	101	66786	Trigger-In:101	3	trial_start	staircase	11	green	right	aware	1	0
66.891	0.000	trigger_11	11	66891	Trigger-In:11	3	fixation_point_on	staircase	11	green	right	aware	1	0
67.536	0.000	trigger_21	21	67536	Trigger-In:21	3	grating_on	staircase	11	green	right	aware	1	0
67.596	0.000	trigger_20	20	67596	Trigger-In:20	3	grating_off	staircase	11	green	right	aware	1	0
68.246	0.000	trigger_31	31	68246	Trigger-In:31	3	targets_on_fp_color_change	staircase	11	green	right	aware	1	0
68.931	0.000	trigger_201	201	68931	Trigger-In:201	3	trial_end_completed	staircase	11	green	right	aware	1	0
70.031	0.000	trigger_101	101	70031	Trigger-In:101	4	trial_start	salient	0	red	right	unaware	1	0
70.141	0.000	trigger_11	11	70141	Trigger-In:11	4	fixation_point_on	salient	0	red	right	unaware	1	0
70.791	0.000	trigger_21	21	70791	Trigger-In:21	4	grating_on	salient	0	red	right	unaware	1	0
70.851	0.000	trigger_20	20	70851	Trigger-In:20	4	grating_off	salient	0	red	right	unaware	1	0
71.506	0.000	trigger_31	31	71506	Trigger-In:31	4	targets_on_fp_color_change	salient	0	red	right	unaware	1	0
72.641	0.000	trigger_201	201	72641	Trigger-In:201	4	trial_end_completed	salient	0	red	right	unaware	1	0
73.736	0.000	trigger_101	101	73736	Trigger-In:101	5	trial_start	staircase	10	red	left	aware	1	0
73.841	0.000	trigger_11	11	73841	Trigger-In:11	5	fixation_point_on	staircase	10	red	left	aware	1	0
74.496	0.000	trigger_21	21	74496	Trigger-In:21	5	grating_on	staircase	10	red	left	aware	1	0
74.556	0.000	trigger_20	20	74556	Trigger-In:20	5	grating_off	staircase	10	red	left	aware	1	0
75.201	0.000	trigger_31	31	75201	Trigger-In:31	5	targets_on_fp_color_change	staircase	10	red	left	aware	1	0
76.036	0.000	trigger_201	201	76036	Trigger-In:201	5	trial_end_completed	staircase	10	red	left	aware	1	0
77.136	0.000	trigger_101	101	77136	Trigger-In:101	6	trial_start	staircase	9	red	left	aware	1	0
77.246	0.000	trigger_11	11	77246	Trigger-In:11	6	fixation_point_on	staircase	9	red	left	aware	1	0
77.886	0.000	trigger_21	21	77886	Trigger-In:21	6	grating_on	staircase	9	red	left	aware	1	0
77.941	0.000	trigger_20	20	77941	Trigger-In:20	6	grating_off	staircase	9	red	left	aware	1	0
78.581	0.000	trigger_31	31	78581	Trigger-In:31	6	targets_on_fp_color_change	staircase	9	red	left	aware	1	0
79.331	0.000	trigger_201	201	79331	Trigger-In:201	6	trial_end_completed	staircase	9	red	left	aware	1	0
80.421	0.000	trigger_101	101	80421	Trigger-In:101	7	trial_start	staircase	8	red	left	aware	1	0
80.531	0.000	trigger_11	11	80531	Trigger-In:11	7	fixation_point_on	staircase	8	red	left	aware	1	0
81.181	0.000	trigger_21	21	81181	Trigger-In:21	7	grating_on	staircase	8	red	left	aware	1	0
81.236	0.000	trigger_20	20	81236	Trigger-In:20	7	grating_off	staircase	8	red	left	aware	1	0
81.886	0.000	trigger_31	31	81886	Trigger-In:31	7	targets_on_fp_color_change	staircase	8	red	left	aware	1	0
82.566	0.000	trigger_201	201	82566	Trigger-In:201	7	trial_end_completed	staircase	8	red	left	aware	1	0
83.656	0.000	trigger_101	101	83656	Trigger-In:101	8	trial_start	staircase	7	green	right	aware	1	0
83.761	0.000	trigger_11	11	83761	Trigger-In:11	8	fixation_point_on	staircase	7	green	right	aware	1	0
84.406	0.000	trigger_21	21	84406	Trigger-In:21	8	grating_on	staircase	7	green	right	aware	1	0
84.466	0.000	trigger_20	20	84466	Trigger-In:20	8	grating_off	staircase	7	green	right	aware	1	0
85.111	0.000	trigger_31	31	85111	Trigger-In:31	8	targets_on_fp_color_change	staircase	7	green	right	aware	1	0
86.341	0.000	trigger_201	201	86341	Trigger-In:201	8	trial_end_completed	staircase	7	green	right	aware	1	0
87.436	0.000	trigger_101	101	87436	Trigger-In:101	9	trial_start	staircase	6	red	right	unaware	1	0
87.546	0.000	trigger_11	11	87546	Trigger-In:11	9	fixation_point_on	staircase	6	red	right	unaware	1	0
88.206	0.000	trigger_21	21	88206	Trigger-In:21	9	grating_on	staircase	6	red	right	unaware	1	0
88.276	0.000	trigger_20	20	88276	Trigger-In:20	9	grating_off	staircase	6	red	right	unaware	1	0
88.946	0.000	trigger_31	31	88946	Trigger-In:31	9	targets_on_fp_color_change	staircase	6	red	right	unaware	1	0
89.996	0.000	trigger_201	201	89996	Trigger-In:201	9	trial_end_completed	staircase	6	red	right	unaware	1	0
91.091	0.000	trigger_101	101	91091	Trigger-In:101	10	trial_start	salient	0	red	right	unaware	1	0
91.196	0.000	trigger_11	11	91196	Trigger-In:11	10	fixation_point_on	salient	0	red	right	unaware	1	0
91.846	0.000	trigger_21	21	91846	Trigger-In:21	10	grating_on	salient	0	red	right	unaware	1	0
91.906	0.000	trigger_20	20	91906	Trigger-In:20	10	grating_off	salient	0	red	right	unaware	1	0
92.591	0.000	trigger_31	31	92591	Trigger-In:31	10	targets_on_fp_color_change	salient	0	red	right	unaware	1	0
93.676	0.000	trigger_201	201	93676	Trigger-In:201	10	trial_end_completed	salient	0	red	right	unaware	1	0
94.771	0.000	trigger_101	101	94771	Trigger-In:101	11	trial_start	staircase	7	red	right	unaware	1	0
94.881	0.000	trigger_11	11	94881	Trigger-In:11	11	fixation_point_on	staircase	7	red	right	unaware	1	0
95.516	0.000	trigger_21	21	95516	Trigger-In:21	11	grating_on	staircase	7	red	right	unaware	1	0
95.576	0.000	trigger_20	20	95576	Trigger-In:20	11	grating_off	staircase	7	red	right	unaware	1	0
96.221	0.000	trigger_31	31	96221	Trigger-In:31	11	targets_on_fp_color_change	staircase	7	red	right	unaware	1	0
97.121	0.000	trigger_201	201	97121	Trigger-In:201	11	trial_end_completed	staircase	7	red	right	unaware	1	0
98.211	0.000	trigger_101	101	98211	Trigger-In:101	12	trial_start	staircase	8	green	right	aware	1	0
98.321	0.000	trigger_11	11	98321	Trigger-In:11	12	fixation_point_on	staircase	8	green	right	aware	1	0
98.951	0.000	trigger_21	21	98951	Trigger-In:21	12	grating_on	staircase	8	green	right	aware	1	0
99.011	0.000	trigger_20	20	99011	Trigger-In:20	12	grating_off	staircase	8	green	right	aware	1	0
99.646	0.000	trigger_31	31	99646	Trigger-In:31	12	targets_on_fp_color_change	staircase	8	green	right	aware	1	0
100.661	0.000	trigger_201	201	100661	Trigger-In:201	12	trial_end_completed	staircase	8	green	right	aware	1	0
101.751	0.000	trigger_101	101	101751	Trigger-In:101	13	trial_start	staircase	7	red	right	unaware	1	0
101.856	0.000	trigger_11	11	101856	Trigger-In:11	13	fixation_point_on	staircase	7	red	right	unaware	1	0
102.496	0.000	trigger_21	21	102496	Trigger-In:21	13	grating_on	staircase	7	red	right	unaware	1	0
102.551	0.000	trigger_20	20	102551	Trigger-In:20	13	grating_off	staircase	7	red	right	unaware	1	0
103.196	0.000	trigger_31	31	103196	Trigger-In:31	13	targets_on_fp_color_change	staircase	7	red	right	unaware	1	0
104.346	0.000	trigger_201	201	104346	Trigger-In:201	13	trial_end_completed	staircase	7	red	right	unaware	1	0
105.446	0.000	trigger_101	101	105446	Trigger-In:101	14	trial_start	staircase	8	red	left	aware	1	0
105.551	0.000	trigger_11	11	105551	Trigger-In:11	14	fixation_point_on	staircase	8	red	left	aware	1	0
106.191	0.000	trigger_21	21	106191	Trigger-In:21	14	grating_on	staircase	8	red	left	aware	1	0
106.251	0.000	trigger_20	20	106251	Trigger-In:20	14	grating_off	staircase	8	red	left	aware	1	0
106.886	0.000	trigger_31	31	106886	Trigger-In:31	14	targets_on_fp_color_change	staircase	8	red	left	aware	1	0
108.146	0.000	trigger_201	201	108146	Trigger-In:201	14	trial_end_completed	staircase	8	red	left	aware	1	0
109.241	0.000	trigger_101	101	109241	Trigger-In:101	15	trial_start	absent	70	green	left	unaware	1	0
109.346	0.000	trigger_11	11	109346	Trigger-In:11	15	fixation_point_on	absent	70	green	left	unaware	1	0
109.981	0.000	trigger_21	21	109981	Trigger-In:21	15	grating_on	absent	70	green	left	unaware	1	0
110.041	0.000	trigger_20	20	110041	Trigger-In:20	15	grating_off	absent	70	green	left	unaware	1	0
110.681	0.000	trigger_31	31	110681	Trigger-In:31	15	targets_on_fp_color_change	absent	70	green	left	unaware	1	0
111.896	0.000	trigger_201	201	111896	Trigger-In:201	15	trial_end_completed	absent	70	green	left	unaware	1	0
113.261	0.000	trigger_101	101	113261	Trigger-In:101	16	trial_start	staircase	7	green	left	unaware	1	0
113.371	0.000	trigger_11	11	113371	Trigger-In:11	16	fixation_point_on	staircase	7	green	left	unaware	1	0
114.006	0.000	trigger_21	21	114006	Trigger-In:21	16	grating_on	staircase	7	green	left	unaware	1	0
114.066	0.000	trigger_20	20	114066	Trigger-In:20	16	grating_off	staircase	7	green	left	unaware	1	0
114.706	0.000	trigger_31	31	114706	Trigger-In:31	16	targets_on_fp_color_change	staircase	7	green	left	unaware	1	0
115.811	0.000	trigger_201	201	115811	Trigger-In:201	16	trial_end_completed	staircase	7	green	left	unaware	1	0
116.906	0.000	trigger_101	101	116906	Trigger-In:101	17	trial_start	staircase	8	red	left	aware	1	0
117.011	0.000	trigger_11	11	117011	Trigger-In:11	17	fixation_point_on	staircase	8	red	left	aware	1	0
117.651	0.000	trigger_21	21	117651	Trigger-In:21	17	grating_on	staircase	8	red	left	aware	1	0
117.711	0.000	trigger_20	20	117711	Trigger-In:20	17	grating_off	staircase	8	red	left	aware	1	0
118.351	0.000	trigger_31	31	118351	Trigger-In:31	17	targets_on_fp_color_change	staircase	8	red	left	aware	1	0
119.276	0.000	trigger_201	201	119276	Trigger-In:201	17	trial_end_completed	staircase	8	red	left	aware	1	0
120.371	0.000	trigger_101	101	120371	Trigger-In:101	18	trial_start	staircase	7	red	left	aware	1	0
120.471	0.000	trigger_11	11	120471	Trigger-In:11	18	fixation_point_on	staircase	7	red	left	aware	1	0
121.106	0.000	trigger_21	21	121106	Trigger-In:21	18	grating_on	staircase	7	red	left	aware	1	0
121.161	0.000	trigger_20	20	121161	Trigger-In:20	18	grating_off	staircase	7	red	left	aware	1	0
121.801	0.000	trigger_31	31	121801	Trigger-In:31	18	targets_on_fp_color_change	staircase	7	red	left	aware	1	0
122.556	0.000	trigger_201	201	122556	Trigger-In:201	18	trial_end_completed	staircase	7	red	left	aware	1	0
123.646	0.000	trigger_101	101	123646	Trigger-In:101	19	trial_start	staircase	6	green	left	unaware	1	0
123.751	0.000	trigger_11	11	123751	Trigger-In:11	19	fixation_point_on	staircase	6	green	left	unaware	1	0
124.376	0.000	trigger_21	21	124376	Trigger-In:21	19	grating_on	staircase	6	green	left	unaware	1	0
124.436	0.000	trigger_20	20	124436	Trigger-In:20	19	grating_off	staircase	6	green	left	unaware	1	0
125.066	0.000	trigger_31	31	125066	Trigger-In:31	19	targets_on_fp_color_change	staircase	6	green	left	unaware	1	0
126.111	0.000	trigger_201	201	126111	Trigger-In:201	19	trial_end_completed	staircase	6	green	left	unaware	1	0
127.201	0.000	trigger_101	101	127201	Trigger-In:101	20	trial_start	staircase	7	red	right	unaware	1	0
127.416	0.000	trigger_11	11	127416	Trigger-In:11	20	fixation_point_on	staircase	7	red	right	unaware	1	0
128.051	0.000	trigger_21	21	128051	Trigger-In:21	20	grating_on	staircase	7	red	right	unaware	1	0
128.106	0.000	trigger_20	20	128106	Trigger-In:20	20	grating_off	staircase	7	red	right	unaware	1	0
128.746	0.000	trigger_31	31	128746	Trigger-In:31	20	targets_on_fp_color_change	staircase	7	red	right	unaware	1	0
130.036	0.000	trigger_201	201	130036	Trigger-In:201	20	trial_end_completed	staircase	7	red	right	unaware	1	0
131.131	0.000	trigger_101	101	131131	Trigger-In:101	21	trial_start	staircase	8	red	right	unaware	1	0
131.241	0.000	trigger_11	11	131241	Trigger-In:11	21	fixation_point_on	staircase	8	red	right	unaware	1	0
131.881	0.000	trigger_21	21	131881	Trigger-In:21	21	grating_on	staircase	8	red	right	unaware	1	0
131.941	0.000	trigger_20	20	131941	Trigger-In:20	21	grating_off	staircase	8	red	right	unaware	1	0
132.571	0.000	trigger_31	31	132571	Trigger-In:31	21	targets_on_fp_color_change	staircase	8	red	right	unaware	1	0
133.506	0.000	trigger_201	201	133506	Trigger-In:201	21	trial_end_completed	staircase	8	red	right	unaware	1	0
134.601	0.000	trigger_101	101	134601	Trigger-In:101	22	trial_start	salient	0	red	right	unaware	1	0
134.706	0.000	trigger_11	11	134706	Trigger-In:11	22	fixation_point_on	salient	0	red	right	unaware	1	0
135.341	0.000	trigger_21	21	135341	Trigger-In:21	22	grating_on	salient	0	red	right	unaware	1	0
135.396	0.000	trigger_20	20	135396	Trigger-In:20	22	grating_off	salient	0	red	right	unaware	1	0
136.036	0.000	trigger_31	31	136036	Trigger-In:31	22	targets_on_fp_color_change	salient	0	red	right	unaware	1	0
137.281	0.000	trigger_201	201	137281	Trigger-In:201	22	trial_end_completed	salient	0	red	right	unaware	1	0
138.371	0.000	trigger_101	101	138371	Trigger-In:101	23	trial_start	staircase	9	red	left	aware	1	0
138.476	0.000	trigger_11	11	138476	Trigger-In:11	23	fixation_point_on	staircase	9	red	left	aware	1	0
139.111	0.000	trigger_21	21	139111	Trigger-In:21	23	grating_on	staircase	9	red	left	aware	1	0
139.166	0.000	trigger_20	20	139166	Trigger-In:20	23	grating_off	staircase	9	red	left	aware	1	0
139.796	0.000	trigger_31	31	139796	Trigger-In:31	23	targets_on_fp_color_change	staircase	9	red	left	aware	1	0
140.666	0.000	trigger_201	201	140666	Trigger-In:201	23	trial_end_completed	staircase	9	red	left	aware	1	0
141.761	0.000	trigger_101	101	141761	Trigger-In:101	24	trial_start	salient	0	red	right	unaware	1	0
141.866	0.000	trigger_11	11	141866	Trigger-In:11	24	fixation_point_on	salient	0	red	right	unaware	1	0
142.496	0.000	trigger_21	21	142496	Trigger-In:21	24	grating_on	salient	0	red	right	unaware	1	0
142.561	0.000	trigger_20	20	142561	Trigger-In:20	24	grating_off	salient	0	red	right	unaware	1	0
143.201	0.000	trigger_31	31	143201	Trigger-In:31	24	targets_on_fp_color_change	salient	0	red	right	unaware	1	0
144.201	0.000	trigger_201	201	144201	Trigger-In:201	24	trial_end_completed	salient	0	red	right	unaware	1	0
145.296	0.000	trigger_101	101	145296	Trigger-In:101	25	trial_start	staircase	8	green	left	unaware	1	0
145.401	0.000	trigger_11	11	145401	Trigger-In:11	25	fixation_point_on	staircase	8	green	left	unaware	1	0
146.041	0.000	trigger_21	21	146041	Trigger-In:21	25	grating_on	staircase	8	green	left	unaware	1	0
146.101	0.000	trigger_20	20	146101	Trigger-In:20	25	grating_off	staircase	8	green	left	unaware	1	0
146.746	0.000	trigger_31	31	146746	Trigger-In:31	25	targets_on_fp_color_change	staircase	8	green	left	unaware	1	0
147.571	0.000	trigger_201	201	147571	Trigger-In:201	25	trial_end_completed	staircase	8	green	left	unaware	1	0
148.686	0.000	trigger_101	101	148686	Trigger-In:101	26	trial_start	staircase	9	red	right	unaware	1	0
148.791	0.000	trigger_11	11	148791	Trigger-In:11	26	fixation_point_on	staircase	9	red	right	unaware	1	0
149.426	0.000	trigger_21	21	149426	Trigger-In:21	26	grating_on	staircase	9	red	right	unaware	1	0
149.486	0.000	trigger_20	20	149486	Trigger-In:20	26	grating_off	staircase	9	red	right	unaware	1	0
150.116	0.000	trigger_31	31	150116	Trigger-In:31	26	targets_on_fp_color_change	staircase	9	red	right	unaware	1	0
151.331	0.000	trigger_201	201	151331	Trigger-In:201	26	trial_end_completed	staircase	9	red	right	unaware	1	0
152.421	0.000	trigger_101	101	152421	Trigger-In:101	27	trial_start	staircase	10	red	right	unaware	1	0
152.526	0.000	trigger_11	11	152526	Trigger-In:11	27	fixation_point_on	staircase	10	red	right	unaware	1	0
153.166	0.000	trigger_21	21	153166	Trigger-In:21	27	grating_on	staircase	10	red	right	unaware	1	0
153.221	0.000	trigger_20	20	153221	Trigger-In:20	27	grating_off	staircase	10	red	right	unaware	1	0
153.861	0.000	trigger_31	31	153861	Trigger-In:31	27	targets_on_fp_color_change	staircase	10	red	right	unaware	1	0
154.901	0.000	trigger_201	201	154901	Trigger-In:201	27	trial_end_completed	staircase	10	red	right	unaware	1	0
155.996	0.000	trigger_101	101	155996	Trigger-In:101	28	trial_start	staircase	11	green	right	aware	1	0
156.101	0.000	trigger_11	11	156101	Trigger-In:11	28	fixation_point_on	staircase	11	green	right	aware	1	0
156.736	0.000	trigger_21	21	156736	Trigger-In:21	28	grating_on	staircase	11	green	right	aware	1	0
156.796	0.000	trigger_20	20	156796	Trigger-In:20	28	grating_off	staircase	11	green	right	aware	1	0
157.426	0.000	trigger_31	31	157426	Trigger-In:31	28	targets_on_fp_color_change	staircase	11	green	right	aware	1	0
158.381	0.000	trigger_201	201	158381	Trigger-In:201	28	trial_end_completed	staircase	11	green	right	aware	1	0
159.471	0.000	trigger_101	101	159471	Trigger-In:101	29	trial_start	staircase	10	green	right	aware	1	0
159.576	0.000	trigger_11	11	159576	Trigger-In:11	29	fixation_point_on	staircase	10	green	right	aware	1	0
160.206	0.000	trigger_21	21	160206	Trigger-In:21	29	grating_on	staircase	10	green	right	aware	1	0
160.261	0.000	trigger_20	20	160261	Trigger-In:20	29	grating_off	staircase	10	green	right	aware	1	0
160.901	0.000	trigger_31	31	160901	Trigger-In:31	29	targets_on_fp_color_change	staircase	10	green	right	aware	1	0
161.621	0.000	trigger_201	201	161621	Trigger-In:201	29	trial_end_completed	staircase	10	green	right	aware	1	0
162.706	0.000	trigger_101	101	162706	Trigger-In:101	30	trial_start	salient	0	green	left	unaware	1	0
162.816	0.000	trigger_11	11	162816	Trigger-In:11	30	fixation_point_on	salient	0	green	left	unaware	1	0
163.441	0.000	trigger_21	21	163441	Trigger-In:21	30	grating_on	salient	0	green	left	unaware	1	0
163.496	0.000	trigger_20	20	163496	Trigger-In:20	30	grating_off	salient	0	green	left	unaware	1	0
164.136	0.000	trigger_31	31	164136	Trigger-In:31	30	targets_on_fp_color_change	salient	0	green	left	unaware	1	0
165.236	0.000	trigger_201	201	165236	Trigger-In:201	30	trial_end_completed	salient	0	green	left	unaware	1	0
166.326	0.000	trigger_101	101	166326	Trigger-In:101	31	trial_start	staircase	9	red	right	unaware	1	0
166.436	0.000	trigger_11	11	166436	Trigger-In:11	31	fixation_point_on	staircase	9	red	right	unaware	1	0
167.071	0.000	trigger_21	21	167071	Trigger-In:21	31	grating_on	staircase	9	red	right	unaware	1	0
167.126	0.000	trigger_20	20	167126	Trigger-In:20	31	grating_off	staircase	9	red	right	unaware	1	0
167.756	0.000	trigger_31	31	167756	Trigger-In:31	31	targets_on_fp_color_change	staircase	9	red	right	unaware	1	0
168.871	0.000	trigger_201	201	168871	Trigger-In:201	31	trial_end_completed	staircase	9	red	right	unaware	1	0
169.966	0.000	trigger_101	101	169966	Trigger-In:101	32	trial_start	salient	0	green	left	unaware	1	0
170.076	0.000	trigger_11	11	170076	Trigger-In:11	32	fixation_point_on	salient	0	green	left	unaware	1	0
170.706	0.000	trigger_21	21	170706	Trigger-In:21	32	grating_on	salient	0	green	left	unaware	1	0
170.761	0.000	trigger_20	20	170761	Trigger-In:20	32	grating_off	salient	0	green	left	unaware	1	0
171.401	0.000	trigger_31	31	171401	Trigger-In:31	32	targets_on_fp_color_change	salient	0	green	left	unaware	1	0
172.676	0.000	trigger_201	201	172676	Trigger-In:201	32	trial_end_completed	salient	0	green	left	unaware	1	0
173.771	0.000	trigger_101	101	173771	Trigger-In:101	33	trial_start	staircase	10	red	right	unaware	1	0
173.871	0.000	trigger_11	11	173871	Trigger-In:11	33	fixation_point_on	staircase	10	red	right	unaware	1	0
174.511	0.000	trigger_21	21	174511	Trigger-In:21	33	grating_on	staircase	10	red	right	unaware	1	0
174.566	0.000	trigger_20	20	174566	Trigger-In:20	33	grating_off	staircase	10	red	right	unaware	1	0
175.206	0.000	trigger_31	31	175206	Trigger-In:31	33	targets_on_fp_color_change	staircase	10	red	right	unaware	1	0
176.311	0.000	trigger_201	201	176311	Trigger-In:201	33	trial_end_completed	staircase	10	red	right	unaware	1	0
177.401	0.000	trigger_101	101	177401	Trigger-In:101	34	trial_start	staircase	11	red	right	unaware	1	0
177.511	0.000	trigger_11	11	177511	Trigger-In:11	34	fixation_point_on	staircase	11	red	right	unaware	1	0
178.141	0.000	trigger_21	21	178141	Trigger-In:21	34	grating_on	staircase	11	red	right	unaware	1	0
178.201	0.000	trigger_20	20	178201	Trigger-In:20	34	grating_off	staircase	11	red	right	unaware	1	0
178.831	0.000	trigger_31	31	178831	Trigger-In:31	34	targets_on_fp_color_change	staircase	11	red	right	unaware	1	0
179.821	0.000	trigger_201	201	179821	Trigger-In:201	34	trial_end_completed	staircase	11	red	right	unaware	1	0
180.911	0.000	trigger_101	101	180911	Trigger-In:101	35	trial_start	staircase	12	red	left	aware	1	0
181.016	0.000	trigger_11	11	181016	Trigger-In:11	35	fixation_point_on	staircase	12	red	left	aware	1	0
181.651	0.000	trigger_21	21	181651	Trigger-In:21	35	grating_on	staircase	12	red	left	aware	1	0
181.706	0.000	trigger_20	20	181706	Trigger-In:20	35	grating_off	staircase	12	red	left	aware	1	0
182.341	0.000	trigger_31	31	182341	Trigger-In:31	35	targets_on_fp_color_change	staircase	12	red	left	aware	1	0
183.071	0.000	trigger_201	201	183071	Trigger-In:201	35	trial_end_completed	staircase	12	red	left	aware	1	0
184.166	0.000	trigger_101	101	184166	Trigger-In:101	36	trial_start	salient	0	green	left	unaware	1	0
184.276	0.000	trigger_11	11	184276	Trigger-In:11	36	fixation_point_on	salient	0	green	left	unaware	1	0
184.906	0.000	trigger_21	21	184906	Trigger-In:21	36	grating_on	salient	0	green	left	unaware	1	0
184.961	0.000	trigger_20	20	184961	Trigger-In:20	36	grating_off	salient	0	green	left	unaware	1	0
185.601	0.000	trigger_31	31	185601	Trigger-In:31	36	targets_on_fp_color_change	salient	0	green	left	unaware	1	0
186.811	0.000	trigger_201	201	186811	Trigger-In:201	36	trial_end_completed	salient	0	green	left	unaware	1	0
187.906	0.000	trigger_101	101	187906	Trigger-In:101	37	trial_start	salient	0	red	left	aware	1	0
188.011	0.000	trigger_11	11	188011	Trigger-In:11	37	fixation_point_on	salient	0	red	left	aware	1	0
188.641	0.000	trigger_21	21	188641	Trigger-In:21	37	grating_on	salient	0	red	left	aware	1	0
188.696	0.000	trigger_20	20	188696	Trigger-In:20	37	grating_off	salient	0	red	left	aware	1	0
189.341	0.000	trigger_31	31	189341	Trigger-In:31	37	targets_on_fp_color_change	salient	0	red	left	aware	1	0
190.376	0.000	trigger_201	201	190376	Trigger-In:201	37	trial_end_completed	salient	0	red	left	aware	1	0
191.741	0.000	trigger_101	101	191741	Trigger-In:101	38	trial_start	staircase	11	green	right	aware	1	0
191.846	0.000	trigger_11	11	191846	Trigger-In:11	38	fixation_point_on	staircase	11	green	right	aware	1	0
192.471	0.000	trigger_21	21	192471	Trigger-In:21	38	grating_on	staircase	11	green	right	aware	1	0
192.531	0.000	trigger_20	20	192531	Trigger-In:20	38	grating_off	staircase	11	green	right	aware	1	0
193.171	0.000	trigger_31	31	193171	Trigger-In:31	38	targets_on_fp_color_change	staircase	11	green	right	aware	1	0
194.041	0.000	trigger_201	201	194041	Trigger-In:201	38	trial_end_completed	staircase	11	green	right	aware	1	0
195.131	0.000	trigger_101	101	195131	Trigger-In:101	39	trial_start	salient	0	green	left	unaware	1	0
195.236	0.000	trigger_11	11	195236	Trigger-In:11	39	fixation_point_on	salient	0	green	left	unaware	1	0
195.871	0.000	trigger_21	21	195871	Trigger-In:21	39	grating_on	salient	0	green	left	unaware	1	0
195.931	0.000	trigger_20	20	195931	Trigger-In:20	39	grating_off	salient	0	green	left	unaware	1	0
196.561	0.000	trigger_31	31	196561	Trigger-In:31	39	targets_on_fp_color_change	salient	0	green	left	unaware	1	0
198.116	0.000	trigger_201	201	198116	Trigger-In:201	39	trial_end_completed	salient	0	green	left	unaware	1	0
199.206	0.000	trigger_101	101	199206	Trigger-In:101	40	trial_start	staircase	10	red	right	unaware	1	0
199.311	0.000	trigger_11	11	199311	Trigger-In:11	40	fixation_point_on	staircase	10	red	right	unaware	1	0
199.936	0.000	trigger_21	21	199936	Trigger-In:21	40	grating_on	staircase	10	red	right	unaware	1	0
199.996	0.000	trigger_20	20	199996	Trigger-In:20	40	grating_off	staircase	10	red	right	unaware	1	0
200.636	0.000	trigger_31	31	200636	Trigger-In:31	40	targets_on_fp_color_change	staircase	10	red	right	unaware	1	0
201.776	0.000	trigger_201	201	201776	Trigger-In:201	40	trial_end_completed	staircase	10	red	right	unaware	1	0
202.866	0.000	trigger_101	101	202866	Trigger-In:101	41	trial_start	staircase	11	red	left	aware	1	0
202.976	0.000	trigger_11	11	202976	Trigger-In:11	41	fixation_point_on	staircase	11	red	left	aware	1	0
203.601	0.000	trigger_21	21	203601	Trigger-In:21	41	grating_on	staircase	11	red	left	aware	1	0
203.661	0.000	trigger_20	20	203661	Trigger-In:20	41	grating_off	staircase	11	red	left	aware	1	0
204.296	0.000	trigger_31	31	204296	Trigger-In:31	41	targets_on_fp_color_change	staircase	11	red	left	aware	1	0
205.221	0.000	trigger_201	201	205221	Trigger-In:201	41	trial_end_completed	staircase	11	red	left	aware	1	0
206.311	0.000	trigger_101	101	206311	Trigger-In:101	42	trial_start	salient	0	red	right	unaware	1	0
206.416	0.000	trigger_11	11	206416	Trigger-In:11	42	fixation_point_on	salient	0	red	right	unaware	1	0
207.056	0.000	trigger_21	21	207056	Trigger-In:21	42	grating_on	salient	0	red	right	unaware	1	0
207.111	0.000	trigger_20	20	207111	Trigger-In:20	42	grating_off	salient	0	red	right	unaware	1	0
207.751	0.000	trigger_31	31	207751	Trigger-In:31	42	targets_on_fp_color_change	salient	0	red	right	unaware	1	0
208.866	0.000	trigger_201	201	208866	Trigger-In:201	42	trial_end_completed	salient	0	red	right	unaware	1	0
209.961	0.000	trigger_101	101	209961	Trigger-In:101	43	trial_start	salient	0	red	right	unaware	1	0
210.066	0.000	trigger_11	11	210066	Trigger-In:11	43	fixation_point_on	salient	0	red	right	unaware	1	0
210.701	0.000	trigger_21	21	210701	Trigger-In:21	43	grating_on	salient	0	red	right	unaware	1	0
210.761	0.000	trigger_20	20	210761	Trigger-In:20	43	grating_off	salient	0	red	right	unaware	1	0
211.396	0.000	trigger_31	31	211396	Trigger-In:31	43	targets_on_fp_color_change	salient	0	red	right	unaware	1	0
212.426	0.000	trigger_201	201	212426	Trigger-In:201	43	trial_end_completed	salient	0	red	right	unaware	1	0
213.521	0.000	trigger_101	101	213521	Trigger-In:101	44	trial_start	staircase	10	green	right	aware	1	0
213.626	0.000	trigger_11	11	213626	Trigger-In:11	44	fixation_point_on	staircase	10	green	right	aware	1	0
214.251	0.000	trigger_21	21	214251	Trigger-In:21	44	grating_on	staircase	10	green	right	aware	1	0
214.311	0.000	trigger_20	20	214311	Trigger-In:20	44	grating_off	staircase	10	green	right	aware	1	0
214.936	0.000	trigger_31	31	214936	Trigger-In:31	44	targets_on_fp_color_change	staircase	10	green	right	aware	1	0
215.951	0.000	trigger_201	201	215951	Trigger-In:201	44	trial_end_completed	staircase	10	green	right	aware	1	0
217.046	0.000	trigger_101	101	217046	Trigger-In:101	45	trial_start	absent	70	green	right	aware	1	0
217.151	0.000	trigger_11	11	217151	Trigger-In:11	45	fixation_point_on	absent	70	green	right	aware	1	0
217.776	0.000	trigger_21	21	217776	Trigger-In:21	45	grating_on	absent	70	green	right	aware	1	0
217.836	0.000	trigger_20	20	217836	Trigger-In:20	45	grating_off	absent	70	green	right	aware	1	0
218.466	0.000	trigger_31	31	218466	Trigger-In:31	45	targets_on_fp_color_change	absent	70	green	right	aware	1	0
219.146	0.000	trigger_201	201	219146	Trigger-In:201	45	trial_end_completed	absent	70	green	right	aware	1	0
220.236	0.000	trigger_101	101	220236	Trigger-In:101	46	trial_start	absent	70	green	right	aware	1	0
220.341	0.000	trigger_11	11	220341	Trigger-In:11	46	fixation_point_on	absent	70	green	right	aware	1	0
220.971	0.000	trigger_21	21	220971	Trigger-In:21	46	grating_on	absent	70	green	right	aware	1	0
221.026	0.000	trigger_20	20	221026	Trigger-In:20	46	grating_off	absent	70	green	right	aware	1	0
221.651	0.000	trigger_31	31	221651	Trigger-In:31	46	targets_on_fp_color_change	absent	70	green	right	aware	1	0
222.316	0.000	trigger_201	201	222316	Trigger-In:201	46	trial_end_completed	absent	70	green	right	aware	1	0
223.406	0.000	trigger_101	101	223406	Trigger-In:101	47	trial_start	staircase	9	green	right	aware	1	0
223.511	0.000	trigger_11	11	223511	Trigger-In:11	47	fixation_point_on	staircase	9	green	right	aware	1	0
224.141	0.000	trigger_21	21	224141	Trigger-In:21	47	grating_on	staircase	9	green	right	aware	1	0
224.196	0.000	trigger_20	20	224196	Trigger-In:20	47	grating_off	staircase	9	green	right	aware	1	0
224.841	0.000	trigger_31	31	224841	Trigger-In:31	47	targets_on_fp_color_change	staircase	9	green	right	aware	1	0
225.516	0.000	trigger_201	201	225516	Trigger-In:201	47	trial_end_completed	staircase	9	green	right	aware	1	0
226.611	0.000	trigger_101	101	226611	Trigger-In:101	48	trial_start	staircase	8	green	right	aware	1	0
226.711	0.000	trigger_11	11	226711	Trigger-In:11	48	fixation_point_on	staircase	8	green	right	aware	1	0
227.351	0.000	trigger_21	21	227351	Trigger-In:21	48	grating_on	staircase	8	green	right	aware	1	0
227.416	0.000	trigger_20	20	227416	Trigger-In:20	48	grating_off	staircase	8	green	right	aware	1	0
228.061	0.000	trigger_31	31	228061	Trigger-In:31	48	targets_on_fp_color_change	staircase	8	green	right	aware	1	0
228.766	0.000	trigger_201	201	228766	Trigger-In:201	48	trial_end_completed	staircase	8	green	right	aware	1	0
229.856	0.000	trigger_101	101	229856	Trigger-In:101	49	trial_start	staircase	7	green	left	unaware	1	0
229.966	0.000	trigger_11	11	229966	Trigger-In:11	49	fixation_point_on	staircase	7	green	left	unaware	1	0
230.596	0.000	trigger_21	21	230596	Trigger-In:21	49	grating_on	staircase	7	green	left	unaware	1	0
230.651	0.000	trigger_20	20	230651	Trigger-In:20	49	grating_off	staircase	7	green	left	unaware	1	0
231.276	0.000	trigger_31	31	231276	Trigger-In:31	49	targets_on_fp_color_change	staircase	7	green	left	unaware	1	0
232.301	0.000	trigger_201	201	232301	Trigger-In:201	49	trial_end_completed	staircase	7	green	left	unaware	1	0
233.396	0.000	trigger_101	101	233396	Trigger-In:101	50	trial_start	absent	70	red	left	aware	1	0
233.501	0.000	trigger_11	11	233501	Trigger-In:11	50	fixation_point_on	absent	70	red	left	aware	1	0
234.126	0.000	trigger_21	21	234126	Trigger-In:21	50	grating_on	absent	70	red	left	aware	1	0
234.186	0.000	trigger_20	20	234186	Trigger-In:20	50	grating_off	absent	70	red	left	aware	1	0
234.821	0.000	trigger_31	31	234821	Trigger-In:31	50	targets_on_fp_color_change	absent	70	red	left	aware	1	0
235.826	0.000	trigger_201	201	235826	Trigger-In:201	50	trial_end_completed	absent	70	red	left	aware	1	0
236.916	0.000	trigger_101	101	236916	Trigger-In:101	51	trial_start	salient	0	red	right	unaware	1	0
237.026	0.000	trigger_11	11	237026	Trigger-In:11	51	fixation_point_on	salient	0	red	right	unaware	1	0
237.656	0.000	trigger_21	21	237656	Trigger-In:21	51	grating_on	salient	0	red	right	unaware	1	0
237.711	0.000	trigger_20	20	237711	Trigger-In:20	51	grating_off	salient	0	red	right	unaware	1	0
238.341	0.000	trigger_31	31	238341	Trigger-In:31	51	targets_on_fp_color_change	salient	0	red	right	unaware	1	0
239.361	0.000	trigger_201	201	239361	Trigger-In:201	51	trial_end_completed	salient	0	red	right	unaware	1	0
240.456	0.000	trigger_101	101	240456	Trigger-In:101	52	trial_start	absent	70	red	left	aware	1	0
240.566	0.000	trigger_11	11	240566	Trigger-In:11	52	fixation_point_on	absent	70	red	left	aware	1	0
241.201	0.000	trigger_21	21	241201	Trigger-In:21	52	grating_on	absent	70	red	left	aware	1	0
241.261	0.000	trigger_20	20	241261	Trigger-In:20	52	grating_off	absent	70	red	left	aware	1	0
241.891	0.000	trigger_31	31	241891	Trigger-In:31	52	targets_on_fp_color_change	absent	70	red	left	aware	1	0
242.571	0.000	trigger_201	201	242571	Trigger-In:201	52	trial_end_completed	absent	70	red	left	aware	1	0
243.666	0.000	trigger_101	101	243666	Trigger-In:101	53	trial_start	staircase	8	red	right	unaware	1	0
243.771	0.000	trigger_11	11	243771	Trigger-In:11	53	fixation_point_on	staircase	8	red	right	unaware	1	0
244.406	0.000	trigger_21	21	244406	Trigger-In:21	53	grating_on	staircase	8	red	right	unaware	1	0
244.461	0.000	trigger_20	20	244461	Trigger-In:20	53	grating_off	staircase	8	red	right	unaware	1	0
245.091	0.000	trigger_31	31	245091	Trigger-In:31	53	targets_on_fp_color_change	staircase	8	red	right	unaware	1	0
246.371	0.000	trigger_201	201	246371	Trigger-In:201	53	trial_end_completed	staircase	8	red	right	unaware	1	0
247.461	0.000	trigger_101	101	247461	Trigger-In:101	54	trial_start	staircase	9	red	left	aware	1	0
247.571	0.000	trigger_11	11	247571	Trigger-In:11	54	fixation_point_on	staircase	9	red	left	aware	1	0
248.196	0.000	trigger_21	21	248196	Trigger-In:21	54	grating_on	staircase	9	red	left	aware	1	0
248.251	0.000	trigger_20	20	248251	Trigger-In:20	54	grating_off	staircase	9	red	left	aware	1	0
248.881	0.000	trigger_31	31	248881	Trigger-In:31	54	targets_on_fp_color_change	staircase	9	red	left	aware	1	0
249.786	0.000	trigger_201	201	249786	Trigger-In:201	54	trial_end_completed	staircase	9	red	left	aware	1	0
250.881	0.000	trigger_101	101	250881	Trigger-In:101	55	trial_start	staircase	8	green	left	unaware	1	0
250.991	0.000	trigger_11	11	250991	Trigger-In:11	55	fixation_point_on	staircase	8	green	left	unaware	1	0
251.626	0.000	trigger_21	21	251626	Trigger-In:21	55	grating_on	staircase	8	green	left	unaware	1	0
251.686	0.000	trigger_20	20	251686	Trigger-In:20	55	grating_off	staircase	8	green	left	unaware	1	0
252.321	0.000	trigger_31	31	252321	Trigger-In:31	55	targets_on_fp_color_change	staircase	8	green	left	unaware	1	0
253.431	0.000	trigger_201	201	253431	Trigger-In:201	55	trial_end_completed	staircase	8	green	left	unaware	1	0
254.521	0.000	trigger_101	101	254521	Trigger-In:101	56	trial_start	staircase	9	green	right	aware	1	0
254.631	0.000	trigger_11	11	254631	Trigger-In:11	56	fixation_point_on	staircase	9	green	right	aware	1	0
255.266	0.000	trigger_21	21	255266	Trigger-In:21	56	grating_on	staircase	9	green	right	aware	1	0
255.321	0.000	trigger_20	20	255321	Trigger-In:20	56	grating_off	staircase	9	green	right	aware	1	0
255.956	0.000	trigger_31	31	255956	Trigger-In:31	56	targets_on_fp_color_change	staircase	9	green	right	aware	1	0
257.251	0.000	trigger_201	201	257251	Trigger-In:201	56	trial_end_completed	staircase	9	green	right	aware	1	0
258.341	0.000	trigger_101	101	258341	Trigger-In:101	57	trial_start	absent	70	red	left	aware	1	0
258.706	0.000	trigger_11	11	258706	Trigger-In:11	57	fixation_point_on	absent	70	red	left	aware	1	0
259.336	0.000	trigger_21	21	259336	Trigger-In:21	57	grating_on	absent	70	red	left	aware	1	0
259.396	0.000	trigger_20	20	259396	Trigger-In:20	57	grating_off	absent	70	red	left	aware	1	0
260.026	0.000	trigger_31	31	260026	Trigger-In:31	57	targets_on_fp_color_change	absent	70	red	left	aware	1	0
261.306	0.000	trigger_201	201	261306	Trigger-In:201	57	trial_end_completed	absent	70	red	left	aware	1	0
262.396	0.000	trigger_101	101	262396	Trigger-In:101	58	trial_start	staircase	8	green	left	unaware	1	0
262.501	0.000	trigger_11	11	262501	Trigger-In:11	58	fixation_point_on	staircase	8	green	left	unaware	1	0
263.131	0.000	trigger_21	21	263131	Trigger-In:21	58	grating_on	staircase	8	green	left	unaware	1	0
263.191	0.000	trigger_20	20	263191	Trigger-In:20	58	grating_off	staircase	8	green	left	unaware	1	0
263.816	0.000	trigger_31	31	263816	Trigger-In:31	58	targets_on_fp_color_change	staircase	8	green	left	unaware	1	0
264.791	0.000	trigger_201	201	264791	Trigger-In:201	58	trial_end_completed	staircase	8	green	left	unaware	1	0
265.881	0.000	trigger_101	101	265881	Trigger-In:101	59	trial_start	absent	70	red	left	aware	1	0
266.251	0.000	trigger_11	11	266251	Trigger-In:11	59	fixation_point_on	absent	70	red	left	aware	1	0
266.886	0.000	trigger_21	21	266886	Trigger-In:21	59	grating_on	absent	70	red	left	aware	1	0
266.941	0.000	trigger_20	20	266941	Trigger-In:20	59	grating_off	absent	70	red	left	aware	1	0
267.571	0.000	trigger_31	31	267571	Trigger-In:31	59	targets_on_fp_color_change	absent	70	red	left	aware	1	0
268.416	0.000	trigger_201	201	268416	Trigger-In:201	59	trial_end_completed	absent	70	red	left	aware	1	0
269.506	0.000	trigger_101	101	269506	Trigger-In:101	60	trial_start	staircase	9	green	right	aware	1	0
269.611	0.000	trigger_11	11	269611	Trigger-In:11	60	fixation_point_on	staircase	9	green	right	aware	1	0
270.246	0.000	trigger_21	21	270246	Trigger-In:21	60	grating_on	staircase	9	green	right	aware	1	0
270.306	0.000	trigger_20	20	270306	Trigger-In:20	60	grating_off	staircase	9	green	right	aware	1	0
270.941	0.000	trigger_31	31	270941	Trigger-In:31	60	targets_on_fp_color_change	staircase	9	green	right	aware	1	0
271.651	0.000	trigger_201	201	271651	Trigger-In:201	60	trial_end_completed	staircase	9	green	right	aware	1	0
272.746	0.000	trigger_101	101	272746	Trigger-In:101	61	trial_start	staircase	8	red	left	aware	1	0
272.851	0.000	trigger_11	11	272851	Trigger-In:11	61	fixation_point_on	staircase	8	red	left	aware	1	0
273.491	0.000	trigger_21	21	273491	Trigger-In:21	61	grating_on	staircase	8	red	left	aware	1	0
273.551	0.000	trigger_20	20	273551	Trigger-In:20	61	grating_off	staircase	8	red	left	aware	1	0
274.186	0.000	trigger_31	31	274186	Trigger-In:31	61	targets_on_fp_color_change	staircase	8	red	left	aware	1	0
275.521	0.000	trigger_201	201	275521	Trigger-In:201	61	trial_end_completed	staircase	8	red	left	aware	1	0
276.621	0.000	trigger_101	101	276621	Trigger-In:101	62	trial_start	staircase	7	green	left	unaware	1	0
276.731	0.000	trigger_11	11	276731	Trigger-In:11	62	fixation_point_on	staircase	7	green	left	unaware	1	0
277.366	0.000	trigger_21	21	277366	Trigger-In:21	62	grating_on	staircase	7	green	left	unaware	1	0
277.426	0.000	trigger_20	20	277426	Trigger-In:20	62	grating_off	staircase	7	green	left	unaware	1	0
278.066	0.000	trigger_31	31	278066	Trigger-In:31	62	targets_on_fp_color_change	staircase	7	green	left	unaware	1	0
279.291	0.000	trigger_201	201	279291	Trigger-In:201	62	trial_end_completed	staircase	7	green	left	unaware	1	0
280.386	0.000	trigger_101	101	280386	Trigger-In:101	63	trial_start	staircase	8	red	right	unaware	1	0
280.521	0.000	trigger_11	11	280521	Trigger-In:11	63	fixation_point_on	staircase	8	red	right	unaware	1	0
281.146	0.000	trigger_21	21	281146	Trigger-In:21	63	grating_on	staircase	8	red	right	unaware	1	0
281.201	0.000	trigger_20	20	281201	Trigger-In:20	63	grating_off	staircase	8	red	right	unaware	1	0
281.831	0.000	trigger_31	31	281831	Trigger-In:31	63	targets_on_fp_color_change	staircase	8	red	right	unaware	1	0
282.856	0.000	trigger_201	201	282856	Trigger-In:201	63	trial_end_completed	staircase	8	red	right	unaware	1	0
283.951	0.000	trigger_101	101	283951	Trigger-In:101	64	trial_start	absent	70	green	right	aware	1	0
284.061	0.000	trigger_11	11	284061	Trigger-In:11	64	fixation_point_on	absent	70	green	right	aware	1	0
284.691	0.000	trigger_21	21	284691	Trigger-In:21	64	grating_on	absent	70	green	right	aware	1	0
284.751	0.000	trigger_20	20	284751	Trigger-In:20	64	grating_off	absent	70	green	right	aware	1	0
285.381	0.000	trigger_31	31	285381	Trigger-In:31	64	targets_on_fp_color_change	absent	70	green	right	aware	1	0
286.446	0.000	trigger_201	201	286446	Trigger-In:201	64	trial_end_completed	absent	70	green	right	aware	1	0
287.536	0.000	trigger_101	101	287536	Trigger-In:101	65	trial_start	salient	0	green	right	aware	1	0
287.646	0.000	trigger_11	11	287646	Trigger-In:11	65	fixation_point_on	salient	0	green	right	aware	1	0
288.271	0.000	trigger_21	21	288271	Trigger-In:21	65	grating_on	salient	0	green	right	aware	1	0
288.326	0.000	trigger_20	20	288326	Trigger-In:20	65	grating_off	salient	0	green	right	aware	1	0
288.951	0.000	trigger_31	31	288951	Trigger-In:31	65	targets_on_fp_color_change	salient	0	green	right	aware	1	0
289.906	0.000	trigger_201	201	289906	Trigger-In:201	65	trial_end_completed	salient	0	green	right	aware	1	0
291.266	0.000	trigger_101	101	291266	Trigger-In:101	66	trial_start	salient	0	green	left	unaware	1	0
291.371	0.000	trigger_11	11	291371	Trigger-In:11	66	fixation_point_on	salient	0	green	left	unaware	1	0
292.001	0.000	trigger_21	21	292001	Trigger-In:21	66	grating_on	salient	0	green	left	unaware	1	0
292.056	0.000	trigger_20	20	292056	Trigger-In:20	66	grating_off	salient	0	green	left	unaware	1	0
292.686	0.000	trigger_31	31	292686	Trigger-In:31	66	targets_on_fp_color_change	salient	0	green	left	unaware	1	0
293.716	0.000	trigger_201	201	293716	Trigger-In:201	66	trial_end_completed	salient	0	green	left	unaware	1	0
294.811	0.000	trigger_101	101	294811	Trigger-In:101	67	trial_start	staircase	9	green	left	unaware	1	0
294.921	0.000	trigger_11	11	294921	Trigger-In:11	67	fixation_point_on	staircase	9	green	left	unaware	1	0
295.546	0.000	trigger_21	21	295546	Trigger-In:21	67	grating_on	staircase	9	green	left	unaware	1	0
295.606	0.000	trigger_20	20	295606	Trigger-In:20	67	grating_off	staircase	9	green	left	unaware	1	0
296.241	0.000	trigger_31	31	296241	Trigger-In:31	67	targets_on_fp_color_change	staircase	9	green	left	unaware	1	0
297.161	0.000	trigger_201	201	297161	Trigger-In:201	67	trial_end_completed	staircase	9	green	left	unaware	1	0
298.256	0.000	trigger_101	101	298256	Trigger-In:101	68	trial_start	staircase	10	red	right	unaware	1	0
298.361	0.000	trigger_11	11	298361	Trigger-In:11	68	fixation_point_on	staircase	10	red	right	unaware	1	0
298.991	0.000	trigger_21	21	298991	Trigger-In:21	68	grating_on	staircase	10	red	right	unaware	1	0
299.046	0.000	trigger_20	20	299046	Trigger-In:20	68	grating_off	staircase	10	red	right	unaware	1	0
299.681	0.000	trigger_31	31	299681	Trigger-In:31	68	targets_on_fp_color_change	staircase	10	red	right	unaware	1	0
301.481	0.000	trigger_201	201	301481	Trigger-In:201	68	trial_end_completed	staircase	10	red	right	unaware	1	0
302.571	0.000	trigger_101	101	302571	Trigger-In:101	69	trial_start	staircase	11	green	right	aware	1	0
302.681	0.000	trigger_11	11	302681	Trigger-In:11	69	fixation_point_on	staircase	11	green	right	aware	1	0
303.311	0.000	trigger_21	21	303311	Trigger-In:21	69	grating_on	staircase	11	green	right	aware	1	0
303.366	0.000	trigger_20	20	303366	Trigger-In:20	69	grating_off	staircase	11	green	right	aware	1	0
303.996	0.000	trigger_31	31	303996	Trigger-In:31	69	targets_on_fp_color_change	staircase	11	green	right	aware	1	0
305.176	0.000	trigger_201	201	305176	Trigger-In:201	69	trial_end_completed	staircase	11	green	right	aware	1	0
306.266	0.000	trigger_101	101	306266	Trigger-In:101	70	trial_start	staircase	10	red	left	aware	1	0
306.371	0.000	trigger_11	11	306371	Trigger-In:11	70	fixation_point_on	staircase	10	red	left	aware	1	0
307.001	0.000	trigger_21	21	307001	Trigger-In:21	70	grating_on	staircase	10	red	left	aware	1	0
307.061	0.000	trigger_20	20	307061	Trigger-In:20	70	grating_off	staircase	10	red	left	aware	1	0
307.691	0.000	trigger_31	31	307691	Trigger-In:31	70	targets_on_fp_color_change	staircase	10	red	left	aware	1	0
308.811	0.000	trigger_201	201	308811	Trigger-In:201	70	trial_end_completed	staircase	10	red	left	aware	1	0
309.906	0.000	trigger_101	101	309906	Trigger-In:101	71	trial_start	staircase	9	red	left	aware	1	0
310.011	0.000	trigger_11	11	310011	Trigger-In:11	71	fixation_point_on	staircase	9	red	left	aware	1	0
310.641	0.000	trigger_21	21	310641	Trigger-In:21	71	grating_on	staircase	9	red	left	aware	1	0
310.701	0.000	trigger_20	20	310701	Trigger-In:20	71	grating_off	staircase	9	red	left	aware	1	0
311.331	0.000	trigger_31	31	311331	Trigger-In:31	71	targets_on_fp_color_change	staircase	9	red	left	aware	1	0
312.161	0.000	trigger_201	201	312161	Trigger-In:201	71	trial_end_completed	staircase	9	red	left	aware	1	0
313.256	0.000	trigger_101	101	313256	Trigger-In:101	72	trial_start	staircase	8	green	right	aware	1	0
313.361	0.000	trigger_11	11	313361	Trigger-In:11	72	fixation_point_on	staircase	8	green	right	aware	1	0
313.996	0.000	trigger_21	21	313996	Trigger-In:21	72	grating_on	staircase	8	green	right	aware	1	0
314.056	0.000	trigger_20	20	314056	Trigger-In:20	72	grating_off	staircase	8	green	right	aware	1	0
314.691	0.000	trigger_31	31	314691	Trigger-In:31	72	targets_on_fp_color_change	staircase	8	green	right	aware	1	0
315.766	0.000	trigger_201	201	315766	Trigger-In:201	72	trial_end_completed	staircase	8	green	right	aware	1	0
316.861	0.000	trigger_101	101	316861	Trigger-In:101	73	trial_start	staircase	7	green	right	aware	1	0
316.961	0.000	trigger_11	11	316961	Trigger-In:11	73	fixation_point_on	staircase	7	green	right	aware	1	0
317.611	0.000	trigger_21	21	317611	Trigger-In:21	73	grating_on	staircase	7	green	right	aware	1	0
317.671	0.000	trigger_20	20	317671	Trigger-In:20	73	grating_off	staircase	7	green	right	aware	1	0
318.311	0.000	trigger_31	31	318311	Trigger-In:31	73	targets_on_fp_color_change	staircase	7	green	right	aware	1	0
319.086	0.000	trigger_201	201	319086	Trigger-In:201	73	trial_end_completed	staircase	7	green	right	aware	1	0
320.181	0.000	trigger_101	101	320181	Trigger-In:101	74	trial_start	staircase	6	green	left	unaware	1	0
320.286	0.000	trigger_11	11	320286	Trigger-In:11	74	fixation_point_on	staircase	6	green	left	unaware	1	0
320.916	0.000	trigger_21	21	320916	Trigger-In:21	74	grating_on	staircase	6	green	left	unaware	1	0
320.976	0.000	trigger_20	20	320976	Trigger-In:20	74	grating_off	staircase	6	green	left	unaware	1	0
321.606	0.000	trigger_31	31	321606	Trigger-In:31	74	targets_on_fp_color_change	staircase	6	green	left	unaware	1	0
322.521	0.000	trigger_201	201	322521	Trigger-In:201	74	trial_end_completed	staircase	6	green	left	unaware	1	0
323.616	0.000	trigger_101	101	323616	Trigger-In:101	75	trial_start	absent	70	green	right	aware	1	0
323.721	0.000	trigger_11	11	323721	Trigger-In:11	75	fixation_point_on	absent	70	green	right	aware	1	0
324.346	0.000	trigger_21	21	324346	Trigger-In:21	75	grating_on	absent	70	green	right	aware	1	0
324.401	0.000	trigger_20	20	324401	Trigger-In:20	75	grating_off	absent	70	green	right	aware	1	0
325.031	0.000	trigger_31	31	325031	Trigger-In:31	75	targets_on_fp_color_change	absent	70	green	right	aware	1	0
325.801	0.000	trigger_201	201	325801	Trigger-In:201	75	trial_end_completed	absent	70	green	right	aware	1	0
326.896	0.000	trigger_101	101	326896	Trigger-In:101	76	trial_start	salient	0	green	left	unaware	1	0
327.001	0.000	trigger_11	11	327001	Trigger-In:11	76	fixation_point_on	salient	0	green	left	unaware	1	0
327.636	0.000	trigger_21	21	327636	Trigger-In:21	76	grating_on	salient	0	green	left	unaware	1	0
327.691	0.000	trigger_20	20	327691	Trigger-In:20	76	grating_off	salient	0	green	left	unaware	1	0
328.326	0.000	trigger_31	31	328326	Trigger-In:31	76	targets_on_fp_color_change	salient	0	green	left	unaware	1	0
329.236	0.000	trigger_201	201	329236	Trigger-In:201	76	trial_end_completed	salient	0	green	left	unaware	1	0
330.326	0.000	trigger_101	101	330326	Trigger-In:101	77	trial_start	absent	70	red	right	unaware	1	0
330.431	0.000	trigger_11	11	330431	Trigger-In:11	77	fixation_point_on	absent	70	red	right	unaware	1	0
331.066	0.000	trigger_21	21	331066	Trigger-In:21	77	grating_on	absent	70	red	right	unaware	1	0
331.121	0.000	trigger_20	20	331121	Trigger-In:20	77	grating_off	absent	70	red	right	unaware	1	0
331.751	0.000	trigger_31	31	331751	Trigger-In:31	77	targets_on_fp_color_change	absent	70	red	right	unaware	1	0
332.861	0.000	trigger_201	201	332861	Trigger-In:201	77	trial_end_completed	absent	70	red	right	unaware	1	0
334.226	0.000	trigger_101	101	334226	Trigger-In:101	78	trial_start	absent	70	red	left	aware	1	0
334.371	0.000	trigger_11	11	334371	Trigger-In:11	78	fixation_point_on	absent	70	red	left	aware	1	0
335.001	0.000	trigger_21	21	335001	Trigger-In:21	78	grating_on	absent	70	red	left	aware	1	0
335.061	0.000	trigger_20	20	335061	Trigger-In:20	78	grating_off	absent	70	red	left	aware	1	0
335.696	0.000	trigger_31	31	335696	Trigger-In:31	78	targets_on_fp_color_change	absent	70	red	left	aware	1	0
336.701	0.000	trigger_201	201	336701	Trigger-In:201	78	trial_end_completed	absent	70	red	left	aware	1	0
337.791	0.000	trigger_101	101	337791	Trigger-In:101	79	trial_start	staircase	7	red	right	unaware	1	0
337.896	0.000	trigger_11	11	337896	Trigger-In:11	79	fixation_point_on	staircase	7	red	right	unaware	1	0
338.526	0.000	trigger_21	21	338526	Trigger-In:21	79	grating_on	staircase	7	red	right	unaware	1	0
338.581	0.000	trigger_20	20	338581	Trigger-In:20	79	grating_off	staircase	7	red	right	unaware	1	0
339.221	0.000	trigger_31	31	339221	Trigger-In:31	79	targets_on_fp_color_change	staircase	7	red	right	unaware	1	0
340.441	0.000	trigger_201	201	340441	Trigger-In:201	79	trial_end_completed	staircase	7	red	right	unaware	1	0
341.541	0.000	trigger_101	101	341541	Trigger-In:101	80	trial_start	staircase	8	red	right	unaware	1	0
341.641	0.000	trigger_11	11	341641	Trigger-In:11	80	fixation_point_on	staircase	8	red	right	unaware	1	0
342.276	0.000	trigger_21	21	342276	Trigger-In:21	80	grating_on	staircase	8	red	right	unaware	1	0
342.336	0.000	trigger_20	20	342336	Trigger-In:20	80	grating_off	staircase	8	red	right	unaware	1	0
342.961	0.000	trigger_31	31	342961	Trigger-In:31	80	targets_on_fp_color_change	staircase	8	red	right	unaware	1	0
343.996	0.000	trigger_201	201	343996	Trigger-In:201	80	trial_end_completed	staircase	8	red	right	unaware	1	0
345.086	0.000	trigger_101	101	345086	Trigger-In:101	81	trial_start	staircase	9	green	right	aware	1	0
345.196	0.000	trigger_11	11	345196	Trigger-In:11	81	fixation_point_on	staircase	9	green	right	aware	1	0
345.821	0.000	trigger_21	21	345821	Trigger-In:21	81	grating_on	staircase	9	green	right	aware	1	0
345.876	0.000	trigger_20	20	345876	Trigger-In:20	81	grating_off	staircase	9	green	right	aware	1	0
346.496	0.000	trigger_31	31	346496	Trigger-In:31	81	targets_on_fp_color_change	staircase	9	green	right	aware	1	0
347.536	0.000	trigger_201	201	347536	Trigger-In:201	81	trial_end_completed	staircase	9	green	right	aware	1	0
348.631	0.000	trigger_101	101	348631	Trigger-In:101	82	trial_start	staircase	8	red	left	aware	1	0
348.736	0.000	trigger_11	11	348736	Trigger-In:11	82	fixation_point_on	staircase	8	red	left	aware	1	0
349.371	0.000	trigger_21	21	349371	Trigger-In:21	82	grating_on	staircase	8	red	left	aware	1	0
349.426	0.000	trigger_20	20	349426	Trigger-In:20	82	grating_off	staircase	8	red	left	aware	1	0
350.051	0.000	trigger_31	31	350051	Trigger-In:31	82	targets_on_fp_color_change	staircase	8	red	left	aware	1	0
351.486	0.000	trigger_201	201	351486	Trigger-In:201	82	trial_end_completed	staircase	8	red	left	aware	1	0
352.581	0.000	trigger_101	101	352581	Trigger-In:101	83	trial_start	staircase	7	red	right	unaware	1	0
352.681	0.000	trigger_11	11	352681	Trigger-In:11	83	fixation_point_on	staircase	7	red	right	unaware	1	0
353.321	0.000	trigger_21	21	353321	Trigger-In:21	83	grating_on	staircase	7	red	right	unaware	1	0
353.376	0.000	trigger_20	20	353376	Trigger-In:20	83	grating_off	staircase	7	red	right	unaware	1	0
354.006	0.000	trigger_31	31	354006	Trigger-In:31	83	targets_on_fp_color_change	staircase	7	red	right	unaware	1	0
355.291	0.000	trigger_201	201	355291	Trigger-In:201	83	trial_end_completed	staircase	7	red	right	unaware	1	0
356.386	0.000	trigger_101	101	356386	Trigger-In:101	84	trial_start	staircase	8	red	right	unaware	1	0
356.491	0.000	trigger_11	11	356491	Trigger-In:11	84	fixation_point_on	staircase	8	red	right	unaware	1	0
357.116	0.000	trigger_21	21	357116	Trigger-In:21	84	grating_on	staircase	8	red	right	unaware	1	0
357.176	0.000	trigger_20	20	357176	Trigger-In:20	84	grating_off	staircase	8	red	right	unaware	1	0
357.816	0.000	trigger_31	31	357816	Trigger-In:31	84	targets_on_fp_color_change	staircase	8	red	right	unaware	1	0
358.946	0.000	trigger_201	201	358946	Trigger-In:201	84	trial_end_completed	staircase	8	red	right	unaware	1	0
360.036	0.000	trigger_101	101	360036	Trigger-In:101	85	trial_start	staircase	9	green	left	unaware	1	0
360.141	0.000	trigger_11	11	360141	Trigger-In:11	85	fixation_point_on	staircase	9	green	left	unaware	1	0
360.771	0.000	trigger_21	21	360771	Trigger-In:21	85	grating_on	staircase	9	green	left	unaware	1	0
360.826	0.000	trigger_20	20	360826	Trigger-In:20	85	grating_off	staircase	9	green	left	unaware	1	0
361.456	0.000	trigger_31	31	361456	Trigger-In:31	85	targets_on_fp_color_change	staircase	9	green	left	unaware	1	0
362.516	0.000	trigger_201	201	362516	Trigger-In:201	85	trial_end_completed	staircase	9	green	left	unaware	1	0
363.611	0.000	trigger_101	101	363611	Trigger-In:101	86	trial_start	staircase	10	green	left	unaware	1	0
363.716	0.000	trigger_11	11	363716	Trigger-In:11	86	fixation_point_on	staircase	10	green	left	unaware	1	0
364.361	0.000	trigger_21	21	364361	Trigger-In:21	86	grating_on	staircase	10	green	left	unaware	1	0
364.416	0.000	trigger_20	20	364416	Trigger-In:20	86	grating_off	staircase	10	green	left	unaware	1	0
365.056	0.000	trigger_31	31	365056	Trigger-In:31	86	targets_on_fp_color_change	staircase	10	green	left	unaware	1	0
365.826	0.000	trigger_201	201	365826	Trigger-In:201	86	trial_end_completed	staircase	10	green	left	unaware	1	0
366.921	0.000	trigger_101	101	366921	Trigger-In:101	87	trial_start	staircase	11	green	right	aware	1	0
367.026	0.000	trigger_11	11	367026	Trigger-In:11	87	fixation_point_on	staircase	11	green	right	aware	1	0
367.656	0.000	trigger_21	21	367656	Trigger-In:21	87	grating_on	staircase	11	green	right	aware	1	0
367.711	0.000	trigger_20	20	367711	Trigger-In:20	87	grating_off	staircase	11	green	right	aware	1	0
368.346	0.000	trigger_31	31	368346	Trigger-In:31	87	targets_on_fp_color_change	staircase	11	green	right	aware	1	0
369.136	0.000	trigger_201	201	369136	Trigger-In:201	87	trial_end_completed	staircase	11	green	right	aware	1	0
370.226	0.000	trigger_101	101	370226	Trigger-In:101	88	trial_start	staircase	10	red	left	aware	1	0
370.326	0.000	trigger_11	11	370326	Trigger-In:11	88	fixation_point_on	staircase	10	red	left	aware	1	0
370.961	0.000	trigger_21	21	370961	Trigger-In:21	88	grating_on	staircase	10	red	left	aware	1	0
371.016	0.000	trigger_20	20	371016	Trigger-In:20	88	grating_off	staircase	10	red	left	aware	1	0
371.651	0.000	trigger_31	31	371651	Trigger-In:31	88	targets_on_fp_color_change	staircase	10	red	left	aware	1	0
372.751	0.000	trigger_201	201	372751	Trigger-In:201	88	trial_end_completed	staircase	10	red	left	aware	1	0
373.841	0.000	trigger_101	101	373841	Trigger-In:101	89	trial_start	salient	0	red	right	unaware	1	0
373.956	0.000	trigger_11	11	373956	Trigger-In:11	89	fixation_point_on	salient	0	red	right	unaware	1	0
374.586	0.000	trigger_21	21	374586	Trigger-In:21	89	grating_on	salient	0	red	right	unaware	1	0
374.641	0.000	trigger_20	20	374641	Trigger-In:20	89	grating_off	salient	0	red	right	unaware	1	0
375.271	0.000	trigger_31	31	375271	Trigger-In:31	89	targets_on_fp_color_change	salient	0	red	right	unaware	1	0
376.646	0.000	trigger_201	201	376646	Trigger-In:201	89	trial_end_completed	salient	0	red	right	unaware	1	0
377.746	0.000	trigger_101	101	377746	Trigger-In:101	90	trial_start	staircase	9	green	left	unaware	1	0
377.861	0.000	trigger_11	11	377861	Trigger-In:11	90	fixation_point_on	staircase	9	green	left	unaware	1	0
378.486	0.000	trigger_21	21	378486	Trigger-In:21	90	grating_on	staircase	9	green	left	unaware	1	0
378.541	0.000	trigger_20	20	378541	Trigger-In:20	90	grating_off	staircase	9	green	left	unaware	1	0
379.181	0.000	trigger_31	31	379181	Trigger-In:31	90	targets_on_fp_color_change	staircase	9	green	left	unaware	1	0
380.201	0.000	trigger_201	201	380201	Trigger-In:201	90	trial_end_completed	staircase	9	green	left	unaware	1	0
381.296	0.000	trigger_101	101	381296	Trigger-In:101	91	trial_start	staircase	10	green	right	aware	1	0
381.401	0.000	trigger_11	11	381401	Trigger-In:11	91	fixation_point_on	staircase	10	green	right	aware	1	0
382.031	0.000	trigger_21	21	382031	Trigger-In:21	91	grating_on	staircase	10	green	right	aware	1	0
382.086	0.000	trigger_20	20	382086	Trigger-In:20	91	grating_off	staircase	10	green	right	aware	1	0
382.711	0.000	trigger_31	31	382711	Trigger-In:31	91	targets_on_fp_color_change	staircase	10	green	right	aware	1	0
383.621	0.000	trigger_201	201	383621	Trigger-In:201	91	trial_end_completed	staircase	10	green	right	aware	1	0
384.716	0.000	trigger_101	101	384716	Trigger-In:101	92	trial_start	salient	0	green	left	unaware	1	0
384.821	0.000	trigger_11	11	384821	Trigger-In:11	92	fixation_point_on	salient	0	green	left	unaware	1	0
385.451	0.000	trigger_21	21	385451	Trigger-In:21	92	grating_on	salient	0	green	left	unaware	1	0
385.506	0.000	trigger_20	20	385506	Trigger-In:20	92	grating_off	salient	0	green	left	unaware	1	0
386.136	0.000	trigger_31	31	386136	Trigger-In:31	92	targets_on_fp_color_change	salient	0	green	left	unaware	1	0
387.036	0.000	trigger_201	201	387036	Trigger-In:201	92	trial_end_completed	salient	0	green	left	unaware	1	0
388.126	0.000	trigger_101	101	388126	Trigger-In:101	93	trial_start	salient	0	red	right	unaware	1	0
388.236	0.000	trigger_11	11	388236	Trigger-In:11	93	fixation_point_on	salient	0	red	right	unaware	1	0
388.856	0.000	trigger_21	21	388856	Trigger-In:21	93	grating_on	salient	0	red	right	unaware	1	0
388.916	0.000	trigger_20	20	388916	Trigger-In:20	93	grating_off	salient	0	red	right	unaware	1	0
389.551	0.000	trigger_31	31	389551	Trigger-In:31	93	targets_on_fp_color_change	salient	0	red	right	unaware	1	0
390.736	0.000	trigger_201	201	390736	Trigger-In:201	93	trial_end_completed	salient	0	red	right	unaware	1	0
391.826	0.000	trigger_101	101	391826	Trigger-In:101	94	trial_start	staircase	9	red	right	unaware	1	0
391.931	0.000	trigger_11	11	391931	Trigger-In:11	94	fixation_point_on	staircase	9	red	right	unaware	1	0
392.571	0.000	trigger_21	21	392571	Trigger-In:21	94	grating_on	staircase	9	red	right	unaware	1	0
392.631	0.000	trigger_20	20	392631	Trigger-In:20	94	grating_off	staircase	9	red	right	unaware	1	0
393.256	0.000	trigger_31	31	393256	Trigger-In:31	94	targets_on_fp_color_change	staircase	9	red	right	unaware	1	0
394.251	0.000	trigger_201	201	394251	Trigger-In:201	94	trial_end_completed	staircase	9	red	right	unaware	1	0
395.351	0.000	trigger_101	101	395351	Trigger-In:101	95	trial_start	salient	0	red	right	unaware	1	0
395.451	0.000	trigger_11	11	395451	Trigger-In:11	95	fixation_point_on	salient	0	red	right	unaware	1	0
396.081	0.000	trigger_21	21	396081	Trigger-In:21	95	grating_on	salient	0	red	right	unaware	1	0
396.136	0.000	trigger_20	20	396136	Trigger-In:20	95	grating_off	salient	0	red	right	unaware	1	0
396.771	0.000	trigger_31	31	396771	Trigger-In:31	95	targets_on_fp_color_change	salient	0	red	right	unaware	1	0
397.826	0.000	trigger_201	201	397826	Trigger-In:201	95	trial_end_completed	salient	0	red	right	unaware	1	0
398.921	0.000	trigger_101	101	398921	Trigger-In:101	96	trial_start	staircase	10	red	right	unaware	1	0
399.026	0.000	trigger_11	11	399026	Trigger-In:11	96	fixation_point_on	staircase	10	red	right	unaware	1	0
399.656	0.000	trigger_21	21	399656	Trigger-In:21	96	grating_on	staircase	10	red	right	unaware	1	0
399.711	0.000	trigger_20	20	399711	Trigger-In:20	96	grating_off	staircase	10	red	right	unaware	1	0
400.346	0.000	trigger_31	31	400346	Trigger-In:31	96	targets_on_fp_color_change	staircase	10	red	right	unaware	1	0
401.251	0.000	trigger_201	201	401251	Trigger-In:201	96	trial_end_completed	staircase	10	red	right	unaware	1	0
402.351	0.000	trigger_101	101	402351	Trigger-In:101	97	trial_start	salient	0	red	right	unaware	1	0
402.456	0.000	trigger_11	11	402456	Trigger-In:11	97	fixation_point_on	salient	0	red	right	unaware	1	0
403.081	0.000	trigger_21	21	403081	Trigger-In:21	97	grating_on	salient	0	red	right	unaware	1	0
403.141	0.000	trigger_20	20	403141	Trigger-In:20	97	grating_off	salient	0	red	right	unaware	1	0
403.771	0.000	trigger_31	31	403771	Trigger-In:31	97	targets_on_fp_color_change	salient	0	red	right	unaware	1	0
404.826	0.000	trigger_201	201	404826	Trigger-In:201	97	trial_end_completed	salient	0	red	right	unaware	1	0
405.921	0.000	trigger_101	101	405921	Trigger-In:101	98	trial_start	staircase	11	green	left	unaware	1	0
406.026	0.000	trigger_11	11	406026	Trigger-In:11	98	fixation_point_on	staircase	11	green	left	unaware	1	0
406.646	0.000	trigger_21	21	406646	Trigger-In:21	98	grating_on	staircase	11	green	left	unaware	1	0
406.701	0.000	trigger_20	20	406701	Trigger-In:20	98	grating_off	staircase	11	green	left	unaware	1	0
407.336	0.000	trigger_31	31	407336	Trigger-In:31	98	targets_on_fp_color_change	staircase	11	green	left	unaware	1	0
408.931	0.000	trigger_201	201	408931	Trigger-In:201	98	trial_end_completed	staircase	11	green	left	unaware	1	0
410.026	0.000	trigger_101	101	410026	Trigger-In:101	99	trial_start	staircase	12	red	right	unaware	1	0
410.136	0.000	trigger_11	11	410136	Trigger-In:11	99	fixation_point_on	staircase	12	red	right	unaware	1	0
410.761	0.000	trigger_21	21	410761	Trigger-In:21	99	grating_on	staircase	12	red	right	unaware	1	0
410.821	0.000	trigger_20	20	410821	Trigger-In:20	99	grating_off	staircase	12	red	right	unaware	1	0
411.456	0.000	trigger_31	31	411456	Trigger-In:31	99	targets_on_fp_color_change	staircase	12	red	right	unaware	1	0
412.441	0.000	trigger_201	201	412441	Trigger-In:201	99	trial_end_completed	staircase	12	red	right	unaware	1	0
413.541	0.000	trigger_101	101	413541	Trigger-In:101	100	trial_start	staircase	13	red	left	aware	1	0
413.651	0.000	trigger_11	11	413651	Trigger-In:11	100	fixation_point_on	staircase	13	red	left	aware	1	0
414.276	0.000	trigger_21	21	414276	Trigger-In:21	100	grating_on	staircase	13	red	left	aware	1	0
414.331	0.000	trigger_20	20	414331	Trigger-In:20	100	grating_off	staircase	13	red	left	aware	1	0
414.966	0.000	trigger_31	31	414966	Trigger-In:31	100	targets_on_fp_color_change	staircase	13	red	left	aware	1	0
415.941	0.000	trigger_201	201	415941	Trigger-In:201	100	trial_end_completed	staircase	13	red	left	aware	1	0
417.036	0.000	trigger_101	101	417036	Trigger-In:101	101	trial_start	staircase	12	green	right	aware	1	0
417.146	0.000	trigger_11	11	417146	Trigger-In:11	101	fixation_point_on	staircase	12	green	right	aware	1	0
417.771	0.000	trigger_21	21	417771	Trigger-In:21	101	grating_on	staircase	12	green	right	aware	1	0
417.826	0.000	trigger_20	20	417826	Trigger-In:20	101	grating_off	staircase	12	green	right	aware	1	0
418.456	0.000	trigger_31	31	418456	Trigger-In:31	101	targets_on_fp_color_change	staircase	12	green	right	aware	1	0
419.621	0.000	trigger_201	201	419621	Trigger-In:201	101	trial_end_completed	staircase	12	green	right	aware	1	0
420.711	0.000	trigger_101	101	420711	Trigger-In:101	102	trial_start	salient	0	red	right	unaware	1	0
420.811	0.000	trigger_11	11	420811	Trigger-In:11	102	fixation_point_on	salient	0	red	right	unaware	1	0
421.441	0.000	trigger_21	21	421441	Trigger-In:21	102	grating_on	salient	0	red	right	unaware	1	0
421.496	0.000	trigger_20	20	421496	Trigger-In:20	102	grating_off	salient	0	red	right	unaware	1	0
422.126	0.000	trigger_31	31	422126	Trigger-In:31	102	targets_on_fp_color_change	salient	0	red	right	unaware	1	0
423.491	0.000	trigger_201	201	423491	Trigger-In:201	102	trial_end_completed	salient	0	red	right	unaware	1	0
424.586	0.000	trigger_101	101	424586	Trigger-In:101	103	trial_start	staircase	11	red	left	aware	1	0
424.691	0.000	trigger_11	11	424691	Trigger-In:11	103	fixation_point_on	staircase	11	red	left	aware	1	0
425.326	0.000	trigger_21	21	425326	Trigger-In:21	103	grating_on	staircase	11	red	left	aware	1	0
425.381	0.000	trigger_20	20	425381	Trigger-In:20	103	grating_off	staircase	11	red	left	aware	1	0
426.011	0.000	trigger_31	31	426011	Trigger-In:31	103	targets_on_fp_color_change	staircase	11	red	left	aware	1	0
426.941	0.000	trigger_201	201	426941	Trigger-In:201	103	trial_end_completed	staircase	11	red	left	aware	1	0
428.041	0.000	trigger_101	101	428041	Trigger-In:101	104	trial_start	staircase	10	green	right	aware	1	0
428.146	0.000	trigger_11	11	428146	Trigger-In:11	104	fixation_point_on	staircase	10	green	right	aware	1	0
428.771	0.000	trigger_21	21	428771	Trigger-In:21	104	grating_on	staircase	10	green	right	aware	1	0
428.826	0.000	trigger_20	20	428826	Trigger-In:20	104	grating_off	staircase	10	green	right	aware	1	0
429.456	0.000	trigger_31	31	429456	Trigger-In:31	104	targets_on_fp_color_change	staircase	10	green	right	aware	1	0
430.686	0.000	trigger_201	201	430686	Trigger-In:201	104	trial_end_completed	staircase	10	green	right	aware	1	0
431.776	0.000	trigger_101	101	431776	Trigger-In:101	105	trial_start	staircase	9	green	right	aware	1	0
431.881	0.000	trigger_11	11	431881	Trigger-In:11	105	fixation_point_on	staircase	9	green	right	aware	1	0
432.511	0.000	trigger_21	21	432511	Trigger-In:21	105	grating_on	staircase	9	green	right	aware	1	0
432.571	0.000	trigger_20	20	432571	Trigger-In:20	105	grating_off	staircase	9	green	right	aware	1	0
433.211	0.000	trigger_31	31	433211	Trigger-In:31	105	targets_on_fp_color_change	staircase	9	green	right	aware	1	0
434.236	0.000	trigger_201	201	434236	Trigger-In:201	105	trial_end_completed	staircase	9	green	right	aware	1	0
435.326	0.000	trigger_101	101	435326	Trigger-In:101	106	trial_start	staircase	8	green	right	aware	1	0
435.436	0.000	trigger_11	11	435436	Trigger-In:11	106	fixation_point_on	staircase	8	green	right	aware	1	0
436.076	0.000	trigger_21	21	436076	Trigger-In:21	106	grating_on	staircase	8	green	right	aware	1	0
436.131	0.000	trigger_20	20	436131	Trigger-In:20	106	grating_off	staircase	8	green	right	aware	1	0
436.766	0.000	trigger_31	31	436766	Trigger-In:31	106	targets_on_fp_color_change	staircase	8	green	right	aware	1	0
438.031	0.000	trigger_201	201	438031	Trigger-In:201	106	trial_end_completed	staircase	8	green	right	aware	1	0
439.126	0.000	trigger_101	101	439126	Trigger-In:101	107	trial_start	salient	0	green	left	unaware	1	0
439.231	0.000	trigger_11	11	439231	Trigger-In:11	107	fixation_point_on	salient	0	green	left	unaware	1	0
439.871	0.000	trigger_21	21	439871	Trigger-In:21	107	grating_on	salient	0	green	left	unaware	1	0
439.936	0.000	trigger_20	20	439936	Trigger-In:20	107	grating_off	salient	0	green	left	unaware	1	0
440.581	0.000	trigger_31	31	440581	Trigger-In:31	107	targets_on_fp_color_change	salient	0	green	left	unaware	1	0
441.481	0.000	trigger_201	201	441481	Trigger-In:201	107	trial_end_completed	salient	0	green	left	unaware	1	0
442.576	0.000	trigger_101	101	442576	Trigger-In:101	108	trial_start	staircase	7	green	left	unaware	1	0
442.686	0.000	trigger_11	11	442686	Trigger-In:11	108	fixation_point_on	staircase	7	green	left	unaware	1	0
443.321	0.000	trigger_21	21	443321	Trigger-In:21	108	grating_on	staircase	7	green	left	unaware	1	0
443.376	0.000	trigger_20	20	443376	Trigger-In:20	108	grating_off	staircase	7	green	left	unaware	1	0
444.011	0.000	trigger_31	31	444011	Trigger-In:31	108	targets_on_fp_color_change	staircase	7	green	left	unaware	1	0
444.786	0.000	trigger_201	201	444786	Trigger-In:201	108	trial_end_completed	staircase	7	green	left	unaware	1	0
445.881	0.000	trigger_101	101	445881	Trigger-In:101	109	trial_start	staircase	8	red	right	unaware	1	0
445.986	0.000	trigger_11	11	445986	Trigger-In:11	109	fixation_point_on	staircase	8	red	right	unaware	1	0
446.616	0.000	trigger_21	21	446616	Trigger-In:21	109	grating_on	staircase	8	red	right	unaware	1	0
446.671	0.000	trigger_20	20	446671	Trigger-In:20	109	grating_off	staircase	8	red	right	unaware	1	0
447.311	0.000	trigger_31	31	447311	Trigger-In:31	109	targets_on_fp_color_change	staircase	8	red	right	unaware	1	0
448.446	0.000	trigger_201	201	448446	Trigger-In:201	109	trial_end_completed	staircase	8	red	right	unaware	1	0
449.541	0.000	trigger_101	101	449541	Trigger-In:101	110	trial_start	staircase	9	red	left	aware	1	0
449.646	0.000	trigger_11	11	449646	Trigger-In:11	110	fixation_point_on	staircase	9	red	left	aware	1	0
450.276	0.000	trigger_21	21	450276	Trigger-In:21	110	grating_on	staircase	9	red	left	aware	1	0
450.336	0.000	trigger_20	20	450336	Trigger-In:20	110	grating_off	staircase	9	red	left	aware	1	0
450.971	0.000	trigger_31	31	450971	Trigger-In:31	110	targets_on_fp_color_change	staircase	9	red	left	aware	1	0
451.791	0.000	trigger_201	201	451791	Trigger-In:201	110	trial_end_completed	staircase	9	red	left	aware	1	0
452.881	0.000	trigger_101	101	452881	Trigger-In:101	111	trial_start	absent	70	green	right	aware	1	0
452.986	0.000	trigger_11	11	452986	Trigger-In:11	111	fixation_point_on	absent	70	green	right	aware	1	0
453.621	0.000	trigger_21	21	453621	Trigger-In:21	111	grating_on	absent	70	green	right	aware	1	0
453.676	0.000	trigger_20	20	453676	Trigger-In:20	111	grating_off	absent	70	green	right	aware	1	0
454.311	0.000	trigger_31	31	454311	Trigger-In:31	111	targets_on_fp_color_change	absent	70	green	right	aware	1	0
455.021	0.000	trigger_201	201	455021	Trigger-In:201	111	trial_end_completed	absent	70	green	right	aware	1	0
456.111	0.000	trigger_101	101	456111	Trigger-In:101	112	trial_start	staircase	8	red	left	aware	1	0
456.216	0.000	trigger_11	11	456216	Trigger-In:11	112	fixation_point_on	staircase	8	red	left	aware	1	0
456.846	0.000	trigger_21	21	456846	Trigger-In:21	112	grating_on	staircase	8	red	left	aware	1	0
456.906	0.000	trigger_20	20	456906	Trigger-In:20	112	grating_off	staircase	8	red	left	aware	1	0
457.536	0.000	trigger_31	31	457536	Trigger-In:31	112	targets_on_fp_color_change	staircase	8	red	left	aware	1	0
458.581	0.000	trigger_201	201	458581	Trigger-In:201	112	trial_end_completed	staircase	8	red	left	aware	1	0
459.671	0.000	trigger_101	101	459671	Trigger-In:101	113	trial_start	absent	70	red	left	aware	1	0
459.786	0.000	trigger_11	11	459786	Trigger-In:11	113	fixation_point_on	absent	70	red	left	aware	1	0
460.416	0.000	trigger_21	21	460416	Trigger-In:21	113	grating_on	absent	70	red	left	aware	1	0
460.476	0.000	trigger_20	20	460476	Trigger-In:20	113	grating_off	absent	70	red	left	aware	1	0
461.116	0.000	trigger_31	31	461116	Trigger-In:31	113	targets_on_fp_color_change	absent	70	red	left	aware	1	0
462.116	0.000	trigger_201	201	462116	Trigger-In:201	113	trial_end_completed	absent	70	red	left	aware	1	0
463.211	0.000	trigger_101	101	463211	Trigger-In:101	114	trial_start	staircase	7	red	right	unaware	1	0
463.316	0.000	trigger_11	11	463316	Trigger-In:11	114	fixation_point_on	staircase	7	red	right	unaware	1	0
463.946	0.000	trigger_21	21	463946	Trigger-In:21	114	grating_on	staircase	7	red	right	unaware	1	0
464.001	0.000	trigger_20	20	464001	Trigger-In:20	114	grating_off	staircase	7	red	right	unaware	1	0
464.636	0.000	trigger_31	31	464636	Trigger-In:31	114	targets_on_fp_color_change	staircase	7	red	right	unaware	1	0
466.031	0.000	trigger_201	201	466031	Trigger-In:201	114	trial_end_completed	staircase	7	red	right	unaware	1	0
467.121	0.000	trigger_101	101	467121	Trigger-In:101	115	trial_start	staircase	8	red	right	unaware	1	0
467.226	0.000	trigger_11	11	467226	Trigger-In:11	115	fixation_point_on	staircase	8	red	right	unaware	1	0
467.856	0.000	trigger_21	21	467856	Trigger-In:21	115	grating_on	staircase	8	red	right	unaware	1	0
467.911	0.000	trigger_20	20	467911	Trigger-In:20	115	grating_off	staircase	8	red	right	unaware	1	0
468.546	0.000	trigger_31	31	468546	Trigger-In:31	115	targets_on_fp_color_change	staircase	8	red	right	unaware	1	0
469.471	0.000	trigger_201	201	469471	Trigger-In:201	115	trial_end_completed	staircase	8	red	right	unaware	1	0
470.566	0.000	trigger_101	101	470566	Trigger-In:101	116	trial_start	staircase	9	green	right	aware	1	0
470.671	0.000	trigger_11	11	470671	Trigger-In:11	116	fixation_point_on	staircase	9	green	right	aware	1	0
471.301	0.000	trigger_21	21	471301	Trigger-In:21	116	grating_on	staircase	9	green	right	aware	1	0
471.361	0.000	trigger_20	20	471361	Trigger-In:20	116	grating_off	staircase	9	green	right	aware	1	0
471.991	0.000	trigger_31	31	471991	Trigger-In:31	116	targets_on_fp_color_change	staircase	9	green	right	aware	1	0
472.916	0.000	trigger_201	201	472916	Trigger-In:201	116	trial_end_completed	staircase	9	green	right	aware	1	0
474.011	0.000	trigger_101	101	474011	Trigger-In:101	117	trial_start	staircase	8	red	left	aware	1	0
474.116	0.000	trigger_11	11	474116	Trigger-In:11	117	fixation_point_on	staircase	8	red	left	aware	1	0
474.746	0.000	trigger_21	21	474746	Trigger-In:21	117	grating_on	staircase	8	red	left	aware	1	0
474.801	0.000	trigger_20	20	474801	Trigger-In:20	117	grating_off	staircase	8	red	left	aware	1	0
475.426	0.000	trigger_31	31	475426	Trigger-In:31	117	targets_on_fp_color_change	staircase	8	red	left	aware	1	0
476.411	0.000	trigger_201	201	476411	Trigger-In:201	117	trial_end_completed	staircase	8	red	left	aware	1	0
477.506	0.000	trigger_101	101	477506	Trigger-In:101	118	trial_start	staircase	7	green	left	unaware	1	0
477.616	0.000	trigger_11	11	477616	Trigger-In:11	118	fixation_point_on	staircase	7	green	left	unaware	1	0
478.251	0.000	trigger_21	21	478251	Trigger-In:21	118	grating_on	staircase	7	green	left	unaware	1	0
478.301	0.000	trigger_20	20	478301	Trigger-In:20	118	grating_off	staircase	7	green	left	unaware	1	0
478.941	0.000	trigger_31	31	478941	Trigger-In:31	118	targets_on_fp_color_change	staircase	7	green	left	unaware	1	0
480.206	0.000	trigger_201	201	480206	Trigger-In:201	118	trial_end_completed	staircase	7	green	left	unaware	1	0
481.301	0.000	trigger_101	101	481301	Trigger-In:101	119	trial_start	staircase	8	green	left	unaware	1	0
481.411	0.000	trigger_11	11	481411	Trigger-In:11	119	fixation_point_on	staircase	8	green	left	unaware	1	0
482.031	0.000	trigger_21	21	482031	Trigger-In:21	119	grating_on	staircase	8	green	left	unaware	1	0
482.086	0.000	trigger_20	20	482086	Trigger-In:20	119	grating_off	staircase	8	green	left	unaware	1	0
482.726	0.000	trigger_31	31	482726	Trigger-In:31	119	targets_on_fp_color_change	staircase	8	green	left	unaware	1	0
483.796	0.000	trigger_201	201	483796	Trigger-In:201	119	trial_end_completed	staircase	8	green	left	unaware	1	0
484.891	0.000	trigger_101	101	484891	Trigger-In:101	120	trial_start	staircase	9	green	left	unaware	1	0
484.996	0.000	trigger_11	11	484996	Trigger-In:11	120	fixation_point_on	staircase	9	green	left	unaware	1	0
485.626	0.000	trigger_21	21	485626	Trigger-In:21	120	grating_on	staircase	9	green	left	unaware	1	0
485.681	0.000	trigger_20	20	485681	Trigger-In:20	120	grating_off	staircase	9	green	left	unaware	1	0
486.316	0.000	trigger_31	31	486316	Trigger-In:31	120	targets_on_fp_color_change	staircase	9	green	left	unaware	1	0
487.056	0.000	trigger_201	201	487056	Trigger-In:201	120	trial_end_completed	staircase	9	green	left	unaware	1	0
488.151	0.000	trigger_101	101	488151	Trigger-In:101	121	trial_start	salient	0	green	left	unaware	1	0
488.251	0.000	trigger_11	11	488251	Trigger-In:11	121	fixation_point_on	salient	0	green	left	unaware	1	0
488.886	0.000	trigger_21	21	488886	Trigger-In:21	121	grating_on	salient	0	green	left	unaware	1	0
488.941	0.000	trigger_20	20	488941	Trigger-In:20	121	grating_off	salient	0	green	left	unaware	1	0
489.581	0.000	trigger_31	31	489581	Trigger-In:31	121	targets_on_fp_color_change	salient	0	green	left	unaware	1	0
490.551	0.000	trigger_201	201	490551	Trigger-In:201	121	trial_end_completed	salient	0	green	left	unaware	1	0
491.646	0.000	trigger_101	101	491646	Trigger-In:101	122	trial_start	absent	70	green	right	aware	1	0
491.751	0.000	trigger_11	11	491751	Trigger-In:11	122	fixation_point_on	absent	70	green	right	aware	1	0
492.381	0.000	trigger_21	21	492381	Trigger-In:21	122	grating_on	absent	70	green	right	aware	1	0
492.436	0.000	trigger_20	20	492436	Trigger-In:20	122	grating_off	absent	70	green	right	aware	1	0
493.076	0.000	trigger_31	31	493076	Trigger-In:31	122	targets_on_fp_color_change	absent	70	green	right	aware	1	0
493.946	0.000	trigger_201	201	493946	Trigger-In:201	122	trial_end_completed	absent	70	green	right	aware	1	0
495.041	0.000	trigger_101	101	495041	Trigger-In:101	123	trial_start	staircase	10	red	left	aware	1	0
495.146	0.000	trigger_11	11	495146	Trigger-In:11	123	fixation_point_on	staircase	10	red	left	aware	1	0
495.776	0.000	trigger_21	21	495776	Trigger-In:21	123	grating_on	staircase	10	red	left	aware	1	0
495.836	0.000	trigger_20	20	495836	Trigger-In:20	123	grating_off	staircase	10	red	left	aware	1	0
496.466	0.000	trigger_31	31	496466	Trigger-In:31	123	targets_on_fp_color_change	staircase	10	red	left	aware	1	0
497.756	0.000	trigger_201	201	497756	Trigger-In:201	123	trial_end_completed	staircase	10	red	left	aware	1	0
498.851	0.000	trigger_101	101	498851	Trigger-In:101	124	trial_start	salient	0	green	left	unaware	1	0
498.951	0.000	trigger_11	11	498951	Trigger-In:11	124	fixation_point_on	salient	0	green	left	unaware	1	0
499.581	0.000	trigger_21	21	499581	Trigger-In:21	124	grating_on	salient	0	green	left	unaware	1	0
499.636	0.000	trigger_20	20	499636	Trigger-In:20	124	grating_off	salient	0	green	left	unaware	1	0
500.266	0.000	trigger_31	31	500266	Trigger-In:31	124	targets_on_fp_color_change	salient	0	green	left	unaware	1	0
501.381	0.000	trigger_201	201	501381	Trigger-In:201	124	trial_end_completed	salient	0	green	left	unaware	1	0
502.476	0.000	trigger_101	101	502476	Trigger-In:101	125	trial_start	staircase	9	green	left	unaware	1	0
502.581	0.000	trigger_11	11	502581	Trigger-In:11	125	fixation_point_on	staircase	9	green	left	unaware	1	0
503.206	0.000	trigger_21	21	503206	Trigger-In:21	125	grating_on	staircase	9	green	left	unaware	1	0
503.266	0.000	trigger_20	20	503266	Trigger-In:20	125	grating_off	staircase	9	green	left	unaware	1	0
503.896	0.000	trigger_31	31	503896	Trigger-In:31	125	targets_on_fp_color_change	staircase	9	green	left	unaware	1	0
504.791	0.000	trigger_201	201	504791	Trigger-In:201	125	trial_end_completed	staircase	9	green	left	unaware	1	0
505.881	0.000	trigger_101	101	505881	Trigger-In:101	126	trial_start	staircase	10	red	right	unaware	1	0
505.986	0.000	trigger_11	11	505986	Trigger-In:11	126	fixation_point_on	staircase	10	red	right	unaware	1	0
506.611	0.000	trigger_21	21	506611	Trigger-In:21	126	grating_on	staircase	10	red	right	unaware	1	0
506.676	0.000	trigger_20	20	506676	Trigger-In:20	126	grating_off	staircase	10	red	right	unaware	1	0
507.301	0.000	trigger_31	31	507301	Trigger-In:31	126	targets_on_fp_color_change	staircase	10	red	right	unaware	1	0
508.331	0.000	trigger_201	201	508331	Trigger-In:201	126	trial_end_completed	staircase	10	red	right	unaware	1	0
509.421	0.000	trigger_101	101	509421	Trigger-In:101	127	trial_start	staircase	11	red	right	unaware	1	0
509.566	0.000	trigger_11	11	509566	Trigger-In:11	127	fixation_point_on	staircase	11	red	right	unaware	1	0
510.201	0.000	trigger_21	21	510201	Trigger-In:21	127	grating_on	staircase	11	red	right	unaware	1	0
510.256	0.000	trigger_20	20	510256	Trigger-In:20	127	grating_off	staircase	11	red	right	unaware	1	0
510.886	0.000	trigger_31	31	510886	Trigger-In:31	127	targets_on_fp_color_change	staircase	11	red	right	unaware	1	0
511.901	0.000	trigger_201	201	511901	Trigger-In:201	127	trial_end_completed	staircase	11	red	right	unaware	1	0
513.001	0.000	trigger_101	101	513001	Trigger-In:101	128	trial_start	salient	0	green	left	unaware	1	0
513.106	0.000	trigger_11	11	513106	Trigger-In:11	128	fixation_point_on	salient	0	green	left	unaware	1	0
513.741	0.000	trigger_21	21	513741	Trigger-In:21	128	grating_on	salient	0	green	left	unaware	1	0
513.796	0.000	trigger_20	20	513796	Trigger-In:20	128	grating_off	salient	0	green	left	unaware	1	0
514.431	0.000	trigger_31	31	514431	Trigger-In:31	128	targets_on_fp_color_change	salient	0	green	left	unaware	1	0
515.751	0.000	trigger_201	201	515751	Trigger-In:201	128	trial_end_completed	salient	0	green	left	unaware	1	0
516.841	0.000	trigger_101	101	516841	Trigger-In:101	129	trial_start	salient	0	green	left	unaware	1	0
516.946	0.000	trigger_11	11	516946	Trigger-In:11	129	fixation_point_on	salient	0	green	left	unaware	1	0
517.576	0.000	trigger_21	21	517576	Trigger-In:21	129	grating_on	salient	0	green	left	unaware	1	0
517.631	0.000	trigger_20	20	517631	Trigger-In:20	129	grating_off	salient	0	green	left	unaware	1	0
518.266	0.000	trigger_31	31	518266	Trigger-In:31	129	targets_on_fp_color_change	salient	0	green	left	unaware	1	0
519.096	0.000	trigger_201	201	519096	Trigger-In:201	129	trial_end_completed	salient	0	green	left	unaware	1	0
520.186	0.000	trigger_101	101	520186	Trigger-In:101	130	trial_start	staircase	12	red	left	aware	1	0
520.291	0.000	trigger_11	11	520291	Trigger-In:11	130	fixation_point_on	staircase	12	red	left	aware	1	0
520.916	0.000	trigger_21	21	520916	Trigger-In:21	130	grating_on	staircase	12	red	left	aware	1	0
520.971	0.000	trigger_20	20	520971	Trigger-In:20	130	grating_off	staircase	12	red	left	aware	1	0
521.606	0.000	trigger_31	31	521606	Trigger-In:31	130	targets_on_fp_color_change	staircase	12	red	left	aware	1	0
522.811	0.000	trigger_201	201	522811	Trigger-In:201	130	trial_end_completed	staircase	12	red	left	aware	1	0
523.901	0.000	trigger_101	101	523901	Trigger-In:101	131	trial_start	salient	0	green	left	unaware	1	0
524.006	0.000	trigger_11	11	524006	Trigger-In:11	131	fixation_point_on	salient	0	green	left	unaware	1	0
524.636	0.000	trigger_21	21	524636	Trigger-In:21	131	grating_on	salient	0	green	left	unaware	1	0
524.696	0.000	trigger_20	20	524696	Trigger-In:20	131	grating_off	salient	0	green	left	unaware	1	0
525.336	0.000	trigger_31	31	525336	Trigger-In:31	131	targets_on_fp_color_change	salient	0	green	left	unaware	1	0
526.451	0.000	trigger_201	201	526451	Trigger-In:201	131	trial_end_completed	salient	0	green	left	unaware	1	0
527.546	0.000	trigger_101	101	527546	Trigger-In:101	132	trial_start	staircase	11	green	right	aware	1	0
527.651	0.000	trigger_11	11	527651	Trigger-In:11	132	fixation_point_on	staircase	11	green	right	aware	1	0
528.286	0.000	trigger_21	21	528286	Trigger-In:21	132	grating_on	staircase	11	green	right	aware	1	0
528.346	0.000	trigger_20	20	528346	Trigger-In:20	132	grating_off	staircase	11	green	right	aware	1	0
528.981	0.000	trigger_31	31	528981	Trigger-In:31	132	targets_on_fp_color_change	staircase	11	green	right	aware	1	0
530.011	0.000	trigger_201	201	530011	Trigger-In:201	132	trial_end_completed	staircase	11	green	right	aware	1	0
531.106	0.000	trigger_101	101	531106	Trigger-In:101	133	trial_start	staircase	10	green	right	aware	1	0
531.211	0.000	trigger_11	11	531211	Trigger-In:11	133	fixation_point_on	staircase	10	green	right	aware	1	0
531.846	0.000	trigger_21	21	531846	Trigger-In:21	133	grating_on	staircase	10	green	right	aware	1	0
531.906	0.000	trigger_20	20	531906	Trigger-In:20	133	grating_off	staircase	10	green	right	aware	1	0
532.536	0.000	trigger_31	31	532536	Trigger-In:31	133	targets_on_fp_color_change	staircase	10	green	right	aware	1	0
533.341	0.000	trigger_201	201	533341	Trigger-In:201	133	trial_end_completed	staircase	10	green	right	aware	1	0
534.436	0.000	trigger_101	101	534436	Trigger-In:101	134	trial_start	staircase	9	green	left	unaware	1	0
534.546	0.000	trigger_11	11	534546	Trigger-In:11	134	fixation_point_on	staircase	9	green	left	unaware	1	0
535.181	0.000	trigger_21	21	535181	Trigger-In:21	134	grating_on	staircase	9	green	left	unaware	1	0
535.241	0.000	trigger_20	20	535241	Trigger-In:20	134	grating_off	staircase	9	green	left	unaware	1	0
535.876	0.000	trigger_31	31	535876	Trigger-In:31	134	targets_on_fp_color_change	staircase	9	green	left	unaware	1	0
536.841	0.000	trigger_201	201	536841	Trigger-In:201	134	trial_end_completed	staircase	9	green	left	unaware	1	0
537.941	0.000	trigger_101	101	537941	Trigger-In:101	135	trial_start	staircase	10	red	right	unaware	1	0
538.041	0.000	trigger_11	11	538041	Trigger-In:11	135	fixation_point_on	staircase	10	red	right	unaware	1	0
538.666	0.000	trigger_21	21	538666	Trigger-In:21	135	grating_on	staircase	10	red	right	unaware	1	0
538.721	0.000	trigger_20	20	538721	Trigger-In:20	135	grating_off	staircase	10	red	right	unaware	1	0
539.346	0.000	trigger_31	31	539346	Trigger-In:31	135	targets_on_fp_color_change	staircase	10	red	right	unaware	1	0
540.891	0.000	trigger_201	201	540891	Trigger-In:201	135	trial_end_completed	staircase	10	red	right	unaware	1	0
541.986	0.000	trigger_101	101	541986	Trigger-In:101	136	trial_start	salient	0	green	left	unaware	1	0
542.086	0.000	trigger_11	11	542086	Trigger-In:11	136	fixation_point_on	salient	0	green	left	unaware	1	0
542.711	0.000	trigger_21	21	542711	Trigger-In:21	136	grating_on	salient	0	green	left	unaware	1	0
542.771	0.000	trigger_20	20	542771	Trigger-In:20	136	grating_off	salient	0	green	left	unaware	1	0
543.406	0.000	trigger_31	31	543406	Trigger-In:31	136	targets_on_fp_color_change	salient	0	green	left	unaware	1	0
544.476	0.000	trigger_201	201	544476	Trigger-In:201	136	trial_end_completed	salient	0	green	left	unaware	1	0
545.571	0.000	trigger_101	101	545571	Trigger-In:101	137	trial_start	salient	0	red	right	unaware	1	0
545.676	0.000	trigger_11	11	545676	Trigger-In:11	137	fixation_point_on	salient	0	red	right	unaware	1	0
546.296	0.000	trigger_21	21	546296	Trigger-In:21	137	grating_on	salient	0	red	right	unaware	1	0
546.351	0.000	trigger_20	20	546351	Trigger-In:20	137	grating_off	salient	0	red	right	unaware	1	0
546.981	0.000	trigger_31	31	546981	Trigger-In:31	137	targets_on_fp_color_change	salient	0	red	right	unaware	1	0
548.036	0.000	trigger_201	201	548036	Trigger-In:201	137	trial_end_completed	salient	0	red	right	unaware	1	0
549.126	0.000	trigger_101	101	549126	Trigger-In:101	138	trial_start	absent	70	green	right	aware	1	0
549.231	0.000	trigger_11	11	549231	Trigger-In:11	138	fixation_point_on	absent	70	green	right	aware	1	0
549.856	0.000	trigger_21	21	549856	Trigger-In:21	138	grating_on	absent	70	green	right	aware	1	0
549.911	0.000	trigger_20	20	549911	Trigger-In:20	138	grating_off	absent	70	green	right	aware	1	0
550.546	0.000	trigger_31	31	550546	Trigger-In:31	138	targets_on_fp_color_change	absent	70	green	right	aware	1	0
551.606	0.000	trigger_201	201	551606	Trigger-In:201	138	trial_end_completed	absent	70	green	right	aware	1	0
552.701	0.000	trigger_101	101	552701	Trigger-In:101	139	trial_start	absent	70	red	left	aware	1	0
552.811	0.000	trigger_11	11	552811	Trigger-In:11	139	fixation_point_on	absent	70	red	left	aware	1	0
553.446	0.000	trigger_21	21	553446	Trigger-In:21	139	grating_on	absent	70	red	left	aware	1	0
553.501	0.000	trigger_20	20	553501	Trigger-In:20	139	grating_off	absent	70	red	left	aware	1	0
554.131	0.000	trigger_31	31	554131	Trigger-In:31	139	targets_on_fp_color_change	absent	70	red	left	aware	1	0
554.861	0.000	trigger_201	201	554861	Trigger-In:201	139	trial_end_completed	absent	70	red	left	aware	1	0
555.956	0.000	trigger_101	101	555956	Trigger-In:101	140	trial_start	staircase	11	green	right	aware	1	0
556.061	0.000	trigger_11	11	556061	Trigger-In:11	140	fixation_point_on	staircase	11	green	right	aware	1	0
556.691	0.000	trigger_21	21	556691	Trigger-In:21	140	grating_on	staircase	11	green	right	aware	1	0
556.746	0.000	trigger_20	20	556746	Trigger-In:20	140	grating_off	staircase	11	green	right	aware	1	0
557.376	0.000	trigger_31	31	557376	Trigger-In:31	140	targets_on_fp_color_change	staircase	11	green	right	aware	1	0
558.266	0.000	trigger_201	201	558266	Trigger-In:201	140	trial_end_completed	staircase	11	green	right	aware	1	0
559.356	0.000	trigger_101	101	559356	Trigger-In:101	141	trial_start	staircase	10	green	left	unaware	1	0
559.466	0.000	trigger_11	11	559466	Trigger-In:11	141	fixation_point_on	staircase	10	green	left	unaware	1	0
560.091	0.000	trigger_21	21	560091	Trigger-In:21	141	grating_on	staircase	10	green	left	unaware	1	0
560.151	0.000	trigger_20	20	560151	Trigger-In:20	141	grating_off	staircase	10	green	left	unaware	1	0
560.781	0.000	trigger_31	31	560781	Trigger-In:31	141	targets_on_fp_color_change	staircase	10	green	left	unaware	1	0
562.421	0.000	trigger_201	201	562421	Trigger-In:201	141	trial_end_completed	staircase	10	green	left	unaware	1	0
563.526	0.000	trigger_101	101	563526	Trigger-In:101	142	trial_start	salient	0	green	left	unaware	1	0
563.631	0.000	trigger_11	11	563631	Trigger-In:11	142	fixation_point_on	salient	0	green	left	unaware	1	0
564.261	0.000	trigger_21	21	564261	Trigger-In:21	142	grating_on	salient	0	green	left	unaware	1	0
564.316	0.000	trigger_20	20	564316	Trigger-In:20	142	grating_off	salient	0	green	left	unaware	1	0
564.951	0.000	trigger_31	31	564951	Trigger-In:31	142	targets_on_fp_color_change	salient	0	green	left	unaware	1	0
565.801	0.000	trigger_201	201	565801	Trigger-In:201	142	trial_end_completed	salient	0	green	left	unaware	1	0
566.891	0.000	trigger_101	101	566891	Trigger-In:101	143	trial_start	staircase	11	green	left	unaware	1	0
566.996	0.000	trigger_11	11	566996	Trigger-In:11	143	fixation_point_on	staircase	11	green	left	unaware	1	0
567.626	0.000	trigger_21	21	567626	Trigger-In:21	143	grating_on	staircase	11	green	left	unaware	1	0
567.686	0.000	trigger_20	20	567686	Trigger-In:20	143	grating_off	staircase	11	green	left	unaware	1	0
568.316	0.000	trigger_31	31	568316	Trigger-In:31	143	targets_on_fp_color_change	staircase	11	green	left	unaware	1	0
569.176	0.000	trigger_201	201	569176	Trigger-In:201	143	trial_end_completed	staircase	11	green	left	unaware	1	0
570.271	0.000	trigger_101	101	570271	Trigger-In:101	144	trial_start	staircase	12	green	right	aware	1	0
570.371	0.000	trigger_11	11	570371	Trigger-In:11	144	fixation_point_on	staircase	12	green	right	aware	1	0
571.016	0.000	trigger_21	21	571016	Trigger-In:21	144	grating_on	staircase	12	green	right	aware	1	0
571.071	0.000	trigger_20	20	571071	Trigger-In:20	144	grating_off	staircase	12	green	right	aware	1	0
571.706	0.000	trigger_31	31	571706	Trigger-In:31	144	targets_on_fp_color_change	staircase	12	green	right	aware	1	0
572.736	0.000	trigger_201	201	572736	Trigger-In:201	144	trial_end_completed	staircase	12	green	right	aware	1	0
573.836	0.000	trigger_101	101	573836	Trigger-In:101	145	trial_start	staircase	11	red	left	aware	1	0
573.941	0.000	trigger_11	11	573941	Trigger-In:11	145	fixation_point_on	staircase	11	red	left	aware	1	0
574.571	0.000	trigger_21	21	574571	Trigger-In:21	145	grating_on	staircase	11	red	left	aware	1	0
574.626	0.000	trigger_20	20	574626	Trigger-In:20	145	grating_off	staircase	11	red	left	aware	1	0
575.261	0.000	trigger_31	31	575261	Trigger-In:31	145	targets_on_fp_color_change	staircase	11	red	left	aware	1	0
576.446	0.000	trigger_201	201	576446	Trigger-In:201	145	trial_end_completed	staircase	11	red	left	aware	1	0
577.536	0.000	trigger_101	101	577536	Trigger-In:101	146	trial_start	staircase	10	green	left	unaware	1	0
577.646	0.000	trigger_11	11	577646	Trigger-In:11	146	fixation_point_on	staircase	10	green	left	unaware	1	0
578.266	0.000	trigger_21	21	578266	Trigger-In:21	146	grating_on	staircase	10	green	left	unaware	1	0
578.326	0.000	trigger_20	20	578326	Trigger-In:20	146	grating_off	staircase	10	green	left	unaware	1	0
578.956	0.000	trigger_31	31	578956	Trigger-In:31	146	targets_on_fp_color_change	staircase	10	green	left	unaware	1	0
579.981	0.000	trigger_201	201	579981	Trigger-In:201	146	trial_end_completed	staircase	10	green	left	unaware	1	0
581.076	0.000	trigger_101	101	581076	Trigger-In:101	147	trial_start	staircase	11	green	left	unaware	1	0
581.181	0.000	trigger_11	11	581181	Trigger-In:11	147	fixation_point_on	staircase	11	green	left	unaware	1	0
581.806	0.000	trigger_21	21	581806	Trigger-In:21	147	grating_on	staircase	11	green	left	unaware	1	0
581.866	0.000	trigger_20	20	581866	Trigger-In:20	147	grating_off	staircase	11	green	left	unaware	1	0
582.496	0.000	trigger_31	31	582496	Trigger-In:31	147	targets_on_fp_color_change	staircase	11	green	left	unaware	1	0
583.356	0.000	trigger_201	201	583356	Trigger-In:201	147	trial_end_completed	staircase	11	green	left	unaware	1	0
584.456	0.000	trigger_101	101	584456	Trigger-In:101	148	trial_start	staircase	12	green	left	unaware	1	0
584.566	0.000	trigger_11	11	584566	Trigger-In:11	148	fixation_point_on	staircase	12	green	left	unaware	1	0
585.196	0.000	trigger_21	21	585196	Trigger-In:21	148	grating_on	staircase	12	green	left	unaware	1	0
585.251	0.000	trigger_20	20	585251	Trigger-In:20	148	grating_off	staircase	12	green	left	unaware	1	0
585.881	0.000	trigger_31	31	585881	Trigger-In:31	148	targets_on_fp_color_change	staircase	12	green	left	unaware	1	0
586.711	0.000	trigger_201	201	586711	Trigger-In:201	148	trial_end_completed	staircase	12	green	left	unaware	1	0
587.806	0.000	trigger_101	101	587806	Trigger-In:101	149	trial_start	staircase	13	red	left	aware	1	0
587.911	0.000	trigger_11	11	587911	Trigger-In:11	149	fixation_point_on	staircase	13	red	left	aware	1	0
588.551	0.000	trigger_21	21	588551	Trigger-In:21	149	grating_on	staircase	13	red	left	aware	1	0
588.606	0.000	trigger_20	20	588606	Trigger-In:20	149	grating_off	staircase	13	red	left	aware	1	0
589.241	0.000	trigger_31	31	589241	Trigger-In:31	149	targets_on_fp_color_change	staircase	13	red	left	aware	1	0
590.541	0.000	trigger_201	201	590541	Trigger-In:201	149	trial_end_completed	staircase	13	red	left	aware	1	0
591.636	0.000	trigger_101	101	591636	Trigger-In:101	150	trial_start	staircase	12	red	left	aware	1	0
591.741	0.000	trigger_11	11	591741	Trigger-In:11	150	fixation_point_on	staircase	12	red	left	aware	1	0
592.371	0.000	trigger_21	21	592371	Trigger-In:21	150	grating_on	staircase	12	red	left	aware	1	0
592.431	0.000	trigger_20	20	592431	Trigger-In:20	150	grating_off	staircase	12	red	left	aware	1	0
593.066	0.000	trigger_31	31	593066	Trigger-In:31	150	targets_on_fp_color_change	staircase	12	red	left	aware	1	0
593.851	0.000	trigger_201	201	593851	Trigger-In:201	150	trial_end_completed	staircase	12	red	left	aware	1	0
594.946	0.000	trigger_101	101	594946	Trigger-In:101	151	trial_start	staircase	11	green	right	aware	1	0
595.051	0.000	trigger_11	11	595051	Trigger-In:11	151	fixation_point_on	staircase	11	green	right	aware	1	0
595.676	0.000	trigger_21	21	595676	Trigger-In:21	151	grating_on	staircase	11	green	right	aware	1	0
595.731	0.000	trigger_20	20	595731	Trigger-In:20	151	grating_off	staircase	11	green	right	aware	1	0
596.366	0.000	trigger_31	31	596366	Trigger-In:31	151	targets_on_fp_color_change	staircase	11	green	right	aware	1	0
597.271	0.000	trigger_201	201	597271	Trigger-In:201	151	trial_end_completed	staircase	11	green	right	aware	1	0
598.366	0.000	trigger_101	101	598366	Trigger-In:101	152	trial_start	salient	0	green	left	unaware	1	0
598.471	0.000	trigger_11	11	598471	Trigger-In:11	152	fixation_point_on	salient	0	green	left	unaware	1	0
599.096	0.000	trigger_21	21	599096	Trigger-In:21	152	grating_on	salient	0	green	left	unaware	1	0
599.151	0.000	trigger_20	20	599151	Trigger-In:20	152	grating_off	salient	0	green	left	unaware	1	0
599.786	0.000	trigger_31	31	599786	Trigger-In:31	152	targets_on_fp_color_change	salient	0	green	left	unaware	1	0
600.836	0.000	trigger_201	201	600836	Trigger-In:201	152	trial_end_completed	salient	0	green	left	unaware	1	0
601.926	0.000	trigger_101	101	601926	Trigger-In:101	153	trial_start	staircase	10	red	right	unaware	1	0
602.041	0.000	trigger_11	11	602041	Trigger-In:11	153	fixation_point_on	staircase	10	red	right	unaware	1	0
602.671	0.000	trigger_21	21	602671	Trigger-In:21	153	grating_on	staircase	10	red	right	unaware	1	0
602.726	0.000	trigger_20	20	602726	Trigger-In:20	153	grating_off	staircase	10	red	right	unaware	1	0
603.361	0.000	trigger_31	31	603361	Trigger-In:31	153	targets_on_fp_color_change	staircase	10	red	right	unaware	1	0
604.791	0.000	trigger_201	201	604791	Trigger-In:201	153	trial_end_completed	staircase	10	red	right	unaware	1	0
605.886	0.000	trigger_101	101	605886	Trigger-In:101	154	trial_start	salient	0	red	right	unaware	1	0
605.991	0.000	trigger_11	11	605991	Trigger-In:11	154	fixation_point_on	salient	0	red	right	unaware	1	0
606.621	0.000	trigger_21	21	606621	Trigger-In:21	154	grating_on	salient	0	red	right	unaware	1	0
606.676	0.000	trigger_20	20	606676	Trigger-In:20	154	grating_off	salient	0	red	right	unaware	1	0
607.306	0.000	trigger_31	31	607306	Trigger-In:31	154	targets_on_fp_color_change	salient	0	red	right	unaware	1	0
608.411	0.000	trigger_201	201	608411	Trigger-In:201	154	trial_end_completed	salient	0	red	right	unaware	1	0
609.506	0.000	trigger_101	101	609506	Trigger-In:101	155	trial_start	staircase	11	red	right	unaware	1	0
609.611	0.000	trigger_11	11	609611	Trigger-In:11	155	fixation_point_on	staircase	11	red	right	unaware	1	0
610.246	0.000	trigger_21	21	610246	Trigger-In:21	155	grating_on	staircase	11	red	right	unaware	1	0
610.301	0.000	trigger_20	20	610301	Trigger-In:20	155	grating_off	staircase	11	red	right	unaware	1	0
610.936	0.000	trigger_31	31	610936	Trigger-In:31	155	targets_on_fp_color_change	staircase	11	red	right	unaware	1	0
611.971	0.000	trigger_201	201	611971	Trigger-In:201	155	trial_end_completed	staircase	11	red	right	unaware	1	0
613.071	0.000	trigger_101	101	613071	Trigger-In:101	156	trial_start	salient	0	red	right	unaware	1	0
613.176	0.000	trigger_11	11	613176	Trigger-In:11	156	fixation_point_on	salient	0	red	right	unaware	1	0
613.806	0.000	trigger_21	21	613806	Trigger-In:21	156	grating_on	salient	0	red	right	unaware	1	0
613.861	0.000	trigger_20	20	613861	Trigger-In:20	156	grating_off	salient	0	red	right	unaware	1	0
614.501	0.000	trigger_31	31	614501	Trigger-In:31	156	targets_on_fp_color_change	salient	0	red	right	unaware	1	0
615.641	0.000	trigger_201	201	615641	Trigger-In:201	156	trial_end_completed	salient	0	red	right	unaware	1	0
616.736	0.000	trigger_101	101	616736	Trigger-In:101	157	trial_start	staircase	12	green	right	aware	1	0
616.841	0.000	trigger_11	11	616841	Trigger-In:11	157	fixation_point_on	staircase	12	green	right	aware	1	0
617.471	0.000	trigger_21	21	617471	Trigger-In:21	157	grating_on	staircase	12	green	right	aware	1	0
617.526	0.000	trigger_20	20	617526	Trigger-In:20	157	grating_off	staircase	12	green	right	aware	1	0
618.156	0.000	trigger_31	31	618156	Trigger-In:31	157	targets_on_fp_color_change	staircase	12	green	right	aware	1	0
619.251	0.000	trigger_201	201	619251	Trigger-In:201	157	trial_end_completed	staircase	12	green	right	aware	1	0
620.341	0.000	trigger_101	101	620341	Trigger-In:101	158	trial_start	staircase	11	red	left	aware	1	0
620.441	0.000	trigger_11	11	620441	Trigger-In:11	158	fixation_point_on	staircase	11	red	left	aware	1	0
621.071	0.000	trigger_21	21	621071	Trigger-In:21	158	grating_on	staircase	11	red	left	aware	1	0
621.131	0.000	trigger_20	20	621131	Trigger-In:20	158	grating_off	staircase	11	red	left	aware	1	0
621.771	0.000	trigger_31	31	621771	Trigger-In:31	158	targets_on_fp_color_change	staircase	11	red	left	aware	1	0
622.601	0.000	trigger_201	201	622601	Trigger-In:201	158	trial_end_completed	staircase	11	red	left	aware	1	0
623.696	0.000	trigger_101	101	623696	Trigger-In:101	159	trial_start	staircase	10	green	right	aware	1	0
623.801	0.000	trigger_11	11	623801	Trigger-In:11	159	fixation_point_on	staircase	10	green	right	aware	1	0
624.436	0.000	trigger_21	21	624436	Trigger-In:21	159	grating_on	staircase	10	green	right	aware	1	0
624.491	0.000	trigger_20	20	624491	Trigger-In:20	159	grating_off	staircase	10	green	right	aware	1	0
625.126	0.000	trigger_31	31	625126	Trigger-In:31	159	targets_on_fp_color_change	staircase	10	green	right	aware	1	0
625.911	0.000	trigger_201	201	625911	Trigger-In:201	159	trial_end_completed	staircase	10	green	right	aware	1	0
627.006	0.000	trigger_101	101	627006	Trigger-In:101	160	trial_start	staircase	9	red	left	aware	1	0
627.111	0.000	trigger_11	11	627111	Trigger-In:11	160	fixation_point_on	staircase	9	red	left	aware	1	0
627.736	0.000	trigger_21	21	627736	Trigger-In:21	160	grating_on	staircase	9	red	left	aware	1	0
627.796	0.000	trigger_20	20	627796	Trigger-In:20	160	grating_off	staircase	9	red	left	aware	1	0
628.431	0.000	trigger_31	31	628431	Trigger-In:31	160	targets_on_fp_color_change	staircase	9	red	left	aware	1	0
629.141	0.000	trigger_201	201	629141	Trigger-In:201	160	trial_end_completed	staircase	9	red	left	aware	1	0
630.231	0.000	trigger_101	101	630231	Trigger-In:101	161	trial_start	staircase	8	green	right	aware	1	0
630.331	0.000	trigger_11	11	630331	Trigger-In:11	161	fixation_point_on	staircase	8	green	right	aware	1	0
630.961	0.000	trigger_21	21	630961	Trigger-In:21	161	grating_on	staircase	8	green	right	aware	1	0
631.016	0.000	trigger_20	20	631016	Trigger-In:20	161	grating_off	staircase	8	green	right	aware	1	0
631.641	0.000	trigger_31	31	631641	Trigger-In:31	161	targets_on_fp_color_change	staircase	8	green	right	aware	1	0
632.796	0.000	trigger_201	201	632796	Trigger-In:201	161	trial_end_completed	staircase	8	green	right	aware	1	0
633.886	0.000	trigger_101	101	633886	Trigger-In:101	162	trial_start	staircase	7	green	left	unaware	1	0
633.991	0.000	trigger_11	11	633991	Trigger-In:11	162	fixation_point_on	staircase	7	green	left	unaware	1	0
634.616	0.000	trigger_21	21	634616	Trigger-In:21	162	grating_on	staircase	7	green	left	unaware	1	0
634.671	0.000	trigger_20	20	634671	Trigger-In:20	162	grating_off	staircase	7	green	left	unaware	1	0
635.296	0.000	trigger_31	31	635296	Trigger-In:31	162	targets_on_fp_color_change	staircase	7	green	left	unaware	1	0
636.106	0.000	trigger_201	201	636106	Trigger-In:201	162	trial_end_completed	staircase	7	green	left	unaware	1	0
637.196	0.000	trigger_101	101	637196	Trigger-In:101	163	trial_start	salient	0	green	left	unaware	1	0
637.301	0.000	trigger_11	11	637301	Trigger-In:11	163	fixation_point_on	salient	0	green	left	unaware	1	0
637.926	0.000	trigger_21	21	637926	Trigger-In:21	163	grating_on	salient	0	green	left	unaware	1	0
637.981	0.000	trigger_20	20	637981	Trigger-In:20	163	grating_off	salient	0	green	left	unaware	1	0
638.606	0.000	trigger_31	31	638606	Trigger-In:31	163	targets_on_fp_color_change	salient	0	green	left	unaware	1	0
639.521	0.000	trigger_201	201	639521	Trigger-In:201	163	trial_end_completed	salient	0	green	left	unaware	1	0
640.616	0.000	trigger_101	101	640616	Trigger-In:101	164	trial_start	staircase	8	green	left	unaware	1	0
640.721	0.000	trigger_11	11	640721	Trigger-In:11	164	fixation_point_on	staircase	8	green	left	unaware	1	0
641.356	0.000	trigger_21	21	641356	Trigger-In:21	164	grating_on	staircase	8	green	left	unaware	1	0
641.411	0.000	trigger_20	20	641411	Trigger-In:20	164	grating_off	staircase	8	green	left	unaware	1	0
642.036	0.000	trigger_31	31	642036	Trigger-In:31	164	targets_on_fp_color_change	staircase	8	green	left	unaware	1	0
642.971	0.000	trigger_201	201	642971	Trigger-In:201	164	trial_end_completed	staircase	8	green	left	unaware	1	0
644.066	0.000	trigger_101	101	644066	Trigger-In:101	165	trial_start	staircase	9	red	right	unaware	1	0
644.171	0.000	trigger_11	11	644171	Trigger-In:11	165	fixation_point_on	staircase	9	red	right	unaware	1	0
644.801	0.000	trigger_21	21	644801	Trigger-In:21	165	grating_on	staircase	9	red	right	unaware	1	0
644.856	0.000	trigger_20	20	644856	Trigger-In:20	165	grating_off	staircase	9	red	right	unaware	1	0
645.486	0.000	trigger_31	31	645486	Trigger-In:31	165	targets_on_fp_color_change	staircase	9	red	right	unaware	1	0
646.486	0.000	trigger_201	201	646486	Trigger-In:201	165	trial_end_completed	staircase	9	red	right	unaware	1	0
647.576	0.000	trigger_101	101	647576	Trigger-In:101	166	trial_start	staircase	10	green	left	unaware	1	0
647.681	0.000	trigger_11	11	647681	Trigger-In:11	166	fixation_point_on	staircase	10	green	left	unaware	1	0
648.311	0.000	trigger_21	21	648311	Trigger-In:21	166	grating_on	staircase	10	green	left	unaware	1	0
648.366	0.000	trigger_20	20	648366	Trigger-In:20	166	grating_off	staircase	10	green	left	unaware	1	0
649.001	0.000	trigger_31	31	649001	Trigger-In:31	166	targets_on_fp_color_change	staircase	10	green	left	unaware	1	0
650.161	0.000	trigger_201	201	650161	Trigger-In:201	166	trial_end_completed	staircase	10	green	left	unaware	1	0
651.256	0.000	trigger_101	101	651256	Trigger-In:101	167	trial_start	staircase	11	red	right	unaware	1	0
651.366	0.000	trigger_11	11	651366	Trigger-In:11	167	fixation_point_on	staircase	11	red	right	unaware	1	0
651.991	0.000	trigger_21	21	651991	Trigger-In:21	167	grating_on	staircase	11	red	right	unaware	1	0
652.041	0.000	trigger_20	20	652041	Trigger-In:20	167	grating_off	staircase	11	red	right	unaware	1	0
652.671	0.000	trigger_31	31	652671	Trigger-In:31	167	targets_on_fp_color_change	staircase	11	red	right	unaware	1	0
653.606	0.000	trigger_201	201	653606	Trigger-In:201	167	trial_end_completed	staircase	11	red	right	unaware	1	0
654.701	0.000	trigger_101	101	654701	Trigger-In:101	168	trial_start	staircase	12	green	right	aware	1	0
654.806	0.000	trigger_11	11	654806	Trigger-In:11	168	fixation_point_on	staircase	12	green	right	aware	1	0
655.431	0.000	trigger_21	21	655431	Trigger-In:21	168	grating_on	staircase	12	green	right	aware	1	0
655.491	0.000	trigger_20	20	655491	Trigger-In:20	168	grating_off	staircase	12	green	right	aware	1	0
656.126	0.000	trigger_31	31	656126	Trigger-In:31	168	targets_on_fp_color_change	staircase	12	green	right	aware	1	0
656.921	0.000	trigger_201	201	656921	Trigger-In:201	168	trial_end_completed	staircase	12	green	right	aware	1	0
658.021	0.000	trigger_101	101	658021	Trigger-In:101	169	trial_start	absent	70	red	left	aware	1	0
658.126	0.000	trigger_11	11	658126	Trigger-In:11	169	fixation_point_on	absent	70	red	left	aware	1	0
658.756	0.000	trigger_21	21	658756	Trigger-In:21	169	grating_on	absent	70	red	left	aware	1	0
658.811	0.000	trigger_20	20	658811	Trigger-In:20	169	grating_off	absent	70	red	left	aware	1	0
659.441	0.000	trigger_31	31	659441	Trigger-In:31	169	targets_on_fp_color_change	absent	70	red	left	aware	1	0
660.141	0.000	trigger_201	201	660141	Trigger-In:201	169	trial_end_completed	absent	70	red	left	aware	1	0
661.231	0.000	trigger_101	101	661231	Trigger-In:101	170	trial_start	staircase	11	red	left	aware	1	0
661.356	0.000	trigger_11	11	661356	Trigger-In:11	170	fixation_point_on	staircase	11	red	left	aware	1	0
661.986	0.000	trigger_21	21	661986	Trigger-In:21	170	grating_on	staircase	11	red	left	aware	1	0
662.041	0.000	trigger_20	20	662041	Trigger-In:20	170	grating_off	staircase	11	red	left	aware	1	0
662.676	0.000	trigger_31	31	662676	Trigger-In:31	170	targets_on_fp_color_change	staircase	11	red	left	aware	1	0
663.391	0.000	trigger_201	201	663391	Trigger-In:201	170	trial_end_completed	staircase	11	red	left	aware	1	0
664.486	0.000	trigger_101	101	664486	Trigger-In:101	171	trial_start	staircase	10	red	left	aware	1	0
664.591	0.000	trigger_11	11	664591	Trigger-In:11	171	fixation_point_on	staircase	10	red	left	aware	1	0
665.211	0.000	trigger_21	21	665211	Trigger-In:21	171	grating_on	staircase	10	red	left	aware	1	0
665.271	0.000	trigger_20	20	665271	Trigger-In:20	171	grating_off	staircase	10	red	left	aware	1	0
665.896	0.000	trigger_31	31	665896	Trigger-In:31	171	targets_on_fp_color_change	staircase	10	red	left	aware	1	0
666.766	0.000	trigger_201	201	666766	Trigger-In:201	171	trial_end_completed	staircase	10	red	left	aware	1	0
667.861	0.000	trigger_101	101	667861	Trigger-In:101	172	trial_start	staircase	9	red	left	aware	1	0
667.966	0.000	trigger_11	11	667966	Trigger-In:11	172	fixation_point_on	staircase	9	red	left	aware	1	0
668.596	0.000	trigger_21	21	668596	Trigger-In:21	172	grating_on	staircase	9	red	left	aware	1	0
668.656	0.000	trigger_20	20	668656	Trigger-In:20	172	grating_off	staircase	9	red	left	aware	1	0
669.291	0.000	trigger_31	31	669291	Trigger-In:31	172	targets_on_fp_color_change	staircase	9	red	left	aware	1	0
670.061	0.000	trigger_201	201	670061	Trigger-In:201	172	trial_end_completed	staircase	9	red	left	aware	1	0
671.161	0.000	trigger_101	101	671161	Trigger-In:101	173	trial_start	staircase	8	green	left	unaware	1	0
671.506	0.000	trigger_11	11	671506	Trigger-In:11	173	fixation_point_on	staircase	8	green	left	unaware	1	0
672.131	0.000	trigger_21	21	672131	Trigger-In:21	173	grating_on	staircase	8	green	left	unaware	1	0
672.186	0.000	trigger_20	20	672186	Trigger-In:20	173	grating_off	staircase	8	green	left	unaware	1	0
672.816	0.000	trigger_31	31	672816	Trigger-In:31	173	targets_on_fp_color_change	staircase	8	green	left	unaware	1	0
674.286	0.000	trigger_201	201	674286	Trigger-In:201	173	trial_end_completed	staircase	8	green	left	unaware	1	0
675.381	0.000	trigger_101	101	675381	Trigger-In:101	174	trial_start	staircase	9	green	left	unaware	1	0
675.486	0.000	trigger_11	11	675486	Trigger-In:11	174	fixation_point_on	staircase	9	green	left	unaware	1	0
676.121	0.000	trigger_21	21	676121	Trigger-In:21	174	grating_on	staircase	9	green	left	unaware	1	0
676.176	0.000	trigger_20	20	676176	Trigger-In:20	174	grating_off	staircase	9	green	left	unaware	1	0
676.806	0.000	trigger_31	31	676806	Trigger-In:31	174	targets_on_fp_color_change	staircase	9	green	left	unaware	1	0
677.596	0.000	trigger_201	201	677596	Trigger-In:201	174	trial_end_completed	staircase	9	green	left	unaware	1	0
678.691	0.000	trigger_101	101	678691	Trigger-In:101	175	trial_start	absent	70	red	left	aware	1	0
678.801	0.000	trigger_11	11	678801	Trigger-In:11	175	fixation_point_on	absent	70	red	left	aware	1	0
679.426	0.000	trigger_21	21	679426	Trigger-In:21	175	grating_on	absent	70	red	left	aware	1	0
679.481	0.000	trigger_20	20	679481	Trigger-In:20	175	grating_off	absent	70	red	left	aware	1	0
680.106	0.000	trigger_31	31	680106	Trigger-In:31	175	targets_on_fp_color_change	absent	70	red	left	aware	1	0
680.971	0.000	trigger_201	201	680971	Trigger-In:201	175	trial_end_completed	absent	70	red	left	aware	1	0
682.066	0.000	trigger_101	101	682066	Trigger-In:101	176	trial_start	salient	0	red	left	aware	1	0
682.171	0.000	trigger_11	11	682171	Trigger-In:11	176	fixation_point_on	salient	0	red	left	aware	1	0
682.796	0.000	trigger_21	21	682796	Trigger-In:21	176	grating_on	salient	0	red	left	aware	1	0
682.856	0.000	trigger_20	20	682856	Trigger-In:20	176	grating_off	salient	0	red	left	aware	1	0
683.486	0.000	trigger_31	31	683486	Trigger-In:31	176	targets_on_fp_color_change	salient	0	red	left	aware	1	0
684.331	0.000	trigger_201	201	684331	Trigger-In:201	176	trial_end_completed	salient	0	red	left	aware	1	0
685.701	0.000	trigger_101	101	685701	Trigger-In:101	177	trial_start	staircase	10	green	left	unaware	1	0
685.801	0.000	trigger_11	11	685801	Trigger-In:11	177	fixation_point_on	staircase	10	green	left	unaware	1	0
686.426	0.000	trigger_21	21	686426	Trigger-In:21	177	grating_on	staircase	10	green	left	unaware	1	0
686.481	0.000	trigger_20	20	686481	Trigger-In:20	177	grating_off	staircase	10	green	left	unaware	1	0
687.111	0.000	trigger_31	31	687111	Trigger-In:31	177	targets_on_fp_color_change	staircase	10	green	left	unaware	1	0
688.011	0.000	trigger_201	201	688011	Trigger-In:201	177	trial_end_completed	staircase	10	green	left	unaware	1	0
689.106	0.000	trigger_101	101	689106	Trigger-In:101	178	trial_start	staircase	11	green	left	unaware	1	0
689.211	0.000	trigger_11	11	689211	Trigger-In:11	178	fixation_point_on	staircase	11	green	left	unaware	1	0
689.836	0.000	trigger_21	21	689836	Trigger-In:21	178	grating_on	staircase	11	green	left	unaware	1	0
689.896	0.000	trigger_20	20	689896	Trigger-In:20	178	grating_off	staircase	11	green	left	unaware	1	0
690.526	0.000	trigger_31	31	690526	Trigger-In:31	178	targets_on_fp_color_change	staircase	11	green	left	unaware	1	0
691.771	0.000	trigger_201	201	691771	Trigger-In:201	178	trial_end_completed	staircase	11	green	left	unaware	1	0
692.866	0.000	trigger_101	101	692866	Trigger-In:101	179	trial_start	staircase	12	green	right	aware	1	0
692.971	0.000	trigger_11	11	692971	Trigger-In:11	179	fixation_point_on	staircase	12	green	right	aware	1	0
693.601	0.000	trigger_21	21	693601	Trigger-In:21	179	grating_on	staircase	12	green	right	aware	1	0
693.656	0.000	trigger_20	20	693656	Trigger-In:20	179	grating_off	staircase	12	green	right	aware	1	0
694.291	0.000	trigger_31	31	694291	Trigger-In:31	179	targets_on_fp_color_change	staircase	12	green	right	aware	1	0
695.036	0.000	trigger_201	201	695036	Trigger-In:201	179	trial_end_completed	staircase	12	green	right	aware	1	0
696.126	0.000	trigger_101	101	696126	Trigger-In:101	180	trial_start	staircase	11	red	left	aware	1	0
696.231	0.000	trigger_11	11	696231	Trigger-In:11	180	fixation_point_on	staircase	11	red	left	aware	1	0
696.866	0.000	trigger_21	21	696866	Trigger-In:21	180	grating_on	staircase	11	red	left	aware	1	0
696.921	0.000	trigger_20	20	696921	Trigger-In:20	180	grating_off	staircase	11	red	left	aware	1	0
697.546	0.000	trigger_31	31	697546	Trigger-In:31	180	targets_on_fp_color_change	staircase	11	red	left	aware	1	0
698.401	0.000	trigger_201	201	698401	Trigger-In:201	180	trial_end_completed	staircase	11	red	left	aware	1	0
