onset	duration	trial_type	value	sample	source_annotation	trial	event_name	stim_presence	contrast	fp_color	response	awareness	trial_complete	fixation_break
124.731	0.000	trigger_101	101	124731	Trigger-In:101	1	trial_start	salient	0	red	right	unaware	1	0
124.736	0.000	trigger_255	255	124736	Trigger-In:255	1	n/a	salient	0	red	right	unaware	1	0
124.846	0.000	trigger_11	11	124846	Trigger-In:11	1	fixation_point_on	salient	0	red	right	unaware	1	0
125.581	0.000	trigger_21	21	125581	Trigger-In:21	1	grating_on	salient	0	red	right	unaware	1	0
125.651	0.000	trigger_20	20	125651	Trigger-In:20	1	grating_off	salient	0	red	right	unaware	1	0
126.356	0.000	trigger_31	31	126356	Trigger-In:31	1	targets_on_fp_color_change	salient	0	red	right	unaware	1	0
128.221	0.000	trigger_201	201	128221	Trigger-In:201	1	trial_end_completed	salient	0	red	right	unaware	1	0
129.666	0.000	trigger_101	101	129666	Trigger-In:101	2	trial_start	staircase	15	red	left	aware	1	0
129.786	0.000	trigger_11	11	129786	Trigger-In:11	2	fixation_point_on	staircase	15	red	left	aware	1	0
130.431	0.000	trigger_21	21	130431	Trigger-In:21	2	grating_on	staircase	15	red	left	aware	1	0
130.501	0.000	trigger_20	20	130501	Trigger-In:20	2	grating_off	staircase	15	red	left	aware	1	0
131.181	0.000	trigger_31	31	131181	Trigger-In:31	2	targets_on_fp_color_change	staircase	15	red	left	aware	1	0
132.331	0.000	trigger_201	201	132331	Trigger-In:201	2	trial_end_completed	staircase	15	red	left	aware	1	0
133.446	0.000	trigger_101	101	133446	Trigger-In:101	3	trial_start	staircase	14	red	left	aware	1	0
133.556	0.000	trigger_11	11	133556	Trigger-In:11	3	fixation_point_on	staircase	14	red	left	aware	1	0
134.201	0.000	trigger_21	21	134201	Trigger-In:21	3	grating_on	staircase	14	red	left	aware	1	0
134.261	0.000	trigger_20	20	134261	Trigger-In:20	3	grating_off	staircase	14	red	left	aware	1	0
134.906	0.000	trigger_31	31	134906	Trigger-In:31	3	targets_on_fp_color_change	staircase	14	red	left	aware	1	0
135.586	0.000	trigger_201	201	135586	Trigger-In:201	3	trial_end_completed	staircase	14	red	left	aware	1	0
136.756	0.000	trigger_101	101	136756	Trigger-In:101	4	trial_start	staircase	13	green	right	aware	1	0
136.866	0.000	trigger_11	11	136866	Trigger-In:11	4	fixation_point_on	staircase	13	green	right	aware	1	0
137.501	0.000	trigger_21	21	137501	Trigger-In:21	4	grating_on	staircase	13	green	right	aware	1	0
137.561	0.000	trigger_20	20	137561	Trigger-In:20	4	grating_off	staircase	13	green	right	aware	1	0
138.226	0.000	trigger_31	31	138226	Trigger-In:31	4	targets_on_fp_color_change	staircase	13	green	right	aware	1	0
138.886	0.000	trigger_201	201	138886	Trigger-In:201	4	trial_end_completed	staircase	13	green	right	aware	1	0
139.986	0.000	trigger_101	101	139986	Trigger-In:101	5	trial_start	staircase	12	green	right	aware	1	0
140.096	0.000	trigger_11	11	140096	Trigger-In:11	5	fixation_point_on	staircase	12	green	right	aware	1	0
140.756	0.000	trigger_21	21	140756	Trigger-In:21	5	grating_on	staircase	12	green	right	aware	1	0
140.836	0.000	trigger_20	20	140836	Trigger-In:20	5	grating_off	staircase	12	green	right	aware	1	0
141.501	0.000	trigger_31	31	141501	Trigger-In:31	5	targets_on_fp_color_change	staircase	12	green	right	aware	1	0
142.161	0.000	trigger_201	201	142161	Trigger-In:201	5	trial_end_completed	staircase	12	green	right	aware	1	0
143.281	0.000	trigger_101	101	143281	Trigger-In:101	6	trial_start	staircase	11	green	right	aware	1	0
143.386	0.000	trigger_11	11	143386	Trigger-In:11	6	fixation_point_on	staircase	11	green	right	aware	1	0
144.071	0.000	trigger_21	21	144071	Trigger-In:21	6	grating_on	staircase	11	green	right	aware	1	0
144.136	0.000	trigger_20	20	144136	Trigger-In:20	6	grating_off	staircase	11	green	right	aware	1	0
144.786	0.000	trigger_31	31	144786	Trigger-In:31	6	targets_on_fp_color_change	staircase	11	green	right	aware	1	0
145.471	0.000	trigger_201	201	145471	Trigger-In:201	6	trial_end_completed	staircase	11	green	right	aware	1	0
146.566	0.000	trigger_101	101	146566	Trigger-In:101	7	trial_start	absent	70	red	left	aware	1	0
146.681	0.000	trigger_11	11	146681	Trigger-In:11	7	fixation_point_on	absent	70	red	left	aware	1	0
147.341	0.000	trigger_21	21	147341	Trigger-In:21	7	grating_on	absent	70	red	left	aware	1	0
147.401	0.000	trigger_20	20	147401	Trigger-In:20	7	grating_off	absent	70	red	left	aware	1	0
148.056	0.000	trigger_31	31	148056	Trigger-In:31	7	targets_on_fp_color_change	absent	70	red	left	aware	1	0
148.716	0.000	trigger_201	201	148716	Trigger-In:201	7	trial_end_completed	absent	70	red	left	aware	1	0
149.811	0.000	trigger_101	101	149811	Trigger-In:101	8	trial_start	staircase	10	green	right	aware	1	0
149.921	0.000	trigger_11	11	149921	Trigger-In:11	8	fixation_point_on	staircase	10	green	right	aware	1	0
150.556	0.000	trigger_21	21	150556	Trigger-In:21	8	grating_on	staircase	10	green	right	aware	1	0
150.616	0.000	trigger_20	20	150616	Trigger-In:20	8	grating_off	staircase	10	green	right	aware	1	0
151.286	0.000	trigger_31	31	151286	Trigger-In:31	8	targets_on_fp_color_change	staircase	10	green	right	aware	1	0
152.031	0.000	trigger_201	201	152031	Trigger-In:201	8	trial_end_completed	staircase	10	green	right	aware	1	0
153.126	0.000	trigger_101	101	153126	Trigger-In:101	9	trial_start	salient	0	red	left	aware	1	0
153.231	0.000	trigger_11	11	153231	Trigger-In:11	9	fixation_point_on	salient	0	red	left	aware	1	0
153.906	0.000	trigger_21	21	153906	Trigger-In:21	9	grating_on	salient	0	red	left	aware	1	0
153.976	0.000	trigger_20	20	153976	Trigger-In:20	9	grating_off	salient	0	red	left	aware	1	0
154.651	0.000	trigger_31	31	154651	Trigger-In:31	9	targets_on_fp_color_change	salient	0	red	left	aware	1	0
155.651	0.000	trigger_201	201	155651	Trigger-In:201	9	trial_end_completed	salient	0	red	left	aware	1	0
157.041	0.000	trigger_101	101	157041	Trigger-In:101	10	trial_start	staircase	9	red	left	aware	1	0
157.151	0.000	trigger_11	11	157151	Trigger-In:11	10	fixation_point_on	staircase	9	red	left	aware	1	0
157.796	0.000	trigger_21	21	157796	Trigger-In:21	10	grating_on	staircase	9	red	left	aware	1	0
157.856	0.000	trigger_20	20	157856	Trigger-In:20	10	grating_off	staircase	9	red	left	aware	1	0
158.531	0.000	trigger_31	31	158531	Trigger-In:31	10	targets_on_fp_color_change	staircase	9	red	left	aware	1	0
160.101	0.000	trigger_201	201	160101	Trigger-In:201	10	trial_end_completed	staircase	9	red	left	aware	1	0
161.191	0.000	trigger_101	101	161191	Trigger-In:101	11	trial_start	staircase	8	red	right	unaware	1	0
161.296	0.000	trigger_11	11	161296	Trigger-In:11	11	fixation_point_on	staircase	8	red	right	unaware	1	0
161.936	0.000	trigger_21	21	161936	Trigger-In:21	11	grating_on	staircase	8	red	right	unaware	1	0
161.991	0.000	trigger_20	20	161991	Trigger-In:20	11	grating_off	staircase	8	red	right	unaware	1	0
162.646	0.000	trigger_31	31	162646	Trigger-In:31	11	targets_on_fp_color_change	staircase	8	red	right	unaware	1	0
163.636	0.000	trigger_201	201	163636	Trigger-In:201	11	trial_end_completed	staircase	8	red	right	unaware	1	0
164.736	0.000	trigger_101	101	164736	Trigger-In:101	12	trial_start	salient	0	red	right	unaware	1	0
164.846	0.000	trigger_11	11	164846	Trigger-In:11	12	fixation_point_on	salient	0	red	right	unaware	1	0
165.496	0.000	trigger_21	21	165496	Trigger-In:21	12	grating_on	salient	0	red	right	unaware	1	0
165.556	0.000	trigger_20	20	165556	Trigger-In:20	12	grating_off	salient	0	red	right	unaware	1	0
166.206	0.000	trigger_31	31	166206	Trigger-In:31	12	targets_on_fp_color_change	salient	0	red	right	unaware	1	0
167.091	0.000	trigger_201	201	167091	Trigger-In:201	12	trial_end_completed	salient	0	red	right	unaware	1	0
168.186	0.000	trigger_101	101	168186	Trigger-In:101	13	trial_start	staircase	9	red	left	aware	1	0
168.291	0.000	trigger_11	11	168291	Trigger-In:11	13	fixation_point_on	staircase	9	red	left	aware	1	0
168.946	0.000	trigger_21	21	168946	Trigger-In:21	13	grating_on	staircase	9	red	left	aware	1	0
169.001	0.000	trigger_20	20	169001	Trigger-In:20	13	grating_off	staircase	9	red	left	aware	1	0
169.641	0.000	trigger_31	31	169641	Trigger-In:31	13	targets_on_fp_color_change	staircase	9	red	left	aware	1	0
170.346	0.000	trigger_201	201	170346	Trigger-In:201	13	trial_end_completed	staircase	9	red	left	aware	1	0
171.441	0.000	trigger_101	101	171441	Trigger-In:101	14	trial_start	staircase	8	red	right	unaware	1	0
171.546	0.000	trigger_11	11	171546	Trigger-In:11	14	fixation_point_on	staircase	8	red	right	unaware	1	0
172.176	0.000	trigger_21	21	172176	Trigger-In:21	14	grating_on	staircase	8	red	right	unaware	1	0
172.236	0.000	trigger_20	20	172236	Trigger-In:20	14	grating_off	staircase	8	red	right	unaware	1	0
172.906	0.000	trigger_31	31	172906	Trigger-In:31	14	targets_on_fp_color_change	staircase	8	red	right	unaware	1	0
173.586	0.000	trigger_201	201	173586	Trigger-In:201	14	trial_end_completed	staircase	8	red	right	unaware	1	0
174.676	0.000	trigger_101	101	174676	Trigger-In:101	15	trial_start	staircase	9	red	right	unaware	1	0
174.781	0.000	trigger_11	11	174781	Trigger-In:11	15	fixation_point_on	staircase	9	red	right	unaware	1	0
175.426	0.000	trigger_21	21	175426	Trigger-In:21	15	grating_on	staircase	9	red	right	unaware	1	0
175.486	0.000	trigger_20	20	175486	Trigger-In:20	15	grating_off	staircase	9	red	right	unaware	1	0
176.141	0.000	trigger_31	31	176141	Trigger-In:31	15	targets_on_fp_color_change	staircase	9	red	right	unaware	1	0
177.141	0.000	trigger_201	201	177141	Trigger-In:201	15	trial_end_completed	staircase	9	red	right	unaware	1	0
178.241	0.000	trigger_101	101	178241	Trigger-In:101	16	trial_start	salient	0	red	right	unaware	1	0
178.351	0.000	trigger_11	11	178351	Trigger-In:11	16	fixation_point_on	salient	0	red	right	unaware	1	0
179.001	0.000	trigger_21	21	179001	Trigger-In:21	16	grating_on	salient	0	red	right	unaware	1	0
179.056	0.000	trigger_20	20	179056	Trigger-In:20	16	grating_off	salient	0	red	right	unaware	1	0
179.696	0.000	trigger_31	31	179696	Trigger-In:31	16	targets_on_fp_color_change	salient	0	red	right	unaware	1	0
180.486	0.000	trigger_201	201	180486	Trigger-In:201	16	trial_end_completed	salient	0	red	right	unaware	1	0
181.576	0.000	trigger_101	101	181576	Trigger-In:101	17	trial_start	staircase	10	red	left	aware	1	0
181.686	0.000	trigger_11	11	181686	Trigger-In:11	17	fixation_point_on	staircase	10	red	left	aware	1	0
182.321	0.000	trigger_21	21	182321	Trigger-In:21	17	grating_on	staircase	10	red	left	aware	1	0
182.381	0.000	trigger_20	20	182381	Trigger-In:20	17	grating_off	staircase	10	red	left	aware	1	0
183.046	0.000	trigger_31	31	183046	Trigger-In:31	17	targets_on_fp_color_change	staircase	10	red	left	aware	1	0
183.781	0.000	trigger_201	201	183781	Trigger-In:201	17	trial_end_completed	staircase	10	red	left	aware	1	0
184.871	0.000	trigger_101	101	184871	Trigger-In:101	18	trial_start	staircase	9	green	left	unaware	1	0
184.981	0.000	trigger_11	11	184981	Trigger-In:11	18	fixation_point_on	staircase	9	green	left	unaware	1	0
185.636	0.000	trigger_21	21	185636	Trigger-In:21	18	grating_on	staircase	9	green	left	unaware	1	0
185.691	0.000	trigger_20	20	185691	Trigger-In:20	18	grating_off	staircase	9	green	left	unaware	1	0
186.351	0.000	trigger_31	31	186351	Trigger-In:31	18	targets_on_fp_color_change	staircase	9	green	left	unaware	1	0
187.571	0.000	trigger_201	201	187571	Trigger-In:201	18	trial_end_completed	staircase	9	green	left	unaware	1	0
188.661	0.000	trigger_101	101	188661	Trigger-In:101	19	trial_start	staircase	10	green	left	unaware	1	0
188.771	0.000	trigger_11	11	188771	Trigger-In:11	19	fixation_point_on	staircase	10	green	left	unaware	1	0
189.401	0.000	trigger_21	21	189401	Trigger-In:21	19	grating_on	staircase	10	green	left	unaware	1	0
189.461	0.000	trigger_20	20	189461	Trigger-In:20	19	grating_off	staircase	10	green	left	unaware	1	0
190.126	0.000	trigger_31	31	190126	Trigger-In:31	19	targets_on_fp_color_change	staircase	10	green	left	unaware	1	0
191.711	0.000	trigger_201	201	191711	Trigger-In:201	19	trial_end_completed	staircase	10	green	left	unaware	1	0
192.806	0.000	trigger_101	101	192806	Trigger-In:101	20	trial_start	absent	70	red	left	aware	1	0
192.916	0.000	trigger_11	11	192916	Trigger-In:11	20	fixation_point_on	absent	70	red	left	aware	1	0
193.581	0.000	trigger_21	21	193581	Trigger-In:21	20	grating_on	absent	70	red	left	aware	1	0
193.636	0.000	trigger_20	20	193636	Trigger-In:20	20	grating_off	absent	70	red	left	aware	1	0
194.296	0.000	trigger_31	31	194296	Trigger-In:31	20	targets_on_fp_color_change	absent	70	red	left	aware	1	0
194.951	0.000	trigger_201	201	194951	Trigger-In:201	20	trial_end_completed	absent	70	red	left	aware	1	0
196.046	0.000	trigger_101	101	196046	Trigger-In:101	21	trial_start	salient	0	red	left	aware	1	0
196.146	0.000	trigger_11	11	196146	Trigger-In:11	21	fixation_point_on	salient	0	red	left	aware	1	0
196.776	0.000	trigger_21	21	196776	Trigger-In:21	21	grating_on	salient	0	red	left	aware	1	0
196.836	0.000	trigger_20	20	196836	Trigger-In:20	21	grating_off	salient	0	red	left	aware	1	0
197.496	0.000	trigger_31	31	197496	Trigger-In:31	21	targets_on_fp_color_change	salient	0	red	left	aware	1	0
198.291	0.000	trigger_201	201	198291	Trigger-In:201	21	trial_end_completed	salient	0	red	left	aware	1	0
199.661	0.000	trigger_101	101	199661	Trigger-In:101	22	trial_start	staircase	11	green	left	unaware	1	0
199.761	0.000	trigger_11	11	199761	Trigger-In:11	22	fixation_point_on	staircase	11	green	left	unaware	1	0
200.431	0.000	trigger_21	21	200431	Trigger-In:21	22	grating_on	staircase	11	green	left	unaware	1	0
200.496	0.000	trigger_20	20	200496	Trigger-In:20	22	grating_off	staircase	11	green	left	unaware	1	0
201.131	0.000	trigger_31	31	201131	Trigger-In:31	22	targets_on_fp_color_change	staircase	11	green	left	unaware	1	0
202.321	0.000	trigger_201	201	202321	Trigger-In:201	22	trial_end_completed	staircase	11	green	left	unaware	1	0
203.416	0.000	trigger_101	101	203416	Trigger-In:101	23	trial_start	salient	0	red	left	aware	1	0
203.516	0.000	trigger_11	11	203516	Trigger-In:11	23	fixation_point_on	salient	0	red	left	aware	1	0
204.161	0.000	trigger_21	21	204161	Trigger-In:21	23	grating_on	salient	0	red	left	aware	1	0
204.231	0.000	trigger_20	20	204231	Trigger-In:20	23	grating_off	salient	0	red	left	aware	1	0
204.891	0.000	trigger_31	31	204891	Trigger-In:31	23	targets_on_fp_color_change	salient	0	red	left	aware	1	0
205.951	0.000	trigger_201	201	205951	Trigger-In:201	23	trial_end_completed	salient	0	red	left	aware	1	0
207.321	0.000	trigger_101	101	207321	Trigger-In:101	24	trial_start	salient	0	green	right	aware	1	0
207.426	0.000	trigger_11	11	207426	Trigger-In:11	24	fixation_point_on	salient	0	green	right	aware	1	0
208.066	0.000	trigger_21	21	208066	Trigger-In:21	24	grating_on	salient	0	green	right	aware	1	0
208.131	0.000	trigger_20	20	208131	Trigger-In:20	24	grating_off	salient	0	green	right	aware	1	0
208.801	0.000	trigger_31	31	208801	Trigger-In:31	24	targets_on_fp_color_change	salient	0	green	right	aware	1	0
209.971	0.000	trigger_201	201	209971	Trigger-In:201	24	trial_end_completed	salient	0	green	right	aware	1	0
211.356	0.000	trigger_101	101	211356	Trigger-In:101	25	trial_start	staircase	12	red	left	aware	1	0
211.461	0.000	trigger_11	11	211461	Trigger-In:11	25	fixation_point_on	staircase	12	red	left	aware	1	0
212.111	0.000	trigger_21	21	212111	Trigger-In:21	25	grating_on	staircase	12	red	left	aware	1	0
212.171	0.000	trigger_20	20	212171	Trigger-In:20	25	grating_off	staircase	12	red	left	aware	1	0
212.806	0.000	trigger_31	31	212806	Trigger-In:31	25	targets_on_fp_color_change	staircase	12	red	left	aware	1	0
213.881	0.000	trigger_201	201	213881	Trigger-In:201	25	trial_end_completed	staircase	12	red	left	aware	1	0
214.976	0.000	trigger_101	101	214976	Trigger-In:101	26	trial_start	staircase	11	red	left	aware	1	0
215.086	0.000	trigger_11	11	215086	Trigger-In:11	26	fixation_point_on	staircase	11	red	left	aware	1	0
215.731	0.000	trigger_21	21	215731	Trigger-In:21	26	grating_on	staircase	11	red	left	aware	1	0
215.791	0.000	trigger_20	20	215791	Trigger-In:20	26	grating_off	staircase	11	red	left	aware	1	0
216.451	0.000	trigger_31	31	216451	Trigger-In:31	26	targets_on_fp_color_change	staircase	11	red	left	aware	1	0
217.821	0.000	trigger_201	201	217821	Trigger-In:201	26	trial_end_completed	staircase	11	red	left	aware	1	0
218.921	0.000	trigger_101	101	218921	Trigger-In:101	27	trial_start	absent	70	red	left	aware	1	0
219.026	0.000	trigger_11	11	219026	Trigger-In:11	27	fixation_point_on	absent	70	red	left	aware	1	0
219.651	0.000	trigger_21	21	219651	Trigger-In:21	27	grating_on	absent	70	red	left	aware	1	0
219.711	0.000	trigger_20	20	219711	Trigger-In:20	27	grating_off	absent	70	red	left	aware	1	0
220.371	0.000	trigger_31	31	220371	Trigger-In:31	27	targets_on_fp_color_change	absent	70	red	left	aware	1	0
221.086	0.000	trigger_201	201	221086	Trigger-In:201	27	trial_end_completed	absent	70	red	left	aware	1	0
222.176	0.000	trigger_101	101	222176	Trigger-In:101	28	trial_start	salient	0	green	left	unaware	1	0
222.281	0.000	trigger_11	11	222281	Trigger-In:11	28	fixation_point_on	salient	0	green	left	unaware	1	0
222.916	0.000	trigger_21	21	222916	Trigger-In:21	28	grating_on	salient	0	green	left	unaware	1	0
222.976	0.000	trigger_20	20	222976	Trigger-In:20	28	grating_off	salient	0	green	left	unaware	1	0
223.641	0.000	trigger_31	31	223641	Trigger-In:31	28	targets_on_fp_color_change	salient	0	green	left	unaware	1	0
224.941	0.000	trigger_201	201	224941	Trigger-In:201	28	trial_end_completed	salient	0	green	left	unaware	1	0
226.031	0.000	trigger_101	101	226031	Trigger-In:101	29	trial_start	absent	70	green	right	aware	1	0
226.136	0.000	trigger_11	11	226136	Trigger-In:11	29	fixation_point_on	absent	70	green	right	aware	1	0
226.776	0.000	trigger_21	21	226776	Trigger-In:21	29	grating_on	absent	70	green	right	aware	1	0
226.836	0.000	trigger_20	20	226836	Trigger-In:20	29	grating_off	absent	70	green	right	aware	1	0
227.486	0.000	trigger_31	31	227486	Trigger-In:31	29	targets_on_fp_color_change	absent	70	green	right	aware	1	0
228.451	0.000	trigger_201	201	228451	Trigger-In:201	29	trial_end_completed	absent	70	green	right	aware	1	0
229.541	0.000	trigger_101	101	229541	Trigger-In:101	30	trial_start	staircase	10	red	left	aware	1	0
229.646	0.000	trigger_11	11	229646	Trigger-In:11	30	fixation_point_on	staircase	10	red	left	aware	1	0
230.306	0.000	trigger_21	21	230306	Trigger-In:21	30	grating_on	staircase	10	red	left	aware	1	0
230.361	0.000	trigger_20	20	230361	Trigger-In:20	30	grating_off	staircase	10	red	left	aware	1	0
231.021	0.000	trigger_31	31	231021	Trigger-In:31	30	targets_on_fp_color_change	staircase	10	red	left	aware	1	0
232.461	0.000	trigger_201	201	232461	Trigger-In:201	30	trial_end_completed	staircase	10	red	left	aware	1	0
233.551	0.000	trigger_101	101	233551	Trigger-In:101	31	trial_start	staircase	9	red	right	unaware	1	0
233.656	0.000	trigger_11	11	233656	Trigger-In:11	31	fixation_point_on	staircase	9	red	right	unaware	1	0
234.291	0.000	trigger_21	21	234291	Trigger-In:21	31	grating_on	staircase	9	red	right	unaware	1	0
234.346	0.000	trigger_20	20	234346	Trigger-In:20	31	grating_off	staircase	9	red	right	unaware	1	0
235.021	0.000	trigger_31	31	235021	Trigger-In:31	31	targets_on_fp_color_change	staircase	9	red	right	unaware	1	0
235.926	0.000	trigger_201	201	235926	Trigger-In:201	31	trial_end_completed	staircase	9	red	right	unaware	1	0
237.026	0.000	trigger_101	101	237026	Trigger-In:101	32	trial_start	staircase	10	green	left	unaware	1	0
237.131	0.000	trigger_11	11	237131	Trigger-In:11	32	fixation_point_on	staircase	10	green	left	unaware	1	0
237.806	0.000	trigger_21	21	237806	Trigger-In:21	32	grating_on	staircase	10	green	left	unaware	1	0
237.866	0.000	trigger_20	20	237866	Trigger-In:20	32	grating_off	staircase	10	green	left	unaware	1	0
238.516	0.000	trigger_31	31	238516	Trigger-In:31	32	targets_on_fp_color_change	staircase	10	green	left	unaware	1	0
239.456	0.000	trigger_201	201	239456	Trigger-In:201	32	trial_end_completed	staircase	10	green	left	unaware	1	0
240.556	0.000	trigger_101	101	240556	Trigger-In:101	33	trial_start	staircase	11	red	left	aware	1	0
240.556	0.000	trigger_255	255	240556	Trigger-In:255	33	n/a	staircase	11	red	left	aware	1	0
240.666	0.000	trigger_11	11	240666	Trigger-In:11	33	fixation_point_on	staircase	11	red	left	aware	1	0
241.306	0.000	trigger_21	21	241306	Trigger-In:21	33	grating_on	staircase	11	red	left	aware	1	0
241.361	0.000	trigger_20	20	241361	Trigger-In:20	33	grating_off	staircase	11	red	left	aware	1	0
242.021	0.000	trigger_31	31	242021	Trigger-In:31	33	targets_on_fp_color_change	staircase	11	red	left	aware	1	0
243.076	0.000	trigger_201	201	243076	Trigger-In:201	33	trial_end_completed	staircase	11	red	left	aware	1	0
244.176	0.000	trigger_101	101	244176	Trigger-In:101	34	trial_start	staircase	10	green	left	unaware	1	0
244.281	0.000	trigger_11	11	244281	Trigger-In:11	34	fixation_point_on	staircase	10	green	left	unaware	1	0
244.941	0.000	trigger_21	21	244941	Trigger-In:21	34	grating_on	staircase	10	green	left	unaware	1	0
245.001	0.000	trigger_20	20	245001	Trigger-In:20	34	grating_off	staircase	10	green	left	unaware	1	0
245.641	0.000	trigger_31	31	245641	Trigger-In:31	34	targets_on_fp_color_change	staircase	10	green	left	unaware	1	0
246.661	0.000	trigger_201	201	246661	Trigger-In:201	34	trial_end_completed	staircase	10	green	left	unaware	1	0
247.751	0.000	trigger_101	101	247751	Trigger-In:101	35	trial_start	staircase	11	red	left	aware	1	0
247.861	0.000	trigger_11	11	247861	Trigger-In:11	35	fixation_point_on	staircase	11	red	left	aware	1	0
248.491	0.000	trigger_21	21	248491	Trigger-In:21	35	grating_on	staircase	11	red	left	aware	1	0
248.546	0.000	trigger_20	20	248546	Trigger-In:20	35	grating_off	staircase	11	red	left	aware	1	0
249.201	0.000	trigger_31	31	249201	Trigger-In:31	35	targets_on_fp_color_change	staircase	11	red	left	aware	1	0
250.181	0.000	trigger_201	201	250181	Trigger-In:201	35	trial_end_completed	staircase	11	red	left	aware	1	0
251.276	0.000	trigger_101	101	251276	Trigger-In:101	36	trial_start	salient	0	green	right	aware	1	0
251.381	0.000	trigger_11	11	251381	Trigger-In:11	36	fixation_point_on	salient	0	green	right	aware	1	0
252.036	0.000	trigger_21	21	252036	Trigger-In:21	36	grating_on	salient	0	green	right	aware	1	0
252.096	0.000	trigger_20	20	252096	Trigger-In:20	36	grating_off	salient	0	green	right	aware	1	0
252.736	0.000	trigger_31	31	252736	Trigger-In:31	36	targets_on_fp_color_change	salient	0	green	right	aware	1	0
254.116	0.000	trigger_201	201	254116	Trigger-In:201	36	trial_end_completed	salient	0	green	right	aware	1	0
255.486	0.000	trigger_101	101	255486	Trigger-In:101	37	trial_start	staircase	10	red	right	unaware	1	0
255.591	0.000	trigger_11	11	255591	Trigger-In:11	37	fixation_point_on	staircase	10	red	right	unaware	1	0
256.231	0.000	trigger_21	21	256231	Trigger-In:21	37	grating_on	staircase	10	red	right	unaware	1	0
256.296	0.000	trigger_20	20	256296	Trigger-In:20	37	grating_off	staircase	10	red	right	unaware	1	0
256.946	0.000	trigger_31	31	256946	Trigger-In:31	37	targets_on_fp_color_change	staircase	10	red	right	unaware	1	0
258.626	0.000	trigger_201	201	258626	Trigger-In:201	37	trial_end_completed	staircase	10	red	right	unaware	1	0
259.721	0.000	trigger_101	101	259721	Trigger-In:101	38	trial_start	staircase	11	red	left	aware	1	0
259.821	0.000	trigger_11	11	259821	Trigger-In:11	38	fixation_point_on	staircase	11	red	left	aware	1	0
260.461	0.000	trigger_21	21	260461	Trigger-In:21	38	grating_on	staircase	11	red	left	aware	1	0
260.521	0.000	trigger_20	20	260521	Trigger-In:20	38	grating_off	staircase	11	red	left	aware	1	0
261.181	0.000	trigger_31	31	261181	Trigger-In:31	38	targets_on_fp_color_change	staircase	11	red	left	aware	1	0
262.511	0.000	trigger_201	201	262511	Trigger-In:201	38	trial_end_completed	staircase	11	red	left	aware	1	0
263.616	0.000	trigger_101	101	263616	Trigger-In:101	39	trial_start	staircase	10	green	left	unaware	1	0
263.721	0.000	trigger_11	11	263721	Trigger-In:11	39	fixation_point_on	staircase	10	green	left	unaware	1	0
264.371	0.000	trigger_21	21	264371	Trigger-In:21	39	grating_on	staircase	10	green	left	unaware	1	0
264.426	0.000	trigger_20	20	264426	Trigger-In:20	39	grating_off	staircase	10	green	left	unaware	1	0
265.071	0.000	trigger_31	31	265071	Trigger-In:31	39	targets_on_fp_color_change	staircase	10	green	left	unaware	1	0
266.101	0.000	trigger_201	201	266101	Trigger-In:201	39	trial_end_completed	staircase	10	green	left	unaware	1	0
267.196	0.000	trigger_101	101	267196	Trigger-In:101	40	trial_start	staircase	11	red	left	aware	1	0
267.301	0.000	trigger_11	11	267301	Trigger-In:11	40	fixation_point_on	staircase	11	red	left	aware	1	0
267.946	0.000	trigger_21	21	267946	Trigger-In:21	40	grating_on	staircase	11	red	left	aware	1	0
268.006	0.000	trigger_20	20	268006	Trigger-In:20	40	grating_off	staircase	11	red	left	aware	1	0
268.661	0.000	trigger_31	31	268661	Trigger-In:31	40	targets_on_fp_color_change	staircase	11	red	left	aware	1	0
269.791	0.000	trigger_201	201	269791	Trigger-In:201	40	trial_end_completed	staircase	11	red	left	aware	1	0
270.881	0.000	trigger_101	101	270881	Trigger-In:101	41	trial_start	staircase	10	red	right	unaware	1	0
270.986	0.000	trigger_11	11	270986	Trigger-In:11	41	fixation_point_on	staircase	10	red	right	unaware	1	0
271.616	0.000	trigger_21	21	271616	Trigger-In:21	41	grating_on	staircase	10	red	right	unaware	1	0
271.671	0.000	trigger_20	20	271671	Trigger-In:20	41	grating_off	staircase	10	red	right	unaware	1	0
272.326	0.000	trigger_31	31	272326	Trigger-In:31	41	targets_on_fp_color_change	staircase	10	red	right	unaware	1	0
273.406	0.000	trigger_201	201	273406	Trigger-In:201	41	trial_end_completed	staircase	10	red	right	unaware	1	0
274.501	0.000	trigger_101	101	274501	Trigger-In:101	42	trial_start	staircase	11	green	left	unaware	1	0
274.606	0.000	trigger_11	11	274606	Trigger-In:11	42	fixation_point_on	staircase	11	green	left	unaware	1	0
275.261	0.000	trigger_21	21	275261	Trigger-In:21	42	grating_on	staircase	11	green	left	unaware	1	0
275.321	0.000	trigger_20	20	275321	Trigger-In:20	42	grating_off	staircase	11	green	left	unaware	1	0
275.961	0.000	trigger_31	31	275961	Trigger-In:31	42	targets_on_fp_color_change	staircase	11	green	left	unaware	1	0
277.036	0.000	trigger_201	201	277036	Trigger-In:201	42	trial_end_completed	staircase	11	green	left	unaware	1	0
278.126	0.000	trigger_101	101	278126	Trigger-In:101	43	trial_start	staircase	12	green	right	aware	1	0
278.236	0.000	trigger_11	11	278236	Trigger-In:11	43	fixation_point_on	staircase	12	green	right	aware	1	0
278.871	0.000	trigger_21	21	278871	Trigger-In:21	43	grating_on	staircase	12	green	right	aware	1	0
278.926	0.000	trigger_20	20	278926	Trigger-In:20	43	grating_off	staircase	12	green	right	aware	1	0
279.581	0.000	trigger_31	31	279581	Trigger-In:31	43	targets_on_fp_color_change	staircase	12	green	right	aware	1	0
280.831	0.000	trigger_201	201	280831	Trigger-In:201	43	trial_end_completed	staircase	12	green	right	aware	1	0
281.931	0.000	trigger_101	101	281931	Trigger-In:101	44	trial_start	staircase	11	green	left	unaware	1	0
282.041	0.000	trigger_11	11	282041	Trigger-In:11	44	fixation_point_on	staircase	11	green	left	unaware	1	0
282.701	0.000	trigger_21	21	282701	Trigger-In:21	44	grating_on	staircase	11	green	left	unaware	1	0
282.766	0.000	trigger_20	20	282766	Trigger-In:20	44	grating_off	staircase	11	green	left	unaware	1	0
283.396	0.000	trigger_31	31	283396	Trigger-In:31	44	targets_on_fp_color_change	staircase	11	green	left	unaware	1	0
284.446	0.000	trigger_201	201	284446	Trigger-In:201	44	trial_end_completed	staircase	11	green	left	unaware	1	0
285.546	0.000	trigger_101	101	285546	Trigger-In:101	45	trial_start	staircase	12	red	left	aware	1	0
285.646	0.000	trigger_11	11	285646	Trigger-In:11	45	fixation_point_on	staircase	12	red	left	aware	1	0
286.271	0.000	trigger_21	21	286271	Trigger-In:21	45	grating_on	staircase	12	red	left	aware	1	0
286.326	0.000	trigger_20	20	286326	Trigger-In:20	45	grating_off	staircase	12	red	left	aware	1	0
286.996	0.000	trigger_31	31	286996	Trigger-In:31	45	targets_on_fp_color_change	staircase	12	red	left	aware	1	0
289.186	0.000	trigger_201	201	289186	Trigger-In:201	45	trial_end_completed	staircase	12	red	left	aware	1	0
290.281	0.000	trigger_101	101	290281	Trigger-In:101	46	trial_start	staircase	11	red	left	aware	1	0
290.386	0.000	trigger_11	11	290386	Trigger-In:11	46	fixation_point_on	staircase	11	red	left	aware	1	0
291.026	0.000	trigger_21	21	291026	Trigger-In:21	46	grating_on	staircase	11	red	left	aware	1	0
291.091	0.000	trigger_20	20	291091	Trigger-In:20	46	grating_off	staircase	11	red	left	aware	1	0
291.751	0.000	trigger_31	31	291751	Trigger-In:31	46	targets_on_fp_color_change	staircase	11	red	left	aware	1	0
293.086	0.000	trigger_201	201	293086	Trigger-In:201	46	trial_end_completed	staircase	11	red	left	aware	1	0
294.176	0.000	trigger_101	101	294176	Trigger-In:101	47	trial_start	staircase	10	red	left	aware	1	0
294.281	0.000	trigger_11	11	294281	Trigger-In:11	47	fixation_point_on	staircase	10	red	left	aware	1	0
294.906	0.000	trigger_21	21	294906	Trigger-In:21	47	grating_on	staircase	10	red	left	aware	1	0
294.961	0.000	trigger_20	20	294961	Trigger-In:20	47	grating_off	staircase	10	red	left	aware	1	0
295.626	0.000	trigger_31	31	295626	Trigger-In:31	47	targets_on_fp_color_change	staircase	10	red	left	aware	1	0
296.321	0.000	trigger_201	201	296321	Trigger-In:201	47	trial_end_completed	staircase	10	red	left	aware	1	0
297.426	0.000	trigger_101	101	297426	Trigger-In:101	48	trial_start	staircase	9	red	left	aware	1	0
297.531	0.000	trigger_11	11	297531	Trigger-In:11	48	fixation_point_on	staircase	9	red	left	aware	1	0
298.186	0.000	trigger_21	21	298186	Trigger-In:21	48	grating_on	staircase	9	red	left	aware	1	0
298.256	0.000	trigger_20	20	298256	Trigger-In:20	48	grating_off	staircase	9	red	left	aware	1	0
298.921	0.000	trigger_31	31	298921	Trigger-In:31	48	targets_on_fp_color_change	staircase	9	red	left	aware	1	0
299.881	0.000	trigger_201	201	299881	Trigger-In:201	48	trial_end_completed	staircase	9	red	left	aware	1	0
300.976	0.000	trigger_101	101	300976	Trigger-In:101	49	trial_start	absent	70	red	left	aware	1	0
301.086	0.000	trigger_11	11	301086	Trigger-In:11	49	fixation_point_on	absent	70	red	left	aware	1	0
301.736	0.000	trigger_21	21	301736	Trigger-In:21	49	grating_on	absent	70	red	left	aware	1	0
301.796	0.000	trigger_20	20	301796	Trigger-In:20	49	grating_off	absent	70	red	left	aware	1	0
302.436	0.000	trigger_31	31	302436	Trigger-In:31	49	targets_on_fp_color_change	absent	70	red	left	aware	1	0
303.121	0.000	trigger_201	201	303121	Trigger-In:201	49	trial_end_completed	absent	70	red	left	aware	1	0
304.216	0.000	trigger_101	101	304216	Trigger-In:101	50	trial_start	salient	0	green	left	unaware	1	0
304.326	0.000	trigger_11	11	304326	Trigger-In:11	50	fixation_point_on	salient	0	green	left	unaware	1	0
304.956	0.000	trigger_21	21	304956	Trigger-In:21	50	grating_on	salient	0	green	left	unaware	1	0
305.011	0.000	trigger_20	20	305011	Trigger-In:20	50	grating_off	salient	0	green	left	unaware	1	0
305.676	0.000	trigger_31	31	305676	Trigger-In:31	50	targets_on_fp_color_change	salient	0	green	left	unaware	1	0
307.226	0.000	trigger_201	201	307226	Trigger-In:201	50	trial_end_completed	salient	0	green	left	unaware	1	0
308.326	0.000	trigger_101	101	308326	Trigger-In:101	51	trial_start	staircase	8	green	left	unaware	1	0
308.436	0.000	trigger_11	11	308436	Trigger-In:11	51	fixation_point_on	staircase	8	green	left	unaware	1	0
309.076	0.000	trigger_21	21	309076	Trigger-In:21	51	grating_on	staircase	8	green	left	unaware	1	0
309.136	0.000	trigger_20	20	309136	Trigger-In:20	51	grating_off	staircase	8	green	left	unaware	1	0
309.781	0.000	trigger_31	31	309781	Trigger-In:31	51	targets_on_fp_color_change	staircase	8	green	left	unaware	1	0
310.766	0.000	trigger_201	201	310766	Trigger-In:201	51	trial_end_completed	staircase	8	green	left	unaware	1	0
311.861	0.000	trigger_101	101	311861	Trigger-In:101	52	trial_start	staircase	9	green	left	unaware	1	0
311.966	0.000	trigger_11	11	311966	Trigger-In:11	52	fixation_point_on	staircase	9	green	left	unaware	1	0
312.606	0.000	trigger_21	21	312606	Trigger-In:21	52	grating_on	staircase	9	green	left	unaware	1	0
312.666	0.000	trigger_20	20	312666	Trigger-In:20	52	grating_off	staircase	9	green	left	unaware	1	0
313.321	0.000	trigger_31	31	313321	Trigger-In:31	52	targets_on_fp_color_change	staircase	9	green	left	unaware	1	0
314.081	0.000	trigger_201	201	314081	Trigger-In:201	52	trial_end_completed	staircase	9	green	left	unaware	1	0
315.186	0.000	trigger_101	101	315186	Trigger-In:101	53	trial_start	staircase	10	green	left	unaware	1	0
315.296	0.000	trigger_11	11	315296	Trigger-In:11	53	fixation_point_on	staircase	10	green	left	unaware	1	0
315.951	0.000	trigger_21	21	315951	Trigger-In:21	53	grating_on	staircase	10	green	left	unaware	1	0
316.006	0.000	trigger_20	20	316006	Trigger-In:20	53	grating_off	staircase	10	green	left	unaware	1	0
316.641	0.000	trigger_31	31	316641	Trigger-In:31	53	targets_on_fp_color_change	staircase	10	green	left	unaware	1	0
317.646	0.000	trigger_201	201	317646	Trigger-In:201	53	trial_end_completed	staircase	10	green	left	unaware	1	0
318.741	0.000	trigger_101	101	318741	Trigger-In:101	54	trial_start	absent	70	green	right	aware	1	0
318.851	0.000	trigger_11	11	318851	Trigger-In:11	54	fixation_point_on	absent	70	green	right	aware	1	0
319.476	0.000	trigger_21	21	319476	Trigger-In:21	54	grating_on	absent	70	green	right	aware	1	0
319.536	0.000	trigger_20	20	319536	Trigger-In:20	54	grating_off	absent	70	green	right	aware	1	0
320.191	0.000	trigger_31	31	320191	Trigger-In:31	54	targets_on_fp_color_change	absent	70	green	right	aware	1	0
320.886	0.000	trigger_201	201	320886	Trigger-In:201	54	trial_end_completed	absent	70	green	right	aware	1	0
321.981	0.000	trigger_101	101	321981	Trigger-In:101	55	trial_start	staircase	11	red	left	aware	1	0
322.086	0.000	trigger_11	11	322086	Trigger-In:11	55	fixation_point_on	staircase	11	red	left	aware	1	0
322.731	0.000	trigger_21	21	322731	Trigger-In:21	55	grating_on	staircase	11	red	left	aware	1	0
322.791	0.000	trigger_20	20	322791	Trigger-In:20	55	grating_off	staircase	11	red	left	aware	1	0
323.441	0.000	trigger_31	31	323441	Trigger-In:31	55	targets_on_fp_color_change	staircase	11	red	left	aware	1	0
324.456	0.000	trigger_201	201	324456	Trigger-In:201	55	trial_end_completed	staircase	11	red	left	aware	1	0
325.556	0.000	trigger_101	101	325556	Trigger-In:101	56	trial_start	staircase	10	red	right	unaware	1	0
325.666	0.000	trigger_11	11	325666	Trigger-In:11	56	fixation_point_on	staircase	10	red	right	unaware	1	0
326.306	0.000	trigger_21	21	326306	Trigger-In:21	56	grating_on	staircase	10	red	right	unaware	1	0
326.361	0.000	trigger_20	20	326361	Trigger-In:20	56	grating_off	staircase	10	red	right	unaware	1	0
327.006	0.000	trigger_31	31	327006	Trigger-In:31	56	targets_on_fp_color_change	staircase	10	red	right	unaware	1	0
328.801	0.000	trigger_201	201	328801	Trigger-In:201	56	trial_end_completed	staircase	10	red	right	unaware	1	0
329.906	0.000	trigger_101	101	329906	Trigger-In:101	57	trial_start	staircase	11	red	right	unaware	1	0
330.011	0.000	trigger_11	11	330011	Trigger-In:11	57	fixation_point_on	staircase	11	red	right	unaware	1	0
330.651	0.000	trigger_21	21	330651	Trigger-In:21	57	grating_on	staircase	11	red	right	unaware	1	0
330.711	0.000	trigger_20	20	330711	Trigger-In:20	57	grating_off	staircase	11	red	right	unaware	1	0
331.361	0.000	trigger_31	31	331361	Trigger-In:31	57	targets_on_fp_color_change	staircase	11	red	right	unaware	1	0
332.991	0.000	trigger_201	201	332991	Trigger-In:201	57	trial_end_completed	staircase	11	red	right	unaware	1	0
334.081	0.000	trigger_101	101	334081	Trigger-In:101	58	trial_start	staircase	12	green	left	unaware	1	0
334.191	0.000	trigger_11	11	334191	Trigger-In:11	58	fixation_point_on	staircase	12	green	left	unaware	1	0
334.856	0.000	trigger_21	21	334856	Trigger-In:21	58	grating_on	staircase	12	green	left	unaware	1	0
334.911	0.000	trigger_20	20	334911	Trigger-In:20	58	grating_off	staircase	12	green	left	unaware	1	0
335.566	0.000	trigger_31	31	335566	Trigger-In:31	58	targets_on_fp_color_change	staircase	12	green	left	unaware	1	0
337.351	0.000	trigger_201	201	337351	Trigger-In:201	58	trial_end_completed	staircase	12	green	left	unaware	1	0
338.461	0.000	trigger_101	101	338461	Trigger-In:101	59	trial_start	staircase	13	green	right	aware	1	0
338.576	0.000	trigger_11	11	338576	Trigger-In:11	59	fixation_point_on	staircase	13	green	right	aware	1	0
339.226	0.000	trigger_21	21	339226	Trigger-In:21	59	grating_on	staircase	13	green	right	aware	1	0
339.281	0.000	trigger_20	20	339281	Trigger-In:20	59	grating_off	staircase	13	green	right	aware	1	0
339.926	0.000	trigger_31	31	339926	Trigger-In:31	59	targets_on_fp_color_change	staircase	13	green	right	aware	1	0
340.666	0.000	trigger_201	201	340666	Trigger-In:201	59	trial_end_completed	staircase	13	green	right	aware	1	0
341.761	0.000	trigger_101	101	341761	Trigger-In:101	60	trial_start	salient	0	green	left	unaware	1	0
341.861	0.000	trigger_11	11	341861	Trigger-In:11	60	fixation_point_on	salient	0	green	left	unaware	1	0
342.481	0.000	trigger_21	21	342481	Trigger-In:21	60	grating_on	salient	0	green	left	unaware	1	0
342.541	0.000	trigger_20	20	342541	Trigger-In:20	60	grating_off	salient	0	green	left	unaware	1	0
343.201	0.000	trigger_31	31	343201	Trigger-In:31	60	targets_on_fp_color_change	salient	0	green	left	unaware	1	0
344.346	0.000	trigger_201	201	344346	Trigger-In:201	60	trial_end_completed	salient	0	green	left	unaware	1	0
345.441	0.000	trigger_101	101	345441	Trigger-In:101	61	trial_start	staircase	12	green	right	aware	1	0
345.551	0.000	trigger_11	11	345551	Trigger-In:11	61	fixation_point_on	staircase	12	green	right	aware	1	0
346.216	0.000	trigger_21	21	346216	Trigger-In:21	61	grating_on	staircase	12	green	right	aware	1	0
346.271	0.000	trigger_20	20	346271	Trigger-In:20	61	grating_off	staircase	12	green	right	aware	1	0
346.901	0.000	trigger_31	31	346901	Trigger-In:31	61	targets_on_fp_color_change	staircase	12	green	right	aware	1	0
347.771	0.000	trigger_201	201	347771	Trigger-In:201	61	trial_end_completed	staircase	12	green	right	aware	1	0
348.866	0.000	trigger_101	101	348866	Trigger-In:101	62	trial_start	staircase	11	red	right	unaware	1	0
348.976	0.000	trigger_11	11	348976	Trigger-In:11	62	fixation_point_on	staircase	11	red	right	unaware	1	0
349.606	0.000	trigger_21	21	349606	Trigger-In:21	62	grating_on	staircase	11	red	right	unaware	1	0
349.661	0.000	trigger_20	20	349661	Trigger-In:20	62	grating_off	staircase	11	red	right	unaware	1	0
350.306	0.000	trigger_31	31	350306	Trigger-In:31	62	targets_on_fp_color_change	staircase	11	red	right	unaware	1	0
352.491	0.000	trigger_201	201	352491	Trigger-In:201	62	trial_end_completed	staircase	11	red	right	unaware	1	0
353.586	0.000	trigger_101	101	353586	Trigger-In:101	63	trial_start	staircase	12	green	right	aware	1	0
353.701	0.000	trigger_11	11	353701	Trigger-In:11	63	fixation_point_on	staircase	12	green	right	aware	1	0
354.351	0.000	trigger_21	21	354351	Trigger-In:21	63	grating_on	staircase	12	green	right	aware	1	0
354.411	0.000	trigger_20	20	354411	Trigger-In:20	63	grating_off	staircase	12	green	right	aware	1	0
355.036	0.000	trigger_31	31	355036	Trigger-In:31	63	targets_on_fp_color_change	staircase	12	green	right	aware	1	0
356.071	0.000	trigger_201	201	356071	Trigger-In:201	63	trial_end_completed	staircase	12	green	right	aware	1	0
357.171	0.000	trigger_101	101	357171	Trigger-In:101	64	trial_start	salient	0	red	right	unaware	1	0
357.271	0.000	trigger_11	11	357271	Trigger-In:11	64	fixation_point_on	salient	0	red	right	unaware	1	0
357.916	0.000	trigger_21	21	357916	Trigger-In:21	64	grating_on	salient	0	red	right	unaware	1	0
357.976	0.000	trigger_20	20	357976	Trigger-In:20	64	grating_off	salient	0	red	right	unaware	1	0
358.636	0.000	trigger_31	31	358636	Trigger-In:31	64	targets_on_fp_color_change	salient	0	red	right	unaware	1	0
359.701	0.000	trigger_201	201	359701	Trigger-In:201	64	trial_end_completed	salient	0	red	right	unaware	1	0
360.791	0.000	trigger_101	101	360791	Trigger-In:101	65	trial_start	staircase	11	red	right	unaware	1	0
360.896	0.000	trigger_11	11	360896	Trigger-In:11	65	fixation_point_on	staircase	11	red	right	unaware	1	0
361.546	0.000	trigger_21	21	361546	Trigger-In:21	65	grating_on	staircase	11	red	right	unaware	1	0
361.606	0.000	trigger_20	20	361606	Trigger-In:20	65	grating_off	staircase	11	red	right	unaware	1	0
362.266	0.000	trigger_31	31	362266	Trigger-In:31	65	targets_on_fp_color_change	staircase	11	red	right	unaware	1	0
363.376	0.000	trigger_201	201	363376	Trigger-In:201	65	trial_end_completed	staircase	11	red	right	unaware	1	0
364.471	0.000	trigger_101	101	364471	Trigger-In:101	66	trial_start	salient	0	green	left	unaware	1	0
364.576	0.000	trigger_11	11	364576	Trigger-In:11	66	fixation_point_on	salient	0	green	left	unaware	1	0
365.221	0.000	trigger_21	21	365221	Trigger-In:21	66	grating_on	salient	0	green	left	unaware	1	0
365.281	0.000	trigger_20	20	365281	Trigger-In:20	66	grating_off	salient	0	green	left	unaware	1	0
365.941	0.000	trigger_31	31	365941	Trigger-In:31	66	targets_on_fp_color_change	salient	0	green	left	unaware	1	0
367.276	0.000	trigger_201	201	367276	Trigger-In:201	66	trial_end_completed	salient	0	green	left	unaware	1	0
368.376	0.000	trigger_101	101	368376	Trigger-In:101	67	trial_start	staircase	12	green	left	unaware	1	0
368.481	0.000	trigger_11	11	368481	Trigger-In:11	67	fixation_point_on	staircase	12	green	left	unaware	1	0
369.151	0.000	trigger_21	21	369151	Trigger-In:21	67	grating_on	staircase	12	green	left	unaware	1	0
369.206	0.000	trigger_20	20	369206	Trigger-In:20	67	grating_off	staircase	12	green	left	unaware	1	0
369.871	0.000	trigger_31	31	369871	Trigger-In:31	67	targets_on_fp_color_change	staircase	12	green	left	unaware	1	0
370.541	0.000	trigger_201	201	370541	Trigger-In:201	67	trial_end_completed	staircase	12	green	left	unaware	1	0
371.636	0.000	trigger_101	101	371636	Trigger-In:101	68	trial_start	salient	0	red	right	unaware	1	0
371.741	0.000	trigger_11	11	371741	Trigger-In:11	68	fixation_point_on	salient	0	red	right	unaware	1	0
372.381	0.000	trigger_21	21	372381	Trigger-In:21	68	grating_on	salient	0	red	right	unaware	1	0
372.446	0.000	trigger_20	20	372446	Trigger-In:20	68	grating_off	salient	0	red	right	unaware	1	0
373.116	0.000	trigger_31	31	373116	Trigger-In:31	68	targets_on_fp_color_change	salient	0	red	right	unaware	1	0
374.221	0.000	trigger_201	201	374221	Trigger-In:201	68	trial_end_completed	salient	0	red	right	unaware	1	0
375.326	0.000	trigger_101	101	375326	Trigger-In:101	69	trial_start	staircase	13	green	left	unaware	1	0
375.436	0.000	trigger_11	11	375436	Trigger-In:11	69	fixation_point_on	staircase	13	green	left	unaware	1	0
376.101	0.000	trigger_21	21	376101	Trigger-In:21	69	grating_on	staircase	13	green	left	unaware	1	0
376.161	0.000	trigger_20	20	376161	Trigger-In:20	69	grating_off	staircase	13	green	left	unaware	1	0
376.821	0.000	trigger_31	31	376821	Trigger-In:31	69	targets_on_fp_color_change	staircase	13	green	left	unaware	1	0
377.956	0.000	trigger_201	201	377956	Trigger-In:201	69	trial_end_completed	staircase	13	green	left	unaware	1	0
379.051	0.000	trigger_101	101	379051	Trigger-In:101	70	trial_start	salient	0	red	right	unaware	1	0
379.166	0.000	trigger_11	11	379166	Trigger-In:11	70	fixation_point_on	salient	0	red	right	unaware	1	0
379.831	0.000	trigger_21	21	379831	Trigger-In:21	70	grating_on	salient	0	red	right	unaware	1	0
379.901	0.000	trigger_20	20	379901	Trigger-In:20	70	grating_off	salient	0	red	right	unaware	1	0
380.586	0.000	trigger_31	31	380586	Trigger-In:31	70	targets_on_fp_color_change	salient	0	red	right	unaware	1	0
381.736	0.000	trigger_201	201	381736	Trigger-In:201	70	trial_end_completed	salient	0	red	right	unaware	1	0
382.836	0.000	trigger_101	101	382836	Trigger-In:101	71	trial_start	absent	70	red	left	aware	1	0
382.941	0.000	trigger_11	11	382941	Trigger-In:11	71	fixation_point_on	absent	70	red	left	aware	1	0
383.626	0.000	trigger_21	21	383626	Trigger-In:21	71	grating_on	absent	70	red	left	aware	1	0
383.681	0.000	trigger_20	20	383681	Trigger-In:20	71	grating_off	absent	70	red	left	aware	1	0
384.351	0.000	trigger_31	31	384351	Trigger-In:31	71	targets_on_fp_color_change	absent	70	red	left	aware	1	0
385.086	0.000	trigger_201	201	385086	Trigger-In:201	71	trial_end_completed	absent	70	red	left	aware	1	0
386.196	0.000	trigger_101	101	386196	Trigger-In:101	72	trial_start	absent	70	green	right	aware	1	0
386.296	0.000	trigger_11	11	386296	Trigger-In:11	72	fixation_point_on	absent	70	green	right	aware	1	0
386.956	0.000	trigger_21	21	386956	Trigger-In:21	72	grating_on	absent	70	green	right	aware	1	0
387.021	0.000	trigger_20	20	387021	Trigger-In:20	72	grating_off	absent	70	green	right	aware	1	0
387.676	0.000	trigger_31	31	387676	Trigger-In:31	72	targets_on_fp_color_change	absent	70	green	right	aware	1	0
388.436	0.000	trigger_201	201	388436	Trigger-In:201	72	trial_end_completed	absent	70	green	right	aware	1	0
389.531	0.000	trigger_101	101	389531	Trigger-In:101	73	trial_start	staircase	14	green	right	aware	1	0
389.626	0.000	trigger_11	11	389626	Trigger-In:11	73	fixation_point_on	staircase	14	green	right	aware	1	0
390.286	0.000	trigger_21	21	390286	Trigger-In:21	73	grating_on	staircase	14	green	right	aware	1	0
390.351	0.000	trigger_20	20	390351	Trigger-In:20	73	grating_off	staircase	14	green	right	aware	1	0
391.006	0.000	trigger_31	31	391006	Trigger-In:31	73	targets_on_fp_color_change	staircase	14	green	right	aware	1	0
391.931	0.000	trigger_201	201	391931	Trigger-In:201	73	trial_end_completed	staircase	14	green	right	aware	1	0
393.036	0.000	trigger_101	101	393036	Trigger-In:101	74	trial_start	staircase	13	red	left	aware	1	0
393.131	0.000	trigger_11	11	393131	Trigger-In:11	74	fixation_point_on	staircase	13	red	left	aware	1	0
393.786	0.000	trigger_21	21	393786	Trigger-In:21	74	grating_on	staircase	13	red	left	aware	1	0
393.846	0.000	trigger_20	20	393846	Trigger-In:20	74	grating_off	staircase	13	red	left	aware	1	0
394.506	0.000	trigger_31	31	394506	Trigger-In:31	74	targets_on_fp_color_change	staircase	13	red	left	aware	1	0
395.561	0.000	trigger_201	201	395561	Trigger-In:201	74	trial_end_completed	staircase	13	red	left	aware	1	0
396.661	0.000	trigger_101	101	396661	Trigger-In:101	75	trial_start	salient	0	green	left	unaware	1	0
396.766	0.000	trigger_11	11	396766	Trigger-In:11	75	fixation_point_on	salient	0	green	left	unaware	1	0
397.431	0.000	trigger_21	21	397431	Trigger-In:21	75	grating_on	salient	0	green	left	unaware	1	0
397.491	0.000	trigger_20	20	397491	Trigger-In:20	75	grating_off	salient	0	green	left	unaware	1	0
398.156	0.000	trigger_31	31	398156	Trigger-In:31	75	targets_on_fp_color_change	salient	0	green	left	unaware	1	0
399.201	0.000	trigger_201	201	399201	Trigger-In:201	75	trial_end_completed	salient	0	green	left	unaware	1	0
400.296	0.000	trigger_101	101	400296	Trigger-In:101	76	trial_start	salient	0	red	right	unaware	1	0
400.401	0.000	trigger_11	11	400401	Trigger-In:11	76	fixation_point_on	salient	0	red	right	unaware	1	0
401.061	0.000	trigger_21	21	401061	Trigger-In:21	76	grating_on	salient	0	red	right	unaware	1	0
401.126	0.000	trigger_20	20	401126	Trigger-In:20	76	grating_off	salient	0	red	right	unaware	1	0
401.791	0.000	trigger_31	31	401791	Trigger-In:31	76	targets_on_fp_color_change	salient	0	red	right	unaware	1	0
402.906	0.000	trigger_201	201	402906	Trigger-In:201	76	trial_end_completed	salient	0	red	right	unaware	1	0
404.001	0.000	trigger_101	101	404001	Trigger-In:101	77	trial_start	staircase	12	red	left	aware	1	0
404.131	0.000	trigger_11	11	404131	Trigger-In:11	77	fixation_point_on	staircase	12	red	left	aware	1	0
404.791	0.000	trigger_21	21	404791	Trigger-In:21	77	grating_on	staircase	12	red	left	aware	1	0
404.851	0.000	trigger_20	20	404851	Trigger-In:20	77	grating_off	staircase	12	red	left	aware	1	0
405.531	0.000	trigger_31	31	405531	Trigger-In:31	77	targets_on_fp_color_change	staircase	12	red	left	aware	1	0
406.401	0.000	trigger_201	201	406401	Trigger-In:201	77	trial_end_completed	staircase	12	red	left	aware	1	0
407.501	0.000	trigger_101	101	407501	Trigger-In:101	78	trial_start	staircase	11	red	left	aware	1	0
407.611	0.000	trigger_11	11	407611	Trigger-In:11	78	fixation_point_on	staircase	11	red	left	aware	1	0
408.266	0.000	trigger_21	21	408266	Trigger-In:21	78	grating_on	staircase	11	red	left	aware	1	0
408.331	0.000	trigger_20	20	408331	Trigger-In:20	78	grating_off	staircase	11	red	left	aware	1	0
408.991	0.000	trigger_31	31	408991	Trigger-In:31	78	targets_on_fp_color_change	staircase	11	red	left	aware	1	0
409.731	0.000	trigger_201	201	409731	Trigger-In:201	78	trial_end_completed	staircase	11	red	left	aware	1	0
410.826	0.000	trigger_101	101	410826	Trigger-In:101	79	trial_start	staircase	10	red	right	unaware	1	0
410.936	0.000	trigger_11	11	410936	Trigger-In:11	79	fixation_point_on	staircase	10	red	right	unaware	1	0
411.596	0.000	trigger_21	21	411596	Trigger-In:21	79	grating_on	staircase	10	red	right	unaware	1	0
411.651	0.000	trigger_20	20	411651	Trigger-In:20	79	grating_off	staircase	10	red	right	unaware	1	0
412.316	0.000	trigger_31	31	412316	Trigger-In:31	79	targets_on_fp_color_change	staircase	10	red	right	unaware	1	0
413.431	0.000	trigger_201	201	413431	Trigger-In:201	79	trial_end_completed	staircase	10	red	right	unaware	1	0
414.531	0.000	trigger_101	101	414531	Trigger-In:101	80	trial_start	staircase	11	green	left	unaware	1	0
414.646	0.000	trigger_11	11	414646	Trigger-In:11	80	fixation_point_on	staircase	11	green	left	unaware	1	0
415.316	0.000	trigger_21	21	415316	Trigger-In:21	80	grating_on	staircase	11	green	left	unaware	1	0
415.381	0.000	trigger_20	20	415381	Trigger-In:20	80	grating_off	staircase	11	green	left	unaware	1	0
416.051	0.000	trigger_31	31	416051	Trigger-In:31	80	targets_on_fp_color_change	staircase	11	green	left	unaware	1	0
417.236	0.000	trigger_201	201	417236	Trigger-In:201	80	trial_end_completed	staircase	11	green	left	unaware	1	0
418.336	0.000	trigger_101	101	418336	Trigger-In:101	81	trial_start	salient	0	red	right	unaware	1	0
418.446	0.000	trigger_11	11	418446	Trigger-In:11	81	fixation_point_on	salient	0	red	right	unaware	1	0
419.126	0.000	trigger_21	21	419126	Trigger-In:21	81	grating_on	salient	0	red	right	unaware	1	0
419.181	0.000	trigger_20	20	419181	Trigger-In:20	81	grating_off	salient	0	red	right	unaware	1	0
419.821	0.000	trigger_31	31	419821	Trigger-In:31	81	targets_on_fp_color_change	salient	0	red	right	unaware	1	0
420.816	0.000	trigger_201	201	420816	Trigger-In:201	81	trial_end_completed	salient	0	red	right	unaware	1	0
421.911	0.000	trigger_101	101	421911	Trigger-In:101	82	trial_start	staircase	12	green	left	unaware	1	0
422.016	0.000	trigger_11	11	422016	Trigger-In:11	82	fixation_point_on	staircase	12	green	left	unaware	1	0
422.671	0.000	trigger_21	21	422671	Trigger-In:21	82	grating_on	staircase	12	green	left	unaware	1	0
422.731	0.000	trigger_20	20	422731	Trigger-In:20	82	grating_off	staircase	12	green	left	unaware	1	0
423.396	0.000	trigger_31	31	423396	Trigger-In:31	82	targets_on_fp_color_change	staircase	12	green	left	unaware	1	0
424.566	0.000	trigger_201	201	424566	Trigger-In:201	82	trial_end_completed	staircase	12	green	left	unaware	1	0
425.656	0.000	trigger_101	101	425656	Trigger-In:101	83	trial_start	staircase	13	red	right	unaware	1	0
425.761	0.000	trigger_11	11	425761	Trigger-In:11	83	fixation_point_on	staircase	13	red	right	unaware	1	0
426.406	0.000	trigger_21	21	426406	Trigger-In:21	83	grating_on	staircase	13	red	right	unaware	1	0
426.461	0.000	trigger_20	20	426461	Trigger-In:20	83	grating_off	staircase	13	red	right	unaware	1	0
427.111	0.000	trigger_31	31	427111	Trigger-In:31	83	targets_on_fp_color_change	staircase	13	red	right	unaware	1	0
428.561	0.000	trigger_201	201	428561	Trigger-In:201	83	trial_end_completed	staircase	13	red	right	unaware	1	0
429.656	0.000	trigger_101	101	429656	Trigger-In:101	84	trial_start	staircase	14	green	right	aware	1	0
429.761	0.000	trigger_11	11	429761	Trigger-In:11	84	fixation_point_on	staircase	14	green	right	aware	1	0
430.421	0.000	trigger_21	21	430421	Trigger-In:21	84	grating_on	staircase	14	green	right	aware	1	0
430.481	0.000	trigger_20	20	430481	Trigger-In:20	84	grating_off	staircase	14	green	right	aware	1	0
431.141	0.000	trigger_31	31	431141	Trigger-In:31	84	targets_on_fp_color_change	staircase	14	green	right	aware	1	0
432.021	0.000	trigger_201	201	432021	Trigger-In:201	84	trial_end_completed	staircase	14	green	right	aware	1	0
433.121	0.000	trigger_101	101	433121	Trigger-In:101	85	trial_start	staircase	13	red	left	aware	1	0
433.231	0.000	trigger_11	11	433231	Trigger-In:11	85	fixation_point_on	staircase	13	red	left	aware	1	0
433.891	0.000	trigger_21	21	433891	Trigger-In:21	85	grating_on	staircase	13	red	left	aware	1	0
433.956	0.000	trigger_20	20	433956	Trigger-In:20	85	grating_off	staircase	13	red	left	aware	1	0
434.616	0.000	trigger_31	31	434616	Trigger-In:31	85	targets_on_fp_color_change	staircase	13	red	left	aware	1	0
435.306	0.000	trigger_201	201	435306	Trigger-In:201	85	trial_end_completed	staircase	13	red	left	aware	1	0
436.406	0.000	trigger_101	101	436406	Trigger-In:101	86	trial_start	staircase	12	red	right	unaware	1	0
436.511	0.000	trigger_11	11	436511	Trigger-In:11	86	fixation_point_on	staircase	12	red	right	unaware	1	0
437.201	0.000	trigger_21	21	437201	Trigger-In:21	86	grating_on	staircase	12	red	right	unaware	1	0
437.266	0.000	trigger_20	20	437266	Trigger-In:20	86	grating_off	staircase	12	red	right	unaware	1	0
437.941	0.000	trigger_31	31	437941	Trigger-In:31	86	targets_on_fp_color_change	staircase	12	red	right	unaware	1	0
439.166	0.000	trigger_201	201	439166	Trigger-In:201	86	trial_end_completed	staircase	12	red	right	unaware	1	0
440.261	0.000	trigger_101	101	440261	Trigger-In:101	87	trial_start	staircase	13	red	left	aware	1	0
440.371	0.000	trigger_11	11	440371	Trigger-In:11	87	fixation_point_on	staircase	13	red	left	aware	1	0
441.031	0.000	trigger_21	21	441031	Trigger-In:21	87	grating_on	staircase	13	red	left	aware	1	0
441.086	0.000	trigger_20	20	441086	Trigger-In:20	87	grating_off	staircase	13	red	left	aware	1	0
441.756	0.000	trigger_31	31	441756	Trigger-In:31	87	targets_on_fp_color_change	staircase	13	red	left	aware	1	0
442.761	0.000	trigger_201	201	442761	Trigger-In:201	87	trial_end_completed	staircase	13	red	left	aware	1	0
443.861	0.000	trigger_101	101	443861	Trigger-In:101	88	trial_start	staircase	12	green	right	aware	1	0
443.966	0.000	trigger_11	11	443966	Trigger-In:11	88	fixation_point_on	staircase	12	green	right	aware	1	0
444.631	0.000	trigger_21	21	444631	Trigger-In:21	88	grating_on	staircase	12	green	right	aware	1	0
444.691	0.000	trigger_20	20	444691	Trigger-In:20	88	grating_off	staircase	12	green	right	aware	1	0
445.366	0.000	trigger_31	31	445366	Trigger-In:31	88	targets_on_fp_color_change	staircase	12	green	right	aware	1	0
446.281	0.000	trigger_201	201	446281	Trigger-In:201	88	trial_end_completed	staircase	12	green	right	aware	1	0
447.381	0.000	trigger_101	101	447381	Trigger-In:101	89	trial_start	salient	0	green	left	unaware	1	0
447.476	0.000	trigger_11	11	447476	Trigger-In:11	89	fixation_point_on	salient	0	green	left	unaware	1	0
448.146	0.000	trigger_21	21	448146	Trigger-In:21	89	grating_on	salient	0	green	left	unaware	1	0
448.206	0.000	trigger_20	20	448206	Trigger-In:20	89	grating_off	salient	0	green	left	unaware	1	0
448.866	0.000	trigger_31	31	448866	Trigger-In:31	89	targets_on_fp_color_change	salient	0	green	left	unaware	1	0
450.006	0.000	trigger_201	201	450006	Trigger-In:201	89	trial_end_completed	salient	0	green	left	unaware	1	0
451.106	0.000	trigger_101	101	451106	Trigger-In:101	90	trial_start	staircase	11	red	right	unaware	1	0
451.216	0.000	trigger_11	11	451216	Trigger-In:11	90	fixation_point_on	staircase	11	red	right	unaware	1	0
451.871	0.000	trigger_21	21	451871	Trigger-In:21	90	grating_on	staircase	11	red	right	unaware	1	0
451.931	0.000	trigger_20	20	451931	Trigger-In:20	90	grating_off	staircase	11	red	right	unaware	1	0
452.586	0.000	trigger_31	31	452586	Trigger-In:31	90	targets_on_fp_color_change	staircase	11	red	right	unaware	1	0
454.096	0.000	trigger_201	201	454096	Trigger-In:201	90	trial_end_completed	staircase	11	red	right	unaware	1	0
455.191	0.000	trigger_101	101	455191	Trigger-In:101	91	trial_start	staircase	12	green	right	aware	1	0
455.296	0.000	trigger_11	11	455296	Trigger-In:11	91	fixation_point_on	staircase	12	green	right	aware	1	0
455.956	0.000	trigger_21	21	455956	Trigger-In:21	91	grating_on	staircase	12	green	right	aware	1	0
456.016	0.000	trigger_20	20	456016	Trigger-In:20	91	grating_off	staircase	12	green	right	aware	1	0
456.691	0.000	trigger_31	31	456691	Trigger-In:31	91	targets_on_fp_color_change	staircase	12	green	right	aware	1	0
457.571	0.000	trigger_201	201	457571	Trigger-In:201	91	trial_end_completed	staircase	12	green	right	aware	1	0
458.666	0.000	trigger_101	101	458666	Trigger-In:101	92	trial_start	staircase	11	red	right	unaware	1	0
458.776	0.000	trigger_11	11	458776	Trigger-In:11	92	fixation_point_on	staircase	11	red	right	unaware	1	0
459.446	0.000	trigger_21	21	459446	Trigger-In:21	92	grating_on	staircase	11	red	right	unaware	1	0
459.506	0.000	trigger_20	20	459506	Trigger-In:20	92	grating_off	staircase	11	red	right	unaware	1	0
460.181	0.000	trigger_31	31	460181	Trigger-In:31	92	targets_on_fp_color_change	staircase	11	red	right	unaware	1	0
461.751	0.000	trigger_201	201	461751	Trigger-In:201	92	trial_end_completed	staircase	11	red	right	unaware	1	0
462.846	0.000	trigger_101	101	462846	Trigger-In:101	93	trial_start	staircase	12	green	left	unaware	1	0
462.956	0.000	trigger_11	11	462956	Trigger-In:11	93	fixation_point_on	staircase	12	green	left	unaware	1	0
463.626	0.000	trigger_21	21	463626	Trigger-In:21	93	grating_on	staircase	12	green	left	unaware	1	0
463.686	0.000	trigger_20	20	463686	Trigger-In:20	93	grating_off	staircase	12	green	left	unaware	1	0
464.366	0.000	trigger_31	31	464366	Trigger-In:31	93	targets_on_fp_color_change	staircase	12	green	left	unaware	1	0
465.831	0.000	trigger_201	201	465831	Trigger-In:201	93	trial_end_completed	staircase	12	green	left	unaware	1	0
466.926	0.000	trigger_101	101	466926	Trigger-In:101	94	trial_start	staircase	13	green	right	aware	1	0
467.026	0.000	trigger_11	11	467026	Trigger-In:11	94	fixation_point_on	staircase	13	green	right	aware	1	0
467.686	0.000	trigger_21	21	467686	Trigger-In:21	94	grating_on	staircase	13	green	right	aware	1	0
467.746	0.000	trigger_20	20	467746	Trigger-In:20	94	grating_off	staircase	13	green	right	aware	1	0
468.401	0.000	trigger_31	31	468401	Trigger-In:31	94	targets_on_fp_color_change	staircase	13	green	right	aware	1	0
469.236	0.000	trigger_201	201	469236	Trigger-In:201	94	trial_end_completed	staircase	13	green	right	aware	1	0
470.336	0.000	trigger_101	101	470336	Trigger-In:101	95	trial_start	staircase	12	red	right	unaware	1	0
470.451	0.000	trigger_11	11	470451	Trigger-In:11	95	fixation_point_on	staircase	12	red	right	unaware	1	0
471.111	0.000	trigger_21	21	471111	Trigger-In:21	95	grating_on	staircase	12	red	right	unaware	1	0
471.166	0.000	trigger_20	20	471166	Trigger-In:20	95	grating_off	staircase	12	red	right	unaware	1	0
471.831	0.000	trigger_31	31	471831	Trigger-In:31	95	targets_on_fp_color_change	staircase	12	red	right	unaware	1	0
472.931	0.000	trigger_201	201	472931	Trigger-In:201	95	trial_end_completed	staircase	12	red	right	unaware	1	0
474.026	0.000	trigger_101	101	474026	Trigger-In:101	96	trial_start	staircase	13	red	left	aware	1	0
474.136	0.000	trigger_11	11	474136	Trigger-In:11	96	fixation_point_on	staircase	13	red	left	aware	1	0
474.796	0.000	trigger_21	21	474796	Trigger-In:21	96	grating_on	staircase	13	red	left	aware	1	0
474.851	0.000	trigger_20	20	474851	Trigger-In:20	96	grating_off	staircase	13	red	left	aware	1	0
475.506	0.000	trigger_31	31	475506	Trigger-In:31	96	targets_on_fp_color_change	staircase	13	red	left	aware	1	0
477.491	0.000	trigger_201	201	477491	Trigger-In:201	96	trial_end_completed	staircase	13	red	left	aware	1	0
478.596	0.000	trigger_101	101	478596	Trigger-In:101	97	trial_start	salient	0	red	right	unaware	1	0
478.701	0.000	trigger_11	11	478701	Trigger-In:11	97	fixation_point_on	salient	0	red	right	unaware	1	0
479.356	0.000	trigger_21	21	479356	Trigger-In:21	97	grating_on	salient	0	red	right	unaware	1	0
479.421	0.000	trigger_20	20	479421	Trigger-In:20	97	grating_off	salient	0	red	right	unaware	1	0
480.066	0.000	trigger_31	31	480066	Trigger-In:31	97	targets_on_fp_color_change	salient	0	red	right	unaware	1	0
481.226	0.000	trigger_201	201	481226	Trigger-In:201	97	trial_end_completed	salient	0	red	right	unaware	1	0
482.321	0.000	trigger_101	101	482321	Trigger-In:101	98	trial_start	staircase	12	red	left	aware	1	0
482.426	0.000	trigger_11	11	482426	Trigger-In:11	98	fixation_point_on	staircase	12	red	left	aware	1	0
483.086	0.000	trigger_21	21	483086	Trigger-In:21	98	grating_on	staircase	12	red	left	aware	1	0
483.141	0.000	trigger_20	20	483141	Trigger-In:20	98	grating_off	staircase	12	red	left	aware	1	0
483.786	0.000	trigger_31	31	483786	Trigger-In:31	98	targets_on_fp_color_change	staircase	12	red	left	aware	1	0
484.531	0.000	trigger_201	201	484531	Trigger-In:201	98	trial_end_completed	staircase	12	red	left	aware	1	0
485.621	0.000	trigger_101	101	485621	Trigger-In:101	99	trial_start	staircase	11	green	right	aware	1	0
485.726	0.000	trigger_11	11	485726	Trigger-In:11	99	fixation_point_on	staircase	11	green	right	aware	1	0
486.376	0.000	trigger_21	21	486376	Trigger-In:21	99	grating_on	staircase	11	green	right	aware	1	0
486.436	0.000	trigger_20	20	486436	Trigger-In:20	99	grating_off	staircase	11	green	right	aware	1	0
487.086	0.000	trigger_31	31	487086	Trigger-In:31	99	targets_on_fp_color_change	staircase	11	green	right	aware	1	0
488.306	0.000	trigger_201	201	488306	Trigger-In:201	99	trial_end_completed	staircase	11	green	right	aware	1	0
489.391	0.000	trigger_101	101	489391	Trigger-In:101	100	trial_start	salient	0	green	left	unaware	1	0
489.501	0.000	trigger_11	11	489501	Trigger-In:11	100	fixation_point_on	salient	0	green	left	unaware	1	0
490.156	0.000	trigger_21	21	490156	Trigger-In:21	100	grating_on	salient	0	green	left	unaware	1	0
490.216	0.000	trigger_20	20	490216	Trigger-In:20	100	grating_off	salient	0	green	left	unaware	1	0
490.861	0.000	trigger_31	31	490861	Trigger-In:31	100	targets_on_fp_color_change	salient	0	green	left	unaware	1	0
492.016	0.000	trigger_201	201	492016	Trigger-In:201	100	trial_end_completed	salient	0	green	left	unaware	1	0
493.116	0.000	trigger_101	101	493116	Trigger-In:101	101	trial_start	staircase	10	green	right	aware	1	0
493.221	0.000	trigger_11	11	493221	Trigger-In:11	101	fixation_point_on	staircase	10	green	right	aware	1	0
493.861	0.000	trigger_21	21	493861	Trigger-In:21	101	grating_on	staircase	10	green	right	aware	1	0
493.916	0.000	trigger_20	20	493916	Trigger-In:20	101	grating_off	staircase	10	green	right	aware	1	0
494.566	0.000	trigger_31	31	494566	Trigger-In:31	101	targets_on_fp_color_change	staircase	10	green	right	aware	1	0
495.386	0.000	trigger_201	201	495386	Trigger-In:201	101	trial_end_completed	staircase	10	green	right	aware	1	0
496.481	0.000	trigger_101	101	496481	Trigger-In:101	102	trial_start	absent	70	red	left	aware	1	0
496.586	0.000	trigger_11	11	496586	Trigger-In:11	102	fixation_point_on	absent	70	red	left	aware	1	0
497.231	0.000	trigger_21	21	497231	Trigger-In:21	102	grating_on	absent	70	red	left	aware	1	0
497.291	0.000	trigger_20	20	497291	Trigger-In:20	102	grating_off	absent	70	red	left	aware	1	0
497.931	0.000	trigger_31	31	497931	Trigger-In:31	102	targets_on_fp_color_change	absent	70	red	left	aware	1	0
498.656	0.000	trigger_201	201	498656	Trigger-In:201	102	trial_end_completed	absent	70	red	left	aware	1	0
499.756	0.000	trigger_101	101	499756	Trigger-In:101	103	trial_start	staircase	9	green	right	aware	1	0
499.866	0.000	trigger_11	11	499866	Trigger-In:11	103	fixation_point_on	staircase	9	green	right	aware	1	0
500.511	0.000	trigger_21	21	500511	Trigger-In:21	103	grating_on	staircase	9	green	right	aware	1	0
500.571	0.000	trigger_20	20	500571	Trigger-In:20	103	grating_off	staircase	9	green	right	aware	1	0
501.216	0.000	trigger_31	31	501216	Trigger-In:31	103	targets_on_fp_color_change	staircase	9	green	right	aware	1	0
502.181	0.000	trigger_201	201	502181	Trigger-In:201	103	trial_end_completed	staircase	9	green	right	aware	1	0
503.281	0.000	trigger_101	101	503281	Trigger-In:101	104	trial_start	staircase	8	red	right	unaware	1	0
503.386	0.000	trigger_11	11	503386	Trigger-In:11	104	fixation_point_on	staircase	8	red	right	unaware	1	0
504.041	0.000	trigger_21	21	504041	Trigger-In:21	104	grating_on	staircase	8	red	right	unaware	1	0
504.101	0.000	trigger_20	20	504101	Trigger-In:20	104	grating_off	staircase	8	red	right	unaware	1	0
504.751	0.000	trigger_31	31	504751	Trigger-In:31	104	targets_on_fp_color_change	staircase	8	red	right	unaware	1	0
506.106	0.000	trigger_201	201	506106	Trigger-In:201	104	trial_end_completed	staircase	8	red	right	unaware	1	0
507.196	0.000	trigger_101	101	507196	Trigger-In:101	105	trial_start	absent	70	red	left	aware	1	0
507.336	0.000	trigger_11	11	507336	Trigger-In:11	105	fixation_point_on	absent	70	red	left	aware	1	0
507.961	0.000	trigger_21	21	507961	Trigger-In:21	105	grating_on	absent	70	red	left	aware	1	0
508.016	0.000	trigger_20	20	508016	Trigger-In:20	105	grating_off	absent	70	red	left	aware	1	0
508.651	0.000	trigger_31	31	508651	Trigger-In:31	105	targets_on_fp_color_change	absent	70	red	left	aware	1	0
509.486	0.000	trigger_201	201	509486	Trigger-In:201	105	trial_end_completed	absent	70	red	left	aware	1	0
510.581	0.000	trigger_101	101	510581	Trigger-In:101	106	trial_start	staircase	9	red	left	aware	1	0
510.691	0.000	trigger_11	11	510691	Trigger-In:11	106	fixation_point_on	staircase	9	red	left	aware	1	0
511.336	0.000	trigger_21	21	511336	Trigger-In:21	106	grating_on	staircase	9	red	left	aware	1	0
511.391	0.000	trigger_20	20	511391	Trigger-In:20	106	grating_off	staircase	9	red	left	aware	1	0
512.021	0.000	trigger_31	31	512021	Trigger-In:31	106	targets_on_fp_color_change	staircase	9	red	left	aware	1	0
513.626	0.000	trigger_201	201	513626	Trigger-In:201	106	trial_end_completed	staircase	9	red	left	aware	1	0
514.716	0.000	trigger_101	101	514716	Trigger-In:101	107	trial_start	staircase	8	green	left	unaware	1	0
514.821	0.000	trigger_11	11	514821	Trigger-In:11	107	fixation_point_on	staircase	8	green	left	unaware	1	0
515.421	0.000	trigger_21	21	515421	Trigger-In:21	107	grating_on	staircase	8	green	left	unaware	1	0
515.476	0.000	trigger_20	20	515476	Trigger-In:20	107	grating_off	staircase	8	green	left	unaware	1	0
516.106	0.000	trigger_31	31	516106	Trigger-In:31	107	targets_on_fp_color_change	staircase	8	green	left	unaware	1	0
517.586	0.000	trigger_201	201	517586	Trigger-In:201	107	trial_end_completed	staircase	8	green	left	unaware	1	0
518.686	0.000	trigger_101	101	518686	Trigger-In:101	108	trial_start	staircase	9	green	left	unaware	1	0
518.791	0.000	trigger_11	11	518791	Trigger-In:11	108	fixation_point_on	staircase	9	green	left	unaware	1	0
519.441	0.000	trigger_21	21	519441	Trigger-In:21	108	grating_on	staircase	9	green	left	unaware	1	0
519.511	0.000	trigger_20	20	519511	Trigger-In:20	108	grating_off	staircase	9	green	left	unaware	1	0
520.211	0.000	trigger_31	31	520211	Trigger-In:31	108	targets_on_fp_color_change	staircase	9	green	left	unaware	1	0
521.166	0.000	trigger_201	201	521166	Trigger-In:201	108	trial_end_completed	staircase	9	green	left	unaware	1	0
522.261	0.000	trigger_101	101	522261	Trigger-In:101	109	trial_start	staircase	10	red	left	aware	1	0
522.366	0.000	trigger_11	11	522366	Trigger-In:11	109	fixation_point_on	staircase	10	red	left	aware	1	0
523.036	0.000	trigger_21	21	523036	Trigger-In:21	109	grating_on	staircase	10	red	left	aware	1	0
523.091	0.000	trigger_20	20	523091	Trigger-In:20	109	grating_off	staircase	10	red	left	aware	1	0
523.756	0.000	trigger_31	31	523756	Trigger-In:31	109	targets_on_fp_color_change	staircase	10	red	left	aware	1	0
524.771	0.000	trigger_201	201	524771	Trigger-In:201	109	trial_end_completed	staircase	10	red	left	aware	1	0
525.866	0.000	trigger_101	101	525866	Trigger-In:101	110	trial_start	staircase	9	green	right	aware	1	0
525.971	0.000	trigger_11	11	525971	Trigger-In:11	110	fixation_point_on	staircase	9	green	right	aware	1	0
526.621	0.000	trigger_21	21	526621	Trigger-In:21	110	grating_on	staircase	9	green	right	aware	1	0
526.676	0.000	trigger_20	20	526676	Trigger-In:20	110	grating_off	staircase	9	green	right	aware	1	0
527.341	0.000	trigger_31	31	527341	Trigger-In:31	110	targets_on_fp_color_change	staircase	9	green	right	aware	1	0
528.306	0.000	trigger_201	201	528306	Trigger-In:201	110	trial_end_completed	staircase	9	green	right	aware	1	0
529.406	0.000	trigger_101	101	529406	Trigger-In:101	111	trial_start	staircase	8	red	right	unaware	1	0
529.686	0.000	trigger_11	11	529686	Trigger-In:11	111	fixation_point_on	staircase	8	red	right	unaware	1	0
530.346	0.000	trigger_21	21	530346	Trigger-In:21	111	grating_on	staircase	8	red	right	unaware	1	0
530.406	0.000	trigger_20	20	530406	Trigger-In:20	111	grating_off	staircase	8	red	right	unaware	1	0
531.066	0.000	trigger_31	31	531066	Trigger-In:31	111	targets_on_fp_color_change	staircase	8	red	right	unaware	1	0
532.261	0.000	trigger_201	201	532261	Trigger-In:201	111	trial_end_completed	staircase	8	red	right	unaware	1	0
533.361	0.000	trigger_101	101	533361	Trigger-In:101	112	trial_start	staircase	9	green	left	unaware	1	0
533.471	0.000	trigger_11	11	533471	Trigger-In:11	112	fixation_point_on	staircase	9	green	left	unaware	1	0
534.136	0.000	trigger_21	21	534136	Trigger-In:21	112	grating_on	staircase	9	green	left	unaware	1	0
534.196	0.000	trigger_20	20	534196	Trigger-In:20	112	grating_off	staircase	9	green	left	unaware	1	0
534.871	0.000	trigger_31	31	534871	Trigger-In:31	112	targets_on_fp_color_change	staircase	9	green	left	unaware	1	0
536.421	0.000	trigger_201	201	536421	Trigger-In:201	112	trial_end_completed	staircase	9	green	left	unaware	1	0
537.521	0.000	trigger_101	101	537521	Trigger-In:101	113	trial_start	staircase	10	green	left	unaware	1	0
537.626	0.000	trigger_11	11	537626	Trigger-In:11	113	fixation_point_on	staircase	10	green	left	unaware	1	0
538.311	0.000	trigger_21	21	538311	Trigger-In:21	113	grating_on	staircase	10	green	left	unaware	1	0
538.371	0.000	trigger_20	20	538371	Trigger-In:20	113	grating_off	staircase	10	green	left	unaware	1	0
539.091	0.000	trigger_31	31	539091	Trigger-In:31	113	targets_on_fp_color_change	staircase	10	green	left	unaware	1	0
540.071	0.000	trigger_201	201	540071	Trigger-In:201	113	trial_end_completed	staircase	10	green	left	unaware	1	0
541.171	0.000	trigger_101	101	541171	Trigger-In:101	114	trial_start	staircase	11	red	right	unaware	1	0
541.286	0.000	trigger_11	11	541286	Trigger-In:11	114	fixation_point_on	staircase	11	red	right	unaware	1	0
541.956	0.000	trigger_21	21	541956	Trigger-In:21	114	grating_on	staircase	11	red	right	unaware	1	0
542.016	0.000	trigger_20	20	542016	Trigger-In:20	114	grating_off	staircase	11	red	right	unaware	1	0
542.681	0.000	trigger_31	31	542681	Trigger-In:31	114	targets_on_fp_color_change	staircase	11	red	right	unaware	1	0
543.851	0.000	trigger_201	201	543851	Trigger-In:201	114	trial_end_completed	staircase	11	red	right	unaware	1	0
544.951	0.000	trigger_101	101	544951	Trigger-In:101	115	trial_start	staircase	12	red	right	unaware	1	0
545.051	0.000	trigger_11	11	545051	Trigger-In:11	115	fixation_point_on	staircase	12	red	right	unaware	1	0
545.706	0.000	trigger_21	21	545706	Trigger-In:21	115	grating_on	staircase	12	red	right	unaware	1	0
545.766	0.000	trigger_20	20	545766	Trigger-In:20	115	grating_off	staircase	12	red	right	unaware	1	0
546.451	0.000	trigger_31	31	546451	Trigger-In:31	115	targets_on_fp_color_change	staircase	12	red	right	unaware	1	0
547.856	0.000	trigger_201	201	547856	Trigger-In:201	115	trial_end_completed	staircase	12	red	right	unaware	1	0
548.956	0.000	trigger_101	101	548956	Trigger-In:101	116	trial_start	staircase	13	red	left	aware	1	0
549.066	0.000	trigger_11	11	549066	Trigger-In:11	116	fixation_point_on	staircase	13	red	left	aware	1	0
549.736	0.000	trigger_21	21	549736	Trigger-In:21	116	grating_on	staircase	13	red	left	aware	1	0
549.796	0.000	trigger_20	20	549796	Trigger-In:20	116	grating_off	staircase	13	red	left	aware	1	0
550.466	0.000	trigger_31	31	550466	Trigger-In:31	116	targets_on_fp_color_change	staircase	13	red	left	aware	1	0
551.431	0.000	trigger_201	201	551431	Trigger-In:201	116	trial_end_completed	staircase	13	red	left	aware	1	0
552.536	0.000	trigger_101	101	552536	Trigger-In:101	117	trial_start	salient	0	green	right	aware	1	0
552.636	0.000	trigger_11	11	552636	Trigger-In:11	117	fixation_point_on	salient	0	green	right	aware	1	0
553.326	0.000	trigger_21	21	553326	Trigger-In:21	117	grating_on	salient	0	green	right	aware	1	0
553.386	0.000	trigger_20	20	553386	Trigger-In:20	117	grating_off	salient	0	green	right	aware	1	0
554.101	0.000	trigger_31	31	554101	Trigger-In:31	117	targets_on_fp_color_change	salient	0	green	right	aware	1	0
555.301	0.000	trigger_201	201	555301	Trigger-In:201	117	trial_end_completed	salient	0	green	right	aware	1	0
556.721	0.000	trigger_101	101	556721	Trigger-In:101	118	trial_start	staircase	12	green	left	unaware	1	0
556.841	0.000	trigger_11	11	556841	Trigger-In:11	118	fixation_point_on	staircase	12	green	left	unaware	1	0
557.531	0.000	trigger_21	21	557531	Trigger-In:21	118	grating_on	staircase	12	green	left	unaware	1	0
557.596	0.000	trigger_20	20	557596	Trigger-In:20	118	grating_off	staircase	12	green	left	unaware	1	0
558.261	0.000	trigger_31	31	558261	Trigger-In:31	118	targets_on_fp_color_change	staircase	12	green	left	unaware	1	0
559.081	0.000	trigger_201	201	559081	Trigger-In:201	118	trial_end_completed	staircase	12	green	left	unaware	1	0
560.181	0.000	trigger_101	101	560181	Trigger-In:101	119	trial_start	salient	0	green	left	unaware	1	0
560.361	0.000	trigger_11	11	560361	Trigger-In:11	119	fixation_point_on	salient	0	green	left	unaware	1	0
561.036	0.000	trigger_21	21	561036	Trigger-In:21	119	grating_on	salient	0	green	left	unaware	1	0
561.091	0.000	trigger_20	20	561091	Trigger-In:20	119	grating_off	salient	0	green	left	unaware	1	0
561.751	0.000	trigger_31	31	561751	Trigger-In:31	119	targets_on_fp_color_change	salient	0	green	left	unaware	1	0
562.896	0.000	trigger_201	201	562896	Trigger-In:201	119	trial_end_completed	salient	0	green	left	unaware	1	0
564.006	0.000	trigger_101	101	564006	Trigger-In:101	120	trial_start	staircase	13	green	right	aware	1	0
564.576	0.000	trigger_11	11	564576	Trigger-In:11	120	fixation_point_on	staircase	13	green	right	aware	1	0
565.251	0.000	trigger_21	21	565251	Trigger-In:21	120	grating_on	staircase	13	green	right	aware	1	0
565.311	0.000	trigger_20	20	565311	Trigger-In:20	120	grating_off	staircase	13	green	right	aware	1	0
565.986	0.000	trigger_31	31	565986	Trigger-In:31	120	targets_on_fp_color_change	staircase	13	green	right	aware	1	0
566.926	0.000	trigger_201	201	566926	Trigger-In:201	120	trial_end_completed	staircase	13	green	right	aware	1	0
568.026	0.000	trigger_101	101	568026	Trigger-In:101	121	trial_start	salient	0	green	left	unaware	1	0
568.126	0.000	trigger_11	11	568126	Trigger-In:11	121	fixation_point_on	salient	0	green	left	unaware	1	0
568.776	0.000	trigger_21	21	568776	Trigger-In:21	121	grating_on	salient	0	green	left	unaware	1	0
568.836	0.000	trigger_20	20	568836	Trigger-In:20	121	grating_off	salient	0	green	left	unaware	1	0
569.486	0.000	trigger_31	31	569486	Trigger-In:31	121	targets_on_fp_color_change	salient	0	green	left	unaware	1	0
570.586	0.000	trigger_201	201	570586	Trigger-In:201	121	trial_end_completed	salient	0	green	left	unaware	1	0
571.681	0.000	trigger_101	101	571681	Trigger-In:101	122	trial_start	salient	0	red	right	unaware	1	0
571.811	0.000	trigger_11	11	571811	Trigger-In:11	122	fixation_point_on	salient	0	red	right	unaware	1	0
572.456	0.000	trigger_21	21	572456	Trigger-In:21	122	grating_on	salient	0	red	right	unaware	1	0
572.511	0.000	trigger_20	20	572511	Trigger-In:20	122	grating_off	salient	0	red	right	unaware	1	0
573.166	0.000	trigger_31	31	573166	Trigger-In:31	122	targets_on_fp_color_change	salient	0	red	right	unaware	1	0
574.411	0.000	trigger_201	201	574411	Trigger-In:201	122	trial_end_completed	salient	0	red	right	unaware	1	0
575.516	0.000	trigger_101	101	575516	Trigger-In:101	123	trial_start	absent	70	green	right	aware	1	0
575.631	0.000	trigger_11	11	575631	Trigger-In:11	123	fixation_point_on	absent	70	green	right	aware	1	0
576.276	0.000	trigger_21	21	576276	Trigger-In:21	123	grating_on	absent	70	green	right	aware	1	0
576.336	0.000	trigger_20	20	576336	Trigger-In:20	123	grating_off	absent	70	green	right	aware	1	0
577.001	0.000	trigger_31	31	577001	Trigger-In:31	123	targets_on_fp_color_change	absent	70	green	right	aware	1	0
578.136	0.000	trigger_201	201	578136	Trigger-In:201	123	trial_end_completed	absent	70	green	right	aware	1	0
579.236	0.000	trigger_101	101	579236	Trigger-In:101	124	trial_start	absent	70	green	right	aware	1	0
579.336	0.000	trigger_11	11	579336	Trigger-In:11	124	fixation_point_on	absent	70	green	right	aware	1	0
579.986	0.000	trigger_21	21	579986	Trigger-In:21	124	grating_on	absent	70	green	right	aware	1	0
580.046	0.000	trigger_20	20	580046	Trigger-In:20	124	grating_off	absent	70	green	right	aware	1	0
580.701	0.000	trigger_31	31	580701	Trigger-In:31	124	targets_on_fp_color_change	absent	70	green	right	aware	1	0
581.411	0.000	trigger_201	201	581411	Trigger-In:201	124	trial_end_completed	absent	70	green	right	aware	1	0
582.511	0.000	trigger_101	101	582511	Trigger-In:101	125	trial_start	staircase	12	green	left	unaware	1	0
582.621	0.000	trigger_11	11	582621	Trigger-In:11	125	fixation_point_on	staircase	12	green	left	unaware	1	0
583.266	0.000	trigger_21	21	583266	Trigger-In:21	125	grating_on	staircase	12	green	left	unaware	1	0
583.326	0.000	trigger_20	20	583326	Trigger-In:20	125	grating_off	staircase	12	green	left	unaware	1	0
583.966	0.000	trigger_31	31	583966	Trigger-In:31	125	targets_on_fp_color_change	staircase	12	green	left	unaware	1	0
585.086	0.000	trigger_201	201	585086	Trigger-In:201	125	trial_end_completed	staircase	12	green	left	unaware	1	0
586.181	0.000	trigger_101	101	586181	Trigger-In:101	126	trial_start	staircase	13	green	right	aware	1	0
586.291	0.000	trigger_11	11	586291	Trigger-In:11	126	fixation_point_on	staircase	13	green	right	aware	1	0
586.931	0.000	trigger_21	21	586931	Trigger-In:21	126	grating_on	staircase	13	green	right	aware	1	0
586.991	0.000	trigger_20	20	586991	Trigger-In:20	126	grating_off	staircase	13	green	right	aware	1	0
587.631	0.000	trigger_31	31	587631	Trigger-In:31	126	targets_on_fp_color_change	staircase	13	green	right	aware	1	0
588.581	0.000	trigger_201	201	588581	Trigger-In:201	126	trial_end_completed	staircase	13	green	right	aware	1	0
589.676	0.000	trigger_101	101	589676	Trigger-In:101	127	trial_start	staircase	12	red	left	aware	1	0
589.771	0.000	trigger_11	11	589771	Trigger-In:11	127	fixation_point_on	staircase	12	red	left	aware	1	0
590.421	0.000	trigger_21	21	590421	Trigger-In:21	127	grating_on	staircase	12	red	left	aware	1	0
590.476	0.000	trigger_20	20	590476	Trigger-In:20	127	grating_off	staircase	12	red	left	aware	1	0
591.121	0.000	trigger_31	31	591121	Trigger-In:31	127	targets_on_fp_color_change	staircase	12	red	left	aware	1	0
592.381	0.000	trigger_201	201	592381	Trigger-In:201	127	trial_end_completed	staircase	12	red	left	aware	1	0
593.471	0.000	trigger_101	101	593471	Trigger-In:101	128	trial_start	staircase	11	green	left	unaware	1	0
593.581	0.000	trigger_11	11	593581	Trigger-In:11	128	fixation_point_on	staircase	11	green	left	unaware	1	0
594.221	0.000	trigger_21	21	594221	Trigger-In:21	128	grating_on	staircase	11	green	left	unaware	1	0
594.281	0.000	trigger_20	20	594281	Trigger-In:20	128	grating_off	staircase	11	green	left	unaware	1	0
594.936	0.000	trigger_31	31	594936	Trigger-In:31	128	targets_on_fp_color_change	staircase	11	green	left	unaware	1	0
595.981	0.000	trigger_201	201	595981	Trigger-In:201	128	trial_end_completed	staircase	11	green	left	unaware	1	0
597.076	0.000	trigger_101	101	597076	Trigger-In:101	129	trial_start	absent	70	red	left	aware	1	0
597.176	0.000	trigger_11	11	597176	Trigger-In:11	129	fixation_point_on	absent	70	red	left	aware	1	0
597.861	0.000	trigger_21	21	597861	Trigger-In:21	129	grating_on	absent	70	red	left	aware	1	0
597.931	0.000	trigger_20	20	597931	Trigger-In:20	129	grating_off	absent	70	red	left	aware	1	0
598.646	0.000	trigger_31	31	598646	Trigger-In:31	129	targets_on_fp_color_change	absent	70	red	left	aware	1	0
599.621	0.000	trigger_201	201	599621	Trigger-In:201	129	trial_end_completed	absent	70	red	left	aware	1	0
600.786	0.000	trigger_101	101	600786	Trigger-In:101	130	trial_start	staircase	12	green	right	aware	1	0
601.011	0.000	trigger_11	11	601011	Trigger-In:11	130	fixation_point_on	staircase	12	green	right	aware	1	0
601.641	0.000	trigger_21	21	601641	Trigger-In:21	130	grating_on	staircase	12	green	right	aware	1	0
601.701	0.000	trigger_20	20	601701	Trigger-In:20	130	grating_off	staircase	12	green	right	aware	1	0
602.356	0.000	trigger_31	31	602356	Trigger-In:31	130	targets_on_fp_color_change	staircase	12	green	right	aware	1	0
603.091	0.000	trigger_201	201	603091	Trigger-In:201	130	trial_end_completed	staircase	12	green	right	aware	1	0
604.186	0.000	trigger_101	101	604186	Trigger-In:101	131	trial_start	absent	70	green	right	aware	1	0
604.291	0.000	trigger_11	11	604291	Trigger-In:11	131	fixation_point_on	absent	70	green	right	aware	1	0
604.936	0.000	trigger_21	21	604936	Trigger-In:21	131	grating_on	absent	70	green	right	aware	1	0
604.996	0.000	trigger_20	20	604996	Trigger-In:20	131	grating_off	absent	70	green	right	aware	1	0
605.651	0.000	trigger_31	31	605651	Trigger-In:31	131	targets_on_fp_color_change	absent	70	green	right	aware	1	0
606.521	0.000	trigger_201	201	606521	Trigger-In:201	131	trial_end_completed	absent	70	green	right	aware	1	0
607.616	0.000	trigger_101	101	607616	Trigger-In:101	132	trial_start	staircase	11	green	n/a	n/a	0	1
607.726	0.000	trigger_11	11	607726	Trigger-In:11	132	fixation_point_on	staircase	11	green	n/a	n/a	0	1
607.921	0.000	trigger_204	204	607921	Trigger-In:204	132	trial_end_fixation_break	staircase	11	green	n/a	n/a	0	1
610.101	0.000	trigger_101	101	610101	Trigger-In:101	133	trial_start	staircase	11	green	left	unaware	1	0
610.211	0.000	trigger_11	11	610211	Trigger-In:11	133	fixation_point_on	staircase	11	green	left	unaware	1	0
610.851	0.000	trigger_21	21	610851	Trigger-In:21	133	grating_on	staircase	11	green	left	unaware	1	0
610.906	0.000	trigger_20	20	610906	Trigger-In:20	133	grating_off	staircase	11	green	left	unaware	1	0
611.556	0.000	trigger_31	31	611556	Trigger-In:31	133	targets_on_fp_color_change	staircase	11	green	left	unaware	1	0
613.121	0.000	trigger_201	201	613121	Trigger-In:201	133	trial_end_completed	staircase	11	green	left	unaware	1	0
614.216	0.000	trigger_101	101	614216	Trigger-In:101	134	trial_start	staircase	12	green	right	aware	1	0
614.321	0.000	trigger_11	11	614321	Trigger-In:11	134	fixation_point_on	staircase	12	green	right	aware	1	0
614.961	0.000	trigger_21	21	614961	Trigger-In:21	134	grating_on	staircase	12	green	right	aware	1	0
615.021	0.000	trigger_20	20	615021	Trigger-In:20	134	grating_off	staircase	12	green	right	aware	1	0
615.666	0.000	trigger_31	31	615666	Trigger-In:31	134	targets_on_fp_color_change	staircase	12	green	right	aware	1	0
616.721	0.000	trigger_201	201	616721	Trigger-In:201	134	trial_end_completed	staircase	12	green	right	aware	1	0
617.816	0.000	trigger_101	101	617816	Trigger-In:101	135	trial_start	staircase	11	green	left	unaware	1	0
617.926	0.000	trigger_11	11	617926	Trigger-In:11	135	fixation_point_on	staircase	11	green	left	unaware	1	0
618.641	0.000	trigger_20	20	618641	Trigger-In:20	135	grating_off	staircase	11	green	left	unaware	1	0
619.301	0.000	trigger_31	31	619301	Trigger-In:31	135	targets_on_fp_color_change	staircase	11	green	left	unaware	1	0
620.186	0.000	trigger_201	201	620186	Trigger-In:201	135	trial_end_completed	staircase	11	green	left	unaware	1	0
621.281	0.000	trigger_101	101	621281	Trigger-In:101	136	trial_start	salient	0	red	right	unaware	1	0
621.391	0.000	trigger_11	11	621391	Trigger-In:11	136	fixation_point_on	salient	0	red	right	unaware	1	0
622.051	0.000	trigger_21	21	622051	Trigger-In:21	136	grating_on	salient	0	red	right	unaware	1	0
622.106	0.000	trigger_20	20	622106	Trigger-In:20	136	grating_off	salient	0	red	right	unaware	1	0
622.756	0.000	trigger_31	31	622756	Trigger-In:31	136	targets_on_fp_color_change	salient	0	red	right	unaware	1	0
624.451	0.000	trigger_201	201	624451	Trigger-In:201	136	trial_end_completed	salient	0	red	right	unaware	1	0
625.546	0.000	trigger_101	101	625546	Trigger-In:101	137	trial_start	staircase	12	red	left	aware	1	0
625.656	0.000	trigger_11	11	625656	Trigger-In:11	137	fixation_point_on	staircase	12	red	left	aware	1	0
626.301	0.000	trigger_21	21	626301	Trigger-In:21	137	grating_on	staircase	12	red	left	aware	1	0
626.366	0.000	trigger_20	20	626366	Trigger-In:20	137	grating_off	staircase	12	red	left	aware	1	0
627.011	0.000	trigger_31	31	627011	Trigger-In:31	137	targets_on_fp_color_change	staircase	12	red	left	aware	1	0
628.216	0.000	trigger_201	201	628216	Trigger-In:201	137	trial_end_completed	staircase	12	red	left	aware	1	0
629.316	0.000	trigger_101	101	629316	Trigger-In:101	138	trial_start	absent	70	red	left	aware	1	0
629.461	0.000	trigger_11	11	629461	Trigger-In:11	138	fixation_point_on	absent	70	red	left	aware	1	0
630.121	0.000	trigger_21	21	630121	Trigger-In:21	138	grating_on	absent	70	red	left	aware	1	0
630.176	0.000	trigger_20	20	630176	Trigger-In:20	138	grating_off	absent	70	red	left	aware	1	0
630.841	0.000	trigger_31	31	630841	Trigger-In:31	138	targets_on_fp_color_change	absent	70	red	left	aware	1	0
631.591	0.000	trigger_201	201	631591	Trigger-In:201	138	trial_end_completed	absent	70	red	left	aware	1	0
632.681	0.000	trigger_101	101	632681	Trigger-In:101	139	trial_start	staircase	11	green	left	unaware	1	0
632.786	0.000	trigger_11	11	632786	Trigger-In:11	139	fixation_point_on	staircase	11	green	left	unaware	1	0
633.421	0.000	trigger_21	21	633421	Trigger-In:21	139	grating_on	staircase	11	green	left	unaware	1	0
633.476	0.000	trigger_20	20	633476	Trigger-In:20	139	grating_off	staircase	11	green	left	unaware	1	0
634.131	0.000	trigger_31	31	634131	Trigger-In:31	139	targets_on_fp_color_change	staircase	11	green	left	unaware	1	0
635.766	0.000	trigger_201	201	635766	Trigger-In:201	139	trial_end_completed	staircase	11	green	left	unaware	1	0
636.871	0.000	trigger_101	101	636871	Trigger-In:101	140	trial_start	staircase	12	red	right	unaware	1	0
636.996	0.000	trigger_11	11	636996	Trigger-In:11	140	fixation_point_on	staircase	12	red	right	unaware	1	0
637.651	0.000	trigger_21	21	637651	Trigger-In:21	140	grating_on	staircase	12	red	right	unaware	1	0
637.706	0.000	trigger_20	20	637706	Trigger-In:20	140	grating_off	staircase	12	red	right	unaware	1	0
638.356	0.000	trigger_31	31	638356	Trigger-In:31	140	targets_on_fp_color_change	staircase	12	red	right	unaware	1	0
639.756	0.000	trigger_201	201	639756	Trigger-In:201	140	trial_end_completed	staircase	12	red	right	unaware	1	0
640.851	0.000	trigger_101	101	640851	Trigger-In:101	141	trial_start	staircase	13	green	right	aware	1	0
640.961	0.000	trigger_11	11	640961	Trigger-In:11	141	fixation_point_on	staircase	13	green	right	aware	1	0
641.606	0.000	trigger_21	21	641606	Trigger-In:21	141	grating_on	staircase	13	green	right	aware	1	0
641.666	0.000	trigger_20	20	641666	Trigger-In:20	141	grating_off	staircase	13	green	right	aware	1	0
642.316	0.000	trigger_31	31	642316	Trigger-In:31	141	targets_on_fp_color_change	staircase	13	green	right	aware	1	0
643.271	0.000	trigger_201	201	643271	Trigger-In:201	141	trial_end_completed	staircase	13	green	right	aware	1	0
644.361	0.000	trigger_101	101	644361	Trigger-In:101	142	trial_start	staircase	12	red	left	aware	1	0
644.476	0.000	trigger_11	11	644476	Trigger-In:11	142	fixation_point_on	staircase	12	red	left	aware	1	0
645.116	0.000	trigger_21	21	645116	Trigger-In:21	142	grating_on	staircase	12	red	left	aware	1	0
645.181	0.000	trigger_20	20	645181	Trigger-In:20	142	grating_off	staircase	12	red	left	aware	1	0
645.841	0.000	trigger_31	31	645841	Trigger-In:31	142	targets_on_fp_color_change	staircase	12	red	left	aware	1	0
646.916	0.000	trigger_201	201	646916	Trigger-In:201	142	trial_end_completed	staircase	12	red	left	aware	1	0
648.011	0.000	trigger_101	101	648011	Trigger-In:101	143	trial_start	staircase	11	green	right	aware	1	0
648.121	0.000	trigger_11	11	648121	Trigger-In:11	143	fixation_point_on	staircase	11	green	right	aware	1	0
648.771	0.000	trigger_21	21	648771	Trigger-In:21	143	grating_on	staircase	11	green	right	aware	1	0
648.826	0.000	trigger_20	20	648826	Trigger-In:20	143	grating_off	staircase	11	green	right	aware	1	0
649.476	0.000	trigger_31	31	649476	Trigger-In:31	143	targets_on_fp_color_change	staircase	11	green	right	aware	1	0
650.911	0.000	trigger_201	201	650911	Trigger-In:201	143	trial_end_completed	staircase	11	green	right	aware	1	0
652.011	0.000	trigger_101	101	652011	Trigger-In:101	144	trial_start	staircase	10	green	left	unaware	1	0
652.181	0.000	trigger_11	11	652181	Trigger-In:11	144	fixation_point_on	staircase	10	green	left	unaware	1	0
652.836	0.000	trigger_21	21	652836	Trigger-In:21	144	grating_on	staircase	10	green	left	unaware	1	0
652.891	0.000	trigger_20	20	652891	Trigger-In:20	144	grating_off	staircase	10	green	left	unaware	1	0
653.561	0.000	trigger_31	31	653561	Trigger-In:31	144	targets_on_fp_color_change	staircase	10	green	left	unaware	1	0
654.511	0.000	trigger_201	201	654511	Trigger-In:201	144	trial_end_completed	staircase	10	green	left	unaware	1	0
655.606	0.000	trigger_101	101	655606	Trigger-In:101	145	trial_start	staircase	11	green	left	unaware	1	0
655.711	0.000	trigger_11	11	655711	Trigger-In:11	145	fixation_point_on	staircase	11	green	left	unaware	1	0
656.356	0.000	trigger_21	21	656356	Trigger-In:21	145	grating_on	staircase	11	green	left	unaware	1	0
656.411	0.000	trigger_20	20	656411	Trigger-In:20	145	grating_off	staircase	11	green	left	unaware	1	0
657.066	0.000	trigger_31	31	657066	Trigger-In:31	145	targets_on_fp_color_change	staircase	11	green	left	unaware	1	0
658.041	0.000	trigger_201	201	658041	Trigger-In:201	145	trial_end_completed	staircase	11	green	left	unaware	1	0
659.141	0.000	trigger_101	101	659141	Trigger-In:101	146	trial_start	salient	0	red	right	unaware	1	0
659.241	0.000	trigger_11	11	659241	Trigger-In:11	146	fixation_point_on	salient	0	red	right	unaware	1	0
659.881	0.000	trigger_21	21	659881	Trigger-In:21	146	grating_on	salient	0	red	right	unaware	1	0
659.936	0.000	trigger_20	20	659936	Trigger-In:20	146	grating_off	salient	0	red	right	unaware	1	0
660.591	0.000	trigger_31	31	660591	Trigger-In:31	146	targets_on_fp_color_change	salient	0	red	right	unaware	1	0
661.881	0.000	trigger_201	201	661881	Trigger-In:201	146	trial_end_completed	salient	0	red	right	unaware	1	0
662.976	0.000	trigger_101	101	662976	Trigger-In:101	147	trial_start	staircase	12	red	left	aware	1	0
663.091	0.000	trigger_11	11	663091	Trigger-In:11	147	fixation_point_on	staircase	12	red	left	aware	1	0
663.736	0.000	trigger_21	21	663736	Trigger-In:21	147	grating_on	staircase	12	red	left	aware	1	0
663.801	0.000	trigger_20	20	663801	Trigger-In:20	147	grating_off	staircase	12	red	left	aware	1	0
664.441	0.000	trigger_31	31	664441	Trigger-In:31	147	targets_on_fp_color_change	staircase	12	red	left	aware	1	0
665.346	0.000	trigger_201	201	665346	Trigger-In:201	147	trial_end_completed	staircase	12	red	left	aware	1	0
666.446	0.000	trigger_101	101	666446	Trigger-In:101	148	trial_start	salient	0	green	left	unaware	1	0
666.746	0.000	trigger_11	11	666746	Trigger-In:11	148	fixation_point_on	salient	0	green	left	unaware	1	0
667.391	0.000	trigger_21	21	667391	Trigger-In:21	148	grating_on	salient	0	green	left	unaware	1	0
667.451	0.000	trigger_20	20	667451	Trigger-In:20	148	grating_off	salient	0	green	left	unaware	1	0
668.111	0.000	trigger_31	31	668111	Trigger-In:31	148	targets_on_fp_color_change	salient	0	green	left	unaware	1	0
669.416	0.000	trigger_201	201	669416	Trigger-In:201	148	trial_end_completed	salient	0	green	left	unaware	1	0
670.511	0.000	trigger_101	101	670511	Trigger-In:101	149	trial_start	staircase	11	red	right	unaware	1	0
670.621	0.000	trigger_11	11	670621	Trigger-In:11	149	fixation_point_on	staircase	11	red	right	unaware	1	0
671.276	0.000	trigger_21	21	671276	Trigger-In:21	149	grating_on	staircase	11	red	right	unaware	1	0
671.336	0.000	trigger_20	20	671336	Trigger-In:20	149	grating_off	staircase	11	red	right	unaware	1	0
671.991	0.000	trigger_31	31	671991	Trigger-In:31	149	targets_on_fp_color_change	staircase	11	red	right	unaware	1	0
673.276	0.000	trigger_201	201	673276	Trigger-In:201	149	trial_end_completed	staircase	11	red	right	unaware	1	0
674.371	0.000	trigger_101	101	674371	Trigger-In:101	150	trial_start	staircase	12	green	left	unaware	1	0
674.466	0.000	trigger_11	11	674466	Trigger-In:11	150	fixation_point_on	staircase	12	green	left	unaware	1	0
675.106	0.000	trigger_21	21	675106	Trigger-In:21	150	grating_on	staircase	12	green	left	unaware	1	0
675.166	0.000	trigger_20	20	675166	Trigger-In:20	150	grating_off	staircase	12	green	left	unaware	1	0
675.821	0.000	trigger_31	31	675821	Trigger-In:31	150	targets_on_fp_color_change	staircase	12	green	left	unaware	1	0
676.626	0.000	trigger_201	201	676626	Trigger-In:201	150	trial_end_completed	staircase	12	green	left	unaware	1	0
677.716	0.000	trigger_101	101	677716	Trigger-In:101	151	trial_start	salient	0	green	left	unaware	1	0
677.816	0.000	trigger_11	11	677816	Trigger-In:11	151	fixation_point_on	salient	0	green	left	unaware	1	0
678.461	0.000	trigger_21	21	678461	Trigger-In:21	151	grating_on	salient	0	green	left	unaware	1	0
678.521	0.000	trigger_20	20	678521	Trigger-In:20	151	grating_off	salient	0	green	left	unaware	1	0
679.171	0.000	trigger_31	31	679171	Trigger-In:31	151	targets_on_fp_color_change	salient	0	green	left	unaware	1	0
680.036	0.000	trigger_201	201	680036	Trigger-In:201	151	trial_end_completed	salient	0	green	left	unaware	1	0
681.136	0.000	trigger_101	101	681136	Trigger-In:101	152	trial_start	staircase	13	green	right	aware	1	0
681.261	0.000	trigger_11	11	681261	Trigger-In:11	152	fixation_point_on	staircase	13	green	right	aware	1	0
681.911	0.000	trigger_21	21	681911	Trigger-In:21	152	grating_on	staircase	13	green	right	aware	1	0
681.971	0.000	trigger_20	20	681971	Trigger-In:20	152	grating_off	staircase	13	green	right	aware	1	0
682.601	0.000	trigger_31	31	682601	Trigger-In:31	152	targets_on_fp_color_change	staircase	13	green	right	aware	1	0
683.676	0.000	trigger_201	201	683676	Trigger-In:201	152	trial_end_completed	staircase	13	green	right	aware	1	0
684.771	0.000	trigger_101	101	684771	Trigger-In:101	153	trial_start	salient	0	red	right	unaware	1	0
684.886	0.000	trigger_11	11	684886	Trigger-In:11	153	fixation_point_on	salient	0	red	right	unaware	1	0
685.531	0.000	trigger_21	21	685531	Trigger-In:21	153	grating_on	salient	0	red	right	unaware	1	0
685.591	0.000	trigger_20	20	685591	Trigger-In:20	153	grating_off	salient	0	red	right	unaware	1	0
686.241	0.000	trigger_31	31	686241	Trigger-In:31	153	targets_on_fp_color_change	salient	0	red	right	unaware	1	0
687.536	0.000	trigger_201	201	687536	Trigger-In:201	153	trial_end_completed	salient	0	red	right	unaware	1	0
688.616	0.000	trigger_101	101	688616	Trigger-In:101	154	trial_start	salient	0	red	right	unaware	1	0
688.761	0.000	trigger_11	11	688761	Trigger-In:11	154	fixation_point_on	salient	0	red	right	unaware	1	0
689.421	0.000	trigger_21	21	689421	Trigger-In:21	154	grating_on	salient	0	red	right	unaware	1	0
689.476	0.000	trigger_20	20	689476	Trigger-In:20	154	grating_off	salient	0	red	right	unaware	1	0
690.131	0.000	trigger_31	31	690131	Trigger-In:31	154	targets_on_fp_color_change	salient	0	red	right	unaware	1	0
691.196	0.000	trigger_201	201	691196	Trigger-In:201	154	trial_end_completed	salient	0	red	right	unaware	1	0
692.291	0.000	trigger_101	101	692291	Trigger-In:101	155	trial_start	salient	0	red	right	unaware	1	0
692.391	0.000	trigger_11	11	692391	Trigger-In:11	155	fixation_point_on	salient	0	red	right	unaware	1	0
693.036	0.000	trigger_21	21	693036	Trigger-In:21	155	grating_on	salient	0	red	right	unaware	1	0
693.096	0.000	trigger_20	20	693096	Trigger-In:20	155	grating_off	salient	0	red	right	unaware	1	0
693.736	0.000	trigger_31	31	693736	Trigger-In:31	155	targets_on_fp_color_change	salient	0	red	right	unaware	1	0
694.791	0.000	trigger_201	201	694791	Trigger-In:201	155	trial_end_completed	salient	0	red	right	unaware	1	0
695.886	0.000	trigger_101	101	695886	Trigger-In:101	156	trial_start	staircase	12	green	left	unaware	1	0
695.991	0.000	trigger_11	11	695991	Trigger-In:11	156	fixation_point_on	staircase	12	green	left	unaware	1	0
696.616	0.000	trigger_21	21	696616	Trigger-In:21	156	grating_on	staircase	12	green	left	unaware	1	0
696.671	0.000	trigger_20	20	696671	Trigger-In:20	156	grating_off	staircase	12	green	left	unaware	1	0
697.311	0.000	trigger_31	31	697311	Trigger-In:31	156	targets_on_fp_color_change	staircase	12	green	left	unaware	1	0
698.441	0.000	trigger_201	201	698441	Trigger-In:201	156	trial_end_completed	staircase	12	green	left	unaware	1	0
699.536	0.000	trigger_101	101	699536	Trigger-In:101	157	trial_start	staircase	13	red	right	unaware	1	0
699.646	0.000	trigger_11	11	699646	Trigger-In:11	157	fixation_point_on	staircase	13	red	right	unaware	1	0
700.291	0.000	trigger_21	21	700291	Trigger-In:21	157	grating_on	staircase	13	red	right	unaware	1	0
700.351	0.000	trigger_20	20	700351	Trigger-In:20	157	grating_off	staircase	13	red	right	unaware	1	0
701.001	0.000	trigger_31	31	701001	Trigger-In:31	157	targets_on_fp_color_change	staircase	13	red	right	unaware	1	0
701.976	0.000	trigger_201	201	701976	Trigger-In:201	157	trial_end_completed	staircase	13	red	right	unaware	1	0
703.076	0.000	trigger_101	101	703076	Trigger-In:101	158	trial_start	staircase	14	red	left	aware	1	0
703.181	0.000	trigger_11	11	703181	Trigger-In:11	158	fixation_point_on	staircase	14	red	left	aware	1	0
703.831	0.000	trigger_21	21	703831	Trigger-In:21	158	grating_on	staircase	14	red	left	aware	1	0
703.891	0.000	trigger_20	20	703891	Trigger-In:20	158	grating_off	staircase	14	red	left	aware	1	0
704.536	0.000	trigger_31	31	704536	Trigger-In:31	158	targets_on_fp_color_change	staircase	14	red	left	aware	1	0
705.691	0.000	trigger_201	201	705691	Trigger-In:201	158	trial_end_completed	staircase	14	red	left	aware	1	0
706.786	0.000	trigger_101	101	706786	Trigger-In:101	159	trial_start	staircase	13	green	right	aware	1	0
706.901	0.000	trigger_11	11	706901	Trigger-In:11	159	fixation_point_on	staircase	13	green	right	aware	1	0
707.551	0.000	trigger_21	21	707551	Trigger-In:21	159	grating_on	staircase	13	green	right	aware	1	0
707.606	0.000	trigger_20	20	707606	Trigger-In:20	159	grating_off	staircase	13	green	right	aware	1	0
708.256	0.000	trigger_31	31	708256	Trigger-In:31	159	targets_on_fp_color_change	staircase	13	green	right	aware	1	0
709.351	0.000	trigger_201	201	709351	Trigger-In:201	159	trial_end_completed	staircase	13	green	right	aware	1	0
710.441	0.000	trigger_101	101	710441	Trigger-In:101	160	trial_start	staircase	12	red	left	aware	1	0
710.546	0.000	trigger_11	11	710546	Trigger-In:11	160	fixation_point_on	staircase	12	red	left	aware	1	0
711.186	0.000	trigger_21	21	711186	Trigger-In:21	160	grating_on	staircase	12	red	left	aware	1	0
711.241	0.000	trigger_20	20	711241	Trigger-In:20	160	grating_off	staircase	12	red	left	aware	1	0
711.896	0.000	trigger_31	31	711896	Trigger-In:31	160	targets_on_fp_color_change	staircase	12	red	left	aware	1	0
712.891	0.000	trigger_201	201	712891	Trigger-In:201	160	trial_end_completed	staircase	12	red	left	aware	1	0
713.986	0.000	trigger_101	101	713986	Trigger-In:101	161	trial_start	staircase	11	red	right	unaware	1	0
714.096	0.000	trigger_11	11	714096	Trigger-In:11	161	fixation_point_on	staircase	11	red	right	unaware	1	0
714.736	0.000	trigger_21	21	714736	Trigger-In:21	161	grating_on	staircase	11	red	right	unaware	1	0
714.796	0.000	trigger_20	20	714796	Trigger-In:20	161	grating_off	staircase	11	red	right	unaware	1	0
715.446	0.000	trigger_31	31	715446	Trigger-In:31	161	targets_on_fp_color_change	staircase	11	red	right	unaware	1	0
716.681	0.000	trigger_201	201	716681	Trigger-In:201	161	trial_end_completed	staircase	11	red	right	unaware	1	0
717.781	0.000	trigger_101	101	717781	Trigger-In:101	162	trial_start	staircase	12	green	right	aware	1	0
717.901	0.000	trigger_11	11	717901	Trigger-In:11	162	fixation_point_on	staircase	12	green	right	aware	1	0
718.556	0.000	trigger_21	21	718556	Trigger-In:21	162	grating_on	staircase	12	green	right	aware	1	0
718.616	0.000	trigger_20	20	718616	Trigger-In:20	162	grating_off	staircase	12	green	right	aware	1	0
719.271	0.000	trigger_31	31	719271	Trigger-In:31	162	targets_on_fp_color_change	staircase	12	green	right	aware	1	0
720.211	0.000	trigger_201	201	720211	Trigger-In:201	162	trial_end_completed	staircase	12	green	right	aware	1	0
721.306	0.000	trigger_101	101	721306	Trigger-In:101	163	trial_start	staircase	11	green	left	unaware	1	0
721.416	0.000	trigger_11	11	721416	Trigger-In:11	163	fixation_point_on	staircase	11	green	left	unaware	1	0
722.056	0.000	trigger_21	21	722056	Trigger-In:21	163	grating_on	staircase	11	green	left	unaware	1	0
722.116	0.000	trigger_20	20	722116	Trigger-In:20	163	grating_off	staircase	11	green	left	unaware	1	0
722.766	0.000	trigger_31	31	722766	Trigger-In:31	163	targets_on_fp_color_change	staircase	11	green	left	unaware	1	0
723.736	0.000	trigger_201	201	723736	Trigger-In:201	163	trial_end_completed	staircase	11	green	left	unaware	1	0
724.831	0.000	trigger_101	101	724831	Trigger-In:101	164	trial_start	staircase	12	green	right	aware	1	0
724.941	0.000	trigger_11	11	724941	Trigger-In:11	164	fixation_point_on	staircase	12	green	right	aware	1	0
725.591	0.000	trigger_21	21	725591	Trigger-In:21	164	grating_on	staircase	12	green	right	aware	1	0
725.646	0.000	trigger_20	20	725646	Trigger-In:20	164	grating_off	staircase	12	green	right	aware	1	0
726.301	0.000	trigger_31	31	726301	Trigger-In:31	164	targets_on_fp_color_change	staircase	12	green	right	aware	1	0
727.036	0.000	trigger_201	201	727036	Trigger-In:201	164	trial_end_completed	staircase	12	green	right	aware	1	0
728.136	0.000	trigger_101	101	728136	Trigger-In:101	165	trial_start	staircase	11	green	left	unaware	1	0
728.241	0.000	trigger_11	11	728241	Trigger-In:11	165	fixation_point_on	staircase	11	green	left	unaware	1	0
728.891	0.000	trigger_21	21	728891	Trigger-In:21	165	grating_on	staircase	11	green	left	unaware	1	0
728.951	0.000	trigger_20	20	728951	Trigger-In:20	165	grating_off	staircase	11	green	left	unaware	1	0
729.601	0.000	trigger_31	31	729601	Trigger-In:31	165	targets_on_fp_color_change	staircase	11	green	left	unaware	1	0
730.546	0.000	trigger_201	201	730546	Trigger-In:201	165	trial_end_completed	staircase	11	green	left	unaware	1	0
731.641	0.000	trigger_101	101	731641	Trigger-In:101	166	trial_start	salient	0	green	left	unaware	1	0
731.771	0.000	trigger_11	11	731771	Trigger-In:11	166	fixation_point_on	salient	0	green	left	unaware	1	0
732.426	0.000	trigger_21	21	732426	Trigger-In:21	166	grating_on	salient	0	green	left	unaware	1	0
732.481	0.000	trigger_20	20	732481	Trigger-In:20	166	grating_off	salient	0	green	left	unaware	1	0
733.131	0.000	trigger_31	31	733131	Trigger-In:31	166	targets_on_fp_color_change	salient	0	green	left	unaware	1	0
734.206	0.000	trigger_201	201	734206	Trigger-In:201	166	trial_end_completed	salient	0	green	left	unaware	1	0
735.301	0.000	trigger_101	101	735301	Trigger-In:101	167	trial_start	staircase	12	red	left	aware	1	0
735.411	0.000	trigger_11	11	735411	Trigger-In:11	167	fixation_point_on	staircase	12	red	left	aware	1	0
736.071	0.000	trigger_21	21	736071	Trigger-In:21	167	grating_on	staircase	12	red	left	aware	1	0
736.131	0.000	trigger_20	20	736131	Trigger-In:20	167	grating_off	staircase	12	red	left	aware	1	0
736.786	0.000	trigger_31	31	736786	Trigger-In:31	167	targets_on_fp_color_change	staircase	12	red	left	aware	1	0
737.911	0.000	trigger_201	201	737911	Trigger-In:201	167	trial_end_completed	staircase	12	red	left	aware	1	0
739.011	0.000	trigger_101	101	739011	Trigger-In:101	168	trial_start	staircase	11	red	left	aware	1	0
739.141	0.000	trigger_11	11	739141	Trigger-In:11	168	fixation_point_on	staircase	11	red	left	aware	1	0
739.811	0.000	trigger_21	21	739811	Trigger-In:21	168	grating_on	staircase	11	red	left	aware	1	0
739.866	0.000	trigger_20	20	739866	Trigger-In:20	168	grating_off	staircase	11	red	left	aware	1	0
740.526	0.000	trigger_31	31	740526	Trigger-In:31	168	targets_on_fp_color_change	staircase	11	red	left	aware	1	0
741.201	0.000	trigger_201	201	741201	Trigger-In:201	168	trial_end_completed	staircase	11	red	left	aware	1	0
742.301	0.000	trigger_101	101	742301	Trigger-In:101	169	trial_start	staircase	10	red	left	aware	1	0
742.406	0.000	trigger_11	11	742406	Trigger-In:11	169	fixation_point_on	staircase	10	red	left	aware	1	0
743.056	0.000	trigger_21	21	743056	Trigger-In:21	169	grating_on	staircase	10	red	left	aware	1	0
743.116	0.000	trigger_20	20	743116	Trigger-In:20	169	grating_off	staircase	10	red	left	aware	1	0
743.771	0.000	trigger_31	31	743771	Trigger-In:31	169	targets_on_fp_color_change	staircase	10	red	left	aware	1	0
744.456	0.000	trigger_201	201	744456	Trigger-In:201	169	trial_end_completed	staircase	10	red	left	aware	1	0
745.566	0.000	trigger_101	101	745566	Trigger-In:101	170	trial_start	staircase	9	green	left	unaware	1	0
745.676	0.000	trigger_11	11	745676	Trigger-In:11	170	fixation_point_on	staircase	9	green	left	unaware	1	0
746.331	0.000	trigger_21	21	746331	Trigger-In:21	170	grating_on	staircase	9	green	left	unaware	1	0
746.386	0.000	trigger_20	20	746386	Trigger-In:20	170	grating_off	staircase	9	green	left	unaware	1	0
747.036	0.000	trigger_31	31	747036	Trigger-In:31	170	targets_on_fp_color_change	staircase	9	green	left	unaware	1	0
748.431	0.000	trigger_201	201	748431	Trigger-In:201	170	trial_end_completed	staircase	9	green	left	unaware	1	0
749.531	0.000	trigger_101	101	749531	Trigger-In:101	171	trial_start	absent	70	red	right	unaware	1	0
749.641	0.000	trigger_11	11	749641	Trigger-In:11	171	fixation_point_on	absent	70	red	right	unaware	1	0
750.296	0.000	trigger_21	21	750296	Trigger-In:21	171	grating_on	absent	70	red	right	unaware	1	0
750.356	0.000	trigger_20	20	750356	Trigger-In:20	171	grating_off	absent	70	red	right	unaware	1	0
751.006	0.000	trigger_31	31	751006	Trigger-In:31	171	targets_on_fp_color_change	absent	70	red	right	unaware	1	0
752.051	0.000	trigger_201	201	752051	Trigger-In:201	171	trial_end_completed	absent	70	red	right	unaware	1	0
753.431	0.000	trigger_101	101	753431	Trigger-In:101	172	trial_start	salient	0	green	left	unaware	1	0
753.681	0.000	trigger_11	11	753681	Trigger-In:11	172	fixation_point_on	salient	0	green	left	unaware	1	0
754.326	0.000	trigger_21	21	754326	Trigger-In:21	172	grating_on	salient	0	green	left	unaware	1	0
754.386	0.000	trigger_20	20	754386	Trigger-In:20	172	grating_off	salient	0	green	left	unaware	1	0
755.031	0.000	trigger_31	31	755031	Trigger-In:31	172	targets_on_fp_color_change	salient	0	green	left	unaware	1	0
756.241	0.000	trigger_201	201	756241	Trigger-In:201	172	trial_end_completed	salient	0	green	left	unaware	1	0
757.346	0.000	trigger_101	101	757346	Trigger-In:101	173	trial_start	staircase	10	green	left	unaware	1	0
757.466	0.000	trigger_11	11	757466	Trigger-In:11	173	fixation_point_on	staircase	10	green	left	unaware	1	0
758.121	0.000	trigger_21	21	758121	Trigger-In:21	173	grating_on	staircase	10	green	left	unaware	1	0
758.181	0.000	trigger_20	20	758181	Trigger-In:20	173	grating_off	staircase	10	green	left	unaware	1	0
758.821	0.000	trigger_31	31	758821	Trigger-In:31	173	targets_on_fp_color_change	staircase	10	green	left	unaware	1	0
759.801	0.000	trigger_201	201	759801	Trigger-In:201	173	trial_end_completed	staircase	10	green	left	unaware	1	0
760.901	0.000	trigger_101	101	760901	Trigger-In:101	174	trial_start	salient	0	green	left	unaware	1	0
761.006	0.000	trigger_11	11	761006	Trigger-In:11	174	fixation_point_on	salient	0	green	left	unaware	1	0
761.661	0.000	trigger_21	21	761661	Trigger-In:21	174	grating_on	salient	0	green	left	unaware	1	0
761.721	0.000	trigger_20	20	761721	Trigger-In:20	174	grating_off	salient	0	green	left	unaware	1	0
762.371	0.000	trigger_31	31	762371	Trigger-In:31	174	targets_on_fp_color_change	salient	0	green	left	unaware	1	0
763.276	0.000	trigger_201	201	763276	Trigger-In:201	174	trial_end_completed	salient	0	green	left	unaware	1	0
764.371	0.000	trigger_101	101	764371	Trigger-In:101	175	trial_start	staircase	11	green	left	unaware	1	0
764.476	0.000	trigger_11	11	764476	Trigger-In:11	175	fixation_point_on	staircase	11	green	left	unaware	1	0
765.121	0.000	trigger_21	21	765121	Trigger-In:21	175	grating_on	staircase	11	green	left	unaware	1	0
765.181	0.000	trigger_20	20	765181	Trigger-In:20	175	grating_off	staircase	11	green	left	unaware	1	0
765.841	0.000	trigger_31	31	765841	Trigger-In:31	175	targets_on_fp_color_change	staircase	11	green	left	unaware	1	0
766.621	0.000	trigger_201	201	766621	Trigger-In:201	175	trial_end_completed	staircase	11	green	left	unaware	1	0
767.721	0.000	trigger_101	101	767721	Trigger-In:101	176	trial_start	staircase	12	green	right	aware	1	0
767.826	0.000	trigger_11	11	767826	Trigger-In:11	176	fixation_point_on	staircase	12	green	right	aware	1	0
768.461	0.000	trigger_21	21	768461	Trigger-In:21	176	grating_on	staircase	12	green	right	aware	1	0
768.521	0.000	trigger_20	20	768521	Trigger-In:20	176	grating_off	staircase	12	green	right	aware	1	0
769.161	0.000	trigger_31	31	769161	Trigger-In:31	176	targets_on_fp_color_change	staircase	12	green	right	aware	1	0
769.811	0.000	trigger_201	201	769811	Trigger-In:201	176	trial_end_completed	staircase	12	green	right	aware	1	0
770.901	0.000	trigger_101	101	770901	Trigger-In:101	177	trial_start	absent	70	red	left	aware	1	0
771.016	0.000	trigger_11	11	771016	Trigger-In:11	177	fixation_point_on	absent	70	red	left	aware	1	0
771.651	0.000	trigger_21	21	771651	Trigger-In:21	177	grating_on	absent	70	red	left	aware	1	0
771.711	0.000	trigger_20	20	771711	Trigger-In:20	177	grating_off	absent	70	red	left	aware	1	0
772.351	0.000	trigger_31	31	772351	Trigger-In:31	177	targets_on_fp_color_change	absent	70	red	left	aware	1	0
773.471	0.000	trigger_201	201	773471	Trigger-In:201	177	trial_end_completed	absent	70	red	left	aware	1	0
774.566	0.000	trigger_101	101	774566	Trigger-In:101	178	trial_start	salient	0	green	left	unaware	1	0
774.676	0.000	trigger_11	11	774676	Trigger-In:11	178	fixation_point_on	salient	0	green	left	unaware	1	0
775.336	0.000	trigger_21	21	775336	Trigger-In:21	178	grating_on	salient	0	green	left	unaware	1	0
775.396	0.000	trigger_20	20	775396	Trigger-In:20	178	grating_off	salient	0	green	left	unaware	1	0
776.056	0.000	trigger_31	31	776056	Trigger-In:31	178	targets_on_fp_color_change	salient	0	green	left	unaware	1	0
777.276	0.000	trigger_201	201	777276	Trigger-In:201	178	trial_end_completed	salient	0	green	left	unaware	1	0
778.371	0.000	trigger_101	101	778371	Trigger-In:101	179	trial_start	staircase	11	green	left	unaware	1	0
778.471	0.000	trigger_11	11	778471	Trigger-In:11	179	fixation_point_on	staircase	11	green	left	unaware	1	0
779.121	0.000	trigger_21	21	779121	Trigger-In:21	179	grating_on	staircase	11	green	left	unaware	1	0
779.181	0.000	trigger_20	20	779181	Trigger-In:20	179	grating_off	staircase	11	green	left	unaware	1	0
779.836	0.000	trigger_31	31	779836	Trigger-In:31	179	targets_on_fp_color_change	staircase	11	green	left	unaware	1	0
780.856	0.000	trigger_201	201	780856	Trigger-In:201	179	trial_end_completed	staircase	11	green	left	unaware	1	0
781.961	0.000	trigger_101	101	781961	Trigger-In:101	180	trial_start	absent	70	red	left	aware	1	0
782.066	0.000	trigger_11	11	782066	Trigger-In:11	180	fixation_point_on	absent	70	red	left	aware	1	0
782.726	0.000	trigger_21	21	782726	Trigger-In:21	180	grating_on	absent	70	red	left	aware	1	0
782.781	0.000	trigger_20	20	782781	Trigger-In:20	180	grating_off	absent	70	red	left	aware	1	0
783.436	0.000	trigger_31	31	783436	Trigger-In:31	180	targets_on_fp_color_change	absent	70	red	left	aware	1	0
784.606	0.000	trigger_201	201	784606	Trigger-In:201	180	trial_end_completed	absent	70	red	left	aware	1	0
