onset	duration	trial_type	value	sample	source_annotation	trial	event_name	stim_presence	contrast	fp_color	response	awareness	trial_complete	fixation_break
68.256	0.000	trigger_101	101	68256	Trigger-In:101	1	trial_start	salient	0	green	left	unaware	1	0
68.261	0.000	trigger_255	255	68261	Trigger-In:255	1	n/a	salient	0	green	left	unaware	1	0
68.606	0.000	trigger_11	11	68606	Trigger-In:11	1	fixation_point_on	salient	0	green	left	unaware	1	0
69.406	0.000	trigger_21	21	69406	Trigger-In:21	1	grating_on	salient	0	green	left	unaware	1	0
69.491	0.000	trigger_20	20	69491	Trigger-In:20	1	grating_off	salient	0	green	left	unaware	1	0
70.271	0.000	trigger_31	31	70271	Trigger-In:31	1	targets_on_fp_color_change	salient	0	green	left	unaware	1	0
71.621	0.000	trigger_201	201	71621	Trigger-In:201	1	trial_end_completed	salient	0	green	left	unaware	1	0
72.971	0.000	trigger_101	101	72971	Trigger-In:101	2	trial_start	staircase	10	red	right	unaware	1	0
73.076	0.000	trigger_11	11	73076	Trigger-In:11	2	fixation_point_on	staircase	10	red	right	unaware	1	0
73.766	0.000	trigger_21	21	73766	Trigger-In:21	2	grating_on	staircase	10	red	right	unaware	1	0
73.831	0.000	trigger_20	20	73831	Trigger-In:20	2	grating_off	staircase	10	red	right	unaware	1	0
74.526	0.000	trigger_31	31	74526	Trigger-In:31	2	targets_on_fp_color_change	staircase	10	red	right	unaware	1	0
75.626	0.000	trigger_201	201	75626	Trigger-In:201	2	trial_end_completed	staircase	10	red	right	unaware	1	0
76.741	0.000	trigger_101	101	76741	Trigger-In:101	3	trial_start	staircase	11	green	right	aware	1	0
76.851	0.000	trigger_11	11	76851	Trigger-In:11	3	fixation_point_on	staircase	11	green	right	aware	1	0
77.541	0.000	trigger_21	21	77541	Trigger-In:21	3	grating_on	staircase	11	green	right	aware	1	0
77.601	0.000	trigger_20	20	77601	Trigger-In:20	3	grating_off	staircase	11	green	right	aware	1	0
78.291	0.000	trigger_31	31	78291	Trigger-In:31	3	targets_on_fp_color_change	staircase	11	green	right	aware	1	0
79.316	0.000	trigger_201	201	79316	Trigger-In:201	3	trial_end_completed	staircase	11	green	right	aware	1	0
80.421	0.000	trigger_101	101	80421	Trigger-In:101	4	trial_start	salient	0	red	right	unaware	1	0
80.531	0.000	trigger_11	11	80531	Trigger-In:11	4	fixation_point_on	salient	0	red	right	unaware	1	0
81.226	0.000	trigger_21	21	81226	Trigger-In:21	4	grating_on	salient	0	red	right	unaware	1	0
81.291	0.000	trigger_20	20	81291	Trigger-In:20	4	grating_off	salient	0	red	right	unaware	1	0
81.956	0.000	trigger_31	31	81956	Trigger-In:31	4	targets_on_fp_color_change	salient	0	red	right	unaware	1	0
83.041	0.000	trigger_201	201	83041	Trigger-In:201	4	trial_end_completed	salient	0	red	right	unaware	1	0
84.136	0.000	trigger_101	101	84136	Trigger-In:101	5	trial_start	staircase	10	red	left	aware	1	0
84.241	0.000	trigger_11	11	84241	Trigger-In:11	5	fixation_point_on	staircase	10	red	left	aware	1	0
84.916	0.000	trigger_21	21	84916	Trigger-In:21	5	grating_on	staircase	10	red	left	aware	1	0
84.971	0.000	trigger_20	20	84971	Trigger-In:20	5	grating_off	staircase	10	red	left	aware	1	0
85.641	0.000	trigger_31	31	85641	Trigger-In:31	5	targets_on_fp_color_change	staircase	10	red	left	aware	1	0
87.221	0.000	trigger_201	201	87221	Trigger-In:201	5	trial_end_completed	staircase	10	red	left	aware	1	0
88.326	0.000	trigger_101	101	88326	Trigger-In:101	6	trial_start	staircase	9	red	right	unaware	1	0
88.441	0.000	trigger_11	11	88441	Trigger-In:11	6	fixation_point_on	staircase	9	red	right	unaware	1	0
89.121	0.000	trigger_21	21	89121	Trigger-In:21	6	grating_on	staircase	9	red	right	unaware	1	0
89.181	0.000	trigger_20	20	89181	Trigger-In:20	6	grating_off	staircase	9	red	right	unaware	1	0
89.851	0.000	trigger_31	31	89851	Trigger-In:31	6	targets_on_fp_color_change	staircase	9	red	right	unaware	1	0
90.901	0.000	trigger_201	201	90901	Trigger-In:201	6	trial_end_completed	staircase	9	red	right	unaware	1	0
92.006	0.000	trigger_101	101	92006	Trigger-In:101	7	trial_start	staircase	10	red	left	aware	1	0
92.111	0.000	trigger_11	11	92111	Trigger-In:11	7	fixation_point_on	staircase	10	red	left	aware	1	0
92.781	0.000	trigger_21	21	92781	Trigger-In:21	7	grating_on	staircase	10	red	left	aware	1	0
92.846	0.000	trigger_20	20	92846	Trigger-In:20	7	grating_off	staircase	10	red	left	aware	1	0
93.531	0.000	trigger_31	31	93531	Trigger-In:31	7	targets_on_fp_color_change	staircase	10	red	left	aware	1	0
94.286	0.000	trigger_201	201	94286	Trigger-In:201	7	trial_end_completed	staircase	10	red	left	aware	1	0
95.396	0.000	trigger_101	101	95396	Trigger-In:101	8	trial_start	staircase	9	green	right	aware	1	0
95.501	0.000	trigger_11	11	95501	Trigger-In:11	8	fixation_point_on	staircase	9	green	right	aware	1	0
96.176	0.000	trigger_21	21	96176	Trigger-In:21	8	grating_on	staircase	9	green	right	aware	1	0
96.236	0.000	trigger_20	20	96236	Trigger-In:20	8	grating_off	staircase	9	green	right	aware	1	0
96.926	0.000	trigger_31	31	96926	Trigger-In:31	8	targets_on_fp_color_change	staircase	9	green	right	aware	1	0
98.061	0.000	trigger_201	201	98061	Trigger-In:201	8	trial_end_completed	staircase	9	green	right	aware	1	0
99.156	0.000	trigger_101	101	99156	Trigger-In:101	9	trial_start	staircase	8	red	left	aware	1	0
99.261	0.000	trigger_11	11	99261	Trigger-In:11	9	fixation_point_on	staircase	8	red	left	aware	1	0
99.956	0.000	trigger_21	21	99956	Trigger-In:21	9	grating_on	staircase	8	red	left	aware	1	0
100.016	0.000	trigger_20	20	100016	Trigger-In:20	9	grating_off	staircase	8	red	left	aware	1	0
100.711	0.000	trigger_31	31	100711	Trigger-In:31	9	targets_on_fp_color_change	staircase	8	red	left	aware	1	0
101.676	0.000	trigger_201	201	101676	Trigger-In:201	9	trial_end_completed	staircase	8	red	left	aware	1	0
102.771	0.000	trigger_101	101	102771	Trigger-In:101	10	trial_start	salient	0	red	right	unaware	1	0
102.871	0.000	trigger_11	11	102871	Trigger-In:11	10	fixation_point_on	salient	0	red	right	unaware	1	0
103.636	0.000	trigger_21	21	103636	Trigger-In:21	10	grating_on	salient	0	red	right	unaware	1	0
103.701	0.000	trigger_20	20	103701	Trigger-In:20	10	grating_off	salient	0	red	right	unaware	1	0
104.401	0.000	trigger_31	31	104401	Trigger-In:31	10	targets_on_fp_color_change	salient	0	red	right	unaware	1	0
105.436	0.000	trigger_201	201	105436	Trigger-In:201	10	trial_end_completed	salient	0	red	right	unaware	1	0
106.531	0.000	trigger_101	101	106531	Trigger-In:101	11	trial_start	staircase	7	red	right	unaware	1	0
106.636	0.000	trigger_11	11	106636	Trigger-In:11	11	fixation_point_on	staircase	7	red	right	unaware	1	0
107.346	0.000	trigger_21	21	107346	Trigger-In:21	11	grating_on	staircase	7	red	right	unaware	1	0
107.401	0.000	trigger_20	20	107401	Trigger-In:20	11	grating_off	staircase	7	red	right	unaware	1	0
108.106	0.000	trigger_31	31	108106	Trigger-In:31	11	targets_on_fp_color_change	staircase	7	red	right	unaware	1	0
109.181	0.000	trigger_201	201	109181	Trigger-In:201	11	trial_end_completed	staircase	7	red	right	unaware	1	0
110.276	0.000	trigger_101	101	110276	Trigger-In:101	12	trial_start	staircase	8	green	left	unaware	1	0
110.391	0.000	trigger_11	11	110391	Trigger-In:11	12	fixation_point_on	staircase	8	green	left	unaware	1	0
111.071	0.000	trigger_21	21	111071	Trigger-In:21	12	grating_on	staircase	8	green	left	unaware	1	0
111.136	0.000	trigger_20	20	111136	Trigger-In:20	12	grating_off	staircase	8	green	left	unaware	1	0
111.816	0.000	trigger_31	31	111816	Trigger-In:31	12	targets_on_fp_color_change	staircase	8	green	left	unaware	1	0
113.041	0.000	trigger_201	201	113041	Trigger-In:201	12	trial_end_completed	staircase	8	green	left	unaware	1	0
114.136	0.000	trigger_101	101	114136	Trigger-In:101	13	trial_start	staircase	9	red	right	unaware	1	0
114.241	0.000	trigger_11	11	114241	Trigger-In:11	13	fixation_point_on	staircase	9	red	right	unaware	1	0
114.921	0.000	trigger_21	21	114921	Trigger-In:21	13	grating_on	staircase	9	red	right	unaware	1	0
114.986	0.000	trigger_20	20	114986	Trigger-In:20	13	grating_off	staircase	9	red	right	unaware	1	0
115.666	0.000	trigger_31	31	115666	Trigger-In:31	13	targets_on_fp_color_change	staircase	9	red	right	unaware	1	0
116.666	0.000	trigger_201	201	116666	Trigger-In:201	13	trial_end_completed	staircase	9	red	right	unaware	1	0
117.761	0.000	trigger_101	101	117761	Trigger-In:101	14	trial_start	staircase	10	red	right	unaware	1	0
117.871	0.000	trigger_11	11	117871	Trigger-In:11	14	fixation_point_on	staircase	10	red	right	unaware	1	0
118.531	0.000	trigger_21	21	118531	Trigger-In:21	14	grating_on	staircase	10	red	right	unaware	1	0
118.596	0.000	trigger_20	20	118596	Trigger-In:20	14	grating_off	staircase	10	red	right	unaware	1	0
119.296	0.000	trigger_31	31	119296	Trigger-In:31	14	targets_on_fp_color_change	staircase	10	red	right	unaware	1	0
120.311	0.000	trigger_201	201	120311	Trigger-In:201	14	trial_end_completed	staircase	10	red	right	unaware	1	0
121.401	0.000	trigger_101	101	121401	Trigger-In:101	15	trial_start	absent	70	green	right	aware	1	0
121.511	0.000	trigger_11	11	121511	Trigger-In:11	15	fixation_point_on	absent	70	green	right	aware	1	0
122.166	0.000	trigger_21	21	122166	Trigger-In:21	15	grating_on	absent	70	green	right	aware	1	0
122.221	0.000	trigger_20	20	122221	Trigger-In:20	15	grating_off	absent	70	green	right	aware	1	0
122.886	0.000	trigger_31	31	122886	Trigger-In:31	15	targets_on_fp_color_change	absent	70	green	right	aware	1	0
123.791	0.000	trigger_201	201	123791	Trigger-In:201	15	trial_end_completed	absent	70	green	right	aware	1	0
124.896	0.000	trigger_101	101	124896	Trigger-In:101	16	trial_start	staircase	11	green	right	aware	1	0
125.001	0.000	trigger_11	11	125001	Trigger-In:11	16	fixation_point_on	staircase	11	green	right	aware	1	0
125.686	0.000	trigger_21	21	125686	Trigger-In:21	16	grating_on	staircase	11	green	right	aware	1	0
125.746	0.000	trigger_20	20	125746	Trigger-In:20	16	grating_off	staircase	11	green	right	aware	1	0
126.406	0.000	trigger_31	31	126406	Trigger-In:31	16	targets_on_fp_color_change	staircase	11	green	right	aware	1	0
127.161	0.000	trigger_201	201	127161	Trigger-In:201	16	trial_end_completed	staircase	11	green	right	aware	1	0
128.256	0.000	trigger_101	101	128256	Trigger-In:101	17	trial_start	staircase	10	red	left	aware	1	0
128.366	0.000	trigger_11	11	128366	Trigger-In:11	17	fixation_point_on	staircase	10	red	left	aware	1	0
129.021	0.000	trigger_21	21	129021	Trigger-In:21	17	grating_on	staircase	10	red	left	aware	1	0
129.076	0.000	trigger_20	20	129076	Trigger-In:20	17	grating_off	staircase	10	red	left	aware	1	0
129.731	0.000	trigger_31	31	129731	Trigger-In:31	17	targets_on_fp_color_change	staircase	10	red	left	aware	1	0
130.891	0.000	trigger_201	201	130891	Trigger-In:201	17	trial_end_completed	staircase	10	red	left	aware	1	0
131.991	0.000	trigger_101	101	131991	Trigger-In:101	18	trial_start	staircase	9	red	right	unaware	1	0
132.096	0.000	trigger_11	11	132096	Trigger-In:11	18	fixation_point_on	staircase	9	red	right	unaware	1	0
132.771	0.000	trigger_21	21	132771	Trigger-In:21	18	grating_on	staircase	9	red	right	unaware	1	0
132.836	0.000	trigger_20	20	132836	Trigger-In:20	18	grating_off	staircase	9	red	right	unaware	1	0
133.531	0.000	trigger_31	31	133531	Trigger-In:31	18	targets_on_fp_color_change	staircase	9	red	right	unaware	1	0
134.501	0.000	trigger_201	201	134501	Trigger-In:201	18	trial_end_completed	staircase	9	red	right	unaware	1	0
135.601	0.000	trigger_101	101	135601	Trigger-In:101	19	trial_start	staircase	10	green	right	aware	1	0
135.711	0.000	trigger_11	11	135711	Trigger-In:11	19	fixation_point_on	staircase	10	green	right	aware	1	0
136.391	0.000	trigger_21	21	136391	Trigger-In:21	19	grating_on	staircase	10	green	right	aware	1	0
136.446	0.000	trigger_20	20	136446	Trigger-In:20	19	grating_off	staircase	10	green	right	aware	1	0
137.126	0.000	trigger_31	31	137126	Trigger-In:31	19	targets_on_fp_color_change	staircase	10	green	right	aware	1	0
138.126	0.000	trigger_201	201	138126	Trigger-In:201	19	trial_end_completed	staircase	10	green	right	aware	1	0
139.226	0.000	trigger_101	101	139226	Trigger-In:101	20	trial_start	staircase	9	red	right	unaware	1	0
139.631	0.000	trigger_11	11	139631	Trigger-In:11	20	fixation_point_on	staircase	9	red	right	unaware	1	0
140.321	0.000	trigger_21	21	140321	Trigger-In:21	20	grating_on	staircase	9	red	right	unaware	1	0
140.381	0.000	trigger_20	20	140381	Trigger-In:20	20	grating_off	staircase	9	red	right	unaware	1	0
141.061	0.000	trigger_31	31	141061	Trigger-In:31	20	targets_on_fp_color_change	staircase	9	red	right	unaware	1	0
143.226	0.000	trigger_201	201	143226	Trigger-In:201	20	trial_end_completed	staircase	9	red	right	unaware	1	0
144.331	0.000	trigger_101	101	144331	Trigger-In:101	21	trial_start	staircase	10	red	right	unaware	1	0
144.436	0.000	trigger_11	11	144436	Trigger-In:11	21	fixation_point_on	staircase	10	red	right	unaware	1	0
145.111	0.000	trigger_21	21	145111	Trigger-In:21	21	grating_on	staircase	10	red	right	unaware	1	0
145.176	0.000	trigger_20	20	145176	Trigger-In:20	21	grating_off	staircase	10	red	right	unaware	1	0
145.836	0.000	trigger_31	31	145836	Trigger-In:31	21	targets_on_fp_color_change	staircase	10	red	right	unaware	1	0
147.321	0.000	trigger_201	201	147321	Trigger-In:201	21	trial_end_completed	staircase	10	red	right	unaware	1	0
148.421	0.000	trigger_101	101	148421	Trigger-In:101	22	trial_start	salient	0	red	right	unaware	1	0
148.536	0.000	trigger_11	11	148536	Trigger-In:11	22	fixation_point_on	salient	0	red	right	unaware	1	0
149.211	0.000	trigger_21	21	149211	Trigger-In:21	22	grating_on	salient	0	red	right	unaware	1	0
149.276	0.000	trigger_20	20	149276	Trigger-In:20	22	grating_off	salient	0	red	right	unaware	1	0
149.946	0.000	trigger_31	31	149946	Trigger-In:31	22	targets_on_fp_color_change	salient	0	red	right	unaware	1	0
151.156	0.000	trigger_201	201	151156	Trigger-In:201	22	trial_end_completed	salient	0	red	right	unaware	1	0
152.251	0.000	trigger_101	101	152251	Trigger-In:101	23	trial_start	staircase	11	red	left	aware	1	0
152.361	0.000	trigger_11	11	152361	Trigger-In:11	23	fixation_point_on	staircase	11	red	left	aware	1	0
153.051	0.000	trigger_21	21	153051	Trigger-In:21	23	grating_on	staircase	11	red	left	aware	1	0
153.121	0.000	trigger_20	20	153121	Trigger-In:20	23	grating_off	staircase	11	red	left	aware	1	0
153.816	0.000	trigger_31	31	153816	Trigger-In:31	23	targets_on_fp_color_change	staircase	11	red	left	aware	1	0
154.541	0.000	trigger_201	201	154541	Trigger-In:201	23	trial_end_completed	staircase	11	red	left	aware	1	0
155.631	0.000	trigger_101	101	155631	Trigger-In:101	24	trial_start	salient	0	red	right	unaware	1	0
155.741	0.000	trigger_11	11	155741	Trigger-In:11	24	fixation_point_on	salient	0	red	right	unaware	1	0
156.426	0.000	trigger_21	21	156426	Trigger-In:21	24	grating_on	salient	0	red	right	unaware	1	0
156.501	0.000	trigger_20	20	156501	Trigger-In:20	24	grating_off	salient	0	red	right	unaware	1	0
157.196	0.000	trigger_31	31	157196	Trigger-In:31	24	targets_on_fp_color_change	salient	0	red	right	unaware	1	0
158.241	0.000	trigger_201	201	158241	Trigger-In:201	24	trial_end_completed	salient	0	red	right	unaware	1	0
159.336	0.000	trigger_101	101	159336	Trigger-In:101	25	trial_start	staircase	10	green	right	aware	1	0
159.436	0.000	trigger_11	11	159436	Trigger-In:11	25	fixation_point_on	staircase	10	green	right	aware	1	0
160.126	0.000	trigger_21	21	160126	Trigger-In:21	25	grating_on	staircase	10	green	right	aware	1	0
160.186	0.000	trigger_20	20	160186	Trigger-In:20	25	grating_off	staircase	10	green	right	aware	1	0
160.881	0.000	trigger_31	31	160881	Trigger-In:31	25	targets_on_fp_color_change	staircase	10	green	right	aware	1	0
161.841	0.000	trigger_201	201	161841	Trigger-In:201	25	trial_end_completed	staircase	10	green	right	aware	1	0
162.931	0.000	trigger_101	101	162931	Trigger-In:101	26	trial_start	staircase	9	red	left	aware	1	0
163.036	0.000	trigger_11	11	163036	Trigger-In:11	26	fixation_point_on	staircase	9	red	left	aware	1	0
163.666	0.000	trigger_21	21	163666	Trigger-In:21	26	grating_on	staircase	9	red	left	aware	1	0
163.721	0.000	trigger_20	20	163721	Trigger-In:20	26	grating_off	staircase	9	red	left	aware	1	0
164.351	0.000	trigger_31	31	164351	Trigger-In:31	26	targets_on_fp_color_change	staircase	9	red	left	aware	1	0
165.451	0.000	trigger_201	201	165451	Trigger-In:201	26	trial_end_completed	staircase	9	red	left	aware	1	0
166.556	0.000	trigger_101	101	166556	Trigger-In:101	27	trial_start	staircase	8	red	left	aware	1	0
166.701	0.000	trigger_11	11	166701	Trigger-In:11	27	fixation_point_on	staircase	8	red	left	aware	1	0
167.376	0.000	trigger_21	21	167376	Trigger-In:21	27	grating_on	staircase	8	red	left	aware	1	0
167.436	0.000	trigger_20	20	167436	Trigger-In:20	27	grating_off	staircase	8	red	left	aware	1	0
168.101	0.000	trigger_31	31	168101	Trigger-In:31	27	targets_on_fp_color_change	staircase	8	red	left	aware	1	0
168.791	0.000	trigger_201	201	168791	Trigger-In:201	27	trial_end_completed	staircase	8	red	left	aware	1	0
169.891	0.000	trigger_101	101	169891	Trigger-In:101	28	trial_start	staircase	7	green	right	aware	1	0
170.001	0.000	trigger_11	11	170001	Trigger-In:11	28	fixation_point_on	staircase	7	green	right	aware	1	0
170.696	0.000	trigger_21	21	170696	Trigger-In:21	28	grating_on	staircase	7	green	right	aware	1	0
170.756	0.000	trigger_20	20	170756	Trigger-In:20	28	grating_off	staircase	7	green	right	aware	1	0
171.421	0.000	trigger_31	31	171421	Trigger-In:31	28	targets_on_fp_color_change	staircase	7	green	right	aware	1	0
172.431	0.000	trigger_201	201	172431	Trigger-In:201	28	trial_end_completed	staircase	7	green	right	aware	1	0
173.531	0.000	trigger_101	101	173531	Trigger-In:101	29	trial_start	staircase	6	green	left	unaware	1	0
173.636	0.000	trigger_11	11	173636	Trigger-In:11	29	fixation_point_on	staircase	6	green	left	unaware	1	0
174.316	0.000	trigger_21	21	174316	Trigger-In:21	29	grating_on	staircase	6	green	left	unaware	1	0
174.376	0.000	trigger_20	20	174376	Trigger-In:20	29	grating_off	staircase	6	green	left	unaware	1	0
175.071	0.000	trigger_31	31	175071	Trigger-In:31	29	targets_on_fp_color_change	staircase	6	green	left	unaware	1	0
176.831	0.000	trigger_201	201	176831	Trigger-In:201	29	trial_end_completed	staircase	6	green	left	unaware	1	0
177.931	0.000	trigger_101	101	177931	Trigger-In:101	30	trial_start	salient	0	green	left	unaware	1	0
178.046	0.000	trigger_11	11	178046	Trigger-In:11	30	fixation_point_on	salient	0	green	left	unaware	1	0
178.726	0.000	trigger_21	21	178726	Trigger-In:21	30	grating_on	salient	0	green	left	unaware	1	0
178.791	0.000	trigger_20	20	178791	Trigger-In:20	30	grating_off	salient	0	green	left	unaware	1	0
179.471	0.000	trigger_31	31	179471	Trigger-In:31	30	targets_on_fp_color_change	salient	0	green	left	unaware	1	0
180.401	0.000	trigger_201	201	180401	Trigger-In:201	30	trial_end_completed	salient	0	green	left	unaware	1	0
181.496	0.000	trigger_101	101	181496	Trigger-In:101	31	trial_start	staircase	7	red	right	unaware	1	0
181.606	0.000	trigger_11	11	181606	Trigger-In:11	31	fixation_point_on	staircase	7	red	right	unaware	1	0
182.281	0.000	trigger_21	21	182281	Trigger-In:21	31	grating_on	staircase	7	red	right	unaware	1	0
182.341	0.000	trigger_20	20	182341	Trigger-In:20	31	grating_off	staircase	7	red	right	unaware	1	0
183.036	0.000	trigger_31	31	183036	Trigger-In:31	31	targets_on_fp_color_change	staircase	7	red	right	unaware	1	0
184.386	0.000	trigger_201	201	184386	Trigger-In:201	31	trial_end_completed	staircase	7	red	right	unaware	1	0
185.476	0.000	trigger_101	101	185476	Trigger-In:101	32	trial_start	salient	0	green	right	aware	1	0
185.576	0.000	trigger_11	11	185576	Trigger-In:11	32	fixation_point_on	salient	0	green	right	aware	1	0
186.256	0.000	trigger_21	21	186256	Trigger-In:21	32	grating_on	salient	0	green	right	aware	1	0
186.321	0.000	trigger_20	20	186321	Trigger-In:20	32	grating_off	salient	0	green	right	aware	1	0
187.001	0.000	trigger_31	31	187001	Trigger-In:31	32	targets_on_fp_color_change	salient	0	green	right	aware	1	0
188.021	0.000	trigger_201	201	188021	Trigger-In:201	32	trial_end_completed	salient	0	green	right	aware	1	0
189.396	0.000	trigger_101	101	189396	Trigger-In:101	33	trial_start	staircase	8	red	left	aware	1	0
189.501	0.000	trigger_11	11	189501	Trigger-In:11	33	fixation_point_on	staircase	8	red	left	aware	1	0
190.181	0.000	trigger_21	21	190181	Trigger-In:21	33	grating_on	staircase	8	red	left	aware	1	0
190.246	0.000	trigger_20	20	190246	Trigger-In:20	33	grating_off	staircase	8	red	left	aware	1	0
190.936	0.000	trigger_31	31	190936	Trigger-In:31	33	targets_on_fp_color_change	staircase	8	red	left	aware	1	0
192.576	0.000	trigger_201	201	192576	Trigger-In:201	33	trial_end_completed	staircase	8	red	left	aware	1	0
193.666	0.000	trigger_101	101	193666	Trigger-In:101	34	trial_start	staircase	7	red	right	unaware	1	0
193.771	0.000	trigger_11	11	193771	Trigger-In:11	34	fixation_point_on	staircase	7	red	right	unaware	1	0
194.461	0.000	trigger_21	21	194461	Trigger-In:21	34	grating_on	staircase	7	red	right	unaware	1	0
194.521	0.000	trigger_20	20	194521	Trigger-In:20	34	grating_off	staircase	7	red	right	unaware	1	0
195.201	0.000	trigger_31	31	195201	Trigger-In:31	34	targets_on_fp_color_change	staircase	7	red	right	unaware	1	0
196.486	0.000	trigger_201	201	196486	Trigger-In:201	34	trial_end_completed	staircase	7	red	right	unaware	1	0
197.576	0.000	trigger_101	101	197576	Trigger-In:101	35	trial_start	staircase	8	red	right	unaware	1	0
197.686	0.000	trigger_11	11	197686	Trigger-In:11	35	fixation_point_on	staircase	8	red	right	unaware	1	0
198.366	0.000	trigger_21	21	198366	Trigger-In:21	35	grating_on	staircase	8	red	right	unaware	1	0
198.426	0.000	trigger_20	20	198426	Trigger-In:20	35	grating_off	staircase	8	red	right	unaware	1	0
199.126	0.000	trigger_31	31	199126	Trigger-In:31	35	targets_on_fp_color_change	staircase	8	red	right	unaware	1	0
200.066	0.000	trigger_201	201	200066	Trigger-In:201	35	trial_end_completed	staircase	8	red	right	unaware	1	0
201.166	0.000	trigger_101	101	201166	Trigger-In:101	36	trial_start	salient	0	green	left	unaware	1	0
201.271	0.000	trigger_11	11	201271	Trigger-In:11	36	fixation_point_on	salient	0	green	left	unaware	1	0
201.936	0.000	trigger_21	21	201936	Trigger-In:21	36	grating_on	salient	0	green	left	unaware	1	0
201.996	0.000	trigger_20	20	201996	Trigger-In:20	36	grating_off	salient	0	green	left	unaware	1	0
202.676	0.000	trigger_31	31	202676	Trigger-In:31	36	targets_on_fp_color_change	salient	0	green	left	unaware	1	0
204.081	0.000	trigger_201	201	204081	Trigger-In:201	36	trial_end_completed	salient	0	green	left	unaware	1	0
205.176	0.000	trigger_101	101	205176	Trigger-In:101	37	trial_start	salient	0	red	right	unaware	1	0
205.286	0.000	trigger_11	11	205286	Trigger-In:11	37	fixation_point_on	salient	0	red	right	unaware	1	0
205.966	0.000	trigger_21	21	205966	Trigger-In:21	37	grating_on	salient	0	red	right	unaware	1	0
206.026	0.000	trigger_20	20	206026	Trigger-In:20	37	grating_off	salient	0	red	right	unaware	1	0
206.711	0.000	trigger_31	31	206711	Trigger-In:31	37	targets_on_fp_color_change	salient	0	red	right	unaware	1	0
207.796	0.000	trigger_201	201	207796	Trigger-In:201	37	trial_end_completed	salient	0	red	right	unaware	1	0
208.896	0.000	trigger_101	101	208896	Trigger-In:101	38	trial_start	staircase	9	green	left	unaware	1	0
208.996	0.000	trigger_11	11	208996	Trigger-In:11	38	fixation_point_on	staircase	9	green	left	unaware	1	0
209.671	0.000	trigger_21	21	209671	Trigger-In:21	38	grating_on	staircase	9	green	left	unaware	1	0
209.736	0.000	trigger_20	20	209736	Trigger-In:20	38	grating_off	staircase	9	green	left	unaware	1	0
210.401	0.000	trigger_31	31	210401	Trigger-In:31	38	targets_on_fp_color_change	staircase	9	green	left	unaware	1	0
211.401	0.000	trigger_201	201	211401	Trigger-In:201	38	trial_end_completed	staircase	9	green	left	unaware	1	0
212.501	0.000	trigger_101	101	212501	Trigger-In:101	39	trial_start	salient	0	green	left	unaware	1	0
212.611	0.000	trigger_11	11	212611	Trigger-In:11	39	fixation_point_on	salient	0	green	left	unaware	1	0
213.306	0.000	trigger_21	21	213306	Trigger-In:21	39	grating_on	salient	0	green	left	unaware	1	0
213.366	0.000	trigger_20	20	213366	Trigger-In:20	39	grating_off	salient	0	green	left	unaware	1	0
214.046	0.000	trigger_31	31	214046	Trigger-In:31	39	targets_on_fp_color_change	salient	0	green	left	unaware	1	0
214.991	0.000	trigger_201	201	214991	Trigger-In:201	39	trial_end_completed	salient	0	green	left	unaware	1	0
216.096	0.000	trigger_101	101	216096	Trigger-In:101	40	trial_start	staircase	10	red	left	aware	1	0
216.201	0.000	trigger_11	11	216201	Trigger-In:11	40	fixation_point_on	staircase	10	red	left	aware	1	0
216.866	0.000	trigger_21	21	216866	Trigger-In:21	40	grating_on	staircase	10	red	left	aware	1	0
216.926	0.000	trigger_20	20	216926	Trigger-In:20	40	grating_off	staircase	10	red	left	aware	1	0
217.576	0.000	trigger_31	31	217576	Trigger-In:31	40	targets_on_fp_color_change	staircase	10	red	left	aware	1	0
218.686	0.000	trigger_201	201	218686	Trigger-In:201	40	trial_end_completed	staircase	10	red	left	aware	1	0
219.781	0.000	trigger_101	101	219781	Trigger-In:101	41	trial_start	staircase	9	red	right	unaware	1	0
219.896	0.000	trigger_11	11	219896	Trigger-In:11	41	fixation_point_on	staircase	9	red	right	unaware	1	0
220.581	0.000	trigger_21	21	220581	Trigger-In:21	41	grating_on	staircase	9	red	right	unaware	1	0
220.646	0.000	trigger_20	20	220646	Trigger-In:20	41	grating_off	staircase	9	red	right	unaware	1	0
221.316	0.000	trigger_31	31	221316	Trigger-In:31	41	targets_on_fp_color_change	staircase	9	red	right	unaware	1	0
222.386	0.000	trigger_201	201	222386	Trigger-In:201	41	trial_end_completed	staircase	9	red	right	unaware	1	0
223.486	0.000	trigger_101	101	223486	Trigger-In:101	42	trial_start	salient	0	red	right	unaware	1	0
223.586	0.000	trigger_11	11	223586	Trigger-In:11	42	fixation_point_on	salient	0	red	right	unaware	1	0
224.261	0.000	trigger_21	21	224261	Trigger-In:21	42	grating_on	salient	0	red	right	unaware	1	0
224.321	0.000	trigger_20	20	224321	Trigger-In:20	42	grating_off	salient	0	red	right	unaware	1	0
224.996	0.000	trigger_31	31	224996	Trigger-In:31	42	targets_on_fp_color_change	salient	0	red	right	unaware	1	0
226.356	0.000	trigger_201	201	226356	Trigger-In:201	42	trial_end_completed	salient	0	red	right	unaware	1	0
227.451	0.000	trigger_101	101	227451	Trigger-In:101	43	trial_start	salient	0	red	right	unaware	1	0
227.556	0.000	trigger_11	11	227556	Trigger-In:11	43	fixation_point_on	salient	0	red	right	unaware	1	0
228.191	0.000	trigger_21	21	228191	Trigger-In:21	43	grating_on	salient	0	red	right	unaware	1	0
228.251	0.000	trigger_20	20	228251	Trigger-In:20	43	grating_off	salient	0	red	right	unaware	1	0
228.926	0.000	trigger_31	31	228926	Trigger-In:31	43	targets_on_fp_color_change	salient	0	red	right	unaware	1	0
229.946	0.000	trigger_201	201	229946	Trigger-In:201	43	trial_end_completed	salient	0	red	right	unaware	1	0
231.051	0.000	trigger_101	101	231051	Trigger-In:101	44	trial_start	staircase	10	green	left	unaware	1	0
231.051	0.000	trigger_255	255	231051	Trigger-In:255	44	n/a	staircase	10	green	left	unaware	1	0
231.156	0.000	trigger_11	11	231156	Trigger-In:11	44	fixation_point_on	staircase	10	green	left	unaware	1	0
231.831	0.000	trigger_21	21	231831	Trigger-In:21	44	grating_on	staircase	10	green	left	unaware	1	0
231.886	0.000	trigger_20	20	231886	Trigger-In:20	44	grating_off	staircase	10	green	left	unaware	1	0
232.576	0.000	trigger_31	31	232576	Trigger-In:31	44	targets_on_fp_color_change	staircase	10	green	left	unaware	1	0
233.976	0.000	trigger_201	201	233976	Trigger-In:201	44	trial_end_completed	staircase	10	green	left	unaware	1	0
235.071	0.000	trigger_101	101	235071	Trigger-In:101	45	trial_start	absent	70	green	right	aware	1	0
235.176	0.000	trigger_11	11	235176	Trigger-In:11	45	fixation_point_on	absent	70	green	right	aware	1	0
235.846	0.000	trigger_21	21	235846	Trigger-In:21	45	grating_on	absent	70	green	right	aware	1	0
235.916	0.000	trigger_20	20	235916	Trigger-In:20	45	grating_off	absent	70	green	right	aware	1	0
236.601	0.000	trigger_31	31	236601	Trigger-In:31	45	targets_on_fp_color_change	absent	70	green	right	aware	1	0
237.376	0.000	trigger_201	201	237376	Trigger-In:201	45	trial_end_completed	absent	70	green	right	aware	1	0
238.476	0.000	trigger_101	101	238476	Trigger-In:101	46	trial_start	absent	70	green	right	aware	1	0
238.856	0.000	trigger_11	11	238856	Trigger-In:11	46	fixation_point_on	absent	70	green	right	aware	1	0
239.541	0.000	trigger_21	21	239541	Trigger-In:21	46	grating_on	absent	70	green	right	aware	1	0
239.601	0.000	trigger_20	20	239601	Trigger-In:20	46	grating_off	absent	70	green	right	aware	1	0
240.281	0.000	trigger_31	31	240281	Trigger-In:31	46	targets_on_fp_color_change	absent	70	green	right	aware	1	0
240.956	0.000	trigger_201	201	240956	Trigger-In:201	46	trial_end_completed	absent	70	green	right	aware	1	0
242.056	0.000	trigger_101	101	242056	Trigger-In:101	47	trial_start	staircase	11	green	right	aware	1	0
242.311	0.000	trigger_11	11	242311	Trigger-In:11	47	fixation_point_on	staircase	11	green	right	aware	1	0
242.976	0.000	trigger_21	21	242976	Trigger-In:21	47	grating_on	staircase	11	green	right	aware	1	0
243.036	0.000	trigger_20	20	243036	Trigger-In:20	47	grating_off	staircase	11	green	right	aware	1	0
243.716	0.000	trigger_31	31	243716	Trigger-In:31	47	targets_on_fp_color_change	staircase	11	green	right	aware	1	0
244.461	0.000	trigger_201	201	244461	Trigger-In:201	47	trial_end_completed	staircase	11	green	right	aware	1	0
245.561	0.000	trigger_101	101	245561	Trigger-In:101	48	trial_start	staircase	10	green	right	aware	1	0
245.666	0.000	trigger_11	11	245666	Trigger-In:11	48	fixation_point_on	staircase	10	green	right	aware	1	0
246.346	0.000	trigger_21	21	246346	Trigger-In:21	48	grating_on	staircase	10	green	right	aware	1	0
246.426	0.000	trigger_20	20	246426	Trigger-In:20	48	grating_off	staircase	10	green	right	aware	1	0
247.106	0.000	trigger_31	31	247106	Trigger-In:31	48	targets_on_fp_color_change	staircase	10	green	right	aware	1	0
247.801	0.000	trigger_201	201	247801	Trigger-In:201	48	trial_end_completed	staircase	10	green	right	aware	1	0
248.891	0.000	trigger_101	101	248891	Trigger-In:101	49	trial_start	staircase	9	green	left	unaware	1	0
249.001	0.000	trigger_11	11	249001	Trigger-In:11	49	fixation_point_on	staircase	9	green	left	unaware	1	0
249.681	0.000	trigger_21	21	249681	Trigger-In:21	49	grating_on	staircase	9	green	left	unaware	1	0
249.746	0.000	trigger_20	20	249746	Trigger-In:20	49	grating_off	staircase	9	green	left	unaware	1	0
250.416	0.000	trigger_31	31	250416	Trigger-In:31	49	targets_on_fp_color_change	staircase	9	green	left	unaware	1	0
251.336	0.000	trigger_201	201	251336	Trigger-In:201	49	trial_end_completed	staircase	9	green	left	unaware	1	0
252.431	0.000	trigger_101	101	252431	Trigger-In:101	50	trial_start	absent	70	red	left	aware	1	0
252.536	0.000	trigger_11	11	252536	Trigger-In:11	50	fixation_point_on	absent	70	red	left	aware	1	0
253.206	0.000	trigger_21	21	253206	Trigger-In:21	50	grating_on	absent	70	red	left	aware	1	0
253.266	0.000	trigger_20	20	253266	Trigger-In:20	50	grating_off	absent	70	red	left	aware	1	0
253.941	0.000	trigger_31	31	253941	Trigger-In:31	50	targets_on_fp_color_change	absent	70	red	left	aware	1	0
255.406	0.000	trigger_201	201	255406	Trigger-In:201	50	trial_end_completed	absent	70	red	left	aware	1	0
256.506	0.000	trigger_101	101	256506	Trigger-In:101	51	trial_start	salient	0	red	right	unaware	1	0
256.611	0.000	trigger_11	11	256611	Trigger-In:11	51	fixation_point_on	salient	0	red	right	unaware	1	0
257.291	0.000	trigger_21	21	257291	Trigger-In:21	51	grating_on	salient	0	red	right	unaware	1	0
257.351	0.000	trigger_20	20	257351	Trigger-In:20	51	grating_off	salient	0	red	right	unaware	1	0
258.036	0.000	trigger_31	31	258036	Trigger-In:31	51	targets_on_fp_color_change	salient	0	red	right	unaware	1	0
259.361	0.000	trigger_201	201	259361	Trigger-In:201	51	trial_end_completed	salient	0	red	right	unaware	1	0
260.456	0.000	trigger_101	101	260456	Trigger-In:101	52	trial_start	absent	70	red	left	aware	1	0
260.566	0.000	trigger_11	11	260566	Trigger-In:11	52	fixation_point_on	absent	70	red	left	aware	1	0
261.246	0.000	trigger_21	21	261246	Trigger-In:21	52	grating_on	absent	70	red	left	aware	1	0
261.306	0.000	trigger_20	20	261306	Trigger-In:20	52	grating_off	absent	70	red	left	aware	1	0
262.011	0.000	trigger_31	31	262011	Trigger-In:31	52	targets_on_fp_color_change	absent	70	red	left	aware	1	0
263.126	0.000	trigger_201	201	263126	Trigger-In:201	52	trial_end_completed	absent	70	red	left	aware	1	0
264.226	0.000	trigger_101	101	264226	Trigger-In:101	53	trial_start	staircase	10	red	left	aware	1	0
264.331	0.000	trigger_11	11	264331	Trigger-In:11	53	fixation_point_on	staircase	10	red	left	aware	1	0
265.006	0.000	trigger_21	21	265006	Trigger-In:21	53	grating_on	staircase	10	red	left	aware	1	0
265.066	0.000	trigger_20	20	265066	Trigger-In:20	53	grating_off	staircase	10	red	left	aware	1	0
265.746	0.000	trigger_31	31	265746	Trigger-In:31	53	targets_on_fp_color_change	staircase	10	red	left	aware	1	0
266.496	0.000	trigger_201	201	266496	Trigger-In:201	53	trial_end_completed	staircase	10	red	left	aware	1	0
267.596	0.000	trigger_101	101	267596	Trigger-In:101	54	trial_start	staircase	9	red	right	unaware	1	0
267.716	0.000	trigger_11	11	267716	Trigger-In:11	54	fixation_point_on	staircase	9	red	right	unaware	1	0
268.396	0.000	trigger_21	21	268396	Trigger-In:21	54	grating_on	staircase	9	red	right	unaware	1	0
268.451	0.000	trigger_20	20	268451	Trigger-In:20	54	grating_off	staircase	9	red	right	unaware	1	0
269.111	0.000	trigger_31	31	269111	Trigger-In:31	54	targets_on_fp_color_change	staircase	9	red	right	unaware	1	0
270.066	0.000	trigger_201	201	270066	Trigger-In:201	54	trial_end_completed	staircase	9	red	right	unaware	1	0
271.161	0.000	trigger_101	101	271161	Trigger-In:101	55	trial_start	staircase	10	green	right	aware	1	0
271.266	0.000	trigger_11	11	271266	Trigger-In:11	55	fixation_point_on	staircase	10	green	right	aware	1	0
271.946	0.000	trigger_21	21	271946	Trigger-In:21	55	grating_on	staircase	10	green	right	aware	1	0
272.001	0.000	trigger_20	20	272001	Trigger-In:20	55	grating_off	staircase	10	green	right	aware	1	0
272.686	0.000	trigger_31	31	272686	Trigger-In:31	55	targets_on_fp_color_change	staircase	10	green	right	aware	1	0
273.561	0.000	trigger_201	201	273561	Trigger-In:201	55	trial_end_completed	staircase	10	green	right	aware	1	0
274.656	0.000	trigger_101	101	274656	Trigger-In:101	56	trial_start	staircase	9	green	right	aware	1	0
274.916	0.000	trigger_11	11	274916	Trigger-In:11	56	fixation_point_on	staircase	9	green	right	aware	1	0
275.586	0.000	trigger_21	21	275586	Trigger-In:21	56	grating_on	staircase	9	green	right	aware	1	0
275.646	0.000	trigger_20	20	275646	Trigger-In:20	56	grating_off	staircase	9	green	right	aware	1	0
276.321	0.000	trigger_31	31	276321	Trigger-In:31	56	targets_on_fp_color_change	staircase	9	green	right	aware	1	0
277.206	0.000	trigger_201	201	277206	Trigger-In:201	56	trial_end_completed	staircase	9	green	right	aware	1	0
278.316	0.000	trigger_101	101	278316	Trigger-In:101	57	trial_start	absent	70	red	left	aware	1	0
278.421	0.000	trigger_11	11	278421	Trigger-In:11	57	fixation_point_on	absent	70	red	left	aware	1	0
279.081	0.000	trigger_21	21	279081	Trigger-In:21	57	grating_on	absent	70	red	left	aware	1	0
279.141	0.000	trigger_20	20	279141	Trigger-In:20	57	grating_off	absent	70	red	left	aware	1	0
279.791	0.000	trigger_31	31	279791	Trigger-In:31	57	targets_on_fp_color_change	absent	70	red	left	aware	1	0
280.851	0.000	trigger_201	201	280851	Trigger-In:201	57	trial_end_completed	absent	70	red	left	aware	1	0
281.956	0.000	trigger_101	101	281956	Trigger-In:101	58	trial_start	staircase	8	green	left	unaware	1	0
282.066	0.000	trigger_11	11	282066	Trigger-In:11	58	fixation_point_on	staircase	8	green	left	unaware	1	0
282.736	0.000	trigger_21	21	282736	Trigger-In:21	58	grating_on	staircase	8	green	left	unaware	1	0
282.796	0.000	trigger_20	20	282796	Trigger-In:20	58	grating_off	staircase	8	green	left	unaware	1	0
283.471	0.000	trigger_31	31	283471	Trigger-In:31	58	targets_on_fp_color_change	staircase	8	green	left	unaware	1	0
284.931	0.000	trigger_201	201	284931	Trigger-In:201	58	trial_end_completed	staircase	8	green	left	unaware	1	0
286.026	0.000	trigger_101	101	286026	Trigger-In:101	59	trial_start	absent	70	red	right	unaware	1	0
286.136	0.000	trigger_11	11	286136	Trigger-In:11	59	fixation_point_on	absent	70	red	right	unaware	1	0
286.796	0.000	trigger_21	21	286796	Trigger-In:21	59	grating_on	absent	70	red	right	unaware	1	0
286.861	0.000	trigger_20	20	286861	Trigger-In:20	59	grating_off	absent	70	red	right	unaware	1	0
287.546	0.000	trigger_31	31	287546	Trigger-In:31	59	targets_on_fp_color_change	absent	70	red	right	unaware	1	0
288.711	0.000	trigger_201	201	288711	Trigger-In:201	59	trial_end_completed	absent	70	red	right	unaware	1	0
290.086	0.000	trigger_101	101	290086	Trigger-In:101	60	trial_start	staircase	9	green	left	unaware	1	0
290.201	0.000	trigger_11	11	290201	Trigger-In:11	60	fixation_point_on	staircase	9	green	left	unaware	1	0
290.891	0.000	trigger_21	21	290891	Trigger-In:21	60	grating_on	staircase	9	green	left	unaware	1	0
290.951	0.000	trigger_20	20	290951	Trigger-In:20	60	grating_off	staircase	9	green	left	unaware	1	0
291.636	0.000	trigger_31	31	291636	Trigger-In:31	60	targets_on_fp_color_change	staircase	9	green	left	unaware	1	0
292.691	0.000	trigger_201	201	292691	Trigger-In:201	60	trial_end_completed	staircase	9	green	left	unaware	1	0
293.781	0.000	trigger_101	101	293781	Trigger-In:101	61	trial_start	staircase	10	red	right	unaware	1	0
293.891	0.000	trigger_11	11	293891	Trigger-In:11	61	fixation_point_on	staircase	10	red	right	unaware	1	0
294.531	0.000	trigger_21	21	294531	Trigger-In:21	61	grating_on	staircase	10	red	right	unaware	1	0
294.596	0.000	trigger_20	20	294596	Trigger-In:20	61	grating_off	staircase	10	red	right	unaware	1	0
295.281	0.000	trigger_31	31	295281	Trigger-In:31	61	targets_on_fp_color_change	staircase	10	red	right	unaware	1	0
296.436	0.000	trigger_201	201	296436	Trigger-In:201	61	trial_end_completed	staircase	10	red	right	unaware	1	0
297.531	0.000	trigger_101	101	297531	Trigger-In:101	62	trial_start	staircase	11	green	right	aware	1	0
297.636	0.000	trigger_11	11	297636	Trigger-In:11	62	fixation_point_on	staircase	11	green	right	aware	1	0
298.316	0.000	trigger_21	21	298316	Trigger-In:21	62	grating_on	staircase	11	green	right	aware	1	0
298.381	0.000	trigger_20	20	298381	Trigger-In:20	62	grating_off	staircase	11	green	right	aware	1	0
299.051	0.000	trigger_31	31	299051	Trigger-In:31	62	targets_on_fp_color_change	staircase	11	green	right	aware	1	0
299.861	0.000	trigger_201	201	299861	Trigger-In:201	62	trial_end_completed	staircase	11	green	right	aware	1	0
300.956	0.000	trigger_101	101	300956	Trigger-In:101	63	trial_start	staircase	10	red	right	unaware	1	0
301.061	0.000	trigger_11	11	301061	Trigger-In:11	63	fixation_point_on	staircase	10	red	right	unaware	1	0
301.751	0.000	trigger_21	21	301751	Trigger-In:21	63	grating_on	staircase	10	red	right	unaware	1	0
301.811	0.000	trigger_20	20	301811	Trigger-In:20	63	grating_off	staircase	10	red	right	unaware	1	0
302.491	0.000	trigger_31	31	302491	Trigger-In:31	63	targets_on_fp_color_change	staircase	10	red	right	unaware	1	0
304.536	0.000	trigger_201	201	304536	Trigger-In:201	63	trial_end_completed	staircase	10	red	right	unaware	1	0
305.631	0.000	trigger_101	101	305631	Trigger-In:101	64	trial_start	absent	70	green	right	aware	1	0
305.746	0.000	trigger_11	11	305746	Trigger-In:11	64	fixation_point_on	absent	70	green	right	aware	1	0
306.411	0.000	trigger_21	21	306411	Trigger-In:21	64	grating_on	absent	70	green	right	aware	1	0
306.471	0.000	trigger_20	20	306471	Trigger-In:20	64	grating_off	absent	70	green	right	aware	1	0
307.146	0.000	trigger_31	31	307146	Trigger-In:31	64	targets_on_fp_color_change	absent	70	green	right	aware	1	0
307.986	0.000	trigger_201	201	307986	Trigger-In:201	64	trial_end_completed	absent	70	green	right	aware	1	0
309.086	0.000	trigger_101	101	309086	Trigger-In:101	65	trial_start	salient	0	green	left	unaware	1	0
309.191	0.000	trigger_11	11	309191	Trigger-In:11	65	fixation_point_on	salient	0	green	left	unaware	1	0
309.861	0.000	trigger_21	21	309861	Trigger-In:21	65	grating_on	salient	0	green	left	unaware	1	0
309.921	0.000	trigger_20	20	309921	Trigger-In:20	65	grating_off	salient	0	green	left	unaware	1	0
310.591	0.000	trigger_31	31	310591	Trigger-In:31	65	targets_on_fp_color_change	salient	0	green	left	unaware	1	0
311.946	0.000	trigger_201	201	311946	Trigger-In:201	65	trial_end_completed	salient	0	green	left	unaware	1	0
313.046	0.000	trigger_101	101	313046	Trigger-In:101	66	trial_start	salient	0	green	left	unaware	1	0
313.161	0.000	trigger_11	11	313161	Trigger-In:11	66	fixation_point_on	salient	0	green	left	unaware	1	0
313.811	0.000	trigger_21	21	313811	Trigger-In:21	66	grating_on	salient	0	green	left	unaware	1	0
313.871	0.000	trigger_20	20	313871	Trigger-In:20	66	grating_off	salient	0	green	left	unaware	1	0
314.571	0.000	trigger_31	31	314571	Trigger-In:31	66	targets_on_fp_color_change	salient	0	green	left	unaware	1	0
315.576	0.000	trigger_201	201	315576	Trigger-In:201	66	trial_end_completed	salient	0	green	left	unaware	1	0
316.686	0.000	trigger_101	101	316686	Trigger-In:101	67	trial_start	staircase	11	green	left	unaware	1	0
316.796	0.000	trigger_11	11	316796	Trigger-In:11	67	fixation_point_on	staircase	11	green	left	unaware	1	0
317.471	0.000	trigger_21	21	317471	Trigger-In:21	67	grating_on	staircase	11	green	left	unaware	1	0
317.536	0.000	trigger_20	20	317536	Trigger-In:20	67	grating_off	staircase	11	green	left	unaware	1	0
318.216	0.000	trigger_31	31	318216	Trigger-In:31	67	targets_on_fp_color_change	staircase	11	green	left	unaware	1	0
319.486	0.000	trigger_201	201	319486	Trigger-In:201	67	trial_end_completed	staircase	11	green	left	unaware	1	0
320.586	0.000	trigger_101	101	320586	Trigger-In:101	68	trial_start	staircase	12	red	right	unaware	1	0
320.691	0.000	trigger_11	11	320691	Trigger-In:11	68	fixation_point_on	staircase	12	red	right	unaware	1	0
321.346	0.000	trigger_21	21	321346	Trigger-In:21	68	grating_on	staircase	12	red	right	unaware	1	0
321.406	0.000	trigger_20	20	321406	Trigger-In:20	68	grating_off	staircase	12	red	right	unaware	1	0
322.081	0.000	trigger_31	31	322081	Trigger-In:31	68	targets_on_fp_color_change	staircase	12	red	right	unaware	1	0
323.226	0.000	trigger_201	201	323226	Trigger-In:201	68	trial_end_completed	staircase	12	red	right	unaware	1	0
324.321	0.000	trigger_101	101	324321	Trigger-In:101	69	trial_start	staircase	13	green	left	unaware	1	0
324.426	0.000	trigger_11	11	324426	Trigger-In:11	69	fixation_point_on	staircase	13	green	left	unaware	1	0
325.091	0.000	trigger_21	21	325091	Trigger-In:21	69	grating_on	staircase	13	green	left	unaware	1	0
325.146	0.000	trigger_20	20	325146	Trigger-In:20	69	grating_off	staircase	13	green	left	unaware	1	0
325.806	0.000	trigger_31	31	325806	Trigger-In:31	69	targets_on_fp_color_change	staircase	13	green	left	unaware	1	0
327.206	0.000	trigger_201	201	327206	Trigger-In:201	69	trial_end_completed	staircase	13	green	left	unaware	1	0
328.296	0.000	trigger_101	101	328296	Trigger-In:101	70	trial_start	staircase	14	red	left	aware	1	0
328.406	0.000	trigger_11	11	328406	Trigger-In:11	70	fixation_point_on	staircase	14	red	left	aware	1	0
329.066	0.000	trigger_21	21	329066	Trigger-In:21	70	grating_on	staircase	14	red	left	aware	1	0
329.126	0.000	trigger_20	20	329126	Trigger-In:20	70	grating_off	staircase	14	red	left	aware	1	0
329.801	0.000	trigger_31	31	329801	Trigger-In:31	70	targets_on_fp_color_change	staircase	14	red	left	aware	1	0
331.001	0.000	trigger_201	201	331001	Trigger-In:201	70	trial_end_completed	staircase	14	red	left	aware	1	0
332.101	0.000	trigger_101	101	332101	Trigger-In:101	71	trial_start	staircase	13	red	left	aware	1	0
332.211	0.000	trigger_11	11	332211	Trigger-In:11	71	fixation_point_on	staircase	13	red	left	aware	1	0
332.886	0.000	trigger_21	21	332886	Trigger-In:21	71	grating_on	staircase	13	red	left	aware	1	0
332.946	0.000	trigger_20	20	332946	Trigger-In:20	71	grating_off	staircase	13	red	left	aware	1	0
333.611	0.000	trigger_31	31	333611	Trigger-In:31	71	targets_on_fp_color_change	staircase	13	red	left	aware	1	0
334.471	0.000	trigger_201	201	334471	Trigger-In:201	71	trial_end_completed	staircase	13	red	left	aware	1	0
335.571	0.000	trigger_101	101	335571	Trigger-In:101	72	trial_start	staircase	12	green	right	aware	1	0
335.676	0.000	trigger_11	11	335676	Trigger-In:11	72	fixation_point_on	staircase	12	green	right	aware	1	0
336.346	0.000	trigger_21	21	336346	Trigger-In:21	72	grating_on	staircase	12	green	right	aware	1	0
336.411	0.000	trigger_20	20	336411	Trigger-In:20	72	grating_off	staircase	12	green	right	aware	1	0
337.081	0.000	trigger_31	31	337081	Trigger-In:31	72	targets_on_fp_color_change	staircase	12	green	right	aware	1	0
337.921	0.000	trigger_201	201	337921	Trigger-In:201	72	trial_end_completed	staircase	12	green	right	aware	1	0
339.021	0.000	trigger_101	101	339021	Trigger-In:101	73	trial_start	staircase	11	green	right	aware	1	0
339.131	0.000	trigger_11	11	339131	Trigger-In:11	73	fixation_point_on	staircase	11	green	right	aware	1	0
339.791	0.000	trigger_21	21	339791	Trigger-In:21	73	grating_on	staircase	11	green	right	aware	1	0
339.851	0.000	trigger_20	20	339851	Trigger-In:20	73	grating_off	staircase	11	green	right	aware	1	0
340.666	0.000	trigger_31	31	340666	Trigger-In:31	73	targets_on_fp_color_change	staircase	11	green	right	aware	1	0
341.371	0.000	trigger_201	201	341371	Trigger-In:201	73	trial_end_completed	staircase	11	green	right	aware	1	0
342.466	0.000	trigger_101	101	342466	Trigger-In:101	74	trial_start	staircase	10	green	left	unaware	1	0
342.561	0.000	trigger_11	11	342561	Trigger-In:11	74	fixation_point_on	staircase	10	green	left	unaware	1	0
343.231	0.000	trigger_21	21	343231	Trigger-In:21	74	grating_on	staircase	10	green	left	unaware	1	0
343.291	0.000	trigger_20	20	343291	Trigger-In:20	74	grating_off	staircase	10	green	left	unaware	1	0
343.946	0.000	trigger_31	31	343946	Trigger-In:31	74	targets_on_fp_color_change	staircase	10	green	left	unaware	1	0
344.866	0.000	trigger_201	201	344866	Trigger-In:201	74	trial_end_completed	staircase	10	green	left	unaware	1	0
345.956	0.000	trigger_101	101	345956	Trigger-In:101	75	trial_start	absent	70	green	right	aware	1	0
346.061	0.000	trigger_11	11	346061	Trigger-In:11	75	fixation_point_on	absent	70	green	right	aware	1	0
346.726	0.000	trigger_21	21	346726	Trigger-In:21	75	grating_on	absent	70	green	right	aware	1	0
346.791	0.000	trigger_20	20	346791	Trigger-In:20	75	grating_off	absent	70	green	right	aware	1	0
347.471	0.000	trigger_31	31	347471	Trigger-In:31	75	targets_on_fp_color_change	absent	70	green	right	aware	1	0
348.266	0.000	trigger_201	201	348266	Trigger-In:201	75	trial_end_completed	absent	70	green	right	aware	1	0
349.351	0.000	trigger_101	101	349351	Trigger-In:101	76	trial_start	salient	0	green	left	unaware	1	0
349.456	0.000	trigger_11	11	349456	Trigger-In:11	76	fixation_point_on	salient	0	green	left	unaware	1	0
350.131	0.000	trigger_21	21	350131	Trigger-In:21	76	grating_on	salient	0	green	left	unaware	1	0
350.191	0.000	trigger_20	20	350191	Trigger-In:20	76	grating_off	salient	0	green	left	unaware	1	0
350.866	0.000	trigger_31	31	350866	Trigger-In:31	76	targets_on_fp_color_change	salient	0	green	left	unaware	1	0
351.926	0.000	trigger_201	201	351926	Trigger-In:201	76	trial_end_completed	salient	0	green	left	unaware	1	0
353.026	0.000	trigger_101	101	353026	Trigger-In:101	77	trial_start	absent	70	red	left	aware	1	0
353.131	0.000	trigger_11	11	353131	Trigger-In:11	77	fixation_point_on	absent	70	red	left	aware	1	0
353.801	0.000	trigger_21	21	353801	Trigger-In:21	77	grating_on	absent	70	red	left	aware	1	0
353.856	0.000	trigger_20	20	353856	Trigger-In:20	77	grating_off	absent	70	red	left	aware	1	0
354.511	0.000	trigger_31	31	354511	Trigger-In:31	77	targets_on_fp_color_change	absent	70	red	left	aware	1	0
355.716	0.000	trigger_201	201	355716	Trigger-In:201	77	trial_end_completed	absent	70	red	left	aware	1	0
356.811	0.000	trigger_101	101	356811	Trigger-In:101	78	trial_start	absent	70	red	left	aware	1	0
356.921	0.000	trigger_11	11	356921	Trigger-In:11	78	fixation_point_on	absent	70	red	left	aware	1	0
357.591	0.000	trigger_21	21	357591	Trigger-In:21	78	grating_on	absent	70	red	left	aware	1	0
357.651	0.000	trigger_20	20	357651	Trigger-In:20	78	grating_off	absent	70	red	left	aware	1	0
358.316	0.000	trigger_31	31	358316	Trigger-In:31	78	targets_on_fp_color_change	absent	70	red	left	aware	1	0
359.006	0.000	trigger_201	201	359006	Trigger-In:201	78	trial_end_completed	absent	70	red	left	aware	1	0
360.096	0.000	trigger_101	101	360096	Trigger-In:101	79	trial_start	staircase	11	red	right	unaware	1	0
360.206	0.000	trigger_11	11	360206	Trigger-In:11	79	fixation_point_on	staircase	11	red	right	unaware	1	0
360.881	0.000	trigger_21	21	360881	Trigger-In:21	79	grating_on	staircase	11	red	right	unaware	1	0
360.941	0.000	trigger_20	20	360941	Trigger-In:20	79	grating_off	staircase	11	red	right	unaware	1	0
361.616	0.000	trigger_31	31	361616	Trigger-In:31	79	targets_on_fp_color_change	staircase	11	red	right	unaware	1	0
363.086	0.000	trigger_201	201	363086	Trigger-In:201	79	trial_end_completed	staircase	11	red	right	unaware	1	0
364.186	0.000	trigger_101	101	364186	Trigger-In:101	80	trial_start	staircase	12	red	left	aware	1	0
364.391	0.000	trigger_11	11	364391	Trigger-In:11	80	fixation_point_on	staircase	12	red	left	aware	1	0
365.056	0.000	trigger_21	21	365056	Trigger-In:21	80	grating_on	staircase	12	red	left	aware	1	0
365.116	0.000	trigger_20	20	365116	Trigger-In:20	80	grating_off	staircase	12	red	left	aware	1	0
365.776	0.000	trigger_31	31	365776	Trigger-In:31	80	targets_on_fp_color_change	staircase	12	red	left	aware	1	0
367.336	0.000	trigger_201	201	367336	Trigger-In:201	80	trial_end_completed	staircase	12	red	left	aware	1	0
368.436	0.000	trigger_101	101	368436	Trigger-In:101	81	trial_start	staircase	11	green	left	unaware	1	0
368.546	0.000	trigger_11	11	368546	Trigger-In:11	81	fixation_point_on	staircase	11	green	left	unaware	1	0
369.211	0.000	trigger_21	21	369211	Trigger-In:21	81	grating_on	staircase	11	green	left	unaware	1	0
369.271	0.000	trigger_20	20	369271	Trigger-In:20	81	grating_off	staircase	11	green	left	unaware	1	0
369.941	0.000	trigger_31	31	369941	Trigger-In:31	81	targets_on_fp_color_change	staircase	11	green	left	unaware	1	0
370.971	0.000	trigger_201	201	370971	Trigger-In:201	81	trial_end_completed	staircase	11	green	left	unaware	1	0
372.071	0.000	trigger_101	101	372071	Trigger-In:101	82	trial_start	staircase	12	red	right	unaware	1	0
372.246	0.000	trigger_11	11	372246	Trigger-In:11	82	fixation_point_on	staircase	12	red	right	unaware	1	0
372.906	0.000	trigger_21	21	372906	Trigger-In:21	82	grating_on	staircase	12	red	right	unaware	1	0
372.961	0.000	trigger_20	20	372961	Trigger-In:20	82	grating_off	staircase	12	red	right	unaware	1	0
373.621	0.000	trigger_31	31	373621	Trigger-In:31	82	targets_on_fp_color_change	staircase	12	red	right	unaware	1	0
375.131	0.000	trigger_201	201	375131	Trigger-In:201	82	trial_end_completed	staircase	12	red	right	unaware	1	0
376.226	0.000	trigger_101	101	376226	Trigger-In:101	83	trial_start	staircase	13	red	left	aware	1	0
376.331	0.000	trigger_11	11	376331	Trigger-In:11	83	fixation_point_on	staircase	13	red	left	aware	1	0
377.006	0.000	trigger_21	21	377006	Trigger-In:21	83	grating_on	staircase	13	red	left	aware	1	0
377.081	0.000	trigger_20	20	377081	Trigger-In:20	83	grating_off	staircase	13	red	left	aware	1	0
377.751	0.000	trigger_31	31	377751	Trigger-In:31	83	targets_on_fp_color_change	staircase	13	red	left	aware	1	0
378.521	0.000	trigger_201	201	378521	Trigger-In:201	83	trial_end_completed	staircase	13	red	left	aware	1	0
379.626	0.000	trigger_101	101	379626	Trigger-In:101	84	trial_start	staircase	12	red	right	unaware	1	0
379.941	0.000	trigger_11	11	379941	Trigger-In:11	84	fixation_point_on	staircase	12	red	right	unaware	1	0
380.601	0.000	trigger_21	21	380601	Trigger-In:21	84	grating_on	staircase	12	red	right	unaware	1	0
380.661	0.000	trigger_20	20	380661	Trigger-In:20	84	grating_off	staircase	12	red	right	unaware	1	0
381.331	0.000	trigger_31	31	381331	Trigger-In:31	84	targets_on_fp_color_change	staircase	12	red	right	unaware	1	0
383.046	0.000	trigger_201	201	383046	Trigger-In:201	84	trial_end_completed	staircase	12	red	right	unaware	1	0
384.146	0.000	trigger_101	101	384146	Trigger-In:101	85	trial_start	staircase	13	green	left	unaware	1	0
384.251	0.000	trigger_11	11	384251	Trigger-In:11	85	fixation_point_on	staircase	13	green	left	unaware	1	0
384.926	0.000	trigger_21	21	384926	Trigger-In:21	85	grating_on	staircase	13	green	left	unaware	1	0
384.986	0.000	trigger_20	20	384986	Trigger-In:20	85	grating_off	staircase	13	green	left	unaware	1	0
385.641	0.000	trigger_31	31	385641	Trigger-In:31	85	targets_on_fp_color_change	staircase	13	green	left	unaware	1	0
387.046	0.000	trigger_201	201	387046	Trigger-In:201	85	trial_end_completed	staircase	13	green	left	unaware	1	0
388.141	0.000	trigger_101	101	388141	Trigger-In:101	86	trial_start	staircase	14	green	right	aware	1	0
388.356	0.000	trigger_11	11	388356	Trigger-In:11	86	fixation_point_on	staircase	14	green	right	aware	1	0
389.031	0.000	trigger_21	21	389031	Trigger-In:21	86	grating_on	staircase	14	green	right	aware	1	0
389.091	0.000	trigger_20	20	389091	Trigger-In:20	86	grating_off	staircase	14	green	right	aware	1	0
389.766	0.000	trigger_31	31	389766	Trigger-In:31	86	targets_on_fp_color_change	staircase	14	green	right	aware	1	0
390.656	0.000	trigger_201	201	390656	Trigger-In:201	86	trial_end_completed	staircase	14	green	right	aware	1	0
391.751	0.000	trigger_101	101	391751	Trigger-In:101	87	trial_start	staircase	13	green	right	aware	1	0
391.861	0.000	trigger_11	11	391861	Trigger-In:11	87	fixation_point_on	staircase	13	green	right	aware	1	0
392.541	0.000	trigger_21	21	392541	Trigger-In:21	87	grating_on	staircase	13	green	right	aware	1	0
392.601	0.000	trigger_20	20	392601	Trigger-In:20	87	grating_off	staircase	13	green	right	aware	1	0
393.261	0.000	trigger_31	31	393261	Trigger-In:31	87	targets_on_fp_color_change	staircase	13	green	right	aware	1	0
393.886	0.000	trigger_201	201	393886	Trigger-In:201	87	trial_end_completed	staircase	13	green	right	aware	1	0
394.986	0.000	trigger_101	101	394986	Trigger-In:101	88	trial_start	staircase	12	red	left	aware	1	0
395.401	0.000	trigger_11	11	395401	Trigger-In:11	88	fixation_point_on	staircase	12	red	left	aware	1	0
396.066	0.000	trigger_21	21	396066	Trigger-In:21	88	grating_on	staircase	12	red	left	aware	1	0
396.121	0.000	trigger_20	20	396121	Trigger-In:20	88	grating_off	staircase	12	red	left	aware	1	0
396.811	0.000	trigger_31	31	396811	Trigger-In:31	88	targets_on_fp_color_change	staircase	12	red	left	aware	1	0
397.731	0.000	trigger_201	201	397731	Trigger-In:201	88	trial_end_completed	staircase	12	red	left	aware	1	0
398.831	0.000	trigger_101	101	398831	Trigger-In:101	89	trial_start	salient	0	red	right	unaware	1	0
398.941	0.000	trigger_11	11	398941	Trigger-In:11	89	fixation_point_on	salient	0	red	right	unaware	1	0
399.611	0.000	trigger_21	21	399611	Trigger-In:21	89	grating_on	salient	0	red	right	unaware	1	0
399.676	0.000	trigger_20	20	399676	Trigger-In:20	89	grating_off	salient	0	red	right	unaware	1	0
400.351	0.000	trigger_31	31	400351	Trigger-In:31	89	targets_on_fp_color_change	salient	0	red	right	unaware	1	0
401.416	0.000	trigger_201	201	401416	Trigger-In:201	89	trial_end_completed	salient	0	red	right	unaware	1	0
402.511	0.000	trigger_101	101	402511	Trigger-In:101	90	trial_start	staircase	11	green	right	aware	1	0
402.616	0.000	trigger_11	11	402616	Trigger-In:11	90	fixation_point_on	staircase	11	green	right	aware	1	0
403.286	0.000	trigger_21	21	403286	Trigger-In:21	90	grating_on	staircase	11	green	right	aware	1	0
403.341	0.000	trigger_20	20	403341	Trigger-In:20	90	grating_off	staircase	11	green	right	aware	1	0
404.026	0.000	trigger_31	31	404026	Trigger-In:31	90	targets_on_fp_color_change	staircase	11	green	right	aware	1	0
404.751	0.000	trigger_201	201	404751	Trigger-In:201	90	trial_end_completed	staircase	11	green	right	aware	1	0
405.851	0.000	trigger_101	101	405851	Trigger-In:101	91	trial_start	staircase	10	green	right	aware	1	0
405.961	0.000	trigger_11	11	405961	Trigger-In:11	91	fixation_point_on	staircase	10	green	right	aware	1	0
406.616	0.000	trigger_21	21	406616	Trigger-In:21	91	grating_on	staircase	10	green	right	aware	1	0
406.676	0.000	trigger_20	20	406676	Trigger-In:20	91	grating_off	staircase	10	green	right	aware	1	0
407.346	0.000	trigger_31	31	407346	Trigger-In:31	91	targets_on_fp_color_change	staircase	10	green	right	aware	1	0
408.751	0.000	trigger_201	201	408751	Trigger-In:201	91	trial_end_completed	staircase	10	green	right	aware	1	0
409.851	0.000	trigger_101	101	409851	Trigger-In:101	92	trial_start	salient	0	green	right	aware	1	0
409.981	0.000	trigger_11	11	409981	Trigger-In:11	92	fixation_point_on	salient	0	green	right	aware	1	0
410.656	0.000	trigger_21	21	410656	Trigger-In:21	92	grating_on	salient	0	green	right	aware	1	0
410.721	0.000	trigger_20	20	410721	Trigger-In:20	92	grating_off	salient	0	green	right	aware	1	0
411.426	0.000	trigger_31	31	411426	Trigger-In:31	92	targets_on_fp_color_change	salient	0	green	right	aware	1	0
412.411	0.000	trigger_201	201	412411	Trigger-In:201	92	trial_end_completed	salient	0	green	right	aware	1	0
413.786	0.000	trigger_101	101	413786	Trigger-In:101	93	trial_start	salient	0	red	right	unaware	1	0
413.901	0.000	trigger_11	11	413901	Trigger-In:11	93	fixation_point_on	salient	0	red	right	unaware	1	0
414.576	0.000	trigger_21	21	414576	Trigger-In:21	93	grating_on	salient	0	red	right	unaware	1	0
414.641	0.000	trigger_20	20	414641	Trigger-In:20	93	grating_off	salient	0	red	right	unaware	1	0
415.316	0.000	trigger_31	31	415316	Trigger-In:31	93	targets_on_fp_color_change	salient	0	red	right	unaware	1	0
416.621	0.000	trigger_201	201	416621	Trigger-In:201	93	trial_end_completed	salient	0	red	right	unaware	1	0
417.716	0.000	trigger_101	101	417716	Trigger-In:101	94	trial_start	staircase	9	red	right	unaware	1	0
417.816	0.000	trigger_11	11	417816	Trigger-In:11	94	fixation_point_on	staircase	9	red	right	unaware	1	0
418.496	0.000	trigger_21	21	418496	Trigger-In:21	94	grating_on	staircase	9	red	right	unaware	1	0
418.556	0.000	trigger_20	20	418556	Trigger-In:20	94	grating_off	staircase	9	red	right	unaware	1	0
419.236	0.000	trigger_31	31	419236	Trigger-In:31	94	targets_on_fp_color_change	staircase	9	red	right	unaware	1	0
420.201	0.000	trigger_201	201	420201	Trigger-In:201	94	trial_end_completed	staircase	9	red	right	unaware	1	0
421.296	0.000	trigger_101	101	421296	Trigger-In:101	95	trial_start	salient	0	red	right	unaware	1	0
421.301	0.000	trigger_255	255	421301	Trigger-In:255	95	n/a	salient	0	red	right	unaware	1	0
421.631	0.000	trigger_11	11	421631	Trigger-In:11	95	fixation_point_on	salient	0	red	right	unaware	1	0
422.296	0.000	trigger_21	21	422296	Trigger-In:21	95	grating_on	salient	0	red	right	unaware	1	0
422.356	0.000	trigger_20	20	422356	Trigger-In:20	95	grating_off	salient	0	red	right	unaware	1	0
423.016	0.000	trigger_31	31	423016	Trigger-In:31	95	targets_on_fp_color_change	salient	0	red	right	unaware	1	0
423.951	0.000	trigger_201	201	423951	Trigger-In:201	95	trial_end_completed	salient	0	red	right	unaware	1	0
425.056	0.000	trigger_101	101	425056	Trigger-In:101	96	trial_start	staircase	10	red	right	unaware	1	0
425.446	0.000	trigger_11	11	425446	Trigger-In:11	96	fixation_point_on	staircase	10	red	right	unaware	1	0
426.101	0.000	trigger_21	21	426101	Trigger-In:21	96	grating_on	staircase	10	red	right	unaware	1	0
426.161	0.000	trigger_20	20	426161	Trigger-In:20	96	grating_off	staircase	10	red	right	unaware	1	0
426.831	0.000	trigger_31	31	426831	Trigger-In:31	96	targets_on_fp_color_change	staircase	10	red	right	unaware	1	0
427.726	0.000	trigger_201	201	427726	Trigger-In:201	96	trial_end_completed	staircase	10	red	right	unaware	1	0
428.821	0.000	trigger_101	101	428821	Trigger-In:101	97	trial_start	salient	0	red	n/a	n/a	0	1
428.926	0.000	trigger_11	11	428926	Trigger-In:11	97	fixation_point_on	salient	0	red	n/a	n/a	0	1
429.601	0.000	trigger_21	21	429601	Trigger-In:21	97	grating_on	salient	0	red	n/a	n/a	0	1
429.666	0.000	trigger_20	20	429666	Trigger-In:20	97	grating_off	salient	0	red	n/a	n/a	0	1
430.246	0.000	trigger_204	204	430246	Trigger-In:204	97	trial_end_fixation_break	salient	0	red	n/a	n/a	0	1
432.056	0.000	trigger_101	101	432056	Trigger-In:101	98	trial_start	staircase	11	green	left	unaware	1	0
432.176	0.000	trigger_11	11	432176	Trigger-In:11	98	fixation_point_on	staircase	11	green	left	unaware	1	0
432.856	0.000	trigger_21	21	432856	Trigger-In:21	98	grating_on	staircase	11	green	left	unaware	1	0
432.916	0.000	trigger_20	20	432916	Trigger-In:20	98	grating_off	staircase	11	green	left	unaware	1	0
433.576	0.000	trigger_31	31	433576	Trigger-In:31	98	targets_on_fp_color_change	staircase	11	green	left	unaware	1	0
435.526	0.000	trigger_201	201	435526	Trigger-In:201	98	trial_end_completed	staircase	11	green	left	unaware	1	0
436.616	0.000	trigger_101	101	436616	Trigger-In:101	99	trial_start	staircase	12	red	left	aware	1	0
436.726	0.000	trigger_11	11	436726	Trigger-In:11	99	fixation_point_on	staircase	12	red	left	aware	1	0
437.376	0.000	trigger_21	21	437376	Trigger-In:21	99	grating_on	staircase	12	red	left	aware	1	0
437.436	0.000	trigger_20	20	437436	Trigger-In:20	99	grating_off	staircase	12	red	left	aware	1	0
438.101	0.000	trigger_31	31	438101	Trigger-In:31	99	targets_on_fp_color_change	staircase	12	red	left	aware	1	0
438.966	0.000	trigger_201	201	438966	Trigger-In:201	99	trial_end_completed	staircase	12	red	left	aware	1	0
440.051	0.000	trigger_101	101	440051	Trigger-In:101	100	trial_start	staircase	11	red	left	aware	1	0
440.161	0.000	trigger_11	11	440161	Trigger-In:11	100	fixation_point_on	staircase	11	red	left	aware	1	0
440.816	0.000	trigger_21	21	440816	Trigger-In:21	100	grating_on	staircase	11	red	left	aware	1	0
440.876	0.000	trigger_20	20	440876	Trigger-In:20	100	grating_off	staircase	11	red	left	aware	1	0
441.531	0.000	trigger_31	31	441531	Trigger-In:31	100	targets_on_fp_color_change	staircase	11	red	left	aware	1	0
442.341	0.000	trigger_201	201	442341	Trigger-In:201	100	trial_end_completed	staircase	11	red	left	aware	1	0
443.441	0.000	trigger_101	101	443441	Trigger-In:101	101	trial_start	staircase	10	green	right	aware	1	0
443.551	0.000	trigger_11	11	443551	Trigger-In:11	101	fixation_point_on	staircase	10	green	right	aware	1	0
444.216	0.000	trigger_21	21	444216	Trigger-In:21	101	grating_on	staircase	10	green	right	aware	1	0
444.276	0.000	trigger_20	20	444276	Trigger-In:20	101	grating_off	staircase	10	green	right	aware	1	0
444.946	0.000	trigger_31	31	444946	Trigger-In:31	101	targets_on_fp_color_change	staircase	10	green	right	aware	1	0
445.696	0.000	trigger_201	201	445696	Trigger-In:201	101	trial_end_completed	staircase	10	green	right	aware	1	0
446.796	0.000	trigger_101	101	446796	Trigger-In:101	102	trial_start	salient	0	red	right	unaware	1	0
446.901	0.000	trigger_11	11	446901	Trigger-In:11	102	fixation_point_on	salient	0	red	right	unaware	1	0
447.571	0.000	trigger_21	21	447571	Trigger-In:21	102	grating_on	salient	0	red	right	unaware	1	0
447.631	0.000	trigger_20	20	447631	Trigger-In:20	102	grating_off	salient	0	red	right	unaware	1	0
448.306	0.000	trigger_31	31	448306	Trigger-In:31	102	targets_on_fp_color_change	salient	0	red	right	unaware	1	0
449.516	0.000	trigger_201	201	449516	Trigger-In:201	102	trial_end_completed	salient	0	red	right	unaware	1	0
450.611	0.000	trigger_101	101	450611	Trigger-In:101	103	trial_start	staircase	9	red	right	unaware	1	0
450.716	0.000	trigger_11	11	450716	Trigger-In:11	103	fixation_point_on	staircase	9	red	right	unaware	1	0
451.381	0.000	trigger_21	21	451381	Trigger-In:21	103	grating_on	staircase	9	red	right	unaware	1	0
451.441	0.000	trigger_20	20	451441	Trigger-In:20	103	grating_off	staircase	9	red	right	unaware	1	0
452.111	0.000	trigger_31	31	452111	Trigger-In:31	103	targets_on_fp_color_change	staircase	9	red	right	unaware	1	0
453.281	0.000	trigger_201	201	453281	Trigger-In:201	103	trial_end_completed	staircase	9	red	right	unaware	1	0
454.376	0.000	trigger_101	101	454376	Trigger-In:101	104	trial_start	staircase	10	green	left	unaware	1	0
454.476	0.000	trigger_11	11	454476	Trigger-In:11	104	fixation_point_on	staircase	10	green	left	unaware	1	0
455.131	0.000	trigger_21	21	455131	Trigger-In:21	104	grating_on	staircase	10	green	left	unaware	1	0
455.196	0.000	trigger_20	20	455196	Trigger-In:20	104	grating_off	staircase	10	green	left	unaware	1	0
455.861	0.000	trigger_31	31	455861	Trigger-In:31	104	targets_on_fp_color_change	staircase	10	green	left	unaware	1	0
456.876	0.000	trigger_201	201	456876	Trigger-In:201	104	trial_end_completed	staircase	10	green	left	unaware	1	0
457.976	0.000	trigger_101	101	457976	Trigger-In:101	105	trial_start	staircase	11	green	right	aware	1	0
458.081	0.000	trigger_11	11	458081	Trigger-In:11	105	fixation_point_on	staircase	11	green	right	aware	1	0
458.741	0.000	trigger_21	21	458741	Trigger-In:21	105	grating_on	staircase	11	green	right	aware	1	0
458.806	0.000	trigger_20	20	458806	Trigger-In:20	105	grating_off	staircase	11	green	right	aware	1	0
459.471	0.000	trigger_31	31	459471	Trigger-In:31	105	targets_on_fp_color_change	staircase	11	green	right	aware	1	0
460.211	0.000	trigger_201	201	460211	Trigger-In:201	105	trial_end_completed	staircase	11	green	right	aware	1	0
461.311	0.000	trigger_101	101	461311	Trigger-In:101	106	trial_start	staircase	10	green	left	unaware	1	0
461.416	0.000	trigger_11	11	461416	Trigger-In:11	106	fixation_point_on	staircase	10	green	left	unaware	1	0
462.086	0.000	trigger_21	21	462086	Trigger-In:21	106	grating_on	staircase	10	green	left	unaware	1	0
462.146	0.000	trigger_20	20	462146	Trigger-In:20	106	grating_off	staircase	10	green	left	unaware	1	0
462.811	0.000	trigger_31	31	462811	Trigger-In:31	106	targets_on_fp_color_change	staircase	10	green	left	unaware	1	0
463.811	0.000	trigger_201	201	463811	Trigger-In:201	106	trial_end_completed	staircase	10	green	left	unaware	1	0
464.906	0.000	trigger_101	101	464906	Trigger-In:101	107	trial_start	salient	0	green	left	unaware	1	0
465.011	0.000	trigger_11	11	465011	Trigger-In:11	107	fixation_point_on	salient	0	green	left	unaware	1	0
465.686	0.000	trigger_21	21	465686	Trigger-In:21	107	grating_on	salient	0	green	left	unaware	1	0
465.746	0.000	trigger_20	20	465746	Trigger-In:20	107	grating_off	salient	0	green	left	unaware	1	0
466.421	0.000	trigger_31	31	466421	Trigger-In:31	107	targets_on_fp_color_change	salient	0	green	left	unaware	1	0
467.336	0.000	trigger_201	201	467336	Trigger-In:201	107	trial_end_completed	salient	0	green	left	unaware	1	0
468.436	0.000	trigger_101	101	468436	Trigger-In:101	108	trial_start	staircase	11	green	left	unaware	1	0
468.541	0.000	trigger_11	11	468541	Trigger-In:11	108	fixation_point_on	staircase	11	green	left	unaware	1	0
469.211	0.000	trigger_21	21	469211	Trigger-In:21	108	grating_on	staircase	11	green	left	unaware	1	0
469.276	0.000	trigger_20	20	469276	Trigger-In:20	108	grating_off	staircase	11	green	left	unaware	1	0
469.946	0.000	trigger_31	31	469946	Trigger-In:31	108	targets_on_fp_color_change	staircase	11	green	left	unaware	1	0
470.676	0.000	trigger_201	201	470676	Trigger-In:201	108	trial_end_completed	staircase	11	green	left	unaware	1	0
471.776	0.000	trigger_101	101	471776	Trigger-In:101	109	trial_start	staircase	12	red	left	aware	1	0
471.886	0.000	trigger_11	11	471886	Trigger-In:11	109	fixation_point_on	staircase	12	red	left	aware	1	0
472.541	0.000	trigger_21	21	472541	Trigger-In:21	109	grating_on	staircase	12	red	left	aware	1	0
472.606	0.000	trigger_20	20	472606	Trigger-In:20	109	grating_off	staircase	12	red	left	aware	1	0
473.276	0.000	trigger_31	31	473276	Trigger-In:31	109	targets_on_fp_color_change	staircase	12	red	left	aware	1	0
474.726	0.000	trigger_201	201	474726	Trigger-In:201	109	trial_end_completed	staircase	12	red	left	aware	1	0
475.826	0.000	trigger_101	101	475826	Trigger-In:101	110	trial_start	staircase	11	red	left	aware	1	0
475.941	0.000	trigger_11	11	475941	Trigger-In:11	110	fixation_point_on	staircase	11	red	left	aware	1	0
476.611	0.000	trigger_21	21	476611	Trigger-In:21	110	grating_on	staircase	11	red	left	aware	1	0
476.681	0.000	trigger_20	20	476681	Trigger-In:20	110	grating_off	staircase	11	red	left	aware	1	0
477.401	0.000	trigger_31	31	477401	Trigger-In:31	110	targets_on_fp_color_change	staircase	11	red	left	aware	1	0
478.141	0.000	trigger_201	201	478141	Trigger-In:201	110	trial_end_completed	staircase	11	red	left	aware	1	0
479.241	0.000	trigger_101	101	479241	Trigger-In:101	111	trial_start	absent	70	green	right	aware	1	0
479.346	0.000	trigger_11	11	479346	Trigger-In:11	111	fixation_point_on	absent	70	green	right	aware	1	0
480.011	0.000	trigger_21	21	480011	Trigger-In:21	111	grating_on	absent	70	green	right	aware	1	0
480.071	0.000	trigger_20	20	480071	Trigger-In:20	111	grating_off	absent	70	green	right	aware	1	0
480.746	0.000	trigger_31	31	480746	Trigger-In:31	111	targets_on_fp_color_change	absent	70	green	right	aware	1	0
481.541	0.000	trigger_201	201	481541	Trigger-In:201	111	trial_end_completed	absent	70	green	right	aware	1	0
482.641	0.000	trigger_101	101	482641	Trigger-In:101	112	trial_start	staircase	10	red	right	unaware	1	0
482.751	0.000	trigger_11	11	482751	Trigger-In:11	112	fixation_point_on	staircase	10	red	right	unaware	1	0
483.406	0.000	trigger_21	21	483406	Trigger-In:21	112	grating_on	staircase	10	red	right	unaware	1	0
483.466	0.000	trigger_20	20	483466	Trigger-In:20	112	grating_off	staircase	10	red	right	unaware	1	0
484.126	0.000	trigger_31	31	484126	Trigger-In:31	112	targets_on_fp_color_change	staircase	10	red	right	unaware	1	0
485.461	0.000	trigger_201	201	485461	Trigger-In:201	112	trial_end_completed	staircase	10	red	right	unaware	1	0
486.561	0.000	trigger_101	101	486561	Trigger-In:101	113	trial_start	absent	70	red	right	unaware	1	0
486.981	0.000	trigger_11	11	486981	Trigger-In:11	113	fixation_point_on	absent	70	red	right	unaware	1	0
487.651	0.000	trigger_21	21	487651	Trigger-In:21	113	grating_on	absent	70	red	right	unaware	1	0
487.716	0.000	trigger_20	20	487716	Trigger-In:20	113	grating_off	absent	70	red	right	unaware	1	0
488.391	0.000	trigger_31	31	488391	Trigger-In:31	113	targets_on_fp_color_change	absent	70	red	right	unaware	1	0
489.436	0.000	trigger_201	201	489436	Trigger-In:201	113	trial_end_completed	absent	70	red	right	unaware	1	0
490.831	0.000	trigger_101	101	490831	Trigger-In:101	114	trial_start	staircase	11	red	right	unaware	1	0
490.936	0.000	trigger_11	11	490936	Trigger-In:11	114	fixation_point_on	staircase	11	red	right	unaware	1	0
491.626	0.000	trigger_21	21	491626	Trigger-In:21	114	grating_on	staircase	11	red	right	unaware	1	0
491.686	0.000	trigger_20	20	491686	Trigger-In:20	114	grating_off	staircase	11	red	right	unaware	1	0
492.361	0.000	trigger_31	31	492361	Trigger-In:31	114	targets_on_fp_color_change	staircase	11	red	right	unaware	1	0
493.436	0.000	trigger_201	201	493436	Trigger-In:201	114	trial_end_completed	staircase	11	red	right	unaware	1	0
494.526	0.000	trigger_101	101	494526	Trigger-In:101	115	trial_start	staircase	12	red	left	aware	1	0
494.636	0.000	trigger_11	11	494636	Trigger-In:11	115	fixation_point_on	staircase	12	red	left	aware	1	0
495.261	0.000	trigger_21	21	495261	Trigger-In:21	115	grating_on	staircase	12	red	left	aware	1	0
495.316	0.000	trigger_20	20	495316	Trigger-In:20	115	grating_off	staircase	12	red	left	aware	1	0
495.951	0.000	trigger_31	31	495951	Trigger-In:31	115	targets_on_fp_color_change	staircase	12	red	left	aware	1	0
496.811	0.000	trigger_201	201	496811	Trigger-In:201	115	trial_end_completed	staircase	12	red	left	aware	1	0
497.901	0.000	trigger_101	101	497901	Trigger-In:101	116	trial_start	staircase	11	green	left	unaware	1	0
498.011	0.000	trigger_11	11	498011	Trigger-In:11	116	fixation_point_on	staircase	11	green	left	unaware	1	0
498.666	0.000	trigger_21	21	498666	Trigger-In:21	116	grating_on	staircase	11	green	left	unaware	1	0
498.721	0.000	trigger_20	20	498721	Trigger-In:20	116	grating_off	staircase	11	green	left	unaware	1	0
499.381	0.000	trigger_31	31	499381	Trigger-In:31	116	targets_on_fp_color_change	staircase	11	green	left	unaware	1	0
500.791	0.000	trigger_201	201	500791	Trigger-In:201	116	trial_end_completed	staircase	11	green	left	unaware	1	0
501.881	0.000	trigger_101	101	501881	Trigger-In:101	117	trial_start	staircase	12	red	left	aware	1	0
501.991	0.000	trigger_11	11	501991	Trigger-In:11	117	fixation_point_on	staircase	12	red	left	aware	1	0
502.661	0.000	trigger_21	21	502661	Trigger-In:21	117	grating_on	staircase	12	red	left	aware	1	0
502.721	0.000	trigger_20	20	502721	Trigger-In:20	117	grating_off	staircase	12	red	left	aware	1	0
503.381	0.000	trigger_31	31	503381	Trigger-In:31	117	targets_on_fp_color_change	staircase	12	red	left	aware	1	0
504.906	0.000	trigger_201	201	504906	Trigger-In:201	117	trial_end_completed	staircase	12	red	left	aware	1	0
506.001	0.000	trigger_101	101	506001	Trigger-In:101	118	trial_start	staircase	11	green	right	aware	1	0
506.106	0.000	trigger_11	11	506106	Trigger-In:11	118	fixation_point_on	staircase	11	green	right	aware	1	0
506.766	0.000	trigger_21	21	506766	Trigger-In:21	118	grating_on	staircase	11	green	right	aware	1	0
506.831	0.000	trigger_20	20	506831	Trigger-In:20	118	grating_off	staircase	11	green	right	aware	1	0
507.491	0.000	trigger_31	31	507491	Trigger-In:31	118	targets_on_fp_color_change	staircase	11	green	right	aware	1	0
508.216	0.000	trigger_201	201	508216	Trigger-In:201	118	trial_end_completed	staircase	11	green	right	aware	1	0
509.316	0.000	trigger_101	101	509316	Trigger-In:101	119	trial_start	staircase	10	green	left	unaware	1	0
509.441	0.000	trigger_11	11	509441	Trigger-In:11	119	fixation_point_on	staircase	10	green	left	unaware	1	0
510.091	0.000	trigger_21	21	510091	Trigger-In:21	119	grating_on	staircase	10	green	left	unaware	1	0
510.146	0.000	trigger_20	20	510146	Trigger-In:20	119	grating_off	staircase	10	green	left	unaware	1	0
510.756	0.000	trigger_31	31	510756	Trigger-In:31	119	targets_on_fp_color_change	staircase	10	green	left	unaware	1	0
511.976	0.000	trigger_201	201	511976	Trigger-In:201	119	trial_end_completed	staircase	10	green	left	unaware	1	0
513.081	0.000	trigger_101	101	513081	Trigger-In:101	120	trial_start	staircase	11	green	left	unaware	1	0
513.186	0.000	trigger_11	11	513186	Trigger-In:11	120	fixation_point_on	staircase	11	green	left	unaware	1	0
513.826	0.000	trigger_21	21	513826	Trigger-In:21	120	grating_on	staircase	11	green	left	unaware	1	0
513.896	0.000	trigger_20	20	513896	Trigger-In:20	120	grating_off	staircase	11	green	left	unaware	1	0
514.571	0.000	trigger_31	31	514571	Trigger-In:31	120	targets_on_fp_color_change	staircase	11	green	left	unaware	1	0
515.476	0.000	trigger_201	201	515476	Trigger-In:201	120	trial_end_completed	staircase	11	green	left	unaware	1	0
516.571	0.000	trigger_101	101	516571	Trigger-In:101	121	trial_start	salient	0	green	left	unaware	1	0
516.676	0.000	trigger_11	11	516676	Trigger-In:11	121	fixation_point_on	salient	0	green	left	unaware	1	0
517.316	0.000	trigger_21	21	517316	Trigger-In:21	121	grating_on	salient	0	green	left	unaware	1	0
517.371	0.000	trigger_20	20	517371	Trigger-In:20	121	grating_off	salient	0	green	left	unaware	1	0
518.026	0.000	trigger_31	31	518026	Trigger-In:31	121	targets_on_fp_color_change	salient	0	green	left	unaware	1	0
518.921	0.000	trigger_201	201	518921	Trigger-In:201	121	trial_end_completed	salient	0	green	left	unaware	1	0
520.026	0.000	trigger_101	101	520026	Trigger-In:101	122	trial_start	absent	70	green	right	aware	1	0
520.126	0.000	trigger_11	11	520126	Trigger-In:11	122	fixation_point_on	absent	70	green	right	aware	1	0
520.776	0.000	trigger_21	21	520776	Trigger-In:21	122	grating_on	absent	70	green	right	aware	1	0
520.836	0.000	trigger_20	20	520836	Trigger-In:20	122	grating_off	absent	70	green	right	aware	1	0
521.496	0.000	trigger_31	31	521496	Trigger-In:31	122	targets_on_fp_color_change	absent	70	green	right	aware	1	0
522.326	0.000	trigger_201	201	522326	Trigger-In:201	122	trial_end_completed	absent	70	green	right	aware	1	0
523.426	0.000	trigger_101	101	523426	Trigger-In:101	123	trial_start	staircase	12	red	right	unaware	1	0
523.541	0.000	trigger_11	11	523541	Trigger-In:11	123	fixation_point_on	staircase	12	red	right	unaware	1	0
524.201	0.000	trigger_21	21	524201	Trigger-In:21	123	grating_on	staircase	12	red	right	unaware	1	0
524.261	0.000	trigger_20	20	524261	Trigger-In:20	123	grating_off	staircase	12	red	right	unaware	1	0
524.926	0.000	trigger_31	31	524926	Trigger-In:31	123	targets_on_fp_color_change	staircase	12	red	right	unaware	1	0
526.856	0.000	trigger_201	201	526856	Trigger-In:201	123	trial_end_completed	staircase	12	red	right	unaware	1	0
527.956	0.000	trigger_101	101	527956	Trigger-In:101	124	trial_start	salient	0	green	left	unaware	1	0
528.076	0.000	trigger_11	11	528076	Trigger-In:11	124	fixation_point_on	salient	0	green	left	unaware	1	0
528.721	0.000	trigger_21	21	528721	Trigger-In:21	124	grating_on	salient	0	green	left	unaware	1	0
528.781	0.000	trigger_20	20	528781	Trigger-In:20	124	grating_off	salient	0	green	left	unaware	1	0
529.456	0.000	trigger_31	31	529456	Trigger-In:31	124	targets_on_fp_color_change	salient	0	green	left	unaware	1	0
530.376	0.000	trigger_201	201	530376	Trigger-In:201	124	trial_end_completed	salient	0	green	left	unaware	1	0
531.471	0.000	trigger_101	101	531471	Trigger-In:101	125	trial_start	staircase	13	green	left	unaware	1	0
531.571	0.000	trigger_11	11	531571	Trigger-In:11	125	fixation_point_on	staircase	13	green	left	unaware	1	0
532.221	0.000	trigger_21	21	532221	Trigger-In:21	125	grating_on	staircase	13	green	left	unaware	1	0
532.276	0.000	trigger_20	20	532276	Trigger-In:20	125	grating_off	staircase	13	green	left	unaware	1	0
532.936	0.000	trigger_31	31	532936	Trigger-In:31	125	targets_on_fp_color_change	staircase	13	green	left	unaware	1	0
533.906	0.000	trigger_201	201	533906	Trigger-In:201	125	trial_end_completed	staircase	13	green	left	unaware	1	0
535.016	0.000	trigger_101	101	535016	Trigger-In:101	126	trial_start	staircase	14	red	right	unaware	1	0
535.141	0.000	trigger_11	11	535141	Trigger-In:11	126	fixation_point_on	staircase	14	red	right	unaware	1	0
535.816	0.000	trigger_21	21	535816	Trigger-In:21	126	grating_on	staircase	14	red	right	unaware	1	0
535.891	0.000	trigger_20	20	535891	Trigger-In:20	126	grating_off	staircase	14	red	right	unaware	1	0
536.566	0.000	trigger_31	31	536566	Trigger-In:31	126	targets_on_fp_color_change	staircase	14	red	right	unaware	1	0
537.876	0.000	trigger_201	201	537876	Trigger-In:201	126	trial_end_completed	staircase	14	red	right	unaware	1	0
538.976	0.000	trigger_101	101	538976	Trigger-In:101	127	trial_start	staircase	15	red	left	aware	1	0
539.081	0.000	trigger_11	11	539081	Trigger-In:11	127	fixation_point_on	staircase	15	red	left	aware	1	0
539.731	0.000	trigger_21	21	539731	Trigger-In:21	127	grating_on	staircase	15	red	left	aware	1	0
539.791	0.000	trigger_20	20	539791	Trigger-In:20	127	grating_off	staircase	15	red	left	aware	1	0
540.441	0.000	trigger_31	31	540441	Trigger-In:31	127	targets_on_fp_color_change	staircase	15	red	left	aware	1	0
541.406	0.000	trigger_201	201	541406	Trigger-In:201	127	trial_end_completed	staircase	15	red	left	aware	1	0
542.501	0.000	trigger_101	101	542501	Trigger-In:101	128	trial_start	salient	0	green	left	unaware	1	0
542.606	0.000	trigger_11	11	542606	Trigger-In:11	128	fixation_point_on	salient	0	green	left	unaware	1	0
543.266	0.000	trigger_21	21	543266	Trigger-In:21	128	grating_on	salient	0	green	left	unaware	1	0
543.321	0.000	trigger_20	20	543321	Trigger-In:20	128	grating_off	salient	0	green	left	unaware	1	0
543.971	0.000	trigger_31	31	543971	Trigger-In:31	128	targets_on_fp_color_change	salient	0	green	left	unaware	1	0
545.601	0.000	trigger_201	201	545601	Trigger-In:201	128	trial_end_completed	salient	0	green	left	unaware	1	0
546.706	0.000	trigger_101	101	546706	Trigger-In:101	129	trial_start	salient	0	green	left	unaware	1	0
546.811	0.000	trigger_11	11	546811	Trigger-In:11	129	fixation_point_on	salient	0	green	left	unaware	1	0
547.471	0.000	trigger_21	21	547471	Trigger-In:21	129	grating_on	salient	0	green	left	unaware	1	0
547.531	0.000	trigger_20	20	547531	Trigger-In:20	129	grating_off	salient	0	green	left	unaware	1	0
548.166	0.000	trigger_31	31	548166	Trigger-In:31	129	targets_on_fp_color_change	salient	0	green	left	unaware	1	0
549.006	0.000	trigger_201	201	549006	Trigger-In:201	129	trial_end_completed	salient	0	green	left	unaware	1	0
550.101	0.000	trigger_101	101	550101	Trigger-In:101	130	trial_start	staircase	14	red	right	unaware	1	0
550.731	0.000	trigger_11	11	550731	Trigger-In:11	130	fixation_point_on	staircase	14	red	right	unaware	1	0
551.341	0.000	trigger_21	21	551341	Trigger-In:21	130	grating_on	staircase	14	red	right	unaware	1	0
551.396	0.000	trigger_20	20	551396	Trigger-In:20	130	grating_off	staircase	14	red	right	unaware	1	0
552.001	0.000	trigger_31	31	552001	Trigger-In:31	130	targets_on_fp_color_change	staircase	14	red	right	unaware	1	0
553.611	0.000	trigger_201	201	553611	Trigger-In:201	130	trial_end_completed	staircase	14	red	right	unaware	1	0
554.716	0.000	trigger_101	101	554716	Trigger-In:101	131	trial_start	salient	0	green	left	unaware	1	0
554.821	0.000	trigger_11	11	554821	Trigger-In:11	131	fixation_point_on	salient	0	green	left	unaware	1	0
555.426	0.000	trigger_21	21	555426	Trigger-In:21	131	grating_on	salient	0	green	left	unaware	1	0
555.476	0.000	trigger_20	20	555476	Trigger-In:20	131	grating_off	salient	0	green	left	unaware	1	0
556.081	0.000	trigger_31	31	556081	Trigger-In:31	131	targets_on_fp_color_change	salient	0	green	left	unaware	1	0
557.141	0.000	trigger_201	201	557141	Trigger-In:201	131	trial_end_completed	salient	0	green	left	unaware	1	0
558.231	0.000	trigger_101	101	558231	Trigger-In:101	132	trial_start	staircase	15	green	right	aware	1	0
558.841	0.000	trigger_11	11	558841	Trigger-In:11	132	fixation_point_on	staircase	15	green	right	aware	1	0
559.441	0.000	trigger_21	21	559441	Trigger-In:21	132	grating_on	staircase	15	green	right	aware	1	0
559.491	0.000	trigger_20	20	559491	Trigger-In:20	132	grating_off	staircase	15	green	right	aware	1	0
560.101	0.000	trigger_31	31	560101	Trigger-In:31	132	targets_on_fp_color_change	staircase	15	green	right	aware	1	0
560.846	0.000	trigger_201	201	560846	Trigger-In:201	132	trial_end_completed	staircase	15	green	right	aware	1	0
561.936	0.000	trigger_101	101	561936	Trigger-In:101	133	trial_start	staircase	14	green	right	aware	1	0
562.071	0.000	trigger_11	11	562071	Trigger-In:11	133	fixation_point_on	staircase	14	green	right	aware	1	0
562.671	0.000	trigger_21	21	562671	Trigger-In:21	133	grating_on	staircase	14	green	right	aware	1	0
562.726	0.000	trigger_20	20	562726	Trigger-In:20	133	grating_off	staircase	14	green	right	aware	1	0
563.331	0.000	trigger_31	31	563331	Trigger-In:31	133	targets_on_fp_color_change	staircase	14	green	right	aware	1	0
564.196	0.000	trigger_201	201	564196	Trigger-In:201	133	trial_end_completed	staircase	14	green	right	aware	1	0
565.291	0.000	trigger_101	101	565291	Trigger-In:101	134	trial_start	staircase	13	green	right	aware	1	0
565.401	0.000	trigger_11	11	565401	Trigger-In:11	134	fixation_point_on	staircase	13	green	right	aware	1	0
566.001	0.000	trigger_21	21	566001	Trigger-In:21	134	grating_on	staircase	13	green	right	aware	1	0
566.056	0.000	trigger_20	20	566056	Trigger-In:20	134	grating_off	staircase	13	green	right	aware	1	0
566.666	0.000	trigger_31	31	566666	Trigger-In:31	134	targets_on_fp_color_change	staircase	13	green	right	aware	1	0
567.306	0.000	trigger_201	201	567306	Trigger-In:201	134	trial_end_completed	staircase	13	green	right	aware	1	0
568.401	0.000	trigger_101	101	568401	Trigger-In:101	135	trial_start	staircase	12	red	left	aware	1	0
568.791	0.000	trigger_11	11	568791	Trigger-In:11	135	fixation_point_on	staircase	12	red	left	aware	1	0
569.396	0.000	trigger_21	21	569396	Trigger-In:21	135	grating_on	staircase	12	red	left	aware	1	0
569.451	0.000	trigger_20	20	569451	Trigger-In:20	135	grating_off	staircase	12	red	left	aware	1	0
570.061	0.000	trigger_31	31	570061	Trigger-In:31	135	targets_on_fp_color_change	staircase	12	red	left	aware	1	0
570.866	0.000	trigger_201	201	570866	Trigger-In:201	135	trial_end_completed	staircase	12	red	left	aware	1	0
571.961	0.000	trigger_101	101	571961	Trigger-In:101	136	trial_start	salient	0	green	left	unaware	1	0
572.066	0.000	trigger_11	11	572066	Trigger-In:11	136	fixation_point_on	salient	0	green	left	unaware	1	0
572.666	0.000	trigger_21	21	572666	Trigger-In:21	136	grating_on	salient	0	green	left	unaware	1	0
572.721	0.000	trigger_20	20	572721	Trigger-In:20	136	grating_off	salient	0	green	left	unaware	1	0
573.326	0.000	trigger_31	31	573326	Trigger-In:31	136	targets_on_fp_color_change	salient	0	green	left	unaware	1	0
574.366	0.000	trigger_201	201	574366	Trigger-In:201	136	trial_end_completed	salient	0	green	left	unaware	1	0
575.456	0.000	trigger_101	101	575456	Trigger-In:101	137	trial_start	salient	0	red	right	unaware	1	0
575.561	0.000	trigger_11	11	575561	Trigger-In:11	137	fixation_point_on	salient	0	red	right	unaware	1	0
576.171	0.000	trigger_21	21	576171	Trigger-In:21	137	grating_on	salient	0	red	right	unaware	1	0
576.221	0.000	trigger_20	20	576221	Trigger-In:20	137	grating_off	salient	0	red	right	unaware	1	0
576.836	0.000	trigger_31	31	576836	Trigger-In:31	137	targets_on_fp_color_change	salient	0	red	right	unaware	1	0
577.881	0.000	trigger_201	201	577881	Trigger-In:201	137	trial_end_completed	salient	0	red	right	unaware	1	0
578.981	0.000	trigger_101	101	578981	Trigger-In:101	138	trial_start	absent	70	green	right	aware	1	0
579.091	0.000	trigger_11	11	579091	Trigger-In:11	138	fixation_point_on	absent	70	green	right	aware	1	0
579.691	0.000	trigger_21	21	579691	Trigger-In:21	138	grating_on	absent	70	green	right	aware	1	0
579.746	0.000	trigger_20	20	579746	Trigger-In:20	138	grating_off	absent	70	green	right	aware	1	0
580.366	0.000	trigger_31	31	580366	Trigger-In:31	138	targets_on_fp_color_change	absent	70	green	right	aware	1	0
581.321	0.000	trigger_201	201	581321	Trigger-In:201	138	trial_end_completed	absent	70	green	right	aware	1	0
582.411	0.000	trigger_101	101	582411	Trigger-In:101	139	trial_start	absent	70	red	left	aware	1	0
582.736	0.000	trigger_11	11	582736	Trigger-In:11	139	fixation_point_on	absent	70	red	left	aware	1	0
583.346	0.000	trigger_21	21	583346	Trigger-In:21	139	grating_on	absent	70	red	left	aware	1	0
583.401	0.000	trigger_20	20	583401	Trigger-In:20	139	grating_off	absent	70	red	left	aware	1	0
584.006	0.000	trigger_31	31	584006	Trigger-In:31	139	targets_on_fp_color_change	absent	70	red	left	aware	1	0
584.736	0.000	trigger_201	201	584736	Trigger-In:201	139	trial_end_completed	absent	70	red	left	aware	1	0
585.826	0.000	trigger_101	101	585826	Trigger-In:101	140	trial_start	staircase	11	green	right	aware	1	0
585.936	0.000	trigger_11	11	585936	Trigger-In:11	140	fixation_point_on	staircase	11	green	right	aware	1	0
586.536	0.000	trigger_21	21	586536	Trigger-In:21	140	grating_on	staircase	11	green	right	aware	1	0
586.591	0.000	trigger_20	20	586591	Trigger-In:20	140	grating_off	staircase	11	green	right	aware	1	0
587.191	0.000	trigger_31	31	587191	Trigger-In:31	140	targets_on_fp_color_change	staircase	11	green	right	aware	1	0
588.096	0.000	trigger_201	201	588096	Trigger-In:201	140	trial_end_completed	staircase	11	green	right	aware	1	0
589.191	0.000	trigger_101	101	589191	Trigger-In:101	141	trial_start	staircase	10	green	left	unaware	1	0
589.296	0.000	trigger_11	11	589296	Trigger-In:11	141	fixation_point_on	staircase	10	green	left	unaware	1	0
589.901	0.000	trigger_21	21	589901	Trigger-In:21	141	grating_on	staircase	10	green	left	unaware	1	0
589.956	0.000	trigger_20	20	589956	Trigger-In:20	141	grating_off	staircase	10	green	left	unaware	1	0
590.561	0.000	trigger_31	31	590561	Trigger-In:31	141	targets_on_fp_color_change	staircase	10	green	left	unaware	1	0
591.536	0.000	trigger_201	201	591536	Trigger-In:201	141	trial_end_completed	staircase	10	green	left	unaware	1	0
592.626	0.000	trigger_101	101	592626	Trigger-In:101	142	trial_start	salient	0	green	left	unaware	1	0
592.736	0.000	trigger_11	11	592736	Trigger-In:11	142	fixation_point_on	salient	0	green	left	unaware	1	0
593.346	0.000	trigger_21	21	593346	Trigger-In:21	142	grating_on	salient	0	green	left	unaware	1	0
593.401	0.000	trigger_20	20	593401	Trigger-In:20	142	grating_off	salient	0	green	left	unaware	1	0
594.006	0.000	trigger_31	31	594006	Trigger-In:31	142	targets_on_fp_color_change	salient	0	green	left	unaware	1	0
594.916	0.000	trigger_201	201	594916	Trigger-In:201	142	trial_end_completed	salient	0	green	left	unaware	1	0
596.026	0.000	trigger_101	101	596026	Trigger-In:101	143	trial_start	staircase	11	green	left	unaware	1	0
596.131	0.000	trigger_11	11	596131	Trigger-In:11	143	fixation_point_on	staircase	11	green	left	unaware	1	0
596.731	0.000	trigger_21	21	596731	Trigger-In:21	143	grating_on	staircase	11	green	left	unaware	1	0
596.786	0.000	trigger_20	20	596786	Trigger-In:20	143	grating_off	staircase	11	green	left	unaware	1	0
597.391	0.000	trigger_31	31	597391	Trigger-In:31	143	targets_on_fp_color_change	staircase	11	green	left	unaware	1	0
598.236	0.000	trigger_201	201	598236	Trigger-In:201	143	trial_end_completed	staircase	11	green	left	unaware	1	0
599.331	0.000	trigger_101	101	599331	Trigger-In:101	144	trial_start	staircase	12	green	left	unaware	1	0
599.436	0.000	trigger_11	11	599436	Trigger-In:11	144	fixation_point_on	staircase	12	green	left	unaware	1	0
600.041	0.000	trigger_21	21	600041	Trigger-In:21	144	grating_on	staircase	12	green	left	unaware	1	0
600.101	0.000	trigger_20	20	600101	Trigger-In:20	144	grating_off	staircase	12	green	left	unaware	1	0
600.716	0.000	trigger_31	31	600716	Trigger-In:31	144	targets_on_fp_color_change	staircase	12	green	left	unaware	1	0
601.551	0.000	trigger_201	201	601551	Trigger-In:201	144	trial_end_completed	staircase	12	green	left	unaware	1	0
602.646	0.000	trigger_101	101	602646	Trigger-In:101	145	trial_start	staircase	13	red	right	unaware	1	0
602.756	0.000	trigger_11	11	602756	Trigger-In:11	145	fixation_point_on	staircase	13	red	right	unaware	1	0
603.356	0.000	trigger_21	21	603356	Trigger-In:21	145	grating_on	staircase	13	red	right	unaware	1	0
603.411	0.000	trigger_20	20	603411	Trigger-In:20	145	grating_off	staircase	13	red	right	unaware	1	0
604.011	0.000	trigger_31	31	604011	Trigger-In:31	145	targets_on_fp_color_change	staircase	13	red	right	unaware	1	0
605.541	0.000	trigger_201	201	605541	Trigger-In:201	145	trial_end_completed	staircase	13	red	right	unaware	1	0
606.631	0.000	trigger_101	101	606631	Trigger-In:101	146	trial_start	staircase	14	green	left	unaware	1	0
606.736	0.000	trigger_11	11	606736	Trigger-In:11	146	fixation_point_on	staircase	14	green	left	unaware	1	0
607.336	0.000	trigger_21	21	607336	Trigger-In:21	146	grating_on	staircase	14	green	left	unaware	1	0
607.391	0.000	trigger_20	20	607391	Trigger-In:20	146	grating_off	staircase	14	green	left	unaware	1	0
607.991	0.000	trigger_31	31	607991	Trigger-In:31	146	targets_on_fp_color_change	staircase	14	green	left	unaware	1	0
608.956	0.000	trigger_201	201	608956	Trigger-In:201	146	trial_end_completed	staircase	14	green	left	unaware	1	0
610.051	0.000	trigger_101	101	610051	Trigger-In:101	147	trial_start	staircase	15	green	right	aware	1	0
610.156	0.000	trigger_11	11	610156	Trigger-In:11	147	fixation_point_on	staircase	15	green	right	aware	1	0
610.761	0.000	trigger_21	21	610761	Trigger-In:21	147	grating_on	staircase	15	green	right	aware	1	0
610.816	0.000	trigger_20	20	610816	Trigger-In:20	147	grating_off	staircase	15	green	right	aware	1	0
611.416	0.000	trigger_31	31	611416	Trigger-In:31	147	targets_on_fp_color_change	staircase	15	green	right	aware	1	0
612.336	0.000	trigger_201	201	612336	Trigger-In:201	147	trial_end_completed	staircase	15	green	right	aware	1	0
613.431	0.000	trigger_101	101	613431	Trigger-In:101	148	trial_start	staircase	14	green	right	aware	1	0
613.606	0.000	trigger_11	11	613606	Trigger-In:11	148	fixation_point_on	staircase	14	green	right	aware	1	0
614.221	0.000	trigger_21	21	614221	Trigger-In:21	148	grating_on	staircase	14	green	right	aware	1	0
614.276	0.000	trigger_20	20	614276	Trigger-In:20	148	grating_off	staircase	14	green	right	aware	1	0
614.891	0.000	trigger_31	31	614891	Trigger-In:31	148	targets_on_fp_color_change	staircase	14	green	right	aware	1	0
615.606	0.000	trigger_201	201	615606	Trigger-In:201	148	trial_end_completed	staircase	14	green	right	aware	1	0
616.696	0.000	trigger_101	101	616696	Trigger-In:101	149	trial_start	staircase	13	red	left	aware	1	0
616.996	0.000	trigger_11	11	616996	Trigger-In:11	149	fixation_point_on	staircase	13	red	left	aware	1	0
617.606	0.000	trigger_21	21	617606	Trigger-In:21	149	grating_on	staircase	13	red	left	aware	1	0
617.661	0.000	trigger_20	20	617661	Trigger-In:20	149	grating_off	staircase	13	red	left	aware	1	0
618.281	0.000	trigger_31	31	618281	Trigger-In:31	149	targets_on_fp_color_change	staircase	13	red	left	aware	1	0
619.146	0.000	trigger_201	201	619146	Trigger-In:201	149	trial_end_completed	staircase	13	red	left	aware	1	0
620.236	0.000	trigger_101	101	620236	Trigger-In:101	150	trial_start	staircase	12	red	left	aware	1	0
620.336	0.000	trigger_11	11	620336	Trigger-In:11	150	fixation_point_on	staircase	12	red	left	aware	1	0
620.951	0.000	trigger_21	21	620951	Trigger-In:21	150	grating_on	staircase	12	red	left	aware	1	0
621.011	0.000	trigger_20	20	621011	Trigger-In:20	150	grating_off	staircase	12	red	left	aware	1	0
621.631	0.000	trigger_31	31	621631	Trigger-In:31	150	targets_on_fp_color_change	staircase	12	red	left	aware	1	0
622.466	0.000	trigger_201	201	622466	Trigger-In:201	150	trial_end_completed	staircase	12	red	left	aware	1	0
623.561	0.000	trigger_101	101	623561	Trigger-In:101	151	trial_start	staircase	11	green	right	aware	1	0
623.666	0.000	trigger_11	11	623666	Trigger-In:11	151	fixation_point_on	staircase	11	green	right	aware	1	0
624.276	0.000	trigger_21	21	624276	Trigger-In:21	151	grating_on	staircase	11	green	right	aware	1	0
624.331	0.000	trigger_20	20	624331	Trigger-In:20	151	grating_off	staircase	11	green	right	aware	1	0
624.941	0.000	trigger_31	31	624941	Trigger-In:31	151	targets_on_fp_color_change	staircase	11	green	right	aware	1	0
626.066	0.000	trigger_201	201	626066	Trigger-In:201	151	trial_end_completed	staircase	11	green	right	aware	1	0
627.161	0.000	trigger_101	101	627161	Trigger-In:101	152	trial_start	salient	0	green	left	unaware	1	0
627.266	0.000	trigger_11	11	627266	Trigger-In:11	152	fixation_point_on	salient	0	green	left	unaware	1	0
627.871	0.000	trigger_21	21	627871	Trigger-In:21	152	grating_on	salient	0	green	left	unaware	1	0
627.926	0.000	trigger_20	20	627926	Trigger-In:20	152	grating_off	salient	0	green	left	unaware	1	0
628.526	0.000	trigger_31	31	628526	Trigger-In:31	152	targets_on_fp_color_change	salient	0	green	left	unaware	1	0
629.741	0.000	trigger_201	201	629741	Trigger-In:201	152	trial_end_completed	salient	0	green	left	unaware	1	0
630.831	0.000	trigger_101	101	630831	Trigger-In:101	153	trial_start	staircase	10	red	right	unaware	1	0
630.936	0.000	trigger_11	11	630936	Trigger-In:11	153	fixation_point_on	staircase	10	red	right	unaware	1	0
631.536	0.000	trigger_21	21	631536	Trigger-In:21	153	grating_on	staircase	10	red	right	unaware	1	0
631.591	0.000	trigger_20	20	631591	Trigger-In:20	153	grating_off	staircase	10	red	right	unaware	1	0
632.201	0.000	trigger_31	31	632201	Trigger-In:31	153	targets_on_fp_color_change	staircase	10	red	right	unaware	1	0
633.611	0.000	trigger_201	201	633611	Trigger-In:201	153	trial_end_completed	staircase	10	red	right	unaware	1	0
634.706	0.000	trigger_101	101	634706	Trigger-In:101	154	trial_start	salient	0	red	right	unaware	1	0
634.816	0.000	trigger_11	11	634816	Trigger-In:11	154	fixation_point_on	salient	0	red	right	unaware	1	0
635.416	0.000	trigger_21	21	635416	Trigger-In:21	154	grating_on	salient	0	red	right	unaware	1	0
635.471	0.000	trigger_20	20	635471	Trigger-In:20	154	grating_off	salient	0	red	right	unaware	1	0
636.076	0.000	trigger_31	31	636076	Trigger-In:31	154	targets_on_fp_color_change	salient	0	red	right	unaware	1	0
637.341	0.000	trigger_201	201	637341	Trigger-In:201	154	trial_end_completed	salient	0	red	right	unaware	1	0
638.431	0.000	trigger_101	101	638431	Trigger-In:101	155	trial_start	staircase	11	red	right	unaware	1	0
638.536	0.000	trigger_11	11	638536	Trigger-In:11	155	fixation_point_on	staircase	11	red	right	unaware	1	0
639.146	0.000	trigger_21	21	639146	Trigger-In:21	155	grating_on	staircase	11	red	right	unaware	1	0
639.196	0.000	trigger_20	20	639196	Trigger-In:20	155	grating_off	staircase	11	red	right	unaware	1	0
639.806	0.000	trigger_31	31	639806	Trigger-In:31	155	targets_on_fp_color_change	staircase	11	red	right	unaware	1	0
641.181	0.000	trigger_201	201	641181	Trigger-In:201	155	trial_end_completed	staircase	11	red	right	unaware	1	0
642.276	0.000	trigger_101	101	642276	Trigger-In:101	156	trial_start	salient	0	red	right	unaware	1	0
642.426	0.000	trigger_11	11	642426	Trigger-In:11	156	fixation_point_on	salient	0	red	right	unaware	1	0
643.046	0.000	trigger_21	21	643046	Trigger-In:21	156	grating_on	salient	0	red	right	unaware	1	0
643.101	0.000	trigger_20	20	643101	Trigger-In:20	156	grating_off	salient	0	red	right	unaware	1	0
643.711	0.000	trigger_31	31	643711	Trigger-In:31	156	targets_on_fp_color_change	salient	0	red	right	unaware	1	0
645.026	0.000	trigger_201	201	645026	Trigger-In:201	156	trial_end_completed	salient	0	red	right	unaware	1	0
646.121	0.000	trigger_101	101	646121	Trigger-In:101	157	trial_start	staircase	12	green	right	aware	1	0
646.226	0.000	trigger_11	11	646226	Trigger-In:11	157	fixation_point_on	staircase	12	green	right	aware	1	0
646.846	0.000	trigger_21	21	646846	Trigger-In:21	157	grating_on	staircase	12	green	right	aware	1	0
646.896	0.000	trigger_20	20	646896	Trigger-In:20	157	grating_off	staircase	12	green	right	aware	1	0
647.511	0.000	trigger_31	31	647511	Trigger-In:31	157	targets_on_fp_color_change	staircase	12	green	right	aware	1	0
649.126	0.000	trigger_201	201	649126	Trigger-In:201	157	trial_end_completed	staircase	12	green	right	aware	1	0
650.221	0.000	trigger_101	101	650221	Trigger-In:101	158	trial_start	staircase	11	red	right	unaware	1	0
650.326	0.000	trigger_11	11	650326	Trigger-In:11	158	fixation_point_on	staircase	11	red	right	unaware	1	0
650.941	0.000	trigger_21	21	650941	Trigger-In:21	158	grating_on	staircase	11	red	right	unaware	1	0
650.996	0.000	trigger_20	20	650996	Trigger-In:20	158	grating_off	staircase	11	red	right	unaware	1	0
651.611	0.000	trigger_31	31	651611	Trigger-In:31	158	targets_on_fp_color_change	staircase	11	red	right	unaware	1	0
652.706	0.000	trigger_201	201	652706	Trigger-In:201	158	trial_end_completed	staircase	11	red	right	unaware	1	0
653.796	0.000	trigger_101	101	653796	Trigger-In:101	159	trial_start	staircase	12	green	left	unaware	1	0
654.076	0.000	trigger_11	11	654076	Trigger-In:11	159	fixation_point_on	staircase	12	green	left	unaware	1	0
654.691	0.000	trigger_21	21	654691	Trigger-In:21	159	grating_on	staircase	12	green	left	unaware	1	0
654.746	0.000	trigger_20	20	654746	Trigger-In:20	159	grating_off	staircase	12	green	left	unaware	1	0
655.366	0.000	trigger_31	31	655366	Trigger-In:31	159	targets_on_fp_color_change	staircase	12	green	left	unaware	1	0
656.556	0.000	trigger_201	201	656556	Trigger-In:201	159	trial_end_completed	staircase	12	green	left	unaware	1	0
657.646	0.000	trigger_101	101	657646	Trigger-In:101	160	trial_start	staircase	13	red	left	aware	1	0
657.751	0.000	trigger_11	11	657751	Trigger-In:11	160	fixation_point_on	staircase	13	red	left	aware	1	0
658.366	0.000	trigger_21	21	658366	Trigger-In:21	160	grating_on	staircase	13	red	left	aware	1	0
658.421	0.000	trigger_20	20	658421	Trigger-In:20	160	grating_off	staircase	13	red	left	aware	1	0
659.051	0.000	trigger_31	31	659051	Trigger-In:31	160	targets_on_fp_color_change	staircase	13	red	left	aware	1	0
660.131	0.000	trigger_201	201	660131	Trigger-In:201	160	trial_end_completed	staircase	13	red	left	aware	1	0
661.221	0.000	trigger_101	101	661221	Trigger-In:101	161	trial_start	staircase	12	green	right	aware	1	0
661.326	0.000	trigger_11	11	661326	Trigger-In:11	161	fixation_point_on	staircase	12	green	right	aware	1	0
661.946	0.000	trigger_21	21	661946	Trigger-In:21	161	grating_on	staircase	12	green	right	aware	1	0
662.001	0.000	trigger_20	20	662001	Trigger-In:20	161	grating_off	staircase	12	green	right	aware	1	0
662.616	0.000	trigger_31	31	662616	Trigger-In:31	161	targets_on_fp_color_change	staircase	12	green	right	aware	1	0
663.526	0.000	trigger_201	201	663526	Trigger-In:201	161	trial_end_completed	staircase	12	green	right	aware	1	0
664.616	0.000	trigger_101	101	664616	Trigger-In:101	162	trial_start	staircase	11	green	right	aware	1	0
664.721	0.000	trigger_11	11	664721	Trigger-In:11	162	fixation_point_on	staircase	11	green	right	aware	1	0
665.331	0.000	trigger_21	21	665331	Trigger-In:21	162	grating_on	staircase	11	green	right	aware	1	0
665.391	0.000	trigger_20	20	665391	Trigger-In:20	162	grating_off	staircase	11	green	right	aware	1	0
666.011	0.000	trigger_31	31	666011	Trigger-In:31	162	targets_on_fp_color_change	staircase	11	green	right	aware	1	0
666.846	0.000	trigger_201	201	666846	Trigger-In:201	162	trial_end_completed	staircase	11	green	right	aware	1	0
667.931	0.000	trigger_101	101	667931	Trigger-In:101	163	trial_start	salient	0	green	left	unaware	1	0
668.296	0.000	trigger_11	11	668296	Trigger-In:11	163	fixation_point_on	salient	0	green	left	unaware	1	0
668.906	0.000	trigger_21	21	668906	Trigger-In:21	163	grating_on	salient	0	green	left	unaware	1	0
668.966	0.000	trigger_20	20	668966	Trigger-In:20	163	grating_off	salient	0	green	left	unaware	1	0
669.586	0.000	trigger_31	31	669586	Trigger-In:31	163	targets_on_fp_color_change	salient	0	green	left	unaware	1	0
670.496	0.000	trigger_201	201	670496	Trigger-In:201	163	trial_end_completed	salient	0	green	left	unaware	1	0
671.591	0.000	trigger_101	101	671591	Trigger-In:101	164	trial_start	staircase	10	green	left	unaware	1	0
671.696	0.000	trigger_11	11	671696	Trigger-In:11	164	fixation_point_on	staircase	10	green	left	unaware	1	0
672.331	0.000	trigger_21	21	672331	Trigger-In:21	164	grating_on	staircase	10	green	left	unaware	1	0
672.386	0.000	trigger_20	20	672386	Trigger-In:20	164	grating_off	staircase	10	green	left	unaware	1	0
673.001	0.000	trigger_31	31	673001	Trigger-In:31	164	targets_on_fp_color_change	staircase	10	green	left	unaware	1	0
674.011	0.000	trigger_201	201	674011	Trigger-In:201	164	trial_end_completed	staircase	10	green	left	unaware	1	0
675.106	0.000	trigger_101	101	675106	Trigger-In:101	165	trial_start	staircase	11	red	left	aware	1	0
675.211	0.000	trigger_11	11	675211	Trigger-In:11	165	fixation_point_on	staircase	11	red	left	aware	1	0
675.821	0.000	trigger_21	21	675821	Trigger-In:21	165	grating_on	staircase	11	red	left	aware	1	0
675.876	0.000	trigger_20	20	675876	Trigger-In:20	165	grating_off	staircase	11	red	left	aware	1	0
676.501	0.000	trigger_31	31	676501	Trigger-In:31	165	targets_on_fp_color_change	staircase	11	red	left	aware	1	0
677.481	0.000	trigger_201	201	677481	Trigger-In:201	165	trial_end_completed	staircase	11	red	left	aware	1	0
678.576	0.000	trigger_101	101	678576	Trigger-In:101	166	trial_start	staircase	10	green	left	unaware	1	0
678.686	0.000	trigger_11	11	678686	Trigger-In:11	166	fixation_point_on	staircase	10	green	left	unaware	1	0
679.296	0.000	trigger_21	21	679296	Trigger-In:21	166	grating_on	staircase	10	green	left	unaware	1	0
679.351	0.000	trigger_20	20	679351	Trigger-In:20	166	grating_off	staircase	10	green	left	unaware	1	0
679.971	0.000	trigger_31	31	679971	Trigger-In:31	166	targets_on_fp_color_change	staircase	10	green	left	unaware	1	0
681.046	0.000	trigger_201	201	681046	Trigger-In:201	166	trial_end_completed	staircase	10	green	left	unaware	1	0
682.131	0.000	trigger_101	101	682131	Trigger-In:101	167	trial_start	staircase	11	red	right	unaware	1	0
682.236	0.000	trigger_11	11	682236	Trigger-In:11	167	fixation_point_on	staircase	11	red	right	unaware	1	0
682.851	0.000	trigger_21	21	682851	Trigger-In:21	167	grating_on	staircase	11	red	right	unaware	1	0
682.906	0.000	trigger_20	20	682906	Trigger-In:20	167	grating_off	staircase	11	red	right	unaware	1	0
683.521	0.000	trigger_31	31	683521	Trigger-In:31	167	targets_on_fp_color_change	staircase	11	red	right	unaware	1	0
684.646	0.000	trigger_201	201	684646	Trigger-In:201	167	trial_end_completed	staircase	11	red	right	unaware	1	0
685.736	0.000	trigger_101	101	685736	Trigger-In:101	168	trial_start	staircase	12	green	right	aware	1	0
685.841	0.000	trigger_11	11	685841	Trigger-In:11	168	fixation_point_on	staircase	12	green	right	aware	1	0
686.461	0.000	trigger_21	21	686461	Trigger-In:21	168	grating_on	staircase	12	green	right	aware	1	0
686.516	0.000	trigger_20	20	686516	Trigger-In:20	168	grating_off	staircase	12	green	right	aware	1	0
687.141	0.000	trigger_31	31	687141	Trigger-In:31	168	targets_on_fp_color_change	staircase	12	green	right	aware	1	0
688.031	0.000	trigger_201	201	688031	Trigger-In:201	168	trial_end_completed	staircase	12	green	right	aware	1	0
689.121	0.000	trigger_101	101	689121	Trigger-In:101	169	trial_start	absent	70	red	left	aware	1	0
689.226	0.000	trigger_11	11	689226	Trigger-In:11	169	fixation_point_on	absent	70	red	left	aware	1	0
689.841	0.000	trigger_21	21	689841	Trigger-In:21	169	grating_on	absent	70	red	left	aware	1	0
689.896	0.000	trigger_20	20	689896	Trigger-In:20	169	grating_off	absent	70	red	left	aware	1	0
690.521	0.000	trigger_31	31	690521	Trigger-In:31	169	targets_on_fp_color_change	absent	70	red	left	aware	1	0
691.201	0.000	trigger_201	201	691201	Trigger-In:201	169	trial_end_completed	absent	70	red	left	aware	1	0
692.286	0.000	trigger_101	101	692286	Trigger-In:101	170	trial_start	staircase	11	red	left	aware	1	0
692.391	0.000	trigger_11	11	692391	Trigger-In:11	170	fixation_point_on	staircase	11	red	left	aware	1	0
693.016	0.000	trigger_21	21	693016	Trigger-In:21	170	grating_on	staircase	11	red	left	aware	1	0
693.071	0.000	trigger_20	20	693071	Trigger-In:20	170	grating_off	staircase	11	red	left	aware	1	0
693.686	0.000	trigger_31	31	693686	Trigger-In:31	170	targets_on_fp_color_change	staircase	11	red	left	aware	1	0
694.796	0.000	trigger_201	201	694796	Trigger-In:201	170	trial_end_completed	staircase	11	red	left	aware	1	0
695.886	0.000	trigger_101	101	695886	Trigger-In:101	171	trial_start	staircase	10	red	left	aware	1	0
695.991	0.000	trigger_11	11	695991	Trigger-In:11	171	fixation_point_on	staircase	10	red	left	aware	1	0
696.606	0.000	trigger_21	21	696606	Trigger-In:21	171	grating_on	staircase	10	red	left	aware	1	0
696.661	0.000	trigger_20	20	696661	Trigger-In:20	171	grating_off	staircase	10	red	left	aware	1	0
697.281	0.000	trigger_31	31	697281	Trigger-In:31	171	targets_on_fp_color_change	staircase	10	red	left	aware	1	0
698.056	0.000	trigger_201	201	698056	Trigger-In:201	171	trial_end_completed	staircase	10	red	left	aware	1	0
699.151	0.000	trigger_101	101	699151	Trigger-In:101	172	trial_start	staircase	9	red	right	unaware	1	0
699.256	0.000	trigger_11	11	699256	Trigger-In:11	172	fixation_point_on	staircase	9	red	right	unaware	1	0
699.871	0.000	trigger_21	21	699871	Trigger-In:21	172	grating_on	staircase	9	red	right	unaware	1	0
699.926	0.000	trigger_20	20	699926	Trigger-In:20	172	grating_off	staircase	9	red	right	unaware	1	0
700.546	0.000	trigger_31	31	700546	Trigger-In:31	172	targets_on_fp_color_change	staircase	9	red	right	unaware	1	0
701.576	0.000	trigger_201	201	701576	Trigger-In:201	172	trial_end_completed	staircase	9	red	right	unaware	1	0
702.666	0.000	trigger_101	101	702666	Trigger-In:101	173	trial_start	staircase	10	green	left	unaware	1	0
702.896	0.000	trigger_11	11	702896	Trigger-In:11	173	fixation_point_on	staircase	10	green	left	unaware	1	0
703.506	0.000	trigger_21	21	703506	Trigger-In:21	173	grating_on	staircase	10	green	left	unaware	1	0
703.561	0.000	trigger_20	20	703561	Trigger-In:20	173	grating_off	staircase	10	green	left	unaware	1	0
704.186	0.000	trigger_31	31	704186	Trigger-In:31	173	targets_on_fp_color_change	staircase	10	green	left	unaware	1	0
705.331	0.000	trigger_201	201	705331	Trigger-In:201	173	trial_end_completed	staircase	10	green	left	unaware	1	0
706.421	0.000	trigger_101	101	706421	Trigger-In:101	174	trial_start	staircase	11	green	left	unaware	1	0
706.586	0.000	trigger_11	11	706586	Trigger-In:11	174	fixation_point_on	staircase	11	green	left	unaware	1	0
707.191	0.000	trigger_21	21	707191	Trigger-In:21	174	grating_on	staircase	11	green	left	unaware	1	0
707.246	0.000	trigger_20	20	707246	Trigger-In:20	174	grating_off	staircase	11	green	left	unaware	1	0
707.866	0.000	trigger_31	31	707866	Trigger-In:31	174	targets_on_fp_color_change	staircase	11	green	left	unaware	1	0
708.961	0.000	trigger_201	201	708961	Trigger-In:201	174	trial_end_completed	staircase	11	green	left	unaware	1	0
710.056	0.000	trigger_101	101	710056	Trigger-In:101	175	trial_start	absent	70	red	left	aware	1	0
710.161	0.000	trigger_11	11	710161	Trigger-In:11	175	fixation_point_on	absent	70	red	left	aware	1	0
710.781	0.000	trigger_21	21	710781	Trigger-In:21	175	grating_on	absent	70	red	left	aware	1	0
710.841	0.000	trigger_20	20	710841	Trigger-In:20	175	grating_off	absent	70	red	left	aware	1	0
711.461	0.000	trigger_31	31	711461	Trigger-In:31	175	targets_on_fp_color_change	absent	70	red	left	aware	1	0
712.391	0.000	trigger_201	201	712391	Trigger-In:201	175	trial_end_completed	absent	70	red	left	aware	1	0
713.486	0.000	trigger_101	101	713486	Trigger-In:101	176	trial_start	salient	0	red	right	unaware	1	0
713.586	0.000	trigger_11	11	713586	Trigger-In:11	176	fixation_point_on	salient	0	red	right	unaware	1	0
714.201	0.000	trigger_21	21	714201	Trigger-In:21	176	grating_on	salient	0	red	right	unaware	1	0
714.256	0.000	trigger_20	20	714256	Trigger-In:20	176	grating_off	salient	0	red	right	unaware	1	0
714.876	0.000	trigger_31	31	714876	Trigger-In:31	176	targets_on_fp_color_change	salient	0	red	right	unaware	1	0
716.101	0.000	trigger_201	201	716101	Trigger-In:201	176	trial_end_completed	salient	0	red	right	unaware	1	0
717.191	0.000	trigger_101	101	717191	Trigger-In:101	177	trial_start	staircase	12	green	right	aware	1	0
717.296	0.000	trigger_11	11	717296	Trigger-In:11	177	fixation_point_on	staircase	12	green	right	aware	1	0
717.916	0.000	trigger_21	21	717916	Trigger-In:21	177	grating_on	staircase	12	green	right	aware	1	0
717.971	0.000	trigger_20	20	717971	Trigger-In:20	177	grating_off	staircase	12	green	right	aware	1	0
718.581	0.000	trigger_31	31	718581	Trigger-In:31	177	targets_on_fp_color_change	staircase	12	green	right	aware	1	0
719.561	0.000	trigger_201	201	719561	Trigger-In:201	177	trial_end_completed	staircase	12	green	right	aware	1	0
720.651	0.000	trigger_101	101	720651	Trigger-In:101	178	trial_start	staircase	11	green	left	unaware	1	0
720.846	0.000	trigger_11	11	720846	Trigger-In:11	178	fixation_point_on	staircase	11	green	left	unaware	1	0
721.451	0.000	trigger_21	21	721451	Trigger-In:21	178	grating_on	staircase	11	green	left	unaware	1	0
721.506	0.000	trigger_20	20	721506	Trigger-In:20	178	grating_off	staircase	11	green	left	unaware	1	0
722.126	0.000	trigger_31	31	722126	Trigger-In:31	178	targets_on_fp_color_change	staircase	11	green	left	unaware	1	0
723.121	0.000	trigger_201	201	723121	Trigger-In:201	178	trial_end_completed	staircase	11	green	left	unaware	1	0
724.216	0.000	trigger_101	101	724216	Trigger-In:101	179	trial_start	staircase	12	green	left	unaware	1	0
724.321	0.000	trigger_11	11	724321	Trigger-In:11	179	fixation_point_on	staircase	12	green	left	unaware	1	0
724.921	0.000	trigger_21	21	724921	Trigger-In:21	179	grating_on	staircase	12	green	left	unaware	1	0
724.981	0.000	trigger_20	20	724981	Trigger-In:20	179	grating_off	staircase	12	green	left	unaware	1	0
725.596	0.000	trigger_31	31	725596	Trigger-In:31	179	targets_on_fp_color_change	staircase	12	green	left	unaware	1	0
726.406	0.000	trigger_201	201	726406	Trigger-In:201	179	trial_end_completed	staircase	12	green	left	unaware	1	0
727.491	0.000	trigger_101	101	727491	Trigger-In:101	180	trial_start	staircase	13	red	left	aware	1	0
727.601	0.000	trigger_11	11	727601	Trigger-In:11	180	fixation_point_on	staircase	13	red	left	aware	1	0
728.211	0.000	trigger_21	21	728211	Trigger-In:21	180	grating_on	staircase	13	red	left	aware	1	0
728.261	0.000	trigger_20	20	728261	Trigger-In:20	180	grating_off	staircase	13	red	left	aware	1	0
728.886	0.000	trigger_31	31	728886	Trigger-In:31	180	targets_on_fp_color_change	staircase	13	red	left	aware	1	0
729.811	0.000	trigger_201	201	729811	Trigger-In:201	180	trial_end_completed	staircase	13	red	left	aware	1	0
1091.566	0.000	trigger_101	101	1091566	Trigger-In:101	181	trial_start	staircase	10	green	left	unaware	1	0
1091.791	0.000	trigger_11	11	1091791	Trigger-In:11	181	fixation_point_on	staircase	10	green	left	unaware	1	0
1092.521	0.000	trigger_21	21	1092521	Trigger-In:21	181	grating_on	staircase	10	green	left	unaware	1	0
1092.596	0.000	trigger_20	20	1092596	Trigger-In:20	181	grating_off	staircase	10	green	left	unaware	1	0
1093.281	0.000	trigger_31	31	1093281	Trigger-In:31	181	targets_on_fp_color_change	staircase	10	green	left	unaware	1	0
1094.291	0.000	trigger_201	201	1094291	Trigger-In:201	181	trial_end_completed	staircase	10	green	left	unaware	1	0
1095.676	0.000	trigger_101	101	1095676	Trigger-In:101	182	trial_start	absent	70	red	left	aware	1	0
1095.781	0.000	trigger_11	11	1095781	Trigger-In:11	182	fixation_point_on	absent	70	red	left	aware	1	0
1096.426	0.000	trigger_21	21	1096426	Trigger-In:21	182	grating_on	absent	70	red	left	aware	1	0
1096.481	0.000	trigger_20	20	1096481	Trigger-In:20	182	grating_off	absent	70	red	left	aware	1	0
1097.141	0.000	trigger_31	31	1097141	Trigger-In:31	182	targets_on_fp_color_change	absent	70	red	left	aware	1	0
1098.596	0.000	trigger_201	201	1098596	Trigger-In:201	182	trial_end_completed	absent	70	red	left	aware	1	0
1099.701	0.000	trigger_101	101	1099701	Trigger-In:101	183	trial_start	staircase	11	red	left	aware	1	0
1099.811	0.000	trigger_11	11	1099811	Trigger-In:11	183	fixation_point_on	staircase	11	red	left	aware	1	0
1100.446	0.000	trigger_21	21	1100446	Trigger-In:21	183	grating_on	staircase	11	red	left	aware	1	0
1100.511	0.000	trigger_20	20	1100511	Trigger-In:20	183	grating_off	staircase	11	red	left	aware	1	0
1101.161	0.000	trigger_31	31	1101161	Trigger-In:31	183	targets_on_fp_color_change	staircase	11	red	left	aware	1	0
1101.851	0.000	trigger_201	201	1101851	Trigger-In:201	183	trial_end_completed	staircase	11	red	left	aware	1	0
1102.946	0.000	trigger_101	101	1102946	Trigger-In:101	184	trial_start	staircase	10	red	left	aware	1	0
1103.046	0.000	trigger_11	11	1103046	Trigger-In:11	184	fixation_point_on	staircase	10	red	left	aware	1	0
1103.691	0.000	trigger_21	21	1103691	Trigger-In:21	184	grating_on	staircase	10	red	left	aware	1	0
1103.746	0.000	trigger_20	20	1103746	Trigger-In:20	184	grating_off	staircase	10	red	left	aware	1	0
1104.401	0.000	trigger_31	31	1104401	Trigger-In:31	184	targets_on_fp_color_change	staircase	10	red	left	aware	1	0
1105.071	0.000	trigger_201	201	1105071	Trigger-In:201	184	trial_end_completed	staircase	10	red	left	aware	1	0
1106.156	0.000	trigger_101	101	1106156	Trigger-In:101	185	trial_start	staircase	9	green	left	unaware	1	0
1106.261	0.000	trigger_11	11	1106261	Trigger-In:11	185	fixation_point_on	staircase	9	green	left	unaware	1	0
1106.911	0.000	trigger_21	21	1106911	Trigger-In:21	185	grating_on	staircase	9	green	left	unaware	1	0
1106.976	0.000	trigger_20	20	1106976	Trigger-In:20	185	grating_off	staircase	9	green	left	unaware	1	0
1107.621	0.000	trigger_31	31	1107621	Trigger-In:31	185	targets_on_fp_color_change	staircase	9	green	left	unaware	1	0
1108.316	0.000	trigger_201	201	1108316	Trigger-In:201	185	trial_end_completed	staircase	9	green	left	unaware	1	0
1109.416	0.000	trigger_101	101	1109416	Trigger-In:101	186	trial_start	absent	70	green	right	aware	1	0
1109.526	0.000	trigger_11	11	1109526	Trigger-In:11	186	fixation_point_on	absent	70	green	right	aware	1	0
1110.166	0.000	trigger_21	21	1110166	Trigger-In:21	186	grating_on	absent	70	green	right	aware	1	0
1110.226	0.000	trigger_20	20	1110226	Trigger-In:20	186	grating_off	absent	70	green	right	aware	1	0
1110.871	0.000	trigger_31	31	1110871	Trigger-In:31	186	targets_on_fp_color_change	absent	70	green	right	aware	1	0
1111.561	0.000	trigger_201	201	1111561	Trigger-In:201	186	trial_end_completed	absent	70	green	right	aware	1	0
1112.656	0.000	trigger_101	101	1112656	Trigger-In:101	187	trial_start	staircase	10	red	left	aware	1	0
1112.756	0.000	trigger_11	11	1112756	Trigger-In:11	187	fixation_point_on	staircase	10	red	left	aware	1	0
1113.401	0.000	trigger_21	21	1113401	Trigger-In:21	187	grating_on	staircase	10	red	left	aware	1	0
1113.461	0.000	trigger_20	20	1113461	Trigger-In:20	187	grating_off	staircase	10	red	left	aware	1	0
1114.101	0.000	trigger_31	31	1114101	Trigger-In:31	187	targets_on_fp_color_change	staircase	10	red	left	aware	1	0
1114.896	0.000	trigger_201	201	1114896	Trigger-In:201	187	trial_end_completed	staircase	10	red	left	aware	1	0
1115.996	0.000	trigger_101	101	1115996	Trigger-In:101	188	trial_start	salient	0	red	right	unaware	1	0
1116.096	0.000	trigger_11	11	1116096	Trigger-In:11	188	fixation_point_on	salient	0	red	right	unaware	1	0
1116.741	0.000	trigger_21	21	1116741	Trigger-In:21	188	grating_on	salient	0	red	right	unaware	1	0
1116.801	0.000	trigger_20	20	1116801	Trigger-In:20	188	grating_off	salient	0	red	right	unaware	1	0
1117.451	0.000	trigger_31	31	1117451	Trigger-In:31	188	targets_on_fp_color_change	salient	0	red	right	unaware	1	0
1118.801	0.000	trigger_201	201	1118801	Trigger-In:201	188	trial_end_completed	salient	0	red	right	unaware	1	0
1119.886	0.000	trigger_101	101	1119886	Trigger-In:101	189	trial_start	salient	0	red	right	unaware	1	0
1119.991	0.000	trigger_11	11	1119991	Trigger-In:11	189	fixation_point_on	salient	0	red	right	unaware	1	0
1120.666	0.000	trigger_21	21	1120666	Trigger-In:21	189	grating_on	salient	0	red	right	unaware	1	0
1120.726	0.000	trigger_20	20	1120726	Trigger-In:20	189	grating_off	salient	0	red	right	unaware	1	0
1121.371	0.000	trigger_31	31	1121371	Trigger-In:31	189	targets_on_fp_color_change	salient	0	red	right	unaware	1	0
1122.356	0.000	trigger_201	201	1122356	Trigger-In:201	189	trial_end_completed	salient	0	red	right	unaware	1	0
1123.446	0.000	trigger_101	101	1123446	Trigger-In:101	190	trial_start	staircase	9	green	right	aware	1	0
1123.556	0.000	trigger_11	11	1123556	Trigger-In:11	190	fixation_point_on	staircase	9	green	right	aware	1	0
1124.196	0.000	trigger_21	21	1124196	Trigger-In:21	190	grating_on	staircase	9	green	right	aware	1	0
1124.256	0.000	trigger_20	20	1124256	Trigger-In:20	190	grating_off	staircase	9	green	right	aware	1	0
1124.926	0.000	trigger_31	31	1124926	Trigger-In:31	190	targets_on_fp_color_change	staircase	9	green	right	aware	1	0
1126.356	0.000	trigger_201	201	1126356	Trigger-In:201	190	trial_end_completed	staircase	9	green	right	aware	1	0
1127.446	0.000	trigger_101	101	1127446	Trigger-In:101	191	trial_start	absent	70	red	left	aware	1	0
1127.551	0.000	trigger_11	11	1127551	Trigger-In:11	191	fixation_point_on	absent	70	red	left	aware	1	0
1128.186	0.000	trigger_21	21	1128186	Trigger-In:21	191	grating_on	absent	70	red	left	aware	1	0
1128.241	0.000	trigger_20	20	1128241	Trigger-In:20	191	grating_off	absent	70	red	left	aware	1	0
1128.886	0.000	trigger_31	31	1128886	Trigger-In:31	191	targets_on_fp_color_change	absent	70	red	left	aware	1	0
1129.626	0.000	trigger_201	201	1129626	Trigger-In:201	191	trial_end_completed	absent	70	red	left	aware	1	0
1130.716	0.000	trigger_101	101	1130716	Trigger-In:101	192	trial_start	staircase	8	red	right	unaware	1	0
1130.821	0.000	trigger_11	11	1130821	Trigger-In:11	192	fixation_point_on	staircase	8	red	right	unaware	1	0
1131.461	0.000	trigger_21	21	1131461	Trigger-In:21	192	grating_on	staircase	8	red	right	unaware	1	0
1131.521	0.000	trigger_20	20	1131521	Trigger-In:20	192	grating_off	staircase	8	red	right	unaware	1	0
1132.156	0.000	trigger_31	31	1132156	Trigger-In:31	192	targets_on_fp_color_change	staircase	8	red	right	unaware	1	0
1133.741	0.000	trigger_201	201	1133741	Trigger-In:201	192	trial_end_completed	staircase	8	red	right	unaware	1	0
1134.826	0.000	trigger_101	101	1134826	Trigger-In:101	193	trial_start	staircase	9	green	right	aware	1	0
1134.931	0.000	trigger_11	11	1134931	Trigger-In:11	193	fixation_point_on	staircase	9	green	right	aware	1	0
1135.576	0.000	trigger_21	21	1135576	Trigger-In:21	193	grating_on	staircase	9	green	right	aware	1	0
1135.631	0.000	trigger_20	20	1135631	Trigger-In:20	193	grating_off	staircase	9	green	right	aware	1	0
1136.266	0.000	trigger_31	31	1136266	Trigger-In:31	193	targets_on_fp_color_change	staircase	9	green	right	aware	1	0
1137.381	0.000	trigger_201	201	1137381	Trigger-In:201	193	trial_end_completed	staircase	9	green	right	aware	1	0
1138.471	0.000	trigger_101	101	1138471	Trigger-In:101	194	trial_start	absent	70	red	right	unaware	1	0
1138.581	0.000	trigger_11	11	1138581	Trigger-In:11	194	fixation_point_on	absent	70	red	right	unaware	1	0
1139.211	0.000	trigger_21	21	1139211	Trigger-In:21	194	grating_on	absent	70	red	right	unaware	1	0
1139.266	0.000	trigger_20	20	1139266	Trigger-In:20	194	grating_off	absent	70	red	right	unaware	1	0
1139.906	0.000	trigger_31	31	1139906	Trigger-In:31	194	targets_on_fp_color_change	absent	70	red	right	unaware	1	0
1140.846	0.000	trigger_201	201	1140846	Trigger-In:201	194	trial_end_completed	absent	70	red	right	unaware	1	0
1142.206	0.000	trigger_101	101	1142206	Trigger-In:101	195	trial_start	staircase	8	red	left	aware	1	0
1142.311	0.000	trigger_11	11	1142311	Trigger-In:11	195	fixation_point_on	staircase	8	red	left	aware	1	0
1142.956	0.000	trigger_21	21	1142956	Trigger-In:21	195	grating_on	staircase	8	red	left	aware	1	0
1143.011	0.000	trigger_20	20	1143011	Trigger-In:20	195	grating_off	staircase	8	red	left	aware	1	0
1143.646	0.000	trigger_31	31	1143646	Trigger-In:31	195	targets_on_fp_color_change	staircase	8	red	left	aware	1	0
1145.486	0.000	trigger_201	201	1145486	Trigger-In:201	195	trial_end_completed	staircase	8	red	left	aware	1	0
1146.576	0.000	trigger_101	101	1146576	Trigger-In:101	196	trial_start	staircase	7	green	left	unaware	1	0
1146.676	0.000	trigger_11	11	1146676	Trigger-In:11	196	fixation_point_on	staircase	7	green	left	unaware	1	0
1147.316	0.000	trigger_21	21	1147316	Trigger-In:21	196	grating_on	staircase	7	green	left	unaware	1	0
1147.376	0.000	trigger_20	20	1147376	Trigger-In:20	196	grating_off	staircase	7	green	left	unaware	1	0
1148.006	0.000	trigger_31	31	1148006	Trigger-In:31	196	targets_on_fp_color_change	staircase	7	green	left	unaware	1	0
1149.081	0.000	trigger_201	201	1149081	Trigger-In:201	196	trial_end_completed	staircase	7	green	left	unaware	1	0
1150.171	0.000	trigger_101	101	1150171	Trigger-In:101	197	trial_start	staircase	8	green	left	unaware	1	0
1150.286	0.000	trigger_11	11	1150286	Trigger-In:11	197	fixation_point_on	staircase	8	green	left	unaware	1	0
1150.911	0.000	trigger_21	21	1150911	Trigger-In:21	197	grating_on	staircase	8	green	left	unaware	1	0
1150.971	0.000	trigger_20	20	1150971	Trigger-In:20	197	grating_off	staircase	8	green	left	unaware	1	0
1151.611	0.000	trigger_31	31	1151611	Trigger-In:31	197	targets_on_fp_color_change	staircase	8	green	left	unaware	1	0
1152.721	0.000	trigger_201	201	1152721	Trigger-In:201	197	trial_end_completed	staircase	8	green	left	unaware	1	0
1153.811	0.000	trigger_101	101	1153811	Trigger-In:101	198	trial_start	staircase	9	green	left	unaware	1	0
1153.916	0.000	trigger_11	11	1153916	Trigger-In:11	198	fixation_point_on	staircase	9	green	left	unaware	1	0
1154.546	0.000	trigger_21	21	1154546	Trigger-In:21	198	grating_on	staircase	9	green	left	unaware	1	0
1154.601	0.000	trigger_20	20	1154601	Trigger-In:20	198	grating_off	staircase	9	green	left	unaware	1	0
1155.241	0.000	trigger_31	31	1155241	Trigger-In:31	198	targets_on_fp_color_change	staircase	9	green	left	unaware	1	0
1156.171	0.000	trigger_201	201	1156171	Trigger-In:201	198	trial_end_completed	staircase	9	green	left	unaware	1	0
1157.256	0.000	trigger_101	101	1157256	Trigger-In:101	199	trial_start	staircase	10	green	right	aware	1	0
1157.361	0.000	trigger_11	11	1157361	Trigger-In:11	199	fixation_point_on	staircase	10	green	right	aware	1	0
1157.991	0.000	trigger_21	21	1157991	Trigger-In:21	199	grating_on	staircase	10	green	right	aware	1	0
1158.046	0.000	trigger_20	20	1158046	Trigger-In:20	199	grating_off	staircase	10	green	right	aware	1	0
1158.681	0.000	trigger_31	31	1158681	Trigger-In:31	199	targets_on_fp_color_change	staircase	10	green	right	aware	1	0
1160.151	0.000	trigger_201	201	1160151	Trigger-In:201	199	trial_end_completed	staircase	10	green	right	aware	1	0
1161.241	0.000	trigger_101	101	1161241	Trigger-In:101	200	trial_start	staircase	9	red	left	aware	1	0
1161.346	0.000	trigger_11	11	1161346	Trigger-In:11	200	fixation_point_on	staircase	9	red	left	aware	1	0
1161.986	0.000	trigger_21	21	1161986	Trigger-In:21	200	grating_on	staircase	9	red	left	aware	1	0
1162.046	0.000	trigger_20	20	1162046	Trigger-In:20	200	grating_off	staircase	9	red	left	aware	1	0
1162.686	0.000	trigger_31	31	1162686	Trigger-In:31	200	targets_on_fp_color_change	staircase	9	red	left	aware	1	0
1164.441	0.000	trigger_201	201	1164441	Trigger-In:201	200	trial_end_completed	staircase	9	red	left	aware	1	0
1165.546	0.000	trigger_101	101	1165546	Trigger-In:101	201	trial_start	staircase	8	red	right	unaware	1	0
1165.646	0.000	trigger_11	11	1165646	Trigger-In:11	201	fixation_point_on	staircase	8	red	right	unaware	1	0
1166.286	0.000	trigger_21	21	1166286	Trigger-In:21	201	grating_on	staircase	8	red	right	unaware	1	0
1166.346	0.000	trigger_20	20	1166346	Trigger-In:20	201	grating_off	staircase	8	red	right	unaware	1	0
1166.986	0.000	trigger_31	31	1166986	Trigger-In:31	201	targets_on_fp_color_change	staircase	8	red	right	unaware	1	0
1168.386	0.000	trigger_201	201	1168386	Trigger-In:201	201	trial_end_completed	staircase	8	red	right	unaware	1	0
1169.476	0.000	trigger_101	101	1169476	Trigger-In:101	202	trial_start	salient	0	green	left	unaware	1	0
1169.581	0.000	trigger_11	11	1169581	Trigger-In:11	202	fixation_point_on	salient	0	green	left	unaware	1	0
1170.216	0.000	trigger_21	21	1170216	Trigger-In:21	202	grating_on	salient	0	green	left	unaware	1	0
1170.271	0.000	trigger_20	20	1170271	Trigger-In:20	202	grating_off	salient	0	green	left	unaware	1	0
1170.946	0.000	trigger_31	31	1170946	Trigger-In:31	202	targets_on_fp_color_change	salient	0	green	left	unaware	1	0
1172.071	0.000	trigger_201	201	1172071	Trigger-In:201	202	trial_end_completed	salient	0	green	left	unaware	1	0
1173.161	0.000	trigger_101	101	1173161	Trigger-In:101	203	trial_start	staircase	9	green	left	unaware	1	0
1173.271	0.000	trigger_11	11	1173271	Trigger-In:11	203	fixation_point_on	staircase	9	green	left	unaware	1	0
1173.901	0.000	trigger_21	21	1173901	Trigger-In:21	203	grating_on	staircase	9	green	left	unaware	1	0
1173.956	0.000	trigger_20	20	1173956	Trigger-In:20	203	grating_off	staircase	9	green	left	unaware	1	0
1174.591	0.000	trigger_31	31	1174591	Trigger-In:31	203	targets_on_fp_color_change	staircase	9	green	left	unaware	1	0
1175.421	0.000	trigger_201	201	1175421	Trigger-In:201	203	trial_end_completed	staircase	9	green	left	unaware	1	0
1176.511	0.000	trigger_101	101	1176511	Trigger-In:101	204	trial_start	salient	0	green	left	unaware	1	0
1176.656	0.000	trigger_11	11	1176656	Trigger-In:11	204	fixation_point_on	salient	0	green	left	unaware	1	0
1177.286	0.000	trigger_21	21	1177286	Trigger-In:21	204	grating_on	salient	0	green	left	unaware	1	0
1177.346	0.000	trigger_20	20	1177346	Trigger-In:20	204	grating_off	salient	0	green	left	unaware	1	0
1177.996	0.000	trigger_31	31	1177996	Trigger-In:31	204	targets_on_fp_color_change	salient	0	green	left	unaware	1	0
1178.996	0.000	trigger_201	201	1178996	Trigger-In:201	204	trial_end_completed	salient	0	green	left	unaware	1	0
1180.086	0.000	trigger_101	101	1180086	Trigger-In:101	205	trial_start	salient	0	red	right	unaware	1	0
1180.346	0.000	trigger_11	11	1180346	Trigger-In:11	205	fixation_point_on	salient	0	red	right	unaware	1	0
1180.986	0.000	trigger_21	21	1180986	Trigger-In:21	205	grating_on	salient	0	red	right	unaware	1	0
1181.046	0.000	trigger_20	20	1181046	Trigger-In:20	205	grating_off	salient	0	red	right	unaware	1	0
1181.681	0.000	trigger_31	31	1181681	Trigger-In:31	205	targets_on_fp_color_change	salient	0	red	right	unaware	1	0
1182.816	0.000	trigger_201	201	1182816	Trigger-In:201	205	trial_end_completed	salient	0	red	right	unaware	1	0
1183.906	0.000	trigger_101	101	1183906	Trigger-In:101	206	trial_start	staircase	10	red	right	unaware	1	0
1184.006	0.000	trigger_11	11	1184006	Trigger-In:11	206	fixation_point_on	staircase	10	red	right	unaware	1	0
1184.641	0.000	trigger_21	21	1184641	Trigger-In:21	206	grating_on	staircase	10	red	right	unaware	1	0
1184.696	0.000	trigger_20	20	1184696	Trigger-In:20	206	grating_off	staircase	10	red	right	unaware	1	0
1185.336	0.000	trigger_31	31	1185336	Trigger-In:31	206	targets_on_fp_color_change	staircase	10	red	right	unaware	1	0
1187.021	0.000	trigger_201	201	1187021	Trigger-In:201	206	trial_end_completed	staircase	10	red	right	unaware	1	0
1188.111	0.000	trigger_101	101	1188111	Trigger-In:101	207	trial_start	staircase	11	red	right	unaware	1	0
1188.381	0.000	trigger_11	11	1188381	Trigger-In:11	207	fixation_point_on	staircase	11	red	right	unaware	1	0
1189.011	0.000	trigger_21	21	1189011	Trigger-In:21	207	grating_on	staircase	11	red	right	unaware	1	0
1189.071	0.000	trigger_20	20	1189071	Trigger-In:20	207	grating_off	staircase	11	red	right	unaware	1	0
1189.711	0.000	trigger_31	31	1189711	Trigger-In:31	207	targets_on_fp_color_change	staircase	11	red	right	unaware	1	0
1190.676	0.000	trigger_201	201	1190676	Trigger-In:201	207	trial_end_completed	staircase	11	red	right	unaware	1	0
1191.766	0.000	trigger_101	101	1191766	Trigger-In:101	208	trial_start	absent	70	green	right	aware	1	0
1192.026	0.000	trigger_11	11	1192026	Trigger-In:11	208	fixation_point_on	absent	70	green	right	aware	1	0
1192.656	0.000	trigger_21	21	1192656	Trigger-In:21	208	grating_on	absent	70	green	right	aware	1	0
1192.711	0.000	trigger_20	20	1192711	Trigger-In:20	208	grating_off	absent	70	green	right	aware	1	0
1193.356	0.000	trigger_31	31	1193356	Trigger-In:31	208	targets_on_fp_color_change	absent	70	green	right	aware	1	0
1194.436	0.000	trigger_201	201	1194436	Trigger-In:201	208	trial_end_completed	absent	70	green	right	aware	1	0
1195.521	0.000	trigger_101	101	1195521	Trigger-In:101	209	trial_start	staircase	12	green	right	aware	1	0
1195.626	0.000	trigger_11	11	1195626	Trigger-In:11	209	fixation_point_on	staircase	12	green	right	aware	1	0
1196.256	0.000	trigger_21	21	1196256	Trigger-In:21	209	grating_on	staircase	12	green	right	aware	1	0
1196.316	0.000	trigger_20	20	1196316	Trigger-In:20	209	grating_off	staircase	12	green	right	aware	1	0
1196.951	0.000	trigger_31	31	1196951	Trigger-In:31	209	targets_on_fp_color_change	staircase	12	green	right	aware	1	0
1197.836	0.000	trigger_201	201	1197836	Trigger-In:201	209	trial_end_completed	staircase	12	green	right	aware	1	0
1198.921	0.000	trigger_101	101	1198921	Trigger-In:101	210	trial_start	staircase	11	green	n/a	n/a	0	0
1199.026	0.000	trigger_11	11	1199026	Trigger-In:11	210	fixation_point_on	staircase	11	green	n/a	n/a	0	0
1199.651	0.000	trigger_21	21	1199651	Trigger-In:21	210	grating_on	staircase	11	green	n/a	n/a	0	0
1199.706	0.000	trigger_20	20	1199706	Trigger-In:20	210	grating_off	staircase	11	green	n/a	n/a	0	0
1200.341	0.000	trigger_31	31	1200341	Trigger-In:31	210	targets_on_fp_color_change	staircase	11	green	n/a	n/a	0	0
1202.556	0.000	trigger_203	203	1202556	Trigger-In:203	210	trial_end_not_completed	staircase	11	green	n/a	n/a	0	0
1203.676	0.000	trigger_101	101	1203676	Trigger-In:101	211	trial_start	salient	0	red	right	unaware	1	0
1203.781	0.000	trigger_11	11	1203781	Trigger-In:11	211	fixation_point_on	salient	0	red	right	unaware	1	0
1204.411	0.000	trigger_21	21	1204411	Trigger-In:21	211	grating_on	salient	0	red	right	unaware	1	0
1204.466	0.000	trigger_20	20	1204466	Trigger-In:20	211	grating_off	salient	0	red	right	unaware	1	0
1205.101	0.000	trigger_31	31	1205101	Trigger-In:31	211	targets_on_fp_color_change	salient	0	red	right	unaware	1	0
1206.531	0.000	trigger_201	201	1206531	Trigger-In:201	211	trial_end_completed	salient	0	red	right	unaware	1	0
1207.616	0.000	trigger_101	101	1207616	Trigger-In:101	212	trial_start	staircase	11	green	right	aware	1	0
1207.931	0.000	trigger_11	11	1207931	Trigger-In:11	212	fixation_point_on	staircase	11	green	right	aware	1	0
1208.571	0.000	trigger_21	21	1208571	Trigger-In:21	212	grating_on	staircase	11	green	right	aware	1	0
1208.631	0.000	trigger_20	20	1208631	Trigger-In:20	212	grating_off	staircase	11	green	right	aware	1	0
1209.271	0.000	trigger_31	31	1209271	Trigger-In:31	212	targets_on_fp_color_change	staircase	11	green	right	aware	1	0
1210.056	0.000	trigger_201	201	1210056	Trigger-In:201	212	trial_end_completed	staircase	11	green	right	aware	1	0
1211.141	0.000	trigger_101	101	1211141	Trigger-In:101	213	trial_start	staircase	10	red	right	unaware	1	0
1211.386	0.000	trigger_11	11	1211386	Trigger-In:11	213	fixation_point_on	staircase	10	red	right	unaware	1	0
1212.016	0.000	trigger_21	21	1212016	Trigger-In:21	213	grating_on	staircase	10	red	right	unaware	1	0
1212.071	0.000	trigger_20	20	1212071	Trigger-In:20	213	grating_off	staircase	10	red	right	unaware	1	0
1212.711	0.000	trigger_31	31	1212711	Trigger-In:31	213	targets_on_fp_color_change	staircase	10	red	right	unaware	1	0
1213.876	0.000	trigger_201	201	1213876	Trigger-In:201	213	trial_end_completed	staircase	10	red	right	unaware	1	0
1214.971	0.000	trigger_101	101	1214971	Trigger-In:101	214	trial_start	staircase	11	green	right	aware	1	0
1215.081	0.000	trigger_11	11	1215081	Trigger-In:11	214	fixation_point_on	staircase	11	green	right	aware	1	0
1215.711	0.000	trigger_21	21	1215711	Trigger-In:21	214	grating_on	staircase	11	green	right	aware	1	0
1215.776	0.000	trigger_20	20	1215776	Trigger-In:20	214	grating_off	staircase	11	green	right	aware	1	0
1216.406	0.000	trigger_31	31	1216406	Trigger-In:31	214	targets_on_fp_color_change	staircase	11	green	right	aware	1	0
1217.306	0.000	trigger_201	201	1217306	Trigger-In:201	214	trial_end_completed	staircase	11	green	right	aware	1	0
1218.396	0.000	trigger_101	101	1218396	Trigger-In:101	215	trial_start	staircase	10	green	left	unaware	1	0
1218.501	0.000	trigger_11	11	1218501	Trigger-In:11	215	fixation_point_on	staircase	10	green	left	unaware	1	0
1219.131	0.000	trigger_21	21	1219131	Trigger-In:21	215	grating_on	staircase	10	green	left	unaware	1	0
1219.191	0.000	trigger_20	20	1219191	Trigger-In:20	215	grating_off	staircase	10	green	left	unaware	1	0
1219.821	0.000	trigger_31	31	1219821	Trigger-In:31	215	targets_on_fp_color_change	staircase	10	green	left	unaware	1	0
1220.901	0.000	trigger_201	201	1220901	Trigger-In:201	215	trial_end_completed	staircase	10	green	left	unaware	1	0
1221.986	0.000	trigger_101	101	1221986	Trigger-In:101	216	trial_start	staircase	11	green	left	unaware	1	0
1222.086	0.000	trigger_11	11	1222086	Trigger-In:11	216	fixation_point_on	staircase	11	green	left	unaware	1	0
1222.731	0.000	trigger_21	21	1222731	Trigger-In:21	216	grating_on	staircase	11	green	left	unaware	1	0
1222.786	0.000	trigger_20	20	1222786	Trigger-In:20	216	grating_off	staircase	11	green	left	unaware	1	0
1223.426	0.000	trigger_31	31	1223426	Trigger-In:31	216	targets_on_fp_color_change	staircase	11	green	left	unaware	1	0
1224.311	0.000	trigger_201	201	1224311	Trigger-In:201	216	trial_end_completed	staircase	11	green	left	unaware	1	0
1225.401	0.000	trigger_101	101	1225401	Trigger-In:101	217	trial_start	staircase	12	red	right	unaware	1	0
1225.506	0.000	trigger_11	11	1225506	Trigger-In:11	217	fixation_point_on	staircase	12	red	right	unaware	1	0
1226.141	0.000	trigger_21	21	1226141	Trigger-In:21	217	grating_on	staircase	12	red	right	unaware	1	0
1226.196	0.000	trigger_20	20	1226196	Trigger-In:20	217	grating_off	staircase	12	red	right	unaware	1	0
1226.831	0.000	trigger_31	31	1226831	Trigger-In:31	217	targets_on_fp_color_change	staircase	12	red	right	unaware	1	0
1227.901	0.000	trigger_201	201	1227901	Trigger-In:201	217	trial_end_completed	staircase	12	red	right	unaware	1	0
1228.986	0.000	trigger_101	101	1228986	Trigger-In:101	218	trial_start	staircase	13	red	left	aware	1	0
1229.216	0.000	trigger_11	11	1229216	Trigger-In:11	218	fixation_point_on	staircase	13	red	left	aware	1	0
1229.846	0.000	trigger_21	21	1229846	Trigger-In:21	218	grating_on	staircase	13	red	left	aware	1	0
1229.906	0.000	trigger_20	20	1229906	Trigger-In:20	218	grating_off	staircase	13	red	left	aware	1	0
1230.541	0.000	trigger_31	31	1230541	Trigger-In:31	218	targets_on_fp_color_change	staircase	13	red	left	aware	1	0
1231.346	0.000	trigger_201	201	1231346	Trigger-In:201	218	trial_end_completed	staircase	13	red	left	aware	1	0
1232.436	0.000	trigger_101	101	1232436	Trigger-In:101	219	trial_start	staircase	12	green	right	aware	1	0
1232.546	0.000	trigger_11	11	1232546	Trigger-In:11	219	fixation_point_on	staircase	12	green	right	aware	1	0
1233.176	0.000	trigger_21	21	1233176	Trigger-In:21	219	grating_on	staircase	12	green	right	aware	1	0
1233.236	0.000	trigger_20	20	1233236	Trigger-In:20	219	grating_off	staircase	12	green	right	aware	1	0
1233.876	0.000	trigger_31	31	1233876	Trigger-In:31	219	targets_on_fp_color_change	staircase	12	green	right	aware	1	0
1235.136	0.000	trigger_201	201	1235136	Trigger-In:201	219	trial_end_completed	staircase	12	green	right	aware	1	0
1236.221	0.000	trigger_101	101	1236221	Trigger-In:101	220	trial_start	staircase	11	red	right	unaware	1	0
1236.326	0.000	trigger_11	11	1236326	Trigger-In:11	220	fixation_point_on	staircase	11	red	right	unaware	1	0
1236.966	0.000	trigger_21	21	1236966	Trigger-In:21	220	grating_on	staircase	11	red	right	unaware	1	0
1237.021	0.000	trigger_20	20	1237021	Trigger-In:20	220	grating_off	staircase	11	red	right	unaware	1	0
1237.666	0.000	trigger_31	31	1237666	Trigger-In:31	220	targets_on_fp_color_change	staircase	11	red	right	unaware	1	0
1239.611	0.000	trigger_201	201	1239611	Trigger-In:201	220	trial_end_completed	staircase	11	red	right	unaware	1	0
1240.711	0.000	trigger_101	101	1240711	Trigger-In:101	221	trial_start	staircase	12	red	left	aware	1	0
1240.816	0.000	trigger_11	11	1240816	Trigger-In:11	221	fixation_point_on	staircase	12	red	left	aware	1	0
1241.451	0.000	trigger_21	21	1241451	Trigger-In:21	221	grating_on	staircase	12	red	left	aware	1	0
1241.506	0.000	trigger_20	20	1241506	Trigger-In:20	221	grating_off	staircase	12	red	left	aware	1	0
1242.136	0.000	trigger_31	31	1242136	Trigger-In:31	221	targets_on_fp_color_change	staircase	12	red	left	aware	1	0
1243.271	0.000	trigger_201	201	1243271	Trigger-In:201	221	trial_end_completed	staircase	12	red	left	aware	1	0
1244.356	0.000	trigger_101	101	1244356	Trigger-In:101	222	trial_start	staircase	11	red	left	aware	1	0
1244.466	0.000	trigger_11	11	1244466	Trigger-In:11	222	fixation_point_on	staircase	11	red	left	aware	1	0
1245.101	0.000	trigger_21	21	1245101	Trigger-In:21	222	grating_on	staircase	11	red	left	aware	1	0
1245.166	0.000	trigger_20	20	1245166	Trigger-In:20	222	grating_off	staircase	11	red	left	aware	1	0
1245.801	0.000	trigger_31	31	1245801	Trigger-In:31	222	targets_on_fp_color_change	staircase	11	red	left	aware	1	0
1247.101	0.000	trigger_201	201	1247101	Trigger-In:201	222	trial_end_completed	staircase	11	red	left	aware	1	0
1248.186	0.000	trigger_101	101	1248186	Trigger-In:101	223	trial_start	staircase	10	green	right	aware	1	0
1248.296	0.000	trigger_11	11	1248296	Trigger-In:11	223	fixation_point_on	staircase	10	green	right	aware	1	0
1248.931	0.000	trigger_21	21	1248931	Trigger-In:21	223	grating_on	staircase	10	green	right	aware	1	0
1248.986	0.000	trigger_20	20	1248986	Trigger-In:20	223	grating_off	staircase	10	green	right	aware	1	0
1249.616	0.000	trigger_31	31	1249616	Trigger-In:31	223	targets_on_fp_color_change	staircase	10	green	right	aware	1	0
1250.456	0.000	trigger_201	201	1250456	Trigger-In:201	223	trial_end_completed	staircase	10	green	right	aware	1	0
1251.546	0.000	trigger_101	101	1251546	Trigger-In:101	224	trial_start	salient	0	red	right	unaware	1	0
1251.651	0.000	trigger_11	11	1251651	Trigger-In:11	224	fixation_point_on	salient	0	red	right	unaware	1	0
1252.281	0.000	trigger_21	21	1252281	Trigger-In:21	224	grating_on	salient	0	red	right	unaware	1	0
1252.336	0.000	trigger_20	20	1252336	Trigger-In:20	224	grating_off	salient	0	red	right	unaware	1	0
1252.971	0.000	trigger_31	31	1252971	Trigger-In:31	224	targets_on_fp_color_change	salient	0	red	right	unaware	1	0
1254.331	0.000	trigger_201	201	1254331	Trigger-In:201	224	trial_end_completed	salient	0	red	right	unaware	1	0
1255.416	0.000	trigger_101	101	1255416	Trigger-In:101	225	trial_start	salient	0	red	right	unaware	1	0
1255.526	0.000	trigger_11	11	1255526	Trigger-In:11	225	fixation_point_on	salient	0	red	right	unaware	1	0
1256.151	0.000	trigger_21	21	1256151	Trigger-In:21	225	grating_on	salient	0	red	right	unaware	1	0
1256.211	0.000	trigger_20	20	1256211	Trigger-In:20	225	grating_off	salient	0	red	right	unaware	1	0
1256.846	0.000	trigger_31	31	1256846	Trigger-In:31	225	targets_on_fp_color_change	salient	0	red	right	unaware	1	0
1257.921	0.000	trigger_201	201	1257921	Trigger-In:201	225	trial_end_completed	salient	0	red	right	unaware	1	0
1259.011	0.000	trigger_101	101	1259011	Trigger-In:101	226	trial_start	staircase	9	red	right	unaware	1	0
1259.126	0.000	trigger_11	11	1259126	Trigger-In:11	226	fixation_point_on	staircase	9	red	right	unaware	1	0
1259.756	0.000	trigger_21	21	1259756	Trigger-In:21	226	grating_on	staircase	9	red	right	unaware	1	0
1259.811	0.000	trigger_20	20	1259811	Trigger-In:20	226	grating_off	staircase	9	red	right	unaware	1	0
1260.441	0.000	trigger_31	31	1260441	Trigger-In:31	226	targets_on_fp_color_change	staircase	9	red	right	unaware	1	0
1261.321	0.000	trigger_201	201	1261321	Trigger-In:201	226	trial_end_completed	staircase	9	red	right	unaware	1	0
1262.406	0.000	trigger_101	101	1262406	Trigger-In:101	227	trial_start	staircase	10	red	right	unaware	1	0
1262.516	0.000	trigger_11	11	1262516	Trigger-In:11	227	fixation_point_on	staircase	10	red	right	unaware	1	0
1263.151	0.000	trigger_21	21	1263151	Trigger-In:21	227	grating_on	staircase	10	red	right	unaware	1	0
1263.206	0.000	trigger_20	20	1263206	Trigger-In:20	227	grating_off	staircase	10	red	right	unaware	1	0
1263.836	0.000	trigger_31	31	1263836	Trigger-In:31	227	targets_on_fp_color_change	staircase	10	red	right	unaware	1	0
1264.771	0.000	trigger_201	201	1264771	Trigger-In:201	227	trial_end_completed	staircase	10	red	right	unaware	1	0
1265.866	0.000	trigger_101	101	1265866	Trigger-In:101	228	trial_start	staircase	11	red	left	aware	1	0
1265.981	0.000	trigger_11	11	1265981	Trigger-In:11	228	fixation_point_on	staircase	11	red	left	aware	1	0
1266.621	0.000	trigger_21	21	1266621	Trigger-In:21	228	grating_on	staircase	11	red	left	aware	1	0
1266.691	0.000	trigger_20	20	1266691	Trigger-In:20	228	grating_off	staircase	11	red	left	aware	1	0
1267.331	0.000	trigger_31	31	1267331	Trigger-In:31	228	targets_on_fp_color_change	staircase	11	red	left	aware	1	0
1268.881	0.000	trigger_201	201	1268881	Trigger-In:201	228	trial_end_completed	staircase	11	red	left	aware	1	0
1269.966	0.000	trigger_101	101	1269966	Trigger-In:101	229	trial_start	staircase	10	green	right	aware	1	0
1270.066	0.000	trigger_11	11	1270066	Trigger-In:11	229	fixation_point_on	staircase	10	green	right	aware	1	0
1270.696	0.000	trigger_21	21	1270696	Trigger-In:21	229	grating_on	staircase	10	green	right	aware	1	0
1270.751	0.000	trigger_20	20	1270751	Trigger-In:20	229	grating_off	staircase	10	green	right	aware	1	0
1271.381	0.000	trigger_31	31	1271381	Trigger-In:31	229	targets_on_fp_color_change	staircase	10	green	right	aware	1	0
1273.041	0.000	trigger_201	201	1273041	Trigger-In:201	229	trial_end_completed	staircase	10	green	right	aware	1	0
1274.131	0.000	trigger_101	101	1274131	Trigger-In:101	230	trial_start	absent	70	green	right	aware	1	0
1274.236	0.000	trigger_11	11	1274236	Trigger-In:11	230	fixation_point_on	absent	70	green	right	aware	1	0
1274.871	0.000	trigger_21	21	1274871	Trigger-In:21	230	grating_on	absent	70	green	right	aware	1	0
1274.926	0.000	trigger_20	20	1274926	Trigger-In:20	230	grating_off	absent	70	green	right	aware	1	0
1275.561	0.000	trigger_31	31	1275561	Trigger-In:31	230	targets_on_fp_color_change	absent	70	green	right	aware	1	0
1276.241	0.000	trigger_201	201	1276241	Trigger-In:201	230	trial_end_completed	absent	70	green	right	aware	1	0
1277.331	0.000	trigger_101	101	1277331	Trigger-In:101	231	trial_start	staircase	9	green	right	aware	1	0
1277.441	0.000	trigger_11	11	1277441	Trigger-In:11	231	fixation_point_on	staircase	9	green	right	aware	1	0
1278.071	0.000	trigger_21	21	1278071	Trigger-In:21	231	grating_on	staircase	9	green	right	aware	1	0
1278.126	0.000	trigger_20	20	1278126	Trigger-In:20	231	grating_off	staircase	9	green	right	aware	1	0
1278.761	0.000	trigger_31	31	1278761	Trigger-In:31	231	targets_on_fp_color_change	staircase	9	green	right	aware	1	0
1279.831	0.000	trigger_201	201	1279831	Trigger-In:201	231	trial_end_completed	staircase	9	green	right	aware	1	0
1280.916	0.000	trigger_101	101	1280916	Trigger-In:101	232	trial_start	absent	70	red	left	aware	1	0
1281.026	0.000	trigger_11	11	1281026	Trigger-In:11	232	fixation_point_on	absent	70	red	left	aware	1	0
1281.661	0.000	trigger_21	21	1281661	Trigger-In:21	232	grating_on	absent	70	red	left	aware	1	0
1281.716	0.000	trigger_20	20	1281716	Trigger-In:20	232	grating_off	absent	70	red	left	aware	1	0
1282.346	0.000	trigger_31	31	1282346	Trigger-In:31	232	targets_on_fp_color_change	absent	70	red	left	aware	1	0
1284.191	0.000	trigger_201	201	1284191	Trigger-In:201	232	trial_end_completed	absent	70	red	left	aware	1	0
1285.281	0.000	trigger_101	101	1285281	Trigger-In:101	233	trial_start	staircase	8	green	left	unaware	1	0
1285.391	0.000	trigger_11	11	1285391	Trigger-In:11	233	fixation_point_on	staircase	8	green	left	unaware	1	0
1286.021	0.000	trigger_21	21	1286021	Trigger-In:21	233	grating_on	staircase	8	green	left	unaware	1	0
1286.076	0.000	trigger_20	20	1286076	Trigger-In:20	233	grating_off	staircase	8	green	left	unaware	1	0
1286.706	0.000	trigger_31	31	1286706	Trigger-In:31	233	targets_on_fp_color_change	staircase	8	green	left	unaware	1	0
1288.516	0.000	trigger_201	201	1288516	Trigger-In:201	233	trial_end_completed	staircase	8	green	left	unaware	1	0
1289.611	0.000	trigger_101	101	1289611	Trigger-In:101	234	trial_start	salient	0	red	right	unaware	1	0
1289.711	0.000	trigger_11	11	1289711	Trigger-In:11	234	fixation_point_on	salient	0	red	right	unaware	1	0
1290.341	0.000	trigger_21	21	1290341	Trigger-In:21	234	grating_on	salient	0	red	right	unaware	1	0
1290.401	0.000	trigger_20	20	1290401	Trigger-In:20	234	grating_off	salient	0	red	right	unaware	1	0
1291.031	0.000	trigger_31	31	1291031	Trigger-In:31	234	targets_on_fp_color_change	salient	0	red	right	unaware	1	0
1292.656	0.000	trigger_201	201	1292656	Trigger-In:201	234	trial_end_completed	salient	0	red	right	unaware	1	0
1293.746	0.000	trigger_101	101	1293746	Trigger-In:101	235	trial_start	staircase	9	green	n/a	n/a	0	0
1293.851	0.000	trigger_11	11	1293851	Trigger-In:11	235	fixation_point_on	staircase	9	green	n/a	n/a	0	0
1294.491	0.000	trigger_21	21	1294491	Trigger-In:21	235	grating_on	staircase	9	green	n/a	n/a	0	0
1294.546	0.000	trigger_20	20	1294546	Trigger-In:20	235	grating_off	staircase	9	green	n/a	n/a	0	0
1295.181	0.000	trigger_31	31	1295181	Trigger-In:31	235	targets_on_fp_color_change	staircase	9	green	n/a	n/a	0	0
1297.376	0.000	trigger_203	203	1297376	Trigger-In:203	235	trial_end_not_completed	staircase	9	green	n/a	n/a	0	0
1298.496	0.000	trigger_101	101	1298496	Trigger-In:101	236	trial_start	staircase	9	red	right	unaware	1	0
1298.606	0.000	trigger_11	11	1298606	Trigger-In:11	236	fixation_point_on	staircase	9	red	right	unaware	1	0
1299.236	0.000	trigger_21	21	1299236	Trigger-In:21	236	grating_on	staircase	9	red	right	unaware	1	0
1299.291	0.000	trigger_20	20	1299291	Trigger-In:20	236	grating_off	staircase	9	red	right	unaware	1	0
1299.926	0.000	trigger_31	31	1299926	Trigger-In:31	236	targets_on_fp_color_change	staircase	9	red	right	unaware	1	0
1301.026	0.000	trigger_201	201	1301026	Trigger-In:201	236	trial_end_completed	staircase	9	red	right	unaware	1	0
1302.111	0.000	trigger_101	101	1302111	Trigger-In:101	237	trial_start	staircase	10	green	left	unaware	1	0
1302.226	0.000	trigger_11	11	1302226	Trigger-In:11	237	fixation_point_on	staircase	10	green	left	unaware	1	0
1302.861	0.000	trigger_21	21	1302861	Trigger-In:21	237	grating_on	staircase	10	green	left	unaware	1	0
1302.916	0.000	trigger_20	20	1302916	Trigger-In:20	237	grating_off	staircase	10	green	left	unaware	1	0
1303.551	0.000	trigger_31	31	1303551	Trigger-In:31	237	targets_on_fp_color_change	staircase	10	green	left	unaware	1	0
1304.541	0.000	trigger_201	201	1304541	Trigger-In:201	237	trial_end_completed	staircase	10	green	left	unaware	1	0
1305.626	0.000	trigger_101	101	1305626	Trigger-In:101	238	trial_start	staircase	11	green	left	unaware	1	0
1305.731	0.000	trigger_11	11	1305731	Trigger-In:11	238	fixation_point_on	staircase	11	green	left	unaware	1	0
1306.356	0.000	trigger_21	21	1306356	Trigger-In:21	238	grating_on	staircase	11	green	left	unaware	1	0
1306.411	0.000	trigger_20	20	1306411	Trigger-In:20	238	grating_off	staircase	11	green	left	unaware	1	0
1307.051	0.000	trigger_31	31	1307051	Trigger-In:31	238	targets_on_fp_color_change	staircase	11	green	left	unaware	1	0
1307.741	0.000	trigger_201	201	1307741	Trigger-In:201	238	trial_end_completed	staircase	11	green	left	unaware	1	0
1308.831	0.000	trigger_101	101	1308831	Trigger-In:101	239	trial_start	staircase	12	red	left	aware	1	0
1308.941	0.000	trigger_11	11	1308941	Trigger-In:11	239	fixation_point_on	staircase	12	red	left	aware	1	0
1309.571	0.000	trigger_21	21	1309571	Trigger-In:21	239	grating_on	staircase	12	red	left	aware	1	0
1309.626	0.000	trigger_20	20	1309626	Trigger-In:20	239	grating_off	staircase	12	red	left	aware	1	0
1310.261	0.000	trigger_31	31	1310261	Trigger-In:31	239	targets_on_fp_color_change	staircase	12	red	left	aware	1	0
1311.276	0.000	trigger_201	201	1311276	Trigger-In:201	239	trial_end_completed	staircase	12	red	left	aware	1	0
1312.366	0.000	trigger_101	101	1312366	Trigger-In:101	240	trial_start	staircase	11	red	right	unaware	1	0
1312.476	0.000	trigger_11	11	1312476	Trigger-In:11	240	fixation_point_on	staircase	11	red	right	unaware	1	0
1313.106	0.000	trigger_21	21	1313106	Trigger-In:21	240	grating_on	staircase	11	red	right	unaware	1	0
1313.161	0.000	trigger_20	20	1313161	Trigger-In:20	240	grating_off	staircase	11	red	right	unaware	1	0
1313.796	0.000	trigger_31	31	1313796	Trigger-In:31	240	targets_on_fp_color_change	staircase	11	red	right	unaware	1	0
1315.001	0.000	trigger_201	201	1315001	Trigger-In:201	240	trial_end_completed	staircase	11	red	right	unaware	1	0
1316.091	0.000	trigger_101	101	1316091	Trigger-In:101	241	trial_start	salient	0	red	right	unaware	1	0
1316.196	0.000	trigger_11	11	1316196	Trigger-In:11	241	fixation_point_on	salient	0	red	right	unaware	1	0
1316.826	0.000	trigger_21	21	1316826	Trigger-In:21	241	grating_on	salient	0	red	right	unaware	1	0
1316.891	0.000	trigger_20	20	1316891	Trigger-In:20	241	grating_off	salient	0	red	right	unaware	1	0
1317.526	0.000	trigger_31	31	1317526	Trigger-In:31	241	targets_on_fp_color_change	salient	0	red	right	unaware	1	0
1318.831	0.000	trigger_201	201	1318831	Trigger-In:201	241	trial_end_completed	salient	0	red	right	unaware	1	0
1319.916	0.000	trigger_101	101	1319916	Trigger-In:101	242	trial_start	salient	0	green	left	unaware	1	0
1320.021	0.000	trigger_11	11	1320021	Trigger-In:11	242	fixation_point_on	salient	0	green	left	unaware	1	0
1320.656	0.000	trigger_21	21	1320656	Trigger-In:21	242	grating_on	salient	0	green	left	unaware	1	0
1320.711	0.000	trigger_20	20	1320711	Trigger-In:20	242	grating_off	salient	0	green	left	unaware	1	0
1321.341	0.000	trigger_31	31	1321341	Trigger-In:31	242	targets_on_fp_color_change	salient	0	green	left	unaware	1	0
1322.811	0.000	trigger_201	201	1322811	Trigger-In:201	242	trial_end_completed	salient	0	green	left	unaware	1	0
1323.901	0.000	trigger_101	101	1323901	Trigger-In:101	243	trial_start	staircase	12	red	left	aware	1	0
1324.011	0.000	trigger_11	11	1324011	Trigger-In:11	243	fixation_point_on	staircase	12	red	left	aware	1	0
1324.641	0.000	trigger_21	21	1324641	Trigger-In:21	243	grating_on	staircase	12	red	left	aware	1	0
1324.701	0.000	trigger_20	20	1324701	Trigger-In:20	243	grating_off	staircase	12	red	left	aware	1	0
1325.336	0.000	trigger_31	31	1325336	Trigger-In:31	243	targets_on_fp_color_change	staircase	12	red	left	aware	1	0
1326.721	0.000	trigger_201	201	1326721	Trigger-In:201	243	trial_end_completed	staircase	12	red	left	aware	1	0
1327.806	0.000	trigger_101	101	1327806	Trigger-In:101	244	trial_start	absent	70	green	right	aware	1	0
1327.911	0.000	trigger_11	11	1327911	Trigger-In:11	244	fixation_point_on	absent	70	green	right	aware	1	0
1328.541	0.000	trigger_21	21	1328541	Trigger-In:21	244	grating_on	absent	70	green	right	aware	1	0
1328.596	0.000	trigger_20	20	1328596	Trigger-In:20	244	grating_off	absent	70	green	right	aware	1	0
1329.236	0.000	trigger_31	31	1329236	Trigger-In:31	244	targets_on_fp_color_change	absent	70	green	right	aware	1	0
1329.886	0.000	trigger_201	201	1329886	Trigger-In:201	244	trial_end_completed	absent	70	green	right	aware	1	0
1330.976	0.000	trigger_101	101	1330976	Trigger-In:101	245	trial_start	salient	0	red	right	unaware	1	0
1331.196	0.000	trigger_11	11	1331196	Trigger-In:11	245	fixation_point_on	salient	0	red	right	unaware	1	0
1331.826	0.000	trigger_21	21	1331826	Trigger-In:21	245	grating_on	salient	0	red	right	unaware	1	0
1331.881	0.000	trigger_20	20	1331881	Trigger-In:20	245	grating_off	salient	0	red	right	unaware	1	0
1332.516	0.000	trigger_31	31	1332516	Trigger-In:31	245	targets_on_fp_color_change	salient	0	red	right	unaware	1	0
1333.916	0.000	trigger_201	201	1333916	Trigger-In:201	245	trial_end_completed	salient	0	red	right	unaware	1	0
1335.001	0.000	trigger_101	101	1335001	Trigger-In:101	246	trial_start	staircase	11	red	left	aware	1	0
1335.241	0.000	trigger_11	11	1335241	Trigger-In:11	246	fixation_point_on	staircase	11	red	left	aware	1	0
1335.876	0.000	trigger_21	21	1335876	Trigger-In:21	246	grating_on	staircase	11	red	left	aware	1	0
1335.931	0.000	trigger_20	20	1335931	Trigger-In:20	246	grating_off	staircase	11	red	left	aware	1	0
1336.561	0.000	trigger_31	31	1336561	Trigger-In:31	246	targets_on_fp_color_change	staircase	11	red	left	aware	1	0
1337.276	0.000	trigger_201	201	1337276	Trigger-In:201	246	trial_end_completed	staircase	11	red	left	aware	1	0
1338.366	0.000	trigger_101	101	1338366	Trigger-In:101	247	trial_start	staircase	10	green	left	unaware	1	0
1338.476	0.000	trigger_11	11	1338476	Trigger-In:11	247	fixation_point_on	staircase	10	green	left	unaware	1	0
1339.106	0.000	trigger_21	21	1339106	Trigger-In:21	247	grating_on	staircase	10	green	left	unaware	1	0
1339.161	0.000	trigger_20	20	1339161	Trigger-In:20	247	grating_off	staircase	10	green	left	unaware	1	0
1339.801	0.000	trigger_31	31	1339801	Trigger-In:31	247	targets_on_fp_color_change	staircase	10	green	left	unaware	1	0
1340.906	0.000	trigger_201	201	1340906	Trigger-In:201	247	trial_end_completed	staircase	10	green	left	unaware	1	0
1341.996	0.000	trigger_101	101	1341996	Trigger-In:101	248	trial_start	staircase	11	green	left	unaware	1	0
1342.101	0.000	trigger_11	11	1342101	Trigger-In:11	248	fixation_point_on	staircase	11	green	left	unaware	1	0
1342.731	0.000	trigger_21	21	1342731	Trigger-In:21	248	grating_on	staircase	11	green	left	unaware	1	0
1342.786	0.000	trigger_20	20	1342786	Trigger-In:20	248	grating_off	staircase	11	green	left	unaware	1	0
1343.421	0.000	trigger_31	31	1343421	Trigger-In:31	248	targets_on_fp_color_change	staircase	11	green	left	unaware	1	0
1344.201	0.000	trigger_201	201	1344201	Trigger-In:201	248	trial_end_completed	staircase	11	green	left	unaware	1	0
1345.291	0.000	trigger_101	101	1345291	Trigger-In:101	249	trial_start	staircase	12	green	right	aware	1	0
1345.396	0.000	trigger_11	11	1345396	Trigger-In:11	249	fixation_point_on	staircase	12	green	right	aware	1	0
1346.026	0.000	trigger_21	21	1346026	Trigger-In:21	249	grating_on	staircase	12	green	right	aware	1	0
1346.081	0.000	trigger_20	20	1346081	Trigger-In:20	249	grating_off	staircase	12	green	right	aware	1	0
1346.716	0.000	trigger_31	31	1346716	Trigger-In:31	249	targets_on_fp_color_change	staircase	12	green	right	aware	1	0
1347.466	0.000	trigger_201	201	1347466	Trigger-In:201	249	trial_end_completed	staircase	12	green	right	aware	1	0
1348.556	0.000	trigger_101	101	1348556	Trigger-In:101	250	trial_start	salient	0	green	left	unaware	1	0
1348.656	0.000	trigger_11	11	1348656	Trigger-In:11	250	fixation_point_on	salient	0	green	left	unaware	1	0
1349.276	0.000	trigger_21	21	1349276	Trigger-In:21	250	grating_on	salient	0	green	left	unaware	1	0
1349.336	0.000	trigger_20	20	1349336	Trigger-In:20	250	grating_off	salient	0	green	left	unaware	1	0
1349.966	0.000	trigger_31	31	1349966	Trigger-In:31	250	targets_on_fp_color_change	salient	0	green	left	unaware	1	0
1351.096	0.000	trigger_201	201	1351096	Trigger-In:201	250	trial_end_completed	salient	0	green	left	unaware	1	0
1352.186	0.000	trigger_101	101	1352186	Trigger-In:101	251	trial_start	salient	0	red	right	unaware	1	0
1352.291	0.000	trigger_11	11	1352291	Trigger-In:11	251	fixation_point_on	salient	0	red	right	unaware	1	0
1352.916	0.000	trigger_21	21	1352916	Trigger-In:21	251	grating_on	salient	0	red	right	unaware	1	0
1352.971	0.000	trigger_20	20	1352971	Trigger-In:20	251	grating_off	salient	0	red	right	unaware	1	0
1353.606	0.000	trigger_31	31	1353606	Trigger-In:31	251	targets_on_fp_color_change	salient	0	red	right	unaware	1	0
1354.861	0.000	trigger_201	201	1354861	Trigger-In:201	251	trial_end_completed	salient	0	red	right	unaware	1	0
1355.956	0.000	trigger_101	101	1355956	Trigger-In:101	252	trial_start	staircase	11	red	left	aware	1	0
1356.066	0.000	trigger_11	11	1356066	Trigger-In:11	252	fixation_point_on	staircase	11	red	left	aware	1	0
1356.696	0.000	trigger_21	21	1356696	Trigger-In:21	252	grating_on	staircase	11	red	left	aware	1	0
1356.761	0.000	trigger_20	20	1356761	Trigger-In:20	252	grating_off	staircase	11	red	left	aware	1	0
1357.391	0.000	trigger_31	31	1357391	Trigger-In:31	252	targets_on_fp_color_change	staircase	11	red	left	aware	1	0
1358.286	0.000	trigger_201	201	1358286	Trigger-In:201	252	trial_end_completed	staircase	11	red	left	aware	1	0
1359.371	0.000	trigger_101	101	1359371	Trigger-In:101	253	trial_start	staircase	10	green	left	unaware	1	0
1359.476	0.000	trigger_11	11	1359476	Trigger-In:11	253	fixation_point_on	staircase	10	green	left	unaware	1	0
1360.101	0.000	trigger_21	21	1360101	Trigger-In:21	253	grating_on	staircase	10	green	left	unaware	1	0
1360.161	0.000	trigger_20	20	1360161	Trigger-In:20	253	grating_off	staircase	10	green	left	unaware	1	0
1360.796	0.000	trigger_31	31	1360796	Trigger-In:31	253	targets_on_fp_color_change	staircase	10	green	left	unaware	1	0
1361.951	0.000	trigger_201	201	1361951	Trigger-In:201	253	trial_end_completed	staircase	10	green	left	unaware	1	0
1363.041	0.000	trigger_101	101	1363041	Trigger-In:101	254	trial_start	absent	70	green	right	aware	1	0
1363.141	0.000	trigger_11	11	1363141	Trigger-In:11	254	fixation_point_on	absent	70	green	right	aware	1	0
1363.771	0.000	trigger_21	21	1363771	Trigger-In:21	254	grating_on	absent	70	green	right	aware	1	0
1363.826	0.000	trigger_20	20	1363826	Trigger-In:20	254	grating_off	absent	70	green	right	aware	1	0
1364.461	0.000	trigger_31	31	1364461	Trigger-In:31	254	targets_on_fp_color_change	absent	70	green	right	aware	1	0
1365.236	0.000	trigger_201	201	1365236	Trigger-In:201	254	trial_end_completed	absent	70	green	right	aware	1	0
1366.321	0.000	trigger_101	101	1366321	Trigger-In:101	255	trial_start	staircase	11	green	right	aware	1	0
1366.426	0.000	trigger_11	11	1366426	Trigger-In:11	255	fixation_point_on	staircase	11	green	right	aware	1	0
1367.056	0.000	trigger_21	21	1367056	Trigger-In:21	255	grating_on	staircase	11	green	right	aware	1	0
1367.116	0.000	trigger_20	20	1367116	Trigger-In:20	255	grating_off	staircase	11	green	right	aware	1	0
1367.746	0.000	trigger_31	31	1367746	Trigger-In:31	255	targets_on_fp_color_change	staircase	11	green	right	aware	1	0
1368.641	0.000	trigger_201	201	1368641	Trigger-In:201	255	trial_end_completed	staircase	11	green	right	aware	1	0
1369.731	0.000	trigger_101	101	1369731	Trigger-In:101	256	trial_start	staircase	10	green	right	aware	1	0
1369.841	0.000	trigger_11	11	1369841	Trigger-In:11	256	fixation_point_on	staircase	10	green	right	aware	1	0
1370.466	0.000	trigger_21	21	1370466	Trigger-In:21	256	grating_on	staircase	10	green	right	aware	1	0
1370.526	0.000	trigger_20	20	1370526	Trigger-In:20	256	grating_off	staircase	10	green	right	aware	1	0
1371.161	0.000	trigger_31	31	1371161	Trigger-In:31	256	targets_on_fp_color_change	staircase	10	green	right	aware	1	0
1371.796	0.000	trigger_201	201	1371796	Trigger-In:201	256	trial_end_completed	staircase	10	green	right	aware	1	0
1372.881	0.000	trigger_101	101	1372881	Trigger-In:101	257	trial_start	staircase	9	red	left	aware	1	0
1372.991	0.000	trigger_11	11	1372991	Trigger-In:11	257	fixation_point_on	staircase	9	red	left	aware	1	0
1373.621	0.000	trigger_21	21	1373621	Trigger-In:21	257	grating_on	staircase	9	red	left	aware	1	0
1373.676	0.000	trigger_20	20	1373676	Trigger-In:20	257	grating_off	staircase	9	red	left	aware	1	0
1374.371	0.000	trigger_31	31	1374371	Trigger-In:31	257	targets_on_fp_color_change	staircase	9	red	left	aware	1	0
1375.136	0.000	trigger_201	201	1375136	Trigger-In:201	257	trial_end_completed	staircase	9	red	left	aware	1	0
1376.226	0.000	trigger_101	101	1376226	Trigger-In:101	258	trial_start	staircase	8	red	left	aware	1	0
1376.331	0.000	trigger_11	11	1376331	Trigger-In:11	258	fixation_point_on	staircase	8	red	left	aware	1	0
1377.001	0.000	trigger_21	21	1377001	Trigger-In:21	258	grating_on	staircase	8	red	left	aware	1	0
1377.061	0.000	trigger_20	20	1377061	Trigger-In:20	258	grating_off	staircase	8	red	left	aware	1	0
1377.776	0.000	trigger_31	31	1377776	Trigger-In:31	258	targets_on_fp_color_change	staircase	8	red	left	aware	1	0
1379.416	0.000	trigger_201	201	1379416	Trigger-In:201	258	trial_end_completed	staircase	8	red	left	aware	1	0
1380.511	0.000	trigger_101	101	1380511	Trigger-In:101	259	trial_start	salient	0	red	right	unaware	1	0
1380.616	0.000	trigger_11	11	1380616	Trigger-In:11	259	fixation_point_on	salient	0	red	right	unaware	1	0
1381.291	0.000	trigger_21	21	1381291	Trigger-In:21	259	grating_on	salient	0	red	right	unaware	1	0
1381.356	0.000	trigger_20	20	1381356	Trigger-In:20	259	grating_off	salient	0	red	right	unaware	1	0
1382.036	0.000	trigger_31	31	1382036	Trigger-In:31	259	targets_on_fp_color_change	salient	0	red	right	unaware	1	0
1382.891	0.000	trigger_201	201	1382891	Trigger-In:201	259	trial_end_completed	salient	0	red	right	unaware	1	0
1383.986	0.000	trigger_101	101	1383986	Trigger-In:101	260	trial_start	staircase	7	green	left	unaware	1	0
1384.091	0.000	trigger_11	11	1384091	Trigger-In:11	260	fixation_point_on	staircase	7	green	left	unaware	1	0
1384.741	0.000	trigger_21	21	1384741	Trigger-In:21	260	grating_on	staircase	7	green	left	unaware	1	0
1384.801	0.000	trigger_20	20	1384801	Trigger-In:20	260	grating_off	staircase	7	green	left	unaware	1	0
1385.466	0.000	trigger_31	31	1385466	Trigger-In:31	260	targets_on_fp_color_change	staircase	7	green	left	unaware	1	0
1386.536	0.000	trigger_201	201	1386536	Trigger-In:201	260	trial_end_completed	staircase	7	green	left	unaware	1	0
1387.636	0.000	trigger_101	101	1387636	Trigger-In:101	261	trial_start	staircase	8	red	right	unaware	1	0
1387.741	0.000	trigger_11	11	1387741	Trigger-In:11	261	fixation_point_on	staircase	8	red	right	unaware	1	0
1388.371	0.000	trigger_21	21	1388371	Trigger-In:21	261	grating_on	staircase	8	red	right	unaware	1	0
1388.426	0.000	trigger_20	20	1388426	Trigger-In:20	261	grating_off	staircase	8	red	right	unaware	1	0
1389.066	0.000	trigger_31	31	1389066	Trigger-In:31	261	targets_on_fp_color_change	staircase	8	red	right	unaware	1	0
1390.306	0.000	trigger_201	201	1390306	Trigger-In:201	261	trial_end_completed	staircase	8	red	right	unaware	1	0
1391.396	0.000	trigger_101	101	1391396	Trigger-In:101	262	trial_start	staircase	9	green	right	aware	1	0
1391.501	0.000	trigger_11	11	1391501	Trigger-In:11	262	fixation_point_on	staircase	9	green	right	aware	1	0
1392.141	0.000	trigger_21	21	1392141	Trigger-In:21	262	grating_on	staircase	9	green	right	aware	1	0
1392.196	0.000	trigger_20	20	1392196	Trigger-In:20	262	grating_off	staircase	9	green	right	aware	1	0
1392.831	0.000	trigger_31	31	1392831	Trigger-In:31	262	targets_on_fp_color_change	staircase	9	green	right	aware	1	0
1393.886	0.000	trigger_201	201	1393886	Trigger-In:201	262	trial_end_completed	staircase	9	green	right	aware	1	0
1394.981	0.000	trigger_101	101	1394981	Trigger-In:101	263	trial_start	salient	0	green	right	aware	1	0
1395.091	0.000	trigger_11	11	1395091	Trigger-In:11	263	fixation_point_on	salient	0	green	right	aware	1	0
1395.706	0.000	trigger_21	21	1395706	Trigger-In:21	263	grating_on	salient	0	green	right	aware	1	0
1395.761	0.000	trigger_20	20	1395761	Trigger-In:20	263	grating_off	salient	0	green	right	aware	1	0
1396.381	0.000	trigger_31	31	1396381	Trigger-In:31	263	targets_on_fp_color_change	salient	0	green	right	aware	1	0
1397.266	0.000	trigger_201	201	1397266	Trigger-In:201	263	trial_end_completed	salient	0	green	right	aware	1	0
1398.626	0.000	trigger_101	101	1398626	Trigger-In:101	264	trial_start	staircase	8	red	right	unaware	1	0
1398.736	0.000	trigger_11	11	1398736	Trigger-In:11	264	fixation_point_on	staircase	8	red	right	unaware	1	0
1399.351	0.000	trigger_21	21	1399351	Trigger-In:21	264	grating_on	staircase	8	red	right	unaware	1	0
1399.406	0.000	trigger_20	20	1399406	Trigger-In:20	264	grating_off	staircase	8	red	right	unaware	1	0
1400.036	0.000	trigger_31	31	1400036	Trigger-In:31	264	targets_on_fp_color_change	staircase	8	red	right	unaware	1	0
1401.126	0.000	trigger_201	201	1401126	Trigger-In:201	264	trial_end_completed	staircase	8	red	right	unaware	1	0
1402.216	0.000	trigger_101	101	1402216	Trigger-In:101	265	trial_start	salient	0	green	left	unaware	1	0
1402.351	0.000	trigger_11	11	1402351	Trigger-In:11	265	fixation_point_on	salient	0	green	left	unaware	1	0
1402.976	0.000	trigger_21	21	1402976	Trigger-In:21	265	grating_on	salient	0	green	left	unaware	1	0
1403.031	0.000	trigger_20	20	1403031	Trigger-In:20	265	grating_off	salient	0	green	left	unaware	1	0
1403.656	0.000	trigger_31	31	1403656	Trigger-In:31	265	targets_on_fp_color_change	salient	0	green	left	unaware	1	0
1404.671	0.000	trigger_201	201	1404671	Trigger-In:201	265	trial_end_completed	salient	0	green	left	unaware	1	0
1405.756	0.000	trigger_101	101	1405756	Trigger-In:101	266	trial_start	staircase	9	red	right	unaware	1	0
1405.861	0.000	trigger_11	11	1405861	Trigger-In:11	266	fixation_point_on	staircase	9	red	right	unaware	1	0
1406.476	0.000	trigger_21	21	1406476	Trigger-In:21	266	grating_on	staircase	9	red	right	unaware	1	0
1406.536	0.000	trigger_20	20	1406536	Trigger-In:20	266	grating_off	staircase	9	red	right	unaware	1	0
1407.161	0.000	trigger_31	31	1407161	Trigger-In:31	266	targets_on_fp_color_change	staircase	9	red	right	unaware	1	0
1408.396	0.000	trigger_201	201	1408396	Trigger-In:201	266	trial_end_completed	staircase	9	red	right	unaware	1	0
1409.486	0.000	trigger_101	101	1409486	Trigger-In:101	267	trial_start	staircase	10	green	left	unaware	1	0
1409.586	0.000	trigger_11	11	1409586	Trigger-In:11	267	fixation_point_on	staircase	10	green	left	unaware	1	0
1410.216	0.000	trigger_21	21	1410216	Trigger-In:21	267	grating_on	staircase	10	green	left	unaware	1	0
1410.271	0.000	trigger_20	20	1410271	Trigger-In:20	267	grating_off	staircase	10	green	left	unaware	1	0
1410.906	0.000	trigger_31	31	1410906	Trigger-In:31	267	targets_on_fp_color_change	staircase	10	green	left	unaware	1	0
1411.806	0.000	trigger_201	201	1411806	Trigger-In:201	267	trial_end_completed	staircase	10	green	left	unaware	1	0
1412.896	0.000	trigger_101	101	1412896	Trigger-In:101	268	trial_start	staircase	11	red	left	aware	1	0
1413.001	0.000	trigger_11	11	1413001	Trigger-In:11	268	fixation_point_on	staircase	11	red	left	aware	1	0
1413.626	0.000	trigger_21	21	1413626	Trigger-In:21	268	grating_on	staircase	11	red	left	aware	1	0
1413.681	0.000	trigger_20	20	1413681	Trigger-In:20	268	grating_off	staircase	11	red	left	aware	1	0
1414.316	0.000	trigger_31	31	1414316	Trigger-In:31	268	targets_on_fp_color_change	staircase	11	red	left	aware	1	0
1416.061	0.000	trigger_201	201	1416061	Trigger-In:201	268	trial_end_completed	staircase	11	red	left	aware	1	0
1417.146	0.000	trigger_101	101	1417146	Trigger-In:101	269	trial_start	staircase	10	green	left	unaware	1	0
1417.246	0.000	trigger_11	11	1417246	Trigger-In:11	269	fixation_point_on	staircase	10	green	left	unaware	1	0
1417.876	0.000	trigger_21	21	1417876	Trigger-In:21	269	grating_on	staircase	10	green	left	unaware	1	0
1417.931	0.000	trigger_20	20	1417931	Trigger-In:20	269	grating_off	staircase	10	green	left	unaware	1	0
1418.556	0.000	trigger_31	31	1418556	Trigger-In:31	269	targets_on_fp_color_change	staircase	10	green	left	unaware	1	0
1419.511	0.000	trigger_201	201	1419511	Trigger-In:201	269	trial_end_completed	staircase	10	green	left	unaware	1	0
1420.596	0.000	trigger_101	101	1420596	Trigger-In:101	270	trial_start	salient	0	green	left	unaware	1	0
1420.706	0.000	trigger_11	11	1420706	Trigger-In:11	270	fixation_point_on	salient	0	green	left	unaware	1	0
1421.326	0.000	trigger_21	21	1421326	Trigger-In:21	270	grating_on	salient	0	green	left	unaware	1	0
1421.381	0.000	trigger_20	20	1421381	Trigger-In:20	270	grating_off	salient	0	green	left	unaware	1	0
1422.016	0.000	trigger_31	31	1422016	Trigger-In:31	270	targets_on_fp_color_change	salient	0	green	left	unaware	1	0
1422.961	0.000	trigger_201	201	1422961	Trigger-In:201	270	trial_end_completed	salient	0	green	left	unaware	1	0
1424.051	0.000	trigger_101	101	1424051	Trigger-In:101	271	trial_start	staircase	11	red	right	unaware	1	0
1424.156	0.000	trigger_11	11	1424156	Trigger-In:11	271	fixation_point_on	staircase	11	red	right	unaware	1	0
1424.781	0.000	trigger_21	21	1424781	Trigger-In:21	271	grating_on	staircase	11	red	right	unaware	1	0
1424.836	0.000	trigger_20	20	1424836	Trigger-In:20	271	grating_off	staircase	11	red	right	unaware	1	0
1425.461	0.000	trigger_31	31	1425461	Trigger-In:31	271	targets_on_fp_color_change	staircase	11	red	right	unaware	1	0
1426.236	0.000	trigger_201	201	1426236	Trigger-In:201	271	trial_end_completed	staircase	11	red	right	unaware	1	0
1427.326	0.000	trigger_101	101	1427326	Trigger-In:101	272	trial_start	staircase	12	red	right	unaware	1	0
1427.431	0.000	trigger_11	11	1427431	Trigger-In:11	272	fixation_point_on	staircase	12	red	right	unaware	1	0
1428.066	0.000	trigger_21	21	1428066	Trigger-In:21	272	grating_on	staircase	12	red	right	unaware	1	0
1428.121	0.000	trigger_20	20	1428121	Trigger-In:20	272	grating_off	staircase	12	red	right	unaware	1	0
1428.751	0.000	trigger_31	31	1428751	Trigger-In:31	272	targets_on_fp_color_change	staircase	12	red	right	unaware	1	0
1429.961	0.000	trigger_201	201	1429961	Trigger-In:201	272	trial_end_completed	staircase	12	red	right	unaware	1	0
1431.051	0.000	trigger_101	101	1431051	Trigger-In:101	273	trial_start	staircase	13	green	right	aware	1	0
1431.156	0.000	trigger_11	11	1431156	Trigger-In:11	273	fixation_point_on	staircase	13	green	right	aware	1	0
1431.781	0.000	trigger_21	21	1431781	Trigger-In:21	273	grating_on	staircase	13	green	right	aware	1	0
1431.841	0.000	trigger_20	20	1431841	Trigger-In:20	273	grating_off	staircase	13	green	right	aware	1	0
1432.466	0.000	trigger_31	31	1432466	Trigger-In:31	273	targets_on_fp_color_change	staircase	13	green	right	aware	1	0
1433.491	0.000	trigger_201	201	1433491	Trigger-In:201	273	trial_end_completed	staircase	13	green	right	aware	1	0
1434.581	0.000	trigger_101	101	1434581	Trigger-In:101	274	trial_start	salient	0	green	left	unaware	1	0
1434.686	0.000	trigger_11	11	1434686	Trigger-In:11	274	fixation_point_on	salient	0	green	left	unaware	1	0
1435.306	0.000	trigger_21	21	1435306	Trigger-In:21	274	grating_on	salient	0	green	left	unaware	1	0
1435.361	0.000	trigger_20	20	1435361	Trigger-In:20	274	grating_off	salient	0	green	left	unaware	1	0
1435.996	0.000	trigger_31	31	1435996	Trigger-In:31	274	targets_on_fp_color_change	salient	0	green	left	unaware	1	0
1436.936	0.000	trigger_201	201	1436936	Trigger-In:201	274	trial_end_completed	salient	0	green	left	unaware	1	0
1438.026	0.000	trigger_101	101	1438026	Trigger-In:101	275	trial_start	staircase	12	green	left	unaware	1	0
1438.131	0.000	trigger_11	11	1438131	Trigger-In:11	275	fixation_point_on	staircase	12	green	left	unaware	1	0
1438.756	0.000	trigger_21	21	1438756	Trigger-In:21	275	grating_on	staircase	12	green	left	unaware	1	0
1438.811	0.000	trigger_20	20	1438811	Trigger-In:20	275	grating_off	staircase	12	green	left	unaware	1	0
1439.426	0.000	trigger_31	31	1439426	Trigger-In:31	275	targets_on_fp_color_change	staircase	12	green	left	unaware	1	0
1440.181	0.000	trigger_201	201	1440181	Trigger-In:201	275	trial_end_completed	staircase	12	green	left	unaware	1	0
1441.271	0.000	trigger_101	101	1441271	Trigger-In:101	276	trial_start	staircase	13	green	left	unaware	1	0
1441.376	0.000	trigger_11	11	1441376	Trigger-In:11	276	fixation_point_on	staircase	13	green	left	unaware	1	0
1442.001	0.000	trigger_21	21	1442001	Trigger-In:21	276	grating_on	staircase	13	green	left	unaware	1	0
1442.056	0.000	trigger_20	20	1442056	Trigger-In:20	276	grating_off	staircase	13	green	left	unaware	1	0
1442.676	0.000	trigger_31	31	1442676	Trigger-In:31	276	targets_on_fp_color_change	staircase	13	green	left	unaware	1	0
1443.366	0.000	trigger_201	201	1443366	Trigger-In:201	276	trial_end_completed	staircase	13	green	left	unaware	1	0
1444.461	0.000	trigger_101	101	1444461	Trigger-In:101	277	trial_start	staircase	14	red	left	aware	1	0
1444.571	0.000	trigger_11	11	1444571	Trigger-In:11	277	fixation_point_on	staircase	14	red	left	aware	1	0
1445.191	0.000	trigger_21	21	1445191	Trigger-In:21	277	grating_on	staircase	14	red	left	aware	1	0
1445.246	0.000	trigger_20	20	1445246	Trigger-In:20	277	grating_off	staircase	14	red	left	aware	1	0
1445.876	0.000	trigger_31	31	1445876	Trigger-In:31	277	targets_on_fp_color_change	staircase	14	red	left	aware	1	0
1447.276	0.000	trigger_201	201	1447276	Trigger-In:201	277	trial_end_completed	staircase	14	red	left	aware	1	0
1448.366	0.000	trigger_101	101	1448366	Trigger-In:101	278	trial_start	absent	70	red	left	aware	1	0
1448.471	0.000	trigger_11	11	1448471	Trigger-In:11	278	fixation_point_on	absent	70	red	left	aware	1	0
1449.096	0.000	trigger_21	21	1449096	Trigger-In:21	278	grating_on	absent	70	red	left	aware	1	0
1449.151	0.000	trigger_20	20	1449151	Trigger-In:20	278	grating_off	absent	70	red	left	aware	1	0
1449.786	0.000	trigger_31	31	1449786	Trigger-In:31	278	targets_on_fp_color_change	absent	70	red	left	aware	1	0
1450.626	0.000	trigger_201	201	1450626	Trigger-In:201	278	trial_end_completed	absent	70	red	left	aware	1	0
1451.716	0.000	trigger_101	101	1451716	Trigger-In:101	279	trial_start	staircase	13	green	right	aware	1	0
1451.821	0.000	trigger_11	11	1451821	Trigger-In:11	279	fixation_point_on	staircase	13	green	right	aware	1	0
1452.436	0.000	trigger_21	21	1452436	Trigger-In:21	279	grating_on	staircase	13	green	right	aware	1	0
1452.491	0.000	trigger_20	20	1452491	Trigger-In:20	279	grating_off	staircase	13	green	right	aware	1	0
1453.121	0.000	trigger_31	31	1453121	Trigger-In:31	279	targets_on_fp_color_change	staircase	13	green	right	aware	1	0
1453.891	0.000	trigger_201	201	1453891	Trigger-In:201	279	trial_end_completed	staircase	13	green	right	aware	1	0
1454.986	0.000	trigger_101	101	1454986	Trigger-In:101	280	trial_start	salient	0	green	left	unaware	1	0
1455.091	0.000	trigger_11	11	1455091	Trigger-In:11	280	fixation_point_on	salient	0	green	left	unaware	1	0
1455.711	0.000	trigger_21	21	1455711	Trigger-In:21	280	grating_on	salient	0	green	left	unaware	1	0
1455.766	0.000	trigger_20	20	1455766	Trigger-In:20	280	grating_off	salient	0	green	left	unaware	1	0
1456.386	0.000	trigger_31	31	1456386	Trigger-In:31	280	targets_on_fp_color_change	salient	0	green	left	unaware	1	0
1457.461	0.000	trigger_201	201	1457461	Trigger-In:201	280	trial_end_completed	salient	0	green	left	unaware	1	0
1458.551	0.000	trigger_101	101	1458551	Trigger-In:101	281	trial_start	staircase	12	red	right	unaware	1	0
1458.661	0.000	trigger_11	11	1458661	Trigger-In:11	281	fixation_point_on	staircase	12	red	right	unaware	1	0
1459.281	0.000	trigger_21	21	1459281	Trigger-In:21	281	grating_on	staircase	12	red	right	unaware	1	0
1459.336	0.000	trigger_20	20	1459336	Trigger-In:20	281	grating_off	staircase	12	red	right	unaware	1	0
1459.966	0.000	trigger_31	31	1459966	Trigger-In:31	281	targets_on_fp_color_change	staircase	12	red	right	unaware	1	0
1461.166	0.000	trigger_201	201	1461166	Trigger-In:201	281	trial_end_completed	staircase	12	red	right	unaware	1	0
1462.261	0.000	trigger_101	101	1462261	Trigger-In:101	282	trial_start	staircase	13	red	left	aware	1	0
1462.361	0.000	trigger_11	11	1462361	Trigger-In:11	282	fixation_point_on	staircase	13	red	left	aware	1	0
1462.986	0.000	trigger_21	21	1462986	Trigger-In:21	282	grating_on	staircase	13	red	left	aware	1	0
1463.041	0.000	trigger_20	20	1463041	Trigger-In:20	282	grating_off	staircase	13	red	left	aware	1	0
1463.666	0.000	trigger_31	31	1463666	Trigger-In:31	282	targets_on_fp_color_change	staircase	13	red	left	aware	1	0
1464.506	0.000	trigger_201	201	1464506	Trigger-In:201	282	trial_end_completed	staircase	13	red	left	aware	1	0
1465.596	0.000	trigger_101	101	1465596	Trigger-In:101	283	trial_start	staircase	12	red	left	aware	1	0
1465.701	0.000	trigger_11	11	1465701	Trigger-In:11	283	fixation_point_on	staircase	12	red	left	aware	1	0
1466.316	0.000	trigger_21	21	1466316	Trigger-In:21	283	grating_on	staircase	12	red	left	aware	1	0
1466.371	0.000	trigger_20	20	1466371	Trigger-In:20	283	grating_off	staircase	12	red	left	aware	1	0
1467.006	0.000	trigger_31	31	1467006	Trigger-In:31	283	targets_on_fp_color_change	staircase	12	red	left	aware	1	0
1467.741	0.000	trigger_201	201	1467741	Trigger-In:201	283	trial_end_completed	staircase	12	red	left	aware	1	0
1468.831	0.000	trigger_101	101	1468831	Trigger-In:101	284	trial_start	salient	0	green	left	unaware	1	0
1468.936	0.000	trigger_11	11	1468936	Trigger-In:11	284	fixation_point_on	salient	0	green	left	unaware	1	0
1469.556	0.000	trigger_21	21	1469556	Trigger-In:21	284	grating_on	salient	0	green	left	unaware	1	0
1469.611	0.000	trigger_20	20	1469611	Trigger-In:20	284	grating_off	salient	0	green	left	unaware	1	0
1470.251	0.000	trigger_31	31	1470251	Trigger-In:31	284	targets_on_fp_color_change	salient	0	green	left	unaware	1	0
1471.616	0.000	trigger_201	201	1471616	Trigger-In:201	284	trial_end_completed	salient	0	green	left	unaware	1	0
1472.766	0.000	trigger_101	101	1472766	Trigger-In:101	285	trial_start	salient	0	green	left	unaware	1	0
1472.876	0.000	trigger_11	11	1472876	Trigger-In:11	285	fixation_point_on	salient	0	green	left	unaware	1	0
1473.511	0.000	trigger_21	21	1473511	Trigger-In:21	285	grating_on	salient	0	green	left	unaware	1	0
1473.576	0.000	trigger_20	20	1473576	Trigger-In:20	285	grating_off	salient	0	green	left	unaware	1	0
1474.196	0.000	trigger_31	31	1474196	Trigger-In:31	285	targets_on_fp_color_change	salient	0	green	left	unaware	1	0
1475.756	0.000	trigger_201	201	1475756	Trigger-In:201	285	trial_end_completed	salient	0	green	left	unaware	1	0
1476.846	0.000	trigger_101	101	1476846	Trigger-In:101	286	trial_start	salient	0	green	left	unaware	1	0
1476.951	0.000	trigger_11	11	1476951	Trigger-In:11	286	fixation_point_on	salient	0	green	left	unaware	1	0
1477.576	0.000	trigger_21	21	1477576	Trigger-In:21	286	grating_on	salient	0	green	left	unaware	1	0
1477.631	0.000	trigger_20	20	1477631	Trigger-In:20	286	grating_off	salient	0	green	left	unaware	1	0
1478.261	0.000	trigger_31	31	1478261	Trigger-In:31	286	targets_on_fp_color_change	salient	0	green	left	unaware	1	0
1479.101	0.000	trigger_201	201	1479101	Trigger-In:201	286	trial_end_completed	salient	0	green	left	unaware	1	0
1480.191	0.000	trigger_101	101	1480191	Trigger-In:101	287	trial_start	staircase	11	red	right	unaware	1	0
1480.301	0.000	trigger_11	11	1480301	Trigger-In:11	287	fixation_point_on	staircase	11	red	right	unaware	1	0
1480.926	0.000	trigger_21	21	1480926	Trigger-In:21	287	grating_on	staircase	11	red	right	unaware	1	0
1480.986	0.000	trigger_20	20	1480986	Trigger-In:20	287	grating_off	staircase	11	red	right	unaware	1	0
1481.611	0.000	trigger_31	31	1481611	Trigger-In:31	287	targets_on_fp_color_change	staircase	11	red	right	unaware	1	0
1482.746	0.000	trigger_201	201	1482746	Trigger-In:201	287	trial_end_completed	staircase	11	red	right	unaware	1	0
1483.836	0.000	trigger_101	101	1483836	Trigger-In:101	288	trial_start	staircase	12	green	right	aware	1	0
1483.946	0.000	trigger_11	11	1483946	Trigger-In:11	288	fixation_point_on	staircase	12	green	right	aware	1	0
1484.571	0.000	trigger_21	21	1484571	Trigger-In:21	288	grating_on	staircase	12	green	right	aware	1	0
1484.626	0.000	trigger_20	20	1484626	Trigger-In:20	288	grating_off	staircase	12	green	right	aware	1	0
1485.256	0.000	trigger_31	31	1485256	Trigger-In:31	288	targets_on_fp_color_change	staircase	12	green	right	aware	1	0
1486.281	0.000	trigger_201	201	1486281	Trigger-In:201	288	trial_end_completed	staircase	12	green	right	aware	1	0
1487.376	0.000	trigger_101	101	1487376	Trigger-In:101	289	trial_start	staircase	11	red	left	aware	1	0
1487.476	0.000	trigger_11	11	1487476	Trigger-In:11	289	fixation_point_on	staircase	11	red	left	aware	1	0
1488.106	0.000	trigger_21	21	1488106	Trigger-In:21	289	grating_on	staircase	11	red	left	aware	1	0
1488.161	0.000	trigger_20	20	1488161	Trigger-In:20	289	grating_off	staircase	11	red	left	aware	1	0
1488.791	0.000	trigger_31	31	1488791	Trigger-In:31	289	targets_on_fp_color_change	staircase	11	red	left	aware	1	0
1489.846	0.000	trigger_201	201	1489846	Trigger-In:201	289	trial_end_completed	staircase	11	red	left	aware	1	0
1490.936	0.000	trigger_101	101	1490936	Trigger-In:101	290	trial_start	staircase	10	green	left	unaware	1	0
1491.041	0.000	trigger_11	11	1491041	Trigger-In:11	290	fixation_point_on	staircase	10	green	left	unaware	1	0
1491.666	0.000	trigger_21	21	1491666	Trigger-In:21	290	grating_on	staircase	10	green	left	unaware	1	0
1491.721	0.000	trigger_20	20	1491721	Trigger-In:20	290	grating_off	staircase	10	green	left	unaware	1	0
1492.346	0.000	trigger_31	31	1492346	Trigger-In:31	290	targets_on_fp_color_change	staircase	10	green	left	unaware	1	0
1493.696	0.000	trigger_201	201	1493696	Trigger-In:201	290	trial_end_completed	staircase	10	green	left	unaware	1	0
1494.786	0.000	trigger_101	101	1494786	Trigger-In:101	291	trial_start	staircase	11	green	right	aware	1	0
1494.896	0.000	trigger_11	11	1494896	Trigger-In:11	291	fixation_point_on	staircase	11	green	right	aware	1	0
1495.511	0.000	trigger_21	21	1495511	Trigger-In:21	291	grating_on	staircase	11	green	right	aware	1	0
1495.571	0.000	trigger_20	20	1495571	Trigger-In:20	291	grating_off	staircase	11	green	right	aware	1	0
1496.196	0.000	trigger_31	31	1496196	Trigger-In:31	291	targets_on_fp_color_change	staircase	11	green	right	aware	1	0
1496.991	0.000	trigger_201	201	1496991	Trigger-In:201	291	trial_end_completed	staircase	11	green	right	aware	1	0
1498.086	0.000	trigger_101	101	1498086	Trigger-In:101	292	trial_start	staircase	10	red	right	unaware	1	0
1498.196	0.000	trigger_11	11	1498196	Trigger-In:11	292	fixation_point_on	staircase	10	red	right	unaware	1	0
1498.826	0.000	trigger_21	21	1498826	Trigger-In:21	292	grating_on	staircase	10	red	right	unaware	1	0
1498.881	0.000	trigger_20	20	1498881	Trigger-In:20	292	grating_off	staircase	10	red	right	unaware	1	0
1499.506	0.000	trigger_31	31	1499506	Trigger-In:31	292	targets_on_fp_color_change	staircase	10	red	right	unaware	1	0
1500.621	0.000	trigger_201	201	1500621	Trigger-In:201	292	trial_end_completed	staircase	10	red	right	unaware	1	0
1501.711	0.000	trigger_101	101	1501711	Trigger-In:101	293	trial_start	staircase	11	red	right	unaware	1	0
1501.821	0.000	trigger_11	11	1501821	Trigger-In:11	293	fixation_point_on	staircase	11	red	right	unaware	1	0
1502.446	0.000	trigger_21	21	1502446	Trigger-In:21	293	grating_on	staircase	11	red	right	unaware	1	0
1502.501	0.000	trigger_20	20	1502501	Trigger-In:20	293	grating_off	staircase	11	red	right	unaware	1	0
1503.131	0.000	trigger_31	31	1503131	Trigger-In:31	293	targets_on_fp_color_change	staircase	11	red	right	unaware	1	0
1504.291	0.000	trigger_201	201	1504291	Trigger-In:201	293	trial_end_completed	staircase	11	red	right	unaware	1	0
1505.381	0.000	trigger_101	101	1505381	Trigger-In:101	294	trial_start	staircase	12	red	left	aware	1	0
1505.496	0.000	trigger_11	11	1505496	Trigger-In:11	294	fixation_point_on	staircase	12	red	left	aware	1	0
1506.131	0.000	trigger_21	21	1506131	Trigger-In:21	294	grating_on	staircase	12	red	left	aware	1	0
1506.191	0.000	trigger_20	20	1506191	Trigger-In:20	294	grating_off	staircase	12	red	left	aware	1	0
1506.826	0.000	trigger_31	31	1506826	Trigger-In:31	294	targets_on_fp_color_change	staircase	12	red	left	aware	1	0
1507.631	0.000	trigger_201	201	1507631	Trigger-In:201	294	trial_end_completed	staircase	12	red	left	aware	1	0
1508.726	0.000	trigger_101	101	1508726	Trigger-In:101	295	trial_start	staircase	11	red	left	aware	1	0
1508.831	0.000	trigger_11	11	1508831	Trigger-In:11	295	fixation_point_on	staircase	11	red	left	aware	1	0
1509.456	0.000	trigger_21	21	1509456	Trigger-In:21	295	grating_on	staircase	11	red	left	aware	1	0
1509.511	0.000	trigger_20	20	1509511	Trigger-In:20	295	grating_off	staircase	11	red	left	aware	1	0
1510.136	0.000	trigger_31	31	1510136	Trigger-In:31	295	targets_on_fp_color_change	staircase	11	red	left	aware	1	0
1510.841	0.000	trigger_201	201	1510841	Trigger-In:201	295	trial_end_completed	staircase	11	red	left	aware	1	0
1511.931	0.000	trigger_101	101	1511931	Trigger-In:101	296	trial_start	staircase	10	green	left	unaware	1	0
1512.041	0.000	trigger_11	11	1512041	Trigger-In:11	296	fixation_point_on	staircase	10	green	left	unaware	1	0
1512.656	0.000	trigger_21	21	1512656	Trigger-In:21	296	grating_on	staircase	10	green	left	unaware	1	0
1512.716	0.000	trigger_20	20	1512716	Trigger-In:20	296	grating_off	staircase	10	green	left	unaware	1	0
1513.336	0.000	trigger_31	31	1513336	Trigger-In:31	296	targets_on_fp_color_change	staircase	10	green	left	unaware	1	0
1514.926	0.000	trigger_201	201	1514926	Trigger-In:201	296	trial_end_completed	staircase	10	green	left	unaware	1	0
1516.021	0.000	trigger_101	101	1516021	Trigger-In:101	297	trial_start	staircase	11	red	right	unaware	1	0
1516.121	0.000	trigger_11	11	1516121	Trigger-In:11	297	fixation_point_on	staircase	11	red	right	unaware	1	0
1516.741	0.000	trigger_21	21	1516741	Trigger-In:21	297	grating_on	staircase	11	red	right	unaware	1	0
1516.796	0.000	trigger_20	20	1516796	Trigger-In:20	297	grating_off	staircase	11	red	right	unaware	1	0
1517.416	0.000	trigger_31	31	1517416	Trigger-In:31	297	targets_on_fp_color_change	staircase	11	red	right	unaware	1	0
1518.801	0.000	trigger_201	201	1518801	Trigger-In:201	297	trial_end_completed	staircase	11	red	right	unaware	1	0
1519.891	0.000	trigger_101	101	1519891	Trigger-In:101	298	trial_start	absent	70	red	left	aware	1	0
1519.996	0.000	trigger_11	11	1519996	Trigger-In:11	298	fixation_point_on	absent	70	red	left	aware	1	0
1520.611	0.000	trigger_21	21	1520611	Trigger-In:21	298	grating_on	absent	70	red	left	aware	1	0
1520.666	0.000	trigger_20	20	1520666	Trigger-In:20	298	grating_off	absent	70	red	left	aware	1	0
1521.291	0.000	trigger_31	31	1521291	Trigger-In:31	298	targets_on_fp_color_change	absent	70	red	left	aware	1	0
1522.296	0.000	trigger_201	201	1522296	Trigger-In:201	298	trial_end_completed	absent	70	red	left	aware	1	0
1523.386	0.000	trigger_101	101	1523386	Trigger-In:101	299	trial_start	salient	0	green	left	unaware	1	0
1523.501	0.000	trigger_11	11	1523501	Trigger-In:11	299	fixation_point_on	salient	0	green	left	unaware	1	0
1524.126	0.000	trigger_21	21	1524126	Trigger-In:21	299	grating_on	salient	0	green	left	unaware	1	0
1524.181	0.000	trigger_20	20	1524181	Trigger-In:20	299	grating_off	salient	0	green	left	unaware	1	0
1524.801	0.000	trigger_31	31	1524801	Trigger-In:31	299	targets_on_fp_color_change	salient	0	green	left	unaware	1	0
1525.836	0.000	trigger_201	201	1525836	Trigger-In:201	299	trial_end_completed	salient	0	green	left	unaware	1	0
1526.926	0.000	trigger_101	101	1526926	Trigger-In:101	300	trial_start	staircase	12	red	left	aware	1	0
1527.031	0.000	trigger_11	11	1527031	Trigger-In:11	300	fixation_point_on	staircase	12	red	left	aware	1	0
1527.651	0.000	trigger_21	21	1527651	Trigger-In:21	300	grating_on	staircase	12	red	left	aware	1	0
1527.706	0.000	trigger_20	20	1527706	Trigger-In:20	300	grating_off	staircase	12	red	left	aware	1	0
1528.331	0.000	trigger_31	31	1528331	Trigger-In:31	300	targets_on_fp_color_change	staircase	12	red	left	aware	1	0
1529.431	0.000	trigger_201	201	1529431	Trigger-In:201	300	trial_end_completed	staircase	12	red	left	aware	1	0
1530.521	0.000	trigger_101	101	1530521	Trigger-In:101	301	trial_start	salient	0	green	left	unaware	1	0
1530.621	0.000	trigger_11	11	1530621	Trigger-In:11	301	fixation_point_on	salient	0	green	left	unaware	1	0
1531.241	0.000	trigger_21	21	1531241	Trigger-In:21	301	grating_on	salient	0	green	left	unaware	1	0
1531.296	0.000	trigger_20	20	1531296	Trigger-In:20	301	grating_off	salient	0	green	left	unaware	1	0
1531.911	0.000	trigger_31	31	1531911	Trigger-In:31	301	targets_on_fp_color_change	salient	0	green	left	unaware	1	0
1532.991	0.000	trigger_201	201	1532991	Trigger-In:201	301	trial_end_completed	salient	0	green	left	unaware	1	0
1534.081	0.000	trigger_101	101	1534081	Trigger-In:101	302	trial_start	absent	70	red	left	aware	1	0
1534.186	0.000	trigger_11	11	1534186	Trigger-In:11	302	fixation_point_on	absent	70	red	left	aware	1	0
1534.806	0.000	trigger_21	21	1534806	Trigger-In:21	302	grating_on	absent	70	red	left	aware	1	0
1534.866	0.000	trigger_20	20	1534866	Trigger-In:20	302	grating_off	absent	70	red	left	aware	1	0
1535.481	0.000	trigger_31	31	1535481	Trigger-In:31	302	targets_on_fp_color_change	absent	70	red	left	aware	1	0
1536.626	0.000	trigger_201	201	1536626	Trigger-In:201	302	trial_end_completed	absent	70	red	left	aware	1	0
1537.721	0.000	trigger_101	101	1537721	Trigger-In:101	303	trial_start	staircase	11	green	left	unaware	1	0
1537.821	0.000	trigger_11	11	1537821	Trigger-In:11	303	fixation_point_on	staircase	11	green	left	unaware	1	0
1538.441	0.000	trigger_21	21	1538441	Trigger-In:21	303	grating_on	staircase	11	green	left	unaware	1	0
1538.496	0.000	trigger_20	20	1538496	Trigger-In:20	303	grating_off	staircase	11	green	left	unaware	1	0
1539.131	0.000	trigger_31	31	1539131	Trigger-In:31	303	targets_on_fp_color_change	staircase	11	green	left	unaware	1	0
1540.401	0.000	trigger_201	201	1540401	Trigger-In:201	303	trial_end_completed	staircase	11	green	left	unaware	1	0
1541.486	0.000	trigger_101	101	1541486	Trigger-In:101	304	trial_start	staircase	12	red	right	unaware	1	0
1541.591	0.000	trigger_11	11	1541591	Trigger-In:11	304	fixation_point_on	staircase	12	red	right	unaware	1	0
1542.216	0.000	trigger_21	21	1542216	Trigger-In:21	304	grating_on	staircase	12	red	right	unaware	1	0
1542.266	0.000	trigger_20	20	1542266	Trigger-In:20	304	grating_off	staircase	12	red	right	unaware	1	0
1542.896	0.000	trigger_31	31	1542896	Trigger-In:31	304	targets_on_fp_color_change	staircase	12	red	right	unaware	1	0
1544.061	0.000	trigger_201	201	1544061	Trigger-In:201	304	trial_end_completed	staircase	12	red	right	unaware	1	0
1545.151	0.000	trigger_101	101	1545151	Trigger-In:101	305	trial_start	salient	0	red	right	unaware	1	0
1545.291	0.000	trigger_11	11	1545291	Trigger-In:11	305	fixation_point_on	salient	0	red	right	unaware	1	0
1545.916	0.000	trigger_21	21	1545916	Trigger-In:21	305	grating_on	salient	0	red	right	unaware	1	0
1545.976	0.000	trigger_20	20	1545976	Trigger-In:20	305	grating_off	salient	0	red	right	unaware	1	0
1546.591	0.000	trigger_31	31	1546591	Trigger-In:31	305	targets_on_fp_color_change	salient	0	red	right	unaware	1	0
1547.621	0.000	trigger_201	201	1547621	Trigger-In:201	305	trial_end_completed	salient	0	red	right	unaware	1	0
1548.711	0.000	trigger_101	101	1548711	Trigger-In:101	306	trial_start	staircase	13	green	left	unaware	1	0
1548.831	0.000	trigger_11	11	1548831	Trigger-In:11	306	fixation_point_on	staircase	13	green	left	unaware	1	0
1549.446	0.000	trigger_21	21	1549446	Trigger-In:21	306	grating_on	staircase	13	green	left	unaware	1	0
1549.501	0.000	trigger_20	20	1549501	Trigger-In:20	306	grating_off	staircase	13	green	left	unaware	1	0
1550.126	0.000	trigger_31	31	1550126	Trigger-In:31	306	targets_on_fp_color_change	staircase	13	green	left	unaware	1	0
1551.021	0.000	trigger_201	201	1551021	Trigger-In:201	306	trial_end_completed	staircase	13	green	left	unaware	1	0
1552.106	0.000	trigger_101	101	1552106	Trigger-In:101	307	trial_start	staircase	14	red	right	unaware	1	0
1552.211	0.000	trigger_11	11	1552211	Trigger-In:11	307	fixation_point_on	staircase	14	red	right	unaware	1	0
1552.826	0.000	trigger_21	21	1552826	Trigger-In:21	307	grating_on	staircase	14	red	right	unaware	1	0
1552.886	0.000	trigger_20	20	1552886	Trigger-In:20	307	grating_off	staircase	14	red	right	unaware	1	0
1553.511	0.000	trigger_31	31	1553511	Trigger-In:31	307	targets_on_fp_color_change	staircase	14	red	right	unaware	1	0
1554.646	0.000	trigger_201	201	1554646	Trigger-In:201	307	trial_end_completed	staircase	14	red	right	unaware	1	0
1555.736	0.000	trigger_101	101	1555736	Trigger-In:101	308	trial_start	staircase	15	red	right	unaware	1	0
1555.846	0.000	trigger_11	11	1555846	Trigger-In:11	308	fixation_point_on	staircase	15	red	right	unaware	1	0
1556.456	0.000	trigger_21	21	1556456	Trigger-In:21	308	grating_on	staircase	15	red	right	unaware	1	0
1556.511	0.000	trigger_20	20	1556511	Trigger-In:20	308	grating_off	staircase	15	red	right	unaware	1	0
1557.141	0.000	trigger_31	31	1557141	Trigger-In:31	308	targets_on_fp_color_change	staircase	15	red	right	unaware	1	0
1558.596	0.000	trigger_201	201	1558596	Trigger-In:201	308	trial_end_completed	staircase	15	red	right	unaware	1	0
1559.686	0.000	trigger_101	101	1559686	Trigger-In:101	309	trial_start	salient	0	green	left	unaware	1	0
1559.791	0.000	trigger_11	11	1559791	Trigger-In:11	309	fixation_point_on	salient	0	green	left	unaware	1	0
1560.411	0.000	trigger_21	21	1560411	Trigger-In:21	309	grating_on	salient	0	green	left	unaware	1	0
1560.466	0.000	trigger_20	20	1560466	Trigger-In:20	309	grating_off	salient	0	green	left	unaware	1	0
1561.096	0.000	trigger_31	31	1561096	Trigger-In:31	309	targets_on_fp_color_change	salient	0	green	left	unaware	1	0
1562.136	0.000	trigger_201	201	1562136	Trigger-In:201	309	trial_end_completed	salient	0	green	left	unaware	1	0
1563.221	0.000	trigger_101	101	1563221	Trigger-In:101	310	trial_start	absent	70	green	right	aware	1	0
1563.331	0.000	trigger_11	11	1563331	Trigger-In:11	310	fixation_point_on	absent	70	green	right	aware	1	0
1563.956	0.000	trigger_21	21	1563956	Trigger-In:21	310	grating_on	absent	70	green	right	aware	1	0
1564.011	0.000	trigger_20	20	1564011	Trigger-In:20	310	grating_off	absent	70	green	right	aware	1	0
1564.626	0.000	trigger_31	31	1564626	Trigger-In:31	310	targets_on_fp_color_change	absent	70	green	right	aware	1	0
1565.476	0.000	trigger_201	201	1565476	Trigger-In:201	310	trial_end_completed	absent	70	green	right	aware	1	0
1566.561	0.000	trigger_101	101	1566561	Trigger-In:101	311	trial_start	staircase	16	green	right	aware	1	0
1566.681	0.000	trigger_11	11	1566681	Trigger-In:11	311	fixation_point_on	staircase	16	green	right	aware	1	0
1567.296	0.000	trigger_21	21	1567296	Trigger-In:21	311	grating_on	staircase	16	green	right	aware	1	0
1567.351	0.000	trigger_20	20	1567351	Trigger-In:20	311	grating_off	staircase	16	green	right	aware	1	0
1567.981	0.000	trigger_31	31	1567981	Trigger-In:31	311	targets_on_fp_color_change	staircase	16	green	right	aware	1	0
1568.891	0.000	trigger_201	201	1568891	Trigger-In:201	311	trial_end_completed	staircase	16	green	right	aware	1	0
1569.986	0.000	trigger_101	101	1569986	Trigger-In:101	312	trial_start	staircase	15	red	right	unaware	1	0
1570.091	0.000	trigger_11	11	1570091	Trigger-In:11	312	fixation_point_on	staircase	15	red	right	unaware	1	0
1570.706	0.000	trigger_21	21	1570706	Trigger-In:21	312	grating_on	staircase	15	red	right	unaware	1	0
1570.761	0.000	trigger_20	20	1570761	Trigger-In:20	312	grating_off	staircase	15	red	right	unaware	1	0
1571.381	0.000	trigger_31	31	1571381	Trigger-In:31	312	targets_on_fp_color_change	staircase	15	red	right	unaware	1	0
1572.671	0.000	trigger_201	201	1572671	Trigger-In:201	312	trial_end_completed	staircase	15	red	right	unaware	1	0
1573.756	0.000	trigger_101	101	1573756	Trigger-In:101	313	trial_start	absent	70	red	left	aware	1	0
1573.861	0.000	trigger_11	11	1573861	Trigger-In:11	313	fixation_point_on	absent	70	red	left	aware	1	0
1574.476	0.000	trigger_21	21	1574476	Trigger-In:21	313	grating_on	absent	70	red	left	aware	1	0
1574.536	0.000	trigger_20	20	1574536	Trigger-In:20	313	grating_off	absent	70	red	left	aware	1	0
1575.161	0.000	trigger_31	31	1575161	Trigger-In:31	313	targets_on_fp_color_change	absent	70	red	left	aware	1	0
1575.956	0.000	trigger_201	201	1575956	Trigger-In:201	313	trial_end_completed	absent	70	red	left	aware	1	0
1577.046	0.000	trigger_101	101	1577046	Trigger-In:101	314	trial_start	staircase	16	red	left	aware	1	0
1577.231	0.000	trigger_11	11	1577231	Trigger-In:11	314	fixation_point_on	staircase	16	red	left	aware	1	0
1577.856	0.000	trigger_21	21	1577856	Trigger-In:21	314	grating_on	staircase	16	red	left	aware	1	0
1577.911	0.000	trigger_20	20	1577911	Trigger-In:20	314	grating_off	staircase	16	red	left	aware	1	0
1578.526	0.000	trigger_31	31	1578526	Trigger-In:31	314	targets_on_fp_color_change	staircase	16	red	left	aware	1	0
1579.161	0.000	trigger_201	201	1579161	Trigger-In:201	314	trial_end_completed	staircase	16	red	left	aware	1	0
1580.251	0.000	trigger_101	101	1580251	Trigger-In:101	315	trial_start	absent	70	red	left	aware	1	0
1580.356	0.000	trigger_11	11	1580356	Trigger-In:11	315	fixation_point_on	absent	70	red	left	aware	1	0
1580.976	0.000	trigger_21	21	1580976	Trigger-In:21	315	grating_on	absent	70	red	left	aware	1	0
1581.031	0.000	trigger_20	20	1581031	Trigger-In:20	315	grating_off	absent	70	red	left	aware	1	0
1581.651	0.000	trigger_31	31	1581651	Trigger-In:31	315	targets_on_fp_color_change	absent	70	red	left	aware	1	0
1582.256	0.000	trigger_201	201	1582256	Trigger-In:201	315	trial_end_completed	absent	70	red	left	aware	1	0
1583.346	0.000	trigger_101	101	1583346	Trigger-In:101	316	trial_start	staircase	15	green	right	aware	1	0
1583.456	0.000	trigger_11	11	1583456	Trigger-In:11	316	fixation_point_on	staircase	15	green	right	aware	1	0
1584.076	0.000	trigger_21	21	1584076	Trigger-In:21	316	grating_on	staircase	15	green	right	aware	1	0
1584.131	0.000	trigger_20	20	1584131	Trigger-In:20	316	grating_off	staircase	15	green	right	aware	1	0
1584.751	0.000	trigger_31	31	1584751	Trigger-In:31	316	targets_on_fp_color_change	staircase	15	green	right	aware	1	0
1585.686	0.000	trigger_201	201	1585686	Trigger-In:201	316	trial_end_completed	staircase	15	green	right	aware	1	0
1586.776	0.000	trigger_101	101	1586776	Trigger-In:101	317	trial_start	staircase	14	green	left	unaware	1	0
1586.886	0.000	trigger_11	11	1586886	Trigger-In:11	317	fixation_point_on	staircase	14	green	left	unaware	1	0
1587.501	0.000	trigger_21	21	1587501	Trigger-In:21	317	grating_on	staircase	14	green	left	unaware	1	0
1587.556	0.000	trigger_20	20	1587556	Trigger-In:20	317	grating_off	staircase	14	green	left	unaware	1	0
1588.186	0.000	trigger_31	31	1588186	Trigger-In:31	317	targets_on_fp_color_change	staircase	14	green	left	unaware	1	0
1589.321	0.000	trigger_201	201	1589321	Trigger-In:201	317	trial_end_completed	staircase	14	green	left	unaware	1	0
1590.411	0.000	trigger_101	101	1590411	Trigger-In:101	318	trial_start	staircase	15	green	right	aware	1	0
1590.511	0.000	trigger_11	11	1590511	Trigger-In:11	318	fixation_point_on	staircase	15	green	right	aware	1	0
1591.136	0.000	trigger_21	21	1591136	Trigger-In:21	318	grating_on	staircase	15	green	right	aware	1	0
1591.186	0.000	trigger_20	20	1591186	Trigger-In:20	318	grating_off	staircase	15	green	right	aware	1	0
1591.811	0.000	trigger_31	31	1591811	Trigger-In:31	318	targets_on_fp_color_change	staircase	15	green	right	aware	1	0
1592.486	0.000	trigger_201	201	1592486	Trigger-In:201	318	trial_end_completed	staircase	15	green	right	aware	1	0
1593.571	0.000	trigger_101	101	1593571	Trigger-In:101	319	trial_start	staircase	14	green	right	aware	1	0
1593.681	0.000	trigger_11	11	1593681	Trigger-In:11	319	fixation_point_on	staircase	14	green	right	aware	1	0
1594.301	0.000	trigger_21	21	1594301	Trigger-In:21	319	grating_on	staircase	14	green	right	aware	1	0
1594.356	0.000	trigger_20	20	1594356	Trigger-In:20	319	grating_off	staircase	14	green	right	aware	1	0
1594.991	0.000	trigger_31	31	1594991	Trigger-In:31	319	targets_on_fp_color_change	staircase	14	green	right	aware	1	0
1595.741	0.000	trigger_201	201	1595741	Trigger-In:201	319	trial_end_completed	staircase	14	green	right	aware	1	0
1596.826	0.000	trigger_101	101	1596826	Trigger-In:101	320	trial_start	staircase	13	green	right	aware	1	0
1596.936	0.000	trigger_11	11	1596936	Trigger-In:11	320	fixation_point_on	staircase	13	green	right	aware	1	0
1597.551	0.000	trigger_21	21	1597551	Trigger-In:21	320	grating_on	staircase	13	green	right	aware	1	0
1597.606	0.000	trigger_20	20	1597606	Trigger-In:20	320	grating_off	staircase	13	green	right	aware	1	0
1598.226	0.000	trigger_31	31	1598226	Trigger-In:31	320	targets_on_fp_color_change	staircase	13	green	right	aware	1	0
1599.226	0.000	trigger_201	201	1599226	Trigger-In:201	320	trial_end_completed	staircase	13	green	right	aware	1	0
1600.316	0.000	trigger_101	101	1600316	Trigger-In:101	321	trial_start	salient	0	green	left	unaware	1	0
1600.421	0.000	trigger_11	11	1600421	Trigger-In:11	321	fixation_point_on	salient	0	green	left	unaware	1	0
1601.041	0.000	trigger_21	21	1601041	Trigger-In:21	321	grating_on	salient	0	green	left	unaware	1	0
1601.096	0.000	trigger_20	20	1601096	Trigger-In:20	321	grating_off	salient	0	green	left	unaware	1	0
1601.721	0.000	trigger_31	31	1601721	Trigger-In:31	321	targets_on_fp_color_change	salient	0	green	left	unaware	1	0
1603.191	0.000	trigger_201	201	1603191	Trigger-In:201	321	trial_end_completed	salient	0	green	left	unaware	1	0
1604.281	0.000	trigger_101	101	1604281	Trigger-In:101	322	trial_start	salient	0	green	left	unaware	1	0
1604.386	0.000	trigger_11	11	1604386	Trigger-In:11	322	fixation_point_on	salient	0	green	left	unaware	1	0
1605.011	0.000	trigger_21	21	1605011	Trigger-In:21	322	grating_on	salient	0	green	left	unaware	1	0
1605.061	0.000	trigger_20	20	1605061	Trigger-In:20	322	grating_off	salient	0	green	left	unaware	1	0
1605.681	0.000	trigger_31	31	1605681	Trigger-In:31	322	targets_on_fp_color_change	salient	0	green	left	unaware	1	0
1607.446	0.000	trigger_201	201	1607446	Trigger-In:201	322	trial_end_completed	salient	0	green	left	unaware	1	0
1608.536	0.000	trigger_101	101	1608536	Trigger-In:101	323	trial_start	staircase	12	red	right	unaware	1	0
1608.646	0.000	trigger_11	11	1608646	Trigger-In:11	323	fixation_point_on	staircase	12	red	right	unaware	1	0
1609.261	0.000	trigger_21	21	1609261	Trigger-In:21	323	grating_on	staircase	12	red	right	unaware	1	0
1609.321	0.000	trigger_20	20	1609321	Trigger-In:20	323	grating_off	staircase	12	red	right	unaware	1	0
1609.946	0.000	trigger_31	31	1609946	Trigger-In:31	323	targets_on_fp_color_change	staircase	12	red	right	unaware	1	0
1611.666	0.000	trigger_201	201	1611666	Trigger-In:201	323	trial_end_completed	staircase	12	red	right	unaware	1	0
1612.756	0.000	trigger_101	101	1612756	Trigger-In:101	324	trial_start	salient	0	red	right	unaware	1	0
1612.861	0.000	trigger_11	11	1612861	Trigger-In:11	324	fixation_point_on	salient	0	red	right	unaware	1	0
1613.486	0.000	trigger_21	21	1613486	Trigger-In:21	324	grating_on	salient	0	red	right	unaware	1	0
1613.541	0.000	trigger_20	20	1613541	Trigger-In:20	324	grating_off	salient	0	red	right	unaware	1	0
1614.176	0.000	trigger_31	31	1614176	Trigger-In:31	324	targets_on_fp_color_change	salient	0	red	right	unaware	1	0
1615.581	0.000	trigger_201	201	1615581	Trigger-In:201	324	trial_end_completed	salient	0	red	right	unaware	1	0
1616.671	0.000	trigger_101	101	1616671	Trigger-In:101	325	trial_start	staircase	13	red	right	unaware	1	0
1616.776	0.000	trigger_11	11	1616776	Trigger-In:11	325	fixation_point_on	staircase	13	red	right	unaware	1	0
1617.391	0.000	trigger_21	21	1617391	Trigger-In:21	325	grating_on	staircase	13	red	right	unaware	1	0
1617.451	0.000	trigger_20	20	1617451	Trigger-In:20	325	grating_off	staircase	13	red	right	unaware	1	0
1618.076	0.000	trigger_31	31	1618076	Trigger-In:31	325	targets_on_fp_color_change	staircase	13	red	right	unaware	1	0
1619.816	0.000	trigger_201	201	1619816	Trigger-In:201	325	trial_end_completed	staircase	13	red	right	unaware	1	0
1620.911	0.000	trigger_101	101	1620911	Trigger-In:101	326	trial_start	staircase	14	red	right	unaware	1	0
1621.011	0.000	trigger_11	11	1621011	Trigger-In:11	326	fixation_point_on	staircase	14	red	right	unaware	1	0
1621.631	0.000	trigger_21	21	1621631	Trigger-In:21	326	grating_on	staircase	14	red	right	unaware	1	0
1621.686	0.000	trigger_20	20	1621686	Trigger-In:20	326	grating_off	staircase	14	red	right	unaware	1	0
1622.311	0.000	trigger_31	31	1622311	Trigger-In:31	326	targets_on_fp_color_change	staircase	14	red	right	unaware	1	0
1623.391	0.000	trigger_201	201	1623391	Trigger-In:201	326	trial_end_completed	staircase	14	red	right	unaware	1	0
1624.476	0.000	trigger_101	101	1624476	Trigger-In:101	327	trial_start	absent	70	green	right	aware	1	0
1624.581	0.000	trigger_11	11	1624581	Trigger-In:11	327	fixation_point_on	absent	70	green	right	aware	1	0
1625.201	0.000	trigger_21	21	1625201	Trigger-In:21	327	grating_on	absent	70	green	right	aware	1	0
1625.256	0.000	trigger_20	20	1625256	Trigger-In:20	327	grating_off	absent	70	green	right	aware	1	0
1625.881	0.000	trigger_31	31	1625881	Trigger-In:31	327	targets_on_fp_color_change	absent	70	green	right	aware	1	0
1627.091	0.000	trigger_201	201	1627091	Trigger-In:201	327	trial_end_completed	absent	70	green	right	aware	1	0
1628.186	0.000	trigger_101	101	1628186	Trigger-In:101	328	trial_start	staircase	15	green	left	unaware	1	0
1628.296	0.000	trigger_11	11	1628296	Trigger-In:11	328	fixation_point_on	staircase	15	green	left	unaware	1	0
1628.916	0.000	trigger_21	21	1628916	Trigger-In:21	328	grating_on	staircase	15	green	left	unaware	1	0
1628.971	0.000	trigger_20	20	1628971	Trigger-In:20	328	grating_off	staircase	15	green	left	unaware	1	0
1629.591	0.000	trigger_31	31	1629591	Trigger-In:31	328	targets_on_fp_color_change	staircase	15	green	left	unaware	1	0
1630.516	0.000	trigger_201	201	1630516	Trigger-In:201	328	trial_end_completed	staircase	15	green	left	unaware	1	0
1631.606	0.000	trigger_101	101	1631606	Trigger-In:101	329	trial_start	salient	0	green	right	aware	1	0
1631.876	0.000	trigger_11	11	1631876	Trigger-In:11	329	fixation_point_on	salient	0	green	right	aware	1	0
1632.491	0.000	trigger_21	21	1632491	Trigger-In:21	329	grating_on	salient	0	green	right	aware	1	0
1632.546	0.000	trigger_20	20	1632546	Trigger-In:20	329	grating_off	salient	0	green	right	aware	1	0
1633.176	0.000	trigger_31	31	1633176	Trigger-In:31	329	targets_on_fp_color_change	salient	0	green	right	aware	1	0
1634.446	0.000	trigger_201	201	1634446	Trigger-In:201	329	trial_end_completed	salient	0	green	right	aware	1	0
1635.811	0.000	trigger_101	101	1635811	Trigger-In:101	330	trial_start	staircase	16	green	right	aware	1	0
1635.916	0.000	trigger_11	11	1635916	Trigger-In:11	330	fixation_point_on	staircase	16	green	right	aware	1	0
1636.531	0.000	trigger_21	21	1636531	Trigger-In:21	330	grating_on	staircase	16	green	right	aware	1	0
1636.591	0.000	trigger_20	20	1636591	Trigger-In:20	330	grating_off	staircase	16	green	right	aware	1	0
1637.211	0.000	trigger_31	31	1637211	Trigger-In:31	330	targets_on_fp_color_change	staircase	16	green	right	aware	1	0
1638.291	0.000	trigger_201	201	1638291	Trigger-In:201	330	trial_end_completed	staircase	16	green	right	aware	1	0
1639.376	0.000	trigger_101	101	1639376	Trigger-In:101	331	trial_start	staircase	15	red	right	unaware	1	0
1639.481	0.000	trigger_11	11	1639481	Trigger-In:11	331	fixation_point_on	staircase	15	red	right	unaware	1	0
1640.111	0.000	trigger_21	21	1640111	Trigger-In:21	331	grating_on	staircase	15	red	right	unaware	1	0
1640.166	0.000	trigger_20	20	1640166	Trigger-In:20	331	grating_off	staircase	15	red	right	unaware	1	0
1640.786	0.000	trigger_31	31	1640786	Trigger-In:31	331	targets_on_fp_color_change	staircase	15	red	right	unaware	1	0
1641.951	0.000	trigger_201	201	1641951	Trigger-In:201	331	trial_end_completed	staircase	15	red	right	unaware	1	0
1643.046	0.000	trigger_101	101	1643046	Trigger-In:101	332	trial_start	absent	70	red	left	aware	1	0
1643.151	0.000	trigger_11	11	1643151	Trigger-In:11	332	fixation_point_on	absent	70	red	left	aware	1	0
1643.776	0.000	trigger_21	21	1643776	Trigger-In:21	332	grating_on	absent	70	red	left	aware	1	0
1643.831	0.000	trigger_20	20	1643831	Trigger-In:20	332	grating_off	absent	70	red	left	aware	1	0
1644.456	0.000	trigger_31	31	1644456	Trigger-In:31	332	targets_on_fp_color_change	absent	70	red	left	aware	1	0
1645.236	0.000	trigger_201	201	1645236	Trigger-In:201	332	trial_end_completed	absent	70	red	left	aware	1	0
1646.321	0.000	trigger_101	101	1646321	Trigger-In:101	333	trial_start	staircase	16	red	left	aware	1	0
1646.431	0.000	trigger_11	11	1646431	Trigger-In:11	333	fixation_point_on	staircase	16	red	left	aware	1	0
1647.051	0.000	trigger_21	21	1647051	Trigger-In:21	333	grating_on	staircase	16	red	left	aware	1	0
1647.106	0.000	trigger_20	20	1647106	Trigger-In:20	333	grating_off	staircase	16	red	left	aware	1	0
1647.726	0.000	trigger_31	31	1647726	Trigger-In:31	333	targets_on_fp_color_change	staircase	16	red	left	aware	1	0
1648.311	0.000	trigger_201	201	1648311	Trigger-In:201	333	trial_end_completed	staircase	16	red	left	aware	1	0
1649.406	0.000	trigger_101	101	1649406	Trigger-In:101	334	trial_start	staircase	15	green	right	aware	1	0
1649.411	0.000	trigger_255	255	1649411	Trigger-In:255	334	n/a	staircase	15	green	right	aware	1	0
1649.591	0.000	trigger_11	11	1649591	Trigger-In:11	334	fixation_point_on	staircase	15	green	right	aware	1	0
1650.221	0.000	trigger_21	21	1650221	Trigger-In:21	334	grating_on	staircase	15	green	right	aware	1	0
1650.276	0.000	trigger_20	20	1650276	Trigger-In:20	334	grating_off	staircase	15	green	right	aware	1	0
1650.921	0.000	trigger_31	31	1650921	Trigger-In:31	334	targets_on_fp_color_change	staircase	15	green	right	aware	1	0
1651.626	0.000	trigger_201	201	1651626	Trigger-In:201	334	trial_end_completed	staircase	15	green	right	aware	1	0
1652.716	0.000	trigger_101	101	1652716	Trigger-In:101	335	trial_start	staircase	14	red	right	unaware	1	0
1652.856	0.000	trigger_11	11	1652856	Trigger-In:11	335	fixation_point_on	staircase	14	red	right	unaware	1	0
1653.476	0.000	trigger_21	21	1653476	Trigger-In:21	335	grating_on	staircase	14	red	right	unaware	1	0
1653.531	0.000	trigger_20	20	1653531	Trigger-In:20	335	grating_off	staircase	14	red	right	unaware	1	0
1654.156	0.000	trigger_31	31	1654156	Trigger-In:31	335	targets_on_fp_color_change	staircase	14	red	right	unaware	1	0
1655.751	0.000	trigger_201	201	1655751	Trigger-In:201	335	trial_end_completed	staircase	14	red	right	unaware	1	0
1656.841	0.000	trigger_101	101	1656841	Trigger-In:101	336	trial_start	staircase	15	red	left	aware	1	0
1657.021	0.000	trigger_11	11	1657021	Trigger-In:11	336	fixation_point_on	staircase	15	red	left	aware	1	0
1657.646	0.000	trigger_21	21	1657646	Trigger-In:21	336	grating_on	staircase	15	red	left	aware	1	0
1657.701	0.000	trigger_20	20	1657701	Trigger-In:20	336	grating_off	staircase	15	red	left	aware	1	0
1658.321	0.000	trigger_31	31	1658321	Trigger-In:31	336	targets_on_fp_color_change	staircase	15	red	left	aware	1	0
1659.071	0.000	trigger_201	201	1659071	Trigger-In:201	336	trial_end_completed	staircase	15	red	left	aware	1	0
1660.156	0.000	trigger_101	101	1660156	Trigger-In:101	337	trial_start	staircase	14	red	left	aware	1	0
1660.266	0.000	trigger_11	11	1660266	Trigger-In:11	337	fixation_point_on	staircase	14	red	left	aware	1	0
1660.886	0.000	trigger_21	21	1660886	Trigger-In:21	337	grating_on	staircase	14	red	left	aware	1	0
1660.946	0.000	trigger_20	20	1660946	Trigger-In:20	337	grating_off	staircase	14	red	left	aware	1	0
1661.571	0.000	trigger_31	31	1661571	Trigger-In:31	337	targets_on_fp_color_change	staircase	14	red	left	aware	1	0
1662.306	0.000	trigger_201	201	1662306	Trigger-In:201	337	trial_end_completed	staircase	14	red	left	aware	1	0
1663.401	0.000	trigger_101	101	1663401	Trigger-In:101	338	trial_start	staircase	13	red	left	aware	1	0
1663.506	0.000	trigger_11	11	1663506	Trigger-In:11	338	fixation_point_on	staircase	13	red	left	aware	1	0
1664.121	0.000	trigger_21	21	1664121	Trigger-In:21	338	grating_on	staircase	13	red	left	aware	1	0
1664.176	0.000	trigger_20	20	1664176	Trigger-In:20	338	grating_off	staircase	13	red	left	aware	1	0
1664.796	0.000	trigger_31	31	1664796	Trigger-In:31	338	targets_on_fp_color_change	staircase	13	red	left	aware	1	0
1665.481	0.000	trigger_201	201	1665481	Trigger-In:201	338	trial_end_completed	staircase	13	red	left	aware	1	0
1666.576	0.000	trigger_101	101	1666576	Trigger-In:101	339	trial_start	salient	0	green	left	unaware	1	0
1666.681	0.000	trigger_11	11	1666681	Trigger-In:11	339	fixation_point_on	salient	0	green	left	unaware	1	0
1667.296	0.000	trigger_21	21	1667296	Trigger-In:21	339	grating_on	salient	0	green	left	unaware	1	0
1667.351	0.000	trigger_20	20	1667351	Trigger-In:20	339	grating_off	salient	0	green	left	unaware	1	0
1667.976	0.000	trigger_31	31	1667976	Trigger-In:31	339	targets_on_fp_color_change	salient	0	green	left	unaware	1	0
1669.821	0.000	trigger_201	201	1669821	Trigger-In:201	339	trial_end_completed	salient	0	green	left	unaware	1	0
1670.911	0.000	trigger_101	101	1670911	Trigger-In:101	340	trial_start	salient	0	red	right	unaware	1	0
1671.016	0.000	trigger_11	11	1671016	Trigger-In:11	340	fixation_point_on	salient	0	red	right	unaware	1	0
1671.641	0.000	trigger_21	21	1671641	Trigger-In:21	340	grating_on	salient	0	red	right	unaware	1	0
1671.696	0.000	trigger_20	20	1671696	Trigger-In:20	340	grating_off	salient	0	red	right	unaware	1	0
1672.321	0.000	trigger_31	31	1672321	Trigger-In:31	340	targets_on_fp_color_change	salient	0	red	right	unaware	1	0
1673.246	0.000	trigger_201	201	1673246	Trigger-In:201	340	trial_end_completed	salient	0	red	right	unaware	1	0
1674.341	0.000	trigger_101	101	1674341	Trigger-In:101	341	trial_start	staircase	12	green	left	unaware	1	0
1674.441	0.000	trigger_11	11	1674441	Trigger-In:11	341	fixation_point_on	staircase	12	green	left	unaware	1	0
1675.066	0.000	trigger_21	21	1675066	Trigger-In:21	341	grating_on	staircase	12	green	left	unaware	1	0
1675.121	0.000	trigger_20	20	1675121	Trigger-In:20	341	grating_off	staircase	12	green	left	unaware	1	0
1675.746	0.000	trigger_31	31	1675746	Trigger-In:31	341	targets_on_fp_color_change	staircase	12	green	left	unaware	1	0
1677.081	0.000	trigger_201	201	1677081	Trigger-In:201	341	trial_end_completed	staircase	12	green	left	unaware	1	0
1678.171	0.000	trigger_101	101	1678171	Trigger-In:101	342	trial_start	staircase	13	green	left	unaware	1	0
1678.276	0.000	trigger_11	11	1678276	Trigger-In:11	342	fixation_point_on	staircase	13	green	left	unaware	1	0
1678.896	0.000	trigger_21	21	1678896	Trigger-In:21	342	grating_on	staircase	13	green	left	unaware	1	0
1678.951	0.000	trigger_20	20	1678951	Trigger-In:20	342	grating_off	staircase	13	green	left	unaware	1	0
1679.576	0.000	trigger_31	31	1679576	Trigger-In:31	342	targets_on_fp_color_change	staircase	13	green	left	unaware	1	0
1680.706	0.000	trigger_201	201	1680706	Trigger-In:201	342	trial_end_completed	staircase	13	green	left	unaware	1	0
1681.801	0.000	trigger_101	101	1681801	Trigger-In:101	343	trial_start	salient	0	green	left	unaware	1	0
1681.986	0.000	trigger_11	11	1681986	Trigger-In:11	343	fixation_point_on	salient	0	green	left	unaware	1	0
1682.606	0.000	trigger_21	21	1682606	Trigger-In:21	343	grating_on	salient	0	green	left	unaware	1	0
1682.666	0.000	trigger_20	20	1682666	Trigger-In:20	343	grating_off	salient	0	green	left	unaware	1	0
1683.291	0.000	trigger_31	31	1683291	Trigger-In:31	343	targets_on_fp_color_change	salient	0	green	left	unaware	1	0
1684.226	0.000	trigger_201	201	1684226	Trigger-In:201	343	trial_end_completed	salient	0	green	left	unaware	1	0
1685.316	0.000	trigger_101	101	1685316	Trigger-In:101	344	trial_start	staircase	14	green	right	aware	1	0
1685.421	0.000	trigger_11	11	1685421	Trigger-In:11	344	fixation_point_on	staircase	14	green	right	aware	1	0
1686.041	0.000	trigger_21	21	1686041	Trigger-In:21	344	grating_on	staircase	14	green	right	aware	1	0
1686.101	0.000	trigger_20	20	1686101	Trigger-In:20	344	grating_off	staircase	14	green	right	aware	1	0
1686.726	0.000	trigger_31	31	1686726	Trigger-In:31	344	targets_on_fp_color_change	staircase	14	green	right	aware	1	0
1687.651	0.000	trigger_201	201	1687651	Trigger-In:201	344	trial_end_completed	staircase	14	green	right	aware	1	0
1688.736	0.000	trigger_101	101	1688736	Trigger-In:101	345	trial_start	staircase	13	green	left	unaware	1	0
1688.846	0.000	trigger_11	11	1688846	Trigger-In:11	345	fixation_point_on	staircase	13	green	left	unaware	1	0
1689.466	0.000	trigger_21	21	1689466	Trigger-In:21	345	grating_on	staircase	13	green	left	unaware	1	0
1689.521	0.000	trigger_20	20	1689521	Trigger-In:20	345	grating_off	staircase	13	green	left	unaware	1	0
1690.146	0.000	trigger_31	31	1690146	Trigger-In:31	345	targets_on_fp_color_change	staircase	13	green	left	unaware	1	0
1691.091	0.000	trigger_201	201	1691091	Trigger-In:201	345	trial_end_completed	staircase	13	green	left	unaware	1	0
1692.181	0.000	trigger_101	101	1692181	Trigger-In:101	346	trial_start	staircase	14	red	right	unaware	1	0
1692.286	0.000	trigger_11	11	1692286	Trigger-In:11	346	fixation_point_on	staircase	14	red	right	unaware	1	0
1692.906	0.000	trigger_21	21	1692906	Trigger-In:21	346	grating_on	staircase	14	red	right	unaware	1	0
1692.961	0.000	trigger_20	20	1692961	Trigger-In:20	346	grating_off	staircase	14	red	right	unaware	1	0
1693.586	0.000	trigger_31	31	1693586	Trigger-In:31	346	targets_on_fp_color_change	staircase	14	red	right	unaware	1	0
1694.966	0.000	trigger_201	201	1694966	Trigger-In:201	346	trial_end_completed	staircase	14	red	right	unaware	1	0
1696.061	0.000	trigger_101	101	1696061	Trigger-In:101	347	trial_start	salient	0	green	left	unaware	1	0
1696.281	0.000	trigger_11	11	1696281	Trigger-In:11	347	fixation_point_on	salient	0	green	left	unaware	1	0
1696.906	0.000	trigger_21	21	1696906	Trigger-In:21	347	grating_on	salient	0	green	left	unaware	1	0
1696.956	0.000	trigger_20	20	1696956	Trigger-In:20	347	grating_off	salient	0	green	left	unaware	1	0
1697.581	0.000	trigger_31	31	1697581	Trigger-In:31	347	targets_on_fp_color_change	salient	0	green	left	unaware	1	0
1698.986	0.000	trigger_201	201	1698986	Trigger-In:201	347	trial_end_completed	salient	0	green	left	unaware	1	0
1700.076	0.000	trigger_101	101	1700076	Trigger-In:101	348	trial_start	staircase	15	red	left	aware	1	0
1700.181	0.000	trigger_11	11	1700181	Trigger-In:11	348	fixation_point_on	staircase	15	red	left	aware	1	0
1700.811	0.000	trigger_21	21	1700811	Trigger-In:21	348	grating_on	staircase	15	red	left	aware	1	0
1700.866	0.000	trigger_20	20	1700866	Trigger-In:20	348	grating_off	staircase	15	red	left	aware	1	0
1701.491	0.000	trigger_31	31	1701491	Trigger-In:31	348	targets_on_fp_color_change	staircase	15	red	left	aware	1	0
1703.246	0.000	trigger_201	201	1703246	Trigger-In:201	348	trial_end_completed	staircase	15	red	left	aware	1	0
1704.336	0.000	trigger_101	101	1704336	Trigger-In:101	349	trial_start	staircase	14	green	left	unaware	1	0
1704.446	0.000	trigger_11	11	1704446	Trigger-In:11	349	fixation_point_on	staircase	14	green	left	unaware	1	0
1705.071	0.000	trigger_21	21	1705071	Trigger-In:21	349	grating_on	staircase	14	green	left	unaware	1	0
1705.126	0.000	trigger_20	20	1705126	Trigger-In:20	349	grating_off	staircase	14	green	left	unaware	1	0
1705.751	0.000	trigger_31	31	1705751	Trigger-In:31	349	targets_on_fp_color_change	staircase	14	green	left	unaware	1	0
1706.746	0.000	trigger_201	201	1706746	Trigger-In:201	349	trial_end_completed	staircase	14	green	left	unaware	1	0
1707.836	0.000	trigger_101	101	1707836	Trigger-In:101	350	trial_start	staircase	15	green	left	unaware	1	0
1707.941	0.000	trigger_11	11	1707941	Trigger-In:11	350	fixation_point_on	staircase	15	green	left	unaware	1	0
1708.571	0.000	trigger_21	21	1708571	Trigger-In:21	350	grating_on	staircase	15	green	left	unaware	1	0
1708.626	0.000	trigger_20	20	1708626	Trigger-In:20	350	grating_off	staircase	15	green	left	unaware	1	0
1709.251	0.000	trigger_31	31	1709251	Trigger-In:31	350	targets_on_fp_color_change	staircase	15	green	left	unaware	1	0
1710.681	0.000	trigger_201	201	1710681	Trigger-In:201	350	trial_end_completed	staircase	15	green	left	unaware	1	0
1711.771	0.000	trigger_101	101	1711771	Trigger-In:101	351	trial_start	staircase	16	red	right	unaware	1	0
1711.876	0.000	trigger_11	11	1711876	Trigger-In:11	351	fixation_point_on	staircase	16	red	right	unaware	1	0
1712.501	0.000	trigger_21	21	1712501	Trigger-In:21	351	grating_on	staircase	16	red	right	unaware	1	0
1712.561	0.000	trigger_20	20	1712561	Trigger-In:20	351	grating_off	staircase	16	red	right	unaware	1	0
1713.191	0.000	trigger_31	31	1713191	Trigger-In:31	351	targets_on_fp_color_change	staircase	16	red	right	unaware	1	0
1714.206	0.000	trigger_201	201	1714206	Trigger-In:201	351	trial_end_completed	staircase	16	red	right	unaware	1	0
1715.296	0.000	trigger_101	101	1715296	Trigger-In:101	352	trial_start	staircase	17	red	right	unaware	1	0
1715.401	0.000	trigger_11	11	1715401	Trigger-In:11	352	fixation_point_on	staircase	17	red	right	unaware	1	0
1716.021	0.000	trigger_21	21	1716021	Trigger-In:21	352	grating_on	staircase	17	red	right	unaware	1	0
1716.076	0.000	trigger_20	20	1716076	Trigger-In:20	352	grating_off	staircase	17	red	right	unaware	1	0
1716.701	0.000	trigger_31	31	1716701	Trigger-In:31	352	targets_on_fp_color_change	staircase	17	red	right	unaware	1	0
1717.551	0.000	trigger_201	201	1717551	Trigger-In:201	352	trial_end_completed	staircase	17	red	right	unaware	1	0
1718.636	0.000	trigger_101	101	1718636	Trigger-In:101	353	trial_start	absent	70	green	left	unaware	1	0
1718.741	0.000	trigger_11	11	1718741	Trigger-In:11	353	fixation_point_on	absent	70	green	left	unaware	1	0
1719.366	0.000	trigger_21	21	1719366	Trigger-In:21	353	grating_on	absent	70	green	left	unaware	1	0
1719.421	0.000	trigger_20	20	1719421	Trigger-In:20	353	grating_off	absent	70	green	left	unaware	1	0
1720.046	0.000	trigger_31	31	1720046	Trigger-In:31	353	targets_on_fp_color_change	absent	70	green	left	unaware	1	0
1720.746	0.000	trigger_201	201	1720746	Trigger-In:201	353	trial_end_completed	absent	70	green	left	unaware	1	0
1722.106	0.000	trigger_101	101	1722106	Trigger-In:101	354	trial_start	staircase	18	red	left	aware	1	0
1722.216	0.000	trigger_11	11	1722216	Trigger-In:11	354	fixation_point_on	staircase	18	red	left	aware	1	0
1722.841	0.000	trigger_21	21	1722841	Trigger-In:21	354	grating_on	staircase	18	red	left	aware	1	0
1722.896	0.000	trigger_20	20	1722896	Trigger-In:20	354	grating_off	staircase	18	red	left	aware	1	0
1723.521	0.000	trigger_31	31	1723521	Trigger-In:31	354	targets_on_fp_color_change	staircase	18	red	left	aware	1	0
1724.231	0.000	trigger_201	201	1724231	Trigger-In:201	354	trial_end_completed	staircase	18	red	left	aware	1	0
1725.321	0.000	trigger_101	101	1725321	Trigger-In:101	355	trial_start	salient	0	red	right	unaware	1	0
1725.426	0.000	trigger_11	11	1725426	Trigger-In:11	355	fixation_point_on	salient	0	red	right	unaware	1	0
1726.051	0.000	trigger_21	21	1726051	Trigger-In:21	355	grating_on	salient	0	red	right	unaware	1	0
1726.106	0.000	trigger_20	20	1726106	Trigger-In:20	355	grating_off	salient	0	red	right	unaware	1	0
1726.736	0.000	trigger_31	31	1726736	Trigger-In:31	355	targets_on_fp_color_change	salient	0	red	right	unaware	1	0
1728.116	0.000	trigger_201	201	1728116	Trigger-In:201	355	trial_end_completed	salient	0	red	right	unaware	1	0
1729.206	0.000	trigger_101	101	1729206	Trigger-In:101	356	trial_start	staircase	17	red	left	aware	1	0
1729.386	0.000	trigger_11	11	1729386	Trigger-In:11	356	fixation_point_on	staircase	17	red	left	aware	1	0
1730.011	0.000	trigger_21	21	1730011	Trigger-In:21	356	grating_on	staircase	17	red	left	aware	1	0
1730.066	0.000	trigger_20	20	1730066	Trigger-In:20	356	grating_off	staircase	17	red	left	aware	1	0
1730.696	0.000	trigger_31	31	1730696	Trigger-In:31	356	targets_on_fp_color_change	staircase	17	red	left	aware	1	0
1731.626	0.000	trigger_201	201	1731626	Trigger-In:201	356	trial_end_completed	staircase	17	red	left	aware	1	0
1732.716	0.000	trigger_101	101	1732716	Trigger-In:101	357	trial_start	staircase	16	green	left	unaware	1	0
1732.821	0.000	trigger_11	11	1732821	Trigger-In:11	357	fixation_point_on	staircase	16	green	left	unaware	1	0
1733.446	0.000	trigger_21	21	1733446	Trigger-In:21	357	grating_on	staircase	16	green	left	unaware	1	0
1733.501	0.000	trigger_20	20	1733501	Trigger-In:20	357	grating_off	staircase	16	green	left	unaware	1	0
1734.126	0.000	trigger_31	31	1734126	Trigger-In:31	357	targets_on_fp_color_change	staircase	16	green	left	unaware	1	0
1735.451	0.000	trigger_201	201	1735451	Trigger-In:201	357	trial_end_completed	staircase	16	green	left	unaware	1	0
1736.541	0.000	trigger_101	101	1736541	Trigger-In:101	358	trial_start	staircase	17	red	right	unaware	1	0
1736.651	0.000	trigger_11	11	1736651	Trigger-In:11	358	fixation_point_on	staircase	17	red	right	unaware	1	0
1737.271	0.000	trigger_21	21	1737271	Trigger-In:21	358	grating_on	staircase	17	red	right	unaware	1	0
1737.326	0.000	trigger_20	20	1737326	Trigger-In:20	358	grating_off	staircase	17	red	right	unaware	1	0
1737.946	0.000	trigger_31	31	1737946	Trigger-In:31	358	targets_on_fp_color_change	staircase	17	red	right	unaware	1	0
1739.181	0.000	trigger_201	201	1739181	Trigger-In:201	358	trial_end_completed	staircase	17	red	right	unaware	1	0
1740.271	0.000	trigger_101	101	1740271	Trigger-In:101	359	trial_start	staircase	18	green	right	aware	1	0
1740.411	0.000	trigger_11	11	1740411	Trigger-In:11	359	fixation_point_on	staircase	18	green	right	aware	1	0
1741.031	0.000	trigger_21	21	1741031	Trigger-In:21	359	grating_on	staircase	18	green	right	aware	1	0
1741.086	0.000	trigger_20	20	1741086	Trigger-In:20	359	grating_off	staircase	18	green	right	aware	1	0
1741.711	0.000	trigger_31	31	1741711	Trigger-In:31	359	targets_on_fp_color_change	staircase	18	green	right	aware	1	0
1742.776	0.000	trigger_201	201	1742776	Trigger-In:201	359	trial_end_completed	staircase	18	green	right	aware	1	0
1743.871	0.000	trigger_101	101	1743871	Trigger-In:101	360	trial_start	staircase	17	green	left	unaware	1	0
1743.976	0.000	trigger_11	11	1743976	Trigger-In:11	360	fixation_point_on	staircase	17	green	left	unaware	1	0
1744.606	0.000	trigger_21	21	1744606	Trigger-In:21	360	grating_on	staircase	17	green	left	unaware	1	0
1744.661	0.000	trigger_20	20	1744661	Trigger-In:20	360	grating_off	staircase	17	green	left	unaware	1	0
1745.286	0.000	trigger_31	31	1745286	Trigger-In:31	360	targets_on_fp_color_change	staircase	17	green	left	unaware	1	0
1746.256	0.000	trigger_201	201	1746256	Trigger-In:201	360	trial_end_completed	staircase	17	green	left	unaware	1	0
