onset	duration	trial_type	value	sample	source_annotation	trial	event_name	stim_presence	contrast	fp_color	response	awareness	trial_complete	fixation_break
187.066	0.000	trigger_101	101	187066	Trigger-In:101	1	trial_start	salient	0	red	left	aware	1	0
187.071	0.000	trigger_255	255	187071	Trigger-In:255	1	n/a	salient	0	red	left	aware	1	0
187.351	0.000	trigger_11	11	187351	Trigger-In:11	1	fixation_point_on	salient	0	red	left	aware	1	0
188.106	0.000	trigger_21	21	188106	Trigger-In:21	1	grating_on	salient	0	red	left	aware	1	0
188.181	0.000	trigger_20	20	188181	Trigger-In:20	1	grating_off	salient	0	red	left	aware	1	0
188.866	0.000	trigger_31	31	188866	Trigger-In:31	1	targets_on_fp_color_change	salient	0	red	left	aware	1	0
190.076	0.000	trigger_201	201	190076	Trigger-In:201	1	trial_end_completed	salient	0	red	left	aware	1	0
191.846	0.000	trigger_101	101	191846	Trigger-In:101	2	trial_start	staircase	18	red	right	unaware	1	0
192.081	0.000	trigger_11	11	192081	Trigger-In:11	2	fixation_point_on	staircase	18	red	right	unaware	1	0
192.716	0.000	trigger_21	21	192716	Trigger-In:21	2	grating_on	staircase	18	red	right	unaware	1	0
192.776	0.000	trigger_20	20	192776	Trigger-In:20	2	grating_off	staircase	18	red	right	unaware	1	0
193.416	0.000	trigger_31	31	193416	Trigger-In:31	2	targets_on_fp_color_change	staircase	18	red	right	unaware	1	0
194.176	0.000	trigger_201	201	194176	Trigger-In:201	2	trial_end_completed	staircase	18	red	right	unaware	1	0
195.271	0.000	trigger_101	101	195271	Trigger-In:101	3	trial_start	staircase	19	red	left	aware	1	0
195.651	0.000	trigger_11	11	195651	Trigger-In:11	3	fixation_point_on	staircase	19	red	left	aware	1	0
196.296	0.000	trigger_21	21	196296	Trigger-In:21	3	grating_on	staircase	19	red	left	aware	1	0
196.351	0.000	trigger_20	20	196351	Trigger-In:20	3	grating_off	staircase	19	red	left	aware	1	0
196.996	0.000	trigger_31	31	196996	Trigger-In:31	3	targets_on_fp_color_change	staircase	19	red	left	aware	1	0
198.061	0.000	trigger_201	201	198061	Trigger-In:201	3	trial_end_completed	staircase	19	red	left	aware	1	0
199.161	0.000	trigger_101	101	199161	Trigger-In:101	4	trial_start	staircase	18	green	right	aware	1	0
199.261	0.000	trigger_11	11	199261	Trigger-In:11	4	fixation_point_on	staircase	18	green	right	aware	1	0
199.891	0.000	trigger_21	21	199891	Trigger-In:21	4	grating_on	staircase	18	green	right	aware	1	0
199.966	0.000	trigger_20	20	199966	Trigger-In:20	4	grating_off	staircase	18	green	right	aware	1	0
200.611	0.000	trigger_31	31	200611	Trigger-In:31	4	targets_on_fp_color_change	staircase	18	green	right	aware	1	0
201.641	0.000	trigger_201	201	201641	Trigger-In:201	4	trial_end_completed	staircase	18	green	right	aware	1	0
202.751	0.000	trigger_101	101	202751	Trigger-In:101	5	trial_start	staircase	17	green	right	aware	1	0
202.856	0.000	trigger_11	11	202856	Trigger-In:11	5	fixation_point_on	staircase	17	green	right	aware	1	0
203.501	0.000	trigger_21	21	203501	Trigger-In:21	5	grating_on	staircase	17	green	right	aware	1	0
203.566	0.000	trigger_20	20	203566	Trigger-In:20	5	grating_off	staircase	17	green	right	aware	1	0
204.226	0.000	trigger_31	31	204226	Trigger-In:31	5	targets_on_fp_color_change	staircase	17	green	right	aware	1	0
204.926	0.000	trigger_201	201	204926	Trigger-In:201	5	trial_end_completed	staircase	17	green	right	aware	1	0
206.051	0.000	trigger_101	101	206051	Trigger-In:101	6	trial_start	staircase	16	green	right	aware	1	0
206.156	0.000	trigger_11	11	206156	Trigger-In:11	6	fixation_point_on	staircase	16	green	right	aware	1	0
206.796	0.000	trigger_21	21	206796	Trigger-In:21	6	grating_on	staircase	16	green	right	aware	1	0
206.856	0.000	trigger_20	20	206856	Trigger-In:20	6	grating_off	staircase	16	green	right	aware	1	0
207.496	0.000	trigger_31	31	207496	Trigger-In:31	6	targets_on_fp_color_change	staircase	16	green	right	aware	1	0
208.056	0.000	trigger_201	201	208056	Trigger-In:201	6	trial_end_completed	staircase	16	green	right	aware	1	0
209.151	0.000	trigger_101	101	209151	Trigger-In:101	7	trial_start	absent	70	red	left	aware	1	0
209.251	0.000	trigger_11	11	209251	Trigger-In:11	7	fixation_point_on	absent	70	red	left	aware	1	0
209.881	0.000	trigger_21	21	209881	Trigger-In:21	7	grating_on	absent	70	red	left	aware	1	0
209.941	0.000	trigger_20	20	209941	Trigger-In:20	7	grating_off	absent	70	red	left	aware	1	0
210.576	0.000	trigger_31	31	210576	Trigger-In:31	7	targets_on_fp_color_change	absent	70	red	left	aware	1	0
211.216	0.000	trigger_201	201	211216	Trigger-In:201	7	trial_end_completed	absent	70	red	left	aware	1	0
212.311	0.000	trigger_101	101	212311	Trigger-In:101	8	trial_start	staircase	15	green	right	aware	1	0
212.416	0.000	trigger_11	11	212416	Trigger-In:11	8	fixation_point_on	staircase	15	green	right	aware	1	0
213.046	0.000	trigger_21	21	213046	Trigger-In:21	8	grating_on	staircase	15	green	right	aware	1	0
213.101	0.000	trigger_20	20	213101	Trigger-In:20	8	grating_off	staircase	15	green	right	aware	1	0
213.741	0.000	trigger_31	31	213741	Trigger-In:31	8	targets_on_fp_color_change	staircase	15	green	right	aware	1	0
214.471	0.000	trigger_201	201	214471	Trigger-In:201	8	trial_end_completed	staircase	15	green	right	aware	1	0
215.566	0.000	trigger_101	101	215566	Trigger-In:101	9	trial_start	salient	0	red	left	aware	1	0
215.686	0.000	trigger_11	11	215686	Trigger-In:11	9	fixation_point_on	salient	0	red	left	aware	1	0
216.346	0.000	trigger_21	21	216346	Trigger-In:21	9	grating_on	salient	0	red	left	aware	1	0
216.406	0.000	trigger_20	20	216406	Trigger-In:20	9	grating_off	salient	0	red	left	aware	1	0
217.071	0.000	trigger_31	31	217071	Trigger-In:31	9	targets_on_fp_color_change	salient	0	red	left	aware	1	0
218.071	0.000	trigger_201	201	218071	Trigger-In:201	9	trial_end_completed	salient	0	red	left	aware	1	0
219.436	0.000	trigger_101	101	219436	Trigger-In:101	10	trial_start	staircase	14	red	left	aware	1	0
219.541	0.000	trigger_11	11	219541	Trigger-In:11	10	fixation_point_on	staircase	14	red	left	aware	1	0
220.196	0.000	trigger_21	21	220196	Trigger-In:21	10	grating_on	staircase	14	red	left	aware	1	0
220.251	0.000	trigger_20	20	220251	Trigger-In:20	10	grating_off	staircase	14	red	left	aware	1	0
220.891	0.000	trigger_31	31	220891	Trigger-In:31	10	targets_on_fp_color_change	staircase	14	red	left	aware	1	0
221.546	0.000	trigger_201	201	221546	Trigger-In:201	10	trial_end_completed	staircase	14	red	left	aware	1	0
222.641	0.000	trigger_101	101	222641	Trigger-In:101	11	trial_start	staircase	13	red	left	aware	1	0
222.746	0.000	trigger_11	11	222746	Trigger-In:11	11	fixation_point_on	staircase	13	red	left	aware	1	0
223.376	0.000	trigger_21	21	223376	Trigger-In:21	11	grating_on	staircase	13	red	left	aware	1	0
223.431	0.000	trigger_20	20	223431	Trigger-In:20	11	grating_off	staircase	13	red	left	aware	1	0
224.061	0.000	trigger_31	31	224061	Trigger-In:31	11	targets_on_fp_color_change	staircase	13	red	left	aware	1	0
224.676	0.000	trigger_201	201	224676	Trigger-In:201	11	trial_end_completed	staircase	13	red	left	aware	1	0
225.771	0.000	trigger_101	101	225771	Trigger-In:101	12	trial_start	salient	0	red	right	unaware	1	0
225.971	0.000	trigger_11	11	225971	Trigger-In:11	12	fixation_point_on	salient	0	red	right	unaware	1	0
226.606	0.000	trigger_21	21	226606	Trigger-In:21	12	grating_on	salient	0	red	right	unaware	1	0
226.661	0.000	trigger_20	20	226661	Trigger-In:20	12	grating_off	salient	0	red	right	unaware	1	0
227.296	0.000	trigger_31	31	227296	Trigger-In:31	12	targets_on_fp_color_change	salient	0	red	right	unaware	1	0
228.166	0.000	trigger_201	201	228166	Trigger-In:201	12	trial_end_completed	salient	0	red	right	unaware	1	0
229.261	0.000	trigger_101	101	229261	Trigger-In:101	13	trial_start	staircase	12	red	left	aware	1	0
229.371	0.000	trigger_11	11	229371	Trigger-In:11	13	fixation_point_on	staircase	12	red	left	aware	1	0
230.001	0.000	trigger_21	21	230001	Trigger-In:21	13	grating_on	staircase	12	red	left	aware	1	0
230.056	0.000	trigger_20	20	230056	Trigger-In:20	13	grating_off	staircase	12	red	left	aware	1	0
230.696	0.000	trigger_31	31	230696	Trigger-In:31	13	targets_on_fp_color_change	staircase	12	red	left	aware	1	0
231.361	0.000	trigger_201	201	231361	Trigger-In:201	13	trial_end_completed	staircase	12	red	left	aware	1	0
232.466	0.000	trigger_101	101	232466	Trigger-In:101	14	trial_start	staircase	11	red	left	aware	1	0
232.581	0.000	trigger_11	11	232581	Trigger-In:11	14	fixation_point_on	staircase	11	red	left	aware	1	0
233.201	0.000	trigger_21	21	233201	Trigger-In:21	14	grating_on	staircase	11	red	left	aware	1	0
233.256	0.000	trigger_20	20	233256	Trigger-In:20	14	grating_off	staircase	11	red	left	aware	1	0
233.891	0.000	trigger_31	31	233891	Trigger-In:31	14	targets_on_fp_color_change	staircase	11	red	left	aware	1	0
234.516	0.000	trigger_201	201	234516	Trigger-In:201	14	trial_end_completed	staircase	11	red	left	aware	1	0
235.616	0.000	trigger_101	101	235616	Trigger-In:101	15	trial_start	staircase	10	red	left	aware	1	0
235.726	0.000	trigger_11	11	235726	Trigger-In:11	15	fixation_point_on	staircase	10	red	left	aware	1	0
236.356	0.000	trigger_21	21	236356	Trigger-In:21	15	grating_on	staircase	10	red	left	aware	1	0
236.416	0.000	trigger_20	20	236416	Trigger-In:20	15	grating_off	staircase	10	red	left	aware	1	0
237.046	0.000	trigger_31	31	237046	Trigger-In:31	15	targets_on_fp_color_change	staircase	10	red	left	aware	1	0
237.716	0.000	trigger_201	201	237716	Trigger-In:201	15	trial_end_completed	staircase	10	red	left	aware	1	0
238.816	0.000	trigger_101	101	238816	Trigger-In:101	16	trial_start	salient	0	red	right	unaware	1	0
238.921	0.000	trigger_11	11	238921	Trigger-In:11	16	fixation_point_on	salient	0	red	right	unaware	1	0
239.556	0.000	trigger_21	21	239556	Trigger-In:21	16	grating_on	salient	0	red	right	unaware	1	0
239.616	0.000	trigger_20	20	239616	Trigger-In:20	16	grating_off	salient	0	red	right	unaware	1	0
240.246	0.000	trigger_31	31	240246	Trigger-In:31	16	targets_on_fp_color_change	salient	0	red	right	unaware	1	0
241.376	0.000	trigger_201	201	241376	Trigger-In:201	16	trial_end_completed	salient	0	red	right	unaware	1	0
242.476	0.000	trigger_101	101	242476	Trigger-In:101	17	trial_start	staircase	9	red	left	aware	1	0
242.661	0.000	trigger_11	11	242661	Trigger-In:11	17	fixation_point_on	staircase	9	red	left	aware	1	0
243.296	0.000	trigger_21	21	243296	Trigger-In:21	17	grating_on	staircase	9	red	left	aware	1	0
243.361	0.000	trigger_20	20	243361	Trigger-In:20	17	grating_off	staircase	9	red	left	aware	1	0
243.996	0.000	trigger_31	31	243996	Trigger-In:31	17	targets_on_fp_color_change	staircase	9	red	left	aware	1	0
244.666	0.000	trigger_201	201	244666	Trigger-In:201	17	trial_end_completed	staircase	9	red	left	aware	1	0
245.761	0.000	trigger_101	101	245761	Trigger-In:101	18	trial_start	staircase	8	green	right	aware	1	0
245.876	0.000	trigger_11	11	245876	Trigger-In:11	18	fixation_point_on	staircase	8	green	right	aware	1	0
246.506	0.000	trigger_21	21	246506	Trigger-In:21	18	grating_on	staircase	8	green	right	aware	1	0
246.561	0.000	trigger_20	20	246561	Trigger-In:20	18	grating_off	staircase	8	green	right	aware	1	0
247.206	0.000	trigger_31	31	247206	Trigger-In:31	18	targets_on_fp_color_change	staircase	8	green	right	aware	1	0
247.971	0.000	trigger_201	201	247971	Trigger-In:201	18	trial_end_completed	staircase	8	green	right	aware	1	0
249.066	0.000	trigger_101	101	249066	Trigger-In:101	19	trial_start	staircase	7	green	n/a	n/a	0	1
249.171	0.000	trigger_11	11	249171	Trigger-In:11	19	fixation_point_on	staircase	7	green	n/a	n/a	0	1
249.501	0.000	trigger_204	204	249501	Trigger-In:204	19	trial_end_fixation_break	staircase	7	green	n/a	n/a	0	1
251.301	0.000	trigger_101	101	251301	Trigger-In:101	20	trial_start	absent	70	red	left	aware	1	0
251.411	0.000	trigger_11	11	251411	Trigger-In:11	20	fixation_point_on	absent	70	red	left	aware	1	0
252.046	0.000	trigger_21	21	252046	Trigger-In:21	20	grating_on	absent	70	red	left	aware	1	0
252.106	0.000	trigger_20	20	252106	Trigger-In:20	20	grating_off	absent	70	red	left	aware	1	0
252.746	0.000	trigger_31	31	252746	Trigger-In:31	20	targets_on_fp_color_change	absent	70	red	left	aware	1	0
253.466	0.000	trigger_201	201	253466	Trigger-In:201	20	trial_end_completed	absent	70	red	left	aware	1	0
254.566	0.000	trigger_101	101	254566	Trigger-In:101	21	trial_start	salient	0	red	left	aware	1	0
254.676	0.000	trigger_11	11	254676	Trigger-In:11	21	fixation_point_on	salient	0	red	left	aware	1	0
255.301	0.000	trigger_21	21	255301	Trigger-In:21	21	grating_on	salient	0	red	left	aware	1	0
255.356	0.000	trigger_20	20	255356	Trigger-In:20	21	grating_off	salient	0	red	left	aware	1	0
256.001	0.000	trigger_31	31	256001	Trigger-In:31	21	targets_on_fp_color_change	salient	0	red	left	aware	1	0
256.731	0.000	trigger_201	201	256731	Trigger-In:201	21	trial_end_completed	salient	0	red	left	aware	1	0
258.101	0.000	trigger_101	101	258101	Trigger-In:101	22	trial_start	staircase	7	green	right	aware	1	0
258.206	0.000	trigger_11	11	258206	Trigger-In:11	22	fixation_point_on	staircase	7	green	right	aware	1	0
258.836	0.000	trigger_21	21	258836	Trigger-In:21	22	grating_on	staircase	7	green	right	aware	1	0
258.896	0.000	trigger_20	20	258896	Trigger-In:20	22	grating_off	staircase	7	green	right	aware	1	0
259.531	0.000	trigger_31	31	259531	Trigger-In:31	22	targets_on_fp_color_change	staircase	7	green	right	aware	1	0
260.246	0.000	trigger_201	201	260246	Trigger-In:201	22	trial_end_completed	staircase	7	green	right	aware	1	0
261.341	0.000	trigger_101	101	261341	Trigger-In:101	23	trial_start	salient	0	red	left	aware	1	0
261.446	0.000	trigger_11	11	261446	Trigger-In:11	23	fixation_point_on	salient	0	red	left	aware	1	0
262.076	0.000	trigger_21	21	262076	Trigger-In:21	23	grating_on	salient	0	red	left	aware	1	0
262.136	0.000	trigger_20	20	262136	Trigger-In:20	23	grating_off	salient	0	red	left	aware	1	0
262.771	0.000	trigger_31	31	262771	Trigger-In:31	23	targets_on_fp_color_change	salient	0	red	left	aware	1	0
263.931	0.000	trigger_201	201	263931	Trigger-In:201	23	trial_end_completed	salient	0	red	left	aware	1	0
265.296	0.000	trigger_101	101	265296	Trigger-In:101	24	trial_start	salient	0	green	right	aware	1	0
265.486	0.000	trigger_11	11	265486	Trigger-In:11	24	fixation_point_on	salient	0	green	right	aware	1	0
266.136	0.000	trigger_21	21	266136	Trigger-In:21	24	grating_on	salient	0	green	right	aware	1	0
266.196	0.000	trigger_20	20	266196	Trigger-In:20	24	grating_off	salient	0	green	right	aware	1	0
266.831	0.000	trigger_31	31	266831	Trigger-In:31	24	targets_on_fp_color_change	salient	0	green	right	aware	1	0
267.971	0.000	trigger_201	201	267971	Trigger-In:201	24	trial_end_completed	salient	0	green	right	aware	1	0
269.341	0.000	trigger_101	101	269341	Trigger-In:101	25	trial_start	staircase	6	red	left	aware	1	0
269.446	0.000	trigger_11	11	269446	Trigger-In:11	25	fixation_point_on	staircase	6	red	left	aware	1	0
270.086	0.000	trigger_21	21	270086	Trigger-In:21	25	grating_on	staircase	6	red	left	aware	1	0
270.141	0.000	trigger_20	20	270141	Trigger-In:20	25	grating_off	staircase	6	red	left	aware	1	0
270.776	0.000	trigger_31	31	270776	Trigger-In:31	25	targets_on_fp_color_change	staircase	6	red	left	aware	1	0
271.916	0.000	trigger_201	201	271916	Trigger-In:201	25	trial_end_completed	staircase	6	red	left	aware	1	0
273.016	0.000	trigger_101	101	273016	Trigger-In:101	26	trial_start	staircase	5	red	right	unaware	1	0
273.206	0.000	trigger_11	11	273206	Trigger-In:11	26	fixation_point_on	staircase	5	red	right	unaware	1	0
273.841	0.000	trigger_21	21	273841	Trigger-In:21	26	grating_on	staircase	5	red	right	unaware	1	0
273.896	0.000	trigger_20	20	273896	Trigger-In:20	26	grating_off	staircase	5	red	right	unaware	1	0
274.531	0.000	trigger_31	31	274531	Trigger-In:31	26	targets_on_fp_color_change	staircase	5	red	right	unaware	1	0
276.261	0.000	trigger_201	201	276261	Trigger-In:201	26	trial_end_completed	staircase	5	red	right	unaware	1	0
277.356	0.000	trigger_101	101	277356	Trigger-In:101	27	trial_start	absent	70	red	left	aware	1	0
277.461	0.000	trigger_11	11	277461	Trigger-In:11	27	fixation_point_on	absent	70	red	left	aware	1	0
278.091	0.000	trigger_21	21	278091	Trigger-In:21	27	grating_on	absent	70	red	left	aware	1	0
278.146	0.000	trigger_20	20	278146	Trigger-In:20	27	grating_off	absent	70	red	left	aware	1	0
278.781	0.000	trigger_31	31	278781	Trigger-In:31	27	targets_on_fp_color_change	absent	70	red	left	aware	1	0
279.556	0.000	trigger_201	201	279556	Trigger-In:201	27	trial_end_completed	absent	70	red	left	aware	1	0
280.651	0.000	trigger_101	101	280651	Trigger-In:101	28	trial_start	salient	0	green	left	unaware	1	0
280.756	0.000	trigger_11	11	280756	Trigger-In:11	28	fixation_point_on	salient	0	green	left	unaware	1	0
281.381	0.000	trigger_21	21	281381	Trigger-In:21	28	grating_on	salient	0	green	left	unaware	1	0
281.436	0.000	trigger_20	20	281436	Trigger-In:20	28	grating_off	salient	0	green	left	unaware	1	0
282.066	0.000	trigger_31	31	282066	Trigger-In:31	28	targets_on_fp_color_change	salient	0	green	left	unaware	1	0
283.081	0.000	trigger_201	201	283081	Trigger-In:201	28	trial_end_completed	salient	0	green	left	unaware	1	0
284.181	0.000	trigger_101	101	284181	Trigger-In:101	29	trial_start	absent	70	green	right	aware	1	0
284.291	0.000	trigger_11	11	284291	Trigger-In:11	29	fixation_point_on	absent	70	green	right	aware	1	0
284.921	0.000	trigger_21	21	284921	Trigger-In:21	29	grating_on	absent	70	green	right	aware	1	0
284.976	0.000	trigger_20	20	284976	Trigger-In:20	29	grating_off	absent	70	green	right	aware	1	0
285.606	0.000	trigger_31	31	285606	Trigger-In:31	29	targets_on_fp_color_change	absent	70	green	right	aware	1	0
286.396	0.000	trigger_201	201	286396	Trigger-In:201	29	trial_end_completed	absent	70	green	right	aware	1	0
287.486	0.000	trigger_101	101	287486	Trigger-In:101	30	trial_start	staircase	6	red	n/a	n/a	0	0
287.591	0.000	trigger_11	11	287591	Trigger-In:11	30	fixation_point_on	staircase	6	red	n/a	n/a	0	0
288.216	0.000	trigger_21	21	288216	Trigger-In:21	30	grating_on	staircase	6	red	n/a	n/a	0	0
288.276	0.000	trigger_20	20	288276	Trigger-In:20	30	grating_off	staircase	6	red	n/a	n/a	0	0
288.911	0.000	trigger_31	31	288911	Trigger-In:31	30	targets_on_fp_color_change	staircase	6	red	n/a	n/a	0	0
291.121	0.000	trigger_203	203	291121	Trigger-In:203	30	trial_end_not_completed	staircase	6	red	n/a	n/a	0	0
292.256	0.000	trigger_101	101	292256	Trigger-In:101	31	trial_start	staircase	6	red	right	unaware	1	0
292.361	0.000	trigger_11	11	292361	Trigger-In:11	31	fixation_point_on	staircase	6	red	right	unaware	1	0
292.996	0.000	trigger_21	21	292996	Trigger-In:21	31	grating_on	staircase	6	red	right	unaware	1	0
293.051	0.000	trigger_20	20	293051	Trigger-In:20	31	grating_off	staircase	6	red	right	unaware	1	0
293.676	0.000	trigger_31	31	293676	Trigger-In:31	31	targets_on_fp_color_change	staircase	6	red	right	unaware	1	0
294.506	0.000	trigger_201	201	294506	Trigger-In:201	31	trial_end_completed	staircase	6	red	right	unaware	1	0
295.601	0.000	trigger_101	101	295601	Trigger-In:101	32	trial_start	staircase	7	green	right	aware	1	0
295.706	0.000	trigger_11	11	295706	Trigger-In:11	32	fixation_point_on	staircase	7	green	right	aware	1	0
296.336	0.000	trigger_21	21	296336	Trigger-In:21	32	grating_on	staircase	7	green	right	aware	1	0
296.396	0.000	trigger_20	20	296396	Trigger-In:20	32	grating_off	staircase	7	green	right	aware	1	0
297.031	0.000	trigger_31	31	297031	Trigger-In:31	32	targets_on_fp_color_change	staircase	7	green	right	aware	1	0
298.066	0.000	trigger_201	201	298066	Trigger-In:201	32	trial_end_completed	staircase	7	green	right	aware	1	0
299.161	0.000	trigger_101	101	299161	Trigger-In:101	33	trial_start	staircase	6	red	right	unaware	1	0
299.261	0.000	trigger_11	11	299261	Trigger-In:11	33	fixation_point_on	staircase	6	red	right	unaware	1	0
299.891	0.000	trigger_21	21	299891	Trigger-In:21	33	grating_on	staircase	6	red	right	unaware	1	0
299.951	0.000	trigger_20	20	299951	Trigger-In:20	33	grating_off	staircase	6	red	right	unaware	1	0
300.586	0.000	trigger_31	31	300586	Trigger-In:31	33	targets_on_fp_color_change	staircase	6	red	right	unaware	1	0
301.581	0.000	trigger_201	201	301581	Trigger-In:201	33	trial_end_completed	staircase	6	red	right	unaware	1	0
302.676	0.000	trigger_101	101	302676	Trigger-In:101	34	trial_start	staircase	7	green	left	unaware	1	0
302.881	0.000	trigger_11	11	302881	Trigger-In:11	34	fixation_point_on	staircase	7	green	left	unaware	1	0
303.506	0.000	trigger_21	21	303506	Trigger-In:21	34	grating_on	staircase	7	green	left	unaware	1	0
303.561	0.000	trigger_20	20	303561	Trigger-In:20	34	grating_off	staircase	7	green	left	unaware	1	0
304.186	0.000	trigger_31	31	304186	Trigger-In:31	34	targets_on_fp_color_change	staircase	7	green	left	unaware	1	0
306.031	0.000	trigger_201	201	306031	Trigger-In:201	34	trial_end_completed	staircase	7	green	left	unaware	1	0
307.126	0.000	trigger_101	101	307126	Trigger-In:101	35	trial_start	staircase	8	red	right	unaware	1	0
307.231	0.000	trigger_11	11	307231	Trigger-In:11	35	fixation_point_on	staircase	8	red	right	unaware	1	0
307.866	0.000	trigger_21	21	307866	Trigger-In:21	35	grating_on	staircase	8	red	right	unaware	1	0
307.921	0.000	trigger_20	20	307921	Trigger-In:20	35	grating_off	staircase	8	red	right	unaware	1	0
308.546	0.000	trigger_31	31	308546	Trigger-In:31	35	targets_on_fp_color_change	staircase	8	red	right	unaware	1	0
309.931	0.000	trigger_201	201	309931	Trigger-In:201	35	trial_end_completed	staircase	8	red	right	unaware	1	0
311.026	0.000	trigger_101	101	311026	Trigger-In:101	36	trial_start	salient	0	green	left	unaware	1	0
311.136	0.000	trigger_11	11	311136	Trigger-In:11	36	fixation_point_on	salient	0	green	left	unaware	1	0
311.766	0.000	trigger_21	21	311766	Trigger-In:21	36	grating_on	salient	0	green	left	unaware	1	0
311.826	0.000	trigger_20	20	311826	Trigger-In:20	36	grating_off	salient	0	green	left	unaware	1	0
312.461	0.000	trigger_31	31	312461	Trigger-In:31	36	targets_on_fp_color_change	salient	0	green	left	unaware	1	0
313.536	0.000	trigger_201	201	313536	Trigger-In:201	36	trial_end_completed	salient	0	green	left	unaware	1	0
314.631	0.000	trigger_101	101	314631	Trigger-In:101	37	trial_start	staircase	9	red	left	aware	1	0
314.906	0.000	trigger_11	11	314906	Trigger-In:11	37	fixation_point_on	staircase	9	red	left	aware	1	0
315.531	0.000	trigger_21	21	315531	Trigger-In:21	37	grating_on	staircase	9	red	left	aware	1	0
315.591	0.000	trigger_20	20	315591	Trigger-In:20	37	grating_off	staircase	9	red	left	aware	1	0
316.221	0.000	trigger_31	31	316221	Trigger-In:31	37	targets_on_fp_color_change	staircase	9	red	left	aware	1	0
317.671	0.000	trigger_201	201	317671	Trigger-In:201	37	trial_end_completed	staircase	9	red	left	aware	1	0
318.766	0.000	trigger_101	101	318766	Trigger-In:101	38	trial_start	staircase	8	red	left	aware	1	0
318.871	0.000	trigger_11	11	318871	Trigger-In:11	38	fixation_point_on	staircase	8	red	left	aware	1	0
319.501	0.000	trigger_21	21	319501	Trigger-In:21	38	grating_on	staircase	8	red	left	aware	1	0
319.561	0.000	trigger_20	20	319561	Trigger-In:20	38	grating_off	staircase	8	red	left	aware	1	0
320.191	0.000	trigger_31	31	320191	Trigger-In:31	38	targets_on_fp_color_change	staircase	8	red	left	aware	1	0
321.046	0.000	trigger_201	201	321046	Trigger-In:201	38	trial_end_completed	staircase	8	red	left	aware	1	0
322.151	0.000	trigger_101	101	322151	Trigger-In:101	39	trial_start	staircase	7	green	left	unaware	1	0
322.266	0.000	trigger_11	11	322266	Trigger-In:11	39	fixation_point_on	staircase	7	green	left	unaware	1	0
322.896	0.000	trigger_21	21	322896	Trigger-In:21	39	grating_on	staircase	7	green	left	unaware	1	0
322.951	0.000	trigger_20	20	322951	Trigger-In:20	39	grating_off	staircase	7	green	left	unaware	1	0
323.581	0.000	trigger_31	31	323581	Trigger-In:31	39	targets_on_fp_color_change	staircase	7	green	left	unaware	1	0
325.081	0.000	trigger_201	201	325081	Trigger-In:201	39	trial_end_completed	staircase	7	green	left	unaware	1	0
326.176	0.000	trigger_101	101	326176	Trigger-In:101	40	trial_start	staircase	8	red	right	unaware	1	0
326.281	0.000	trigger_11	11	326281	Trigger-In:11	40	fixation_point_on	staircase	8	red	right	unaware	1	0
326.921	0.000	trigger_21	21	326921	Trigger-In:21	40	grating_on	staircase	8	red	right	unaware	1	0
326.976	0.000	trigger_20	20	326976	Trigger-In:20	40	grating_off	staircase	8	red	right	unaware	1	0
327.611	0.000	trigger_31	31	327611	Trigger-In:31	40	targets_on_fp_color_change	staircase	8	red	right	unaware	1	0
328.811	0.000	trigger_201	201	328811	Trigger-In:201	40	trial_end_completed	staircase	8	red	right	unaware	1	0
329.906	0.000	trigger_101	101	329906	Trigger-In:101	41	trial_start	staircase	9	red	right	unaware	1	0
330.011	0.000	trigger_11	11	330011	Trigger-In:11	41	fixation_point_on	staircase	9	red	right	unaware	1	0
330.631	0.000	trigger_21	21	330631	Trigger-In:21	41	grating_on	staircase	9	red	right	unaware	1	0
330.686	0.000	trigger_20	20	330686	Trigger-In:20	41	grating_off	staircase	9	red	right	unaware	1	0
331.321	0.000	trigger_31	31	331321	Trigger-In:31	41	targets_on_fp_color_change	staircase	9	red	right	unaware	1	0
332.196	0.000	trigger_201	201	332196	Trigger-In:201	41	trial_end_completed	staircase	9	red	right	unaware	1	0
333.291	0.000	trigger_101	101	333291	Trigger-In:101	42	trial_start	staircase	10	green	left	unaware	1	0
333.396	0.000	trigger_11	11	333396	Trigger-In:11	42	fixation_point_on	staircase	10	green	left	unaware	1	0
334.026	0.000	trigger_21	21	334026	Trigger-In:21	42	grating_on	staircase	10	green	left	unaware	1	0
334.086	0.000	trigger_20	20	334086	Trigger-In:20	42	grating_off	staircase	10	green	left	unaware	1	0
334.716	0.000	trigger_31	31	334716	Trigger-In:31	42	targets_on_fp_color_change	staircase	10	green	left	unaware	1	0
335.571	0.000	trigger_201	201	335571	Trigger-In:201	42	trial_end_completed	staircase	10	green	left	unaware	1	0
336.666	0.000	trigger_101	101	336666	Trigger-In:101	43	trial_start	staircase	11	green	right	aware	1	0
336.911	0.000	trigger_11	11	336911	Trigger-In:11	43	fixation_point_on	staircase	11	green	right	aware	1	0
337.551	0.000	trigger_21	21	337551	Trigger-In:21	43	grating_on	staircase	11	green	right	aware	1	0
337.606	0.000	trigger_20	20	337606	Trigger-In:20	43	grating_off	staircase	11	green	right	aware	1	0
338.241	0.000	trigger_31	31	338241	Trigger-In:31	43	targets_on_fp_color_change	staircase	11	green	right	aware	1	0
338.896	0.000	trigger_201	201	338896	Trigger-In:201	43	trial_end_completed	staircase	11	green	right	aware	1	0
339.991	0.000	trigger_101	101	339991	Trigger-In:101	44	trial_start	staircase	10	green	right	aware	1	0
340.101	0.000	trigger_11	11	340101	Trigger-In:11	44	fixation_point_on	staircase	10	green	right	aware	1	0
340.731	0.000	trigger_21	21	340731	Trigger-In:21	44	grating_on	staircase	10	green	right	aware	1	0
340.791	0.000	trigger_20	20	340791	Trigger-In:20	44	grating_off	staircase	10	green	right	aware	1	0
341.416	0.000	trigger_31	31	341416	Trigger-In:31	44	targets_on_fp_color_change	staircase	10	green	right	aware	1	0
342.096	0.000	trigger_201	201	342096	Trigger-In:201	44	trial_end_completed	staircase	10	green	right	aware	1	0
343.191	0.000	trigger_101	101	343191	Trigger-In:101	45	trial_start	staircase	9	red	left	aware	1	0
343.296	0.000	trigger_11	11	343296	Trigger-In:11	45	fixation_point_on	staircase	9	red	left	aware	1	0
343.926	0.000	trigger_21	21	343926	Trigger-In:21	45	grating_on	staircase	9	red	left	aware	1	0
343.981	0.000	trigger_20	20	343981	Trigger-In:20	45	grating_off	staircase	9	red	left	aware	1	0
344.616	0.000	trigger_31	31	344616	Trigger-In:31	45	targets_on_fp_color_change	staircase	9	red	left	aware	1	0
345.386	0.000	trigger_201	201	345386	Trigger-In:201	45	trial_end_completed	staircase	9	red	left	aware	1	0
346.481	0.000	trigger_101	101	346481	Trigger-In:101	46	trial_start	staircase	8	red	left	aware	1	0
346.596	0.000	trigger_11	11	346596	Trigger-In:11	46	fixation_point_on	staircase	8	red	left	aware	1	0
347.236	0.000	trigger_21	21	347236	Trigger-In:21	46	grating_on	staircase	8	red	left	aware	1	0
347.296	0.000	trigger_20	20	347296	Trigger-In:20	46	grating_off	staircase	8	red	left	aware	1	0
347.926	0.000	trigger_31	31	347926	Trigger-In:31	46	targets_on_fp_color_change	staircase	8	red	left	aware	1	0
348.581	0.000	trigger_201	201	348581	Trigger-In:201	46	trial_end_completed	staircase	8	red	left	aware	1	0
349.676	0.000	trigger_101	101	349676	Trigger-In:101	47	trial_start	staircase	7	red	right	unaware	1	0
349.781	0.000	trigger_11	11	349781	Trigger-In:11	47	fixation_point_on	staircase	7	red	right	unaware	1	0
350.416	0.000	trigger_21	21	350416	Trigger-In:21	47	grating_on	staircase	7	red	right	unaware	1	0
350.471	0.000	trigger_20	20	350471	Trigger-In:20	47	grating_off	staircase	7	red	right	unaware	1	0
351.111	0.000	trigger_31	31	351111	Trigger-In:31	47	targets_on_fp_color_change	staircase	7	red	right	unaware	1	0
352.556	0.000	trigger_201	201	352556	Trigger-In:201	47	trial_end_completed	staircase	7	red	right	unaware	1	0
353.651	0.000	trigger_101	101	353651	Trigger-In:101	48	trial_start	staircase	8	red	left	aware	1	0
353.756	0.000	trigger_11	11	353756	Trigger-In:11	48	fixation_point_on	staircase	8	red	left	aware	1	0
354.386	0.000	trigger_21	21	354386	Trigger-In:21	48	grating_on	staircase	8	red	left	aware	1	0
354.441	0.000	trigger_20	20	354441	Trigger-In:20	48	grating_off	staircase	8	red	left	aware	1	0
355.076	0.000	trigger_31	31	355076	Trigger-In:31	48	targets_on_fp_color_change	staircase	8	red	left	aware	1	0
356.066	0.000	trigger_201	201	356066	Trigger-In:201	48	trial_end_completed	staircase	8	red	left	aware	1	0
357.166	0.000	trigger_101	101	357166	Trigger-In:101	49	trial_start	absent	70	red	left	aware	1	0
357.271	0.000	trigger_11	11	357271	Trigger-In:11	49	fixation_point_on	absent	70	red	left	aware	1	0
357.901	0.000	trigger_21	21	357901	Trigger-In:21	49	grating_on	absent	70	red	left	aware	1	0
357.956	0.000	trigger_20	20	357956	Trigger-In:20	49	grating_off	absent	70	red	left	aware	1	0
358.586	0.000	trigger_31	31	358586	Trigger-In:31	49	targets_on_fp_color_change	absent	70	red	left	aware	1	0
359.206	0.000	trigger_201	201	359206	Trigger-In:201	49	trial_end_completed	absent	70	red	left	aware	1	0
360.301	0.000	trigger_101	101	360301	Trigger-In:101	50	trial_start	salient	0	green	left	unaware	1	0
360.406	0.000	trigger_11	11	360406	Trigger-In:11	50	fixation_point_on	salient	0	green	left	unaware	1	0
361.026	0.000	trigger_21	21	361026	Trigger-In:21	50	grating_on	salient	0	green	left	unaware	1	0
361.086	0.000	trigger_20	20	361086	Trigger-In:20	50	grating_off	salient	0	green	left	unaware	1	0
361.736	0.000	trigger_31	31	361736	Trigger-In:31	50	targets_on_fp_color_change	salient	0	green	left	unaware	1	0
363.496	0.000	trigger_201	201	363496	Trigger-In:201	50	trial_end_completed	salient	0	green	left	unaware	1	0
364.596	0.000	trigger_101	101	364596	Trigger-In:101	51	trial_start	staircase	7	green	left	unaware	1	0
364.706	0.000	trigger_11	11	364706	Trigger-In:11	51	fixation_point_on	staircase	7	green	left	unaware	1	0
365.336	0.000	trigger_21	21	365336	Trigger-In:21	51	grating_on	staircase	7	green	left	unaware	1	0
365.391	0.000	trigger_20	20	365391	Trigger-In:20	51	grating_off	staircase	7	green	left	unaware	1	0
366.021	0.000	trigger_31	31	366021	Trigger-In:31	51	targets_on_fp_color_change	staircase	7	green	left	unaware	1	0
366.801	0.000	trigger_201	201	366801	Trigger-In:201	51	trial_end_completed	staircase	7	green	left	unaware	1	0
367.896	0.000	trigger_101	101	367896	Trigger-In:101	52	trial_start	staircase	8	green	left	unaware	1	0
368.001	0.000	trigger_11	11	368001	Trigger-In:11	52	fixation_point_on	staircase	8	green	left	unaware	1	0
368.631	0.000	trigger_21	21	368631	Trigger-In:21	52	grating_on	staircase	8	green	left	unaware	1	0
368.691	0.000	trigger_20	20	368691	Trigger-In:20	52	grating_off	staircase	8	green	left	unaware	1	0
369.316	0.000	trigger_31	31	369316	Trigger-In:31	52	targets_on_fp_color_change	staircase	8	green	left	unaware	1	0
370.131	0.000	trigger_201	201	370131	Trigger-In:201	52	trial_end_completed	staircase	8	green	left	unaware	1	0
371.226	0.000	trigger_101	101	371226	Trigger-In:101	53	trial_start	staircase	9	green	left	unaware	1	0
371.341	0.000	trigger_11	11	371341	Trigger-In:11	53	fixation_point_on	staircase	9	green	left	unaware	1	0
371.966	0.000	trigger_21	21	371966	Trigger-In:21	53	grating_on	staircase	9	green	left	unaware	1	0
372.021	0.000	trigger_20	20	372021	Trigger-In:20	53	grating_off	staircase	9	green	left	unaware	1	0
372.656	0.000	trigger_31	31	372656	Trigger-In:31	53	targets_on_fp_color_change	staircase	9	green	left	unaware	1	0
373.406	0.000	trigger_201	201	373406	Trigger-In:201	53	trial_end_completed	staircase	9	green	left	unaware	1	0
374.501	0.000	trigger_101	101	374501	Trigger-In:101	54	trial_start	absent	70	green	right	aware	1	0
374.611	0.000	trigger_11	11	374611	Trigger-In:11	54	fixation_point_on	absent	70	green	right	aware	1	0
375.246	0.000	trigger_21	21	375246	Trigger-In:21	54	grating_on	absent	70	green	right	aware	1	0
375.301	0.000	trigger_20	20	375301	Trigger-In:20	54	grating_off	absent	70	green	right	aware	1	0
375.931	0.000	trigger_31	31	375931	Trigger-In:31	54	targets_on_fp_color_change	absent	70	green	right	aware	1	0
376.601	0.000	trigger_201	201	376601	Trigger-In:201	54	trial_end_completed	absent	70	green	right	aware	1	0
377.696	0.000	trigger_101	101	377696	Trigger-In:101	55	trial_start	staircase	10	red	left	aware	1	0
377.801	0.000	trigger_11	11	377801	Trigger-In:11	55	fixation_point_on	staircase	10	red	left	aware	1	0
378.426	0.000	trigger_21	21	378426	Trigger-In:21	55	grating_on	staircase	10	red	left	aware	1	0
378.486	0.000	trigger_20	20	378486	Trigger-In:20	55	grating_off	staircase	10	red	left	aware	1	0
379.116	0.000	trigger_31	31	379116	Trigger-In:31	55	targets_on_fp_color_change	staircase	10	red	left	aware	1	0
379.801	0.000	trigger_201	201	379801	Trigger-In:201	55	trial_end_completed	staircase	10	red	left	aware	1	0
380.896	0.000	trigger_101	101	380896	Trigger-In:101	56	trial_start	staircase	9	red	left	aware	1	0
381.006	0.000	trigger_11	11	381006	Trigger-In:11	56	fixation_point_on	staircase	9	red	left	aware	1	0
381.641	0.000	trigger_21	21	381641	Trigger-In:21	56	grating_on	staircase	9	red	left	aware	1	0
381.696	0.000	trigger_20	20	381696	Trigger-In:20	56	grating_off	staircase	9	red	left	aware	1	0
382.331	0.000	trigger_31	31	382331	Trigger-In:31	56	targets_on_fp_color_change	staircase	9	red	left	aware	1	0
383.211	0.000	trigger_201	201	383211	Trigger-In:201	56	trial_end_completed	staircase	9	red	left	aware	1	0
384.301	0.000	trigger_101	101	384301	Trigger-In:101	57	trial_start	staircase	8	red	left	aware	1	0
384.406	0.000	trigger_11	11	384406	Trigger-In:11	57	fixation_point_on	staircase	8	red	left	aware	1	0
385.036	0.000	trigger_21	21	385036	Trigger-In:21	57	grating_on	staircase	8	red	left	aware	1	0
385.096	0.000	trigger_20	20	385096	Trigger-In:20	57	grating_off	staircase	8	red	left	aware	1	0
385.726	0.000	trigger_31	31	385726	Trigger-In:31	57	targets_on_fp_color_change	staircase	8	red	left	aware	1	0
386.591	0.000	trigger_201	201	386591	Trigger-In:201	57	trial_end_completed	staircase	8	red	left	aware	1	0
387.686	0.000	trigger_101	101	387686	Trigger-In:101	58	trial_start	staircase	7	green	right	aware	1	0
387.796	0.000	trigger_11	11	387796	Trigger-In:11	58	fixation_point_on	staircase	7	green	right	aware	1	0
388.421	0.000	trigger_21	21	388421	Trigger-In:21	58	grating_on	staircase	7	green	right	aware	1	0
388.476	0.000	trigger_20	20	388476	Trigger-In:20	58	grating_off	staircase	7	green	right	aware	1	0
389.106	0.000	trigger_31	31	389106	Trigger-In:31	58	targets_on_fp_color_change	staircase	7	green	right	aware	1	0
389.941	0.000	trigger_201	201	389941	Trigger-In:201	58	trial_end_completed	staircase	7	green	right	aware	1	0
391.041	0.000	trigger_101	101	391041	Trigger-In:101	59	trial_start	staircase	6	green	left	unaware	1	0
391.296	0.000	trigger_11	11	391296	Trigger-In:11	59	fixation_point_on	staircase	6	green	left	unaware	1	0
391.921	0.000	trigger_21	21	391921	Trigger-In:21	59	grating_on	staircase	6	green	left	unaware	1	0
391.976	0.000	trigger_20	20	391976	Trigger-In:20	59	grating_off	staircase	6	green	left	unaware	1	0
392.611	0.000	trigger_31	31	392611	Trigger-In:31	59	targets_on_fp_color_change	staircase	6	green	left	unaware	1	0
393.311	0.000	trigger_201	201	393311	Trigger-In:201	59	trial_end_completed	staircase	6	green	left	unaware	1	0
394.406	0.000	trigger_101	101	394406	Trigger-In:101	60	trial_start	salient	0	green	left	unaware	1	0
394.511	0.000	trigger_11	11	394511	Trigger-In:11	60	fixation_point_on	salient	0	green	left	unaware	1	0
395.151	0.000	trigger_21	21	395151	Trigger-In:21	60	grating_on	salient	0	green	left	unaware	1	0
395.206	0.000	trigger_20	20	395206	Trigger-In:20	60	grating_off	salient	0	green	left	unaware	1	0
395.841	0.000	trigger_31	31	395841	Trigger-In:31	60	targets_on_fp_color_change	salient	0	green	left	unaware	1	0
396.541	0.000	trigger_201	201	396541	Trigger-In:201	60	trial_end_completed	salient	0	green	left	unaware	1	0
397.631	0.000	trigger_101	101	397631	Trigger-In:101	61	trial_start	staircase	7	green	left	unaware	1	0
397.736	0.000	trigger_11	11	397736	Trigger-In:11	61	fixation_point_on	staircase	7	green	left	unaware	1	0
398.361	0.000	trigger_21	21	398361	Trigger-In:21	61	grating_on	staircase	7	green	left	unaware	1	0
398.416	0.000	trigger_20	20	398416	Trigger-In:20	61	grating_off	staircase	7	green	left	unaware	1	0
399.041	0.000	trigger_31	31	399041	Trigger-In:31	61	targets_on_fp_color_change	staircase	7	green	left	unaware	1	0
399.711	0.000	trigger_201	201	399711	Trigger-In:201	61	trial_end_completed	staircase	7	green	left	unaware	1	0
400.806	0.000	trigger_101	101	400806	Trigger-In:101	62	trial_start	staircase	8	red	right	unaware	1	0
400.921	0.000	trigger_11	11	400921	Trigger-In:11	62	fixation_point_on	staircase	8	red	right	unaware	1	0
401.551	0.000	trigger_21	21	401551	Trigger-In:21	62	grating_on	staircase	8	red	right	unaware	1	0
401.606	0.000	trigger_20	20	401606	Trigger-In:20	62	grating_off	staircase	8	red	right	unaware	1	0
402.246	0.000	trigger_31	31	402246	Trigger-In:31	62	targets_on_fp_color_change	staircase	8	red	right	unaware	1	0
403.431	0.000	trigger_201	201	403431	Trigger-In:201	62	trial_end_completed	staircase	8	red	right	unaware	1	0
404.526	0.000	trigger_101	101	404526	Trigger-In:101	63	trial_start	staircase	9	green	right	aware	1	0
404.631	0.000	trigger_11	11	404631	Trigger-In:11	63	fixation_point_on	staircase	9	green	right	aware	1	0
405.261	0.000	trigger_21	21	405261	Trigger-In:21	63	grating_on	staircase	9	green	right	aware	1	0
405.316	0.000	trigger_20	20	405316	Trigger-In:20	63	grating_off	staircase	9	green	right	aware	1	0
405.951	0.000	trigger_31	31	405951	Trigger-In:31	63	targets_on_fp_color_change	staircase	9	green	right	aware	1	0
406.661	0.000	trigger_201	201	406661	Trigger-In:201	63	trial_end_completed	staircase	9	green	right	aware	1	0
407.756	0.000	trigger_101	101	407756	Trigger-In:101	64	trial_start	salient	0	red	left	aware	1	0
407.861	0.000	trigger_11	11	407861	Trigger-In:11	64	fixation_point_on	salient	0	red	left	aware	1	0
408.491	0.000	trigger_21	21	408491	Trigger-In:21	64	grating_on	salient	0	red	left	aware	1	0
408.551	0.000	trigger_20	20	408551	Trigger-In:20	64	grating_off	salient	0	red	left	aware	1	0
409.181	0.000	trigger_31	31	409181	Trigger-In:31	64	targets_on_fp_color_change	salient	0	red	left	aware	1	0
410.126	0.000	trigger_201	201	410126	Trigger-In:201	64	trial_end_completed	salient	0	red	left	aware	1	0
411.496	0.000	trigger_101	101	411496	Trigger-In:101	65	trial_start	staircase	8	red	right	unaware	1	0
411.601	0.000	trigger_11	11	411601	Trigger-In:11	65	fixation_point_on	staircase	8	red	right	unaware	1	0
412.236	0.000	trigger_21	21	412236	Trigger-In:21	65	grating_on	staircase	8	red	right	unaware	1	0
412.296	0.000	trigger_20	20	412296	Trigger-In:20	65	grating_off	staircase	8	red	right	unaware	1	0
412.926	0.000	trigger_31	31	412926	Trigger-In:31	65	targets_on_fp_color_change	staircase	8	red	right	unaware	1	0
414.026	0.000	trigger_201	201	414026	Trigger-In:201	65	trial_end_completed	staircase	8	red	right	unaware	1	0
415.121	0.000	trigger_101	101	415121	Trigger-In:101	66	trial_start	salient	0	green	left	unaware	1	0
415.226	0.000	trigger_11	11	415226	Trigger-In:11	66	fixation_point_on	salient	0	green	left	unaware	1	0
415.866	0.000	trigger_21	21	415866	Trigger-In:21	66	grating_on	salient	0	green	left	unaware	1	0
415.921	0.000	trigger_20	20	415921	Trigger-In:20	66	grating_off	salient	0	green	left	unaware	1	0
416.556	0.000	trigger_31	31	416556	Trigger-In:31	66	targets_on_fp_color_change	salient	0	green	left	unaware	1	0
417.886	0.000	trigger_201	201	417886	Trigger-In:201	66	trial_end_completed	salient	0	green	left	unaware	1	0
418.981	0.000	trigger_101	101	418981	Trigger-In:101	67	trial_start	staircase	9	green	right	aware	1	0
419.086	0.000	trigger_11	11	419086	Trigger-In:11	67	fixation_point_on	staircase	9	green	right	aware	1	0
419.721	0.000	trigger_21	21	419721	Trigger-In:21	67	grating_on	staircase	9	green	right	aware	1	0
419.776	0.000	trigger_20	20	419776	Trigger-In:20	67	grating_off	staircase	9	green	right	aware	1	0
420.411	0.000	trigger_31	31	420411	Trigger-In:31	67	targets_on_fp_color_change	staircase	9	green	right	aware	1	0
421.111	0.000	trigger_201	201	421111	Trigger-In:201	67	trial_end_completed	staircase	9	green	right	aware	1	0
422.201	0.000	trigger_101	101	422201	Trigger-In:101	68	trial_start	salient	0	red	right	unaware	1	0
422.301	0.000	trigger_11	11	422301	Trigger-In:11	68	fixation_point_on	salient	0	red	right	unaware	1	0
422.936	0.000	trigger_21	21	422936	Trigger-In:21	68	grating_on	salient	0	red	right	unaware	1	0
422.991	0.000	trigger_20	20	422991	Trigger-In:20	68	grating_off	salient	0	red	right	unaware	1	0
423.621	0.000	trigger_31	31	423621	Trigger-In:31	68	targets_on_fp_color_change	salient	0	red	right	unaware	1	0
425.276	0.000	trigger_201	201	425276	Trigger-In:201	68	trial_end_completed	salient	0	red	right	unaware	1	0
426.371	0.000	trigger_101	101	426371	Trigger-In:101	69	trial_start	staircase	8	green	left	unaware	1	0
426.481	0.000	trigger_11	11	426481	Trigger-In:11	69	fixation_point_on	staircase	8	green	left	unaware	1	0
427.111	0.000	trigger_21	21	427111	Trigger-In:21	69	grating_on	staircase	8	green	left	unaware	1	0
427.166	0.000	trigger_20	20	427166	Trigger-In:20	69	grating_off	staircase	8	green	left	unaware	1	0
427.796	0.000	trigger_31	31	427796	Trigger-In:31	69	targets_on_fp_color_change	staircase	8	green	left	unaware	1	0
428.856	0.000	trigger_201	201	428856	Trigger-In:201	69	trial_end_completed	staircase	8	green	left	unaware	1	0
429.951	0.000	trigger_101	101	429951	Trigger-In:101	70	trial_start	salient	0	red	right	unaware	1	0
430.061	0.000	trigger_11	11	430061	Trigger-In:11	70	fixation_point_on	salient	0	red	right	unaware	1	0
430.686	0.000	trigger_21	21	430686	Trigger-In:21	70	grating_on	salient	0	red	right	unaware	1	0
430.746	0.000	trigger_20	20	430746	Trigger-In:20	70	grating_off	salient	0	red	right	unaware	1	0
431.381	0.000	trigger_31	31	431381	Trigger-In:31	70	targets_on_fp_color_change	salient	0	red	right	unaware	1	0
432.871	0.000	trigger_201	201	432871	Trigger-In:201	70	trial_end_completed	salient	0	red	right	unaware	1	0
433.971	0.000	trigger_101	101	433971	Trigger-In:101	71	trial_start	absent	70	red	left	aware	1	0
434.081	0.000	trigger_11	11	434081	Trigger-In:11	71	fixation_point_on	absent	70	red	left	aware	1	0
434.711	0.000	trigger_21	21	434711	Trigger-In:21	71	grating_on	absent	70	red	left	aware	1	0
434.766	0.000	trigger_20	20	434766	Trigger-In:20	71	grating_off	absent	70	red	left	aware	1	0
435.391	0.000	trigger_31	31	435391	Trigger-In:31	71	targets_on_fp_color_change	absent	70	red	left	aware	1	0
436.321	0.000	trigger_201	201	436321	Trigger-In:201	71	trial_end_completed	absent	70	red	left	aware	1	0
437.416	0.000	trigger_101	101	437416	Trigger-In:101	72	trial_start	absent	70	green	right	aware	1	0
437.516	0.000	trigger_11	11	437516	Trigger-In:11	72	fixation_point_on	absent	70	green	right	aware	1	0
438.146	0.000	trigger_21	21	438146	Trigger-In:21	72	grating_on	absent	70	green	right	aware	1	0
438.201	0.000	trigger_20	20	438201	Trigger-In:20	72	grating_off	absent	70	green	right	aware	1	0
438.826	0.000	trigger_31	31	438826	Trigger-In:31	72	targets_on_fp_color_change	absent	70	green	right	aware	1	0
440.121	0.000	trigger_201	201	440121	Trigger-In:201	72	trial_end_completed	absent	70	green	right	aware	1	0
441.221	0.000	trigger_101	101	441221	Trigger-In:101	73	trial_start	staircase	9	green	right	aware	1	0
441.336	0.000	trigger_11	11	441336	Trigger-In:11	73	fixation_point_on	staircase	9	green	right	aware	1	0
442.001	0.000	trigger_21	21	442001	Trigger-In:21	73	grating_on	staircase	9	green	right	aware	1	0
442.061	0.000	trigger_20	20	442061	Trigger-In:20	73	grating_off	staircase	9	green	right	aware	1	0
442.726	0.000	trigger_31	31	442726	Trigger-In:31	73	targets_on_fp_color_change	staircase	9	green	right	aware	1	0
443.426	0.000	trigger_201	201	443426	Trigger-In:201	73	trial_end_completed	staircase	9	green	right	aware	1	0
444.526	0.000	trigger_101	101	444526	Trigger-In:101	74	trial_start	staircase	8	red	left	aware	1	0
444.631	0.000	trigger_11	11	444631	Trigger-In:11	74	fixation_point_on	staircase	8	red	left	aware	1	0
445.261	0.000	trigger_21	21	445261	Trigger-In:21	74	grating_on	staircase	8	red	left	aware	1	0
445.316	0.000	trigger_20	20	445316	Trigger-In:20	74	grating_off	staircase	8	red	left	aware	1	0
445.946	0.000	trigger_31	31	445946	Trigger-In:31	74	targets_on_fp_color_change	staircase	8	red	left	aware	1	0
446.816	0.000	trigger_201	201	446816	Trigger-In:201	74	trial_end_completed	staircase	8	red	left	aware	1	0
447.911	0.000	trigger_101	101	447911	Trigger-In:101	75	trial_start	salient	0	green	left	unaware	1	0
448.016	0.000	trigger_11	11	448016	Trigger-In:11	75	fixation_point_on	salient	0	green	left	unaware	1	0
448.656	0.000	trigger_21	21	448656	Trigger-In:21	75	grating_on	salient	0	green	left	unaware	1	0
448.716	0.000	trigger_20	20	448716	Trigger-In:20	75	grating_off	salient	0	green	left	unaware	1	0
449.351	0.000	trigger_31	31	449351	Trigger-In:31	75	targets_on_fp_color_change	salient	0	green	left	unaware	1	0
450.801	0.000	trigger_201	201	450801	Trigger-In:201	75	trial_end_completed	salient	0	green	left	unaware	1	0
451.896	0.000	trigger_101	101	451896	Trigger-In:101	76	trial_start	salient	0	red	left	aware	1	0
452.006	0.000	trigger_11	11	452006	Trigger-In:11	76	fixation_point_on	salient	0	red	left	aware	1	0
452.636	0.000	trigger_21	21	452636	Trigger-In:21	76	grating_on	salient	0	red	left	aware	1	0
452.691	0.000	trigger_20	20	452691	Trigger-In:20	76	grating_off	salient	0	red	left	aware	1	0
453.321	0.000	trigger_31	31	453321	Trigger-In:31	76	targets_on_fp_color_change	salient	0	red	left	aware	1	0
454.211	0.000	trigger_201	201	454211	Trigger-In:201	76	trial_end_completed	salient	0	red	left	aware	1	0
455.581	0.000	trigger_101	101	455581	Trigger-In:101	77	trial_start	staircase	7	red	right	unaware	1	0
455.691	0.000	trigger_11	11	455691	Trigger-In:11	77	fixation_point_on	staircase	7	red	right	unaware	1	0
456.326	0.000	trigger_21	21	456326	Trigger-In:21	77	grating_on	staircase	7	red	right	unaware	1	0
456.381	0.000	trigger_20	20	456381	Trigger-In:20	77	grating_off	staircase	7	red	right	unaware	1	0
457.011	0.000	trigger_31	31	457011	Trigger-In:31	77	targets_on_fp_color_change	staircase	7	red	right	unaware	1	0
457.966	0.000	trigger_201	201	457966	Trigger-In:201	77	trial_end_completed	staircase	7	red	right	unaware	1	0
459.066	0.000	trigger_101	101	459066	Trigger-In:101	78	trial_start	staircase	8	red	left	aware	1	0
459.171	0.000	trigger_11	11	459171	Trigger-In:11	78	fixation_point_on	staircase	8	red	left	aware	1	0
459.796	0.000	trigger_21	21	459796	Trigger-In:21	78	grating_on	staircase	8	red	left	aware	1	0
459.851	0.000	trigger_20	20	459851	Trigger-In:20	78	grating_off	staircase	8	red	left	aware	1	0
460.491	0.000	trigger_31	31	460491	Trigger-In:31	78	targets_on_fp_color_change	staircase	8	red	left	aware	1	0
461.381	0.000	trigger_201	201	461381	Trigger-In:201	78	trial_end_completed	staircase	8	red	left	aware	1	0
462.481	0.000	trigger_101	101	462481	Trigger-In:101	79	trial_start	staircase	7	red	left	aware	1	0
462.586	0.000	trigger_11	11	462586	Trigger-In:11	79	fixation_point_on	staircase	7	red	left	aware	1	0
463.216	0.000	trigger_21	21	463216	Trigger-In:21	79	grating_on	staircase	7	red	left	aware	1	0
463.271	0.000	trigger_20	20	463271	Trigger-In:20	79	grating_off	staircase	7	red	left	aware	1	0
463.911	0.000	trigger_31	31	463911	Trigger-In:31	79	targets_on_fp_color_change	staircase	7	red	left	aware	1	0
464.856	0.000	trigger_201	201	464856	Trigger-In:201	79	trial_end_completed	staircase	7	red	left	aware	1	0
465.946	0.000	trigger_101	101	465946	Trigger-In:101	80	trial_start	staircase	6	green	right	aware	1	0
466.056	0.000	trigger_11	11	466056	Trigger-In:11	80	fixation_point_on	staircase	6	green	right	aware	1	0
466.676	0.000	trigger_21	21	466676	Trigger-In:21	80	grating_on	staircase	6	green	right	aware	1	0
466.731	0.000	trigger_20	20	466731	Trigger-In:20	80	grating_off	staircase	6	green	right	aware	1	0
467.366	0.000	trigger_31	31	467366	Trigger-In:31	80	targets_on_fp_color_change	staircase	6	green	right	aware	1	0
468.541	0.000	trigger_201	201	468541	Trigger-In:201	80	trial_end_completed	staircase	6	green	right	aware	1	0
469.641	0.000	trigger_101	101	469641	Trigger-In:101	81	trial_start	salient	0	red	right	unaware	1	0
469.746	0.000	trigger_11	11	469746	Trigger-In:11	81	fixation_point_on	salient	0	red	right	unaware	1	0
470.381	0.000	trigger_21	21	470381	Trigger-In:21	81	grating_on	salient	0	red	right	unaware	1	0
470.436	0.000	trigger_20	20	470436	Trigger-In:20	81	grating_off	salient	0	red	right	unaware	1	0
471.066	0.000	trigger_31	31	471066	Trigger-In:31	81	targets_on_fp_color_change	salient	0	red	right	unaware	1	0
472.206	0.000	trigger_201	201	472206	Trigger-In:201	81	trial_end_completed	salient	0	red	right	unaware	1	0
473.301	0.000	trigger_101	101	473301	Trigger-In:101	82	trial_start	staircase	5	green	left	unaware	1	0
473.406	0.000	trigger_11	11	473406	Trigger-In:11	82	fixation_point_on	staircase	5	green	left	unaware	1	0
474.031	0.000	trigger_21	21	474031	Trigger-In:21	82	grating_on	staircase	5	green	left	unaware	1	0
474.086	0.000	trigger_20	20	474086	Trigger-In:20	82	grating_off	staircase	5	green	left	unaware	1	0
474.716	0.000	trigger_31	31	474716	Trigger-In:31	82	targets_on_fp_color_change	staircase	5	green	left	unaware	1	0
475.536	0.000	trigger_201	201	475536	Trigger-In:201	82	trial_end_completed	staircase	5	green	left	unaware	1	0
476.631	0.000	trigger_101	101	476631	Trigger-In:101	83	trial_start	staircase	6	red	right	unaware	1	0
476.741	0.000	trigger_11	11	476741	Trigger-In:11	83	fixation_point_on	staircase	6	red	right	unaware	1	0
477.371	0.000	trigger_21	21	477371	Trigger-In:21	83	grating_on	staircase	6	red	right	unaware	1	0
477.431	0.000	trigger_20	20	477431	Trigger-In:20	83	grating_off	staircase	6	red	right	unaware	1	0
478.061	0.000	trigger_31	31	478061	Trigger-In:31	83	targets_on_fp_color_change	staircase	6	red	right	unaware	1	0
479.061	0.000	trigger_201	201	479061	Trigger-In:201	83	trial_end_completed	staircase	6	red	right	unaware	1	0
480.151	0.000	trigger_101	101	480151	Trigger-In:101	84	trial_start	staircase	7	green	left	unaware	1	0
480.261	0.000	trigger_11	11	480261	Trigger-In:11	84	fixation_point_on	staircase	7	green	left	unaware	1	0
480.891	0.000	trigger_21	21	480891	Trigger-In:21	84	grating_on	staircase	7	green	left	unaware	1	0
480.946	0.000	trigger_20	20	480946	Trigger-In:20	84	grating_off	staircase	7	green	left	unaware	1	0
481.581	0.000	trigger_31	31	481581	Trigger-In:31	84	targets_on_fp_color_change	staircase	7	green	left	unaware	1	0
482.626	0.000	trigger_201	201	482626	Trigger-In:201	84	trial_end_completed	staircase	7	green	left	unaware	1	0
483.721	0.000	trigger_101	101	483721	Trigger-In:101	85	trial_start	staircase	8	red	right	unaware	1	0
483.826	0.000	trigger_11	11	483826	Trigger-In:11	85	fixation_point_on	staircase	8	red	right	unaware	1	0
484.466	0.000	trigger_21	21	484466	Trigger-In:21	85	grating_on	staircase	8	red	right	unaware	1	0
484.526	0.000	trigger_20	20	484526	Trigger-In:20	85	grating_off	staircase	8	red	right	unaware	1	0
485.156	0.000	trigger_31	31	485156	Trigger-In:31	85	targets_on_fp_color_change	staircase	8	red	right	unaware	1	0
486.756	0.000	trigger_201	201	486756	Trigger-In:201	85	trial_end_completed	staircase	8	red	right	unaware	1	0
487.871	0.000	trigger_101	101	487871	Trigger-In:101	86	trial_start	staircase	9	red	left	aware	1	0
487.971	0.000	trigger_11	11	487971	Trigger-In:11	86	fixation_point_on	staircase	9	red	left	aware	1	0
488.596	0.000	trigger_21	21	488596	Trigger-In:21	86	grating_on	staircase	9	red	left	aware	1	0
488.651	0.000	trigger_20	20	488651	Trigger-In:20	86	grating_off	staircase	9	red	left	aware	1	0
489.281	0.000	trigger_31	31	489281	Trigger-In:31	86	targets_on_fp_color_change	staircase	9	red	left	aware	1	0
491.056	0.000	trigger_201	201	491056	Trigger-In:201	86	trial_end_completed	staircase	9	red	left	aware	1	0
492.151	0.000	trigger_101	101	492151	Trigger-In:101	87	trial_start	staircase	8	red	left	aware	1	0
492.256	0.000	trigger_11	11	492256	Trigger-In:11	87	fixation_point_on	staircase	8	red	left	aware	1	0
492.871	0.000	trigger_21	21	492871	Trigger-In:21	87	grating_on	staircase	8	red	left	aware	1	0
492.936	0.000	trigger_20	20	492936	Trigger-In:20	87	grating_off	staircase	8	red	left	aware	1	0
493.551	0.000	trigger_31	31	493551	Trigger-In:31	87	targets_on_fp_color_change	staircase	8	red	left	aware	1	0
494.421	0.000	trigger_201	201	494421	Trigger-In:201	87	trial_end_completed	staircase	8	red	left	aware	1	0
495.516	0.000	trigger_101	101	495516	Trigger-In:101	88	trial_start	staircase	7	green	right	aware	1	0
495.621	0.000	trigger_11	11	495621	Trigger-In:11	88	fixation_point_on	staircase	7	green	right	aware	1	0
496.246	0.000	trigger_21	21	496246	Trigger-In:21	88	grating_on	staircase	7	green	right	aware	1	0
496.301	0.000	trigger_20	20	496301	Trigger-In:20	88	grating_off	staircase	7	green	right	aware	1	0
496.931	0.000	trigger_31	31	496931	Trigger-In:31	88	targets_on_fp_color_change	staircase	7	green	right	aware	1	0
498.241	0.000	trigger_201	201	498241	Trigger-In:201	88	trial_end_completed	staircase	7	green	right	aware	1	0
499.336	0.000	trigger_101	101	499336	Trigger-In:101	89	trial_start	salient	0	green	left	unaware	1	0
499.441	0.000	trigger_11	11	499441	Trigger-In:11	89	fixation_point_on	salient	0	green	left	unaware	1	0
500.071	0.000	trigger_21	21	500071	Trigger-In:21	89	grating_on	salient	0	green	left	unaware	1	0
500.126	0.000	trigger_20	20	500126	Trigger-In:20	89	grating_off	salient	0	green	left	unaware	1	0
500.746	0.000	trigger_31	31	500746	Trigger-In:31	89	targets_on_fp_color_change	salient	0	green	left	unaware	1	0
502.146	0.000	trigger_201	201	502146	Trigger-In:201	89	trial_end_completed	salient	0	green	left	unaware	1	0
503.241	0.000	trigger_101	101	503241	Trigger-In:101	90	trial_start	staircase	6	red	right	unaware	1	0
503.346	0.000	trigger_11	11	503346	Trigger-In:11	90	fixation_point_on	staircase	6	red	right	unaware	1	0
503.966	0.000	trigger_21	21	503966	Trigger-In:21	90	grating_on	staircase	6	red	right	unaware	1	0
504.021	0.000	trigger_20	20	504021	Trigger-In:20	90	grating_off	staircase	6	red	right	unaware	1	0
504.646	0.000	trigger_31	31	504646	Trigger-In:31	90	targets_on_fp_color_change	staircase	6	red	right	unaware	1	0
506.141	0.000	trigger_201	201	506141	Trigger-In:201	90	trial_end_completed	staircase	6	red	right	unaware	1	0
507.236	0.000	trigger_101	101	507236	Trigger-In:101	91	trial_start	staircase	7	green	right	aware	1	0
507.346	0.000	trigger_11	11	507346	Trigger-In:11	91	fixation_point_on	staircase	7	green	right	aware	1	0
507.976	0.000	trigger_21	21	507976	Trigger-In:21	91	grating_on	staircase	7	green	right	aware	1	0
508.031	0.000	trigger_20	20	508031	Trigger-In:20	91	grating_off	staircase	7	green	right	aware	1	0
508.651	0.000	trigger_31	31	508651	Trigger-In:31	91	targets_on_fp_color_change	staircase	7	green	right	aware	1	0
509.776	0.000	trigger_201	201	509776	Trigger-In:201	91	trial_end_completed	staircase	7	green	right	aware	1	0
510.881	0.000	trigger_101	101	510881	Trigger-In:101	92	trial_start	staircase	6	red	left	aware	1	0
510.986	0.000	trigger_11	11	510986	Trigger-In:11	92	fixation_point_on	staircase	6	red	left	aware	1	0
511.611	0.000	trigger_21	21	511611	Trigger-In:21	92	grating_on	staircase	6	red	left	aware	1	0
511.666	0.000	trigger_20	20	511666	Trigger-In:20	92	grating_off	staircase	6	red	left	aware	1	0
512.301	0.000	trigger_31	31	512301	Trigger-In:31	92	targets_on_fp_color_change	staircase	6	red	left	aware	1	0
513.346	0.000	trigger_201	201	513346	Trigger-In:201	92	trial_end_completed	staircase	6	red	left	aware	1	0
514.446	0.000	trigger_101	101	514446	Trigger-In:101	93	trial_start	staircase	5	green	right	aware	1	0
514.551	0.000	trigger_11	11	514551	Trigger-In:11	93	fixation_point_on	staircase	5	green	right	aware	1	0
515.171	0.000	trigger_21	21	515171	Trigger-In:21	93	grating_on	staircase	5	green	right	aware	1	0
515.231	0.000	trigger_20	20	515231	Trigger-In:20	93	grating_off	staircase	5	green	right	aware	1	0
515.861	0.000	trigger_31	31	515861	Trigger-In:31	93	targets_on_fp_color_change	staircase	5	green	right	aware	1	0
516.901	0.000	trigger_201	201	516901	Trigger-In:201	93	trial_end_completed	staircase	5	green	right	aware	1	0
517.991	0.000	trigger_101	101	517991	Trigger-In:101	94	trial_start	staircase	4	green	n/a	n/a	0	0
518.096	0.000	trigger_11	11	518096	Trigger-In:11	94	fixation_point_on	staircase	4	green	n/a	n/a	0	0
518.706	0.000	trigger_21	21	518706	Trigger-In:21	94	grating_on	staircase	4	green	n/a	n/a	0	0
518.766	0.000	trigger_20	20	518766	Trigger-In:20	94	grating_off	staircase	4	green	n/a	n/a	0	0
519.396	0.000	trigger_31	31	519396	Trigger-In:31	94	targets_on_fp_color_change	staircase	4	green	n/a	n/a	0	0
521.581	0.000	trigger_203	203	521581	Trigger-In:203	94	trial_end_not_completed	staircase	4	green	n/a	n/a	0	0
522.711	0.000	trigger_101	101	522711	Trigger-In:101	95	trial_start	staircase	4	red	right	unaware	1	0
522.821	0.000	trigger_11	11	522821	Trigger-In:11	95	fixation_point_on	staircase	4	red	right	unaware	1	0
523.431	0.000	trigger_21	21	523431	Trigger-In:21	95	grating_on	staircase	4	red	right	unaware	1	0
523.486	0.000	trigger_20	20	523486	Trigger-In:20	95	grating_off	staircase	4	red	right	unaware	1	0
524.111	0.000	trigger_31	31	524111	Trigger-In:31	95	targets_on_fp_color_change	staircase	4	red	right	unaware	1	0
525.161	0.000	trigger_201	201	525161	Trigger-In:201	95	trial_end_completed	staircase	4	red	right	unaware	1	0
526.261	0.000	trigger_101	101	526261	Trigger-In:101	96	trial_start	staircase	5	red	left	aware	1	0
526.371	0.000	trigger_11	11	526371	Trigger-In:11	96	fixation_point_on	staircase	5	red	left	aware	1	0
527.001	0.000	trigger_21	21	527001	Trigger-In:21	96	grating_on	staircase	5	red	left	aware	1	0
527.056	0.000	trigger_20	20	527056	Trigger-In:20	96	grating_off	staircase	5	red	left	aware	1	0
527.671	0.000	trigger_31	31	527671	Trigger-In:31	96	targets_on_fp_color_change	staircase	5	red	left	aware	1	0
528.506	0.000	trigger_201	201	528506	Trigger-In:201	96	trial_end_completed	staircase	5	red	left	aware	1	0
529.606	0.000	trigger_101	101	529606	Trigger-In:101	97	trial_start	salient	0	red	right	unaware	1	0
529.711	0.000	trigger_11	11	529711	Trigger-In:11	97	fixation_point_on	salient	0	red	right	unaware	1	0
530.341	0.000	trigger_21	21	530341	Trigger-In:21	97	grating_on	salient	0	red	right	unaware	1	0
530.396	0.000	trigger_20	20	530396	Trigger-In:20	97	grating_off	salient	0	red	right	unaware	1	0
531.026	0.000	trigger_31	31	531026	Trigger-In:31	97	targets_on_fp_color_change	salient	0	red	right	unaware	1	0
531.891	0.000	trigger_201	201	531891	Trigger-In:201	97	trial_end_completed	salient	0	red	right	unaware	1	0
532.996	0.000	trigger_101	101	532996	Trigger-In:101	98	trial_start	staircase	4	red	right	unaware	1	0
533.101	0.000	trigger_11	11	533101	Trigger-In:11	98	fixation_point_on	staircase	4	red	right	unaware	1	0
533.716	0.000	trigger_21	21	533716	Trigger-In:21	98	grating_on	staircase	4	red	right	unaware	1	0
533.771	0.000	trigger_20	20	533771	Trigger-In:20	98	grating_off	staircase	4	red	right	unaware	1	0
534.401	0.000	trigger_31	31	534401	Trigger-In:31	98	targets_on_fp_color_change	staircase	4	red	right	unaware	1	0
535.316	0.000	trigger_201	201	535316	Trigger-In:201	98	trial_end_completed	staircase	4	red	right	unaware	1	0
536.411	0.000	trigger_101	101	536411	Trigger-In:101	99	trial_start	staircase	5	green	n/a	n/a	0	0
536.516	0.000	trigger_11	11	536516	Trigger-In:11	99	fixation_point_on	staircase	5	green	n/a	n/a	0	0
537.136	0.000	trigger_21	21	537136	Trigger-In:21	99	grating_on	staircase	5	green	n/a	n/a	0	0
537.191	0.000	trigger_20	20	537191	Trigger-In:20	99	grating_off	staircase	5	green	n/a	n/a	0	0
537.811	0.000	trigger_31	31	537811	Trigger-In:31	99	targets_on_fp_color_change	staircase	5	green	n/a	n/a	0	0
539.986	0.000	trigger_203	203	539986	Trigger-In:203	99	trial_end_not_completed	staircase	5	green	n/a	n/a	0	0
541.116	0.000	trigger_101	101	541116	Trigger-In:101	100	trial_start	salient	0	green	left	unaware	1	0
541.221	0.000	trigger_11	11	541221	Trigger-In:11	100	fixation_point_on	salient	0	green	left	unaware	1	0
541.841	0.000	trigger_21	21	541841	Trigger-In:21	100	grating_on	salient	0	green	left	unaware	1	0
541.901	0.000	trigger_20	20	541901	Trigger-In:20	100	grating_off	salient	0	green	left	unaware	1	0
542.521	0.000	trigger_31	31	542521	Trigger-In:31	100	targets_on_fp_color_change	salient	0	green	left	unaware	1	0
544.111	0.000	trigger_201	201	544111	Trigger-In:201	100	trial_end_completed	salient	0	green	left	unaware	1	0
545.211	0.000	trigger_101	101	545211	Trigger-In:101	101	trial_start	staircase	5	green	left	unaware	1	0
545.316	0.000	trigger_11	11	545316	Trigger-In:11	101	fixation_point_on	staircase	5	green	left	unaware	1	0
545.941	0.000	trigger_21	21	545941	Trigger-In:21	101	grating_on	staircase	5	green	left	unaware	1	0
546.001	0.000	trigger_20	20	546001	Trigger-In:20	101	grating_off	staircase	5	green	left	unaware	1	0
546.611	0.000	trigger_31	31	546611	Trigger-In:31	101	targets_on_fp_color_change	staircase	5	green	left	unaware	1	0
547.491	0.000	trigger_201	201	547491	Trigger-In:201	101	trial_end_completed	staircase	5	green	left	unaware	1	0
548.586	0.000	trigger_101	101	548586	Trigger-In:101	102	trial_start	absent	70	red	left	aware	1	0
548.691	0.000	trigger_11	11	548691	Trigger-In:11	102	fixation_point_on	absent	70	red	left	aware	1	0
549.311	0.000	trigger_21	21	549311	Trigger-In:21	102	grating_on	absent	70	red	left	aware	1	0
549.366	0.000	trigger_20	20	549366	Trigger-In:20	102	grating_off	absent	70	red	left	aware	1	0
550.001	0.000	trigger_31	31	550001	Trigger-In:31	102	targets_on_fp_color_change	absent	70	red	left	aware	1	0
551.481	0.000	trigger_201	201	551481	Trigger-In:201	102	trial_end_completed	absent	70	red	left	aware	1	0
552.581	0.000	trigger_101	101	552581	Trigger-In:101	103	trial_start	staircase	6	green	left	unaware	1	0
552.686	0.000	trigger_11	11	552686	Trigger-In:11	103	fixation_point_on	staircase	6	green	left	unaware	1	0
553.306	0.000	trigger_21	21	553306	Trigger-In:21	103	grating_on	staircase	6	green	left	unaware	1	0
553.361	0.000	trigger_20	20	553361	Trigger-In:20	103	grating_off	staircase	6	green	left	unaware	1	0
553.996	0.000	trigger_31	31	553996	Trigger-In:31	103	targets_on_fp_color_change	staircase	6	green	left	unaware	1	0
555.186	0.000	trigger_201	201	555186	Trigger-In:201	103	trial_end_completed	staircase	6	green	left	unaware	1	0
556.281	0.000	trigger_101	101	556281	Trigger-In:101	104	trial_start	staircase	7	red	left	aware	1	0
556.381	0.000	trigger_11	11	556381	Trigger-In:11	104	fixation_point_on	staircase	7	red	left	aware	1	0
557.006	0.000	trigger_21	21	557006	Trigger-In:21	104	grating_on	staircase	7	red	left	aware	1	0
557.066	0.000	trigger_20	20	557066	Trigger-In:20	104	grating_off	staircase	7	red	left	aware	1	0
557.681	0.000	trigger_31	31	557681	Trigger-In:31	104	targets_on_fp_color_change	staircase	7	red	left	aware	1	0
558.811	0.000	trigger_201	201	558811	Trigger-In:201	104	trial_end_completed	staircase	7	red	left	aware	1	0
559.911	0.000	trigger_101	101	559911	Trigger-In:101	105	trial_start	absent	70	red	left	aware	1	0
560.021	0.000	trigger_11	11	560021	Trigger-In:11	105	fixation_point_on	absent	70	red	left	aware	1	0
560.636	0.000	trigger_21	21	560636	Trigger-In:21	105	grating_on	absent	70	red	left	aware	1	0
560.696	0.000	trigger_20	20	560696	Trigger-In:20	105	grating_off	absent	70	red	left	aware	1	0
561.326	0.000	trigger_31	31	561326	Trigger-In:31	105	targets_on_fp_color_change	absent	70	red	left	aware	1	0
562.016	0.000	trigger_201	201	562016	Trigger-In:201	105	trial_end_completed	absent	70	red	left	aware	1	0
563.111	0.000	trigger_101	101	563111	Trigger-In:101	106	trial_start	staircase	6	red	right	unaware	1	0
563.216	0.000	trigger_11	11	563216	Trigger-In:11	106	fixation_point_on	staircase	6	red	right	unaware	1	0
563.836	0.000	trigger_21	21	563836	Trigger-In:21	106	grating_on	staircase	6	red	right	unaware	1	0
563.901	0.000	trigger_20	20	563901	Trigger-In:20	106	grating_off	staircase	6	red	right	unaware	1	0
564.516	0.000	trigger_31	31	564516	Trigger-In:31	106	targets_on_fp_color_change	staircase	6	red	right	unaware	1	0
565.601	0.000	trigger_201	201	565601	Trigger-In:201	106	trial_end_completed	staircase	6	red	right	unaware	1	0
566.701	0.000	trigger_101	101	566701	Trigger-In:101	107	trial_start	staircase	7	green	left	unaware	1	0
566.816	0.000	trigger_11	11	566816	Trigger-In:11	107	fixation_point_on	staircase	7	green	left	unaware	1	0
567.441	0.000	trigger_21	21	567441	Trigger-In:21	107	grating_on	staircase	7	green	left	unaware	1	0
567.501	0.000	trigger_20	20	567501	Trigger-In:20	107	grating_off	staircase	7	green	left	unaware	1	0
568.131	0.000	trigger_31	31	568131	Trigger-In:31	107	targets_on_fp_color_change	staircase	7	green	left	unaware	1	0
569.736	0.000	trigger_201	201	569736	Trigger-In:201	107	trial_end_completed	staircase	7	green	left	unaware	1	0
570.841	0.000	trigger_101	101	570841	Trigger-In:101	108	trial_start	staircase	8	green	left	unaware	1	0
570.946	0.000	trigger_11	11	570946	Trigger-In:11	108	fixation_point_on	staircase	8	green	left	unaware	1	0
571.561	0.000	trigger_21	21	571561	Trigger-In:21	108	grating_on	staircase	8	green	left	unaware	1	0
571.616	0.000	trigger_20	20	571616	Trigger-In:20	108	grating_off	staircase	8	green	left	unaware	1	0
572.246	0.000	trigger_31	31	572246	Trigger-In:31	108	targets_on_fp_color_change	staircase	8	green	left	unaware	1	0
573.091	0.000	trigger_201	201	573091	Trigger-In:201	108	trial_end_completed	staircase	8	green	left	unaware	1	0
574.186	0.000	trigger_101	101	574186	Trigger-In:101	109	trial_start	staircase	9	red	right	unaware	1	0
574.471	0.000	trigger_11	11	574471	Trigger-In:11	109	fixation_point_on	staircase	9	red	right	unaware	1	0
575.101	0.000	trigger_21	21	575101	Trigger-In:21	109	grating_on	staircase	9	red	right	unaware	1	0
575.156	0.000	trigger_20	20	575156	Trigger-In:20	109	grating_off	staircase	9	red	right	unaware	1	0
575.781	0.000	trigger_31	31	575781	Trigger-In:31	109	targets_on_fp_color_change	staircase	9	red	right	unaware	1	0
577.086	0.000	trigger_201	201	577086	Trigger-In:201	109	trial_end_completed	staircase	9	red	right	unaware	1	0
578.181	0.000	trigger_101	101	578181	Trigger-In:101	110	trial_start	staircase	10	green	left	unaware	1	0
578.286	0.000	trigger_11	11	578286	Trigger-In:11	110	fixation_point_on	staircase	10	green	left	unaware	1	0
578.911	0.000	trigger_21	21	578911	Trigger-In:21	110	grating_on	staircase	10	green	left	unaware	1	0
578.971	0.000	trigger_20	20	578971	Trigger-In:20	110	grating_off	staircase	10	green	left	unaware	1	0
579.581	0.000	trigger_31	31	579581	Trigger-In:31	110	targets_on_fp_color_change	staircase	10	green	left	unaware	1	0
580.591	0.000	trigger_201	201	580591	Trigger-In:201	110	trial_end_completed	staircase	10	green	left	unaware	1	0
581.681	0.000	trigger_101	101	581681	Trigger-In:101	111	trial_start	staircase	11	red	left	aware	1	0
581.786	0.000	trigger_11	11	581786	Trigger-In:11	111	fixation_point_on	staircase	11	red	left	aware	1	0
582.406	0.000	trigger_21	21	582406	Trigger-In:21	111	grating_on	staircase	11	red	left	aware	1	0
582.461	0.000	trigger_20	20	582461	Trigger-In:20	111	grating_off	staircase	11	red	left	aware	1	0
583.106	0.000	trigger_31	31	583106	Trigger-In:31	111	targets_on_fp_color_change	staircase	11	red	left	aware	1	0
584.311	0.000	trigger_201	201	584311	Trigger-In:201	111	trial_end_completed	staircase	11	red	left	aware	1	0
585.406	0.000	trigger_101	101	585406	Trigger-In:101	112	trial_start	staircase	10	green	right	aware	1	0
585.516	0.000	trigger_11	11	585516	Trigger-In:11	112	fixation_point_on	staircase	10	green	right	aware	1	0
586.146	0.000	trigger_21	21	586146	Trigger-In:21	112	grating_on	staircase	10	green	right	aware	1	0
586.206	0.000	trigger_20	20	586206	Trigger-In:20	112	grating_off	staircase	10	green	right	aware	1	0
586.831	0.000	trigger_31	31	586831	Trigger-In:31	112	targets_on_fp_color_change	staircase	10	green	right	aware	1	0
587.796	0.000	trigger_201	201	587796	Trigger-In:201	112	trial_end_completed	staircase	10	green	right	aware	1	0
588.896	0.000	trigger_101	101	588896	Trigger-In:101	113	trial_start	staircase	9	green	right	aware	1	0
589.006	0.000	trigger_11	11	589006	Trigger-In:11	113	fixation_point_on	staircase	9	green	right	aware	1	0
589.621	0.000	trigger_21	21	589621	Trigger-In:21	113	grating_on	staircase	9	green	right	aware	1	0
589.676	0.000	trigger_20	20	589676	Trigger-In:20	113	grating_off	staircase	9	green	right	aware	1	0
590.316	0.000	trigger_31	31	590316	Trigger-In:31	113	targets_on_fp_color_change	staircase	9	green	right	aware	1	0
591.161	0.000	trigger_201	201	591161	Trigger-In:201	113	trial_end_completed	staircase	9	green	right	aware	1	0
592.261	0.000	trigger_101	101	592261	Trigger-In:101	114	trial_start	staircase	8	red	left	aware	1	0
592.366	0.000	trigger_11	11	592366	Trigger-In:11	114	fixation_point_on	staircase	8	red	left	aware	1	0
592.991	0.000	trigger_21	21	592991	Trigger-In:21	114	grating_on	staircase	8	red	left	aware	1	0
593.046	0.000	trigger_20	20	593046	Trigger-In:20	114	grating_off	staircase	8	red	left	aware	1	0
593.671	0.000	trigger_31	31	593671	Trigger-In:31	114	targets_on_fp_color_change	staircase	8	red	left	aware	1	0
594.886	0.000	trigger_201	201	594886	Trigger-In:201	114	trial_end_completed	staircase	8	red	left	aware	1	0
596.011	0.000	trigger_101	101	596011	Trigger-In:101	115	trial_start	staircase	7	red	n/a	n/a	0	0
596.111	0.000	trigger_11	11	596111	Trigger-In:11	115	fixation_point_on	staircase	7	red	n/a	n/a	0	0
596.731	0.000	trigger_21	21	596731	Trigger-In:21	115	grating_on	staircase	7	red	n/a	n/a	0	0
596.791	0.000	trigger_20	20	596791	Trigger-In:20	115	grating_off	staircase	7	red	n/a	n/a	0	0
597.406	0.000	trigger_31	31	597406	Trigger-In:31	115	targets_on_fp_color_change	staircase	7	red	n/a	n/a	0	0
599.601	0.000	trigger_203	203	599601	Trigger-In:203	115	trial_end_not_completed	staircase	7	red	n/a	n/a	0	0
600.736	0.000	trigger_101	101	600736	Trigger-In:101	116	trial_start	staircase	7	red	n/a	n/a	0	0
600.841	0.000	trigger_11	11	600841	Trigger-In:11	116	fixation_point_on	staircase	7	red	n/a	n/a	0	0
601.456	0.000	trigger_21	21	601456	Trigger-In:21	116	grating_on	staircase	7	red	n/a	n/a	0	0
601.511	0.000	trigger_20	20	601511	Trigger-In:20	116	grating_off	staircase	7	red	n/a	n/a	0	0
602.146	0.000	trigger_31	31	602146	Trigger-In:31	116	targets_on_fp_color_change	staircase	7	red	n/a	n/a	0	0
604.336	0.000	trigger_203	203	604336	Trigger-In:203	116	trial_end_not_completed	staircase	7	red	n/a	n/a	0	0
605.476	0.000	trigger_101	101	605476	Trigger-In:101	117	trial_start	salient	0	green	left	unaware	1	0
605.576	0.000	trigger_11	11	605576	Trigger-In:11	117	fixation_point_on	salient	0	green	left	unaware	1	0
606.196	0.000	trigger_21	21	606196	Trigger-In:21	117	grating_on	salient	0	green	left	unaware	1	0
606.251	0.000	trigger_20	20	606251	Trigger-In:20	117	grating_off	salient	0	green	left	unaware	1	0
606.871	0.000	trigger_31	31	606871	Trigger-In:31	117	targets_on_fp_color_change	salient	0	green	left	unaware	1	0
608.271	0.000	trigger_201	201	608271	Trigger-In:201	117	trial_end_completed	salient	0	green	left	unaware	1	0
609.371	0.000	trigger_101	101	609371	Trigger-In:101	118	trial_start	staircase	7	green	left	unaware	1	0
609.476	0.000	trigger_11	11	609476	Trigger-In:11	118	fixation_point_on	staircase	7	green	left	unaware	1	0
610.096	0.000	trigger_21	21	610096	Trigger-In:21	118	grating_on	staircase	7	green	left	unaware	1	0
610.146	0.000	trigger_20	20	610146	Trigger-In:20	118	grating_off	staircase	7	green	left	unaware	1	0
610.771	0.000	trigger_31	31	610771	Trigger-In:31	118	targets_on_fp_color_change	staircase	7	green	left	unaware	1	0
611.606	0.000	trigger_201	201	611606	Trigger-In:201	118	trial_end_completed	staircase	7	green	left	unaware	1	0
612.701	0.000	trigger_101	101	612701	Trigger-In:101	119	trial_start	salient	0	green	left	unaware	1	0
612.806	0.000	trigger_11	11	612806	Trigger-In:11	119	fixation_point_on	salient	0	green	left	unaware	1	0
613.426	0.000	trigger_21	21	613426	Trigger-In:21	119	grating_on	salient	0	green	left	unaware	1	0
613.481	0.000	trigger_20	20	613481	Trigger-In:20	119	grating_off	salient	0	green	left	unaware	1	0
614.106	0.000	trigger_31	31	614106	Trigger-In:31	119	targets_on_fp_color_change	salient	0	green	left	unaware	1	0
614.941	0.000	trigger_201	201	614941	Trigger-In:201	119	trial_end_completed	salient	0	green	left	unaware	1	0
616.036	0.000	trigger_101	101	616036	Trigger-In:101	120	trial_start	staircase	8	green	left	unaware	1	0
616.141	0.000	trigger_11	11	616141	Trigger-In:11	120	fixation_point_on	staircase	8	green	left	unaware	1	0
616.766	0.000	trigger_21	21	616766	Trigger-In:21	120	grating_on	staircase	8	green	left	unaware	1	0
616.826	0.000	trigger_20	20	616826	Trigger-In:20	120	grating_off	staircase	8	green	left	unaware	1	0
617.451	0.000	trigger_31	31	617451	Trigger-In:31	120	targets_on_fp_color_change	staircase	8	green	left	unaware	1	0
618.341	0.000	trigger_201	201	618341	Trigger-In:201	120	trial_end_completed	staircase	8	green	left	unaware	1	0
619.436	0.000	trigger_101	101	619436	Trigger-In:101	121	trial_start	salient	0	green	left	unaware	1	0
619.541	0.000	trigger_11	11	619541	Trigger-In:11	121	fixation_point_on	salient	0	green	left	unaware	1	0
620.161	0.000	trigger_21	21	620161	Trigger-In:21	121	grating_on	salient	0	green	left	unaware	1	0
620.216	0.000	trigger_20	20	620216	Trigger-In:20	121	grating_off	salient	0	green	left	unaware	1	0
620.856	0.000	trigger_31	31	620856	Trigger-In:31	121	targets_on_fp_color_change	salient	0	green	left	unaware	1	0
621.906	0.000	trigger_201	201	621906	Trigger-In:201	121	trial_end_completed	salient	0	green	left	unaware	1	0
623.006	0.000	trigger_101	101	623006	Trigger-In:101	122	trial_start	salient	0	red	right	unaware	1	0
623.111	0.000	trigger_11	11	623111	Trigger-In:11	122	fixation_point_on	salient	0	red	right	unaware	1	0
623.736	0.000	trigger_21	21	623736	Trigger-In:21	122	grating_on	salient	0	red	right	unaware	1	0
623.791	0.000	trigger_20	20	623791	Trigger-In:20	122	grating_off	salient	0	red	right	unaware	1	0
624.421	0.000	trigger_31	31	624421	Trigger-In:31	122	targets_on_fp_color_change	salient	0	red	right	unaware	1	0
625.836	0.000	trigger_201	201	625836	Trigger-In:201	122	trial_end_completed	salient	0	red	right	unaware	1	0
626.931	0.000	trigger_101	101	626931	Trigger-In:101	123	trial_start	absent	70	green	right	aware	1	0
627.036	0.000	trigger_11	11	627036	Trigger-In:11	123	fixation_point_on	absent	70	green	right	aware	1	0
627.656	0.000	trigger_21	21	627656	Trigger-In:21	123	grating_on	absent	70	green	right	aware	1	0
627.711	0.000	trigger_20	20	627711	Trigger-In:20	123	grating_off	absent	70	green	right	aware	1	0
628.331	0.000	trigger_31	31	628331	Trigger-In:31	123	targets_on_fp_color_change	absent	70	green	right	aware	1	0
629.456	0.000	trigger_201	201	629456	Trigger-In:201	123	trial_end_completed	absent	70	green	right	aware	1	0
630.556	0.000	trigger_101	101	630556	Trigger-In:101	124	trial_start	absent	70	green	right	aware	1	0
630.676	0.000	trigger_11	11	630676	Trigger-In:11	124	fixation_point_on	absent	70	green	right	aware	1	0
631.306	0.000	trigger_21	21	631306	Trigger-In:21	124	grating_on	absent	70	green	right	aware	1	0
631.366	0.000	trigger_20	20	631366	Trigger-In:20	124	grating_off	absent	70	green	right	aware	1	0
632.006	0.000	trigger_31	31	632006	Trigger-In:31	124	targets_on_fp_color_change	absent	70	green	right	aware	1	0
632.946	0.000	trigger_201	201	632946	Trigger-In:201	124	trial_end_completed	absent	70	green	right	aware	1	0
634.041	0.000	trigger_101	101	634041	Trigger-In:101	125	trial_start	staircase	9	green	right	aware	1	0
634.311	0.000	trigger_11	11	634311	Trigger-In:11	125	fixation_point_on	staircase	9	green	right	aware	1	0
634.941	0.000	trigger_21	21	634941	Trigger-In:21	125	grating_on	staircase	9	green	right	aware	1	0
634.996	0.000	trigger_20	20	634996	Trigger-In:20	125	grating_off	staircase	9	green	right	aware	1	0
635.611	0.000	trigger_31	31	635611	Trigger-In:31	125	targets_on_fp_color_change	staircase	9	green	right	aware	1	0
636.321	0.000	trigger_201	201	636321	Trigger-In:201	125	trial_end_completed	staircase	9	green	right	aware	1	0
637.416	0.000	trigger_101	101	637416	Trigger-In:101	126	trial_start	staircase	8	green	right	aware	1	0
637.676	0.000	trigger_11	11	637676	Trigger-In:11	126	fixation_point_on	staircase	8	green	right	aware	1	0
638.296	0.000	trigger_21	21	638296	Trigger-In:21	126	grating_on	staircase	8	green	right	aware	1	0
638.351	0.000	trigger_20	20	638351	Trigger-In:20	126	grating_off	staircase	8	green	right	aware	1	0
638.991	0.000	trigger_31	31	638991	Trigger-In:31	126	targets_on_fp_color_change	staircase	8	green	right	aware	1	0
639.691	0.000	trigger_201	201	639691	Trigger-In:201	126	trial_end_completed	staircase	8	green	right	aware	1	0
640.786	0.000	trigger_101	101	640786	Trigger-In:101	127	trial_start	staircase	7	red	left	aware	1	0
641.216	0.000	trigger_11	11	641216	Trigger-In:11	127	fixation_point_on	staircase	7	red	left	aware	1	0
641.836	0.000	trigger_21	21	641836	Trigger-In:21	127	grating_on	staircase	7	red	left	aware	1	0
641.891	0.000	trigger_20	20	641891	Trigger-In:20	127	grating_off	staircase	7	red	left	aware	1	0
642.506	0.000	trigger_31	31	642506	Trigger-In:31	127	targets_on_fp_color_change	staircase	7	red	left	aware	1	0
643.396	0.000	trigger_201	201	643396	Trigger-In:201	127	trial_end_completed	staircase	7	red	left	aware	1	0
644.496	0.000	trigger_101	101	644496	Trigger-In:101	128	trial_start	staircase	6	green	left	unaware	1	0
644.596	0.000	trigger_11	11	644596	Trigger-In:11	128	fixation_point_on	staircase	6	green	left	unaware	1	0
645.206	0.000	trigger_21	21	645206	Trigger-In:21	128	grating_on	staircase	6	green	left	unaware	1	0
645.266	0.000	trigger_20	20	645266	Trigger-In:20	128	grating_off	staircase	6	green	left	unaware	1	0
645.886	0.000	trigger_31	31	645886	Trigger-In:31	128	targets_on_fp_color_change	staircase	6	green	left	unaware	1	0
647.176	0.000	trigger_201	201	647176	Trigger-In:201	128	trial_end_completed	staircase	6	green	left	unaware	1	0
648.276	0.000	trigger_101	101	648276	Trigger-In:101	129	trial_start	absent	70	red	right	unaware	1	0
648.381	0.000	trigger_11	11	648381	Trigger-In:11	129	fixation_point_on	absent	70	red	right	unaware	1	0
649.001	0.000	trigger_21	21	649001	Trigger-In:21	129	grating_on	absent	70	red	right	unaware	1	0
649.056	0.000	trigger_20	20	649056	Trigger-In:20	129	grating_off	absent	70	red	right	unaware	1	0
649.671	0.000	trigger_31	31	649671	Trigger-In:31	129	targets_on_fp_color_change	absent	70	red	right	unaware	1	0
650.776	0.000	trigger_201	201	650776	Trigger-In:201	129	trial_end_completed	absent	70	red	right	unaware	1	0
652.146	0.000	trigger_101	101	652146	Trigger-In:101	130	trial_start	staircase	7	green	n/a	n/a	0	1
652.251	0.000	trigger_11	11	652251	Trigger-In:11	130	fixation_point_on	staircase	7	green	n/a	n/a	0	1
652.456	0.000	trigger_204	204	652456	Trigger-In:204	130	trial_end_fixation_break	staircase	7	green	n/a	n/a	0	1
654.251	0.000	trigger_101	101	654251	Trigger-In:101	131	trial_start	absent	70	green	right	aware	1	0
654.356	0.000	trigger_11	11	654356	Trigger-In:11	131	fixation_point_on	absent	70	green	right	aware	1	0
654.971	0.000	trigger_21	21	654971	Trigger-In:21	131	grating_on	absent	70	green	right	aware	1	0
655.026	0.000	trigger_20	20	655026	Trigger-In:20	131	grating_off	absent	70	green	right	aware	1	0
655.646	0.000	trigger_31	31	655646	Trigger-In:31	131	targets_on_fp_color_change	absent	70	green	right	aware	1	0
656.506	0.000	trigger_201	201	656506	Trigger-In:201	131	trial_end_completed	absent	70	green	right	aware	1	0
657.596	0.000	trigger_101	101	657596	Trigger-In:101	132	trial_start	staircase	7	green	right	aware	1	0
657.706	0.000	trigger_11	11	657706	Trigger-In:11	132	fixation_point_on	staircase	7	green	right	aware	1	0
658.316	0.000	trigger_21	21	658316	Trigger-In:21	132	grating_on	staircase	7	green	right	aware	1	0
658.371	0.000	trigger_20	20	658371	Trigger-In:20	132	grating_off	staircase	7	green	right	aware	1	0
659.001	0.000	trigger_31	31	659001	Trigger-In:31	132	targets_on_fp_color_change	staircase	7	green	right	aware	1	0
659.906	0.000	trigger_201	201	659906	Trigger-In:201	132	trial_end_completed	staircase	7	green	right	aware	1	0
661.001	0.000	trigger_101	101	661001	Trigger-In:101	133	trial_start	staircase	6	green	left	unaware	1	0
661.106	0.000	trigger_11	11	661106	Trigger-In:11	133	fixation_point_on	staircase	6	green	left	unaware	1	0
661.726	0.000	trigger_21	21	661726	Trigger-In:21	133	grating_on	staircase	6	green	left	unaware	1	0
661.776	0.000	trigger_20	20	661776	Trigger-In:20	133	grating_off	staircase	6	green	left	unaware	1	0
662.391	0.000	trigger_31	31	662391	Trigger-In:31	133	targets_on_fp_color_change	staircase	6	green	left	unaware	1	0
663.446	0.000	trigger_201	201	663446	Trigger-In:201	133	trial_end_completed	staircase	6	green	left	unaware	1	0
664.541	0.000	trigger_101	101	664541	Trigger-In:101	134	trial_start	staircase	7	green	left	unaware	1	0
664.641	0.000	trigger_11	11	664641	Trigger-In:11	134	fixation_point_on	staircase	7	green	left	unaware	1	0
665.266	0.000	trigger_21	21	665266	Trigger-In:21	134	grating_on	staircase	7	green	left	unaware	1	0
665.326	0.000	trigger_20	20	665326	Trigger-In:20	134	grating_off	staircase	7	green	left	unaware	1	0
665.961	0.000	trigger_31	31	665961	Trigger-In:31	134	targets_on_fp_color_change	staircase	7	green	left	unaware	1	0
666.876	0.000	trigger_201	201	666876	Trigger-In:201	134	trial_end_completed	staircase	7	green	left	unaware	1	0
667.966	0.000	trigger_101	101	667966	Trigger-In:101	135	trial_start	staircase	8	green	left	unaware	1	0
668.071	0.000	trigger_11	11	668071	Trigger-In:11	135	fixation_point_on	staircase	8	green	left	unaware	1	0
668.701	0.000	trigger_21	21	668701	Trigger-In:21	135	grating_on	staircase	8	green	left	unaware	1	0
668.751	0.000	trigger_20	20	668751	Trigger-In:20	135	grating_off	staircase	8	green	left	unaware	1	0
669.376	0.000	trigger_31	31	669376	Trigger-In:31	135	targets_on_fp_color_change	staircase	8	green	left	unaware	1	0
670.106	0.000	trigger_201	201	670106	Trigger-In:201	135	trial_end_completed	staircase	8	green	left	unaware	1	0
671.201	0.000	trigger_101	101	671201	Trigger-In:101	136	trial_start	salient	0	red	left	aware	1	0
671.301	0.000	trigger_11	11	671301	Trigger-In:11	136	fixation_point_on	salient	0	red	left	aware	1	0
671.926	0.000	trigger_21	21	671926	Trigger-In:21	136	grating_on	salient	0	red	left	aware	1	0
671.986	0.000	trigger_20	20	671986	Trigger-In:20	136	grating_off	salient	0	red	left	aware	1	0
672.606	0.000	trigger_31	31	672606	Trigger-In:31	136	targets_on_fp_color_change	salient	0	red	left	aware	1	0
673.946	0.000	trigger_201	201	673946	Trigger-In:201	136	trial_end_completed	salient	0	red	left	aware	1	0
675.316	0.000	trigger_101	101	675316	Trigger-In:101	137	trial_start	staircase	9	red	right	unaware	1	0
675.421	0.000	trigger_11	11	675421	Trigger-In:11	137	fixation_point_on	staircase	9	red	right	unaware	1	0
676.046	0.000	trigger_21	21	676046	Trigger-In:21	137	grating_on	staircase	9	red	right	unaware	1	0
676.101	0.000	trigger_20	20	676101	Trigger-In:20	137	grating_off	staircase	9	red	right	unaware	1	0
676.731	0.000	trigger_31	31	676731	Trigger-In:31	137	targets_on_fp_color_change	staircase	9	red	right	unaware	1	0
677.611	0.000	trigger_201	201	677611	Trigger-In:201	137	trial_end_completed	staircase	9	red	right	unaware	1	0
678.706	0.000	trigger_101	101	678706	Trigger-In:101	138	trial_start	absent	70	red	left	aware	1	0
678.811	0.000	trigger_11	11	678811	Trigger-In:11	138	fixation_point_on	absent	70	red	left	aware	1	0
679.431	0.000	trigger_21	21	679431	Trigger-In:21	138	grating_on	absent	70	red	left	aware	1	0
679.486	0.000	trigger_20	20	679486	Trigger-In:20	138	grating_off	absent	70	red	left	aware	1	0
680.121	0.000	trigger_31	31	680121	Trigger-In:31	138	targets_on_fp_color_change	absent	70	red	left	aware	1	0
680.806	0.000	trigger_201	201	680806	Trigger-In:201	138	trial_end_completed	absent	70	red	left	aware	1	0
681.906	0.000	trigger_101	101	681906	Trigger-In:101	139	trial_start	staircase	10	green	right	aware	1	0
682.006	0.000	trigger_11	11	682006	Trigger-In:11	139	fixation_point_on	staircase	10	green	right	aware	1	0
682.631	0.000	trigger_21	21	682631	Trigger-In:21	139	grating_on	staircase	10	green	right	aware	1	0
682.681	0.000	trigger_20	20	682681	Trigger-In:20	139	grating_off	staircase	10	green	right	aware	1	0
683.311	0.000	trigger_31	31	683311	Trigger-In:31	139	targets_on_fp_color_change	staircase	10	green	right	aware	1	0
684.131	0.000	trigger_201	201	684131	Trigger-In:201	139	trial_end_completed	staircase	10	green	right	aware	1	0
685.231	0.000	trigger_101	101	685231	Trigger-In:101	140	trial_start	staircase	9	red	right	unaware	1	0
685.336	0.000	trigger_11	11	685336	Trigger-In:11	140	fixation_point_on	staircase	9	red	right	unaware	1	0
685.966	0.000	trigger_21	21	685966	Trigger-In:21	140	grating_on	staircase	9	red	right	unaware	1	0
686.016	0.000	trigger_20	20	686016	Trigger-In:20	140	grating_off	staircase	9	red	right	unaware	1	0
686.641	0.000	trigger_31	31	686641	Trigger-In:31	140	targets_on_fp_color_change	staircase	9	red	right	unaware	1	0
687.961	0.000	trigger_201	201	687961	Trigger-In:201	140	trial_end_completed	staircase	9	red	right	unaware	1	0
689.066	0.000	trigger_101	101	689066	Trigger-In:101	141	trial_start	staircase	10	green	left	unaware	1	0
689.171	0.000	trigger_11	11	689171	Trigger-In:11	141	fixation_point_on	staircase	10	green	left	unaware	1	0
689.791	0.000	trigger_21	21	689791	Trigger-In:21	141	grating_on	staircase	10	green	left	unaware	1	0
689.856	0.000	trigger_20	20	689856	Trigger-In:20	141	grating_off	staircase	10	green	left	unaware	1	0
690.476	0.000	trigger_31	31	690476	Trigger-In:31	141	targets_on_fp_color_change	staircase	10	green	left	unaware	1	0
692.006	0.000	trigger_201	201	692006	Trigger-In:201	141	trial_end_completed	staircase	10	green	left	unaware	1	0
693.101	0.000	trigger_101	101	693101	Trigger-In:101	142	trial_start	staircase	11	red	left	aware	1	0
693.206	0.000	trigger_11	11	693206	Trigger-In:11	142	fixation_point_on	staircase	11	red	left	aware	1	0
693.836	0.000	trigger_21	21	693836	Trigger-In:21	142	grating_on	staircase	11	red	left	aware	1	0
693.891	0.000	trigger_20	20	693891	Trigger-In:20	142	grating_off	staircase	11	red	left	aware	1	0
694.506	0.000	trigger_31	31	694506	Trigger-In:31	142	targets_on_fp_color_change	staircase	11	red	left	aware	1	0
695.526	0.000	trigger_201	201	695526	Trigger-In:201	142	trial_end_completed	staircase	11	red	left	aware	1	0
696.621	0.000	trigger_101	101	696621	Trigger-In:101	143	trial_start	staircase	10	green	right	aware	1	0
696.736	0.000	trigger_11	11	696736	Trigger-In:11	143	fixation_point_on	staircase	10	green	right	aware	1	0
697.361	0.000	trigger_21	21	697361	Trigger-In:21	143	grating_on	staircase	10	green	right	aware	1	0
697.416	0.000	trigger_20	20	697416	Trigger-In:20	143	grating_off	staircase	10	green	right	aware	1	0
698.056	0.000	trigger_31	31	698056	Trigger-In:31	143	targets_on_fp_color_change	staircase	10	green	right	aware	1	0
699.176	0.000	trigger_201	201	699176	Trigger-In:201	143	trial_end_completed	staircase	10	green	right	aware	1	0
700.271	0.000	trigger_101	101	700271	Trigger-In:101	144	trial_start	staircase	9	green	right	aware	1	0
700.376	0.000	trigger_11	11	700376	Trigger-In:11	144	fixation_point_on	staircase	9	green	right	aware	1	0
701.016	0.000	trigger_21	21	701016	Trigger-In:21	144	grating_on	staircase	9	green	right	aware	1	0
701.071	0.000	trigger_20	20	701071	Trigger-In:20	144	grating_off	staircase	9	green	right	aware	1	0
701.706	0.000	trigger_31	31	701706	Trigger-In:31	144	targets_on_fp_color_change	staircase	9	green	right	aware	1	0
702.661	0.000	trigger_201	201	702661	Trigger-In:201	144	trial_end_completed	staircase	9	green	right	aware	1	0
703.761	0.000	trigger_101	101	703761	Trigger-In:101	145	trial_start	staircase	8	green	left	unaware	1	0
703.876	0.000	trigger_11	11	703876	Trigger-In:11	145	fixation_point_on	staircase	8	green	left	unaware	1	0
704.496	0.000	trigger_21	21	704496	Trigger-In:21	145	grating_on	staircase	8	green	left	unaware	1	0
704.551	0.000	trigger_20	20	704551	Trigger-In:20	145	grating_off	staircase	8	green	left	unaware	1	0
705.181	0.000	trigger_31	31	705181	Trigger-In:31	145	targets_on_fp_color_change	staircase	8	green	left	unaware	1	0
707.201	0.000	trigger_201	201	707201	Trigger-In:201	145	trial_end_completed	staircase	8	green	left	unaware	1	0
708.301	0.000	trigger_101	101	708301	Trigger-In:101	146	trial_start	salient	0	red	right	unaware	1	0
708.406	0.000	trigger_11	11	708406	Trigger-In:11	146	fixation_point_on	salient	0	red	right	unaware	1	0
709.031	0.000	trigger_21	21	709031	Trigger-In:21	146	grating_on	salient	0	red	right	unaware	1	0
709.091	0.000	trigger_20	20	709091	Trigger-In:20	146	grating_off	salient	0	red	right	unaware	1	0
709.716	0.000	trigger_31	31	709716	Trigger-In:31	146	targets_on_fp_color_change	salient	0	red	right	unaware	1	0
711.031	0.000	trigger_201	201	711031	Trigger-In:201	146	trial_end_completed	salient	0	red	right	unaware	1	0
712.126	0.000	trigger_101	101	712126	Trigger-In:101	147	trial_start	staircase	9	red	left	aware	1	0
712.231	0.000	trigger_11	11	712231	Trigger-In:11	147	fixation_point_on	staircase	9	red	left	aware	1	0
712.866	0.000	trigger_21	21	712866	Trigger-In:21	147	grating_on	staircase	9	red	left	aware	1	0
712.921	0.000	trigger_20	20	712921	Trigger-In:20	147	grating_off	staircase	9	red	left	aware	1	0
713.541	0.000	trigger_31	31	713541	Trigger-In:31	147	targets_on_fp_color_change	staircase	9	red	left	aware	1	0
714.466	0.000	trigger_201	201	714466	Trigger-In:201	147	trial_end_completed	staircase	9	red	left	aware	1	0
715.561	0.000	trigger_101	101	715561	Trigger-In:101	148	trial_start	salient	0	green	left	unaware	1	0
715.671	0.000	trigger_11	11	715671	Trigger-In:11	148	fixation_point_on	salient	0	green	left	unaware	1	0
716.291	0.000	trigger_21	21	716291	Trigger-In:21	148	grating_on	salient	0	green	left	unaware	1	0
716.346	0.000	trigger_20	20	716346	Trigger-In:20	148	grating_off	salient	0	green	left	unaware	1	0
716.981	0.000	trigger_31	31	716981	Trigger-In:31	148	targets_on_fp_color_change	salient	0	green	left	unaware	1	0
718.301	0.000	trigger_201	201	718301	Trigger-In:201	148	trial_end_completed	salient	0	green	left	unaware	1	0
719.396	0.000	trigger_101	101	719396	Trigger-In:101	149	trial_start	staircase	8	red	right	unaware	1	0
719.501	0.000	trigger_11	11	719501	Trigger-In:11	149	fixation_point_on	staircase	8	red	right	unaware	1	0
720.131	0.000	trigger_21	21	720131	Trigger-In:21	149	grating_on	staircase	8	red	right	unaware	1	0
720.186	0.000	trigger_20	20	720186	Trigger-In:20	149	grating_off	staircase	8	red	right	unaware	1	0
720.811	0.000	trigger_31	31	720811	Trigger-In:31	149	targets_on_fp_color_change	staircase	8	red	right	unaware	1	0
722.046	0.000	trigger_201	201	722046	Trigger-In:201	149	trial_end_completed	staircase	8	red	right	unaware	1	0
723.141	0.000	trigger_101	101	723141	Trigger-In:101	150	trial_start	staircase	9	green	right	aware	1	0
723.246	0.000	trigger_11	11	723246	Trigger-In:11	150	fixation_point_on	staircase	9	green	right	aware	1	0
723.876	0.000	trigger_21	21	723876	Trigger-In:21	150	grating_on	staircase	9	green	right	aware	1	0
723.926	0.000	trigger_20	20	723926	Trigger-In:20	150	grating_off	staircase	9	green	right	aware	1	0
724.546	0.000	trigger_31	31	724546	Trigger-In:31	150	targets_on_fp_color_change	staircase	9	green	right	aware	1	0
725.636	0.000	trigger_201	201	725636	Trigger-In:201	150	trial_end_completed	staircase	9	green	right	aware	1	0
726.731	0.000	trigger_101	101	726731	Trigger-In:101	151	trial_start	salient	0	green	left	unaware	1	0
727.166	0.000	trigger_11	11	727166	Trigger-In:11	151	fixation_point_on	salient	0	green	left	unaware	1	0
727.786	0.000	trigger_21	21	727786	Trigger-In:21	151	grating_on	salient	0	green	left	unaware	1	0
727.846	0.000	trigger_20	20	727846	Trigger-In:20	151	grating_off	salient	0	green	left	unaware	1	0
728.471	0.000	trigger_31	31	728471	Trigger-In:31	151	targets_on_fp_color_change	salient	0	green	left	unaware	1	0
729.256	0.000	trigger_201	201	729256	Trigger-In:201	151	trial_end_completed	salient	0	green	left	unaware	1	0
730.351	0.000	trigger_101	101	730351	Trigger-In:101	152	trial_start	staircase	8	green	left	unaware	1	0
730.461	0.000	trigger_11	11	730461	Trigger-In:11	152	fixation_point_on	staircase	8	green	left	unaware	1	0
731.091	0.000	trigger_21	21	731091	Trigger-In:21	152	grating_on	staircase	8	green	left	unaware	1	0
731.146	0.000	trigger_20	20	731146	Trigger-In:20	152	grating_off	staircase	8	green	left	unaware	1	0
731.766	0.000	trigger_31	31	731766	Trigger-In:31	152	targets_on_fp_color_change	staircase	8	green	left	unaware	1	0
732.571	0.000	trigger_201	201	732571	Trigger-In:201	152	trial_end_completed	staircase	8	green	left	unaware	1	0
733.666	0.000	trigger_101	101	733666	Trigger-In:101	153	trial_start	salient	0	red	right	unaware	1	0
733.771	0.000	trigger_11	11	733771	Trigger-In:11	153	fixation_point_on	salient	0	red	right	unaware	1	0
734.396	0.000	trigger_21	21	734396	Trigger-In:21	153	grating_on	salient	0	red	right	unaware	1	0
734.451	0.000	trigger_20	20	734451	Trigger-In:20	153	grating_off	salient	0	red	right	unaware	1	0
735.081	0.000	trigger_31	31	735081	Trigger-In:31	153	targets_on_fp_color_change	salient	0	red	right	unaware	1	0
736.346	0.000	trigger_201	201	736346	Trigger-In:201	153	trial_end_completed	salient	0	red	right	unaware	1	0
737.441	0.000	trigger_101	101	737441	Trigger-In:101	154	trial_start	salient	0	red	right	unaware	1	0
737.541	0.000	trigger_11	11	737541	Trigger-In:11	154	fixation_point_on	salient	0	red	right	unaware	1	0
738.166	0.000	trigger_21	21	738166	Trigger-In:21	154	grating_on	salient	0	red	right	unaware	1	0
738.221	0.000	trigger_20	20	738221	Trigger-In:20	154	grating_off	salient	0	red	right	unaware	1	0
738.856	0.000	trigger_31	31	738856	Trigger-In:31	154	targets_on_fp_color_change	salient	0	red	right	unaware	1	0
739.831	0.000	trigger_201	201	739831	Trigger-In:201	154	trial_end_completed	salient	0	red	right	unaware	1	0
740.931	0.000	trigger_101	101	740931	Trigger-In:101	155	trial_start	salient	0	red	right	unaware	1	0
741.036	0.000	trigger_11	11	741036	Trigger-In:11	155	fixation_point_on	salient	0	red	right	unaware	1	0
741.656	0.000	trigger_21	21	741656	Trigger-In:21	155	grating_on	salient	0	red	right	unaware	1	0
741.711	0.000	trigger_20	20	741711	Trigger-In:20	155	grating_off	salient	0	red	right	unaware	1	0
742.336	0.000	trigger_31	31	742336	Trigger-In:31	155	targets_on_fp_color_change	salient	0	red	right	unaware	1	0
743.351	0.000	trigger_201	201	743351	Trigger-In:201	155	trial_end_completed	salient	0	red	right	unaware	1	0
744.446	0.000	trigger_101	101	744446	Trigger-In:101	156	trial_start	staircase	9	green	left	unaware	1	0
744.556	0.000	trigger_11	11	744556	Trigger-In:11	156	fixation_point_on	staircase	9	green	left	unaware	1	0
745.176	0.000	trigger_21	21	745176	Trigger-In:21	156	grating_on	staircase	9	green	left	unaware	1	0
745.231	0.000	trigger_20	20	745231	Trigger-In:20	156	grating_off	staircase	9	green	left	unaware	1	0
745.861	0.000	trigger_31	31	745861	Trigger-In:31	156	targets_on_fp_color_change	staircase	9	green	left	unaware	1	0
746.926	0.000	trigger_201	201	746926	Trigger-In:201	156	trial_end_completed	staircase	9	green	left	unaware	1	0
748.021	0.000	trigger_101	101	748021	Trigger-In:101	157	trial_start	staircase	10	red	right	unaware	1	0
748.126	0.000	trigger_11	11	748126	Trigger-In:11	157	fixation_point_on	staircase	10	red	right	unaware	1	0
748.751	0.000	trigger_21	21	748751	Trigger-In:21	157	grating_on	staircase	10	red	right	unaware	1	0
748.811	0.000	trigger_20	20	748811	Trigger-In:20	157	grating_off	staircase	10	red	right	unaware	1	0
749.431	0.000	trigger_31	31	749431	Trigger-In:31	157	targets_on_fp_color_change	staircase	10	red	right	unaware	1	0
750.466	0.000	trigger_201	201	750466	Trigger-In:201	157	trial_end_completed	staircase	10	red	right	unaware	1	0
751.561	0.000	trigger_101	101	751561	Trigger-In:101	158	trial_start	staircase	11	red	left	aware	1	0
751.666	0.000	trigger_11	11	751666	Trigger-In:11	158	fixation_point_on	staircase	11	red	left	aware	1	0
752.301	0.000	trigger_21	21	752301	Trigger-In:21	158	grating_on	staircase	11	red	left	aware	1	0
752.356	0.000	trigger_20	20	752356	Trigger-In:20	158	grating_off	staircase	11	red	left	aware	1	0
752.991	0.000	trigger_31	31	752991	Trigger-In:31	158	targets_on_fp_color_change	staircase	11	red	left	aware	1	0
753.991	0.000	trigger_201	201	753991	Trigger-In:201	158	trial_end_completed	staircase	11	red	left	aware	1	0
755.091	0.000	trigger_101	101	755091	Trigger-In:101	159	trial_start	staircase	10	green	left	unaware	1	0
755.196	0.000	trigger_11	11	755196	Trigger-In:11	159	fixation_point_on	staircase	10	green	left	unaware	1	0
755.821	0.000	trigger_21	21	755821	Trigger-In:21	159	grating_on	staircase	10	green	left	unaware	1	0
755.881	0.000	trigger_20	20	755881	Trigger-In:20	159	grating_off	staircase	10	green	left	unaware	1	0
756.501	0.000	trigger_31	31	756501	Trigger-In:31	159	targets_on_fp_color_change	staircase	10	green	left	unaware	1	0
757.531	0.000	trigger_201	201	757531	Trigger-In:201	159	trial_end_completed	staircase	10	green	left	unaware	1	0
758.636	0.000	trigger_101	101	758636	Trigger-In:101	160	trial_start	staircase	11	red	left	aware	1	0
758.776	0.000	trigger_11	11	758776	Trigger-In:11	160	fixation_point_on	staircase	11	red	left	aware	1	0
759.396	0.000	trigger_21	21	759396	Trigger-In:21	160	grating_on	staircase	11	red	left	aware	1	0
759.451	0.000	trigger_20	20	759451	Trigger-In:20	160	grating_off	staircase	11	red	left	aware	1	0
760.081	0.000	trigger_31	31	760081	Trigger-In:31	160	targets_on_fp_color_change	staircase	11	red	left	aware	1	0
760.886	0.000	trigger_201	201	760886	Trigger-In:201	160	trial_end_completed	staircase	11	red	left	aware	1	0
761.981	0.000	trigger_101	101	761981	Trigger-In:101	161	trial_start	staircase	10	red	left	aware	1	0
762.091	0.000	trigger_11	11	762091	Trigger-In:11	161	fixation_point_on	staircase	10	red	left	aware	1	0
762.711	0.000	trigger_21	21	762711	Trigger-In:21	161	grating_on	staircase	10	red	left	aware	1	0
762.771	0.000	trigger_20	20	762771	Trigger-In:20	161	grating_off	staircase	10	red	left	aware	1	0
763.401	0.000	trigger_31	31	763401	Trigger-In:31	161	targets_on_fp_color_change	staircase	10	red	left	aware	1	0
764.291	0.000	trigger_201	201	764291	Trigger-In:201	161	trial_end_completed	staircase	10	red	left	aware	1	0
765.386	0.000	trigger_101	101	765386	Trigger-In:101	162	trial_start	staircase	9	green	left	unaware	1	0
765.496	0.000	trigger_11	11	765496	Trigger-In:11	162	fixation_point_on	staircase	9	green	left	unaware	1	0
766.126	0.000	trigger_21	21	766126	Trigger-In:21	162	grating_on	staircase	9	green	left	unaware	1	0
766.181	0.000	trigger_20	20	766181	Trigger-In:20	162	grating_off	staircase	9	green	left	unaware	1	0
766.806	0.000	trigger_31	31	766806	Trigger-In:31	162	targets_on_fp_color_change	staircase	9	green	left	unaware	1	0
768.581	0.000	trigger_201	201	768581	Trigger-In:201	162	trial_end_completed	staircase	9	green	left	unaware	1	0
769.676	0.000	trigger_101	101	769676	Trigger-In:101	163	trial_start	staircase	10	green	left	unaware	1	0
769.781	0.000	trigger_11	11	769781	Trigger-In:11	163	fixation_point_on	staircase	10	green	left	unaware	1	0
770.401	0.000	trigger_21	21	770401	Trigger-In:21	163	grating_on	staircase	10	green	left	unaware	1	0
770.456	0.000	trigger_20	20	770456	Trigger-In:20	163	grating_off	staircase	10	green	left	unaware	1	0
771.086	0.000	trigger_31	31	771086	Trigger-In:31	163	targets_on_fp_color_change	staircase	10	green	left	unaware	1	0
772.011	0.000	trigger_201	201	772011	Trigger-In:201	163	trial_end_completed	staircase	10	green	left	unaware	1	0
773.106	0.000	trigger_101	101	773106	Trigger-In:101	164	trial_start	staircase	11	green	left	unaware	1	0
773.211	0.000	trigger_11	11	773211	Trigger-In:11	164	fixation_point_on	staircase	11	green	left	unaware	1	0
773.841	0.000	trigger_21	21	773841	Trigger-In:21	164	grating_on	staircase	11	green	left	unaware	1	0
773.896	0.000	trigger_20	20	773896	Trigger-In:20	164	grating_off	staircase	11	green	left	unaware	1	0
774.511	0.000	trigger_31	31	774511	Trigger-In:31	164	targets_on_fp_color_change	staircase	11	green	left	unaware	1	0
775.256	0.000	trigger_201	201	775256	Trigger-In:201	164	trial_end_completed	staircase	11	green	left	unaware	1	0
776.356	0.000	trigger_101	101	776356	Trigger-In:101	165	trial_start	staircase	12	green	left	unaware	1	0
776.466	0.000	trigger_11	11	776466	Trigger-In:11	165	fixation_point_on	staircase	12	green	left	unaware	1	0
777.091	0.000	trigger_21	21	777091	Trigger-In:21	165	grating_on	staircase	12	green	left	unaware	1	0
777.146	0.000	trigger_20	20	777146	Trigger-In:20	165	grating_off	staircase	12	green	left	unaware	1	0
777.771	0.000	trigger_31	31	777771	Trigger-In:31	165	targets_on_fp_color_change	staircase	12	green	left	unaware	1	0
778.496	0.000	trigger_201	201	778496	Trigger-In:201	165	trial_end_completed	staircase	12	green	left	unaware	1	0
779.596	0.000	trigger_101	101	779596	Trigger-In:101	166	trial_start	salient	0	green	left	unaware	1	0
779.696	0.000	trigger_11	11	779696	Trigger-In:11	166	fixation_point_on	salient	0	green	left	unaware	1	0
780.321	0.000	trigger_21	21	780321	Trigger-In:21	166	grating_on	salient	0	green	left	unaware	1	0
780.376	0.000	trigger_20	20	780376	Trigger-In:20	166	grating_off	salient	0	green	left	unaware	1	0
781.011	0.000	trigger_31	31	781011	Trigger-In:31	166	targets_on_fp_color_change	salient	0	green	left	unaware	1	0
781.831	0.000	trigger_201	201	781831	Trigger-In:201	166	trial_end_completed	salient	0	green	left	unaware	1	0
782.931	0.000	trigger_101	101	782931	Trigger-In:101	167	trial_start	staircase	13	red	left	aware	1	0
783.036	0.000	trigger_11	11	783036	Trigger-In:11	167	fixation_point_on	staircase	13	red	left	aware	1	0
783.656	0.000	trigger_21	21	783656	Trigger-In:21	167	grating_on	staircase	13	red	left	aware	1	0
783.711	0.000	trigger_20	20	783711	Trigger-In:20	167	grating_off	staircase	13	red	left	aware	1	0
784.366	0.000	trigger_31	31	784366	Trigger-In:31	167	targets_on_fp_color_change	staircase	13	red	left	aware	1	0
786.206	0.000	trigger_201	201	786206	Trigger-In:201	167	trial_end_completed	staircase	13	red	left	aware	1	0
787.301	0.000	trigger_101	101	787301	Trigger-In:101	168	trial_start	staircase	12	red	left	aware	1	0
787.406	0.000	trigger_11	11	787406	Trigger-In:11	168	fixation_point_on	staircase	12	red	left	aware	1	0
788.031	0.000	trigger_21	21	788031	Trigger-In:21	168	grating_on	staircase	12	red	left	aware	1	0
788.086	0.000	trigger_20	20	788086	Trigger-In:20	168	grating_off	staircase	12	red	left	aware	1	0
788.711	0.000	trigger_31	31	788711	Trigger-In:31	168	targets_on_fp_color_change	staircase	12	red	left	aware	1	0
789.766	0.000	trigger_201	201	789766	Trigger-In:201	168	trial_end_completed	staircase	12	red	left	aware	1	0
790.866	0.000	trigger_101	101	790866	Trigger-In:101	169	trial_start	staircase	11	red	left	aware	1	0
790.966	0.000	trigger_11	11	790966	Trigger-In:11	169	fixation_point_on	staircase	11	red	left	aware	1	0
791.586	0.000	trigger_21	21	791586	Trigger-In:21	169	grating_on	staircase	11	red	left	aware	1	0
791.641	0.000	trigger_20	20	791641	Trigger-In:20	169	grating_off	staircase	11	red	left	aware	1	0
792.266	0.000	trigger_31	31	792266	Trigger-In:31	169	targets_on_fp_color_change	staircase	11	red	left	aware	1	0
792.931	0.000	trigger_201	201	792931	Trigger-In:201	169	trial_end_completed	staircase	11	red	left	aware	1	0
794.031	0.000	trigger_101	101	794031	Trigger-In:101	170	trial_start	staircase	10	green	right	aware	1	0
794.136	0.000	trigger_11	11	794136	Trigger-In:11	170	fixation_point_on	staircase	10	green	right	aware	1	0
794.756	0.000	trigger_21	21	794756	Trigger-In:21	170	grating_on	staircase	10	green	right	aware	1	0
794.816	0.000	trigger_20	20	794816	Trigger-In:20	170	grating_off	staircase	10	green	right	aware	1	0
795.441	0.000	trigger_31	31	795441	Trigger-In:31	170	targets_on_fp_color_change	staircase	10	green	right	aware	1	0
796.336	0.000	trigger_201	201	796336	Trigger-In:201	170	trial_end_completed	staircase	10	green	right	aware	1	0
797.431	0.000	trigger_101	101	797431	Trigger-In:101	171	trial_start	absent	70	red	left	aware	1	0
797.531	0.000	trigger_11	11	797531	Trigger-In:11	171	fixation_point_on	absent	70	red	left	aware	1	0
798.146	0.000	trigger_21	21	798146	Trigger-In:21	171	grating_on	absent	70	red	left	aware	1	0
798.201	0.000	trigger_20	20	798201	Trigger-In:20	171	grating_off	absent	70	red	left	aware	1	0
798.836	0.000	trigger_31	31	798836	Trigger-In:31	171	targets_on_fp_color_change	absent	70	red	left	aware	1	0
799.956	0.000	trigger_201	201	799956	Trigger-In:201	171	trial_end_completed	absent	70	red	left	aware	1	0
801.056	0.000	trigger_101	101	801056	Trigger-In:101	172	trial_start	salient	0	green	left	unaware	1	0
801.161	0.000	trigger_11	11	801161	Trigger-In:11	172	fixation_point_on	salient	0	green	left	unaware	1	0
801.781	0.000	trigger_21	21	801781	Trigger-In:21	172	grating_on	salient	0	green	left	unaware	1	0
801.841	0.000	trigger_20	20	801841	Trigger-In:20	172	grating_off	salient	0	green	left	unaware	1	0
802.461	0.000	trigger_31	31	802461	Trigger-In:31	172	targets_on_fp_color_change	salient	0	green	left	unaware	1	0
803.851	0.000	trigger_201	201	803851	Trigger-In:201	172	trial_end_completed	salient	0	green	left	unaware	1	0
804.951	0.000	trigger_101	101	804951	Trigger-In:101	173	trial_start	staircase	9	green	left	unaware	1	0
805.056	0.000	trigger_11	11	805056	Trigger-In:11	173	fixation_point_on	staircase	9	green	left	unaware	1	0
805.676	0.000	trigger_21	21	805676	Trigger-In:21	173	grating_on	staircase	9	green	left	unaware	1	0
805.731	0.000	trigger_20	20	805731	Trigger-In:20	173	grating_off	staircase	9	green	left	unaware	1	0
806.346	0.000	trigger_31	31	806346	Trigger-In:31	173	targets_on_fp_color_change	staircase	9	green	left	unaware	1	0
807.136	0.000	trigger_201	201	807136	Trigger-In:201	173	trial_end_completed	staircase	9	green	left	unaware	1	0
808.231	0.000	trigger_101	101	808231	Trigger-In:101	174	trial_start	salient	0	green	left	unaware	1	0
808.336	0.000	trigger_11	11	808336	Trigger-In:11	174	fixation_point_on	salient	0	green	left	unaware	1	0
808.961	0.000	trigger_21	21	808961	Trigger-In:21	174	grating_on	salient	0	green	left	unaware	1	0
809.016	0.000	trigger_20	20	809016	Trigger-In:20	174	grating_off	salient	0	green	left	unaware	1	0
809.641	0.000	trigger_31	31	809641	Trigger-In:31	174	targets_on_fp_color_change	salient	0	green	left	unaware	1	0
810.406	0.000	trigger_201	201	810406	Trigger-In:201	174	trial_end_completed	salient	0	green	left	unaware	1	0
811.501	0.000	trigger_101	101	811501	Trigger-In:101	175	trial_start	staircase	10	green	right	aware	1	0
811.606	0.000	trigger_11	11	811606	Trigger-In:11	175	fixation_point_on	staircase	10	green	right	aware	1	0
812.226	0.000	trigger_21	21	812226	Trigger-In:21	175	grating_on	staircase	10	green	right	aware	1	0
812.281	0.000	trigger_20	20	812281	Trigger-In:20	175	grating_off	staircase	10	green	right	aware	1	0
812.911	0.000	trigger_31	31	812911	Trigger-In:31	175	targets_on_fp_color_change	staircase	10	green	right	aware	1	0
813.886	0.000	trigger_201	201	813886	Trigger-In:201	175	trial_end_completed	staircase	10	green	right	aware	1	0
814.981	0.000	trigger_101	101	814981	Trigger-In:101	176	trial_start	staircase	9	green	left	unaware	1	0
815.086	0.000	trigger_11	11	815086	Trigger-In:11	176	fixation_point_on	staircase	9	green	left	unaware	1	0
815.711	0.000	trigger_21	21	815711	Trigger-In:21	176	grating_on	staircase	9	green	left	unaware	1	0
815.766	0.000	trigger_20	20	815766	Trigger-In:20	176	grating_off	staircase	9	green	left	unaware	1	0
816.396	0.000	trigger_31	31	816396	Trigger-In:31	176	targets_on_fp_color_change	staircase	9	green	left	unaware	1	0
817.466	0.000	trigger_201	201	817466	Trigger-In:201	176	trial_end_completed	staircase	9	green	left	unaware	1	0
818.561	0.000	trigger_101	101	818561	Trigger-In:101	177	trial_start	absent	70	red	left	aware	1	0
818.666	0.000	trigger_11	11	818666	Trigger-In:11	177	fixation_point_on	absent	70	red	left	aware	1	0
819.281	0.000	trigger_21	21	819281	Trigger-In:21	177	grating_on	absent	70	red	left	aware	1	0
819.336	0.000	trigger_20	20	819336	Trigger-In:20	177	grating_off	absent	70	red	left	aware	1	0
819.956	0.000	trigger_31	31	819956	Trigger-In:31	177	targets_on_fp_color_change	absent	70	red	left	aware	1	0
820.891	0.000	trigger_201	201	820891	Trigger-In:201	177	trial_end_completed	absent	70	red	left	aware	1	0
821.991	0.000	trigger_101	101	821991	Trigger-In:101	178	trial_start	salient	0	green	left	unaware	1	0
822.096	0.000	trigger_11	11	822096	Trigger-In:11	178	fixation_point_on	salient	0	green	left	unaware	1	0
822.711	0.000	trigger_21	21	822711	Trigger-In:21	178	grating_on	salient	0	green	left	unaware	1	0
822.771	0.000	trigger_20	20	822771	Trigger-In:20	178	grating_off	salient	0	green	left	unaware	1	0
823.391	0.000	trigger_31	31	823391	Trigger-In:31	178	targets_on_fp_color_change	salient	0	green	left	unaware	1	0
824.521	0.000	trigger_201	201	824521	Trigger-In:201	178	trial_end_completed	salient	0	green	left	unaware	1	0
825.616	0.000	trigger_101	101	825616	Trigger-In:101	179	trial_start	staircase	10	green	left	unaware	1	0
825.726	0.000	trigger_11	11	825726	Trigger-In:11	179	fixation_point_on	staircase	10	green	left	unaware	1	0
826.341	0.000	trigger_21	21	826341	Trigger-In:21	179	grating_on	staircase	10	green	left	unaware	1	0
826.396	0.000	trigger_20	20	826396	Trigger-In:20	179	grating_off	staircase	10	green	left	unaware	1	0
827.021	0.000	trigger_31	31	827021	Trigger-In:31	179	targets_on_fp_color_change	staircase	10	green	left	unaware	1	0
827.936	0.000	trigger_201	201	827936	Trigger-In:201	179	trial_end_completed	staircase	10	green	left	unaware	1	0
829.031	0.000	trigger_101	101	829031	Trigger-In:101	180	trial_start	absent	70	red	left	aware	1	0
829.136	0.000	trigger_11	11	829136	Trigger-In:11	180	fixation_point_on	absent	70	red	left	aware	1	0
829.761	0.000	trigger_21	21	829761	Trigger-In:21	180	grating_on	absent	70	red	left	aware	1	0
829.816	0.000	trigger_20	20	829816	Trigger-In:20	180	grating_off	absent	70	red	left	aware	1	0
830.441	0.000	trigger_31	31	830441	Trigger-In:31	180	targets_on_fp_color_change	absent	70	red	left	aware	1	0
831.336	0.000	trigger_201	201	831336	Trigger-In:201	180	trial_end_completed	absent	70	red	left	aware	1	0
