onset	duration	trial_type	value	sample	source_annotation	trial	event_name	stim_presence	contrast	fp_color	response	awareness	trial_complete	fixation_break
42.531	0.000	trigger_101	101	42531	Trigger-In:101	1	trial_start	salient	0	green	left	unaware	1	0
42.831	0.000	trigger_11	11	42831	Trigger-In:11	1	fixation_point_on	salient	0	green	left	unaware	1	0
43.431	0.000	trigger_21	21	43431	Trigger-In:21	1	grating_on	salient	0	green	left	unaware	1	0
43.496	0.000	trigger_20	20	43496	Trigger-In:20	1	grating_off	salient	0	green	left	unaware	1	0
44.101	0.000	trigger_31	31	44101	Trigger-In:31	1	targets_on_fp_color_change	salient	0	green	left	unaware	1	0
45.391	0.000	trigger_201	201	45391	Trigger-In:201	1	trial_end_completed	salient	0	green	left	unaware	1	0
46.641	0.000	trigger_101	101	46641	Trigger-In:101	2	trial_start	staircase	18	red	left	aware	1	0
46.741	0.000	trigger_11	11	46741	Trigger-In:11	2	fixation_point_on	staircase	18	red	left	aware	1	0
47.346	0.000	trigger_21	21	47346	Trigger-In:21	2	grating_on	staircase	18	red	left	aware	1	0
47.401	0.000	trigger_20	20	47401	Trigger-In:20	2	grating_off	staircase	18	red	left	aware	1	0
48.006	0.000	trigger_31	31	48006	Trigger-In:31	2	targets_on_fp_color_change	staircase	18	red	left	aware	1	0
48.651	0.000	trigger_201	201	48651	Trigger-In:201	2	trial_end_completed	staircase	18	red	left	aware	1	0
49.736	0.000	trigger_101	101	49736	Trigger-In:101	3	trial_start	staircase	17	green	right	aware	1	0
49.841	0.000	trigger_11	11	49841	Trigger-In:11	3	fixation_point_on	staircase	17	green	right	aware	1	0
50.441	0.000	trigger_21	21	50441	Trigger-In:21	3	grating_on	staircase	17	green	right	aware	1	0
50.501	0.000	trigger_20	20	50501	Trigger-In:20	3	grating_off	staircase	17	green	right	aware	1	0
51.101	0.000	trigger_31	31	51101	Trigger-In:31	3	targets_on_fp_color_change	staircase	17	green	right	aware	1	0
51.751	0.000	trigger_201	201	51751	Trigger-In:201	3	trial_end_completed	staircase	17	green	right	aware	1	0
52.831	0.000	trigger_101	101	52831	Trigger-In:101	4	trial_start	staircase	16	red	left	aware	1	0
52.936	0.000	trigger_11	11	52936	Trigger-In:11	4	fixation_point_on	staircase	16	red	left	aware	1	0
53.541	0.000	trigger_21	21	53541	Trigger-In:21	4	grating_on	staircase	16	red	left	aware	1	0
53.596	0.000	trigger_20	20	53596	Trigger-In:20	4	grating_off	staircase	16	red	left	aware	1	0
54.201	0.000	trigger_31	31	54201	Trigger-In:31	4	targets_on_fp_color_change	staircase	16	red	left	aware	1	0
54.821	0.000	trigger_201	201	54821	Trigger-In:201	4	trial_end_completed	staircase	16	red	left	aware	1	0
55.896	0.000	trigger_101	101	55896	Trigger-In:101	5	trial_start	staircase	15	red	left	aware	1	0
55.996	0.000	trigger_11	11	55996	Trigger-In:11	5	fixation_point_on	staircase	15	red	left	aware	1	0
56.601	0.000	trigger_21	21	56601	Trigger-In:21	5	grating_on	staircase	15	red	left	aware	1	0
56.656	0.000	trigger_20	20	56656	Trigger-In:20	5	grating_off	staircase	15	red	left	aware	1	0
57.261	0.000	trigger_31	31	57261	Trigger-In:31	5	targets_on_fp_color_change	staircase	15	red	left	aware	1	0
57.936	0.000	trigger_201	201	57936	Trigger-In:201	5	trial_end_completed	staircase	15	red	left	aware	1	0
59.011	0.000	trigger_101	101	59011	Trigger-In:101	6	trial_start	staircase	14	red	left	aware	1	0
59.116	0.000	trigger_11	11	59116	Trigger-In:11	6	fixation_point_on	staircase	14	red	left	aware	1	0
59.721	0.000	trigger_21	21	59721	Trigger-In:21	6	grating_on	staircase	14	red	left	aware	1	0
59.776	0.000	trigger_20	20	59776	Trigger-In:20	6	grating_off	staircase	14	red	left	aware	1	0
60.381	0.000	trigger_31	31	60381	Trigger-In:31	6	targets_on_fp_color_change	staircase	14	red	left	aware	1	0
61.031	0.000	trigger_201	201	61031	Trigger-In:201	6	trial_end_completed	staircase	14	red	left	aware	1	0
62.101	0.000	trigger_101	101	62101	Trigger-In:101	7	trial_start	staircase	13	red	left	aware	1	0
62.206	0.000	trigger_11	11	62206	Trigger-In:11	7	fixation_point_on	staircase	13	red	left	aware	1	0
62.811	0.000	trigger_21	21	62811	Trigger-In:21	7	grating_on	staircase	13	red	left	aware	1	0
62.866	0.000	trigger_20	20	62866	Trigger-In:20	7	grating_off	staircase	13	red	left	aware	1	0
63.471	0.000	trigger_31	31	63471	Trigger-In:31	7	targets_on_fp_color_change	staircase	13	red	left	aware	1	0
64.116	0.000	trigger_201	201	64116	Trigger-In:201	7	trial_end_completed	staircase	13	red	left	aware	1	0
65.191	0.000	trigger_101	101	65191	Trigger-In:101	8	trial_start	staircase	12	green	right	aware	1	0
65.306	0.000	trigger_11	11	65306	Trigger-In:11	8	fixation_point_on	staircase	12	green	right	aware	1	0
65.906	0.000	trigger_21	21	65906	Trigger-In:21	8	grating_on	staircase	12	green	right	aware	1	0
65.966	0.000	trigger_20	20	65966	Trigger-In:20	8	grating_off	staircase	12	green	right	aware	1	0
66.566	0.000	trigger_31	31	66566	Trigger-In:31	8	targets_on_fp_color_change	staircase	12	green	right	aware	1	0
67.171	0.000	trigger_201	201	67171	Trigger-In:201	8	trial_end_completed	staircase	12	green	right	aware	1	0
68.246	0.000	trigger_101	101	68246	Trigger-In:101	9	trial_start	staircase	11	red	left	aware	1	0
68.351	0.000	trigger_11	11	68351	Trigger-In:11	9	fixation_point_on	staircase	11	red	left	aware	1	0
68.956	0.000	trigger_21	21	68956	Trigger-In:21	9	grating_on	staircase	11	red	left	aware	1	0
69.011	0.000	trigger_20	20	69011	Trigger-In:20	9	grating_off	staircase	11	red	left	aware	1	0
69.616	0.000	trigger_31	31	69616	Trigger-In:31	9	targets_on_fp_color_change	staircase	11	red	left	aware	1	0
70.351	0.000	trigger_201	201	70351	Trigger-In:201	9	trial_end_completed	staircase	11	red	left	aware	1	0
71.426	0.000	trigger_101	101	71426	Trigger-In:101	10	trial_start	salient	0	red	left	aware	1	0
71.531	0.000	trigger_11	11	71531	Trigger-In:11	10	fixation_point_on	salient	0	red	left	aware	1	0
72.136	0.000	trigger_21	21	72136	Trigger-In:21	10	grating_on	salient	0	red	left	aware	1	0
72.191	0.000	trigger_20	20	72191	Trigger-In:20	10	grating_off	salient	0	red	left	aware	1	0
72.796	0.000	trigger_31	31	72796	Trigger-In:31	10	targets_on_fp_color_change	salient	0	red	left	aware	1	0
73.411	0.000	trigger_201	201	73411	Trigger-In:201	10	trial_end_completed	salient	0	red	left	aware	1	0
74.736	0.000	trigger_101	101	74736	Trigger-In:101	11	trial_start	staircase	10	red	right	unaware	1	0
74.836	0.000	trigger_11	11	74836	Trigger-In:11	11	fixation_point_on	staircase	10	red	right	unaware	1	0
75.441	0.000	trigger_21	21	75441	Trigger-In:21	11	grating_on	staircase	10	red	right	unaware	1	0
75.496	0.000	trigger_20	20	75496	Trigger-In:20	11	grating_off	staircase	10	red	right	unaware	1	0
76.101	0.000	trigger_31	31	76101	Trigger-In:31	11	targets_on_fp_color_change	staircase	10	red	right	unaware	1	0
76.951	0.000	trigger_201	201	76951	Trigger-In:201	11	trial_end_completed	staircase	10	red	right	unaware	1	0
78.026	0.000	trigger_101	101	78026	Trigger-In:101	12	trial_start	staircase	11	green	left	unaware	1	0
78.131	0.000	trigger_11	11	78131	Trigger-In:11	12	fixation_point_on	staircase	11	green	left	unaware	1	0
78.736	0.000	trigger_21	21	78736	Trigger-In:21	12	grating_on	staircase	11	green	left	unaware	1	0
78.791	0.000	trigger_20	20	78791	Trigger-In:20	12	grating_off	staircase	11	green	left	unaware	1	0
79.391	0.000	trigger_31	31	79391	Trigger-In:31	12	targets_on_fp_color_change	staircase	11	green	left	unaware	1	0
80.441	0.000	trigger_201	201	80441	Trigger-In:201	12	trial_end_completed	staircase	11	green	left	unaware	1	0
81.521	0.000	trigger_101	101	81521	Trigger-In:101	13	trial_start	staircase	12	red	right	unaware	1	0
81.621	0.000	trigger_11	11	81621	Trigger-In:11	13	fixation_point_on	staircase	12	red	right	unaware	1	0
82.226	0.000	trigger_21	21	82226	Trigger-In:21	13	grating_on	staircase	12	red	right	unaware	1	0
82.281	0.000	trigger_20	20	82281	Trigger-In:20	13	grating_off	staircase	12	red	right	unaware	1	0
82.886	0.000	trigger_31	31	82886	Trigger-In:31	13	targets_on_fp_color_change	staircase	12	red	right	unaware	1	0
83.696	0.000	trigger_201	201	83696	Trigger-In:201	13	trial_end_completed	staircase	12	red	right	unaware	1	0
84.776	0.000	trigger_101	101	84776	Trigger-In:101	14	trial_start	staircase	13	red	right	unaware	1	0
84.881	0.000	trigger_11	11	84881	Trigger-In:11	14	fixation_point_on	staircase	13	red	right	unaware	1	0
85.481	0.000	trigger_21	21	85481	Trigger-In:21	14	grating_on	staircase	13	red	right	unaware	1	0
85.541	0.000	trigger_20	20	85541	Trigger-In:20	14	grating_off	staircase	13	red	right	unaware	1	0
86.141	0.000	trigger_31	31	86141	Trigger-In:31	14	targets_on_fp_color_change	staircase	13	red	right	unaware	1	0
87.216	0.000	trigger_201	201	87216	Trigger-In:201	14	trial_end_completed	staircase	13	red	right	unaware	1	0
88.291	0.000	trigger_101	101	88291	Trigger-In:101	15	trial_start	absent	50	green	right	aware	1	0
88.391	0.000	trigger_11	11	88391	Trigger-In:11	15	fixation_point_on	absent	50	green	right	aware	1	0
88.996	0.000	trigger_21	21	88996	Trigger-In:21	15	grating_on	absent	50	green	right	aware	1	0
89.051	0.000	trigger_20	20	89051	Trigger-In:20	15	grating_off	absent	50	green	right	aware	1	0
89.656	0.000	trigger_31	31	89656	Trigger-In:31	15	targets_on_fp_color_change	absent	50	green	right	aware	1	0
90.341	0.000	trigger_201	201	90341	Trigger-In:201	15	trial_end_completed	absent	50	green	right	aware	1	0
91.416	0.000	trigger_101	101	91416	Trigger-In:101	16	trial_start	staircase	14	green	right	aware	1	0
91.526	0.000	trigger_11	11	91526	Trigger-In:11	16	fixation_point_on	staircase	14	green	right	aware	1	0
92.131	0.000	trigger_21	21	92131	Trigger-In:21	16	grating_on	staircase	14	green	right	aware	1	0
92.186	0.000	trigger_20	20	92186	Trigger-In:20	16	grating_off	staircase	14	green	right	aware	1	0
92.791	0.000	trigger_31	31	92791	Trigger-In:31	16	targets_on_fp_color_change	staircase	14	green	right	aware	1	0
93.541	0.000	trigger_201	201	93541	Trigger-In:201	16	trial_end_completed	staircase	14	green	right	aware	1	0
94.616	0.000	trigger_101	101	94616	Trigger-In:101	17	trial_start	staircase	13	red	left	aware	1	0
94.721	0.000	trigger_11	11	94721	Trigger-In:11	17	fixation_point_on	staircase	13	red	left	aware	1	0
95.321	0.000	trigger_21	21	95321	Trigger-In:21	17	grating_on	staircase	13	red	left	aware	1	0
95.381	0.000	trigger_20	20	95381	Trigger-In:20	17	grating_off	staircase	13	red	left	aware	1	0
95.981	0.000	trigger_31	31	95981	Trigger-In:31	17	targets_on_fp_color_change	staircase	13	red	left	aware	1	0
96.806	0.000	trigger_201	201	96806	Trigger-In:201	17	trial_end_completed	staircase	13	red	left	aware	1	0
97.881	0.000	trigger_101	101	97881	Trigger-In:101	18	trial_start	staircase	12	red	right	unaware	1	0
97.991	0.000	trigger_11	11	97991	Trigger-In:11	18	fixation_point_on	staircase	12	red	right	unaware	1	0
98.596	0.000	trigger_21	21	98596	Trigger-In:21	18	grating_on	staircase	12	red	right	unaware	1	0
98.651	0.000	trigger_20	20	98651	Trigger-In:20	18	grating_off	staircase	12	red	right	unaware	1	0
99.256	0.000	trigger_31	31	99256	Trigger-In:31	18	targets_on_fp_color_change	staircase	12	red	right	unaware	1	0
100.356	0.000	trigger_201	201	100356	Trigger-In:201	18	trial_end_completed	staircase	12	red	right	unaware	1	0
101.426	0.000	trigger_101	101	101426	Trigger-In:101	19	trial_start	staircase	13	green	right	aware	1	0
101.531	0.000	trigger_11	11	101531	Trigger-In:11	19	fixation_point_on	staircase	13	green	right	aware	1	0
102.136	0.000	trigger_21	21	102136	Trigger-In:21	19	grating_on	staircase	13	green	right	aware	1	0
102.191	0.000	trigger_20	20	102191	Trigger-In:20	19	grating_off	staircase	13	green	right	aware	1	0
102.796	0.000	trigger_31	31	102796	Trigger-In:31	19	targets_on_fp_color_change	staircase	13	green	right	aware	1	0
103.601	0.000	trigger_201	201	103601	Trigger-In:201	19	trial_end_completed	staircase	13	green	right	aware	1	0
104.676	0.000	trigger_101	101	104676	Trigger-In:101	20	trial_start	staircase	12	red	left	aware	1	0
104.786	0.000	trigger_11	11	104786	Trigger-In:11	20	fixation_point_on	staircase	12	red	left	aware	1	0
105.391	0.000	trigger_21	21	105391	Trigger-In:21	20	grating_on	staircase	12	red	left	aware	1	0
105.446	0.000	trigger_20	20	105446	Trigger-In:20	20	grating_off	staircase	12	red	left	aware	1	0
106.051	0.000	trigger_31	31	106051	Trigger-In:31	20	targets_on_fp_color_change	staircase	12	red	left	aware	1	0
106.771	0.000	trigger_201	201	106771	Trigger-In:201	20	trial_end_completed	staircase	12	red	left	aware	1	0
107.846	0.000	trigger_101	101	107846	Trigger-In:101	21	trial_start	staircase	11	red	right	unaware	1	0
107.956	0.000	trigger_11	11	107956	Trigger-In:11	21	fixation_point_on	staircase	11	red	right	unaware	1	0
108.561	0.000	trigger_21	21	108561	Trigger-In:21	21	grating_on	staircase	11	red	right	unaware	1	0
108.616	0.000	trigger_20	20	108616	Trigger-In:20	21	grating_off	staircase	11	red	right	unaware	1	0
109.221	0.000	trigger_31	31	109221	Trigger-In:31	21	targets_on_fp_color_change	staircase	11	red	right	unaware	1	0
111.091	0.000	trigger_201	201	111091	Trigger-In:201	21	trial_end_completed	staircase	11	red	right	unaware	1	0
112.171	0.000	trigger_101	101	112171	Trigger-In:101	22	trial_start	salient	0	red	left	aware	1	0
112.281	0.000	trigger_11	11	112281	Trigger-In:11	22	fixation_point_on	salient	0	red	left	aware	1	0
112.886	0.000	trigger_21	21	112886	Trigger-In:21	22	grating_on	salient	0	red	left	aware	1	0
112.941	0.000	trigger_20	20	112941	Trigger-In:20	22	grating_off	salient	0	red	left	aware	1	0
113.546	0.000	trigger_31	31	113546	Trigger-In:31	22	targets_on_fp_color_change	salient	0	red	left	aware	1	0
114.896	0.000	trigger_201	201	114896	Trigger-In:201	22	trial_end_completed	salient	0	red	left	aware	1	0
116.216	0.000	trigger_101	101	116216	Trigger-In:101	23	trial_start	staircase	12	red	right	unaware	1	0
116.326	0.000	trigger_11	11	116326	Trigger-In:11	23	fixation_point_on	staircase	12	red	right	unaware	1	0
116.931	0.000	trigger_21	21	116931	Trigger-In:21	23	grating_on	staircase	12	red	right	unaware	1	0
116.986	0.000	trigger_20	20	116986	Trigger-In:20	23	grating_off	staircase	12	red	right	unaware	1	0
117.591	0.000	trigger_31	31	117591	Trigger-In:31	23	targets_on_fp_color_change	staircase	12	red	right	unaware	1	0
118.546	0.000	trigger_201	201	118546	Trigger-In:201	23	trial_end_completed	staircase	12	red	right	unaware	1	0
119.621	0.000	trigger_101	101	119621	Trigger-In:101	24	trial_start	salient	0	red	right	unaware	1	0
119.726	0.000	trigger_11	11	119726	Trigger-In:11	24	fixation_point_on	salient	0	red	right	unaware	1	0
120.326	0.000	trigger_21	21	120326	Trigger-In:21	24	grating_on	salient	0	red	right	unaware	1	0
120.386	0.000	trigger_20	20	120386	Trigger-In:20	24	grating_off	salient	0	red	right	unaware	1	0
120.986	0.000	trigger_31	31	120986	Trigger-In:31	24	targets_on_fp_color_change	salient	0	red	right	unaware	1	0
121.866	0.000	trigger_201	201	121866	Trigger-In:201	24	trial_end_completed	salient	0	red	right	unaware	1	0
122.941	0.000	trigger_101	101	122941	Trigger-In:101	25	trial_start	staircase	13	green	left	unaware	1	0
123.041	0.000	trigger_11	11	123041	Trigger-In:11	25	fixation_point_on	staircase	13	green	left	unaware	1	0
123.646	0.000	trigger_21	21	123646	Trigger-In:21	25	grating_on	staircase	13	green	left	unaware	1	0
123.701	0.000	trigger_20	20	123701	Trigger-In:20	25	grating_off	staircase	13	green	left	unaware	1	0
124.306	0.000	trigger_31	31	124306	Trigger-In:31	25	targets_on_fp_color_change	staircase	13	green	left	unaware	1	0
125.381	0.000	trigger_201	201	125381	Trigger-In:201	25	trial_end_completed	staircase	13	green	left	unaware	1	0
126.451	0.000	trigger_101	101	126451	Trigger-In:101	26	trial_start	staircase	14	red	left	aware	1	0
126.556	0.000	trigger_11	11	126556	Trigger-In:11	26	fixation_point_on	staircase	14	red	left	aware	1	0
127.161	0.000	trigger_21	21	127161	Trigger-In:21	26	grating_on	staircase	14	red	left	aware	1	0
127.216	0.000	trigger_20	20	127216	Trigger-In:20	26	grating_off	staircase	14	red	left	aware	1	0
127.821	0.000	trigger_31	31	127821	Trigger-In:31	26	targets_on_fp_color_change	staircase	14	red	left	aware	1	0
128.511	0.000	trigger_201	201	128511	Trigger-In:201	26	trial_end_completed	staircase	14	red	left	aware	1	0
129.586	0.000	trigger_101	101	129586	Trigger-In:101	27	trial_start	staircase	13	red	left	aware	1	0
129.696	0.000	trigger_11	11	129696	Trigger-In:11	27	fixation_point_on	staircase	13	red	left	aware	1	0
130.301	0.000	trigger_21	21	130301	Trigger-In:21	27	grating_on	staircase	13	red	left	aware	1	0
130.356	0.000	trigger_20	20	130356	Trigger-In:20	27	grating_off	staircase	13	red	left	aware	1	0
130.961	0.000	trigger_31	31	130961	Trigger-In:31	27	targets_on_fp_color_change	staircase	13	red	left	aware	1	0
131.706	0.000	trigger_201	201	131706	Trigger-In:201	27	trial_end_completed	staircase	13	red	left	aware	1	0
132.781	0.000	trigger_101	101	132781	Trigger-In:101	28	trial_start	staircase	12	green	right	aware	1	0
132.891	0.000	trigger_11	11	132891	Trigger-In:11	28	fixation_point_on	staircase	12	green	right	aware	1	0
133.496	0.000	trigger_21	21	133496	Trigger-In:21	28	grating_on	staircase	12	green	right	aware	1	0
133.551	0.000	trigger_20	20	133551	Trigger-In:20	28	grating_off	staircase	12	green	right	aware	1	0
134.156	0.000	trigger_31	31	134156	Trigger-In:31	28	targets_on_fp_color_change	staircase	12	green	right	aware	1	0
135.161	0.000	trigger_201	201	135161	Trigger-In:201	28	trial_end_completed	staircase	12	green	right	aware	1	0
136.231	0.000	trigger_101	101	136231	Trigger-In:101	29	trial_start	staircase	11	green	left	unaware	1	0
136.336	0.000	trigger_11	11	136336	Trigger-In:11	29	fixation_point_on	staircase	11	green	left	unaware	1	0
136.941	0.000	trigger_21	21	136941	Trigger-In:21	29	grating_on	staircase	11	green	left	unaware	1	0
136.996	0.000	trigger_20	20	136996	Trigger-In:20	29	grating_off	staircase	11	green	left	unaware	1	0
137.596	0.000	trigger_31	31	137596	Trigger-In:31	29	targets_on_fp_color_change	staircase	11	green	left	unaware	1	0
138.586	0.000	trigger_201	201	138586	Trigger-In:201	29	trial_end_completed	staircase	11	green	left	unaware	1	0
139.661	0.000	trigger_101	101	139661	Trigger-In:101	30	trial_start	salient	0	green	left	unaware	1	0
139.771	0.000	trigger_11	11	139771	Trigger-In:11	30	fixation_point_on	salient	0	green	left	unaware	1	0
140.376	0.000	trigger_21	21	140376	Trigger-In:21	30	grating_on	salient	0	green	left	unaware	1	0
140.431	0.000	trigger_20	20	140431	Trigger-In:20	30	grating_off	salient	0	green	left	unaware	1	0
141.036	0.000	trigger_31	31	141036	Trigger-In:31	30	targets_on_fp_color_change	salient	0	green	left	unaware	1	0
141.876	0.000	trigger_201	201	141876	Trigger-In:201	30	trial_end_completed	salient	0	green	left	unaware	1	0
142.951	0.000	trigger_101	101	142951	Trigger-In:101	31	trial_start	staircase	12	red	right	unaware	1	0
143.061	0.000	trigger_11	11	143061	Trigger-In:11	31	fixation_point_on	staircase	12	red	right	unaware	1	0
143.666	0.000	trigger_21	21	143666	Trigger-In:21	31	grating_on	staircase	12	red	right	unaware	1	0
143.721	0.000	trigger_20	20	143721	Trigger-In:20	31	grating_off	staircase	12	red	right	unaware	1	0
144.326	0.000	trigger_31	31	144326	Trigger-In:31	31	targets_on_fp_color_change	staircase	12	red	right	unaware	1	0
145.346	0.000	trigger_201	201	145346	Trigger-In:201	31	trial_end_completed	staircase	12	red	right	unaware	1	0
146.426	0.000	trigger_101	101	146426	Trigger-In:101	32	trial_start	staircase	13	green	right	aware	1	0
146.531	0.000	trigger_11	11	146531	Trigger-In:11	32	fixation_point_on	staircase	13	green	right	aware	1	0
147.131	0.000	trigger_21	21	147131	Trigger-In:21	32	grating_on	staircase	13	green	right	aware	1	0
147.191	0.000	trigger_20	20	147191	Trigger-In:20	32	grating_off	staircase	13	green	right	aware	1	0
147.791	0.000	trigger_31	31	147791	Trigger-In:31	32	targets_on_fp_color_change	staircase	13	green	right	aware	1	0
148.626	0.000	trigger_201	201	148626	Trigger-In:201	32	trial_end_completed	staircase	13	green	right	aware	1	0
149.696	0.000	trigger_101	101	149696	Trigger-In:101	33	trial_start	staircase	12	red	right	unaware	1	0
149.806	0.000	trigger_11	11	149806	Trigger-In:11	33	fixation_point_on	staircase	12	red	right	unaware	1	0
150.411	0.000	trigger_21	21	150411	Trigger-In:21	33	grating_on	staircase	12	red	right	unaware	1	0
150.466	0.000	trigger_20	20	150466	Trigger-In:20	33	grating_off	staircase	12	red	right	unaware	1	0
151.071	0.000	trigger_31	31	151071	Trigger-In:31	33	targets_on_fp_color_change	staircase	12	red	right	unaware	1	0
152.526	0.000	trigger_201	201	152526	Trigger-In:201	33	trial_end_completed	staircase	12	red	right	unaware	1	0
153.606	0.000	trigger_101	101	153606	Trigger-In:101	34	trial_start	staircase	13	red	left	aware	1	0
153.716	0.000	trigger_11	11	153716	Trigger-In:11	34	fixation_point_on	staircase	13	red	left	aware	1	0
154.321	0.000	trigger_21	21	154321	Trigger-In:21	34	grating_on	staircase	13	red	left	aware	1	0
154.376	0.000	trigger_20	20	154376	Trigger-In:20	34	grating_off	staircase	13	red	left	aware	1	0
154.981	0.000	trigger_31	31	154981	Trigger-In:31	34	targets_on_fp_color_change	staircase	13	red	left	aware	1	0
156.091	0.000	trigger_201	201	156091	Trigger-In:201	34	trial_end_completed	staircase	13	red	left	aware	1	0
157.166	0.000	trigger_101	101	157166	Trigger-In:101	35	trial_start	staircase	12	red	left	aware	1	0
157.276	0.000	trigger_11	11	157276	Trigger-In:11	35	fixation_point_on	staircase	12	red	left	aware	1	0
157.881	0.000	trigger_21	21	157881	Trigger-In:21	35	grating_on	staircase	12	red	left	aware	1	0
157.936	0.000	trigger_20	20	157936	Trigger-In:20	35	grating_off	staircase	12	red	left	aware	1	0
158.541	0.000	trigger_31	31	158541	Trigger-In:31	35	targets_on_fp_color_change	staircase	12	red	left	aware	1	0
159.491	0.000	trigger_201	201	159491	Trigger-In:201	35	trial_end_completed	staircase	12	red	left	aware	1	0
160.561	0.000	trigger_101	101	160561	Trigger-In:101	36	trial_start	salient	0	green	left	unaware	1	0
160.676	0.000	trigger_11	11	160676	Trigger-In:11	36	fixation_point_on	salient	0	green	left	unaware	1	0
161.276	0.000	trigger_21	21	161276	Trigger-In:21	36	grating_on	salient	0	green	left	unaware	1	0
161.331	0.000	trigger_20	20	161331	Trigger-In:20	36	grating_off	salient	0	green	left	unaware	1	0
161.936	0.000	trigger_31	31	161936	Trigger-In:31	36	targets_on_fp_color_change	salient	0	green	left	unaware	1	0
162.931	0.000	trigger_201	201	162931	Trigger-In:201	36	trial_end_completed	salient	0	green	left	unaware	1	0
164.006	0.000	trigger_101	101	164006	Trigger-In:101	37	trial_start	salient	0	red	right	unaware	1	0
164.116	0.000	trigger_11	11	164116	Trigger-In:11	37	fixation_point_on	salient	0	red	right	unaware	1	0
164.721	0.000	trigger_21	21	164721	Trigger-In:21	37	grating_on	salient	0	red	right	unaware	1	0
164.776	0.000	trigger_20	20	164776	Trigger-In:20	37	grating_off	salient	0	red	right	unaware	1	0
165.381	0.000	trigger_31	31	165381	Trigger-In:31	37	targets_on_fp_color_change	salient	0	red	right	unaware	1	0
166.451	0.000	trigger_201	201	166451	Trigger-In:201	37	trial_end_completed	salient	0	red	right	unaware	1	0
167.526	0.000	trigger_101	101	167526	Trigger-In:101	38	trial_start	staircase	11	green	left	unaware	1	0
167.631	0.000	trigger_11	11	167631	Trigger-In:11	38	fixation_point_on	staircase	11	green	left	unaware	1	0
168.236	0.000	trigger_21	21	168236	Trigger-In:21	38	grating_on	staircase	11	green	left	unaware	1	0
168.291	0.000	trigger_20	20	168291	Trigger-In:20	38	grating_off	staircase	11	green	left	unaware	1	0
168.896	0.000	trigger_31	31	168896	Trigger-In:31	38	targets_on_fp_color_change	staircase	11	green	left	unaware	1	0
170.171	0.000	trigger_201	201	170171	Trigger-In:201	38	trial_end_completed	staircase	11	green	left	unaware	1	0
171.241	0.000	trigger_101	101	171241	Trigger-In:101	39	trial_start	salient	0	green	left	unaware	1	0
171.346	0.000	trigger_11	11	171346	Trigger-In:11	39	fixation_point_on	salient	0	green	left	unaware	1	0
171.951	0.000	trigger_21	21	171951	Trigger-In:21	39	grating_on	salient	0	green	left	unaware	1	0
172.006	0.000	trigger_20	20	172006	Trigger-In:20	39	grating_off	salient	0	green	left	unaware	1	0
172.611	0.000	trigger_31	31	172611	Trigger-In:31	39	targets_on_fp_color_change	salient	0	green	left	unaware	1	0
173.571	0.000	trigger_201	201	173571	Trigger-In:201	39	trial_end_completed	salient	0	green	left	unaware	1	0
174.646	0.000	trigger_101	101	174646	Trigger-In:101	40	trial_start	staircase	12	red	left	aware	1	0
174.756	0.000	trigger_11	11	174756	Trigger-In:11	40	fixation_point_on	staircase	12	red	left	aware	1	0
175.361	0.000	trigger_21	21	175361	Trigger-In:21	40	grating_on	staircase	12	red	left	aware	1	0
175.416	0.000	trigger_20	20	175416	Trigger-In:20	40	grating_off	staircase	12	red	left	aware	1	0
176.021	0.000	trigger_31	31	176021	Trigger-In:31	40	targets_on_fp_color_change	staircase	12	red	left	aware	1	0
176.901	0.000	trigger_201	201	176901	Trigger-In:201	40	trial_end_completed	staircase	12	red	left	aware	1	0
177.976	0.000	trigger_101	101	177976	Trigger-In:101	41	trial_start	staircase	11	red	left	aware	1	0
178.081	0.000	trigger_11	11	178081	Trigger-In:11	41	fixation_point_on	staircase	11	red	left	aware	1	0
178.686	0.000	trigger_21	21	178686	Trigger-In:21	41	grating_on	staircase	11	red	left	aware	1	0
178.741	0.000	trigger_20	20	178741	Trigger-In:20	41	grating_off	staircase	11	red	left	aware	1	0
179.346	0.000	trigger_31	31	179346	Trigger-In:31	41	targets_on_fp_color_change	staircase	11	red	left	aware	1	0
180.501	0.000	trigger_201	201	180501	Trigger-In:201	41	trial_end_completed	staircase	11	red	left	aware	1	0
181.576	0.000	trigger_101	101	181576	Trigger-In:101	42	trial_start	salient	0	red	right	unaware	1	0
181.686	0.000	trigger_11	11	181686	Trigger-In:11	42	fixation_point_on	salient	0	red	right	unaware	1	0
182.291	0.000	trigger_21	21	182291	Trigger-In:21	42	grating_on	salient	0	red	right	unaware	1	0
182.346	0.000	trigger_20	20	182346	Trigger-In:20	42	grating_off	salient	0	red	right	unaware	1	0
182.951	0.000	trigger_31	31	182951	Trigger-In:31	42	targets_on_fp_color_change	salient	0	red	right	unaware	1	0
184.256	0.000	trigger_201	201	184256	Trigger-In:201	42	trial_end_completed	salient	0	red	right	unaware	1	0
185.326	0.000	trigger_101	101	185326	Trigger-In:101	43	trial_start	salient	0	red	left	aware	1	0
185.431	0.000	trigger_11	11	185431	Trigger-In:11	43	fixation_point_on	salient	0	red	left	aware	1	0
186.031	0.000	trigger_21	21	186031	Trigger-In:21	43	grating_on	salient	0	red	left	aware	1	0
186.086	0.000	trigger_20	20	186086	Trigger-In:20	43	grating_off	salient	0	red	left	aware	1	0
186.691	0.000	trigger_31	31	186691	Trigger-In:31	43	targets_on_fp_color_change	salient	0	red	left	aware	1	0
187.831	0.000	trigger_201	201	187831	Trigger-In:201	43	trial_end_completed	salient	0	red	left	aware	1	0
189.156	0.000	trigger_101	101	189156	Trigger-In:101	44	trial_start	staircase	10	green	left	unaware	1	0
189.271	0.000	trigger_11	11	189271	Trigger-In:11	44	fixation_point_on	staircase	10	green	left	unaware	1	0
189.871	0.000	trigger_21	21	189871	Trigger-In:21	44	grating_on	staircase	10	green	left	unaware	1	0
189.931	0.000	trigger_20	20	189931	Trigger-In:20	44	grating_off	staircase	10	green	left	unaware	1	0
190.531	0.000	trigger_31	31	190531	Trigger-In:31	44	targets_on_fp_color_change	staircase	10	green	left	unaware	1	0
191.796	0.000	trigger_201	201	191796	Trigger-In:201	44	trial_end_completed	staircase	10	green	left	unaware	1	0
192.871	0.000	trigger_101	101	192871	Trigger-In:101	45	trial_start	absent	50	green	right	aware	1	0
192.986	0.000	trigger_11	11	192986	Trigger-In:11	45	fixation_point_on	absent	50	green	right	aware	1	0
193.586	0.000	trigger_21	21	193586	Trigger-In:21	45	grating_on	absent	50	green	right	aware	1	0
193.646	0.000	trigger_20	20	193646	Trigger-In:20	45	grating_off	absent	50	green	right	aware	1	0
194.246	0.000	trigger_31	31	194246	Trigger-In:31	45	targets_on_fp_color_change	absent	50	green	right	aware	1	0
195.086	0.000	trigger_201	201	195086	Trigger-In:201	45	trial_end_completed	absent	50	green	right	aware	1	0
196.166	0.000	trigger_101	101	196166	Trigger-In:101	46	trial_start	absent	50	green	right	aware	1	0
196.271	0.000	trigger_11	11	196271	Trigger-In:11	46	fixation_point_on	absent	50	green	right	aware	1	0
196.871	0.000	trigger_21	21	196871	Trigger-In:21	46	grating_on	absent	50	green	right	aware	1	0
196.926	0.000	trigger_20	20	196926	Trigger-In:20	46	grating_off	absent	50	green	right	aware	1	0
197.531	0.000	trigger_31	31	197531	Trigger-In:31	46	targets_on_fp_color_change	absent	50	green	right	aware	1	0
198.291	0.000	trigger_201	201	198291	Trigger-In:201	46	trial_end_completed	absent	50	green	right	aware	1	0
199.366	0.000	trigger_101	101	199366	Trigger-In:101	47	trial_start	staircase	11	green	right	aware	1	0
199.476	0.000	trigger_11	11	199476	Trigger-In:11	47	fixation_point_on	staircase	11	green	right	aware	1	0
200.081	0.000	trigger_21	21	200081	Trigger-In:21	47	grating_on	staircase	11	green	right	aware	1	0
200.136	0.000	trigger_20	20	200136	Trigger-In:20	47	grating_off	staircase	11	green	right	aware	1	0
200.741	0.000	trigger_31	31	200741	Trigger-In:31	47	targets_on_fp_color_change	staircase	11	green	right	aware	1	0
201.516	0.000	trigger_201	201	201516	Trigger-In:201	47	trial_end_completed	staircase	11	green	right	aware	1	0
202.586	0.000	trigger_101	101	202586	Trigger-In:101	48	trial_start	staircase	10	green	right	aware	1	0
202.691	0.000	trigger_11	11	202691	Trigger-In:11	48	fixation_point_on	staircase	10	green	right	aware	1	0
203.296	0.000	trigger_21	21	203296	Trigger-In:21	48	grating_on	staircase	10	green	right	aware	1	0
203.351	0.000	trigger_20	20	203351	Trigger-In:20	48	grating_off	staircase	10	green	right	aware	1	0
203.956	0.000	trigger_31	31	203956	Trigger-In:31	48	targets_on_fp_color_change	staircase	10	green	right	aware	1	0
204.891	0.000	trigger_201	201	204891	Trigger-In:201	48	trial_end_completed	staircase	10	green	right	aware	1	0
205.961	0.000	trigger_101	101	205961	Trigger-In:101	49	trial_start	staircase	9	green	left	unaware	1	0
206.066	0.000	trigger_11	11	206066	Trigger-In:11	49	fixation_point_on	staircase	9	green	left	unaware	1	0
206.671	0.000	trigger_21	21	206671	Trigger-In:21	49	grating_on	staircase	9	green	left	unaware	1	0
206.726	0.000	trigger_20	20	206726	Trigger-In:20	49	grating_off	staircase	9	green	left	unaware	1	0
207.331	0.000	trigger_31	31	207331	Trigger-In:31	49	targets_on_fp_color_change	staircase	9	green	left	unaware	1	0
208.146	0.000	trigger_201	201	208146	Trigger-In:201	49	trial_end_completed	staircase	9	green	left	unaware	1	0
209.221	0.000	trigger_101	101	209221	Trigger-In:101	50	trial_start	absent	50	red	left	aware	1	0
209.331	0.000	trigger_11	11	209331	Trigger-In:11	50	fixation_point_on	absent	50	red	left	aware	1	0
209.936	0.000	trigger_21	21	209936	Trigger-In:21	50	grating_on	absent	50	red	left	aware	1	0
209.991	0.000	trigger_20	20	209991	Trigger-In:20	50	grating_off	absent	50	red	left	aware	1	0
210.596	0.000	trigger_31	31	210596	Trigger-In:31	50	targets_on_fp_color_change	absent	50	red	left	aware	1	0
211.186	0.000	trigger_201	201	211186	Trigger-In:201	50	trial_end_completed	absent	50	red	left	aware	1	0
212.261	0.000	trigger_101	101	212261	Trigger-In:101	51	trial_start	staircase	10	red	right	unaware	1	0
212.371	0.000	trigger_11	11	212371	Trigger-In:11	51	fixation_point_on	staircase	10	red	right	unaware	1	0
212.976	0.000	trigger_21	21	212976	Trigger-In:21	51	grating_on	staircase	10	red	right	unaware	1	0
213.031	0.000	trigger_20	20	213031	Trigger-In:20	51	grating_off	staircase	10	red	right	unaware	1	0
213.636	0.000	trigger_31	31	213636	Trigger-In:31	51	targets_on_fp_color_change	staircase	10	red	right	unaware	1	0
214.691	0.000	trigger_201	201	214691	Trigger-In:201	51	trial_end_completed	staircase	10	red	right	unaware	1	0
215.761	0.000	trigger_101	101	215761	Trigger-In:101	52	trial_start	absent	50	red	left	aware	1	0
215.871	0.000	trigger_11	11	215871	Trigger-In:11	52	fixation_point_on	absent	50	red	left	aware	1	0
216.476	0.000	trigger_21	21	216476	Trigger-In:21	52	grating_on	absent	50	red	left	aware	1	0
216.531	0.000	trigger_20	20	216531	Trigger-In:20	52	grating_off	absent	50	red	left	aware	1	0
217.136	0.000	trigger_31	31	217136	Trigger-In:31	52	targets_on_fp_color_change	absent	50	red	left	aware	1	0
217.951	0.000	trigger_201	201	217951	Trigger-In:201	52	trial_end_completed	absent	50	red	left	aware	1	0
219.026	0.000	trigger_101	101	219026	Trigger-In:101	53	trial_start	staircase	11	red	right	unaware	1	0
219.136	0.000	trigger_11	11	219136	Trigger-In:11	53	fixation_point_on	staircase	11	red	right	unaware	1	0
219.741	0.000	trigger_21	21	219741	Trigger-In:21	53	grating_on	staircase	11	red	right	unaware	1	0
219.796	0.000	trigger_20	20	219796	Trigger-In:20	53	grating_off	staircase	11	red	right	unaware	1	0
220.401	0.000	trigger_31	31	220401	Trigger-In:31	53	targets_on_fp_color_change	staircase	11	red	right	unaware	1	0
221.591	0.000	trigger_201	201	221591	Trigger-In:201	53	trial_end_completed	staircase	11	red	right	unaware	1	0
222.661	0.000	trigger_101	101	222661	Trigger-In:101	54	trial_start	staircase	12	red	left	aware	1	0
222.776	0.000	trigger_11	11	222776	Trigger-In:11	54	fixation_point_on	staircase	12	red	left	aware	1	0
223.381	0.000	trigger_21	21	223381	Trigger-In:21	54	grating_on	staircase	12	red	left	aware	1	0
223.436	0.000	trigger_20	20	223436	Trigger-In:20	54	grating_off	staircase	12	red	left	aware	1	0
224.036	0.000	trigger_31	31	224036	Trigger-In:31	54	targets_on_fp_color_change	staircase	12	red	left	aware	1	0
224.801	0.000	trigger_201	201	224801	Trigger-In:201	54	trial_end_completed	staircase	12	red	left	aware	1	0
225.881	0.000	trigger_101	101	225881	Trigger-In:101	55	trial_start	staircase	11	green	right	aware	1	0
225.991	0.000	trigger_11	11	225991	Trigger-In:11	55	fixation_point_on	staircase	11	green	right	aware	1	0
226.596	0.000	trigger_21	21	226596	Trigger-In:21	55	grating_on	staircase	11	green	right	aware	1	0
226.651	0.000	trigger_20	20	226651	Trigger-In:20	55	grating_off	staircase	11	green	right	aware	1	0
227.251	0.000	trigger_31	31	227251	Trigger-In:31	55	targets_on_fp_color_change	staircase	11	green	right	aware	1	0
228.856	0.000	trigger_201	201	228856	Trigger-In:201	55	trial_end_completed	staircase	11	green	right	aware	1	0
229.936	0.000	trigger_101	101	229936	Trigger-In:101	56	trial_start	staircase	10	green	left	unaware	1	0
230.046	0.000	trigger_11	11	230046	Trigger-In:11	56	fixation_point_on	staircase	10	green	left	unaware	1	0
230.651	0.000	trigger_21	21	230651	Trigger-In:21	56	grating_on	staircase	10	green	left	unaware	1	0
230.711	0.000	trigger_20	20	230711	Trigger-In:20	56	grating_off	staircase	10	green	left	unaware	1	0
231.316	0.000	trigger_31	31	231316	Trigger-In:31	56	targets_on_fp_color_change	staircase	10	green	left	unaware	1	0
232.276	0.000	trigger_201	201	232276	Trigger-In:201	56	trial_end_completed	staircase	10	green	left	unaware	1	0
233.351	0.000	trigger_101	101	233351	Trigger-In:101	57	trial_start	absent	50	red	left	aware	1	0
233.461	0.000	trigger_11	11	233461	Trigger-In:11	57	fixation_point_on	absent	50	red	left	aware	1	0
234.066	0.000	trigger_21	21	234066	Trigger-In:21	57	grating_on	absent	50	red	left	aware	1	0
234.121	0.000	trigger_20	20	234121	Trigger-In:20	57	grating_off	absent	50	red	left	aware	1	0
234.726	0.000	trigger_31	31	234726	Trigger-In:31	57	targets_on_fp_color_change	absent	50	red	left	aware	1	0
235.366	0.000	trigger_201	201	235366	Trigger-In:201	57	trial_end_completed	absent	50	red	left	aware	1	0
236.441	0.000	trigger_101	101	236441	Trigger-In:101	58	trial_start	staircase	11	green	right	aware	1	0
236.551	0.000	trigger_11	11	236551	Trigger-In:11	58	fixation_point_on	staircase	11	green	right	aware	1	0
237.156	0.000	trigger_21	21	237156	Trigger-In:21	58	grating_on	staircase	11	green	right	aware	1	0
237.211	0.000	trigger_20	20	237211	Trigger-In:20	58	grating_off	staircase	11	green	right	aware	1	0
237.816	0.000	trigger_31	31	237816	Trigger-In:31	58	targets_on_fp_color_change	staircase	11	green	right	aware	1	0
238.796	0.000	trigger_201	201	238796	Trigger-In:201	58	trial_end_completed	staircase	11	green	right	aware	1	0
239.871	0.000	trigger_101	101	239871	Trigger-In:101	59	trial_start	absent	50	red	left	aware	1	0
239.981	0.000	trigger_11	11	239981	Trigger-In:11	59	fixation_point_on	absent	50	red	left	aware	1	0
240.586	0.000	trigger_21	21	240586	Trigger-In:21	59	grating_on	absent	50	red	left	aware	1	0
240.641	0.000	trigger_20	20	240641	Trigger-In:20	59	grating_off	absent	50	red	left	aware	1	0
241.246	0.000	trigger_31	31	241246	Trigger-In:31	59	targets_on_fp_color_change	absent	50	red	left	aware	1	0
241.876	0.000	trigger_201	201	241876	Trigger-In:201	59	trial_end_completed	absent	50	red	left	aware	1	0
242.956	0.000	trigger_101	101	242956	Trigger-In:101	60	trial_start	staircase	10	green	right	aware	1	0
243.066	0.000	trigger_11	11	243066	Trigger-In:11	60	fixation_point_on	staircase	10	green	right	aware	1	0
243.671	0.000	trigger_21	21	243671	Trigger-In:21	60	grating_on	staircase	10	green	right	aware	1	0
243.726	0.000	trigger_20	20	243726	Trigger-In:20	60	grating_off	staircase	10	green	right	aware	1	0
244.326	0.000	trigger_31	31	244326	Trigger-In:31	60	targets_on_fp_color_change	staircase	10	green	right	aware	1	0
245.381	0.000	trigger_201	201	245381	Trigger-In:201	60	trial_end_completed	staircase	10	green	right	aware	1	0
246.451	0.000	trigger_101	101	246451	Trigger-In:101	61	trial_start	staircase	9	red	right	unaware	1	0
246.566	0.000	trigger_11	11	246566	Trigger-In:11	61	fixation_point_on	staircase	9	red	right	unaware	1	0
247.171	0.000	trigger_21	21	247171	Trigger-In:21	61	grating_on	staircase	9	red	right	unaware	1	0
247.226	0.000	trigger_20	20	247226	Trigger-In:20	61	grating_off	staircase	9	red	right	unaware	1	0
247.826	0.000	trigger_31	31	247826	Trigger-In:31	61	targets_on_fp_color_change	staircase	9	red	right	unaware	1	0
249.111	0.000	trigger_201	201	249111	Trigger-In:201	61	trial_end_completed	staircase	9	red	right	unaware	1	0
250.191	0.000	trigger_101	101	250191	Trigger-In:101	62	trial_start	staircase	10	green	left	unaware	1	0
250.301	0.000	trigger_11	11	250301	Trigger-In:11	62	fixation_point_on	staircase	10	green	left	unaware	1	0
250.906	0.000	trigger_21	21	250906	Trigger-In:21	62	grating_on	staircase	10	green	left	unaware	1	0
250.961	0.000	trigger_20	20	250961	Trigger-In:20	62	grating_off	staircase	10	green	left	unaware	1	0
251.566	0.000	trigger_31	31	251566	Trigger-In:31	62	targets_on_fp_color_change	staircase	10	green	left	unaware	1	0
252.716	0.000	trigger_201	201	252716	Trigger-In:201	62	trial_end_completed	staircase	10	green	left	unaware	1	0
253.791	0.000	trigger_101	101	253791	Trigger-In:101	63	trial_start	staircase	11	red	right	unaware	1	0
253.906	0.000	trigger_11	11	253906	Trigger-In:11	63	fixation_point_on	staircase	11	red	right	unaware	1	0
254.506	0.000	trigger_21	21	254506	Trigger-In:21	63	grating_on	staircase	11	red	right	unaware	1	0
254.566	0.000	trigger_20	20	254566	Trigger-In:20	63	grating_off	staircase	11	red	right	unaware	1	0
255.166	0.000	trigger_31	31	255166	Trigger-In:31	63	targets_on_fp_color_change	staircase	11	red	right	unaware	1	0
256.161	0.000	trigger_201	201	256161	Trigger-In:201	63	trial_end_completed	staircase	11	red	right	unaware	1	0
257.236	0.000	trigger_101	101	257236	Trigger-In:101	64	trial_start	absent	50	green	right	aware	1	0
257.346	0.000	trigger_11	11	257346	Trigger-In:11	64	fixation_point_on	absent	50	green	right	aware	1	0
257.951	0.000	trigger_21	21	257951	Trigger-In:21	64	grating_on	absent	50	green	right	aware	1	0
258.006	0.000	trigger_20	20	258006	Trigger-In:20	64	grating_off	absent	50	green	right	aware	1	0
258.611	0.000	trigger_31	31	258611	Trigger-In:31	64	targets_on_fp_color_change	absent	50	green	right	aware	1	0
259.306	0.000	trigger_201	201	259306	Trigger-In:201	64	trial_end_completed	absent	50	green	right	aware	1	0
260.376	0.000	trigger_101	101	260376	Trigger-In:101	65	trial_start	staircase	12	green	right	aware	1	0
260.481	0.000	trigger_11	11	260481	Trigger-In:11	65	fixation_point_on	staircase	12	green	right	aware	1	0
261.086	0.000	trigger_21	21	261086	Trigger-In:21	65	grating_on	staircase	12	green	right	aware	1	0
261.141	0.000	trigger_20	20	261141	Trigger-In:20	65	grating_off	staircase	12	green	right	aware	1	0
261.746	0.000	trigger_31	31	261746	Trigger-In:31	65	targets_on_fp_color_change	staircase	12	green	right	aware	1	0
262.676	0.000	trigger_201	201	262676	Trigger-In:201	65	trial_end_completed	staircase	12	green	right	aware	1	0
263.751	0.000	trigger_101	101	263751	Trigger-In:101	66	trial_start	staircase	11	green	left	unaware	1	0
263.861	0.000	trigger_11	11	263861	Trigger-In:11	66	fixation_point_on	staircase	11	green	left	unaware	1	0
264.466	0.000	trigger_21	21	264466	Trigger-In:21	66	grating_on	staircase	11	green	left	unaware	1	0
264.521	0.000	trigger_20	20	264521	Trigger-In:20	66	grating_off	staircase	11	green	left	unaware	1	0
265.126	0.000	trigger_31	31	265126	Trigger-In:31	66	targets_on_fp_color_change	staircase	11	green	left	unaware	1	0
265.986	0.000	trigger_201	201	265986	Trigger-In:201	66	trial_end_completed	staircase	11	green	left	unaware	1	0
267.056	0.000	trigger_101	101	267056	Trigger-In:101	67	trial_start	staircase	12	green	right	aware	1	0
267.166	0.000	trigger_11	11	267166	Trigger-In:11	67	fixation_point_on	staircase	12	green	right	aware	1	0
267.771	0.000	trigger_21	21	267771	Trigger-In:21	67	grating_on	staircase	12	green	right	aware	1	0
267.826	0.000	trigger_20	20	267826	Trigger-In:20	67	grating_off	staircase	12	green	right	aware	1	0
268.431	0.000	trigger_31	31	268431	Trigger-In:31	67	targets_on_fp_color_change	staircase	12	green	right	aware	1	0
269.541	0.000	trigger_201	201	269541	Trigger-In:201	67	trial_end_completed	staircase	12	green	right	aware	1	0
270.621	0.000	trigger_101	101	270621	Trigger-In:101	68	trial_start	staircase	11	red	left	aware	1	0
270.721	0.000	trigger_11	11	270721	Trigger-In:11	68	fixation_point_on	staircase	11	red	left	aware	1	0
271.326	0.000	trigger_21	21	271326	Trigger-In:21	68	grating_on	staircase	11	red	left	aware	1	0
271.381	0.000	trigger_20	20	271381	Trigger-In:20	68	grating_off	staircase	11	red	left	aware	1	0
271.986	0.000	trigger_31	31	271986	Trigger-In:31	68	targets_on_fp_color_change	staircase	11	red	left	aware	1	0
272.811	0.000	trigger_201	201	272811	Trigger-In:201	68	trial_end_completed	staircase	11	red	left	aware	1	0
273.881	0.000	trigger_101	101	273881	Trigger-In:101	69	trial_start	staircase	10	green	left	unaware	1	0
273.986	0.000	trigger_11	11	273986	Trigger-In:11	69	fixation_point_on	staircase	10	green	left	unaware	1	0
274.591	0.000	trigger_21	21	274591	Trigger-In:21	69	grating_on	staircase	10	green	left	unaware	1	0
274.646	0.000	trigger_20	20	274646	Trigger-In:20	69	grating_off	staircase	10	green	left	unaware	1	0
275.251	0.000	trigger_31	31	275251	Trigger-In:31	69	targets_on_fp_color_change	staircase	10	green	left	unaware	1	0
276.326	0.000	trigger_201	201	276326	Trigger-In:201	69	trial_end_completed	staircase	10	green	left	unaware	1	0
277.401	0.000	trigger_101	101	277401	Trigger-In:101	70	trial_start	staircase	11	red	right	unaware	1	0
277.516	0.000	trigger_11	11	277516	Trigger-In:11	70	fixation_point_on	staircase	11	red	right	unaware	1	0
278.121	0.000	trigger_21	21	278121	Trigger-In:21	70	grating_on	staircase	11	red	right	unaware	1	0
278.176	0.000	trigger_20	20	278176	Trigger-In:20	70	grating_off	staircase	11	red	right	unaware	1	0
278.776	0.000	trigger_31	31	278776	Trigger-In:31	70	targets_on_fp_color_change	staircase	11	red	right	unaware	1	0
279.646	0.000	trigger_201	201	279646	Trigger-In:201	70	trial_end_completed	staircase	11	red	right	unaware	1	0
280.721	0.000	trigger_101	101	280721	Trigger-In:101	71	trial_start	staircase	12	red	left	aware	1	0
280.836	0.000	trigger_11	11	280836	Trigger-In:11	71	fixation_point_on	staircase	12	red	left	aware	1	0
281.436	0.000	trigger_21	21	281436	Trigger-In:21	71	grating_on	staircase	12	red	left	aware	1	0
281.491	0.000	trigger_20	20	281491	Trigger-In:20	71	grating_off	staircase	12	red	left	aware	1	0
282.096	0.000	trigger_31	31	282096	Trigger-In:31	71	targets_on_fp_color_change	staircase	12	red	left	aware	1	0
282.826	0.000	trigger_201	201	282826	Trigger-In:201	71	trial_end_completed	staircase	12	red	left	aware	1	0
283.896	0.000	trigger_101	101	283896	Trigger-In:101	72	trial_start	staircase	11	green	left	unaware	1	0
284.006	0.000	trigger_11	11	284006	Trigger-In:11	72	fixation_point_on	staircase	11	green	left	unaware	1	0
284.611	0.000	trigger_21	21	284611	Trigger-In:21	72	grating_on	staircase	11	green	left	unaware	1	0
284.666	0.000	trigger_20	20	284666	Trigger-In:20	72	grating_off	staircase	11	green	left	unaware	1	0
285.271	0.000	trigger_31	31	285271	Trigger-In:31	72	targets_on_fp_color_change	staircase	11	green	left	unaware	1	0
286.381	0.000	trigger_201	201	286381	Trigger-In:201	72	trial_end_completed	staircase	11	green	left	unaware	1	0
287.451	0.000	trigger_101	101	287451	Trigger-In:101	73	trial_start	staircase	12	green	left	unaware	1	0
287.556	0.000	trigger_11	11	287556	Trigger-In:11	73	fixation_point_on	staircase	12	green	left	unaware	1	0
288.161	0.000	trigger_21	21	288161	Trigger-In:21	73	grating_on	staircase	12	green	left	unaware	1	0
288.216	0.000	trigger_20	20	288216	Trigger-In:20	73	grating_off	staircase	12	green	left	unaware	1	0
288.821	0.000	trigger_31	31	288821	Trigger-In:31	73	targets_on_fp_color_change	staircase	12	green	left	unaware	1	0
289.776	0.000	trigger_201	201	289776	Trigger-In:201	73	trial_end_completed	staircase	12	green	left	unaware	1	0
290.846	0.000	trigger_101	101	290846	Trigger-In:101	74	trial_start	staircase	13	green	left	unaware	1	0
290.951	0.000	trigger_11	11	290951	Trigger-In:11	74	fixation_point_on	staircase	13	green	left	unaware	1	0
291.556	0.000	trigger_21	21	291556	Trigger-In:21	74	grating_on	staircase	13	green	left	unaware	1	0
291.611	0.000	trigger_20	20	291611	Trigger-In:20	74	grating_off	staircase	13	green	left	unaware	1	0
292.216	0.000	trigger_31	31	292216	Trigger-In:31	74	targets_on_fp_color_change	staircase	13	green	left	unaware	1	0
293.106	0.000	trigger_201	201	293106	Trigger-In:201	74	trial_end_completed	staircase	13	green	left	unaware	1	0
294.181	0.000	trigger_101	101	294181	Trigger-In:101	75	trial_start	absent	50	green	right	aware	1	0
294.291	0.000	trigger_11	11	294291	Trigger-In:11	75	fixation_point_on	absent	50	green	right	aware	1	0
294.896	0.000	trigger_21	21	294896	Trigger-In:21	75	grating_on	absent	50	green	right	aware	1	0
294.951	0.000	trigger_20	20	294951	Trigger-In:20	75	grating_off	absent	50	green	right	aware	1	0
295.556	0.000	trigger_31	31	295556	Trigger-In:31	75	targets_on_fp_color_change	absent	50	green	right	aware	1	0
296.381	0.000	trigger_201	201	296381	Trigger-In:201	75	trial_end_completed	absent	50	green	right	aware	1	0
297.456	0.000	trigger_101	101	297456	Trigger-In:101	76	trial_start	salient	0	green	right	aware	1	0
297.561	0.000	trigger_11	11	297561	Trigger-In:11	76	fixation_point_on	salient	0	green	right	aware	1	0
298.166	0.000	trigger_21	21	298166	Trigger-In:21	76	grating_on	salient	0	green	right	aware	1	0
298.221	0.000	trigger_20	20	298221	Trigger-In:20	76	grating_off	salient	0	green	right	aware	1	0
298.826	0.000	trigger_31	31	298826	Trigger-In:31	76	targets_on_fp_color_change	salient	0	green	right	aware	1	0
299.746	0.000	trigger_201	201	299746	Trigger-In:201	76	trial_end_completed	salient	0	green	right	aware	1	0
301.066	0.000	trigger_101	101	301066	Trigger-In:101	77	trial_start	absent	50	red	left	aware	1	0
301.181	0.000	trigger_11	11	301181	Trigger-In:11	77	fixation_point_on	absent	50	red	left	aware	1	0
301.781	0.000	trigger_21	21	301781	Trigger-In:21	77	grating_on	absent	50	red	left	aware	1	0
301.841	0.000	trigger_20	20	301841	Trigger-In:20	77	grating_off	absent	50	red	left	aware	1	0
302.441	0.000	trigger_31	31	302441	Trigger-In:31	77	targets_on_fp_color_change	absent	50	red	left	aware	1	0
303.061	0.000	trigger_201	201	303061	Trigger-In:201	77	trial_end_completed	absent	50	red	left	aware	1	0
304.131	0.000	trigger_101	101	304131	Trigger-In:101	78	trial_start	absent	50	red	left	aware	1	0
304.236	0.000	trigger_11	11	304236	Trigger-In:11	78	fixation_point_on	absent	50	red	left	aware	1	0
304.841	0.000	trigger_21	21	304841	Trigger-In:21	78	grating_on	absent	50	red	left	aware	1	0
304.896	0.000	trigger_20	20	304896	Trigger-In:20	78	grating_off	absent	50	red	left	aware	1	0
305.496	0.000	trigger_31	31	305496	Trigger-In:31	78	targets_on_fp_color_change	absent	50	red	left	aware	1	0
306.261	0.000	trigger_201	201	306261	Trigger-In:201	78	trial_end_completed	absent	50	red	left	aware	1	0
307.341	0.000	trigger_101	101	307341	Trigger-In:101	79	trial_start	staircase	14	red	left	aware	1	0
307.441	0.000	trigger_11	11	307441	Trigger-In:11	79	fixation_point_on	staircase	14	red	left	aware	1	0
308.046	0.000	trigger_21	21	308046	Trigger-In:21	79	grating_on	staircase	14	red	left	aware	1	0
308.101	0.000	trigger_20	20	308101	Trigger-In:20	79	grating_off	staircase	14	red	left	aware	1	0
308.706	0.000	trigger_31	31	308706	Trigger-In:31	79	targets_on_fp_color_change	staircase	14	red	left	aware	1	0
309.321	0.000	trigger_201	201	309321	Trigger-In:201	79	trial_end_completed	staircase	14	red	left	aware	1	0
310.396	0.000	trigger_101	101	310396	Trigger-In:101	80	trial_start	staircase	13	red	right	unaware	1	0
310.496	0.000	trigger_11	11	310496	Trigger-In:11	80	fixation_point_on	staircase	13	red	right	unaware	1	0
311.101	0.000	trigger_21	21	311101	Trigger-In:21	80	grating_on	staircase	13	red	right	unaware	1	0
311.156	0.000	trigger_20	20	311156	Trigger-In:20	80	grating_off	staircase	13	red	right	unaware	1	0
311.761	0.000	trigger_31	31	311761	Trigger-In:31	80	targets_on_fp_color_change	staircase	13	red	right	unaware	1	0
312.781	0.000	trigger_201	201	312781	Trigger-In:201	80	trial_end_completed	staircase	13	red	right	unaware	1	0
313.851	0.000	trigger_101	101	313851	Trigger-In:101	81	trial_start	staircase	14	green	right	aware	1	0
313.961	0.000	trigger_11	11	313961	Trigger-In:11	81	fixation_point_on	staircase	14	green	right	aware	1	0
314.566	0.000	trigger_21	21	314566	Trigger-In:21	81	grating_on	staircase	14	green	right	aware	1	0
314.621	0.000	trigger_20	20	314621	Trigger-In:20	81	grating_off	staircase	14	green	right	aware	1	0
315.226	0.000	trigger_31	31	315226	Trigger-In:31	81	targets_on_fp_color_change	staircase	14	green	right	aware	1	0
316.056	0.000	trigger_201	201	316056	Trigger-In:201	81	trial_end_completed	staircase	14	green	right	aware	1	0
317.131	0.000	trigger_101	101	317131	Trigger-In:101	82	trial_start	staircase	13	red	left	aware	1	0
317.241	0.000	trigger_11	11	317241	Trigger-In:11	82	fixation_point_on	staircase	13	red	left	aware	1	0
317.846	0.000	trigger_21	21	317846	Trigger-In:21	82	grating_on	staircase	13	red	left	aware	1	0
317.901	0.000	trigger_20	20	317901	Trigger-In:20	82	grating_off	staircase	13	red	left	aware	1	0
318.506	0.000	trigger_31	31	318506	Trigger-In:31	82	targets_on_fp_color_change	staircase	13	red	left	aware	1	0
319.221	0.000	trigger_201	201	319221	Trigger-In:201	82	trial_end_completed	staircase	13	red	left	aware	1	0
320.296	0.000	trigger_101	101	320296	Trigger-In:101	83	trial_start	staircase	12	red	right	unaware	1	0
320.401	0.000	trigger_11	11	320401	Trigger-In:11	83	fixation_point_on	staircase	12	red	right	unaware	1	0
321.006	0.000	trigger_21	21	321006	Trigger-In:21	83	grating_on	staircase	12	red	right	unaware	1	0
321.061	0.000	trigger_20	20	321061	Trigger-In:20	83	grating_off	staircase	12	red	right	unaware	1	0
321.666	0.000	trigger_31	31	321666	Trigger-In:31	83	targets_on_fp_color_change	staircase	12	red	right	unaware	1	0
322.676	0.000	trigger_201	201	322676	Trigger-In:201	83	trial_end_completed	staircase	12	red	right	unaware	1	0
323.746	0.000	trigger_101	101	323746	Trigger-In:101	84	trial_start	staircase	13	red	left	aware	1	0
323.861	0.000	trigger_11	11	323861	Trigger-In:11	84	fixation_point_on	staircase	13	red	left	aware	1	0
324.461	0.000	trigger_21	21	324461	Trigger-In:21	84	grating_on	staircase	13	red	left	aware	1	0
324.521	0.000	trigger_20	20	324521	Trigger-In:20	84	grating_off	staircase	13	red	left	aware	1	0
325.121	0.000	trigger_31	31	325121	Trigger-In:31	84	targets_on_fp_color_change	staircase	13	red	left	aware	1	0
326.321	0.000	trigger_201	201	326321	Trigger-In:201	84	trial_end_completed	staircase	13	red	left	aware	1	0
327.391	0.000	trigger_101	101	327391	Trigger-In:101	85	trial_start	staircase	12	green	left	unaware	1	0
327.496	0.000	trigger_11	11	327496	Trigger-In:11	85	fixation_point_on	staircase	12	green	left	unaware	1	0
328.101	0.000	trigger_21	21	328101	Trigger-In:21	85	grating_on	staircase	12	green	left	unaware	1	0
328.156	0.000	trigger_20	20	328156	Trigger-In:20	85	grating_off	staircase	12	green	left	unaware	1	0
328.761	0.000	trigger_31	31	328761	Trigger-In:31	85	targets_on_fp_color_change	staircase	12	green	left	unaware	1	0
329.776	0.000	trigger_201	201	329776	Trigger-In:201	85	trial_end_completed	staircase	12	green	left	unaware	1	0
330.851	0.000	trigger_101	101	330851	Trigger-In:101	86	trial_start	staircase	13	green	right	aware	1	0
330.956	0.000	trigger_11	11	330956	Trigger-In:11	86	fixation_point_on	staircase	13	green	right	aware	1	0
331.561	0.000	trigger_21	21	331561	Trigger-In:21	86	grating_on	staircase	13	green	right	aware	1	0
331.616	0.000	trigger_20	20	331616	Trigger-In:20	86	grating_off	staircase	13	green	right	aware	1	0
332.221	0.000	trigger_31	31	332221	Trigger-In:31	86	targets_on_fp_color_change	staircase	13	green	right	aware	1	0
333.001	0.000	trigger_201	201	333001	Trigger-In:201	86	trial_end_completed	staircase	13	green	right	aware	1	0
334.076	0.000	trigger_101	101	334076	Trigger-In:101	87	trial_start	staircase	12	green	right	aware	1	0
334.261	0.000	trigger_11	11	334261	Trigger-In:11	87	fixation_point_on	staircase	12	green	right	aware	1	0
334.866	0.000	trigger_21	21	334866	Trigger-In:21	87	grating_on	staircase	12	green	right	aware	1	0
334.921	0.000	trigger_20	20	334921	Trigger-In:20	87	grating_off	staircase	12	green	right	aware	1	0
335.526	0.000	trigger_31	31	335526	Trigger-In:31	87	targets_on_fp_color_change	staircase	12	green	right	aware	1	0
336.416	0.000	trigger_201	201	336416	Trigger-In:201	87	trial_end_completed	staircase	12	green	right	aware	1	0
337.491	0.000	trigger_101	101	337491	Trigger-In:101	88	trial_start	staircase	11	red	left	aware	1	0
337.596	0.000	trigger_11	11	337596	Trigger-In:11	88	fixation_point_on	staircase	11	red	left	aware	1	0
338.196	0.000	trigger_21	21	338196	Trigger-In:21	88	grating_on	staircase	11	red	left	aware	1	0
338.256	0.000	trigger_20	20	338256	Trigger-In:20	88	grating_off	staircase	11	red	left	aware	1	0
338.856	0.000	trigger_31	31	338856	Trigger-In:31	88	targets_on_fp_color_change	staircase	11	red	left	aware	1	0
339.771	0.000	trigger_201	201	339771	Trigger-In:201	88	trial_end_completed	staircase	11	red	left	aware	1	0
340.846	0.000	trigger_101	101	340846	Trigger-In:101	89	trial_start	staircase	10	red	left	aware	1	0
340.946	0.000	trigger_11	11	340946	Trigger-In:11	89	fixation_point_on	staircase	10	red	left	aware	1	0
341.551	0.000	trigger_21	21	341551	Trigger-In:21	89	grating_on	staircase	10	red	left	aware	1	0
341.606	0.000	trigger_20	20	341606	Trigger-In:20	89	grating_off	staircase	10	red	left	aware	1	0
342.211	0.000	trigger_31	31	342211	Trigger-In:31	89	targets_on_fp_color_change	staircase	10	red	left	aware	1	0
342.851	0.000	trigger_201	201	342851	Trigger-In:201	89	trial_end_completed	staircase	10	red	left	aware	1	0
343.926	0.000	trigger_101	101	343926	Trigger-In:101	90	trial_start	staircase	9	green	left	unaware	1	0
344.031	0.000	trigger_11	11	344031	Trigger-In:11	90	fixation_point_on	staircase	9	green	left	unaware	1	0
344.636	0.000	trigger_21	21	344636	Trigger-In:21	90	grating_on	staircase	9	green	left	unaware	1	0
344.691	0.000	trigger_20	20	344691	Trigger-In:20	90	grating_off	staircase	9	green	left	unaware	1	0
345.296	0.000	trigger_31	31	345296	Trigger-In:31	90	targets_on_fp_color_change	staircase	9	green	left	unaware	1	0
346.296	0.000	trigger_201	201	346296	Trigger-In:201	90	trial_end_completed	staircase	9	green	left	unaware	1	0
347.371	0.000	trigger_101	101	347371	Trigger-In:101	91	trial_start	staircase	10	green	left	unaware	1	0
347.476	0.000	trigger_11	11	347476	Trigger-In:11	91	fixation_point_on	staircase	10	green	left	unaware	1	0
348.081	0.000	trigger_21	21	348081	Trigger-In:21	91	grating_on	staircase	10	green	left	unaware	1	0
348.136	0.000	trigger_20	20	348136	Trigger-In:20	91	grating_off	staircase	10	green	left	unaware	1	0
348.741	0.000	trigger_31	31	348741	Trigger-In:31	91	targets_on_fp_color_change	staircase	10	green	left	unaware	1	0
349.421	0.000	trigger_201	201	349421	Trigger-In:201	91	trial_end_completed	staircase	10	green	left	unaware	1	0
350.496	0.000	trigger_101	101	350496	Trigger-In:101	92	trial_start	salient	0	green	left	unaware	1	0
350.601	0.000	trigger_11	11	350601	Trigger-In:11	92	fixation_point_on	salient	0	green	left	unaware	1	0
351.206	0.000	trigger_21	21	351206	Trigger-In:21	92	grating_on	salient	0	green	left	unaware	1	0
351.261	0.000	trigger_20	20	351261	Trigger-In:20	92	grating_off	salient	0	green	left	unaware	1	0
351.866	0.000	trigger_31	31	351866	Trigger-In:31	92	targets_on_fp_color_change	salient	0	green	left	unaware	1	0
353.266	0.000	trigger_201	201	353266	Trigger-In:201	92	trial_end_completed	salient	0	green	left	unaware	1	0
354.346	0.000	trigger_101	101	354346	Trigger-In:101	93	trial_start	staircase	11	red	right	unaware	1	0
354.446	0.000	trigger_11	11	354446	Trigger-In:11	93	fixation_point_on	staircase	11	red	right	unaware	1	0
355.051	0.000	trigger_21	21	355051	Trigger-In:21	93	grating_on	staircase	11	red	right	unaware	1	0
355.106	0.000	trigger_20	20	355106	Trigger-In:20	93	grating_off	staircase	11	red	right	unaware	1	0
355.711	0.000	trigger_31	31	355711	Trigger-In:31	93	targets_on_fp_color_change	staircase	11	red	right	unaware	1	0
356.676	0.000	trigger_201	201	356676	Trigger-In:201	93	trial_end_completed	staircase	11	red	right	unaware	1	0
357.751	0.000	trigger_101	101	357751	Trigger-In:101	94	trial_start	staircase	12	red	right	unaware	1	0
357.856	0.000	trigger_11	11	357856	Trigger-In:11	94	fixation_point_on	staircase	12	red	right	unaware	1	0
358.461	0.000	trigger_21	21	358461	Trigger-In:21	94	grating_on	staircase	12	red	right	unaware	1	0
358.516	0.000	trigger_20	20	358516	Trigger-In:20	94	grating_off	staircase	12	red	right	unaware	1	0
359.121	0.000	trigger_31	31	359121	Trigger-In:31	94	targets_on_fp_color_change	staircase	12	red	right	unaware	1	0
359.961	0.000	trigger_201	201	359961	Trigger-In:201	94	trial_end_completed	staircase	12	red	right	unaware	1	0
361.036	0.000	trigger_101	101	361036	Trigger-In:101	95	trial_start	staircase	13	red	right	unaware	1	0
361.141	0.000	trigger_11	11	361141	Trigger-In:11	95	fixation_point_on	staircase	13	red	right	unaware	1	0
361.746	0.000	trigger_21	21	361746	Trigger-In:21	95	grating_on	staircase	13	red	right	unaware	1	0
361.801	0.000	trigger_20	20	361801	Trigger-In:20	95	grating_off	staircase	13	red	right	unaware	1	0
362.406	0.000	trigger_31	31	362406	Trigger-In:31	95	targets_on_fp_color_change	staircase	13	red	right	unaware	1	0
363.156	0.000	trigger_201	201	363156	Trigger-In:201	95	trial_end_completed	staircase	13	red	right	unaware	1	0
364.231	0.000	trigger_101	101	364231	Trigger-In:101	96	trial_start	staircase	14	red	left	aware	1	0
364.336	0.000	trigger_11	11	364336	Trigger-In:11	96	fixation_point_on	staircase	14	red	left	aware	1	0
364.941	0.000	trigger_21	21	364941	Trigger-In:21	96	grating_on	staircase	14	red	left	aware	1	0
364.996	0.000	trigger_20	20	364996	Trigger-In:20	96	grating_off	staircase	14	red	left	aware	1	0
365.601	0.000	trigger_31	31	365601	Trigger-In:31	96	targets_on_fp_color_change	staircase	14	red	left	aware	1	0
366.286	0.000	trigger_201	201	366286	Trigger-In:201	96	trial_end_completed	staircase	14	red	left	aware	1	0
367.361	0.000	trigger_101	101	367361	Trigger-In:101	97	trial_start	staircase	13	red	left	aware	1	0
367.466	0.000	trigger_11	11	367466	Trigger-In:11	97	fixation_point_on	staircase	13	red	left	aware	1	0
368.071	0.000	trigger_21	21	368071	Trigger-In:21	97	grating_on	staircase	13	red	left	aware	1	0
368.126	0.000	trigger_20	20	368126	Trigger-In:20	97	grating_off	staircase	13	red	left	aware	1	0
368.731	0.000	trigger_31	31	368731	Trigger-In:31	97	targets_on_fp_color_change	staircase	13	red	left	aware	1	0
369.596	0.000	trigger_201	201	369596	Trigger-In:201	97	trial_end_completed	staircase	13	red	left	aware	1	0
370.671	0.000	trigger_101	101	370671	Trigger-In:101	98	trial_start	staircase	12	green	left	unaware	1	0
370.771	0.000	trigger_11	11	370771	Trigger-In:11	98	fixation_point_on	staircase	12	green	left	unaware	1	0
371.376	0.000	trigger_21	21	371376	Trigger-In:21	98	grating_on	staircase	12	green	left	unaware	1	0
371.431	0.000	trigger_20	20	371431	Trigger-In:20	98	grating_off	staircase	12	green	left	unaware	1	0
372.036	0.000	trigger_31	31	372036	Trigger-In:31	98	targets_on_fp_color_change	staircase	12	green	left	unaware	1	0
373.246	0.000	trigger_201	201	373246	Trigger-In:201	98	trial_end_completed	staircase	12	green	left	unaware	1	0
374.321	0.000	trigger_101	101	374321	Trigger-In:101	99	trial_start	staircase	13	red	right	unaware	1	0
374.426	0.000	trigger_11	11	374426	Trigger-In:11	99	fixation_point_on	staircase	13	red	right	unaware	1	0
375.031	0.000	trigger_21	21	375031	Trigger-In:21	99	grating_on	staircase	13	red	right	unaware	1	0
375.086	0.000	trigger_20	20	375086	Trigger-In:20	99	grating_off	staircase	13	red	right	unaware	1	0
375.691	0.000	trigger_31	31	375691	Trigger-In:31	99	targets_on_fp_color_change	staircase	13	red	right	unaware	1	0
376.641	0.000	trigger_201	201	376641	Trigger-In:201	99	trial_end_completed	staircase	13	red	right	unaware	1	0
377.716	0.000	trigger_101	101	377716	Trigger-In:101	100	trial_start	staircase	14	red	left	aware	1	0
377.821	0.000	trigger_11	11	377821	Trigger-In:11	100	fixation_point_on	staircase	14	red	left	aware	1	0
378.426	0.000	trigger_21	21	378426	Trigger-In:21	100	grating_on	staircase	14	red	left	aware	1	0
378.481	0.000	trigger_20	20	378481	Trigger-In:20	100	grating_off	staircase	14	red	left	aware	1	0
379.086	0.000	trigger_31	31	379086	Trigger-In:31	100	targets_on_fp_color_change	staircase	14	red	left	aware	1	0
379.681	0.000	trigger_201	201	379681	Trigger-In:201	100	trial_end_completed	staircase	14	red	left	aware	1	0
380.756	0.000	trigger_101	101	380756	Trigger-In:101	101	trial_start	staircase	13	green	right	aware	1	0
380.861	0.000	trigger_11	11	380861	Trigger-In:11	101	fixation_point_on	staircase	13	green	right	aware	1	0
381.466	0.000	trigger_21	21	381466	Trigger-In:21	101	grating_on	staircase	13	green	right	aware	1	0
381.521	0.000	trigger_20	20	381521	Trigger-In:20	101	grating_off	staircase	13	green	right	aware	1	0
382.126	0.000	trigger_31	31	382126	Trigger-In:31	101	targets_on_fp_color_change	staircase	13	green	right	aware	1	0
383.391	0.000	trigger_201	201	383391	Trigger-In:201	101	trial_end_completed	staircase	13	green	right	aware	1	0
384.466	0.000	trigger_101	101	384466	Trigger-In:101	102	trial_start	staircase	12	red	left	aware	1	0
384.571	0.000	trigger_11	11	384571	Trigger-In:11	102	fixation_point_on	staircase	12	red	left	aware	1	0
385.176	0.000	trigger_21	21	385176	Trigger-In:21	102	grating_on	staircase	12	red	left	aware	1	0
385.231	0.000	trigger_20	20	385231	Trigger-In:20	102	grating_off	staircase	12	red	left	aware	1	0
385.836	0.000	trigger_31	31	385836	Trigger-In:31	102	targets_on_fp_color_change	staircase	12	red	left	aware	1	0
386.826	0.000	trigger_201	201	386826	Trigger-In:201	102	trial_end_completed	staircase	12	red	left	aware	1	0
387.896	0.000	trigger_101	101	387896	Trigger-In:101	103	trial_start	staircase	11	red	right	unaware	1	0
388.001	0.000	trigger_11	11	388001	Trigger-In:11	103	fixation_point_on	staircase	11	red	right	unaware	1	0
388.606	0.000	trigger_21	21	388606	Trigger-In:21	103	grating_on	staircase	11	red	right	unaware	1	0
388.661	0.000	trigger_20	20	388661	Trigger-In:20	103	grating_off	staircase	11	red	right	unaware	1	0
389.266	0.000	trigger_31	31	389266	Trigger-In:31	103	targets_on_fp_color_change	staircase	11	red	right	unaware	1	0
390.536	0.000	trigger_201	201	390536	Trigger-In:201	103	trial_end_completed	staircase	11	red	right	unaware	1	0
391.611	0.000	trigger_101	101	391611	Trigger-In:101	104	trial_start	staircase	12	green	left	unaware	1	0
391.721	0.000	trigger_11	11	391721	Trigger-In:11	104	fixation_point_on	staircase	12	green	left	unaware	1	0
392.326	0.000	trigger_21	21	392326	Trigger-In:21	104	grating_on	staircase	12	green	left	unaware	1	0
392.381	0.000	trigger_20	20	392381	Trigger-In:20	104	grating_off	staircase	12	green	left	unaware	1	0
392.986	0.000	trigger_31	31	392986	Trigger-In:31	104	targets_on_fp_color_change	staircase	12	green	left	unaware	1	0
394.016	0.000	trigger_201	201	394016	Trigger-In:201	104	trial_end_completed	staircase	12	green	left	unaware	1	0
395.091	0.000	trigger_101	101	395091	Trigger-In:101	105	trial_start	staircase	13	green	left	unaware	1	0
395.196	0.000	trigger_11	11	395196	Trigger-In:11	105	fixation_point_on	staircase	13	green	left	unaware	1	0
395.801	0.000	trigger_21	21	395801	Trigger-In:21	105	grating_on	staircase	13	green	left	unaware	1	0
395.856	0.000	trigger_20	20	395856	Trigger-In:20	105	grating_off	staircase	13	green	left	unaware	1	0
396.461	0.000	trigger_31	31	396461	Trigger-In:31	105	targets_on_fp_color_change	staircase	13	green	left	unaware	1	0
397.441	0.000	trigger_201	201	397441	Trigger-In:201	105	trial_end_completed	staircase	13	green	left	unaware	1	0
398.516	0.000	trigger_101	101	398516	Trigger-In:101	106	trial_start	staircase	14	green	right	aware	1	0
398.626	0.000	trigger_11	11	398626	Trigger-In:11	106	fixation_point_on	staircase	14	green	right	aware	1	0
399.231	0.000	trigger_21	21	399231	Trigger-In:21	106	grating_on	staircase	14	green	right	aware	1	0
399.286	0.000	trigger_20	20	399286	Trigger-In:20	106	grating_off	staircase	14	green	right	aware	1	0
399.891	0.000	trigger_31	31	399891	Trigger-In:31	106	targets_on_fp_color_change	staircase	14	green	right	aware	1	0
400.621	0.000	trigger_201	201	400621	Trigger-In:201	106	trial_end_completed	staircase	14	green	right	aware	1	0
401.696	0.000	trigger_101	101	401696	Trigger-In:101	107	trial_start	salient	0	green	right	aware	1	0
401.801	0.000	trigger_11	11	401801	Trigger-In:11	107	fixation_point_on	salient	0	green	right	aware	1	0
402.406	0.000	trigger_21	21	402406	Trigger-In:21	107	grating_on	salient	0	green	right	aware	1	0
402.461	0.000	trigger_20	20	402461	Trigger-In:20	107	grating_off	salient	0	green	right	aware	1	0
403.061	0.000	trigger_31	31	403061	Trigger-In:31	107	targets_on_fp_color_change	salient	0	green	right	aware	1	0
403.996	0.000	trigger_201	201	403996	Trigger-In:201	107	trial_end_completed	salient	0	green	right	aware	1	0
405.321	0.000	trigger_101	101	405321	Trigger-In:101	108	trial_start	staircase	13	green	left	unaware	1	0
405.426	0.000	trigger_11	11	405426	Trigger-In:11	108	fixation_point_on	staircase	13	green	left	unaware	1	0
406.031	0.000	trigger_21	21	406031	Trigger-In:21	108	grating_on	staircase	13	green	left	unaware	1	0
406.086	0.000	trigger_20	20	406086	Trigger-In:20	108	grating_off	staircase	13	green	left	unaware	1	0
406.686	0.000	trigger_31	31	406686	Trigger-In:31	108	targets_on_fp_color_change	staircase	13	green	left	unaware	1	0
407.751	0.000	trigger_201	201	407751	Trigger-In:201	108	trial_end_completed	staircase	13	green	left	unaware	1	0
408.826	0.000	trigger_101	101	408826	Trigger-In:101	109	trial_start	staircase	14	red	right	unaware	1	0
408.931	0.000	trigger_11	11	408931	Trigger-In:11	109	fixation_point_on	staircase	14	red	right	unaware	1	0
409.536	0.000	trigger_21	21	409536	Trigger-In:21	109	grating_on	staircase	14	red	right	unaware	1	0
409.591	0.000	trigger_20	20	409591	Trigger-In:20	109	grating_off	staircase	14	red	right	unaware	1	0
410.196	0.000	trigger_31	31	410196	Trigger-In:31	109	targets_on_fp_color_change	staircase	14	red	right	unaware	1	0
411.116	0.000	trigger_201	201	411116	Trigger-In:201	109	trial_end_completed	staircase	14	red	right	unaware	1	0
412.196	0.000	trigger_101	101	412196	Trigger-In:101	110	trial_start	staircase	15	red	left	aware	1	0
412.301	0.000	trigger_11	11	412301	Trigger-In:11	110	fixation_point_on	staircase	15	red	left	aware	1	0
412.901	0.000	trigger_21	21	412901	Trigger-In:21	110	grating_on	staircase	15	red	left	aware	1	0
412.956	0.000	trigger_20	20	412956	Trigger-In:20	110	grating_off	staircase	15	red	left	aware	1	0
413.561	0.000	trigger_31	31	413561	Trigger-In:31	110	targets_on_fp_color_change	staircase	15	red	left	aware	1	0
414.261	0.000	trigger_201	201	414261	Trigger-In:201	110	trial_end_completed	staircase	15	red	left	aware	1	0
415.336	0.000	trigger_101	101	415336	Trigger-In:101	111	trial_start	absent	50	green	right	aware	1	0
415.436	0.000	trigger_11	11	415436	Trigger-In:11	111	fixation_point_on	absent	50	green	right	aware	1	0
416.041	0.000	trigger_21	21	416041	Trigger-In:21	111	grating_on	absent	50	green	right	aware	1	0
416.096	0.000	trigger_20	20	416096	Trigger-In:20	111	grating_off	absent	50	green	right	aware	1	0
416.701	0.000	trigger_31	31	416701	Trigger-In:31	111	targets_on_fp_color_change	absent	50	green	right	aware	1	0
417.441	0.000	trigger_201	201	417441	Trigger-In:201	111	trial_end_completed	absent	50	green	right	aware	1	0
418.521	0.000	trigger_101	101	418521	Trigger-In:101	112	trial_start	staircase	14	red	left	aware	1	0
418.626	0.000	trigger_11	11	418626	Trigger-In:11	112	fixation_point_on	staircase	14	red	left	aware	1	0
419.226	0.000	trigger_21	21	419226	Trigger-In:21	112	grating_on	staircase	14	red	left	aware	1	0
419.286	0.000	trigger_20	20	419286	Trigger-In:20	112	grating_off	staircase	14	red	left	aware	1	0
419.886	0.000	trigger_31	31	419886	Trigger-In:31	112	targets_on_fp_color_change	staircase	14	red	left	aware	1	0
420.741	0.000	trigger_201	201	420741	Trigger-In:201	112	trial_end_completed	staircase	14	red	left	aware	1	0
421.816	0.000	trigger_101	101	421816	Trigger-In:101	113	trial_start	absent	50	red	left	aware	1	0
421.921	0.000	trigger_11	11	421921	Trigger-In:11	113	fixation_point_on	absent	50	red	left	aware	1	0
422.526	0.000	trigger_21	21	422526	Trigger-In:21	113	grating_on	absent	50	red	left	aware	1	0
422.581	0.000	trigger_20	20	422581	Trigger-In:20	113	grating_off	absent	50	red	left	aware	1	0
423.186	0.000	trigger_31	31	423186	Trigger-In:31	113	targets_on_fp_color_change	absent	50	red	left	aware	1	0
423.846	0.000	trigger_201	201	423846	Trigger-In:201	113	trial_end_completed	absent	50	red	left	aware	1	0
424.921	0.000	trigger_101	101	424921	Trigger-In:101	114	trial_start	staircase	13	red	right	unaware	1	0
425.026	0.000	trigger_11	11	425026	Trigger-In:11	114	fixation_point_on	staircase	13	red	right	unaware	1	0
425.631	0.000	trigger_21	21	425631	Trigger-In:21	114	grating_on	staircase	13	red	right	unaware	1	0
425.686	0.000	trigger_20	20	425686	Trigger-In:20	114	grating_off	staircase	13	red	right	unaware	1	0
426.291	0.000	trigger_31	31	426291	Trigger-In:31	114	targets_on_fp_color_change	staircase	13	red	right	unaware	1	0
427.151	0.000	trigger_201	201	427151	Trigger-In:201	114	trial_end_completed	staircase	13	red	right	unaware	1	0
428.226	0.000	trigger_101	101	428226	Trigger-In:101	115	trial_start	staircase	14	red	right	unaware	1	0
428.341	0.000	trigger_11	11	428341	Trigger-In:11	115	fixation_point_on	staircase	14	red	right	unaware	1	0
428.941	0.000	trigger_21	21	428941	Trigger-In:21	115	grating_on	staircase	14	red	right	unaware	1	0
428.996	0.000	trigger_20	20	428996	Trigger-In:20	115	grating_off	staircase	14	red	right	unaware	1	0
429.601	0.000	trigger_31	31	429601	Trigger-In:31	115	targets_on_fp_color_change	staircase	14	red	right	unaware	1	0
430.596	0.000	trigger_201	201	430596	Trigger-In:201	115	trial_end_completed	staircase	14	red	right	unaware	1	0
431.671	0.000	trigger_101	101	431671	Trigger-In:101	116	trial_start	staircase	15	green	right	aware	1	0
431.776	0.000	trigger_11	11	431776	Trigger-In:11	116	fixation_point_on	staircase	15	green	right	aware	1	0
432.381	0.000	trigger_21	21	432381	Trigger-In:21	116	grating_on	staircase	15	green	right	aware	1	0
432.436	0.000	trigger_20	20	432436	Trigger-In:20	116	grating_off	staircase	15	green	right	aware	1	0
433.041	0.000	trigger_31	31	433041	Trigger-In:31	116	targets_on_fp_color_change	staircase	15	green	right	aware	1	0
433.811	0.000	trigger_201	201	433811	Trigger-In:201	116	trial_end_completed	staircase	15	green	right	aware	1	0
434.886	0.000	trigger_101	101	434886	Trigger-In:101	117	trial_start	staircase	14	red	left	aware	1	0
434.996	0.000	trigger_11	11	434996	Trigger-In:11	117	fixation_point_on	staircase	14	red	left	aware	1	0
435.601	0.000	trigger_21	21	435601	Trigger-In:21	117	grating_on	staircase	14	red	left	aware	1	0
435.656	0.000	trigger_20	20	435656	Trigger-In:20	117	grating_off	staircase	14	red	left	aware	1	0
436.261	0.000	trigger_31	31	436261	Trigger-In:31	117	targets_on_fp_color_change	staircase	14	red	left	aware	1	0
436.896	0.000	trigger_201	201	436896	Trigger-In:201	117	trial_end_completed	staircase	14	red	left	aware	1	0
437.976	0.000	trigger_101	101	437976	Trigger-In:101	118	trial_start	staircase	13	green	left	unaware	1	0
438.081	0.000	trigger_11	11	438081	Trigger-In:11	118	fixation_point_on	staircase	13	green	left	unaware	1	0
438.686	0.000	trigger_21	21	438686	Trigger-In:21	118	grating_on	staircase	13	green	left	unaware	1	0
438.741	0.000	trigger_20	20	438741	Trigger-In:20	118	grating_off	staircase	13	green	left	unaware	1	0
439.346	0.000	trigger_31	31	439346	Trigger-In:31	118	targets_on_fp_color_change	staircase	13	green	left	unaware	1	0
440.441	0.000	trigger_201	201	440441	Trigger-In:201	118	trial_end_completed	staircase	13	green	left	unaware	1	0
441.511	0.000	trigger_101	101	441511	Trigger-In:101	119	trial_start	staircase	14	green	right	aware	1	0
441.616	0.000	trigger_11	11	441616	Trigger-In:11	119	fixation_point_on	staircase	14	green	right	aware	1	0
442.221	0.000	trigger_21	21	442221	Trigger-In:21	119	grating_on	staircase	14	green	right	aware	1	0
442.276	0.000	trigger_20	20	442276	Trigger-In:20	119	grating_off	staircase	14	green	right	aware	1	0
442.881	0.000	trigger_31	31	442881	Trigger-In:31	119	targets_on_fp_color_change	staircase	14	green	right	aware	1	0
444.001	0.000	trigger_201	201	444001	Trigger-In:201	119	trial_end_completed	staircase	14	green	right	aware	1	0
445.076	0.000	trigger_101	101	445076	Trigger-In:101	120	trial_start	staircase	13	green	left	unaware	1	0
445.186	0.000	trigger_11	11	445186	Trigger-In:11	120	fixation_point_on	staircase	13	green	left	unaware	1	0
445.791	0.000	trigger_21	21	445791	Trigger-In:21	120	grating_on	staircase	13	green	left	unaware	1	0
445.846	0.000	trigger_20	20	445846	Trigger-In:20	120	grating_off	staircase	13	green	left	unaware	1	0
446.451	0.000	trigger_31	31	446451	Trigger-In:31	120	targets_on_fp_color_change	staircase	13	green	left	unaware	1	0
447.296	0.000	trigger_201	201	447296	Trigger-In:201	120	trial_end_completed	staircase	13	green	left	unaware	1	0
448.371	0.000	trigger_101	101	448371	Trigger-In:101	121	trial_start	staircase	14	green	left	unaware	1	0
448.486	0.000	trigger_11	11	448486	Trigger-In:11	121	fixation_point_on	staircase	14	green	left	unaware	1	0
449.086	0.000	trigger_21	21	449086	Trigger-In:21	121	grating_on	staircase	14	green	left	unaware	1	0
449.146	0.000	trigger_20	20	449146	Trigger-In:20	121	grating_off	staircase	14	green	left	unaware	1	0
449.746	0.000	trigger_31	31	449746	Trigger-In:31	121	targets_on_fp_color_change	staircase	14	green	left	unaware	1	0
450.536	0.000	trigger_201	201	450536	Trigger-In:201	121	trial_end_completed	staircase	14	green	left	unaware	1	0
451.611	0.000	trigger_101	101	451611	Trigger-In:101	122	trial_start	absent	50	green	right	aware	1	0
451.711	0.000	trigger_11	11	451711	Trigger-In:11	122	fixation_point_on	absent	50	green	right	aware	1	0
452.316	0.000	trigger_21	21	452316	Trigger-In:21	122	grating_on	absent	50	green	right	aware	1	0
452.371	0.000	trigger_20	20	452371	Trigger-In:20	122	grating_off	absent	50	green	right	aware	1	0
452.976	0.000	trigger_31	31	452976	Trigger-In:31	122	targets_on_fp_color_change	absent	50	green	right	aware	1	0
453.676	0.000	trigger_201	201	453676	Trigger-In:201	122	trial_end_completed	absent	50	green	right	aware	1	0
454.746	0.000	trigger_101	101	454746	Trigger-In:101	123	trial_start	staircase	15	red	right	unaware	1	0
454.851	0.000	trigger_11	11	454851	Trigger-In:11	123	fixation_point_on	staircase	15	red	right	unaware	1	0
455.456	0.000	trigger_21	21	455456	Trigger-In:21	123	grating_on	staircase	15	red	right	unaware	1	0
455.511	0.000	trigger_20	20	455511	Trigger-In:20	123	grating_off	staircase	15	red	right	unaware	1	0
456.116	0.000	trigger_31	31	456116	Trigger-In:31	123	targets_on_fp_color_change	staircase	15	red	right	unaware	1	0
457.176	0.000	trigger_201	201	457176	Trigger-In:201	123	trial_end_completed	staircase	15	red	right	unaware	1	0
458.256	0.000	trigger_101	101	458256	Trigger-In:101	124	trial_start	salient	0	green	left	unaware	1	0
458.356	0.000	trigger_11	11	458356	Trigger-In:11	124	fixation_point_on	salient	0	green	left	unaware	1	0
458.961	0.000	trigger_21	21	458961	Trigger-In:21	124	grating_on	salient	0	green	left	unaware	1	0
459.016	0.000	trigger_20	20	459016	Trigger-In:20	124	grating_off	salient	0	green	left	unaware	1	0
459.621	0.000	trigger_31	31	459621	Trigger-In:31	124	targets_on_fp_color_change	salient	0	green	left	unaware	1	0
460.666	0.000	trigger_201	201	460666	Trigger-In:201	124	trial_end_completed	salient	0	green	left	unaware	1	0
461.741	0.000	trigger_101	101	461741	Trigger-In:101	125	trial_start	staircase	16	green	right	aware	1	0
461.846	0.000	trigger_11	11	461846	Trigger-In:11	125	fixation_point_on	staircase	16	green	right	aware	1	0
462.451	0.000	trigger_21	21	462451	Trigger-In:21	125	grating_on	staircase	16	green	right	aware	1	0
462.506	0.000	trigger_20	20	462506	Trigger-In:20	125	grating_off	staircase	16	green	right	aware	1	0
463.111	0.000	trigger_31	31	463111	Trigger-In:31	125	targets_on_fp_color_change	staircase	16	green	right	aware	1	0
464.576	0.000	trigger_201	201	464576	Trigger-In:201	125	trial_end_completed	staircase	16	green	right	aware	1	0
465.651	0.000	trigger_101	101	465651	Trigger-In:101	126	trial_start	staircase	15	red	left	aware	1	0
465.756	0.000	trigger_11	11	465756	Trigger-In:11	126	fixation_point_on	staircase	15	red	left	aware	1	0
466.356	0.000	trigger_21	21	466356	Trigger-In:21	126	grating_on	staircase	15	red	left	aware	1	0
466.416	0.000	trigger_20	20	466416	Trigger-In:20	126	grating_off	staircase	15	red	left	aware	1	0
467.016	0.000	trigger_31	31	467016	Trigger-In:31	126	targets_on_fp_color_change	staircase	15	red	left	aware	1	0
467.831	0.000	trigger_201	201	467831	Trigger-In:201	126	trial_end_completed	staircase	15	red	left	aware	1	0
468.906	0.000	trigger_101	101	468906	Trigger-In:101	127	trial_start	staircase	14	red	left	aware	1	0
469.016	0.000	trigger_11	11	469016	Trigger-In:11	127	fixation_point_on	staircase	14	red	left	aware	1	0
469.621	0.000	trigger_21	21	469621	Trigger-In:21	127	grating_on	staircase	14	red	left	aware	1	0
469.676	0.000	trigger_20	20	469676	Trigger-In:20	127	grating_off	staircase	14	red	left	aware	1	0
470.281	0.000	trigger_31	31	470281	Trigger-In:31	127	targets_on_fp_color_change	staircase	14	red	left	aware	1	0
470.956	0.000	trigger_201	201	470956	Trigger-In:201	127	trial_end_completed	staircase	14	red	left	aware	1	0
472.031	0.000	trigger_101	101	472031	Trigger-In:101	128	trial_start	staircase	13	green	right	aware	1	0
472.136	0.000	trigger_11	11	472136	Trigger-In:11	128	fixation_point_on	staircase	13	green	right	aware	1	0
472.741	0.000	trigger_21	21	472741	Trigger-In:21	128	grating_on	staircase	13	green	right	aware	1	0
472.796	0.000	trigger_20	20	472796	Trigger-In:20	128	grating_off	staircase	13	green	right	aware	1	0
473.401	0.000	trigger_31	31	473401	Trigger-In:31	128	targets_on_fp_color_change	staircase	13	green	right	aware	1	0
474.306	0.000	trigger_201	201	474306	Trigger-In:201	128	trial_end_completed	staircase	13	green	right	aware	1	0
475.381	0.000	trigger_101	101	475381	Trigger-In:101	129	trial_start	salient	0	green	right	aware	1	0
475.481	0.000	trigger_11	11	475481	Trigger-In:11	129	fixation_point_on	salient	0	green	right	aware	1	0
476.086	0.000	trigger_21	21	476086	Trigger-In:21	129	grating_on	salient	0	green	right	aware	1	0
476.141	0.000	trigger_20	20	476141	Trigger-In:20	129	grating_off	salient	0	green	right	aware	1	0
476.746	0.000	trigger_31	31	476746	Trigger-In:31	129	targets_on_fp_color_change	salient	0	green	right	aware	1	0
477.496	0.000	trigger_201	201	477496	Trigger-In:201	129	trial_end_completed	salient	0	green	right	aware	1	0
478.821	0.000	trigger_101	101	478821	Trigger-In:101	130	trial_start	staircase	12	red	right	unaware	1	0
478.926	0.000	trigger_11	11	478926	Trigger-In:11	130	fixation_point_on	staircase	12	red	right	unaware	1	0
479.531	0.000	trigger_21	21	479531	Trigger-In:21	130	grating_on	staircase	12	red	right	unaware	1	0
479.586	0.000	trigger_20	20	479586	Trigger-In:20	130	grating_off	staircase	12	red	right	unaware	1	0
480.191	0.000	trigger_31	31	480191	Trigger-In:31	130	targets_on_fp_color_change	staircase	12	red	right	unaware	1	0
481.161	0.000	trigger_201	201	481161	Trigger-In:201	130	trial_end_completed	staircase	12	red	right	unaware	1	0
482.241	0.000	trigger_101	101	482241	Trigger-In:101	131	trial_start	staircase	13	green	left	unaware	1	0
482.341	0.000	trigger_11	11	482341	Trigger-In:11	131	fixation_point_on	staircase	13	green	left	unaware	1	0
482.946	0.000	trigger_21	21	482946	Trigger-In:21	131	grating_on	staircase	13	green	left	unaware	1	0
483.001	0.000	trigger_20	20	483001	Trigger-In:20	131	grating_off	staircase	13	green	left	unaware	1	0
483.606	0.000	trigger_31	31	483606	Trigger-In:31	131	targets_on_fp_color_change	staircase	13	green	left	unaware	1	0
484.561	0.000	trigger_201	201	484561	Trigger-In:201	131	trial_end_completed	staircase	13	green	left	unaware	1	0
485.636	0.000	trigger_101	101	485636	Trigger-In:101	132	trial_start	staircase	14	green	right	aware	1	0
485.736	0.000	trigger_11	11	485736	Trigger-In:11	132	fixation_point_on	staircase	14	green	right	aware	1	0
486.341	0.000	trigger_21	21	486341	Trigger-In:21	132	grating_on	staircase	14	green	right	aware	1	0
486.396	0.000	trigger_20	20	486396	Trigger-In:20	132	grating_off	staircase	14	green	right	aware	1	0
487.001	0.000	trigger_31	31	487001	Trigger-In:31	132	targets_on_fp_color_change	staircase	14	green	right	aware	1	0
488.021	0.000	trigger_201	201	488021	Trigger-In:201	132	trial_end_completed	staircase	14	green	right	aware	1	0
489.101	0.000	trigger_101	101	489101	Trigger-In:101	133	trial_start	staircase	13	green	left	unaware	1	0
489.201	0.000	trigger_11	11	489201	Trigger-In:11	133	fixation_point_on	staircase	13	green	left	unaware	1	0
489.806	0.000	trigger_21	21	489806	Trigger-In:21	133	grating_on	staircase	13	green	left	unaware	1	0
489.861	0.000	trigger_20	20	489861	Trigger-In:20	133	grating_off	staircase	13	green	left	unaware	1	0
490.466	0.000	trigger_31	31	490466	Trigger-In:31	133	targets_on_fp_color_change	staircase	13	green	left	unaware	1	0
491.421	0.000	trigger_201	201	491421	Trigger-In:201	133	trial_end_completed	staircase	13	green	left	unaware	1	0
492.501	0.000	trigger_101	101	492501	Trigger-In:101	134	trial_start	staircase	14	green	left	unaware	1	0
492.606	0.000	trigger_11	11	492606	Trigger-In:11	134	fixation_point_on	staircase	14	green	left	unaware	1	0
493.211	0.000	trigger_21	21	493211	Trigger-In:21	134	grating_on	staircase	14	green	left	unaware	1	0
493.266	0.000	trigger_20	20	493266	Trigger-In:20	134	grating_off	staircase	14	green	left	unaware	1	0
493.871	0.000	trigger_31	31	493871	Trigger-In:31	134	targets_on_fp_color_change	staircase	14	green	left	unaware	1	0
494.781	0.000	trigger_201	201	494781	Trigger-In:201	134	trial_end_completed	staircase	14	green	left	unaware	1	0
495.856	0.000	trigger_101	101	495856	Trigger-In:101	135	trial_start	staircase	15	red	left	aware	1	0
495.961	0.000	trigger_11	11	495961	Trigger-In:11	135	fixation_point_on	staircase	15	red	left	aware	1	0
496.566	0.000	trigger_21	21	496566	Trigger-In:21	135	grating_on	staircase	15	red	left	aware	1	0
496.621	0.000	trigger_20	20	496621	Trigger-In:20	135	grating_off	staircase	15	red	left	aware	1	0
497.226	0.000	trigger_31	31	497226	Trigger-In:31	135	targets_on_fp_color_change	staircase	15	red	left	aware	1	0
497.986	0.000	trigger_201	201	497986	Trigger-In:201	135	trial_end_completed	staircase	15	red	left	aware	1	0
499.056	0.000	trigger_101	101	499056	Trigger-In:101	136	trial_start	staircase	14	green	right	aware	1	0
499.161	0.000	trigger_11	11	499161	Trigger-In:11	136	fixation_point_on	staircase	14	green	right	aware	1	0
499.766	0.000	trigger_21	21	499766	Trigger-In:21	136	grating_on	staircase	14	green	right	aware	1	0
499.821	0.000	trigger_20	20	499821	Trigger-In:20	136	grating_off	staircase	14	green	right	aware	1	0
500.426	0.000	trigger_31	31	500426	Trigger-In:31	136	targets_on_fp_color_change	staircase	14	green	right	aware	1	0
501.401	0.000	trigger_201	201	501401	Trigger-In:201	136	trial_end_completed	staircase	14	green	right	aware	1	0
502.481	0.000	trigger_101	101	502481	Trigger-In:101	137	trial_start	salient	0	red	right	unaware	1	0
502.586	0.000	trigger_11	11	502586	Trigger-In:11	137	fixation_point_on	salient	0	red	right	unaware	1	0
503.191	0.000	trigger_21	21	503191	Trigger-In:21	137	grating_on	salient	0	red	right	unaware	1	0
503.246	0.000	trigger_20	20	503246	Trigger-In:20	137	grating_off	salient	0	red	right	unaware	1	0
503.851	0.000	trigger_31	31	503851	Trigger-In:31	137	targets_on_fp_color_change	salient	0	red	right	unaware	1	0
505.006	0.000	trigger_201	201	505006	Trigger-In:201	137	trial_end_completed	salient	0	red	right	unaware	1	0
506.086	0.000	trigger_101	101	506086	Trigger-In:101	138	trial_start	absent	50	green	right	aware	1	0
506.191	0.000	trigger_11	11	506191	Trigger-In:11	138	fixation_point_on	absent	50	green	right	aware	1	0
506.791	0.000	trigger_21	21	506791	Trigger-In:21	138	grating_on	absent	50	green	right	aware	1	0
506.851	0.000	trigger_20	20	506851	Trigger-In:20	138	grating_off	absent	50	green	right	aware	1	0
507.451	0.000	trigger_31	31	507451	Trigger-In:31	138	targets_on_fp_color_change	absent	50	green	right	aware	1	0
508.211	0.000	trigger_201	201	508211	Trigger-In:201	138	trial_end_completed	absent	50	green	right	aware	1	0
509.286	0.000	trigger_101	101	509286	Trigger-In:101	139	trial_start	absent	50	red	left	aware	1	0
509.391	0.000	trigger_11	11	509391	Trigger-In:11	139	fixation_point_on	absent	50	red	left	aware	1	0
509.996	0.000	trigger_21	21	509996	Trigger-In:21	139	grating_on	absent	50	red	left	aware	1	0
510.051	0.000	trigger_20	20	510051	Trigger-In:20	139	grating_off	absent	50	red	left	aware	1	0
510.656	0.000	trigger_31	31	510656	Trigger-In:31	139	targets_on_fp_color_change	absent	50	red	left	aware	1	0
511.281	0.000	trigger_201	201	511281	Trigger-In:201	139	trial_end_completed	absent	50	red	left	aware	1	0
512.356	0.000	trigger_101	101	512356	Trigger-In:101	140	trial_start	staircase	13	green	right	aware	1	0
512.461	0.000	trigger_11	11	512461	Trigger-In:11	140	fixation_point_on	staircase	13	green	right	aware	1	0
513.066	0.000	trigger_21	21	513066	Trigger-In:21	140	grating_on	staircase	13	green	right	aware	1	0
513.121	0.000	trigger_20	20	513121	Trigger-In:20	140	grating_off	staircase	13	green	right	aware	1	0
513.721	0.000	trigger_31	31	513721	Trigger-In:31	140	targets_on_fp_color_change	staircase	13	green	right	aware	1	0
514.891	0.000	trigger_201	201	514891	Trigger-In:201	140	trial_end_completed	staircase	13	green	right	aware	1	0
515.966	0.000	trigger_101	101	515966	Trigger-In:101	141	trial_start	staircase	12	green	left	unaware	1	0
516.076	0.000	trigger_11	11	516076	Trigger-In:11	141	fixation_point_on	staircase	12	green	left	unaware	1	0
516.681	0.000	trigger_21	21	516681	Trigger-In:21	141	grating_on	staircase	12	green	left	unaware	1	0
516.736	0.000	trigger_20	20	516736	Trigger-In:20	141	grating_off	staircase	12	green	left	unaware	1	0
517.341	0.000	trigger_31	31	517341	Trigger-In:31	141	targets_on_fp_color_change	staircase	12	green	left	unaware	1	0
518.226	0.000	trigger_201	201	518226	Trigger-In:201	141	trial_end_completed	staircase	12	green	left	unaware	1	0
519.306	0.000	trigger_101	101	519306	Trigger-In:101	142	trial_start	salient	0	green	right	aware	1	0
519.411	0.000	trigger_11	11	519411	Trigger-In:11	142	fixation_point_on	salient	0	green	right	aware	1	0
520.016	0.000	trigger_21	21	520016	Trigger-In:21	142	grating_on	salient	0	green	right	aware	1	0
520.071	0.000	trigger_20	20	520071	Trigger-In:20	142	grating_off	salient	0	green	right	aware	1	0
520.676	0.000	trigger_31	31	520676	Trigger-In:31	142	targets_on_fp_color_change	salient	0	green	right	aware	1	0
521.666	0.000	trigger_201	201	521666	Trigger-In:201	142	trial_end_completed	salient	0	green	right	aware	1	0
522.996	0.000	trigger_101	101	522996	Trigger-In:101	143	trial_start	staircase	13	green	left	unaware	1	0
523.096	0.000	trigger_11	11	523096	Trigger-In:11	143	fixation_point_on	staircase	13	green	left	unaware	1	0
523.701	0.000	trigger_21	21	523701	Trigger-In:21	143	grating_on	staircase	13	green	left	unaware	1	0
523.756	0.000	trigger_20	20	523756	Trigger-In:20	143	grating_off	staircase	13	green	left	unaware	1	0
524.361	0.000	trigger_31	31	524361	Trigger-In:31	143	targets_on_fp_color_change	staircase	13	green	left	unaware	1	0
525.256	0.000	trigger_201	201	525256	Trigger-In:201	143	trial_end_completed	staircase	13	green	left	unaware	1	0
526.336	0.000	trigger_101	101	526336	Trigger-In:101	144	trial_start	staircase	14	green	left	unaware	1	0
526.436	0.000	trigger_11	11	526436	Trigger-In:11	144	fixation_point_on	staircase	14	green	left	unaware	1	0
527.041	0.000	trigger_21	21	527041	Trigger-In:21	144	grating_on	staircase	14	green	left	unaware	1	0
527.096	0.000	trigger_20	20	527096	Trigger-In:20	144	grating_off	staircase	14	green	left	unaware	1	0
527.701	0.000	trigger_31	31	527701	Trigger-In:31	144	targets_on_fp_color_change	staircase	14	green	left	unaware	1	0
528.451	0.000	trigger_201	201	528451	Trigger-In:201	144	trial_end_completed	staircase	14	green	left	unaware	1	0
529.526	0.000	trigger_101	101	529526	Trigger-In:101	145	trial_start	staircase	15	red	left	aware	1	0
529.631	0.000	trigger_11	11	529631	Trigger-In:11	145	fixation_point_on	staircase	15	red	left	aware	1	0
530.236	0.000	trigger_21	21	530236	Trigger-In:21	145	grating_on	staircase	15	red	left	aware	1	0
530.291	0.000	trigger_20	20	530291	Trigger-In:20	145	grating_off	staircase	15	red	left	aware	1	0
530.896	0.000	trigger_31	31	530896	Trigger-In:31	145	targets_on_fp_color_change	staircase	15	red	left	aware	1	0
531.571	0.000	trigger_201	201	531571	Trigger-In:201	145	trial_end_completed	staircase	15	red	left	aware	1	0
532.646	0.000	trigger_101	101	532646	Trigger-In:101	146	trial_start	staircase	14	green	left	unaware	1	0
532.751	0.000	trigger_11	11	532751	Trigger-In:11	146	fixation_point_on	staircase	14	green	left	unaware	1	0
533.356	0.000	trigger_21	21	533356	Trigger-In:21	146	grating_on	staircase	14	green	left	unaware	1	0
533.411	0.000	trigger_20	20	533411	Trigger-In:20	146	grating_off	staircase	14	green	left	unaware	1	0
534.016	0.000	trigger_31	31	534016	Trigger-In:31	146	targets_on_fp_color_change	staircase	14	green	left	unaware	1	0
535.071	0.000	trigger_201	201	535071	Trigger-In:201	146	trial_end_completed	staircase	14	green	left	unaware	1	0
536.146	0.000	trigger_101	101	536146	Trigger-In:101	147	trial_start	staircase	15	green	left	unaware	1	0
536.251	0.000	trigger_11	11	536251	Trigger-In:11	147	fixation_point_on	staircase	15	green	left	unaware	1	0
536.851	0.000	trigger_21	21	536851	Trigger-In:21	147	grating_on	staircase	15	green	left	unaware	1	0
536.911	0.000	trigger_20	20	536911	Trigger-In:20	147	grating_off	staircase	15	green	left	unaware	1	0
537.511	0.000	trigger_31	31	537511	Trigger-In:31	147	targets_on_fp_color_change	staircase	15	green	left	unaware	1	0
538.526	0.000	trigger_201	201	538526	Trigger-In:201	147	trial_end_completed	staircase	15	green	left	unaware	1	0
539.606	0.000	trigger_101	101	539606	Trigger-In:101	148	trial_start	staircase	16	green	right	aware	1	0
539.706	0.000	trigger_11	11	539706	Trigger-In:11	148	fixation_point_on	staircase	16	green	right	aware	1	0
540.311	0.000	trigger_21	21	540311	Trigger-In:21	148	grating_on	staircase	16	green	right	aware	1	0
540.366	0.000	trigger_20	20	540366	Trigger-In:20	148	grating_off	staircase	16	green	right	aware	1	0
540.971	0.000	trigger_31	31	540971	Trigger-In:31	148	targets_on_fp_color_change	staircase	16	green	right	aware	1	0
541.631	0.000	trigger_201	201	541631	Trigger-In:201	148	trial_end_completed	staircase	16	green	right	aware	1	0
542.706	0.000	trigger_101	101	542706	Trigger-In:101	149	trial_start	staircase	15	red	left	aware	1	0
542.811	0.000	trigger_11	11	542811	Trigger-In:11	149	fixation_point_on	staircase	15	red	left	aware	1	0
543.416	0.000	trigger_21	21	543416	Trigger-In:21	149	grating_on	staircase	15	red	left	aware	1	0
543.471	0.000	trigger_20	20	543471	Trigger-In:20	149	grating_off	staircase	15	red	left	aware	1	0
544.076	0.000	trigger_31	31	544076	Trigger-In:31	149	targets_on_fp_color_change	staircase	15	red	left	aware	1	0
544.681	0.000	trigger_201	201	544681	Trigger-In:201	149	trial_end_completed	staircase	15	red	left	aware	1	0
545.756	0.000	trigger_101	101	545756	Trigger-In:101	150	trial_start	staircase	14	red	left	aware	1	0
545.866	0.000	trigger_11	11	545866	Trigger-In:11	150	fixation_point_on	staircase	14	red	left	aware	1	0
546.471	0.000	trigger_21	21	546471	Trigger-In:21	150	grating_on	staircase	14	red	left	aware	1	0
546.526	0.000	trigger_20	20	546526	Trigger-In:20	150	grating_off	staircase	14	red	left	aware	1	0
547.131	0.000	trigger_31	31	547131	Trigger-In:31	150	targets_on_fp_color_change	staircase	14	red	left	aware	1	0
547.776	0.000	trigger_201	201	547776	Trigger-In:201	150	trial_end_completed	staircase	14	red	left	aware	1	0
548.851	0.000	trigger_101	101	548851	Trigger-In:101	151	trial_start	staircase	13	green	right	aware	1	0
548.956	0.000	trigger_11	11	548956	Trigger-In:11	151	fixation_point_on	staircase	13	green	right	aware	1	0
549.561	0.000	trigger_21	21	549561	Trigger-In:21	151	grating_on	staircase	13	green	right	aware	1	0
549.616	0.000	trigger_20	20	549616	Trigger-In:20	151	grating_off	staircase	13	green	right	aware	1	0
550.221	0.000	trigger_31	31	550221	Trigger-In:31	151	targets_on_fp_color_change	staircase	13	green	right	aware	1	0
550.881	0.000	trigger_201	201	550881	Trigger-In:201	151	trial_end_completed	staircase	13	green	right	aware	1	0
551.956	0.000	trigger_101	101	551956	Trigger-In:101	152	trial_start	staircase	12	green	right	aware	1	0
552.066	0.000	trigger_11	11	552066	Trigger-In:11	152	fixation_point_on	staircase	12	green	right	aware	1	0
552.671	0.000	trigger_21	21	552671	Trigger-In:21	152	grating_on	staircase	12	green	right	aware	1	0
552.726	0.000	trigger_20	20	552726	Trigger-In:20	152	grating_off	staircase	12	green	right	aware	1	0
553.331	0.000	trigger_31	31	553331	Trigger-In:31	152	targets_on_fp_color_change	staircase	12	green	right	aware	1	0
554.146	0.000	trigger_201	201	554146	Trigger-In:201	152	trial_end_completed	staircase	12	green	right	aware	1	0
555.221	0.000	trigger_101	101	555221	Trigger-In:101	153	trial_start	staircase	11	red	left	aware	1	0
555.326	0.000	trigger_11	11	555326	Trigger-In:11	153	fixation_point_on	staircase	11	red	left	aware	1	0
555.931	0.000	trigger_21	21	555931	Trigger-In:21	153	grating_on	staircase	11	red	left	aware	1	0
555.986	0.000	trigger_20	20	555986	Trigger-In:20	153	grating_off	staircase	11	red	left	aware	1	0
556.591	0.000	trigger_31	31	556591	Trigger-In:31	153	targets_on_fp_color_change	staircase	11	red	left	aware	1	0
557.206	0.000	trigger_201	201	557206	Trigger-In:201	153	trial_end_completed	staircase	11	red	left	aware	1	0
558.281	0.000	trigger_101	101	558281	Trigger-In:101	154	trial_start	staircase	10	red	right	unaware	1	0
558.386	0.000	trigger_11	11	558386	Trigger-In:11	154	fixation_point_on	staircase	10	red	right	unaware	1	0
558.991	0.000	trigger_21	21	558991	Trigger-In:21	154	grating_on	staircase	10	red	right	unaware	1	0
559.046	0.000	trigger_20	20	559046	Trigger-In:20	154	grating_off	staircase	10	red	right	unaware	1	0
559.651	0.000	trigger_31	31	559651	Trigger-In:31	154	targets_on_fp_color_change	staircase	10	red	right	unaware	1	0
560.556	0.000	trigger_201	201	560556	Trigger-In:201	154	trial_end_completed	staircase	10	red	right	unaware	1	0
561.631	0.000	trigger_101	101	561631	Trigger-In:101	155	trial_start	staircase	11	red	left	aware	1	0
561.736	0.000	trigger_11	11	561736	Trigger-In:11	155	fixation_point_on	staircase	11	red	left	aware	1	0
562.341	0.000	trigger_21	21	562341	Trigger-In:21	155	grating_on	staircase	11	red	left	aware	1	0
562.396	0.000	trigger_20	20	562396	Trigger-In:20	155	grating_off	staircase	11	red	left	aware	1	0
562.996	0.000	trigger_31	31	562996	Trigger-In:31	155	targets_on_fp_color_change	staircase	11	red	left	aware	1	0
563.766	0.000	trigger_201	201	563766	Trigger-In:201	155	trial_end_completed	staircase	11	red	left	aware	1	0
564.846	0.000	trigger_101	101	564846	Trigger-In:101	156	trial_start	salient	0	red	left	aware	1	0
564.956	0.000	trigger_11	11	564956	Trigger-In:11	156	fixation_point_on	salient	0	red	left	aware	1	0
565.561	0.000	trigger_21	21	565561	Trigger-In:21	156	grating_on	salient	0	red	left	aware	1	0
565.616	0.000	trigger_20	20	565616	Trigger-In:20	156	grating_off	salient	0	red	left	aware	1	0
566.221	0.000	trigger_31	31	566221	Trigger-In:31	156	targets_on_fp_color_change	salient	0	red	left	aware	1	0
566.871	0.000	trigger_201	201	566871	Trigger-In:201	156	trial_end_completed	salient	0	red	left	aware	1	0
568.201	0.000	trigger_101	101	568201	Trigger-In:101	157	trial_start	staircase	10	green	right	aware	1	0
568.306	0.000	trigger_11	11	568306	Trigger-In:11	157	fixation_point_on	staircase	10	green	right	aware	1	0
568.906	0.000	trigger_21	21	568906	Trigger-In:21	157	grating_on	staircase	10	green	right	aware	1	0
568.961	0.000	trigger_20	20	568961	Trigger-In:20	157	grating_off	staircase	10	green	right	aware	1	0
569.566	0.000	trigger_31	31	569566	Trigger-In:31	157	targets_on_fp_color_change	staircase	10	green	right	aware	1	0
570.416	0.000	trigger_201	201	570416	Trigger-In:201	157	trial_end_completed	staircase	10	green	right	aware	1	0
571.491	0.000	trigger_101	101	571491	Trigger-In:101	158	trial_start	staircase	9	red	right	unaware	1	0
571.596	0.000	trigger_11	11	571596	Trigger-In:11	158	fixation_point_on	staircase	9	red	right	unaware	1	0
572.201	0.000	trigger_21	21	572201	Trigger-In:21	158	grating_on	staircase	9	red	right	unaware	1	0
572.256	0.000	trigger_20	20	572256	Trigger-In:20	158	grating_off	staircase	9	red	right	unaware	1	0
572.861	0.000	trigger_31	31	572861	Trigger-In:31	158	targets_on_fp_color_change	staircase	9	red	right	unaware	1	0
574.001	0.000	trigger_201	201	574001	Trigger-In:201	158	trial_end_completed	staircase	9	red	right	unaware	1	0
575.076	0.000	trigger_101	101	575076	Trigger-In:101	159	trial_start	staircase	10	green	left	unaware	1	0
575.186	0.000	trigger_11	11	575186	Trigger-In:11	159	fixation_point_on	staircase	10	green	left	unaware	1	0
575.791	0.000	trigger_21	21	575791	Trigger-In:21	159	grating_on	staircase	10	green	left	unaware	1	0
575.846	0.000	trigger_20	20	575846	Trigger-In:20	159	grating_off	staircase	10	green	left	unaware	1	0
576.451	0.000	trigger_31	31	576451	Trigger-In:31	159	targets_on_fp_color_change	staircase	10	green	left	unaware	1	0
577.351	0.000	trigger_201	201	577351	Trigger-In:201	159	trial_end_completed	staircase	10	green	left	unaware	1	0
578.426	0.000	trigger_101	101	578426	Trigger-In:101	160	trial_start	staircase	11	red	right	unaware	1	0
578.531	0.000	trigger_11	11	578531	Trigger-In:11	160	fixation_point_on	staircase	11	red	right	unaware	1	0
579.136	0.000	trigger_21	21	579136	Trigger-In:21	160	grating_on	staircase	11	red	right	unaware	1	0
579.191	0.000	trigger_20	20	579191	Trigger-In:20	160	grating_off	staircase	11	red	right	unaware	1	0
579.796	0.000	trigger_31	31	579796	Trigger-In:31	160	targets_on_fp_color_change	staircase	11	red	right	unaware	1	0
580.736	0.000	trigger_201	201	580736	Trigger-In:201	160	trial_end_completed	staircase	11	red	right	unaware	1	0
581.816	0.000	trigger_101	101	581816	Trigger-In:101	161	trial_start	staircase	12	green	left	unaware	1	0
581.921	0.000	trigger_11	11	581921	Trigger-In:11	161	fixation_point_on	staircase	12	green	left	unaware	1	0
582.526	0.000	trigger_21	21	582526	Trigger-In:21	161	grating_on	staircase	12	green	left	unaware	1	0
582.581	0.000	trigger_20	20	582581	Trigger-In:20	161	grating_off	staircase	12	green	left	unaware	1	0
583.186	0.000	trigger_31	31	583186	Trigger-In:31	161	targets_on_fp_color_change	staircase	12	green	left	unaware	1	0
584.006	0.000	trigger_201	201	584006	Trigger-In:201	161	trial_end_completed	staircase	12	green	left	unaware	1	0
585.081	0.000	trigger_101	101	585081	Trigger-In:101	162	trial_start	staircase	13	green	left	unaware	1	0
585.186	0.000	trigger_11	11	585186	Trigger-In:11	162	fixation_point_on	staircase	13	green	left	unaware	1	0
585.791	0.000	trigger_21	21	585791	Trigger-In:21	162	grating_on	staircase	13	green	left	unaware	1	0
585.846	0.000	trigger_20	20	585846	Trigger-In:20	162	grating_off	staircase	13	green	left	unaware	1	0
586.451	0.000	trigger_31	31	586451	Trigger-In:31	162	targets_on_fp_color_change	staircase	13	green	left	unaware	1	0
587.156	0.000	trigger_201	201	587156	Trigger-In:201	162	trial_end_completed	staircase	13	green	left	unaware	1	0
588.231	0.000	trigger_101	101	588231	Trigger-In:101	163	trial_start	staircase	14	green	left	unaware	1	0
588.336	0.000	trigger_11	11	588336	Trigger-In:11	163	fixation_point_on	staircase	14	green	left	unaware	1	0
588.941	0.000	trigger_21	21	588941	Trigger-In:21	163	grating_on	staircase	14	green	left	unaware	1	0
588.996	0.000	trigger_20	20	588996	Trigger-In:20	163	grating_off	staircase	14	green	left	unaware	1	0
589.601	0.000	trigger_31	31	589601	Trigger-In:31	163	targets_on_fp_color_change	staircase	14	green	left	unaware	1	0
590.326	0.000	trigger_201	201	590326	Trigger-In:201	163	trial_end_completed	staircase	14	green	left	unaware	1	0
591.406	0.000	trigger_101	101	591406	Trigger-In:101	164	trial_start	staircase	15	green	right	aware	1	0
591.511	0.000	trigger_11	11	591511	Trigger-In:11	164	fixation_point_on	staircase	15	green	right	aware	1	0
592.116	0.000	trigger_21	21	592116	Trigger-In:21	164	grating_on	staircase	15	green	right	aware	1	0
592.171	0.000	trigger_20	20	592171	Trigger-In:20	164	grating_off	staircase	15	green	right	aware	1	0
592.776	0.000	trigger_31	31	592776	Trigger-In:31	164	targets_on_fp_color_change	staircase	15	green	right	aware	1	0
593.531	0.000	trigger_201	201	593531	Trigger-In:201	164	trial_end_completed	staircase	15	green	right	aware	1	0
594.611	0.000	trigger_101	101	594611	Trigger-In:101	165	trial_start	staircase	14	red	right	unaware	1	0
594.721	0.000	trigger_11	11	594721	Trigger-In:11	165	fixation_point_on	staircase	14	red	right	unaware	1	0
595.321	0.000	trigger_21	21	595321	Trigger-In:21	165	grating_on	staircase	14	red	right	unaware	1	0
595.381	0.000	trigger_20	20	595381	Trigger-In:20	165	grating_off	staircase	14	red	right	unaware	1	0
595.981	0.000	trigger_31	31	595981	Trigger-In:31	165	targets_on_fp_color_change	staircase	14	red	right	unaware	1	0
596.891	0.000	trigger_201	201	596891	Trigger-In:201	165	trial_end_completed	staircase	14	red	right	unaware	1	0
597.971	0.000	trigger_101	101	597971	Trigger-In:101	166	trial_start	staircase	15	green	right	aware	1	0
598.071	0.000	trigger_11	11	598071	Trigger-In:11	166	fixation_point_on	staircase	15	green	right	aware	1	0
598.676	0.000	trigger_21	21	598676	Trigger-In:21	166	grating_on	staircase	15	green	right	aware	1	0
598.731	0.000	trigger_20	20	598731	Trigger-In:20	166	grating_off	staircase	15	green	right	aware	1	0
599.336	0.000	trigger_31	31	599336	Trigger-In:31	166	targets_on_fp_color_change	staircase	15	green	right	aware	1	0
600.121	0.000	trigger_201	201	600121	Trigger-In:201	166	trial_end_completed	staircase	15	green	right	aware	1	0
601.196	0.000	trigger_101	101	601196	Trigger-In:101	167	trial_start	staircase	14	red	right	unaware	1	0
601.301	0.000	trigger_11	11	601301	Trigger-In:11	167	fixation_point_on	staircase	14	red	right	unaware	1	0
601.906	0.000	trigger_21	21	601906	Trigger-In:21	167	grating_on	staircase	14	red	right	unaware	1	0
601.961	0.000	trigger_20	20	601961	Trigger-In:20	167	grating_off	staircase	14	red	right	unaware	1	0
602.566	0.000	trigger_31	31	602566	Trigger-In:31	167	targets_on_fp_color_change	staircase	14	red	right	unaware	1	0
603.631	0.000	trigger_201	201	603631	Trigger-In:201	167	trial_end_completed	staircase	14	red	right	unaware	1	0
604.711	0.000	trigger_101	101	604711	Trigger-In:101	168	trial_start	staircase	15	green	right	aware	1	0
604.816	0.000	trigger_11	11	604816	Trigger-In:11	168	fixation_point_on	staircase	15	green	right	aware	1	0
605.421	0.000	trigger_21	21	605421	Trigger-In:21	168	grating_on	staircase	15	green	right	aware	1	0
605.481	0.000	trigger_20	20	605481	Trigger-In:20	168	grating_off	staircase	15	green	right	aware	1	0
606.086	0.000	trigger_31	31	606086	Trigger-In:31	168	targets_on_fp_color_change	staircase	15	green	right	aware	1	0
606.856	0.000	trigger_201	201	606856	Trigger-In:201	168	trial_end_completed	staircase	15	green	right	aware	1	0
607.931	0.000	trigger_101	101	607931	Trigger-In:101	169	trial_start	absent	50	red	left	aware	1	0
608.036	0.000	trigger_11	11	608036	Trigger-In:11	169	fixation_point_on	absent	50	red	left	aware	1	0
608.641	0.000	trigger_21	21	608641	Trigger-In:21	169	grating_on	absent	50	red	left	aware	1	0
608.696	0.000	trigger_20	20	608696	Trigger-In:20	169	grating_off	absent	50	red	left	aware	1	0
609.301	0.000	trigger_31	31	609301	Trigger-In:31	169	targets_on_fp_color_change	absent	50	red	left	aware	1	0
610.121	0.000	trigger_201	201	610121	Trigger-In:201	169	trial_end_completed	absent	50	red	left	aware	1	0
611.196	0.000	trigger_101	101	611196	Trigger-In:101	170	trial_start	staircase	14	red	left	aware	1	0
611.301	0.000	trigger_11	11	611301	Trigger-In:11	170	fixation_point_on	staircase	14	red	left	aware	1	0
611.906	0.000	trigger_21	21	611906	Trigger-In:21	170	grating_on	staircase	14	red	left	aware	1	0
611.961	0.000	trigger_20	20	611961	Trigger-In:20	170	grating_off	staircase	14	red	left	aware	1	0
612.566	0.000	trigger_31	31	612566	Trigger-In:31	170	targets_on_fp_color_change	staircase	14	red	left	aware	1	0
613.246	0.000	trigger_201	201	613246	Trigger-In:201	170	trial_end_completed	staircase	14	red	left	aware	1	0
614.321	0.000	trigger_101	101	614321	Trigger-In:101	171	trial_start	staircase	13	red	right	unaware	1	0
614.431	0.000	trigger_11	11	614431	Trigger-In:11	171	fixation_point_on	staircase	13	red	right	unaware	1	0
615.036	0.000	trigger_21	21	615036	Trigger-In:21	171	grating_on	staircase	13	red	right	unaware	1	0
615.091	0.000	trigger_20	20	615091	Trigger-In:20	171	grating_off	staircase	13	red	right	unaware	1	0
615.696	0.000	trigger_31	31	615696	Trigger-In:31	171	targets_on_fp_color_change	staircase	13	red	right	unaware	1	0
616.486	0.000	trigger_201	201	616486	Trigger-In:201	171	trial_end_completed	staircase	13	red	right	unaware	1	0
617.556	0.000	trigger_101	101	617556	Trigger-In:101	172	trial_start	staircase	14	red	left	aware	1	0
617.661	0.000	trigger_11	11	617661	Trigger-In:11	172	fixation_point_on	staircase	14	red	left	aware	1	0
618.266	0.000	trigger_21	21	618266	Trigger-In:21	172	grating_on	staircase	14	red	left	aware	1	0
618.321	0.000	trigger_20	20	618321	Trigger-In:20	172	grating_off	staircase	14	red	left	aware	1	0
618.926	0.000	trigger_31	31	618926	Trigger-In:31	172	targets_on_fp_color_change	staircase	14	red	left	aware	1	0
619.711	0.000	trigger_201	201	619711	Trigger-In:201	172	trial_end_completed	staircase	14	red	left	aware	1	0
620.786	0.000	trigger_101	101	620786	Trigger-In:101	173	trial_start	staircase	13	green	right	aware	1	0
620.891	0.000	trigger_11	11	620891	Trigger-In:11	173	fixation_point_on	staircase	13	green	right	aware	1	0
621.496	0.000	trigger_21	21	621496	Trigger-In:21	173	grating_on	staircase	13	green	right	aware	1	0
621.551	0.000	trigger_20	20	621551	Trigger-In:20	173	grating_off	staircase	13	green	right	aware	1	0
622.156	0.000	trigger_31	31	622156	Trigger-In:31	173	targets_on_fp_color_change	staircase	13	green	right	aware	1	0
623.096	0.000	trigger_201	201	623096	Trigger-In:201	173	trial_end_completed	staircase	13	green	right	aware	1	0
624.176	0.000	trigger_101	101	624176	Trigger-In:101	174	trial_start	staircase	12	green	left	unaware	1	0
624.281	0.000	trigger_11	11	624281	Trigger-In:11	174	fixation_point_on	staircase	12	green	left	unaware	1	0
624.886	0.000	trigger_21	21	624886	Trigger-In:21	174	grating_on	staircase	12	green	left	unaware	1	0
624.941	0.000	trigger_20	20	624941	Trigger-In:20	174	grating_off	staircase	12	green	left	unaware	1	0
625.541	0.000	trigger_31	31	625541	Trigger-In:31	174	targets_on_fp_color_change	staircase	12	green	left	unaware	1	0
626.321	0.000	trigger_201	201	626321	Trigger-In:201	174	trial_end_completed	staircase	12	green	left	unaware	1	0
627.396	0.000	trigger_101	101	627396	Trigger-In:101	175	trial_start	absent	50	red	left	aware	1	0
627.501	0.000	trigger_11	11	627501	Trigger-In:11	175	fixation_point_on	absent	50	red	left	aware	1	0
628.106	0.000	trigger_21	21	628106	Trigger-In:21	175	grating_on	absent	50	red	left	aware	1	0
628.161	0.000	trigger_20	20	628161	Trigger-In:20	175	grating_off	absent	50	red	left	aware	1	0
628.766	0.000	trigger_31	31	628766	Trigger-In:31	175	targets_on_fp_color_change	absent	50	red	left	aware	1	0
629.426	0.000	trigger_201	201	629426	Trigger-In:201	175	trial_end_completed	absent	50	red	left	aware	1	0
630.501	0.000	trigger_101	101	630501	Trigger-In:101	176	trial_start	staircase	13	red	left	aware	1	0
630.606	0.000	trigger_11	11	630606	Trigger-In:11	176	fixation_point_on	staircase	13	red	left	aware	1	0
631.211	0.000	trigger_21	21	631211	Trigger-In:21	176	grating_on	staircase	13	red	left	aware	1	0
631.266	0.000	trigger_20	20	631266	Trigger-In:20	176	grating_off	staircase	13	red	left	aware	1	0
631.871	0.000	trigger_31	31	631871	Trigger-In:31	176	targets_on_fp_color_change	staircase	13	red	left	aware	1	0
632.601	0.000	trigger_201	201	632601	Trigger-In:201	176	trial_end_completed	staircase	13	red	left	aware	1	0
633.676	0.000	trigger_101	101	633676	Trigger-In:101	177	trial_start	staircase	12	green	n/a	n/a	0	1
633.786	0.000	trigger_11	11	633786	Trigger-In:11	177	fixation_point_on	staircase	12	green	n/a	n/a	0	1
634.091	0.000	trigger_204	204	634091	Trigger-In:204	177	trial_end_fixation_break	staircase	12	green	n/a	n/a	0	1
635.816	0.000	trigger_101	101	635816	Trigger-In:101	178	trial_start	staircase	12	green	left	unaware	1	0
635.916	0.000	trigger_11	11	635916	Trigger-In:11	178	fixation_point_on	staircase	12	green	left	unaware	1	0
636.521	0.000	trigger_21	21	636521	Trigger-In:21	178	grating_on	staircase	12	green	left	unaware	1	0
636.576	0.000	trigger_20	20	636576	Trigger-In:20	178	grating_off	staircase	12	green	left	unaware	1	0
637.181	0.000	trigger_31	31	637181	Trigger-In:31	178	targets_on_fp_color_change	staircase	12	green	left	unaware	1	0
638.056	0.000	trigger_201	201	638056	Trigger-In:201	178	trial_end_completed	staircase	12	green	left	unaware	1	0
639.131	0.000	trigger_101	101	639131	Trigger-In:101	179	trial_start	staircase	13	green	left	unaware	1	0
639.236	0.000	trigger_11	11	639236	Trigger-In:11	179	fixation_point_on	staircase	13	green	left	unaware	1	0
639.841	0.000	trigger_21	21	639841	Trigger-In:21	179	grating_on	staircase	13	green	left	unaware	1	0
639.896	0.000	trigger_20	20	639896	Trigger-In:20	179	grating_off	staircase	13	green	left	unaware	1	0
640.501	0.000	trigger_31	31	640501	Trigger-In:31	179	targets_on_fp_color_change	staircase	13	green	left	unaware	1	0
641.601	0.000	trigger_201	201	641601	Trigger-In:201	179	trial_end_completed	staircase	13	green	left	unaware	1	0
642.676	0.000	trigger_101	101	642676	Trigger-In:101	180	trial_start	staircase	14	red	right	unaware	1	0
642.781	0.000	trigger_11	11	642781	Trigger-In:11	180	fixation_point_on	staircase	14	red	right	unaware	1	0
643.381	0.000	trigger_21	21	643381	Trigger-In:21	180	grating_on	staircase	14	red	right	unaware	1	0
643.441	0.000	trigger_20	20	643441	Trigger-In:20	180	grating_off	staircase	14	red	right	unaware	1	0
644.041	0.000	trigger_31	31	644041	Trigger-In:31	180	targets_on_fp_color_change	staircase	14	red	right	unaware	1	0
645.081	0.000	trigger_201	201	645081	Trigger-In:201	180	trial_end_completed	staircase	14	red	right	unaware	1	0
