onset	duration	trial_type	value	sample	source_annotation	trial	event_name	stim_presence	contrast	fp_color	response	awareness	trial_complete	fixation_break
66.501	0.000	trigger_101	101	66501	Trigger-In:101	1	trial_start	salient	0	green	n/a	n/a	0	0
66.611	0.000	trigger_11	11	66611	Trigger-In:11	1	fixation_point_on	salient	0	green	n/a	n/a	0	0
67.216	0.000	trigger_21	21	67216	Trigger-In:21	1	grating_on	salient	0	green	n/a	n/a	0	0
67.286	0.000	trigger_20	20	67286	Trigger-In:20	1	grating_off	salient	0	green	n/a	n/a	0	0
67.891	0.000	trigger_31	31	67891	Trigger-In:31	1	targets_on_fp_color_change	salient	0	green	n/a	n/a	0	0
69.881	0.000	trigger_203	203	69881	Trigger-In:203	1	trial_end_not_completed	salient	0	green	n/a	n/a	0	0
71.196	0.000	trigger_101	101	71196	Trigger-In:101	2	trial_start	staircase	14	red	left	aware	1	0
71.301	0.000	trigger_11	11	71301	Trigger-In:11	2	fixation_point_on	staircase	14	red	left	aware	1	0
71.901	0.000	trigger_21	21	71901	Trigger-In:21	2	grating_on	staircase	14	red	left	aware	1	0
71.956	0.000	trigger_20	20	71956	Trigger-In:20	2	grating_off	staircase	14	red	left	aware	1	0
72.561	0.000	trigger_31	31	72561	Trigger-In:31	2	targets_on_fp_color_change	staircase	14	red	left	aware	1	0
73.651	0.000	trigger_201	201	73651	Trigger-In:201	2	trial_end_completed	staircase	14	red	left	aware	1	0
74.736	0.000	trigger_101	101	74736	Trigger-In:101	3	trial_start	staircase	13	green	right	aware	1	0
74.846	0.000	trigger_11	11	74846	Trigger-In:11	3	fixation_point_on	staircase	13	green	right	aware	1	0
75.451	0.000	trigger_21	21	75451	Trigger-In:21	3	grating_on	staircase	13	green	right	aware	1	0
75.506	0.000	trigger_20	20	75506	Trigger-In:20	3	grating_off	staircase	13	green	right	aware	1	0
76.111	0.000	trigger_31	31	76111	Trigger-In:31	3	targets_on_fp_color_change	staircase	13	green	right	aware	1	0
77.081	0.000	trigger_201	201	77081	Trigger-In:201	3	trial_end_completed	staircase	13	green	right	aware	1	0
78.161	0.000	trigger_101	101	78161	Trigger-In:101	4	trial_start	staircase	12	red	left	aware	1	0
78.261	0.000	trigger_11	11	78261	Trigger-In:11	4	fixation_point_on	staircase	12	red	left	aware	1	0
78.866	0.000	trigger_21	21	78866	Trigger-In:21	4	grating_on	staircase	12	red	left	aware	1	0
78.921	0.000	trigger_20	20	78921	Trigger-In:20	4	grating_off	staircase	12	red	left	aware	1	0
79.526	0.000	trigger_31	31	79526	Trigger-In:31	4	targets_on_fp_color_change	staircase	12	red	left	aware	1	0
80.426	0.000	trigger_201	201	80426	Trigger-In:201	4	trial_end_completed	staircase	12	red	left	aware	1	0
81.501	0.000	trigger_101	101	81501	Trigger-In:101	5	trial_start	staircase	11	red	left	aware	1	0
81.611	0.000	trigger_11	11	81611	Trigger-In:11	5	fixation_point_on	staircase	11	red	left	aware	1	0
82.216	0.000	trigger_21	21	82216	Trigger-In:21	5	grating_on	staircase	11	red	left	aware	1	0
82.271	0.000	trigger_20	20	82271	Trigger-In:20	5	grating_off	staircase	11	red	left	aware	1	0
82.876	0.000	trigger_31	31	82876	Trigger-In:31	5	targets_on_fp_color_change	staircase	11	red	left	aware	1	0
83.676	0.000	trigger_201	201	83676	Trigger-In:201	5	trial_end_completed	staircase	11	red	left	aware	1	0
84.756	0.000	trigger_101	101	84756	Trigger-In:101	6	trial_start	staircase	10	red	right	unaware	1	0
84.861	0.000	trigger_11	11	84861	Trigger-In:11	6	fixation_point_on	staircase	10	red	right	unaware	1	0
85.466	0.000	trigger_21	21	85466	Trigger-In:21	6	grating_on	staircase	10	red	right	unaware	1	0
85.521	0.000	trigger_20	20	85521	Trigger-In:20	6	grating_off	staircase	10	red	right	unaware	1	0
86.126	0.000	trigger_31	31	86126	Trigger-In:31	6	targets_on_fp_color_change	staircase	10	red	right	unaware	1	0
87.071	0.000	trigger_201	201	87071	Trigger-In:201	6	trial_end_completed	staircase	10	red	right	unaware	1	0
88.146	0.000	trigger_101	101	88146	Trigger-In:101	7	trial_start	staircase	11	red	left	aware	1	0
88.251	0.000	trigger_11	11	88251	Trigger-In:11	7	fixation_point_on	staircase	11	red	left	aware	1	0
88.851	0.000	trigger_21	21	88851	Trigger-In:21	7	grating_on	staircase	11	red	left	aware	1	0
88.911	0.000	trigger_20	20	88911	Trigger-In:20	7	grating_off	staircase	11	red	left	aware	1	0
89.511	0.000	trigger_31	31	89511	Trigger-In:31	7	targets_on_fp_color_change	staircase	11	red	left	aware	1	0
90.366	0.000	trigger_201	201	90366	Trigger-In:201	7	trial_end_completed	staircase	11	red	left	aware	1	0
91.441	0.000	trigger_101	101	91441	Trigger-In:101	8	trial_start	staircase	10	green	left	unaware	1	0
91.546	0.000	trigger_11	11	91546	Trigger-In:11	8	fixation_point_on	staircase	10	green	left	unaware	1	0
92.151	0.000	trigger_21	21	92151	Trigger-In:21	8	grating_on	staircase	10	green	left	unaware	1	0
92.206	0.000	trigger_20	20	92206	Trigger-In:20	8	grating_off	staircase	10	green	left	unaware	1	0
92.811	0.000	trigger_31	31	92811	Trigger-In:31	8	targets_on_fp_color_change	staircase	10	green	left	unaware	1	0
94.201	0.000	trigger_201	201	94201	Trigger-In:201	8	trial_end_completed	staircase	10	green	left	unaware	1	0
95.276	0.000	trigger_101	101	95276	Trigger-In:101	9	trial_start	staircase	11	red	right	unaware	1	0
95.386	0.000	trigger_11	11	95386	Trigger-In:11	9	fixation_point_on	staircase	11	red	right	unaware	1	0
95.991	0.000	trigger_21	21	95991	Trigger-In:21	9	grating_on	staircase	11	red	right	unaware	1	0
96.046	0.000	trigger_20	20	96046	Trigger-In:20	9	grating_off	staircase	11	red	right	unaware	1	0
96.651	0.000	trigger_31	31	96651	Trigger-In:31	9	targets_on_fp_color_change	staircase	11	red	right	unaware	1	0
97.831	0.000	trigger_201	201	97831	Trigger-In:201	9	trial_end_completed	staircase	11	red	right	unaware	1	0
98.906	0.000	trigger_101	101	98906	Trigger-In:101	10	trial_start	salient	0	red	right	unaware	1	0
99.006	0.000	trigger_11	11	99006	Trigger-In:11	10	fixation_point_on	salient	0	red	right	unaware	1	0
99.611	0.000	trigger_21	21	99611	Trigger-In:21	10	grating_on	salient	0	red	right	unaware	1	0
99.661	0.000	trigger_20	20	99661	Trigger-In:20	10	grating_off	salient	0	red	right	unaware	1	0
100.266	0.000	trigger_31	31	100266	Trigger-In:31	10	targets_on_fp_color_change	salient	0	red	right	unaware	1	0
101.466	0.000	trigger_201	201	101466	Trigger-In:201	10	trial_end_completed	salient	0	red	right	unaware	1	0
102.531	0.000	trigger_101	101	102531	Trigger-In:101	11	trial_start	staircase	12	red	left	aware	1	0
102.636	0.000	trigger_11	11	102636	Trigger-In:11	11	fixation_point_on	staircase	12	red	left	aware	1	0
103.236	0.000	trigger_21	21	103236	Trigger-In:21	11	grating_on	staircase	12	red	left	aware	1	0
103.286	0.000	trigger_20	20	103286	Trigger-In:20	11	grating_off	staircase	12	red	left	aware	1	0
103.886	0.000	trigger_31	31	103886	Trigger-In:31	11	targets_on_fp_color_change	staircase	12	red	left	aware	1	0
104.771	0.000	trigger_201	201	104771	Trigger-In:201	11	trial_end_completed	staircase	12	red	left	aware	1	0
105.836	0.000	trigger_101	101	105836	Trigger-In:101	12	trial_start	staircase	11	green	right	aware	1	0
105.936	0.000	trigger_11	11	105936	Trigger-In:11	12	fixation_point_on	staircase	11	green	right	aware	1	0
106.541	0.000	trigger_21	21	106541	Trigger-In:21	12	grating_on	staircase	11	green	right	aware	1	0
106.591	0.000	trigger_20	20	106591	Trigger-In:20	12	grating_off	staircase	11	green	right	aware	1	0
107.191	0.000	trigger_31	31	107191	Trigger-In:31	12	targets_on_fp_color_change	staircase	11	green	right	aware	1	0
108.056	0.000	trigger_201	201	108056	Trigger-In:201	12	trial_end_completed	staircase	11	green	right	aware	1	0
109.126	0.000	trigger_101	101	109126	Trigger-In:101	13	trial_start	staircase	10	red	left	aware	1	0
109.226	0.000	trigger_11	11	109226	Trigger-In:11	13	fixation_point_on	staircase	10	red	left	aware	1	0
109.826	0.000	trigger_21	21	109826	Trigger-In:21	13	grating_on	staircase	10	red	left	aware	1	0
109.876	0.000	trigger_20	20	109876	Trigger-In:20	13	grating_off	staircase	10	red	left	aware	1	0
110.476	0.000	trigger_31	31	110476	Trigger-In:31	13	targets_on_fp_color_change	staircase	10	red	left	aware	1	0
112.136	0.000	trigger_201	201	112136	Trigger-In:201	13	trial_end_completed	staircase	10	red	left	aware	1	0
113.206	0.000	trigger_101	101	113206	Trigger-In:101	14	trial_start	staircase	9	red	n/a	n/a	0	0
113.306	0.000	trigger_11	11	113306	Trigger-In:11	14	fixation_point_on	staircase	9	red	n/a	n/a	0	0
113.911	0.000	trigger_21	21	113911	Trigger-In:21	14	grating_on	staircase	9	red	n/a	n/a	0	0
113.961	0.000	trigger_20	20	113961	Trigger-In:20	14	grating_off	staircase	9	red	n/a	n/a	0	0
114.561	0.000	trigger_31	31	114561	Trigger-In:31	14	targets_on_fp_color_change	staircase	9	red	n/a	n/a	0	0
116.526	0.000	trigger_203	203	116526	Trigger-In:203	14	trial_end_not_completed	staircase	9	red	n/a	n/a	0	0
117.626	0.000	trigger_101	101	117626	Trigger-In:101	15	trial_start	absent	50	green	right	aware	1	0
117.731	0.000	trigger_11	11	117731	Trigger-In:11	15	fixation_point_on	absent	50	green	right	aware	1	0
118.331	0.000	trigger_21	21	118331	Trigger-In:21	15	grating_on	absent	50	green	right	aware	1	0
118.381	0.000	trigger_20	20	118381	Trigger-In:20	15	grating_off	absent	50	green	right	aware	1	0
118.981	0.000	trigger_31	31	118981	Trigger-In:31	15	targets_on_fp_color_change	absent	50	green	right	aware	1	0
120.106	0.000	trigger_201	201	120106	Trigger-In:201	15	trial_end_completed	absent	50	green	right	aware	1	0
121.176	0.000	trigger_101	101	121176	Trigger-In:101	16	trial_start	staircase	9	green	left	unaware	1	0
121.276	0.000	trigger_11	11	121276	Trigger-In:11	16	fixation_point_on	staircase	9	green	left	unaware	1	0
121.876	0.000	trigger_21	21	121876	Trigger-In:21	16	grating_on	staircase	9	green	left	unaware	1	0
121.931	0.000	trigger_20	20	121931	Trigger-In:20	16	grating_off	staircase	9	green	left	unaware	1	0
122.531	0.000	trigger_31	31	122531	Trigger-In:31	16	targets_on_fp_color_change	staircase	9	green	left	unaware	1	0
123.586	0.000	trigger_201	201	123586	Trigger-In:201	16	trial_end_completed	staircase	9	green	left	unaware	1	0
124.656	0.000	trigger_101	101	124656	Trigger-In:101	17	trial_start	staircase	10	red	left	aware	1	0
124.756	0.000	trigger_11	11	124756	Trigger-In:11	17	fixation_point_on	staircase	10	red	left	aware	1	0
125.361	0.000	trigger_21	21	125361	Trigger-In:21	17	grating_on	staircase	10	red	left	aware	1	0
125.411	0.000	trigger_20	20	125411	Trigger-In:20	17	grating_off	staircase	10	red	left	aware	1	0
126.011	0.000	trigger_31	31	126011	Trigger-In:31	17	targets_on_fp_color_change	staircase	10	red	left	aware	1	0
127.201	0.000	trigger_201	201	127201	Trigger-In:201	17	trial_end_completed	staircase	10	red	left	aware	1	0
128.266	0.000	trigger_101	101	128266	Trigger-In:101	18	trial_start	staircase	9	red	right	unaware	1	0
128.376	0.000	trigger_11	11	128376	Trigger-In:11	18	fixation_point_on	staircase	9	red	right	unaware	1	0
128.976	0.000	trigger_21	21	128976	Trigger-In:21	18	grating_on	staircase	9	red	right	unaware	1	0
129.026	0.000	trigger_20	20	129026	Trigger-In:20	18	grating_off	staircase	9	red	right	unaware	1	0
129.626	0.000	trigger_31	31	129626	Trigger-In:31	18	targets_on_fp_color_change	staircase	9	red	right	unaware	1	0
130.966	0.000	trigger_201	201	130966	Trigger-In:201	18	trial_end_completed	staircase	9	red	right	unaware	1	0
132.031	0.000	trigger_101	101	132031	Trigger-In:101	19	trial_start	staircase	10	green	right	aware	1	0
132.136	0.000	trigger_11	11	132136	Trigger-In:11	19	fixation_point_on	staircase	10	green	right	aware	1	0
132.736	0.000	trigger_21	21	132736	Trigger-In:21	19	grating_on	staircase	10	green	right	aware	1	0
132.791	0.000	trigger_20	20	132791	Trigger-In:20	19	grating_off	staircase	10	green	right	aware	1	0
133.391	0.000	trigger_31	31	133391	Trigger-In:31	19	targets_on_fp_color_change	staircase	10	green	right	aware	1	0
134.631	0.000	trigger_201	201	134631	Trigger-In:201	19	trial_end_completed	staircase	10	green	right	aware	1	0
135.701	0.000	trigger_101	101	135701	Trigger-In:101	20	trial_start	staircase	9	red	right	unaware	1	0
135.806	0.000	trigger_11	11	135806	Trigger-In:11	20	fixation_point_on	staircase	9	red	right	unaware	1	0
136.406	0.000	trigger_21	21	136406	Trigger-In:21	20	grating_on	staircase	9	red	right	unaware	1	0
136.456	0.000	trigger_20	20	136456	Trigger-In:20	20	grating_off	staircase	9	red	right	unaware	1	0
137.056	0.000	trigger_31	31	137056	Trigger-In:31	20	targets_on_fp_color_change	staircase	9	red	right	unaware	1	0
138.156	0.000	trigger_201	201	138156	Trigger-In:201	20	trial_end_completed	staircase	9	red	right	unaware	1	0
139.221	0.000	trigger_101	101	139221	Trigger-In:101	21	trial_start	staircase	10	red	right	unaware	1	0
139.321	0.000	trigger_11	11	139321	Trigger-In:11	21	fixation_point_on	staircase	10	red	right	unaware	1	0
139.921	0.000	trigger_21	21	139921	Trigger-In:21	21	grating_on	staircase	10	red	right	unaware	1	0
139.971	0.000	trigger_20	20	139971	Trigger-In:20	21	grating_off	staircase	10	red	right	unaware	1	0
140.576	0.000	trigger_31	31	140576	Trigger-In:31	21	targets_on_fp_color_change	staircase	10	red	right	unaware	1	0
141.931	0.000	trigger_201	201	141931	Trigger-In:201	21	trial_end_completed	staircase	10	red	right	unaware	1	0
142.996	0.000	trigger_101	101	142996	Trigger-In:101	22	trial_start	salient	0	red	right	unaware	1	0
143.101	0.000	trigger_11	11	143101	Trigger-In:11	22	fixation_point_on	salient	0	red	right	unaware	1	0
143.701	0.000	trigger_21	21	143701	Trigger-In:21	22	grating_on	salient	0	red	right	unaware	1	0
143.756	0.000	trigger_20	20	143756	Trigger-In:20	22	grating_off	salient	0	red	right	unaware	1	0
144.356	0.000	trigger_31	31	144356	Trigger-In:31	22	targets_on_fp_color_change	salient	0	red	right	unaware	1	0
145.741	0.000	trigger_201	201	145741	Trigger-In:201	22	trial_end_completed	salient	0	red	right	unaware	1	0
146.806	0.000	trigger_101	101	146806	Trigger-In:101	23	trial_start	staircase	11	red	right	unaware	1	0
146.911	0.000	trigger_11	11	146911	Trigger-In:11	23	fixation_point_on	staircase	11	red	right	unaware	1	0
147.511	0.000	trigger_21	21	147511	Trigger-In:21	23	grating_on	staircase	11	red	right	unaware	1	0
147.566	0.000	trigger_20	20	147566	Trigger-In:20	23	grating_off	staircase	11	red	right	unaware	1	0
148.166	0.000	trigger_31	31	148166	Trigger-In:31	23	targets_on_fp_color_change	staircase	11	red	right	unaware	1	0
149.336	0.000	trigger_201	201	149336	Trigger-In:201	23	trial_end_completed	staircase	11	red	right	unaware	1	0
150.401	0.000	trigger_101	101	150401	Trigger-In:101	24	trial_start	salient	0	red	right	unaware	1	0
150.506	0.000	trigger_11	11	150506	Trigger-In:11	24	fixation_point_on	salient	0	red	right	unaware	1	0
151.111	0.000	trigger_21	21	151111	Trigger-In:21	24	grating_on	salient	0	red	right	unaware	1	0
151.161	0.000	trigger_20	20	151161	Trigger-In:20	24	grating_off	salient	0	red	right	unaware	1	0
151.761	0.000	trigger_31	31	151761	Trigger-In:31	24	targets_on_fp_color_change	salient	0	red	right	unaware	1	0
152.856	0.000	trigger_201	201	152856	Trigger-In:201	24	trial_end_completed	salient	0	red	right	unaware	1	0
153.926	0.000	trigger_101	101	153926	Trigger-In:101	25	trial_start	staircase	12	green	left	unaware	1	0
154.036	0.000	trigger_11	11	154036	Trigger-In:11	25	fixation_point_on	staircase	12	green	left	unaware	1	0
154.636	0.000	trigger_21	21	154636	Trigger-In:21	25	grating_on	staircase	12	green	left	unaware	1	0
154.686	0.000	trigger_20	20	154686	Trigger-In:20	25	grating_off	staircase	12	green	left	unaware	1	0
155.286	0.000	trigger_31	31	155286	Trigger-In:31	25	targets_on_fp_color_change	staircase	12	green	left	unaware	1	0
156.376	0.000	trigger_201	201	156376	Trigger-In:201	25	trial_end_completed	staircase	12	green	left	unaware	1	0
157.446	0.000	trigger_101	101	157446	Trigger-In:101	26	trial_start	staircase	13	red	right	unaware	1	0
157.551	0.000	trigger_11	11	157551	Trigger-In:11	26	fixation_point_on	staircase	13	red	right	unaware	1	0
158.151	0.000	trigger_21	21	158151	Trigger-In:21	26	grating_on	staircase	13	red	right	unaware	1	0
158.201	0.000	trigger_20	20	158201	Trigger-In:20	26	grating_off	staircase	13	red	right	unaware	1	0
158.801	0.000	trigger_31	31	158801	Trigger-In:31	26	targets_on_fp_color_change	staircase	13	red	right	unaware	1	0
159.916	0.000	trigger_201	201	159916	Trigger-In:201	26	trial_end_completed	staircase	13	red	right	unaware	1	0
160.981	0.000	trigger_101	101	160981	Trigger-In:101	27	trial_start	staircase	14	red	left	aware	1	0
161.086	0.000	trigger_11	11	161086	Trigger-In:11	27	fixation_point_on	staircase	14	red	left	aware	1	0
161.686	0.000	trigger_21	21	161686	Trigger-In:21	27	grating_on	staircase	14	red	left	aware	1	0
161.741	0.000	trigger_20	20	161741	Trigger-In:20	27	grating_off	staircase	14	red	left	aware	1	0
162.341	0.000	trigger_31	31	162341	Trigger-In:31	27	targets_on_fp_color_change	staircase	14	red	left	aware	1	0
163.781	0.000	trigger_201	201	163781	Trigger-In:201	27	trial_end_completed	staircase	14	red	left	aware	1	0
164.846	0.000	trigger_101	101	164846	Trigger-In:101	28	trial_start	staircase	13	green	left	unaware	1	0
164.951	0.000	trigger_11	11	164951	Trigger-In:11	28	fixation_point_on	staircase	13	green	left	unaware	1	0
165.556	0.000	trigger_21	21	165556	Trigger-In:21	28	grating_on	staircase	13	green	left	unaware	1	0
165.606	0.000	trigger_20	20	165606	Trigger-In:20	28	grating_off	staircase	13	green	left	unaware	1	0
166.206	0.000	trigger_31	31	166206	Trigger-In:31	28	targets_on_fp_color_change	staircase	13	green	left	unaware	1	0
167.881	0.000	trigger_201	201	167881	Trigger-In:201	28	trial_end_completed	staircase	13	green	left	unaware	1	0
168.946	0.000	trigger_101	101	168946	Trigger-In:101	29	trial_start	staircase	14	green	right	aware	1	0
169.051	0.000	trigger_11	11	169051	Trigger-In:11	29	fixation_point_on	staircase	14	green	right	aware	1	0
169.651	0.000	trigger_21	21	169651	Trigger-In:21	29	grating_on	staircase	14	green	right	aware	1	0
169.706	0.000	trigger_20	20	169706	Trigger-In:20	29	grating_off	staircase	14	green	right	aware	1	0
170.306	0.000	trigger_31	31	170306	Trigger-In:31	29	targets_on_fp_color_change	staircase	14	green	right	aware	1	0
171.676	0.000	trigger_201	201	171676	Trigger-In:201	29	trial_end_completed	staircase	14	green	right	aware	1	0
172.746	0.000	trigger_101	101	172746	Trigger-In:101	30	trial_start	salient	0	green	left	unaware	1	0
172.851	0.000	trigger_11	11	172851	Trigger-In:11	30	fixation_point_on	salient	0	green	left	unaware	1	0
173.451	0.000	trigger_21	21	173451	Trigger-In:21	30	grating_on	salient	0	green	left	unaware	1	0
173.501	0.000	trigger_20	20	173501	Trigger-In:20	30	grating_off	salient	0	green	left	unaware	1	0
174.101	0.000	trigger_31	31	174101	Trigger-In:31	30	targets_on_fp_color_change	salient	0	green	left	unaware	1	0
175.406	0.000	trigger_201	201	175406	Trigger-In:201	30	trial_end_completed	salient	0	green	left	unaware	1	0
176.476	0.000	trigger_101	101	176476	Trigger-In:101	31	trial_start	staircase	13	red	right	unaware	1	0
176.576	0.000	trigger_11	11	176576	Trigger-In:11	31	fixation_point_on	staircase	13	red	right	unaware	1	0
177.176	0.000	trigger_21	21	177176	Trigger-In:21	31	grating_on	staircase	13	red	right	unaware	1	0
177.226	0.000	trigger_20	20	177226	Trigger-In:20	31	grating_off	staircase	13	red	right	unaware	1	0
177.826	0.000	trigger_31	31	177826	Trigger-In:31	31	targets_on_fp_color_change	staircase	13	red	right	unaware	1	0
179.201	0.000	trigger_201	201	179201	Trigger-In:201	31	trial_end_completed	staircase	13	red	right	unaware	1	0
180.271	0.000	trigger_101	101	180271	Trigger-In:101	32	trial_start	staircase	14	green	n/a	n/a	0	0
180.376	0.000	trigger_11	11	180376	Trigger-In:11	32	fixation_point_on	staircase	14	green	n/a	n/a	0	0
180.976	0.000	trigger_21	21	180976	Trigger-In:21	32	grating_on	staircase	14	green	n/a	n/a	0	0
181.031	0.000	trigger_20	20	181031	Trigger-In:20	32	grating_off	staircase	14	green	n/a	n/a	0	0
181.631	0.000	trigger_31	31	181631	Trigger-In:31	32	targets_on_fp_color_change	staircase	14	green	n/a	n/a	0	0
183.601	0.000	trigger_203	203	183601	Trigger-In:203	32	trial_end_not_completed	staircase	14	green	n/a	n/a	0	0
184.701	0.000	trigger_101	101	184701	Trigger-In:101	33	trial_start	staircase	14	red	right	unaware	1	0
184.806	0.000	trigger_11	11	184806	Trigger-In:11	33	fixation_point_on	staircase	14	red	right	unaware	1	0
185.406	0.000	trigger_21	21	185406	Trigger-In:21	33	grating_on	staircase	14	red	right	unaware	1	0
185.456	0.000	trigger_20	20	185456	Trigger-In:20	33	grating_off	staircase	14	red	right	unaware	1	0
186.056	0.000	trigger_31	31	186056	Trigger-In:31	33	targets_on_fp_color_change	staircase	14	red	right	unaware	1	0
187.481	0.000	trigger_201	201	187481	Trigger-In:201	33	trial_end_completed	staircase	14	red	right	unaware	1	0
188.551	0.000	trigger_101	101	188551	Trigger-In:101	34	trial_start	staircase	15	red	left	aware	1	0
188.656	0.000	trigger_11	11	188656	Trigger-In:11	34	fixation_point_on	staircase	15	red	left	aware	1	0
189.256	0.000	trigger_21	21	189256	Trigger-In:21	34	grating_on	staircase	15	red	left	aware	1	0
189.306	0.000	trigger_20	20	189306	Trigger-In:20	34	grating_off	staircase	15	red	left	aware	1	0
189.906	0.000	trigger_31	31	189906	Trigger-In:31	34	targets_on_fp_color_change	staircase	15	red	left	aware	1	0
191.221	0.000	trigger_201	201	191221	Trigger-In:201	34	trial_end_completed	staircase	15	red	left	aware	1	0
192.286	0.000	trigger_101	101	192286	Trigger-In:101	35	trial_start	staircase	14	red	left	aware	1	0
192.396	0.000	trigger_11	11	192396	Trigger-In:11	35	fixation_point_on	staircase	14	red	left	aware	1	0
192.996	0.000	trigger_21	21	192996	Trigger-In:21	35	grating_on	staircase	14	red	left	aware	1	0
193.046	0.000	trigger_20	20	193046	Trigger-In:20	35	grating_off	staircase	14	red	left	aware	1	0
193.646	0.000	trigger_31	31	193646	Trigger-In:31	35	targets_on_fp_color_change	staircase	14	red	left	aware	1	0
194.871	0.000	trigger_201	201	194871	Trigger-In:201	35	trial_end_completed	staircase	14	red	left	aware	1	0
195.941	0.000	trigger_101	101	195941	Trigger-In:101	36	trial_start	salient	0	green	left	unaware	1	0
196.051	0.000	trigger_11	11	196051	Trigger-In:11	36	fixation_point_on	salient	0	green	left	unaware	1	0
196.651	0.000	trigger_21	21	196651	Trigger-In:21	36	grating_on	salient	0	green	left	unaware	1	0
196.701	0.000	trigger_20	20	196701	Trigger-In:20	36	grating_off	salient	0	green	left	unaware	1	0
197.306	0.000	trigger_31	31	197306	Trigger-In:31	36	targets_on_fp_color_change	salient	0	green	left	unaware	1	0
198.866	0.000	trigger_201	201	198866	Trigger-In:201	36	trial_end_completed	salient	0	green	left	unaware	1	0
199.936	0.000	trigger_101	101	199936	Trigger-In:101	37	trial_start	salient	0	red	right	unaware	1	0
200.036	0.000	trigger_11	11	200036	Trigger-In:11	37	fixation_point_on	salient	0	red	right	unaware	1	0
200.641	0.000	trigger_21	21	200641	Trigger-In:21	37	grating_on	salient	0	red	right	unaware	1	0
200.691	0.000	trigger_20	20	200691	Trigger-In:20	37	grating_off	salient	0	red	right	unaware	1	0
201.291	0.000	trigger_31	31	201291	Trigger-In:31	37	targets_on_fp_color_change	salient	0	red	right	unaware	1	0
202.631	0.000	trigger_201	201	202631	Trigger-In:201	37	trial_end_completed	salient	0	red	right	unaware	1	0
203.701	0.000	trigger_101	101	203701	Trigger-In:101	38	trial_start	staircase	13	green	left	unaware	1	0
203.806	0.000	trigger_11	11	203806	Trigger-In:11	38	fixation_point_on	staircase	13	green	left	unaware	1	0
204.406	0.000	trigger_21	21	204406	Trigger-In:21	38	grating_on	staircase	13	green	left	unaware	1	0
204.456	0.000	trigger_20	20	204456	Trigger-In:20	38	grating_off	staircase	13	green	left	unaware	1	0
205.056	0.000	trigger_31	31	205056	Trigger-In:31	38	targets_on_fp_color_change	staircase	13	green	left	unaware	1	0
206.626	0.000	trigger_201	201	206626	Trigger-In:201	38	trial_end_completed	staircase	13	green	left	unaware	1	0
207.696	0.000	trigger_101	101	207696	Trigger-In:101	39	trial_start	salient	0	green	left	unaware	1	0
207.801	0.000	trigger_11	11	207801	Trigger-In:11	39	fixation_point_on	salient	0	green	left	unaware	1	0
208.401	0.000	trigger_21	21	208401	Trigger-In:21	39	grating_on	salient	0	green	left	unaware	1	0
208.451	0.000	trigger_20	20	208451	Trigger-In:20	39	grating_off	salient	0	green	left	unaware	1	0
209.051	0.000	trigger_31	31	209051	Trigger-In:31	39	targets_on_fp_color_change	salient	0	green	left	unaware	1	0
210.156	0.000	trigger_201	201	210156	Trigger-In:201	39	trial_end_completed	salient	0	green	left	unaware	1	0
211.221	0.000	trigger_101	101	211221	Trigger-In:101	40	trial_start	staircase	14	red	right	unaware	1	0
211.321	0.000	trigger_11	11	211321	Trigger-In:11	40	fixation_point_on	staircase	14	red	right	unaware	1	0
211.921	0.000	trigger_21	21	211921	Trigger-In:21	40	grating_on	staircase	14	red	right	unaware	1	0
211.971	0.000	trigger_20	20	211971	Trigger-In:20	40	grating_off	staircase	14	red	right	unaware	1	0
212.571	0.000	trigger_31	31	212571	Trigger-In:31	40	targets_on_fp_color_change	staircase	14	red	right	unaware	1	0
213.941	0.000	trigger_201	201	213941	Trigger-In:201	40	trial_end_completed	staircase	14	red	right	unaware	1	0
215.006	0.000	trigger_101	101	215006	Trigger-In:101	41	trial_start	staircase	15	red	left	aware	1	0
215.121	0.000	trigger_11	11	215121	Trigger-In:11	41	fixation_point_on	staircase	15	red	left	aware	1	0
215.721	0.000	trigger_21	21	215721	Trigger-In:21	41	grating_on	staircase	15	red	left	aware	1	0
215.771	0.000	trigger_20	20	215771	Trigger-In:20	41	grating_off	staircase	15	red	left	aware	1	0
216.371	0.000	trigger_31	31	216371	Trigger-In:31	41	targets_on_fp_color_change	staircase	15	red	left	aware	1	0
218.091	0.000	trigger_201	201	218091	Trigger-In:201	41	trial_end_completed	staircase	15	red	left	aware	1	0
219.156	0.000	trigger_101	101	219156	Trigger-In:101	42	trial_start	salient	0	red	right	unaware	1	0
219.266	0.000	trigger_11	11	219266	Trigger-In:11	42	fixation_point_on	salient	0	red	right	unaware	1	0
219.866	0.000	trigger_21	21	219866	Trigger-In:21	42	grating_on	salient	0	red	right	unaware	1	0
219.916	0.000	trigger_20	20	219916	Trigger-In:20	42	grating_off	salient	0	red	right	unaware	1	0
220.516	0.000	trigger_31	31	220516	Trigger-In:31	42	targets_on_fp_color_change	salient	0	red	right	unaware	1	0
221.806	0.000	trigger_201	201	221806	Trigger-In:201	42	trial_end_completed	salient	0	red	right	unaware	1	0
222.876	0.000	trigger_101	101	222876	Trigger-In:101	43	trial_start	salient	0	red	right	unaware	1	0
222.976	0.000	trigger_11	11	222976	Trigger-In:11	43	fixation_point_on	salient	0	red	right	unaware	1	0
223.576	0.000	trigger_21	21	223576	Trigger-In:21	43	grating_on	salient	0	red	right	unaware	1	0
223.626	0.000	trigger_20	20	223626	Trigger-In:20	43	grating_off	salient	0	red	right	unaware	1	0
224.226	0.000	trigger_31	31	224226	Trigger-In:31	43	targets_on_fp_color_change	salient	0	red	right	unaware	1	0
225.411	0.000	trigger_201	201	225411	Trigger-In:201	43	trial_end_completed	salient	0	red	right	unaware	1	0
226.476	0.000	trigger_101	101	226476	Trigger-In:101	44	trial_start	staircase	14	green	left	unaware	1	0
226.581	0.000	trigger_11	11	226581	Trigger-In:11	44	fixation_point_on	staircase	14	green	left	unaware	1	0
227.181	0.000	trigger_21	21	227181	Trigger-In:21	44	grating_on	staircase	14	green	left	unaware	1	0
227.231	0.000	trigger_20	20	227231	Trigger-In:20	44	grating_off	staircase	14	green	left	unaware	1	0
227.831	0.000	trigger_31	31	227831	Trigger-In:31	44	targets_on_fp_color_change	staircase	14	green	left	unaware	1	0
229.066	0.000	trigger_201	201	229066	Trigger-In:201	44	trial_end_completed	staircase	14	green	left	unaware	1	0
230.136	0.000	trigger_101	101	230136	Trigger-In:101	45	trial_start	absent	50	green	right	aware	1	0
230.241	0.000	trigger_11	11	230241	Trigger-In:11	45	fixation_point_on	absent	50	green	right	aware	1	0
230.841	0.000	trigger_21	21	230841	Trigger-In:21	45	grating_on	absent	50	green	right	aware	1	0
230.891	0.000	trigger_20	20	230891	Trigger-In:20	45	grating_off	absent	50	green	right	aware	1	0
231.491	0.000	trigger_31	31	231491	Trigger-In:31	45	targets_on_fp_color_change	absent	50	green	right	aware	1	0
232.616	0.000	trigger_201	201	232616	Trigger-In:201	45	trial_end_completed	absent	50	green	right	aware	1	0
233.686	0.000	trigger_101	101	233686	Trigger-In:101	46	trial_start	absent	50	green	right	aware	1	0
233.786	0.000	trigger_11	11	233786	Trigger-In:11	46	fixation_point_on	absent	50	green	right	aware	1	0
234.386	0.000	trigger_21	21	234386	Trigger-In:21	46	grating_on	absent	50	green	right	aware	1	0
234.436	0.000	trigger_20	20	234436	Trigger-In:20	46	grating_off	absent	50	green	right	aware	1	0
235.036	0.000	trigger_31	31	235036	Trigger-In:31	46	targets_on_fp_color_change	absent	50	green	right	aware	1	0
235.891	0.000	trigger_201	201	235891	Trigger-In:201	46	trial_end_completed	absent	50	green	right	aware	1	0
236.961	0.000	trigger_101	101	236961	Trigger-In:101	47	trial_start	staircase	15	green	right	aware	1	0
237.061	0.000	trigger_11	11	237061	Trigger-In:11	47	fixation_point_on	staircase	15	green	right	aware	1	0
237.661	0.000	trigger_21	21	237661	Trigger-In:21	47	grating_on	staircase	15	green	right	aware	1	0
237.711	0.000	trigger_20	20	237711	Trigger-In:20	47	grating_off	staircase	15	green	right	aware	1	0
238.316	0.000	trigger_31	31	238316	Trigger-In:31	47	targets_on_fp_color_change	staircase	15	green	right	aware	1	0
239.171	0.000	trigger_201	201	239171	Trigger-In:201	47	trial_end_completed	staircase	15	green	right	aware	1	0
240.236	0.000	trigger_101	101	240236	Trigger-In:101	48	trial_start	staircase	14	green	left	unaware	1	0
240.341	0.000	trigger_11	11	240341	Trigger-In:11	48	fixation_point_on	staircase	14	green	left	unaware	1	0
240.941	0.000	trigger_21	21	240941	Trigger-In:21	48	grating_on	staircase	14	green	left	unaware	1	0
240.991	0.000	trigger_20	20	240991	Trigger-In:20	48	grating_off	staircase	14	green	left	unaware	1	0
241.591	0.000	trigger_31	31	241591	Trigger-In:31	48	targets_on_fp_color_change	staircase	14	green	left	unaware	1	0
242.576	0.000	trigger_201	201	242576	Trigger-In:201	48	trial_end_completed	staircase	14	green	left	unaware	1	0
243.641	0.000	trigger_101	101	243641	Trigger-In:101	49	trial_start	staircase	15	green	right	aware	1	0
243.746	0.000	trigger_11	11	243746	Trigger-In:11	49	fixation_point_on	staircase	15	green	right	aware	1	0
244.346	0.000	trigger_21	21	244346	Trigger-In:21	49	grating_on	staircase	15	green	right	aware	1	0
244.396	0.000	trigger_20	20	244396	Trigger-In:20	49	grating_off	staircase	15	green	right	aware	1	0
244.996	0.000	trigger_31	31	244996	Trigger-In:31	49	targets_on_fp_color_change	staircase	15	green	right	aware	1	0
246.736	0.000	trigger_201	201	246736	Trigger-In:201	49	trial_end_completed	staircase	15	green	right	aware	1	0
247.801	0.000	trigger_101	101	247801	Trigger-In:101	50	trial_start	absent	50	red	left	aware	1	0
247.906	0.000	trigger_11	11	247906	Trigger-In:11	50	fixation_point_on	absent	50	red	left	aware	1	0
248.506	0.000	trigger_21	21	248506	Trigger-In:21	50	grating_on	absent	50	red	left	aware	1	0
248.556	0.000	trigger_20	20	248556	Trigger-In:20	50	grating_off	absent	50	red	left	aware	1	0
249.161	0.000	trigger_31	31	249161	Trigger-In:31	50	targets_on_fp_color_change	absent	50	red	left	aware	1	0
250.026	0.000	trigger_201	201	250026	Trigger-In:201	50	trial_end_completed	absent	50	red	left	aware	1	0
251.096	0.000	trigger_101	101	251096	Trigger-In:101	51	trial_start	staircase	14	red	right	unaware	1	0
251.201	0.000	trigger_11	11	251201	Trigger-In:11	51	fixation_point_on	staircase	14	red	right	unaware	1	0
251.801	0.000	trigger_21	21	251801	Trigger-In:21	51	grating_on	staircase	14	red	right	unaware	1	0
251.851	0.000	trigger_20	20	251851	Trigger-In:20	51	grating_off	staircase	14	red	right	unaware	1	0
252.451	0.000	trigger_31	31	252451	Trigger-In:31	51	targets_on_fp_color_change	staircase	14	red	right	unaware	1	0
253.771	0.000	trigger_201	201	253771	Trigger-In:201	51	trial_end_completed	staircase	14	red	right	unaware	1	0
254.836	0.000	trigger_101	101	254836	Trigger-In:101	52	trial_start	absent	50	red	left	aware	1	0
254.936	0.000	trigger_11	11	254936	Trigger-In:11	52	fixation_point_on	absent	50	red	left	aware	1	0
255.541	0.000	trigger_21	21	255541	Trigger-In:21	52	grating_on	absent	50	red	left	aware	1	0
255.596	0.000	trigger_20	20	255596	Trigger-In:20	52	grating_off	absent	50	red	left	aware	1	0
256.196	0.000	trigger_31	31	256196	Trigger-In:31	52	targets_on_fp_color_change	absent	50	red	left	aware	1	0
257.216	0.000	trigger_201	201	257216	Trigger-In:201	52	trial_end_completed	absent	50	red	left	aware	1	0
258.281	0.000	trigger_101	101	258281	Trigger-In:101	53	trial_start	staircase	15	red	right	unaware	1	0
258.386	0.000	trigger_11	11	258386	Trigger-In:11	53	fixation_point_on	staircase	15	red	right	unaware	1	0
258.986	0.000	trigger_21	21	258986	Trigger-In:21	53	grating_on	staircase	15	red	right	unaware	1	0
259.041	0.000	trigger_20	20	259041	Trigger-In:20	53	grating_off	staircase	15	red	right	unaware	1	0
259.641	0.000	trigger_31	31	259641	Trigger-In:31	53	targets_on_fp_color_change	staircase	15	red	right	unaware	1	0
260.906	0.000	trigger_201	201	260906	Trigger-In:201	53	trial_end_completed	staircase	15	red	right	unaware	1	0
261.971	0.000	trigger_101	101	261971	Trigger-In:101	54	trial_start	staircase	16	red	left	aware	1	0
262.076	0.000	trigger_11	11	262076	Trigger-In:11	54	fixation_point_on	staircase	16	red	left	aware	1	0
262.676	0.000	trigger_21	21	262676	Trigger-In:21	54	grating_on	staircase	16	red	left	aware	1	0
262.726	0.000	trigger_20	20	262726	Trigger-In:20	54	grating_off	staircase	16	red	left	aware	1	0
263.331	0.000	trigger_31	31	263331	Trigger-In:31	54	targets_on_fp_color_change	staircase	16	red	left	aware	1	0
264.316	0.000	trigger_201	201	264316	Trigger-In:201	54	trial_end_completed	staircase	16	red	left	aware	1	0
265.386	0.000	trigger_101	101	265386	Trigger-In:101	55	trial_start	staircase	15	green	left	unaware	1	0
265.486	0.000	trigger_11	11	265486	Trigger-In:11	55	fixation_point_on	staircase	15	green	left	unaware	1	0
266.091	0.000	trigger_21	21	266091	Trigger-In:21	55	grating_on	staircase	15	green	left	unaware	1	0
266.141	0.000	trigger_20	20	266141	Trigger-In:20	55	grating_off	staircase	15	green	left	unaware	1	0
266.741	0.000	trigger_31	31	266741	Trigger-In:31	55	targets_on_fp_color_change	staircase	15	green	left	unaware	1	0
267.861	0.000	trigger_201	201	267861	Trigger-In:201	55	trial_end_completed	staircase	15	green	left	unaware	1	0
268.926	0.000	trigger_101	101	268926	Trigger-In:101	56	trial_start	staircase	16	green	right	aware	1	0
269.031	0.000	trigger_11	11	269031	Trigger-In:11	56	fixation_point_on	staircase	16	green	right	aware	1	0
269.631	0.000	trigger_21	21	269631	Trigger-In:21	56	grating_on	staircase	16	green	right	aware	1	0
269.696	0.000	trigger_20	20	269696	Trigger-In:20	56	grating_off	staircase	16	green	right	aware	1	0
270.296	0.000	trigger_31	31	270296	Trigger-In:31	56	targets_on_fp_color_change	staircase	16	green	right	aware	1	0
271.466	0.000	trigger_201	201	271466	Trigger-In:201	56	trial_end_completed	staircase	16	green	right	aware	1	0
272.531	0.000	trigger_101	101	272531	Trigger-In:101	57	trial_start	absent	50	red	left	aware	1	0
272.631	0.000	trigger_11	11	272631	Trigger-In:11	57	fixation_point_on	absent	50	red	left	aware	1	0
273.231	0.000	trigger_21	21	273231	Trigger-In:21	57	grating_on	absent	50	red	left	aware	1	0
273.286	0.000	trigger_20	20	273286	Trigger-In:20	57	grating_off	absent	50	red	left	aware	1	0
273.886	0.000	trigger_31	31	273886	Trigger-In:31	57	targets_on_fp_color_change	absent	50	red	left	aware	1	0
274.721	0.000	trigger_201	201	274721	Trigger-In:201	57	trial_end_completed	absent	50	red	left	aware	1	0
275.791	0.000	trigger_101	101	275791	Trigger-In:101	58	trial_start	staircase	15	green	right	aware	1	0
275.896	0.000	trigger_11	11	275896	Trigger-In:11	58	fixation_point_on	staircase	15	green	right	aware	1	0
276.496	0.000	trigger_21	21	276496	Trigger-In:21	58	grating_on	staircase	15	green	right	aware	1	0
276.546	0.000	trigger_20	20	276546	Trigger-In:20	58	grating_off	staircase	15	green	right	aware	1	0
277.146	0.000	trigger_31	31	277146	Trigger-In:31	58	targets_on_fp_color_change	staircase	15	green	right	aware	1	0
278.136	0.000	trigger_201	201	278136	Trigger-In:201	58	trial_end_completed	staircase	15	green	right	aware	1	0
279.201	0.000	trigger_101	101	279201	Trigger-In:101	59	trial_start	absent	50	red	left	aware	1	0
279.311	0.000	trigger_11	11	279311	Trigger-In:11	59	fixation_point_on	absent	50	red	left	aware	1	0
279.911	0.000	trigger_21	21	279911	Trigger-In:21	59	grating_on	absent	50	red	left	aware	1	0
279.961	0.000	trigger_20	20	279961	Trigger-In:20	59	grating_off	absent	50	red	left	aware	1	0
280.561	0.000	trigger_31	31	280561	Trigger-In:31	59	targets_on_fp_color_change	absent	50	red	left	aware	1	0
281.411	0.000	trigger_201	201	281411	Trigger-In:201	59	trial_end_completed	absent	50	red	left	aware	1	0
282.476	0.000	trigger_101	101	282476	Trigger-In:101	60	trial_start	staircase	14	green	n/a	n/a	0	0
282.581	0.000	trigger_11	11	282581	Trigger-In:11	60	fixation_point_on	staircase	14	green	n/a	n/a	0	0
283.186	0.000	trigger_21	21	283186	Trigger-In:21	60	grating_on	staircase	14	green	n/a	n/a	0	0
283.236	0.000	trigger_20	20	283236	Trigger-In:20	60	grating_off	staircase	14	green	n/a	n/a	0	0
283.836	0.000	trigger_31	31	283836	Trigger-In:31	60	targets_on_fp_color_change	staircase	14	green	n/a	n/a	0	0
285.806	0.000	trigger_203	203	285806	Trigger-In:203	60	trial_end_not_completed	staircase	14	green	n/a	n/a	0	0
286.901	0.000	trigger_101	101	286901	Trigger-In:101	61	trial_start	staircase	14	red	right	unaware	1	0
287.011	0.000	trigger_11	11	287011	Trigger-In:11	61	fixation_point_on	staircase	14	red	right	unaware	1	0
287.611	0.000	trigger_21	21	287611	Trigger-In:21	61	grating_on	staircase	14	red	right	unaware	1	0
287.661	0.000	trigger_20	20	287661	Trigger-In:20	61	grating_off	staircase	14	red	right	unaware	1	0
288.261	0.000	trigger_31	31	288261	Trigger-In:31	61	targets_on_fp_color_change	staircase	14	red	right	unaware	1	0
290.056	0.000	trigger_201	201	290056	Trigger-In:201	61	trial_end_completed	staircase	14	red	right	unaware	1	0
291.121	0.000	trigger_101	101	291121	Trigger-In:101	62	trial_start	staircase	15	green	left	unaware	1	0
291.226	0.000	trigger_11	11	291226	Trigger-In:11	62	fixation_point_on	staircase	15	green	left	unaware	1	0
291.826	0.000	trigger_21	21	291826	Trigger-In:21	62	grating_on	staircase	15	green	left	unaware	1	0
291.876	0.000	trigger_20	20	291876	Trigger-In:20	62	grating_off	staircase	15	green	left	unaware	1	0
292.476	0.000	trigger_31	31	292476	Trigger-In:31	62	targets_on_fp_color_change	staircase	15	green	left	unaware	1	0
293.741	0.000	trigger_201	201	293741	Trigger-In:201	62	trial_end_completed	staircase	15	green	left	unaware	1	0
294.811	0.000	trigger_101	101	294811	Trigger-In:101	63	trial_start	staircase	16	red	left	aware	1	0
294.926	0.000	trigger_11	11	294926	Trigger-In:11	63	fixation_point_on	staircase	16	red	left	aware	1	0
295.526	0.000	trigger_21	21	295526	Trigger-In:21	63	grating_on	staircase	16	red	left	aware	1	0
295.576	0.000	trigger_20	20	295576	Trigger-In:20	63	grating_off	staircase	16	red	left	aware	1	0
296.176	0.000	trigger_31	31	296176	Trigger-In:31	63	targets_on_fp_color_change	staircase	16	red	left	aware	1	0
297.301	0.000	trigger_201	201	297301	Trigger-In:201	63	trial_end_completed	staircase	16	red	left	aware	1	0
298.371	0.000	trigger_101	101	298371	Trigger-In:101	64	trial_start	absent	50	green	right	aware	1	0
298.476	0.000	trigger_11	11	298476	Trigger-In:11	64	fixation_point_on	absent	50	green	right	aware	1	0
299.076	0.000	trigger_21	21	299076	Trigger-In:21	64	grating_on	absent	50	green	right	aware	1	0
299.126	0.000	trigger_20	20	299126	Trigger-In:20	64	grating_off	absent	50	green	right	aware	1	0
299.726	0.000	trigger_31	31	299726	Trigger-In:31	64	targets_on_fp_color_change	absent	50	green	right	aware	1	0
300.626	0.000	trigger_201	201	300626	Trigger-In:201	64	trial_end_completed	absent	50	green	right	aware	1	0
301.691	0.000	trigger_101	101	301691	Trigger-In:101	65	trial_start	staircase	15	green	right	aware	1	0
301.796	0.000	trigger_11	11	301796	Trigger-In:11	65	fixation_point_on	staircase	15	green	right	aware	1	0
302.396	0.000	trigger_21	21	302396	Trigger-In:21	65	grating_on	staircase	15	green	right	aware	1	0
302.451	0.000	trigger_20	20	302451	Trigger-In:20	65	grating_off	staircase	15	green	right	aware	1	0
303.051	0.000	trigger_31	31	303051	Trigger-In:31	65	targets_on_fp_color_change	staircase	15	green	right	aware	1	0
304.191	0.000	trigger_201	201	304191	Trigger-In:201	65	trial_end_completed	staircase	15	green	right	aware	1	0
305.261	0.000	trigger_101	101	305261	Trigger-In:101	66	trial_start	staircase	14	green	left	unaware	1	0
305.361	0.000	trigger_11	11	305361	Trigger-In:11	66	fixation_point_on	staircase	14	green	left	unaware	1	0
305.961	0.000	trigger_21	21	305961	Trigger-In:21	66	grating_on	staircase	14	green	left	unaware	1	0
306.011	0.000	trigger_20	20	306011	Trigger-In:20	66	grating_off	staircase	14	green	left	unaware	1	0
306.611	0.000	trigger_31	31	306611	Trigger-In:31	66	targets_on_fp_color_change	staircase	14	green	left	unaware	1	0
307.846	0.000	trigger_201	201	307846	Trigger-In:201	66	trial_end_completed	staircase	14	green	left	unaware	1	0
308.916	0.000	trigger_101	101	308916	Trigger-In:101	67	trial_start	staircase	15	green	right	aware	1	0
309.016	0.000	trigger_11	11	309016	Trigger-In:11	67	fixation_point_on	staircase	15	green	right	aware	1	0
309.616	0.000	trigger_21	21	309616	Trigger-In:21	67	grating_on	staircase	15	green	right	aware	1	0
309.671	0.000	trigger_20	20	309671	Trigger-In:20	67	grating_off	staircase	15	green	right	aware	1	0
310.271	0.000	trigger_31	31	310271	Trigger-In:31	67	targets_on_fp_color_change	staircase	15	green	right	aware	1	0
311.291	0.000	trigger_201	201	311291	Trigger-In:201	67	trial_end_completed	staircase	15	green	right	aware	1	0
312.361	0.000	trigger_101	101	312361	Trigger-In:101	68	trial_start	staircase	14	red	left	aware	1	0
312.461	0.000	trigger_11	11	312461	Trigger-In:11	68	fixation_point_on	staircase	14	red	left	aware	1	0
313.061	0.000	trigger_21	21	313061	Trigger-In:21	68	grating_on	staircase	14	red	left	aware	1	0
313.111	0.000	trigger_20	20	313111	Trigger-In:20	68	grating_off	staircase	14	red	left	aware	1	0
313.711	0.000	trigger_31	31	313711	Trigger-In:31	68	targets_on_fp_color_change	staircase	14	red	left	aware	1	0
314.576	0.000	trigger_201	201	314576	Trigger-In:201	68	trial_end_completed	staircase	14	red	left	aware	1	0
315.641	0.000	trigger_101	101	315641	Trigger-In:101	69	trial_start	staircase	13	green	right	aware	1	0
315.751	0.000	trigger_11	11	315751	Trigger-In:11	69	fixation_point_on	staircase	13	green	right	aware	1	0
316.351	0.000	trigger_21	21	316351	Trigger-In:21	69	grating_on	staircase	13	green	right	aware	1	0
316.401	0.000	trigger_20	20	316401	Trigger-In:20	69	grating_off	staircase	13	green	right	aware	1	0
317.001	0.000	trigger_31	31	317001	Trigger-In:31	69	targets_on_fp_color_change	staircase	13	green	right	aware	1	0
318.181	0.000	trigger_201	201	318181	Trigger-In:201	69	trial_end_completed	staircase	13	green	right	aware	1	0
319.251	0.000	trigger_101	101	319251	Trigger-In:101	70	trial_start	staircase	12	red	right	unaware	1	0
319.351	0.000	trigger_11	11	319351	Trigger-In:11	70	fixation_point_on	staircase	12	red	right	unaware	1	0
319.951	0.000	trigger_21	21	319951	Trigger-In:21	70	grating_on	staircase	12	red	right	unaware	1	0
320.001	0.000	trigger_20	20	320001	Trigger-In:20	70	grating_off	staircase	12	red	right	unaware	1	0
320.601	0.000	trigger_31	31	320601	Trigger-In:31	70	targets_on_fp_color_change	staircase	12	red	right	unaware	1	0
321.991	0.000	trigger_201	201	321991	Trigger-In:201	70	trial_end_completed	staircase	12	red	right	unaware	1	0
323.061	0.000	trigger_101	101	323061	Trigger-In:101	71	trial_start	staircase	13	red	right	unaware	1	0
323.166	0.000	trigger_11	11	323166	Trigger-In:11	71	fixation_point_on	staircase	13	red	right	unaware	1	0
323.766	0.000	trigger_21	21	323766	Trigger-In:21	71	grating_on	staircase	13	red	right	unaware	1	0
323.816	0.000	trigger_20	20	323816	Trigger-In:20	71	grating_off	staircase	13	red	right	unaware	1	0
324.416	0.000	trigger_31	31	324416	Trigger-In:31	71	targets_on_fp_color_change	staircase	13	red	right	unaware	1	0
325.806	0.000	trigger_201	201	325806	Trigger-In:201	71	trial_end_completed	staircase	13	red	right	unaware	1	0
326.876	0.000	trigger_101	101	326876	Trigger-In:101	72	trial_start	staircase	14	green	right	aware	1	0
326.976	0.000	trigger_11	11	326976	Trigger-In:11	72	fixation_point_on	staircase	14	green	right	aware	1	0
327.576	0.000	trigger_21	21	327576	Trigger-In:21	72	grating_on	staircase	14	green	right	aware	1	0
327.631	0.000	trigger_20	20	327631	Trigger-In:20	72	grating_off	staircase	14	green	right	aware	1	0
328.231	0.000	trigger_31	31	328231	Trigger-In:31	72	targets_on_fp_color_change	staircase	14	green	right	aware	1	0
329.276	0.000	trigger_201	201	329276	Trigger-In:201	72	trial_end_completed	staircase	14	green	right	aware	1	0
330.346	0.000	trigger_101	101	330346	Trigger-In:101	73	trial_start	staircase	13	green	left	unaware	1	0
330.451	0.000	trigger_11	11	330451	Trigger-In:11	73	fixation_point_on	staircase	13	green	left	unaware	1	0
331.051	0.000	trigger_21	21	331051	Trigger-In:21	73	grating_on	staircase	13	green	left	unaware	1	0
331.101	0.000	trigger_20	20	331101	Trigger-In:20	73	grating_off	staircase	13	green	left	unaware	1	0
331.701	0.000	trigger_31	31	331701	Trigger-In:31	73	targets_on_fp_color_change	staircase	13	green	left	unaware	1	0
332.676	0.000	trigger_201	201	332676	Trigger-In:201	73	trial_end_completed	staircase	13	green	left	unaware	1	0
333.746	0.000	trigger_101	101	333746	Trigger-In:101	74	trial_start	staircase	14	green	right	aware	1	0
333.846	0.000	trigger_11	11	333846	Trigger-In:11	74	fixation_point_on	staircase	14	green	right	aware	1	0
334.446	0.000	trigger_21	21	334446	Trigger-In:21	74	grating_on	staircase	14	green	right	aware	1	0
334.496	0.000	trigger_20	20	334496	Trigger-In:20	74	grating_off	staircase	14	green	right	aware	1	0
335.101	0.000	trigger_31	31	335101	Trigger-In:31	74	targets_on_fp_color_change	staircase	14	green	right	aware	1	0
336.666	0.000	trigger_201	201	336666	Trigger-In:201	74	trial_end_completed	staircase	14	green	right	aware	1	0
337.731	0.000	trigger_101	101	337731	Trigger-In:101	75	trial_start	absent	50	green	right	aware	1	0
337.841	0.000	trigger_11	11	337841	Trigger-In:11	75	fixation_point_on	absent	50	green	right	aware	1	0
338.446	0.000	trigger_21	21	338446	Trigger-In:21	75	grating_on	absent	50	green	right	aware	1	0
338.496	0.000	trigger_20	20	338496	Trigger-In:20	75	grating_off	absent	50	green	right	aware	1	0
339.096	0.000	trigger_31	31	339096	Trigger-In:31	75	targets_on_fp_color_change	absent	50	green	right	aware	1	0
340.021	0.000	trigger_201	201	340021	Trigger-In:201	75	trial_end_completed	absent	50	green	right	aware	1	0
341.091	0.000	trigger_101	101	341091	Trigger-In:101	76	trial_start	salient	0	green	left	unaware	1	0
341.201	0.000	trigger_11	11	341201	Trigger-In:11	76	fixation_point_on	salient	0	green	left	unaware	1	0
341.801	0.000	trigger_21	21	341801	Trigger-In:21	76	grating_on	salient	0	green	left	unaware	1	0
341.851	0.000	trigger_20	20	341851	Trigger-In:20	76	grating_off	salient	0	green	left	unaware	1	0
342.451	0.000	trigger_31	31	342451	Trigger-In:31	76	targets_on_fp_color_change	salient	0	green	left	unaware	1	0
343.516	0.000	trigger_201	201	343516	Trigger-In:201	76	trial_end_completed	salient	0	green	left	unaware	1	0
344.586	0.000	trigger_101	101	344586	Trigger-In:101	77	trial_start	absent	50	red	left	aware	1	0
344.701	0.000	trigger_11	11	344701	Trigger-In:11	77	fixation_point_on	absent	50	red	left	aware	1	0
345.301	0.000	trigger_21	21	345301	Trigger-In:21	77	grating_on	absent	50	red	left	aware	1	0
345.351	0.000	trigger_20	20	345351	Trigger-In:20	77	grating_off	absent	50	red	left	aware	1	0
345.951	0.000	trigger_31	31	345951	Trigger-In:31	77	targets_on_fp_color_change	absent	50	red	left	aware	1	0
346.751	0.000	trigger_201	201	346751	Trigger-In:201	77	trial_end_completed	absent	50	red	left	aware	1	0
347.821	0.000	trigger_101	101	347821	Trigger-In:101	78	trial_start	absent	50	red	left	aware	1	0
347.951	0.000	trigger_11	11	347951	Trigger-In:11	78	fixation_point_on	absent	50	red	left	aware	1	0
348.551	0.000	trigger_21	21	348551	Trigger-In:21	78	grating_on	absent	50	red	left	aware	1	0
348.606	0.000	trigger_20	20	348606	Trigger-In:20	78	grating_off	absent	50	red	left	aware	1	0
349.206	0.000	trigger_31	31	349206	Trigger-In:31	78	targets_on_fp_color_change	absent	50	red	left	aware	1	0
350.081	0.000	trigger_201	201	350081	Trigger-In:201	78	trial_end_completed	absent	50	red	left	aware	1	0
351.151	0.000	trigger_101	101	351151	Trigger-In:101	79	trial_start	staircase	13	red	right	unaware	1	0
351.256	0.000	trigger_11	11	351256	Trigger-In:11	79	fixation_point_on	staircase	13	red	right	unaware	1	0
351.856	0.000	trigger_21	21	351856	Trigger-In:21	79	grating_on	staircase	13	red	right	unaware	1	0
351.906	0.000	trigger_20	20	351906	Trigger-In:20	79	grating_off	staircase	13	red	right	unaware	1	0
352.506	0.000	trigger_31	31	352506	Trigger-In:31	79	targets_on_fp_color_change	staircase	13	red	right	unaware	1	0
353.706	0.000	trigger_201	201	353706	Trigger-In:201	79	trial_end_completed	staircase	13	red	right	unaware	1	0
354.771	0.000	trigger_101	101	354771	Trigger-In:101	80	trial_start	staircase	14	red	left	aware	1	0
354.876	0.000	trigger_11	11	354876	Trigger-In:11	80	fixation_point_on	staircase	14	red	left	aware	1	0
355.476	0.000	trigger_21	21	355476	Trigger-In:21	80	grating_on	staircase	14	red	left	aware	1	0
355.526	0.000	trigger_20	20	355526	Trigger-In:20	80	grating_off	staircase	14	red	left	aware	1	0
356.131	0.000	trigger_31	31	356131	Trigger-In:31	80	targets_on_fp_color_change	staircase	14	red	left	aware	1	0
357.291	0.000	trigger_201	201	357291	Trigger-In:201	80	trial_end_completed	staircase	14	red	left	aware	1	0
358.356	0.000	trigger_101	101	358356	Trigger-In:101	81	trial_start	staircase	13	green	right	aware	1	0
358.461	0.000	trigger_11	11	358461	Trigger-In:11	81	fixation_point_on	staircase	13	green	right	aware	1	0
359.061	0.000	trigger_21	21	359061	Trigger-In:21	81	grating_on	staircase	13	green	right	aware	1	0
359.111	0.000	trigger_20	20	359111	Trigger-In:20	81	grating_off	staircase	13	green	right	aware	1	0
359.711	0.000	trigger_31	31	359711	Trigger-In:31	81	targets_on_fp_color_change	staircase	13	green	right	aware	1	0
360.971	0.000	trigger_201	201	360971	Trigger-In:201	81	trial_end_completed	staircase	13	green	right	aware	1	0
362.041	0.000	trigger_101	101	362041	Trigger-In:101	82	trial_start	staircase	12	red	right	unaware	1	0
362.141	0.000	trigger_11	11	362141	Trigger-In:11	82	fixation_point_on	staircase	12	red	right	unaware	1	0
362.741	0.000	trigger_21	21	362741	Trigger-In:21	82	grating_on	staircase	12	red	right	unaware	1	0
362.791	0.000	trigger_20	20	362791	Trigger-In:20	82	grating_off	staircase	12	red	right	unaware	1	0
363.391	0.000	trigger_31	31	363391	Trigger-In:31	82	targets_on_fp_color_change	staircase	12	red	right	unaware	1	0
364.526	0.000	trigger_201	201	364526	Trigger-In:201	82	trial_end_completed	staircase	12	red	right	unaware	1	0
365.596	0.000	trigger_101	101	365596	Trigger-In:101	83	trial_start	staircase	13	red	right	unaware	1	0
365.701	0.000	trigger_11	11	365701	Trigger-In:11	83	fixation_point_on	staircase	13	red	right	unaware	1	0
366.301	0.000	trigger_21	21	366301	Trigger-In:21	83	grating_on	staircase	13	red	right	unaware	1	0
366.351	0.000	trigger_20	20	366351	Trigger-In:20	83	grating_off	staircase	13	red	right	unaware	1	0
366.951	0.000	trigger_31	31	366951	Trigger-In:31	83	targets_on_fp_color_change	staircase	13	red	right	unaware	1	0
368.526	0.000	trigger_201	201	368526	Trigger-In:201	83	trial_end_completed	staircase	13	red	right	unaware	1	0
369.596	0.000	trigger_101	101	369596	Trigger-In:101	84	trial_start	staircase	14	red	left	aware	1	0
369.696	0.000	trigger_11	11	369696	Trigger-In:11	84	fixation_point_on	staircase	14	red	left	aware	1	0
370.296	0.000	trigger_21	21	370296	Trigger-In:21	84	grating_on	staircase	14	red	left	aware	1	0
370.351	0.000	trigger_20	20	370351	Trigger-In:20	84	grating_off	staircase	14	red	left	aware	1	0
370.956	0.000	trigger_31	31	370956	Trigger-In:31	84	targets_on_fp_color_change	staircase	14	red	left	aware	1	0
372.056	0.000	trigger_201	201	372056	Trigger-In:201	84	trial_end_completed	staircase	14	red	left	aware	1	0
373.126	0.000	trigger_101	101	373126	Trigger-In:101	85	trial_start	staircase	13	green	right	aware	1	0
373.231	0.000	trigger_11	11	373231	Trigger-In:11	85	fixation_point_on	staircase	13	green	right	aware	1	0
373.831	0.000	trigger_21	21	373831	Trigger-In:21	85	grating_on	staircase	13	green	right	aware	1	0
373.881	0.000	trigger_20	20	373881	Trigger-In:20	85	grating_off	staircase	13	green	right	aware	1	0
374.481	0.000	trigger_31	31	374481	Trigger-In:31	85	targets_on_fp_color_change	staircase	13	green	right	aware	1	0
375.316	0.000	trigger_201	201	375316	Trigger-In:201	85	trial_end_completed	staircase	13	green	right	aware	1	0
376.386	0.000	trigger_101	101	376386	Trigger-In:101	86	trial_start	staircase	12	green	left	unaware	1	0
376.491	0.000	trigger_11	11	376491	Trigger-In:11	86	fixation_point_on	staircase	12	green	left	unaware	1	0
377.096	0.000	trigger_21	21	377096	Trigger-In:21	86	grating_on	staircase	12	green	left	unaware	1	0
377.146	0.000	trigger_20	20	377146	Trigger-In:20	86	grating_off	staircase	12	green	left	unaware	1	0
377.746	0.000	trigger_31	31	377746	Trigger-In:31	86	targets_on_fp_color_change	staircase	12	green	left	unaware	1	0
379.211	0.000	trigger_201	201	379211	Trigger-In:201	86	trial_end_completed	staircase	12	green	left	unaware	1	0
380.281	0.000	trigger_101	101	380281	Trigger-In:101	87	trial_start	staircase	13	green	right	aware	1	0
380.386	0.000	trigger_11	11	380386	Trigger-In:11	87	fixation_point_on	staircase	13	green	right	aware	1	0
380.986	0.000	trigger_21	21	380986	Trigger-In:21	87	grating_on	staircase	13	green	right	aware	1	0
381.041	0.000	trigger_20	20	381041	Trigger-In:20	87	grating_off	staircase	13	green	right	aware	1	0
381.641	0.000	trigger_31	31	381641	Trigger-In:31	87	targets_on_fp_color_change	staircase	13	green	right	aware	1	0
382.816	0.000	trigger_201	201	382816	Trigger-In:201	87	trial_end_completed	staircase	13	green	right	aware	1	0
383.886	0.000	trigger_101	101	383886	Trigger-In:101	88	trial_start	staircase	12	red	right	unaware	1	0
383.991	0.000	trigger_11	11	383991	Trigger-In:11	88	fixation_point_on	staircase	12	red	right	unaware	1	0
384.591	0.000	trigger_21	21	384591	Trigger-In:21	88	grating_on	staircase	12	red	right	unaware	1	0
384.646	0.000	trigger_20	20	384646	Trigger-In:20	88	grating_off	staircase	12	red	right	unaware	1	0
385.246	0.000	trigger_31	31	385246	Trigger-In:31	88	targets_on_fp_color_change	staircase	12	red	right	unaware	1	0
386.351	0.000	trigger_201	201	386351	Trigger-In:201	88	trial_end_completed	staircase	12	red	right	unaware	1	0
387.421	0.000	trigger_101	101	387421	Trigger-In:101	89	trial_start	staircase	13	red	right	unaware	1	0
387.521	0.000	trigger_11	11	387521	Trigger-In:11	89	fixation_point_on	staircase	13	red	right	unaware	1	0
388.121	0.000	trigger_21	21	388121	Trigger-In:21	89	grating_on	staircase	13	red	right	unaware	1	0
388.171	0.000	trigger_20	20	388171	Trigger-In:20	89	grating_off	staircase	13	red	right	unaware	1	0
388.771	0.000	trigger_31	31	388771	Trigger-In:31	89	targets_on_fp_color_change	staircase	13	red	right	unaware	1	0
390.246	0.000	trigger_201	201	390246	Trigger-In:201	89	trial_end_completed	staircase	13	red	right	unaware	1	0
391.311	0.000	trigger_101	101	391311	Trigger-In:101	90	trial_start	staircase	14	green	left	unaware	1	0
391.421	0.000	trigger_11	11	391421	Trigger-In:11	90	fixation_point_on	staircase	14	green	left	unaware	1	0
392.021	0.000	trigger_21	21	392021	Trigger-In:21	90	grating_on	staircase	14	green	left	unaware	1	0
392.071	0.000	trigger_20	20	392071	Trigger-In:20	90	grating_off	staircase	14	green	left	unaware	1	0
392.671	0.000	trigger_31	31	392671	Trigger-In:31	90	targets_on_fp_color_change	staircase	14	green	left	unaware	1	0
393.921	0.000	trigger_201	201	393921	Trigger-In:201	90	trial_end_completed	staircase	14	green	left	unaware	1	0
394.991	0.000	trigger_101	101	394991	Trigger-In:101	91	trial_start	staircase	15	green	left	unaware	1	0
395.091	0.000	trigger_11	11	395091	Trigger-In:11	91	fixation_point_on	staircase	15	green	left	unaware	1	0
395.691	0.000	trigger_21	21	395691	Trigger-In:21	91	grating_on	staircase	15	green	left	unaware	1	0
395.741	0.000	trigger_20	20	395741	Trigger-In:20	91	grating_off	staircase	15	green	left	unaware	1	0
396.341	0.000	trigger_31	31	396341	Trigger-In:31	91	targets_on_fp_color_change	staircase	15	green	left	unaware	1	0
397.316	0.000	trigger_201	201	397316	Trigger-In:201	91	trial_end_completed	staircase	15	green	left	unaware	1	0
398.381	0.000	trigger_101	101	398381	Trigger-In:101	92	trial_start	salient	0	green	left	unaware	1	0
398.486	0.000	trigger_11	11	398486	Trigger-In:11	92	fixation_point_on	salient	0	green	left	unaware	1	0
399.086	0.000	trigger_21	21	399086	Trigger-In:21	92	grating_on	salient	0	green	left	unaware	1	0
399.136	0.000	trigger_20	20	399136	Trigger-In:20	92	grating_off	salient	0	green	left	unaware	1	0
399.736	0.000	trigger_31	31	399736	Trigger-In:31	92	targets_on_fp_color_change	salient	0	green	left	unaware	1	0
400.716	0.000	trigger_201	201	400716	Trigger-In:201	92	trial_end_completed	salient	0	green	left	unaware	1	0
401.786	0.000	trigger_101	101	401786	Trigger-In:101	93	trial_start	staircase	16	red	right	unaware	1	0
401.896	0.000	trigger_11	11	401896	Trigger-In:11	93	fixation_point_on	staircase	16	red	right	unaware	1	0
402.496	0.000	trigger_21	21	402496	Trigger-In:21	93	grating_on	staircase	16	red	right	unaware	1	0
402.546	0.000	trigger_20	20	402546	Trigger-In:20	93	grating_off	staircase	16	red	right	unaware	1	0
403.146	0.000	trigger_31	31	403146	Trigger-In:31	93	targets_on_fp_color_change	staircase	16	red	right	unaware	1	0
404.261	0.000	trigger_201	201	404261	Trigger-In:201	93	trial_end_completed	staircase	16	red	right	unaware	1	0
405.326	0.000	trigger_101	101	405326	Trigger-In:101	94	trial_start	staircase	17	red	right	unaware	1	0
405.431	0.000	trigger_11	11	405431	Trigger-In:11	94	fixation_point_on	staircase	17	red	right	unaware	1	0
406.031	0.000	trigger_21	21	406031	Trigger-In:21	94	grating_on	staircase	17	red	right	unaware	1	0
406.081	0.000	trigger_20	20	406081	Trigger-In:20	94	grating_off	staircase	17	red	right	unaware	1	0
406.681	0.000	trigger_31	31	406681	Trigger-In:31	94	targets_on_fp_color_change	staircase	17	red	right	unaware	1	0
407.666	0.000	trigger_201	201	407666	Trigger-In:201	94	trial_end_completed	staircase	17	red	right	unaware	1	0
408.736	0.000	trigger_101	101	408736	Trigger-In:101	95	trial_start	staircase	18	red	right	unaware	1	0
408.841	0.000	trigger_11	11	408841	Trigger-In:11	95	fixation_point_on	staircase	18	red	right	unaware	1	0
409.441	0.000	trigger_21	21	409441	Trigger-In:21	95	grating_on	staircase	18	red	right	unaware	1	0
409.491	0.000	trigger_20	20	409491	Trigger-In:20	95	grating_off	staircase	18	red	right	unaware	1	0
410.091	0.000	trigger_31	31	410091	Trigger-In:31	95	targets_on_fp_color_change	staircase	18	red	right	unaware	1	0
411.071	0.000	trigger_201	201	411071	Trigger-In:201	95	trial_end_completed	staircase	18	red	right	unaware	1	0
412.141	0.000	trigger_101	101	412141	Trigger-In:101	96	trial_start	staircase	19	red	left	aware	1	0
412.241	0.000	trigger_11	11	412241	Trigger-In:11	96	fixation_point_on	staircase	19	red	left	aware	1	0
412.841	0.000	trigger_21	21	412841	Trigger-In:21	96	grating_on	staircase	19	red	left	aware	1	0
412.891	0.000	trigger_20	20	412891	Trigger-In:20	96	grating_off	staircase	19	red	left	aware	1	0
413.496	0.000	trigger_31	31	413496	Trigger-In:31	96	targets_on_fp_color_change	staircase	19	red	left	aware	1	0
414.471	0.000	trigger_201	201	414471	Trigger-In:201	96	trial_end_completed	staircase	19	red	left	aware	1	0
415.541	0.000	trigger_101	101	415541	Trigger-In:101	97	trial_start	staircase	18	red	right	unaware	1	0
415.646	0.000	trigger_11	11	415646	Trigger-In:11	97	fixation_point_on	staircase	18	red	right	unaware	1	0
416.246	0.000	trigger_21	21	416246	Trigger-In:21	97	grating_on	staircase	18	red	right	unaware	1	0
416.296	0.000	trigger_20	20	416296	Trigger-In:20	97	grating_off	staircase	18	red	right	unaware	1	0
416.896	0.000	trigger_31	31	416896	Trigger-In:31	97	targets_on_fp_color_change	staircase	18	red	right	unaware	1	0
418.021	0.000	trigger_201	201	418021	Trigger-In:201	97	trial_end_completed	staircase	18	red	right	unaware	1	0
419.091	0.000	trigger_101	101	419091	Trigger-In:101	98	trial_start	staircase	19	green	right	aware	1	0
419.191	0.000	trigger_11	11	419191	Trigger-In:11	98	fixation_point_on	staircase	19	green	right	aware	1	0
419.796	0.000	trigger_21	21	419796	Trigger-In:21	98	grating_on	staircase	19	green	right	aware	1	0
419.846	0.000	trigger_20	20	419846	Trigger-In:20	98	grating_off	staircase	19	green	right	aware	1	0
420.446	0.000	trigger_31	31	420446	Trigger-In:31	98	targets_on_fp_color_change	staircase	19	green	right	aware	1	0
421.851	0.000	trigger_201	201	421851	Trigger-In:201	98	trial_end_completed	staircase	19	green	right	aware	1	0
422.916	0.000	trigger_101	101	422916	Trigger-In:101	99	trial_start	staircase	18	red	right	unaware	1	0
423.021	0.000	trigger_11	11	423021	Trigger-In:11	99	fixation_point_on	staircase	18	red	right	unaware	1	0
423.621	0.000	trigger_21	21	423621	Trigger-In:21	99	grating_on	staircase	18	red	right	unaware	1	0
423.671	0.000	trigger_20	20	423671	Trigger-In:20	99	grating_off	staircase	18	red	right	unaware	1	0
424.276	0.000	trigger_31	31	424276	Trigger-In:31	99	targets_on_fp_color_change	staircase	18	red	right	unaware	1	0
425.746	0.000	trigger_201	201	425746	Trigger-In:201	99	trial_end_completed	staircase	18	red	right	unaware	1	0
426.816	0.000	trigger_101	101	426816	Trigger-In:101	100	trial_start	staircase	19	red	left	aware	1	0
426.921	0.000	trigger_11	11	426921	Trigger-In:11	100	fixation_point_on	staircase	19	red	left	aware	1	0
427.521	0.000	trigger_21	21	427521	Trigger-In:21	100	grating_on	staircase	19	red	left	aware	1	0
427.571	0.000	trigger_20	20	427571	Trigger-In:20	100	grating_off	staircase	19	red	left	aware	1	0
428.171	0.000	trigger_31	31	428171	Trigger-In:31	100	targets_on_fp_color_change	staircase	19	red	left	aware	1	0
429.026	0.000	trigger_201	201	429026	Trigger-In:201	100	trial_end_completed	staircase	19	red	left	aware	1	0
430.096	0.000	trigger_101	101	430096	Trigger-In:101	101	trial_start	staircase	18	green	right	aware	1	0
430.201	0.000	trigger_11	11	430201	Trigger-In:11	101	fixation_point_on	staircase	18	green	right	aware	1	0
430.801	0.000	trigger_21	21	430801	Trigger-In:21	101	grating_on	staircase	18	green	right	aware	1	0
430.856	0.000	trigger_20	20	430856	Trigger-In:20	101	grating_off	staircase	18	green	right	aware	1	0
431.456	0.000	trigger_31	31	431456	Trigger-In:31	101	targets_on_fp_color_change	staircase	18	green	right	aware	1	0
432.391	0.000	trigger_201	201	432391	Trigger-In:201	101	trial_end_completed	staircase	18	green	right	aware	1	0
433.461	0.000	trigger_101	101	433461	Trigger-In:101	102	trial_start	staircase	17	red	right	unaware	1	0
433.571	0.000	trigger_11	11	433571	Trigger-In:11	102	fixation_point_on	staircase	17	red	right	unaware	1	0
434.171	0.000	trigger_21	21	434171	Trigger-In:21	102	grating_on	staircase	17	red	right	unaware	1	0
434.221	0.000	trigger_20	20	434221	Trigger-In:20	102	grating_off	staircase	17	red	right	unaware	1	0
434.821	0.000	trigger_31	31	434821	Trigger-In:31	102	targets_on_fp_color_change	staircase	17	red	right	unaware	1	0
436.041	0.000	trigger_201	201	436041	Trigger-In:201	102	trial_end_completed	staircase	17	red	right	unaware	1	0
437.111	0.000	trigger_101	101	437111	Trigger-In:101	103	trial_start	staircase	18	red	left	aware	1	0
437.216	0.000	trigger_11	11	437216	Trigger-In:11	103	fixation_point_on	staircase	18	red	left	aware	1	0
437.816	0.000	trigger_21	21	437816	Trigger-In:21	103	grating_on	staircase	18	red	left	aware	1	0
437.866	0.000	trigger_20	20	437866	Trigger-In:20	103	grating_off	staircase	18	red	left	aware	1	0
438.466	0.000	trigger_31	31	438466	Trigger-In:31	103	targets_on_fp_color_change	staircase	18	red	left	aware	1	0
439.421	0.000	trigger_201	201	439421	Trigger-In:201	103	trial_end_completed	staircase	18	red	left	aware	1	0
440.491	0.000	trigger_101	101	440491	Trigger-In:101	104	trial_start	staircase	17	green	left	unaware	1	0
440.596	0.000	trigger_11	11	440596	Trigger-In:11	104	fixation_point_on	staircase	17	green	left	unaware	1	0
441.196	0.000	trigger_21	21	441196	Trigger-In:21	104	grating_on	staircase	17	green	left	unaware	1	0
441.246	0.000	trigger_20	20	441246	Trigger-In:20	104	grating_off	staircase	17	green	left	unaware	1	0
441.846	0.000	trigger_31	31	441846	Trigger-In:31	104	targets_on_fp_color_change	staircase	17	green	left	unaware	1	0
443.231	0.000	trigger_201	201	443231	Trigger-In:201	104	trial_end_completed	staircase	17	green	left	unaware	1	0
444.301	0.000	trigger_101	101	444301	Trigger-In:101	105	trial_start	staircase	18	green	left	unaware	1	0
444.401	0.000	trigger_11	11	444401	Trigger-In:11	105	fixation_point_on	staircase	18	green	left	unaware	1	0
445.001	0.000	trigger_21	21	445001	Trigger-In:21	105	grating_on	staircase	18	green	left	unaware	1	0
445.051	0.000	trigger_20	20	445051	Trigger-In:20	105	grating_off	staircase	18	green	left	unaware	1	0
445.651	0.000	trigger_31	31	445651	Trigger-In:31	105	targets_on_fp_color_change	staircase	18	green	left	unaware	1	0
447.276	0.000	trigger_201	201	447276	Trigger-In:201	105	trial_end_completed	staircase	18	green	left	unaware	1	0
448.341	0.000	trigger_101	101	448341	Trigger-In:101	106	trial_start	staircase	19	green	right	aware	1	0
448.446	0.000	trigger_11	11	448446	Trigger-In:11	106	fixation_point_on	staircase	19	green	right	aware	1	0
449.051	0.000	trigger_21	21	449051	Trigger-In:21	106	grating_on	staircase	19	green	right	aware	1	0
449.101	0.000	trigger_20	20	449101	Trigger-In:20	106	grating_off	staircase	19	green	right	aware	1	0
449.701	0.000	trigger_31	31	449701	Trigger-In:31	106	targets_on_fp_color_change	staircase	19	green	right	aware	1	0
450.736	0.000	trigger_201	201	450736	Trigger-In:201	106	trial_end_completed	staircase	19	green	right	aware	1	0
451.806	0.000	trigger_101	101	451806	Trigger-In:101	107	trial_start	salient	0	green	left	unaware	1	0
451.911	0.000	trigger_11	11	451911	Trigger-In:11	107	fixation_point_on	salient	0	green	left	unaware	1	0
452.511	0.000	trigger_21	21	452511	Trigger-In:21	107	grating_on	salient	0	green	left	unaware	1	0
452.561	0.000	trigger_20	20	452561	Trigger-In:20	107	grating_off	salient	0	green	left	unaware	1	0
453.161	0.000	trigger_31	31	453161	Trigger-In:31	107	targets_on_fp_color_change	salient	0	green	left	unaware	1	0
454.336	0.000	trigger_201	201	454336	Trigger-In:201	107	trial_end_completed	salient	0	green	left	unaware	1	0
455.401	0.000	trigger_101	101	455401	Trigger-In:101	108	trial_start	staircase	18	green	right	aware	1	0
455.506	0.000	trigger_11	11	455506	Trigger-In:11	108	fixation_point_on	staircase	18	green	right	aware	1	0
456.106	0.000	trigger_21	21	456106	Trigger-In:21	108	grating_on	staircase	18	green	right	aware	1	0
456.156	0.000	trigger_20	20	456156	Trigger-In:20	108	grating_off	staircase	18	green	right	aware	1	0
456.761	0.000	trigger_31	31	456761	Trigger-In:31	108	targets_on_fp_color_change	staircase	18	green	right	aware	1	0
458.376	0.000	trigger_201	201	458376	Trigger-In:201	108	trial_end_completed	staircase	18	green	right	aware	1	0
459.446	0.000	trigger_101	101	459446	Trigger-In:101	109	trial_start	staircase	17	red	left	aware	1	0
459.551	0.000	trigger_11	11	459551	Trigger-In:11	109	fixation_point_on	staircase	17	red	left	aware	1	0
460.151	0.000	trigger_21	21	460151	Trigger-In:21	109	grating_on	staircase	17	red	left	aware	1	0
460.201	0.000	trigger_20	20	460201	Trigger-In:20	109	grating_off	staircase	17	red	left	aware	1	0
460.801	0.000	trigger_31	31	460801	Trigger-In:31	109	targets_on_fp_color_change	staircase	17	red	left	aware	1	0
461.801	0.000	trigger_201	201	461801	Trigger-In:201	109	trial_end_completed	staircase	17	red	left	aware	1	0
462.871	0.000	trigger_101	101	462871	Trigger-In:101	110	trial_start	staircase	16	red	right	unaware	1	0
463.026	0.000	trigger_11	11	463026	Trigger-In:11	110	fixation_point_on	staircase	16	red	right	unaware	1	0
463.626	0.000	trigger_21	21	463626	Trigger-In:21	110	grating_on	staircase	16	red	right	unaware	1	0
463.676	0.000	trigger_20	20	463676	Trigger-In:20	110	grating_off	staircase	16	red	right	unaware	1	0
464.276	0.000	trigger_31	31	464276	Trigger-In:31	110	targets_on_fp_color_change	staircase	16	red	right	unaware	1	0
465.521	0.000	trigger_201	201	465521	Trigger-In:201	110	trial_end_completed	staircase	16	red	right	unaware	1	0
466.586	0.000	trigger_101	101	466586	Trigger-In:101	111	trial_start	absent	50	green	right	aware	1	0
466.691	0.000	trigger_11	11	466691	Trigger-In:11	111	fixation_point_on	absent	50	green	right	aware	1	0
467.291	0.000	trigger_21	21	467291	Trigger-In:21	111	grating_on	absent	50	green	right	aware	1	0
467.341	0.000	trigger_20	20	467341	Trigger-In:20	111	grating_off	absent	50	green	right	aware	1	0
467.946	0.000	trigger_31	31	467946	Trigger-In:31	111	targets_on_fp_color_change	absent	50	green	right	aware	1	0
468.846	0.000	trigger_201	201	468846	Trigger-In:201	111	trial_end_completed	absent	50	green	right	aware	1	0
469.911	0.000	trigger_101	101	469911	Trigger-In:101	112	trial_start	staircase	17	red	left	aware	1	0
470.016	0.000	trigger_11	11	470016	Trigger-In:11	112	fixation_point_on	staircase	17	red	left	aware	1	0
470.616	0.000	trigger_21	21	470616	Trigger-In:21	112	grating_on	staircase	17	red	left	aware	1	0
470.666	0.000	trigger_20	20	470666	Trigger-In:20	112	grating_off	staircase	17	red	left	aware	1	0
471.271	0.000	trigger_31	31	471271	Trigger-In:31	112	targets_on_fp_color_change	staircase	17	red	left	aware	1	0
471.976	0.000	trigger_201	201	471976	Trigger-In:201	112	trial_end_completed	staircase	17	red	left	aware	1	0
473.046	0.000	trigger_101	101	473046	Trigger-In:101	113	trial_start	absent	50	red	left	aware	1	0
473.146	0.000	trigger_11	11	473146	Trigger-In:11	113	fixation_point_on	absent	50	red	left	aware	1	0
473.746	0.000	trigger_21	21	473746	Trigger-In:21	113	grating_on	absent	50	red	left	aware	1	0
473.796	0.000	trigger_20	20	473796	Trigger-In:20	113	grating_off	absent	50	red	left	aware	1	0
474.401	0.000	trigger_31	31	474401	Trigger-In:31	113	targets_on_fp_color_change	absent	50	red	left	aware	1	0
475.136	0.000	trigger_201	201	475136	Trigger-In:201	113	trial_end_completed	absent	50	red	left	aware	1	0
476.201	0.000	trigger_101	101	476201	Trigger-In:101	114	trial_start	staircase	16	red	right	unaware	1	0
476.316	0.000	trigger_11	11	476316	Trigger-In:11	114	fixation_point_on	staircase	16	red	right	unaware	1	0
476.916	0.000	trigger_21	21	476916	Trigger-In:21	114	grating_on	staircase	16	red	right	unaware	1	0
476.971	0.000	trigger_20	20	476971	Trigger-In:20	114	grating_off	staircase	16	red	right	unaware	1	0
477.571	0.000	trigger_31	31	477571	Trigger-In:31	114	targets_on_fp_color_change	staircase	16	red	right	unaware	1	0
478.566	0.000	trigger_201	201	478566	Trigger-In:201	114	trial_end_completed	staircase	16	red	right	unaware	1	0
479.636	0.000	trigger_101	101	479636	Trigger-In:101	115	trial_start	staircase	17	red	left	aware	1	0
479.741	0.000	trigger_11	11	479741	Trigger-In:11	115	fixation_point_on	staircase	17	red	left	aware	1	0
480.341	0.000	trigger_21	21	480341	Trigger-In:21	115	grating_on	staircase	17	red	left	aware	1	0
480.391	0.000	trigger_20	20	480391	Trigger-In:20	115	grating_off	staircase	17	red	left	aware	1	0
480.991	0.000	trigger_31	31	480991	Trigger-In:31	115	targets_on_fp_color_change	staircase	17	red	left	aware	1	0
482.026	0.000	trigger_201	201	482026	Trigger-In:201	115	trial_end_completed	staircase	17	red	left	aware	1	0
483.096	0.000	trigger_101	101	483096	Trigger-In:101	116	trial_start	staircase	16	green	right	aware	1	0
483.201	0.000	trigger_11	11	483201	Trigger-In:11	116	fixation_point_on	staircase	16	green	right	aware	1	0
483.801	0.000	trigger_21	21	483801	Trigger-In:21	116	grating_on	staircase	16	green	right	aware	1	0
483.851	0.000	trigger_20	20	483851	Trigger-In:20	116	grating_off	staircase	16	green	right	aware	1	0
484.456	0.000	trigger_31	31	484456	Trigger-In:31	116	targets_on_fp_color_change	staircase	16	green	right	aware	1	0
485.486	0.000	trigger_201	201	485486	Trigger-In:201	116	trial_end_completed	staircase	16	green	right	aware	1	0
486.561	0.000	trigger_101	101	486561	Trigger-In:101	117	trial_start	staircase	15	red	right	unaware	1	0
486.661	0.000	trigger_11	11	486661	Trigger-In:11	117	fixation_point_on	staircase	15	red	right	unaware	1	0
487.261	0.000	trigger_21	21	487261	Trigger-In:21	117	grating_on	staircase	15	red	right	unaware	1	0
487.311	0.000	trigger_20	20	487311	Trigger-In:20	117	grating_off	staircase	15	red	right	unaware	1	0
487.911	0.000	trigger_31	31	487911	Trigger-In:31	117	targets_on_fp_color_change	staircase	15	red	right	unaware	1	0
489.066	0.000	trigger_201	201	489066	Trigger-In:201	117	trial_end_completed	staircase	15	red	right	unaware	1	0
490.131	0.000	trigger_101	101	490131	Trigger-In:101	118	trial_start	staircase	16	green	right	aware	1	0
490.236	0.000	trigger_11	11	490236	Trigger-In:11	118	fixation_point_on	staircase	16	green	right	aware	1	0
490.841	0.000	trigger_21	21	490841	Trigger-In:21	118	grating_on	staircase	16	green	right	aware	1	0
490.891	0.000	trigger_20	20	490891	Trigger-In:20	118	grating_off	staircase	16	green	right	aware	1	0
491.491	0.000	trigger_31	31	491491	Trigger-In:31	118	targets_on_fp_color_change	staircase	16	green	right	aware	1	0
492.671	0.000	trigger_201	201	492671	Trigger-In:201	118	trial_end_completed	staircase	16	green	right	aware	1	0
493.741	0.000	trigger_101	101	493741	Trigger-In:101	119	trial_start	staircase	15	green	right	aware	1	0
493.846	0.000	trigger_11	11	493846	Trigger-In:11	119	fixation_point_on	staircase	15	green	right	aware	1	0
494.446	0.000	trigger_21	21	494446	Trigger-In:21	119	grating_on	staircase	15	green	right	aware	1	0
494.496	0.000	trigger_20	20	494496	Trigger-In:20	119	grating_off	staircase	15	green	right	aware	1	0
495.096	0.000	trigger_31	31	495096	Trigger-In:31	119	targets_on_fp_color_change	staircase	15	green	right	aware	1	0
496.236	0.000	trigger_201	201	496236	Trigger-In:201	119	trial_end_completed	staircase	15	green	right	aware	1	0
497.306	0.000	trigger_101	101	497306	Trigger-In:101	120	trial_start	staircase	14	green	left	unaware	1	0
497.411	0.000	trigger_11	11	497411	Trigger-In:11	120	fixation_point_on	staircase	14	green	left	unaware	1	0
498.011	0.000	trigger_21	21	498011	Trigger-In:21	120	grating_on	staircase	14	green	left	unaware	1	0
498.061	0.000	trigger_20	20	498061	Trigger-In:20	120	grating_off	staircase	14	green	left	unaware	1	0
498.666	0.000	trigger_31	31	498666	Trigger-In:31	120	targets_on_fp_color_change	staircase	14	green	left	unaware	1	0
499.651	0.000	trigger_201	201	499651	Trigger-In:201	120	trial_end_completed	staircase	14	green	left	unaware	1	0
500.721	0.000	trigger_101	101	500721	Trigger-In:101	121	trial_start	staircase	15	green	left	unaware	1	0
500.831	0.000	trigger_11	11	500831	Trigger-In:11	121	fixation_point_on	staircase	15	green	left	unaware	1	0
501.431	0.000	trigger_21	21	501431	Trigger-In:21	121	grating_on	staircase	15	green	left	unaware	1	0
501.481	0.000	trigger_20	20	501481	Trigger-In:20	121	grating_off	staircase	15	green	left	unaware	1	0
502.081	0.000	trigger_31	31	502081	Trigger-In:31	121	targets_on_fp_color_change	staircase	15	green	left	unaware	1	0
503.296	0.000	trigger_201	201	503296	Trigger-In:201	121	trial_end_completed	staircase	15	green	left	unaware	1	0
504.361	0.000	trigger_101	101	504361	Trigger-In:101	122	trial_start	absent	50	green	right	aware	1	0
504.466	0.000	trigger_11	11	504466	Trigger-In:11	122	fixation_point_on	absent	50	green	right	aware	1	0
505.066	0.000	trigger_21	21	505066	Trigger-In:21	122	grating_on	absent	50	green	right	aware	1	0
505.121	0.000	trigger_20	20	505121	Trigger-In:20	122	grating_off	absent	50	green	right	aware	1	0
505.721	0.000	trigger_31	31	505721	Trigger-In:31	122	targets_on_fp_color_change	absent	50	green	right	aware	1	0
506.691	0.000	trigger_201	201	506691	Trigger-In:201	122	trial_end_completed	absent	50	green	right	aware	1	0
507.761	0.000	trigger_101	101	507761	Trigger-In:101	123	trial_start	staircase	16	red	left	aware	1	0
507.866	0.000	trigger_11	11	507866	Trigger-In:11	123	fixation_point_on	staircase	16	red	left	aware	1	0
508.466	0.000	trigger_21	21	508466	Trigger-In:21	123	grating_on	staircase	16	red	left	aware	1	0
508.516	0.000	trigger_20	20	508516	Trigger-In:20	123	grating_off	staircase	16	red	left	aware	1	0
509.116	0.000	trigger_31	31	509116	Trigger-In:31	123	targets_on_fp_color_change	staircase	16	red	left	aware	1	0
509.871	0.000	trigger_201	201	509871	Trigger-In:201	123	trial_end_completed	staircase	16	red	left	aware	1	0
510.936	0.000	trigger_101	101	510936	Trigger-In:101	124	trial_start	salient	0	green	right	aware	1	0
511.046	0.000	trigger_11	11	511046	Trigger-In:11	124	fixation_point_on	salient	0	green	right	aware	1	0
511.646	0.000	trigger_21	21	511646	Trigger-In:21	124	grating_on	salient	0	green	right	aware	1	0
511.696	0.000	trigger_20	20	511696	Trigger-In:20	124	grating_off	salient	0	green	right	aware	1	0
512.301	0.000	trigger_31	31	512301	Trigger-In:31	124	targets_on_fp_color_change	salient	0	green	right	aware	1	0
513.926	0.000	trigger_201	201	513926	Trigger-In:201	124	trial_end_completed	salient	0	green	right	aware	1	0
515.251	0.000	trigger_101	101	515251	Trigger-In:101	125	trial_start	staircase	15	green	right	aware	1	0
515.351	0.000	trigger_11	11	515351	Trigger-In:11	125	fixation_point_on	staircase	15	green	right	aware	1	0
515.951	0.000	trigger_21	21	515951	Trigger-In:21	125	grating_on	staircase	15	green	right	aware	1	0
516.006	0.000	trigger_20	20	516006	Trigger-In:20	125	grating_off	staircase	15	green	right	aware	1	0
516.606	0.000	trigger_31	31	516606	Trigger-In:31	125	targets_on_fp_color_change	staircase	15	green	right	aware	1	0
517.531	0.000	trigger_201	201	517531	Trigger-In:201	125	trial_end_completed	staircase	15	green	right	aware	1	0
518.601	0.000	trigger_101	101	518601	Trigger-In:101	126	trial_start	staircase	14	red	n/a	n/a	0	0
518.701	0.000	trigger_11	11	518701	Trigger-In:11	126	fixation_point_on	staircase	14	red	n/a	n/a	0	0
519.306	0.000	trigger_21	21	519306	Trigger-In:21	126	grating_on	staircase	14	red	n/a	n/a	0	0
519.356	0.000	trigger_20	20	519356	Trigger-In:20	126	grating_off	staircase	14	red	n/a	n/a	0	0
519.956	0.000	trigger_31	31	519956	Trigger-In:31	126	targets_on_fp_color_change	staircase	14	red	n/a	n/a	0	0
521.916	0.000	trigger_203	203	521916	Trigger-In:203	126	trial_end_not_completed	staircase	14	red	n/a	n/a	0	0
523.016	0.000	trigger_101	101	523016	Trigger-In:101	127	trial_start	staircase	14	red	left	aware	1	0
523.121	0.000	trigger_11	11	523121	Trigger-In:11	127	fixation_point_on	staircase	14	red	left	aware	1	0
523.721	0.000	trigger_21	21	523721	Trigger-In:21	127	grating_on	staircase	14	red	left	aware	1	0
523.776	0.000	trigger_20	20	523776	Trigger-In:20	127	grating_off	staircase	14	red	left	aware	1	0
524.376	0.000	trigger_31	31	524376	Trigger-In:31	127	targets_on_fp_color_change	staircase	14	red	left	aware	1	0
525.561	0.000	trigger_201	201	525561	Trigger-In:201	127	trial_end_completed	staircase	14	red	left	aware	1	0
526.631	0.000	trigger_101	101	526631	Trigger-In:101	128	trial_start	staircase	13	green	right	aware	1	0
526.736	0.000	trigger_11	11	526736	Trigger-In:11	128	fixation_point_on	staircase	13	green	right	aware	1	0
527.336	0.000	trigger_21	21	527336	Trigger-In:21	128	grating_on	staircase	13	green	right	aware	1	0
527.386	0.000	trigger_20	20	527386	Trigger-In:20	128	grating_off	staircase	13	green	right	aware	1	0
527.986	0.000	trigger_31	31	527986	Trigger-In:31	128	targets_on_fp_color_change	staircase	13	green	right	aware	1	0
528.996	0.000	trigger_201	201	528996	Trigger-In:201	128	trial_end_completed	staircase	13	green	right	aware	1	0
530.066	0.000	trigger_101	101	530066	Trigger-In:101	129	trial_start	salient	0	green	left	unaware	1	0
530.171	0.000	trigger_11	11	530171	Trigger-In:11	129	fixation_point_on	salient	0	green	left	unaware	1	0
530.771	0.000	trigger_21	21	530771	Trigger-In:21	129	grating_on	salient	0	green	left	unaware	1	0
530.821	0.000	trigger_20	20	530821	Trigger-In:20	129	grating_off	salient	0	green	left	unaware	1	0
531.421	0.000	trigger_31	31	531421	Trigger-In:31	129	targets_on_fp_color_change	salient	0	green	left	unaware	1	0
532.476	0.000	trigger_201	201	532476	Trigger-In:201	129	trial_end_completed	salient	0	green	left	unaware	1	0
533.546	0.000	trigger_101	101	533546	Trigger-In:101	130	trial_start	staircase	12	red	right	unaware	1	0
533.651	0.000	trigger_11	11	533651	Trigger-In:11	130	fixation_point_on	staircase	12	red	right	unaware	1	0
534.251	0.000	trigger_21	21	534251	Trigger-In:21	130	grating_on	staircase	12	red	right	unaware	1	0
534.301	0.000	trigger_20	20	534301	Trigger-In:20	130	grating_off	staircase	12	red	right	unaware	1	0
534.901	0.000	trigger_31	31	534901	Trigger-In:31	130	targets_on_fp_color_change	staircase	12	red	right	unaware	1	0
535.961	0.000	trigger_201	201	535961	Trigger-In:201	130	trial_end_completed	staircase	12	red	right	unaware	1	0
537.026	0.000	trigger_101	101	537026	Trigger-In:101	131	trial_start	staircase	13	green	left	unaware	1	0
537.131	0.000	trigger_11	11	537131	Trigger-In:11	131	fixation_point_on	staircase	13	green	left	unaware	1	0
537.731	0.000	trigger_21	21	537731	Trigger-In:21	131	grating_on	staircase	13	green	left	unaware	1	0
537.781	0.000	trigger_20	20	537781	Trigger-In:20	131	grating_off	staircase	13	green	left	unaware	1	0
538.386	0.000	trigger_31	31	538386	Trigger-In:31	131	targets_on_fp_color_change	staircase	13	green	left	unaware	1	0
539.596	0.000	trigger_201	201	539596	Trigger-In:201	131	trial_end_completed	staircase	13	green	left	unaware	1	0
540.661	0.000	trigger_101	101	540661	Trigger-In:101	132	trial_start	staircase	14	green	left	unaware	1	0
540.766	0.000	trigger_11	11	540766	Trigger-In:11	132	fixation_point_on	staircase	14	green	left	unaware	1	0
541.366	0.000	trigger_21	21	541366	Trigger-In:21	132	grating_on	staircase	14	green	left	unaware	1	0
541.421	0.000	trigger_20	20	541421	Trigger-In:20	132	grating_off	staircase	14	green	left	unaware	1	0
542.021	0.000	trigger_31	31	542021	Trigger-In:31	132	targets_on_fp_color_change	staircase	14	green	left	unaware	1	0
543.001	0.000	trigger_201	201	543001	Trigger-In:201	132	trial_end_completed	staircase	14	green	left	unaware	1	0
544.071	0.000	trigger_101	101	544071	Trigger-In:101	133	trial_start	staircase	15	green	left	unaware	1	0
544.201	0.000	trigger_11	11	544201	Trigger-In:11	133	fixation_point_on	staircase	15	green	left	unaware	1	0
544.801	0.000	trigger_21	21	544801	Trigger-In:21	133	grating_on	staircase	15	green	left	unaware	1	0
544.851	0.000	trigger_20	20	544851	Trigger-In:20	133	grating_off	staircase	15	green	left	unaware	1	0
545.451	0.000	trigger_31	31	545451	Trigger-In:31	133	targets_on_fp_color_change	staircase	15	green	left	unaware	1	0
546.391	0.000	trigger_201	201	546391	Trigger-In:201	133	trial_end_completed	staircase	15	green	left	unaware	1	0
547.461	0.000	trigger_101	101	547461	Trigger-In:101	134	trial_start	staircase	16	green	left	unaware	1	0
547.571	0.000	trigger_11	11	547571	Trigger-In:11	134	fixation_point_on	staircase	16	green	left	unaware	1	0
548.171	0.000	trigger_21	21	548171	Trigger-In:21	134	grating_on	staircase	16	green	left	unaware	1	0
548.221	0.000	trigger_20	20	548221	Trigger-In:20	134	grating_off	staircase	16	green	left	unaware	1	0
548.821	0.000	trigger_31	31	548821	Trigger-In:31	134	targets_on_fp_color_change	staircase	16	green	left	unaware	1	0
549.716	0.000	trigger_201	201	549716	Trigger-In:201	134	trial_end_completed	staircase	16	green	left	unaware	1	0
550.781	0.000	trigger_101	101	550781	Trigger-In:101	135	trial_start	staircase	17	red	left	aware	1	0
550.891	0.000	trigger_11	11	550891	Trigger-In:11	135	fixation_point_on	staircase	17	red	left	aware	1	0
551.496	0.000	trigger_21	21	551496	Trigger-In:21	135	grating_on	staircase	17	red	left	aware	1	0
551.546	0.000	trigger_20	20	551546	Trigger-In:20	135	grating_off	staircase	17	red	left	aware	1	0
552.146	0.000	trigger_31	31	552146	Trigger-In:31	135	targets_on_fp_color_change	staircase	17	red	left	aware	1	0
553.351	0.000	trigger_201	201	553351	Trigger-In:201	135	trial_end_completed	staircase	17	red	left	aware	1	0
554.416	0.000	trigger_101	101	554416	Trigger-In:101	136	trial_start	staircase	16	green	left	unaware	1	0
554.541	0.000	trigger_11	11	554541	Trigger-In:11	136	fixation_point_on	staircase	16	green	left	unaware	1	0
555.141	0.000	trigger_21	21	555141	Trigger-In:21	136	grating_on	staircase	16	green	left	unaware	1	0
555.191	0.000	trigger_20	20	555191	Trigger-In:20	136	grating_off	staircase	16	green	left	unaware	1	0
555.791	0.000	trigger_31	31	555791	Trigger-In:31	136	targets_on_fp_color_change	staircase	16	green	left	unaware	1	0
557.261	0.000	trigger_201	201	557261	Trigger-In:201	136	trial_end_completed	staircase	16	green	left	unaware	1	0
558.326	0.000	trigger_101	101	558326	Trigger-In:101	137	trial_start	salient	0	red	right	unaware	1	0
558.431	0.000	trigger_11	11	558431	Trigger-In:11	137	fixation_point_on	salient	0	red	right	unaware	1	0
559.031	0.000	trigger_21	21	559031	Trigger-In:21	137	grating_on	salient	0	red	right	unaware	1	0
559.086	0.000	trigger_20	20	559086	Trigger-In:20	137	grating_off	salient	0	red	right	unaware	1	0
559.686	0.000	trigger_31	31	559686	Trigger-In:31	137	targets_on_fp_color_change	salient	0	red	right	unaware	1	0
560.911	0.000	trigger_201	201	560911	Trigger-In:201	137	trial_end_completed	salient	0	red	right	unaware	1	0
561.981	0.000	trigger_101	101	561981	Trigger-In:101	138	trial_start	absent	50	green	right	aware	1	0
562.086	0.000	trigger_11	11	562086	Trigger-In:11	138	fixation_point_on	absent	50	green	right	aware	1	0
562.686	0.000	trigger_21	21	562686	Trigger-In:21	138	grating_on	absent	50	green	right	aware	1	0
562.736	0.000	trigger_20	20	562736	Trigger-In:20	138	grating_off	absent	50	green	right	aware	1	0
563.336	0.000	trigger_31	31	563336	Trigger-In:31	138	targets_on_fp_color_change	absent	50	green	right	aware	1	0
564.496	0.000	trigger_201	201	564496	Trigger-In:201	138	trial_end_completed	absent	50	green	right	aware	1	0
565.571	0.000	trigger_101	101	565571	Trigger-In:101	139	trial_start	absent	50	red	left	aware	1	0
565.671	0.000	trigger_11	11	565671	Trigger-In:11	139	fixation_point_on	absent	50	red	left	aware	1	0
566.271	0.000	trigger_21	21	566271	Trigger-In:21	139	grating_on	absent	50	red	left	aware	1	0
566.326	0.000	trigger_20	20	566326	Trigger-In:20	139	grating_off	absent	50	red	left	aware	1	0
566.926	0.000	trigger_31	31	566926	Trigger-In:31	139	targets_on_fp_color_change	absent	50	red	left	aware	1	0
567.776	0.000	trigger_201	201	567776	Trigger-In:201	139	trial_end_completed	absent	50	red	left	aware	1	0
568.846	0.000	trigger_101	101	568846	Trigger-In:101	140	trial_start	staircase	17	green	left	unaware	1	0
568.951	0.000	trigger_11	11	568951	Trigger-In:11	140	fixation_point_on	staircase	17	green	left	unaware	1	0
569.551	0.000	trigger_21	21	569551	Trigger-In:21	140	grating_on	staircase	17	green	left	unaware	1	0
569.601	0.000	trigger_20	20	569601	Trigger-In:20	140	grating_off	staircase	17	green	left	unaware	1	0
570.201	0.000	trigger_31	31	570201	Trigger-In:31	140	targets_on_fp_color_change	staircase	17	green	left	unaware	1	0
571.446	0.000	trigger_201	201	571446	Trigger-In:201	140	trial_end_completed	staircase	17	green	left	unaware	1	0
572.511	0.000	trigger_101	101	572511	Trigger-In:101	141	trial_start	staircase	18	green	right	aware	1	0
572.616	0.000	trigger_11	11	572616	Trigger-In:11	141	fixation_point_on	staircase	18	green	right	aware	1	0
573.216	0.000	trigger_21	21	573216	Trigger-In:21	141	grating_on	staircase	18	green	right	aware	1	0
573.266	0.000	trigger_20	20	573266	Trigger-In:20	141	grating_off	staircase	18	green	right	aware	1	0
573.866	0.000	trigger_31	31	573866	Trigger-In:31	141	targets_on_fp_color_change	staircase	18	green	right	aware	1	0
575.041	0.000	trigger_201	201	575041	Trigger-In:201	141	trial_end_completed	staircase	18	green	right	aware	1	0
576.111	0.000	trigger_101	101	576111	Trigger-In:101	142	trial_start	salient	0	green	left	unaware	1	0
576.216	0.000	trigger_11	11	576216	Trigger-In:11	142	fixation_point_on	salient	0	green	left	unaware	1	0
576.816	0.000	trigger_21	21	576816	Trigger-In:21	142	grating_on	salient	0	green	left	unaware	1	0
576.866	0.000	trigger_20	20	576866	Trigger-In:20	142	grating_off	salient	0	green	left	unaware	1	0
577.471	0.000	trigger_31	31	577471	Trigger-In:31	142	targets_on_fp_color_change	salient	0	green	left	unaware	1	0
578.576	0.000	trigger_201	201	578576	Trigger-In:201	142	trial_end_completed	salient	0	green	left	unaware	1	0
579.646	0.000	trigger_101	101	579646	Trigger-In:101	143	trial_start	staircase	17	green	right	aware	1	0
579.756	0.000	trigger_11	11	579756	Trigger-In:11	143	fixation_point_on	staircase	17	green	right	aware	1	0
580.356	0.000	trigger_21	21	580356	Trigger-In:21	143	grating_on	staircase	17	green	right	aware	1	0
580.406	0.000	trigger_20	20	580406	Trigger-In:20	143	grating_off	staircase	17	green	right	aware	1	0
581.011	0.000	trigger_31	31	581011	Trigger-In:31	143	targets_on_fp_color_change	staircase	17	green	right	aware	1	0
582.101	0.000	trigger_201	201	582101	Trigger-In:201	143	trial_end_completed	staircase	17	green	right	aware	1	0
583.171	0.000	trigger_101	101	583171	Trigger-In:101	144	trial_start	staircase	16	green	right	aware	1	0
583.276	0.000	trigger_11	11	583276	Trigger-In:11	144	fixation_point_on	staircase	16	green	right	aware	1	0
583.876	0.000	trigger_21	21	583876	Trigger-In:21	144	grating_on	staircase	16	green	right	aware	1	0
583.926	0.000	trigger_20	20	583926	Trigger-In:20	144	grating_off	staircase	16	green	right	aware	1	0
584.526	0.000	trigger_31	31	584526	Trigger-In:31	144	targets_on_fp_color_change	staircase	16	green	right	aware	1	0
585.596	0.000	trigger_201	201	585596	Trigger-In:201	144	trial_end_completed	staircase	16	green	right	aware	1	0
586.666	0.000	trigger_101	101	586666	Trigger-In:101	145	trial_start	staircase	15	red	right	unaware	1	0
586.771	0.000	trigger_11	11	586771	Trigger-In:11	145	fixation_point_on	staircase	15	red	right	unaware	1	0
587.371	0.000	trigger_21	21	587371	Trigger-In:21	145	grating_on	staircase	15	red	right	unaware	1	0
587.426	0.000	trigger_20	20	587426	Trigger-In:20	145	grating_off	staircase	15	red	right	unaware	1	0
588.026	0.000	trigger_31	31	588026	Trigger-In:31	145	targets_on_fp_color_change	staircase	15	red	right	unaware	1	0
589.426	0.000	trigger_201	201	589426	Trigger-In:201	145	trial_end_completed	staircase	15	red	right	unaware	1	0
590.496	0.000	trigger_101	101	590496	Trigger-In:101	146	trial_start	staircase	16	green	right	aware	1	0
590.606	0.000	trigger_11	11	590606	Trigger-In:11	146	fixation_point_on	staircase	16	green	right	aware	1	0
591.206	0.000	trigger_21	21	591206	Trigger-In:21	146	grating_on	staircase	16	green	right	aware	1	0
591.261	0.000	trigger_20	20	591261	Trigger-In:20	146	grating_off	staircase	16	green	right	aware	1	0
591.861	0.000	trigger_31	31	591861	Trigger-In:31	146	targets_on_fp_color_change	staircase	16	green	right	aware	1	0
592.856	0.000	trigger_201	201	592856	Trigger-In:201	146	trial_end_completed	staircase	16	green	right	aware	1	0
593.931	0.000	trigger_101	101	593931	Trigger-In:101	147	trial_start	staircase	15	green	left	unaware	1	0
594.041	0.000	trigger_11	11	594041	Trigger-In:11	147	fixation_point_on	staircase	15	green	left	unaware	1	0
594.641	0.000	trigger_21	21	594641	Trigger-In:21	147	grating_on	staircase	15	green	left	unaware	1	0
594.691	0.000	trigger_20	20	594691	Trigger-In:20	147	grating_off	staircase	15	green	left	unaware	1	0
595.291	0.000	trigger_31	31	595291	Trigger-In:31	147	targets_on_fp_color_change	staircase	15	green	left	unaware	1	0
596.471	0.000	trigger_201	201	596471	Trigger-In:201	147	trial_end_completed	staircase	15	green	left	unaware	1	0
597.541	0.000	trigger_101	101	597541	Trigger-In:101	148	trial_start	staircase	16	green	right	aware	1	0
597.646	0.000	trigger_11	11	597646	Trigger-In:11	148	fixation_point_on	staircase	16	green	right	aware	1	0
598.241	0.000	trigger_21	21	598241	Trigger-In:21	148	grating_on	staircase	16	green	right	aware	1	0
598.296	0.000	trigger_20	20	598296	Trigger-In:20	148	grating_off	staircase	16	green	right	aware	1	0
598.896	0.000	trigger_31	31	598896	Trigger-In:31	148	targets_on_fp_color_change	staircase	16	green	right	aware	1	0
600.681	0.000	trigger_201	201	600681	Trigger-In:201	148	trial_end_completed	staircase	16	green	right	aware	1	0
601.756	0.000	trigger_101	101	601756	Trigger-In:101	149	trial_start	staircase	15	red	right	unaware	1	0
601.861	0.000	trigger_11	11	601861	Trigger-In:11	149	fixation_point_on	staircase	15	red	right	unaware	1	0
602.461	0.000	trigger_21	21	602461	Trigger-In:21	149	grating_on	staircase	15	red	right	unaware	1	0
602.511	0.000	trigger_20	20	602511	Trigger-In:20	149	grating_off	staircase	15	red	right	unaware	1	0
603.111	0.000	trigger_31	31	603111	Trigger-In:31	149	targets_on_fp_color_change	staircase	15	red	right	unaware	1	0
604.316	0.000	trigger_201	201	604316	Trigger-In:201	149	trial_end_completed	staircase	15	red	right	unaware	1	0
605.386	0.000	trigger_101	101	605386	Trigger-In:101	150	trial_start	staircase	16	red	left	aware	1	0
605.491	0.000	trigger_11	11	605491	Trigger-In:11	150	fixation_point_on	staircase	16	red	left	aware	1	0
606.096	0.000	trigger_21	21	606096	Trigger-In:21	150	grating_on	staircase	16	red	left	aware	1	0
606.146	0.000	trigger_20	20	606146	Trigger-In:20	150	grating_off	staircase	16	red	left	aware	1	0
606.746	0.000	trigger_31	31	606746	Trigger-In:31	150	targets_on_fp_color_change	staircase	16	red	left	aware	1	0
607.831	0.000	trigger_201	201	607831	Trigger-In:201	150	trial_end_completed	staircase	16	red	left	aware	1	0
608.901	0.000	trigger_101	101	608901	Trigger-In:101	151	trial_start	staircase	15	green	left	unaware	1	0
609.011	0.000	trigger_11	11	609011	Trigger-In:11	151	fixation_point_on	staircase	15	green	left	unaware	1	0
609.611	0.000	trigger_21	21	609611	Trigger-In:21	151	grating_on	staircase	15	green	left	unaware	1	0
609.661	0.000	trigger_20	20	609661	Trigger-In:20	151	grating_off	staircase	15	green	left	unaware	1	0
610.261	0.000	trigger_31	31	610261	Trigger-In:31	151	targets_on_fp_color_change	staircase	15	green	left	unaware	1	0
611.406	0.000	trigger_201	201	611406	Trigger-In:201	151	trial_end_completed	staircase	15	green	left	unaware	1	0
612.476	0.000	trigger_101	101	612476	Trigger-In:101	152	trial_start	staircase	16	green	right	aware	1	0
612.581	0.000	trigger_11	11	612581	Trigger-In:11	152	fixation_point_on	staircase	16	green	right	aware	1	0
613.181	0.000	trigger_21	21	613181	Trigger-In:21	152	grating_on	staircase	16	green	right	aware	1	0
613.236	0.000	trigger_20	20	613236	Trigger-In:20	152	grating_off	staircase	16	green	right	aware	1	0
613.836	0.000	trigger_31	31	613836	Trigger-In:31	152	targets_on_fp_color_change	staircase	16	green	right	aware	1	0
614.851	0.000	trigger_201	201	614851	Trigger-In:201	152	trial_end_completed	staircase	16	green	right	aware	1	0
615.921	0.000	trigger_101	101	615921	Trigger-In:101	153	trial_start	staircase	15	red	right	unaware	1	0
616.026	0.000	trigger_11	11	616026	Trigger-In:11	153	fixation_point_on	staircase	15	red	right	unaware	1	0
616.626	0.000	trigger_21	21	616626	Trigger-In:21	153	grating_on	staircase	15	red	right	unaware	1	0
616.676	0.000	trigger_20	20	616676	Trigger-In:20	153	grating_off	staircase	15	red	right	unaware	1	0
617.276	0.000	trigger_31	31	617276	Trigger-In:31	153	targets_on_fp_color_change	staircase	15	red	right	unaware	1	0
618.761	0.000	trigger_201	201	618761	Trigger-In:201	153	trial_end_completed	staircase	15	red	right	unaware	1	0
619.831	0.000	trigger_101	101	619831	Trigger-In:101	154	trial_start	staircase	16	red	right	unaware	1	0
619.931	0.000	trigger_11	11	619931	Trigger-In:11	154	fixation_point_on	staircase	16	red	right	unaware	1	0
620.536	0.000	trigger_21	21	620536	Trigger-In:21	154	grating_on	staircase	16	red	right	unaware	1	0
620.586	0.000	trigger_20	20	620586	Trigger-In:20	154	grating_off	staircase	16	red	right	unaware	1	0
621.186	0.000	trigger_31	31	621186	Trigger-In:31	154	targets_on_fp_color_change	staircase	16	red	right	unaware	1	0
622.426	0.000	trigger_201	201	622426	Trigger-In:201	154	trial_end_completed	staircase	16	red	right	unaware	1	0
623.496	0.000	trigger_101	101	623496	Trigger-In:101	155	trial_start	staircase	17	red	right	unaware	1	0
623.596	0.000	trigger_11	11	623596	Trigger-In:11	155	fixation_point_on	staircase	17	red	right	unaware	1	0
624.201	0.000	trigger_21	21	624201	Trigger-In:21	155	grating_on	staircase	17	red	right	unaware	1	0
624.251	0.000	trigger_20	20	624251	Trigger-In:20	155	grating_off	staircase	17	red	right	unaware	1	0
624.851	0.000	trigger_31	31	624851	Trigger-In:31	155	targets_on_fp_color_change	staircase	17	red	right	unaware	1	0
626.011	0.000	trigger_201	201	626011	Trigger-In:201	155	trial_end_completed	staircase	17	red	right	unaware	1	0
627.081	0.000	trigger_101	101	627081	Trigger-In:101	156	trial_start	salient	0	red	right	unaware	1	0
627.186	0.000	trigger_11	11	627186	Trigger-In:11	156	fixation_point_on	salient	0	red	right	unaware	1	0
627.786	0.000	trigger_21	21	627786	Trigger-In:21	156	grating_on	salient	0	red	right	unaware	1	0
627.836	0.000	trigger_20	20	627836	Trigger-In:20	156	grating_off	salient	0	red	right	unaware	1	0
628.436	0.000	trigger_31	31	628436	Trigger-In:31	156	targets_on_fp_color_change	salient	0	red	right	unaware	1	0
630.101	0.000	trigger_201	201	630101	Trigger-In:201	156	trial_end_completed	salient	0	red	right	unaware	1	0
631.171	0.000	trigger_101	101	631171	Trigger-In:101	157	trial_start	staircase	18	green	right	aware	1	0
631.271	0.000	trigger_11	11	631271	Trigger-In:11	157	fixation_point_on	staircase	18	green	right	aware	1	0
631.876	0.000	trigger_21	21	631876	Trigger-In:21	157	grating_on	staircase	18	green	right	aware	1	0
631.926	0.000	trigger_20	20	631926	Trigger-In:20	157	grating_off	staircase	18	green	right	aware	1	0
632.526	0.000	trigger_31	31	632526	Trigger-In:31	157	targets_on_fp_color_change	staircase	18	green	right	aware	1	0
633.746	0.000	trigger_201	201	633746	Trigger-In:201	157	trial_end_completed	staircase	18	green	right	aware	1	0
634.816	0.000	trigger_101	101	634816	Trigger-In:101	158	trial_start	staircase	17	red	left	aware	1	0
634.921	0.000	trigger_11	11	634921	Trigger-In:11	158	fixation_point_on	staircase	17	red	left	aware	1	0
635.521	0.000	trigger_21	21	635521	Trigger-In:21	158	grating_on	staircase	17	red	left	aware	1	0
635.571	0.000	trigger_20	20	635571	Trigger-In:20	158	grating_off	staircase	17	red	left	aware	1	0
636.171	0.000	trigger_31	31	636171	Trigger-In:31	158	targets_on_fp_color_change	staircase	17	red	left	aware	1	0
637.001	0.000	trigger_201	201	637001	Trigger-In:201	158	trial_end_completed	staircase	17	red	left	aware	1	0
638.071	0.000	trigger_101	101	638071	Trigger-In:101	159	trial_start	staircase	16	green	left	unaware	1	0
638.186	0.000	trigger_11	11	638186	Trigger-In:11	159	fixation_point_on	staircase	16	green	left	unaware	1	0
638.786	0.000	trigger_21	21	638786	Trigger-In:21	159	grating_on	staircase	16	green	left	unaware	1	0
638.836	0.000	trigger_20	20	638836	Trigger-In:20	159	grating_off	staircase	16	green	left	unaware	1	0
639.436	0.000	trigger_31	31	639436	Trigger-In:31	159	targets_on_fp_color_change	staircase	16	green	left	unaware	1	0
640.781	0.000	trigger_201	201	640781	Trigger-In:201	159	trial_end_completed	staircase	16	green	left	unaware	1	0
641.851	0.000	trigger_101	101	641851	Trigger-In:101	160	trial_start	staircase	17	red	left	aware	1	0
641.956	0.000	trigger_11	11	641956	Trigger-In:11	160	fixation_point_on	staircase	17	red	left	aware	1	0
642.556	0.000	trigger_21	21	642556	Trigger-In:21	160	grating_on	staircase	17	red	left	aware	1	0
642.606	0.000	trigger_20	20	642606	Trigger-In:20	160	grating_off	staircase	17	red	left	aware	1	0
643.206	0.000	trigger_31	31	643206	Trigger-In:31	160	targets_on_fp_color_change	staircase	17	red	left	aware	1	0
644.511	0.000	trigger_201	201	644511	Trigger-In:201	160	trial_end_completed	staircase	17	red	left	aware	1	0
645.581	0.000	trigger_101	101	645581	Trigger-In:101	161	trial_start	staircase	16	green	right	aware	1	0
645.686	0.000	trigger_11	11	645686	Trigger-In:11	161	fixation_point_on	staircase	16	green	right	aware	1	0
646.286	0.000	trigger_21	21	646286	Trigger-In:21	161	grating_on	staircase	16	green	right	aware	1	0
646.336	0.000	trigger_20	20	646336	Trigger-In:20	161	grating_off	staircase	16	green	right	aware	1	0
646.936	0.000	trigger_31	31	646936	Trigger-In:31	161	targets_on_fp_color_change	staircase	16	green	right	aware	1	0
647.826	0.000	trigger_201	201	647826	Trigger-In:201	161	trial_end_completed	staircase	16	green	right	aware	1	0
648.896	0.000	trigger_101	101	648896	Trigger-In:101	162	trial_start	staircase	15	green	right	aware	1	0
649.001	0.000	trigger_11	11	649001	Trigger-In:11	162	fixation_point_on	staircase	15	green	right	aware	1	0
649.601	0.000	trigger_21	21	649601	Trigger-In:21	162	grating_on	staircase	15	green	right	aware	1	0
649.656	0.000	trigger_20	20	649656	Trigger-In:20	162	grating_off	staircase	15	green	right	aware	1	0
650.256	0.000	trigger_31	31	650256	Trigger-In:31	162	targets_on_fp_color_change	staircase	15	green	right	aware	1	0
651.281	0.000	trigger_201	201	651281	Trigger-In:201	162	trial_end_completed	staircase	15	green	right	aware	1	0
652.351	0.000	trigger_101	101	652351	Trigger-In:101	163	trial_start	staircase	14	green	left	unaware	1	0
652.456	0.000	trigger_11	11	652456	Trigger-In:11	163	fixation_point_on	staircase	14	green	left	unaware	1	0
653.056	0.000	trigger_21	21	653056	Trigger-In:21	163	grating_on	staircase	14	green	left	unaware	1	0
653.106	0.000	trigger_20	20	653106	Trigger-In:20	163	grating_off	staircase	14	green	left	unaware	1	0
653.706	0.000	trigger_31	31	653706	Trigger-In:31	163	targets_on_fp_color_change	staircase	14	green	left	unaware	1	0
654.786	0.000	trigger_201	201	654786	Trigger-In:201	163	trial_end_completed	staircase	14	green	left	unaware	1	0
655.856	0.000	trigger_101	101	655856	Trigger-In:101	164	trial_start	staircase	15	green	right	aware	1	0
655.961	0.000	trigger_11	11	655961	Trigger-In:11	164	fixation_point_on	staircase	15	green	right	aware	1	0
656.561	0.000	trigger_21	21	656561	Trigger-In:21	164	grating_on	staircase	15	green	right	aware	1	0
656.616	0.000	trigger_20	20	656616	Trigger-In:20	164	grating_off	staircase	15	green	right	aware	1	0
657.216	0.000	trigger_31	31	657216	Trigger-In:31	164	targets_on_fp_color_change	staircase	15	green	right	aware	1	0
658.071	0.000	trigger_201	201	658071	Trigger-In:201	164	trial_end_completed	staircase	15	green	right	aware	1	0
659.141	0.000	trigger_101	101	659141	Trigger-In:101	165	trial_start	staircase	14	red	right	unaware	1	0
659.241	0.000	trigger_11	11	659241	Trigger-In:11	165	fixation_point_on	staircase	14	red	right	unaware	1	0
659.841	0.000	trigger_21	21	659841	Trigger-In:21	165	grating_on	staircase	14	red	right	unaware	1	0
659.891	0.000	trigger_20	20	659891	Trigger-In:20	165	grating_off	staircase	14	red	right	unaware	1	0
660.491	0.000	trigger_31	31	660491	Trigger-In:31	165	targets_on_fp_color_change	staircase	14	red	right	unaware	1	0
661.651	0.000	trigger_201	201	661651	Trigger-In:201	165	trial_end_completed	staircase	14	red	right	unaware	1	0
662.721	0.000	trigger_101	101	662721	Trigger-In:101	166	trial_start	staircase	15	green	right	aware	1	0
662.826	0.000	trigger_11	11	662826	Trigger-In:11	166	fixation_point_on	staircase	15	green	right	aware	1	0
663.426	0.000	trigger_21	21	663426	Trigger-In:21	166	grating_on	staircase	15	green	right	aware	1	0
663.481	0.000	trigger_20	20	663481	Trigger-In:20	166	grating_off	staircase	15	green	right	aware	1	0
664.081	0.000	trigger_31	31	664081	Trigger-In:31	166	targets_on_fp_color_change	staircase	15	green	right	aware	1	0
665.241	0.000	trigger_201	201	665241	Trigger-In:201	166	trial_end_completed	staircase	15	green	right	aware	1	0
666.306	0.000	trigger_101	101	666306	Trigger-In:101	167	trial_start	staircase	14	red	right	unaware	1	0
666.411	0.000	trigger_11	11	666411	Trigger-In:11	167	fixation_point_on	staircase	14	red	right	unaware	1	0
667.011	0.000	trigger_21	21	667011	Trigger-In:21	167	grating_on	staircase	14	red	right	unaware	1	0
667.066	0.000	trigger_20	20	667066	Trigger-In:20	167	grating_off	staircase	14	red	right	unaware	1	0
667.666	0.000	trigger_31	31	667666	Trigger-In:31	167	targets_on_fp_color_change	staircase	14	red	right	unaware	1	0
668.971	0.000	trigger_201	201	668971	Trigger-In:201	167	trial_end_completed	staircase	14	red	right	unaware	1	0
670.041	0.000	trigger_101	101	670041	Trigger-In:101	168	trial_start	staircase	15	green	right	aware	1	0
670.146	0.000	trigger_11	11	670146	Trigger-In:11	168	fixation_point_on	staircase	15	green	right	aware	1	0
670.746	0.000	trigger_21	21	670746	Trigger-In:21	168	grating_on	staircase	15	green	right	aware	1	0
670.796	0.000	trigger_20	20	670796	Trigger-In:20	168	grating_off	staircase	15	green	right	aware	1	0
671.396	0.000	trigger_31	31	671396	Trigger-In:31	168	targets_on_fp_color_change	staircase	15	green	right	aware	1	0
672.246	0.000	trigger_201	201	672246	Trigger-In:201	168	trial_end_completed	staircase	15	green	right	aware	1	0
673.316	0.000	trigger_101	101	673316	Trigger-In:101	169	trial_start	absent	50	red	left	aware	1	0
673.421	0.000	trigger_11	11	673421	Trigger-In:11	169	fixation_point_on	absent	50	red	left	aware	1	0
674.021	0.000	trigger_21	21	674021	Trigger-In:21	169	grating_on	absent	50	red	left	aware	1	0
674.071	0.000	trigger_20	20	674071	Trigger-In:20	169	grating_off	absent	50	red	left	aware	1	0
674.671	0.000	trigger_31	31	674671	Trigger-In:31	169	targets_on_fp_color_change	absent	50	red	left	aware	1	0
675.471	0.000	trigger_201	201	675471	Trigger-In:201	169	trial_end_completed	absent	50	red	left	aware	1	0
676.541	0.000	trigger_101	101	676541	Trigger-In:101	170	trial_start	staircase	14	red	right	unaware	1	0
676.646	0.000	trigger_11	11	676646	Trigger-In:11	170	fixation_point_on	staircase	14	red	right	unaware	1	0
677.246	0.000	trigger_21	21	677246	Trigger-In:21	170	grating_on	staircase	14	red	right	unaware	1	0
677.296	0.000	trigger_20	20	677296	Trigger-In:20	170	grating_off	staircase	14	red	right	unaware	1	0
677.896	0.000	trigger_31	31	677896	Trigger-In:31	170	targets_on_fp_color_change	staircase	14	red	right	unaware	1	0
679.026	0.000	trigger_201	201	679026	Trigger-In:201	170	trial_end_completed	staircase	14	red	right	unaware	1	0
680.096	0.000	trigger_101	101	680096	Trigger-In:101	171	trial_start	staircase	15	red	right	unaware	1	0
680.201	0.000	trigger_11	11	680201	Trigger-In:11	171	fixation_point_on	staircase	15	red	right	unaware	1	0
680.801	0.000	trigger_21	21	680801	Trigger-In:21	171	grating_on	staircase	15	red	right	unaware	1	0
680.851	0.000	trigger_20	20	680851	Trigger-In:20	171	grating_off	staircase	15	red	right	unaware	1	0
681.451	0.000	trigger_31	31	681451	Trigger-In:31	171	targets_on_fp_color_change	staircase	15	red	right	unaware	1	0
682.536	0.000	trigger_201	201	682536	Trigger-In:201	171	trial_end_completed	staircase	15	red	right	unaware	1	0
683.606	0.000	trigger_101	101	683606	Trigger-In:101	172	trial_start	staircase	16	red	left	aware	1	0
683.711	0.000	trigger_11	11	683711	Trigger-In:11	172	fixation_point_on	staircase	16	red	left	aware	1	0
684.311	0.000	trigger_21	21	684311	Trigger-In:21	172	grating_on	staircase	16	red	left	aware	1	0
684.361	0.000	trigger_20	20	684361	Trigger-In:20	172	grating_off	staircase	16	red	left	aware	1	0
684.961	0.000	trigger_31	31	684961	Trigger-In:31	172	targets_on_fp_color_change	staircase	16	red	left	aware	1	0
685.926	0.000	trigger_201	201	685926	Trigger-In:201	172	trial_end_completed	staircase	16	red	left	aware	1	0
686.991	0.000	trigger_101	101	686991	Trigger-In:101	173	trial_start	staircase	15	green	right	aware	1	0
687.096	0.000	trigger_11	11	687096	Trigger-In:11	173	fixation_point_on	staircase	15	green	right	aware	1	0
687.696	0.000	trigger_21	21	687696	Trigger-In:21	173	grating_on	staircase	15	green	right	aware	1	0
687.751	0.000	trigger_20	20	687751	Trigger-In:20	173	grating_off	staircase	15	green	right	aware	1	0
688.351	0.000	trigger_31	31	688351	Trigger-In:31	173	targets_on_fp_color_change	staircase	15	green	right	aware	1	0
689.461	0.000	trigger_201	201	689461	Trigger-In:201	173	trial_end_completed	staircase	15	green	right	aware	1	0
690.526	0.000	trigger_101	101	690526	Trigger-In:101	174	trial_start	staircase	14	green	left	unaware	1	0
690.631	0.000	trigger_11	11	690631	Trigger-In:11	174	fixation_point_on	staircase	14	green	left	unaware	1	0
691.231	0.000	trigger_21	21	691231	Trigger-In:21	174	grating_on	staircase	14	green	left	unaware	1	0
691.281	0.000	trigger_20	20	691281	Trigger-In:20	174	grating_off	staircase	14	green	left	unaware	1	0
691.881	0.000	trigger_31	31	691881	Trigger-In:31	174	targets_on_fp_color_change	staircase	14	green	left	unaware	1	0
692.901	0.000	trigger_201	201	692901	Trigger-In:201	174	trial_end_completed	staircase	14	green	left	unaware	1	0
693.976	0.000	trigger_101	101	693976	Trigger-In:101	175	trial_start	absent	50	red	left	aware	1	0
694.076	0.000	trigger_11	11	694076	Trigger-In:11	175	fixation_point_on	absent	50	red	left	aware	1	0
694.681	0.000	trigger_21	21	694681	Trigger-In:21	175	grating_on	absent	50	red	left	aware	1	0
694.731	0.000	trigger_20	20	694731	Trigger-In:20	175	grating_off	absent	50	red	left	aware	1	0
695.331	0.000	trigger_31	31	695331	Trigger-In:31	175	targets_on_fp_color_change	absent	50	red	left	aware	1	0
696.146	0.000	trigger_201	201	696146	Trigger-In:201	175	trial_end_completed	absent	50	red	left	aware	1	0
697.216	0.000	trigger_101	101	697216	Trigger-In:101	176	trial_start	staircase	15	red	left	aware	1	0
697.326	0.000	trigger_11	11	697326	Trigger-In:11	176	fixation_point_on	staircase	15	red	left	aware	1	0
697.926	0.000	trigger_21	21	697926	Trigger-In:21	176	grating_on	staircase	15	red	left	aware	1	0
697.976	0.000	trigger_20	20	697976	Trigger-In:20	176	grating_off	staircase	15	red	left	aware	1	0
698.576	0.000	trigger_31	31	698576	Trigger-In:31	176	targets_on_fp_color_change	staircase	15	red	left	aware	1	0
699.756	0.000	trigger_201	201	699756	Trigger-In:201	176	trial_end_completed	staircase	15	red	left	aware	1	0
700.831	0.000	trigger_101	101	700831	Trigger-In:101	177	trial_start	staircase	14	green	right	aware	1	0
700.941	0.000	trigger_11	11	700941	Trigger-In:11	177	fixation_point_on	staircase	14	green	right	aware	1	0
701.541	0.000	trigger_21	21	701541	Trigger-In:21	177	grating_on	staircase	14	green	right	aware	1	0
701.591	0.000	trigger_20	20	701591	Trigger-In:20	177	grating_off	staircase	14	green	right	aware	1	0
702.191	0.000	trigger_31	31	702191	Trigger-In:31	177	targets_on_fp_color_change	staircase	14	green	right	aware	1	0
703.021	0.000	trigger_201	201	703021	Trigger-In:201	177	trial_end_completed	staircase	14	green	right	aware	1	0
704.091	0.000	trigger_101	101	704091	Trigger-In:101	178	trial_start	staircase	13	green	left	unaware	1	0
704.196	0.000	trigger_11	11	704196	Trigger-In:11	178	fixation_point_on	staircase	13	green	left	unaware	1	0
704.796	0.000	trigger_21	21	704796	Trigger-In:21	178	grating_on	staircase	13	green	left	unaware	1	0
704.846	0.000	trigger_20	20	704846	Trigger-In:20	178	grating_off	staircase	13	green	left	unaware	1	0
705.446	0.000	trigger_31	31	705446	Trigger-In:31	178	targets_on_fp_color_change	staircase	13	green	left	unaware	1	0
706.771	0.000	trigger_201	201	706771	Trigger-In:201	178	trial_end_completed	staircase	13	green	left	unaware	1	0
707.841	0.000	trigger_101	101	707841	Trigger-In:101	179	trial_start	staircase	14	green	left	unaware	1	0
707.946	0.000	trigger_11	11	707946	Trigger-In:11	179	fixation_point_on	staircase	14	green	left	unaware	1	0
708.546	0.000	trigger_21	21	708546	Trigger-In:21	179	grating_on	staircase	14	green	left	unaware	1	0
708.596	0.000	trigger_20	20	708596	Trigger-In:20	179	grating_off	staircase	14	green	left	unaware	1	0
709.196	0.000	trigger_31	31	709196	Trigger-In:31	179	targets_on_fp_color_change	staircase	14	green	left	unaware	1	0
710.936	0.000	trigger_201	201	710936	Trigger-In:201	179	trial_end_completed	staircase	14	green	left	unaware	1	0
712.001	0.000	trigger_101	101	712001	Trigger-In:101	180	trial_start	staircase	15	red	left	aware	1	0
712.106	0.000	trigger_11	11	712106	Trigger-In:11	180	fixation_point_on	staircase	15	red	left	aware	1	0
712.706	0.000	trigger_21	21	712706	Trigger-In:21	180	grating_on	staircase	15	red	left	aware	1	0
712.756	0.000	trigger_20	20	712756	Trigger-In:20	180	grating_off	staircase	15	red	left	aware	1	0
713.356	0.000	trigger_31	31	713356	Trigger-In:31	180	targets_on_fp_color_change	staircase	15	red	left	aware	1	0
714.206	0.000	trigger_201	201	714206	Trigger-In:201	180	trial_end_completed	staircase	15	red	left	aware	1	0
