onset	duration	trial_type	value	sample	source_annotation	trial	event_name	stim_presence	contrast	fp_color	response	awareness	trial_complete	fixation_break
68.420	0.000	trigger_101	101	68420	Trigger-In:101	1	trial_start	salient	0	green	n/a	n/a	0	0
68.535	0.000	trigger_11	11	68535	Trigger-In:11	1	fixation_point_on	salient	0	green	n/a	n/a	0	0
69.150	0.000	trigger_21	21	69150	Trigger-In:21	1	grating_on	salient	0	green	n/a	n/a	0	0
69.215	0.000	trigger_20	20	69215	Trigger-In:20	1	grating_off	salient	0	green	n/a	n/a	0	0
69.820	0.000	trigger_31	31	69820	Trigger-In:31	1	targets_on_fp_color_change	salient	0	green	n/a	n/a	0	0
71.810	0.000	trigger_203	203	71810	Trigger-In:203	1	trial_end_not_completed	salient	0	green	n/a	n/a	0	0
73.085	0.000	trigger_101	101	73085	Trigger-In:101	2	trial_start	staircase	18	red	left	aware	1	0
73.190	0.000	trigger_11	11	73190	Trigger-In:11	2	fixation_point_on	staircase	18	red	left	aware	1	0
73.790	0.000	trigger_21	21	73790	Trigger-In:21	2	grating_on	staircase	18	red	left	aware	1	0
73.845	0.000	trigger_20	20	73845	Trigger-In:20	2	grating_off	staircase	18	red	left	aware	1	0
74.445	0.000	trigger_31	31	74445	Trigger-In:31	2	targets_on_fp_color_change	staircase	18	red	left	aware	1	0
75.085	0.000	trigger_201	201	75085	Trigger-In:201	2	trial_end_completed	staircase	18	red	left	aware	1	0
76.160	0.000	trigger_101	101	76160	Trigger-In:101	3	trial_start	staircase	17	green	right	aware	1	0
76.265	0.000	trigger_11	11	76265	Trigger-In:11	3	fixation_point_on	staircase	17	green	right	aware	1	0
76.865	0.000	trigger_21	21	76865	Trigger-In:21	3	grating_on	staircase	17	green	right	aware	1	0
76.920	0.000	trigger_20	20	76920	Trigger-In:20	3	grating_off	staircase	17	green	right	aware	1	0
77.520	0.000	trigger_31	31	77520	Trigger-In:31	3	targets_on_fp_color_change	staircase	17	green	right	aware	1	0
78.445	0.000	trigger_201	201	78445	Trigger-In:201	3	trial_end_completed	staircase	17	green	right	aware	1	0
79.515	0.000	trigger_101	101	79515	Trigger-In:101	4	trial_start	staircase	16	red	left	aware	1	0
79.625	0.000	trigger_11	11	79625	Trigger-In:11	4	fixation_point_on	staircase	16	red	left	aware	1	0
80.225	0.000	trigger_21	21	80225	Trigger-In:21	4	grating_on	staircase	16	red	left	aware	1	0
80.275	0.000	trigger_20	20	80275	Trigger-In:20	4	grating_off	staircase	16	red	left	aware	1	0
80.875	0.000	trigger_31	31	80875	Trigger-In:31	4	targets_on_fp_color_change	staircase	16	red	left	aware	1	0
81.605	0.000	trigger_201	201	81605	Trigger-In:201	4	trial_end_completed	staircase	16	red	left	aware	1	0
82.670	0.000	trigger_101	101	82670	Trigger-In:101	5	trial_start	staircase	15	red	left	aware	1	0
82.775	0.000	trigger_11	11	82775	Trigger-In:11	5	fixation_point_on	staircase	15	red	left	aware	1	0
83.375	0.000	trigger_21	21	83375	Trigger-In:21	5	grating_on	staircase	15	red	left	aware	1	0
83.430	0.000	trigger_20	20	83430	Trigger-In:20	5	grating_off	staircase	15	red	left	aware	1	0
84.030	0.000	trigger_31	31	84030	Trigger-In:31	5	targets_on_fp_color_change	staircase	15	red	left	aware	1	0
84.665	0.000	trigger_201	201	84665	Trigger-In:201	5	trial_end_completed	staircase	15	red	left	aware	1	0
85.740	0.000	trigger_101	101	85740	Trigger-In:101	6	trial_start	staircase	14	red	left	aware	1	0
85.845	0.000	trigger_11	11	85845	Trigger-In:11	6	fixation_point_on	staircase	14	red	left	aware	1	0
86.445	0.000	trigger_21	21	86445	Trigger-In:21	6	grating_on	staircase	14	red	left	aware	1	0
86.495	0.000	trigger_20	20	86495	Trigger-In:20	6	grating_off	staircase	14	red	left	aware	1	0
87.095	0.000	trigger_31	31	87095	Trigger-In:31	6	targets_on_fp_color_change	staircase	14	red	left	aware	1	0
87.740	0.000	trigger_201	201	87740	Trigger-In:201	6	trial_end_completed	staircase	14	red	left	aware	1	0
88.810	0.000	trigger_101	101	88810	Trigger-In:101	7	trial_start	staircase	13	red	right	unaware	1	0
88.910	0.000	trigger_11	11	88910	Trigger-In:11	7	fixation_point_on	staircase	13	red	right	unaware	1	0
89.515	0.000	trigger_21	21	89515	Trigger-In:21	7	grating_on	staircase	13	red	right	unaware	1	0
89.565	0.000	trigger_20	20	89565	Trigger-In:20	7	grating_off	staircase	13	red	right	unaware	1	0
90.165	0.000	trigger_31	31	90165	Trigger-In:31	7	targets_on_fp_color_change	staircase	13	red	right	unaware	1	0
91.040	0.000	trigger_201	201	91040	Trigger-In:201	7	trial_end_completed	staircase	13	red	right	unaware	1	0
92.105	0.000	trigger_101	101	92105	Trigger-In:101	8	trial_start	staircase	14	green	left	unaware	1	0
92.215	0.000	trigger_11	11	92215	Trigger-In:11	8	fixation_point_on	staircase	14	green	left	unaware	1	0
92.815	0.000	trigger_21	21	92815	Trigger-In:21	8	grating_on	staircase	14	green	left	unaware	1	0
92.865	0.000	trigger_20	20	92865	Trigger-In:20	8	grating_off	staircase	14	green	left	unaware	1	0
93.465	0.000	trigger_31	31	93465	Trigger-In:31	8	targets_on_fp_color_change	staircase	14	green	left	unaware	1	0
94.710	0.000	trigger_201	201	94710	Trigger-In:201	8	trial_end_completed	staircase	14	green	left	unaware	1	0
95.775	0.000	trigger_101	101	95775	Trigger-In:101	9	trial_start	staircase	15	red	left	aware	1	0
95.880	0.000	trigger_11	11	95880	Trigger-In:11	9	fixation_point_on	staircase	15	red	left	aware	1	0
96.480	0.000	trigger_21	21	96480	Trigger-In:21	9	grating_on	staircase	15	red	left	aware	1	0
96.530	0.000	trigger_20	20	96530	Trigger-In:20	9	grating_off	staircase	15	red	left	aware	1	0
97.130	0.000	trigger_31	31	97130	Trigger-In:31	9	targets_on_fp_color_change	staircase	15	red	left	aware	1	0
98.160	0.000	trigger_201	201	98160	Trigger-In:201	9	trial_end_completed	staircase	15	red	left	aware	1	0
99.225	0.000	trigger_101	101	99225	Trigger-In:101	10	trial_start	salient	0	red	right	unaware	1	0
99.330	0.000	trigger_11	11	99330	Trigger-In:11	10	fixation_point_on	salient	0	red	right	unaware	1	0
99.935	0.000	trigger_21	21	99935	Trigger-In:21	10	grating_on	salient	0	red	right	unaware	1	0
99.985	0.000	trigger_20	20	99985	Trigger-In:20	10	grating_off	salient	0	red	right	unaware	1	0
100.595	0.000	trigger_31	31	100595	Trigger-In:31	10	targets_on_fp_color_change	salient	0	red	right	unaware	1	0
101.210	0.000	trigger_201	201	101210	Trigger-In:201	10	trial_end_completed	salient	0	red	right	unaware	1	0
102.275	0.000	trigger_101	101	102275	Trigger-In:101	11	trial_start	staircase	14	red	right	unaware	1	0
102.380	0.000	trigger_11	11	102380	Trigger-In:11	11	fixation_point_on	staircase	14	red	right	unaware	1	0
102.985	0.000	trigger_21	21	102985	Trigger-In:21	11	grating_on	staircase	14	red	right	unaware	1	0
103.035	0.000	trigger_20	20	103035	Trigger-In:20	11	grating_off	staircase	14	red	right	unaware	1	0
103.635	0.000	trigger_31	31	103635	Trigger-In:31	11	targets_on_fp_color_change	staircase	14	red	right	unaware	1	0
104.840	0.000	trigger_201	201	104840	Trigger-In:201	11	trial_end_completed	staircase	14	red	right	unaware	1	0
105.905	0.000	trigger_101	101	105905	Trigger-In:101	12	trial_start	staircase	15	green	left	unaware	1	0
106.010	0.000	trigger_11	11	106010	Trigger-In:11	12	fixation_point_on	staircase	15	green	left	unaware	1	0
106.610	0.000	trigger_21	21	106610	Trigger-In:21	12	grating_on	staircase	15	green	left	unaware	1	0
106.665	0.000	trigger_20	20	106665	Trigger-In:20	12	grating_off	staircase	15	green	left	unaware	1	0
107.265	0.000	trigger_31	31	107265	Trigger-In:31	12	targets_on_fp_color_change	staircase	15	green	left	unaware	1	0
108.240	0.000	trigger_201	201	108240	Trigger-In:201	12	trial_end_completed	staircase	15	green	left	unaware	1	0
109.305	0.000	trigger_101	101	109305	Trigger-In:101	13	trial_start	staircase	16	red	left	aware	1	0
109.680	0.000	trigger_11	11	109680	Trigger-In:11	13	fixation_point_on	staircase	16	red	left	aware	1	0
110.280	0.000	trigger_21	21	110280	Trigger-In:21	13	grating_on	staircase	16	red	left	aware	1	0
110.330	0.000	trigger_20	20	110330	Trigger-In:20	13	grating_off	staircase	16	red	left	aware	1	0
110.930	0.000	trigger_31	31	110930	Trigger-In:31	13	targets_on_fp_color_change	staircase	16	red	left	aware	1	0
111.860	0.000	trigger_201	201	111860	Trigger-In:201	13	trial_end_completed	staircase	16	red	left	aware	1	0
112.925	0.000	trigger_101	101	112925	Trigger-In:101	14	trial_start	staircase	15	red	left	aware	1	0
113.340	0.000	trigger_11	11	113340	Trigger-In:11	14	fixation_point_on	staircase	15	red	left	aware	1	0
113.940	0.000	trigger_21	21	113940	Trigger-In:21	14	grating_on	staircase	15	red	left	aware	1	0
113.995	0.000	trigger_20	20	113995	Trigger-In:20	14	grating_off	staircase	15	red	left	aware	1	0
114.595	0.000	trigger_31	31	114595	Trigger-In:31	14	targets_on_fp_color_change	staircase	15	red	left	aware	1	0
115.345	0.000	trigger_201	201	115345	Trigger-In:201	14	trial_end_completed	staircase	15	red	left	aware	1	0
116.410	0.000	trigger_101	101	116410	Trigger-In:101	15	trial_start	absent	50	green	right	aware	1	0
116.520	0.000	trigger_11	11	116520	Trigger-In:11	15	fixation_point_on	absent	50	green	right	aware	1	0
117.120	0.000	trigger_21	21	117120	Trigger-In:21	15	grating_on	absent	50	green	right	aware	1	0
117.170	0.000	trigger_20	20	117170	Trigger-In:20	15	grating_off	absent	50	green	right	aware	1	0
117.770	0.000	trigger_31	31	117770	Trigger-In:31	15	targets_on_fp_color_change	absent	50	green	right	aware	1	0
118.435	0.000	trigger_201	201	118435	Trigger-In:201	15	trial_end_completed	absent	50	green	right	aware	1	0
119.505	0.000	trigger_101	101	119505	Trigger-In:101	16	trial_start	staircase	14	green	right	aware	1	0
119.610	0.000	trigger_11	11	119610	Trigger-In:11	16	fixation_point_on	staircase	14	green	right	aware	1	0
120.210	0.000	trigger_21	21	120210	Trigger-In:21	16	grating_on	staircase	14	green	right	aware	1	0
120.265	0.000	trigger_20	20	120265	Trigger-In:20	16	grating_off	staircase	14	green	right	aware	1	0
120.865	0.000	trigger_31	31	120865	Trigger-In:31	16	targets_on_fp_color_change	staircase	14	green	right	aware	1	0
121.980	0.000	trigger_201	201	121980	Trigger-In:201	16	trial_end_completed	staircase	14	green	right	aware	1	0
123.045	0.000	trigger_101	101	123045	Trigger-In:101	17	trial_start	staircase	13	red	left	aware	1	0
123.150	0.000	trigger_11	11	123150	Trigger-In:11	17	fixation_point_on	staircase	13	red	left	aware	1	0
123.755	0.000	trigger_21	21	123755	Trigger-In:21	17	grating_on	staircase	13	red	left	aware	1	0
123.805	0.000	trigger_20	20	123805	Trigger-In:20	17	grating_off	staircase	13	red	left	aware	1	0
124.405	0.000	trigger_31	31	124405	Trigger-In:31	17	targets_on_fp_color_change	staircase	13	red	left	aware	1	0
125.240	0.000	trigger_201	201	125240	Trigger-In:201	17	trial_end_completed	staircase	13	red	left	aware	1	0
126.305	0.000	trigger_101	101	126305	Trigger-In:101	18	trial_start	staircase	12	red	left	aware	1	0
126.410	0.000	trigger_11	11	126410	Trigger-In:11	18	fixation_point_on	staircase	12	red	left	aware	1	0
127.010	0.000	trigger_21	21	127010	Trigger-In:21	18	grating_on	staircase	12	red	left	aware	1	0
127.060	0.000	trigger_20	20	127060	Trigger-In:20	18	grating_off	staircase	12	red	left	aware	1	0
127.665	0.000	trigger_31	31	127665	Trigger-In:31	18	targets_on_fp_color_change	staircase	12	red	left	aware	1	0
128.680	0.000	trigger_201	201	128680	Trigger-In:201	18	trial_end_completed	staircase	12	red	left	aware	1	0
129.745	0.000	trigger_101	101	129745	Trigger-In:101	19	trial_start	staircase	11	green	right	aware	1	0
129.850	0.000	trigger_11	11	129850	Trigger-In:11	19	fixation_point_on	staircase	11	green	right	aware	1	0
130.450	0.000	trigger_21	21	130450	Trigger-In:21	19	grating_on	staircase	11	green	right	aware	1	0
130.500	0.000	trigger_20	20	130500	Trigger-In:20	19	grating_off	staircase	11	green	right	aware	1	0
131.100	0.000	trigger_31	31	131100	Trigger-In:31	19	targets_on_fp_color_change	staircase	11	green	right	aware	1	0
132.225	0.000	trigger_201	201	132225	Trigger-In:201	19	trial_end_completed	staircase	11	green	right	aware	1	0
133.290	0.000	trigger_101	101	133290	Trigger-In:101	20	trial_start	staircase	10	red	left	aware	1	0
133.395	0.000	trigger_11	11	133395	Trigger-In:11	20	fixation_point_on	staircase	10	red	left	aware	1	0
133.995	0.000	trigger_21	21	133995	Trigger-In:21	20	grating_on	staircase	10	red	left	aware	1	0
134.045	0.000	trigger_20	20	134045	Trigger-In:20	20	grating_off	staircase	10	red	left	aware	1	0
134.645	0.000	trigger_31	31	134645	Trigger-In:31	20	targets_on_fp_color_change	staircase	10	red	left	aware	1	0
135.285	0.000	trigger_201	201	135285	Trigger-In:201	20	trial_end_completed	staircase	10	red	left	aware	1	0
136.350	0.000	trigger_101	101	136350	Trigger-In:101	21	trial_start	staircase	9	red	left	aware	1	0
136.455	0.000	trigger_11	11	136455	Trigger-In:11	21	fixation_point_on	staircase	9	red	left	aware	1	0
137.055	0.000	trigger_21	21	137055	Trigger-In:21	21	grating_on	staircase	9	red	left	aware	1	0
137.105	0.000	trigger_20	20	137105	Trigger-In:20	21	grating_off	staircase	9	red	left	aware	1	0
137.705	0.000	trigger_31	31	137705	Trigger-In:31	21	targets_on_fp_color_change	staircase	9	red	left	aware	1	0
138.900	0.000	trigger_201	201	138900	Trigger-In:201	21	trial_end_completed	staircase	9	red	left	aware	1	0
139.965	0.000	trigger_101	101	139965	Trigger-In:101	22	trial_start	salient	0	red	right	unaware	1	0
140.070	0.000	trigger_11	11	140070	Trigger-In:11	22	fixation_point_on	salient	0	red	right	unaware	1	0
140.670	0.000	trigger_21	21	140670	Trigger-In:21	22	grating_on	salient	0	red	right	unaware	1	0
140.720	0.000	trigger_20	20	140720	Trigger-In:20	22	grating_off	salient	0	red	right	unaware	1	0
141.320	0.000	trigger_31	31	141320	Trigger-In:31	22	targets_on_fp_color_change	salient	0	red	right	unaware	1	0
142.250	0.000	trigger_201	201	142250	Trigger-In:201	22	trial_end_completed	salient	0	red	right	unaware	1	0
143.320	0.000	trigger_101	101	143320	Trigger-In:101	23	trial_start	staircase	8	red	right	unaware	1	0
143.420	0.000	trigger_11	11	143420	Trigger-In:11	23	fixation_point_on	staircase	8	red	right	unaware	1	0
144.020	0.000	trigger_21	21	144020	Trigger-In:21	23	grating_on	staircase	8	red	right	unaware	1	0
144.075	0.000	trigger_20	20	144075	Trigger-In:20	23	grating_off	staircase	8	red	right	unaware	1	0
144.675	0.000	trigger_31	31	144675	Trigger-In:31	23	targets_on_fp_color_change	staircase	8	red	right	unaware	1	0
145.565	0.000	trigger_201	201	145565	Trigger-In:201	23	trial_end_completed	staircase	8	red	right	unaware	1	0
146.635	0.000	trigger_101	101	146635	Trigger-In:101	24	trial_start	salient	0	red	right	unaware	1	0
146.735	0.000	trigger_11	11	146735	Trigger-In:11	24	fixation_point_on	salient	0	red	right	unaware	1	0
147.335	0.000	trigger_21	21	147335	Trigger-In:21	24	grating_on	salient	0	red	right	unaware	1	0
147.385	0.000	trigger_20	20	147385	Trigger-In:20	24	grating_off	salient	0	red	right	unaware	1	0
147.990	0.000	trigger_31	31	147990	Trigger-In:31	24	targets_on_fp_color_change	salient	0	red	right	unaware	1	0
148.720	0.000	trigger_201	201	148720	Trigger-In:201	24	trial_end_completed	salient	0	red	right	unaware	1	0
149.785	0.000	trigger_101	101	149785	Trigger-In:101	25	trial_start	staircase	9	green	left	unaware	1	0
149.890	0.000	trigger_11	11	149890	Trigger-In:11	25	fixation_point_on	staircase	9	green	left	unaware	1	0
150.490	0.000	trigger_21	21	150490	Trigger-In:21	25	grating_on	staircase	9	green	left	unaware	1	0
150.540	0.000	trigger_20	20	150540	Trigger-In:20	25	grating_off	staircase	9	green	left	unaware	1	0
151.140	0.000	trigger_31	31	151140	Trigger-In:31	25	targets_on_fp_color_change	staircase	9	green	left	unaware	1	0
152.405	0.000	trigger_201	201	152405	Trigger-In:201	25	trial_end_completed	staircase	9	green	left	unaware	1	0
153.465	0.000	trigger_101	101	153465	Trigger-In:101	26	trial_start	staircase	10	red	right	unaware	1	0
153.570	0.000	trigger_11	11	153570	Trigger-In:11	26	fixation_point_on	staircase	10	red	right	unaware	1	0
154.170	0.000	trigger_21	21	154170	Trigger-In:21	26	grating_on	staircase	10	red	right	unaware	1	0
154.220	0.000	trigger_20	20	154220	Trigger-In:20	26	grating_off	staircase	10	red	right	unaware	1	0
154.825	0.000	trigger_31	31	154825	Trigger-In:31	26	targets_on_fp_color_change	staircase	10	red	right	unaware	1	0
156.110	0.000	trigger_201	201	156110	Trigger-In:201	26	trial_end_completed	staircase	10	red	right	unaware	1	0
157.175	0.000	trigger_101	101	157175	Trigger-In:101	27	trial_start	staircase	11	red	right	unaware	1	0
157.275	0.000	trigger_11	11	157275	Trigger-In:11	27	fixation_point_on	staircase	11	red	right	unaware	1	0
157.875	0.000	trigger_21	21	157875	Trigger-In:21	27	grating_on	staircase	11	red	right	unaware	1	0
157.930	0.000	trigger_20	20	157930	Trigger-In:20	27	grating_off	staircase	11	red	right	unaware	1	0
158.530	0.000	trigger_31	31	158530	Trigger-In:31	27	targets_on_fp_color_change	staircase	11	red	right	unaware	1	0
159.505	0.000	trigger_201	201	159505	Trigger-In:201	27	trial_end_completed	staircase	11	red	right	unaware	1	0
160.570	0.000	trigger_101	101	160570	Trigger-In:101	28	trial_start	staircase	12	green	left	unaware	1	0
160.675	0.000	trigger_11	11	160675	Trigger-In:11	28	fixation_point_on	staircase	12	green	left	unaware	1	0
161.275	0.000	trigger_21	21	161275	Trigger-In:21	28	grating_on	staircase	12	green	left	unaware	1	0
161.330	0.000	trigger_20	20	161330	Trigger-In:20	28	grating_off	staircase	12	green	left	unaware	1	0
161.930	0.000	trigger_31	31	161930	Trigger-In:31	28	targets_on_fp_color_change	staircase	12	green	left	unaware	1	0
163.195	0.000	trigger_201	201	163195	Trigger-In:201	28	trial_end_completed	staircase	12	green	left	unaware	1	0
164.260	0.000	trigger_101	101	164260	Trigger-In:101	29	trial_start	staircase	13	green	left	unaware	1	0
164.360	0.000	trigger_11	11	164360	Trigger-In:11	29	fixation_point_on	staircase	13	green	left	unaware	1	0
164.960	0.000	trigger_21	21	164960	Trigger-In:21	29	grating_on	staircase	13	green	left	unaware	1	0
165.015	0.000	trigger_20	20	165015	Trigger-In:20	29	grating_off	staircase	13	green	left	unaware	1	0
165.615	0.000	trigger_31	31	165615	Trigger-In:31	29	targets_on_fp_color_change	staircase	13	green	left	unaware	1	0
166.235	0.000	trigger_201	201	166235	Trigger-In:201	29	trial_end_completed	staircase	13	green	left	unaware	1	0
167.305	0.000	trigger_101	101	167305	Trigger-In:101	30	trial_start	salient	0	green	left	unaware	1	0
167.405	0.000	trigger_11	11	167405	Trigger-In:11	30	fixation_point_on	salient	0	green	left	unaware	1	0
168.005	0.000	trigger_21	21	168005	Trigger-In:21	30	grating_on	salient	0	green	left	unaware	1	0
168.060	0.000	trigger_20	20	168060	Trigger-In:20	30	grating_off	salient	0	green	left	unaware	1	0
168.660	0.000	trigger_31	31	168660	Trigger-In:31	30	targets_on_fp_color_change	salient	0	green	left	unaware	1	0
169.290	0.000	trigger_201	201	169290	Trigger-In:201	30	trial_end_completed	salient	0	green	left	unaware	1	0
170.355	0.000	trigger_101	101	170355	Trigger-In:101	31	trial_start	staircase	14	red	right	unaware	1	0
170.460	0.000	trigger_11	11	170460	Trigger-In:11	31	fixation_point_on	staircase	14	red	right	unaware	1	0
171.060	0.000	trigger_21	21	171060	Trigger-In:21	31	grating_on	staircase	14	red	right	unaware	1	0
171.110	0.000	trigger_20	20	171110	Trigger-In:20	31	grating_off	staircase	14	red	right	unaware	1	0
171.710	0.000	trigger_31	31	171710	Trigger-In:31	31	targets_on_fp_color_change	staircase	14	red	right	unaware	1	0
172.865	0.000	trigger_201	201	172865	Trigger-In:201	31	trial_end_completed	staircase	14	red	right	unaware	1	0
173.930	0.000	trigger_101	101	173930	Trigger-In:101	32	trial_start	staircase	15	green	n/a	n/a	0	1
174.035	0.000	trigger_11	11	174035	Trigger-In:11	32	fixation_point_on	staircase	15	green	n/a	n/a	0	1
174.460	0.000	trigger_204	204	174460	Trigger-In:204	32	trial_end_fixation_break	staircase	15	green	n/a	n/a	0	1
176.170	0.000	trigger_101	101	176170	Trigger-In:101	33	trial_start	staircase	15	red	n/a	n/a	0	0
176.275	0.000	trigger_11	11	176275	Trigger-In:11	33	fixation_point_on	staircase	15	red	n/a	n/a	0	0
176.875	0.000	trigger_21	21	176875	Trigger-In:21	33	grating_on	staircase	15	red	n/a	n/a	0	0
176.925	0.000	trigger_20	20	176925	Trigger-In:20	33	grating_off	staircase	15	red	n/a	n/a	0	0
177.525	0.000	trigger_31	31	177525	Trigger-In:31	33	targets_on_fp_color_change	staircase	15	red	n/a	n/a	0	0
179.490	0.000	trigger_203	203	179490	Trigger-In:203	33	trial_end_not_completed	staircase	15	red	n/a	n/a	0	0
180.590	0.000	trigger_101	101	180590	Trigger-In:101	34	trial_start	staircase	15	red	right	unaware	1	0
180.690	0.000	trigger_11	11	180690	Trigger-In:11	34	fixation_point_on	staircase	15	red	right	unaware	1	0
181.290	0.000	trigger_21	21	181290	Trigger-In:21	34	grating_on	staircase	15	red	right	unaware	1	0
181.340	0.000	trigger_20	20	181340	Trigger-In:20	34	grating_off	staircase	15	red	right	unaware	1	0
181.940	0.000	trigger_31	31	181940	Trigger-In:31	34	targets_on_fp_color_change	staircase	15	red	right	unaware	1	0
183.190	0.000	trigger_201	201	183190	Trigger-In:201	34	trial_end_completed	staircase	15	red	right	unaware	1	0
184.255	0.000	trigger_101	101	184255	Trigger-In:101	35	trial_start	staircase	16	red	right	unaware	1	0
184.360	0.000	trigger_11	11	184360	Trigger-In:11	35	fixation_point_on	staircase	16	red	right	unaware	1	0
184.960	0.000	trigger_21	21	184960	Trigger-In:21	35	grating_on	staircase	16	red	right	unaware	1	0
185.010	0.000	trigger_20	20	185010	Trigger-In:20	35	grating_off	staircase	16	red	right	unaware	1	0
185.610	0.000	trigger_31	31	185610	Trigger-In:31	35	targets_on_fp_color_change	staircase	16	red	right	unaware	1	0
187.020	0.000	trigger_201	201	187020	Trigger-In:201	35	trial_end_completed	staircase	16	red	right	unaware	1	0
188.085	0.000	trigger_101	101	188085	Trigger-In:101	36	trial_start	salient	0	green	left	unaware	1	0
188.190	0.000	trigger_11	11	188190	Trigger-In:11	36	fixation_point_on	salient	0	green	left	unaware	1	0
188.790	0.000	trigger_21	21	188790	Trigger-In:21	36	grating_on	salient	0	green	left	unaware	1	0
188.840	0.000	trigger_20	20	188840	Trigger-In:20	36	grating_off	salient	0	green	left	unaware	1	0
189.440	0.000	trigger_31	31	189440	Trigger-In:31	36	targets_on_fp_color_change	salient	0	green	left	unaware	1	0
190.535	0.000	trigger_201	201	190535	Trigger-In:201	36	trial_end_completed	salient	0	green	left	unaware	1	0
191.600	0.000	trigger_101	101	191600	Trigger-In:101	37	trial_start	salient	0	red	right	unaware	1	0
191.705	0.000	trigger_11	11	191705	Trigger-In:11	37	fixation_point_on	salient	0	red	right	unaware	1	0
192.305	0.000	trigger_21	21	192305	Trigger-In:21	37	grating_on	salient	0	red	right	unaware	1	0
192.355	0.000	trigger_20	20	192355	Trigger-In:20	37	grating_off	salient	0	red	right	unaware	1	0
192.955	0.000	trigger_31	31	192955	Trigger-In:31	37	targets_on_fp_color_change	salient	0	red	right	unaware	1	0
194.205	0.000	trigger_201	201	194205	Trigger-In:201	37	trial_end_completed	salient	0	red	right	unaware	1	0
195.270	0.000	trigger_101	101	195270	Trigger-In:101	38	trial_start	staircase	17	green	left	unaware	1	0
195.375	0.000	trigger_11	11	195375	Trigger-In:11	38	fixation_point_on	staircase	17	green	left	unaware	1	0
195.975	0.000	trigger_21	21	195975	Trigger-In:21	38	grating_on	staircase	17	green	left	unaware	1	0
196.025	0.000	trigger_20	20	196025	Trigger-In:20	38	grating_off	staircase	17	green	left	unaware	1	0
196.625	0.000	trigger_31	31	196625	Trigger-In:31	38	targets_on_fp_color_change	staircase	17	green	left	unaware	1	0
197.640	0.000	trigger_201	201	197640	Trigger-In:201	38	trial_end_completed	staircase	17	green	left	unaware	1	0
198.710	0.000	trigger_101	101	198710	Trigger-In:101	39	trial_start	salient	0	green	left	unaware	1	0
198.810	0.000	trigger_11	11	198810	Trigger-In:11	39	fixation_point_on	salient	0	green	left	unaware	1	0
199.415	0.000	trigger_21	21	199415	Trigger-In:21	39	grating_on	salient	0	green	left	unaware	1	0
199.465	0.000	trigger_20	20	199465	Trigger-In:20	39	grating_off	salient	0	green	left	unaware	1	0
200.065	0.000	trigger_31	31	200065	Trigger-In:31	39	targets_on_fp_color_change	salient	0	green	left	unaware	1	0
201.390	0.000	trigger_201	201	201390	Trigger-In:201	39	trial_end_completed	salient	0	green	left	unaware	1	0
202.455	0.000	trigger_101	101	202455	Trigger-In:101	40	trial_start	staircase	18	red	left	aware	1	0
202.560	0.000	trigger_11	11	202560	Trigger-In:11	40	fixation_point_on	staircase	18	red	left	aware	1	0
203.160	0.000	trigger_21	21	203160	Trigger-In:21	40	grating_on	staircase	18	red	left	aware	1	0
203.210	0.000	trigger_20	20	203210	Trigger-In:20	40	grating_off	staircase	18	red	left	aware	1	0
203.810	0.000	trigger_31	31	203810	Trigger-In:31	40	targets_on_fp_color_change	staircase	18	red	left	aware	1	0
204.525	0.000	trigger_201	201	204525	Trigger-In:201	40	trial_end_completed	staircase	18	red	left	aware	1	0
205.595	0.000	trigger_101	101	205595	Trigger-In:101	41	trial_start	staircase	17	red	left	aware	1	0
205.695	0.000	trigger_11	11	205695	Trigger-In:11	41	fixation_point_on	staircase	17	red	left	aware	1	0
206.295	0.000	trigger_21	21	206295	Trigger-In:21	41	grating_on	staircase	17	red	left	aware	1	0
206.345	0.000	trigger_20	20	206345	Trigger-In:20	41	grating_off	staircase	17	red	left	aware	1	0
206.945	0.000	trigger_31	31	206945	Trigger-In:31	41	targets_on_fp_color_change	staircase	17	red	left	aware	1	0
207.590	0.000	trigger_201	201	207590	Trigger-In:201	41	trial_end_completed	staircase	17	red	left	aware	1	0
208.655	0.000	trigger_101	101	208655	Trigger-In:101	42	trial_start	salient	0	red	right	unaware	1	0
208.760	0.000	trigger_11	11	208760	Trigger-In:11	42	fixation_point_on	salient	0	red	right	unaware	1	0
209.360	0.000	trigger_21	21	209360	Trigger-In:21	42	grating_on	salient	0	red	right	unaware	1	0
209.410	0.000	trigger_20	20	209410	Trigger-In:20	42	grating_off	salient	0	red	right	unaware	1	0
210.010	0.000	trigger_31	31	210010	Trigger-In:31	42	targets_on_fp_color_change	salient	0	red	right	unaware	1	0
210.995	0.000	trigger_201	201	210995	Trigger-In:201	42	trial_end_completed	salient	0	red	right	unaware	1	0
212.060	0.000	trigger_101	101	212060	Trigger-In:101	43	trial_start	salient	0	red	right	unaware	1	0
212.160	0.000	trigger_11	11	212160	Trigger-In:11	43	fixation_point_on	salient	0	red	right	unaware	1	0
212.765	0.000	trigger_21	21	212765	Trigger-In:21	43	grating_on	salient	0	red	right	unaware	1	0
212.815	0.000	trigger_20	20	212815	Trigger-In:20	43	grating_off	salient	0	red	right	unaware	1	0
213.415	0.000	trigger_31	31	213415	Trigger-In:31	43	targets_on_fp_color_change	salient	0	red	right	unaware	1	0
214.155	0.000	trigger_201	201	214155	Trigger-In:201	43	trial_end_completed	salient	0	red	right	unaware	1	0
215.220	0.000	trigger_101	101	215220	Trigger-In:101	44	trial_start	staircase	16	green	right	aware	1	0
215.325	0.000	trigger_11	11	215325	Trigger-In:11	44	fixation_point_on	staircase	16	green	right	aware	1	0
215.925	0.000	trigger_21	21	215925	Trigger-In:21	44	grating_on	staircase	16	green	right	aware	1	0
215.980	0.000	trigger_20	20	215980	Trigger-In:20	44	grating_off	staircase	16	green	right	aware	1	0
216.580	0.000	trigger_31	31	216580	Trigger-In:31	44	targets_on_fp_color_change	staircase	16	green	right	aware	1	0
217.450	0.000	trigger_201	201	217450	Trigger-In:201	44	trial_end_completed	staircase	16	green	right	aware	1	0
218.515	0.000	trigger_101	101	218515	Trigger-In:101	45	trial_start	absent	50	green	right	aware	1	0
218.625	0.000	trigger_11	11	218625	Trigger-In:11	45	fixation_point_on	absent	50	green	right	aware	1	0
219.230	0.000	trigger_21	21	219230	Trigger-In:21	45	grating_on	absent	50	green	right	aware	1	0
219.280	0.000	trigger_20	20	219280	Trigger-In:20	45	grating_off	absent	50	green	right	aware	1	0
219.880	0.000	trigger_31	31	219880	Trigger-In:31	45	targets_on_fp_color_change	absent	50	green	right	aware	1	0
220.540	0.000	trigger_201	201	220540	Trigger-In:201	45	trial_end_completed	absent	50	green	right	aware	1	0
221.605	0.000	trigger_101	101	221605	Trigger-In:101	46	trial_start	absent	50	green	right	aware	1	0
221.710	0.000	trigger_11	11	221710	Trigger-In:11	46	fixation_point_on	absent	50	green	right	aware	1	0
222.310	0.000	trigger_21	21	222310	Trigger-In:21	46	grating_on	absent	50	green	right	aware	1	0
222.360	0.000	trigger_20	20	222360	Trigger-In:20	46	grating_off	absent	50	green	right	aware	1	0
222.960	0.000	trigger_31	31	222960	Trigger-In:31	46	targets_on_fp_color_change	absent	50	green	right	aware	1	0
223.595	0.000	trigger_201	201	223595	Trigger-In:201	46	trial_end_completed	absent	50	green	right	aware	1	0
224.660	0.000	trigger_101	101	224660	Trigger-In:101	47	trial_start	staircase	15	green	right	aware	1	0
224.760	0.000	trigger_11	11	224760	Trigger-In:11	47	fixation_point_on	staircase	15	green	right	aware	1	0
225.365	0.000	trigger_21	21	225365	Trigger-In:21	47	grating_on	staircase	15	green	right	aware	1	0
225.415	0.000	trigger_20	20	225415	Trigger-In:20	47	grating_off	staircase	15	green	right	aware	1	0
226.015	0.000	trigger_31	31	226015	Trigger-In:31	47	targets_on_fp_color_change	staircase	15	green	right	aware	1	0
226.610	0.000	trigger_201	201	226610	Trigger-In:201	47	trial_end_completed	staircase	15	green	right	aware	1	0
227.675	0.000	trigger_101	101	227675	Trigger-In:101	48	trial_start	staircase	14	green	right	aware	1	0
227.780	0.000	trigger_11	11	227780	Trigger-In:11	48	fixation_point_on	staircase	14	green	right	aware	1	0
228.380	0.000	trigger_21	21	228380	Trigger-In:21	48	grating_on	staircase	14	green	right	aware	1	0
228.430	0.000	trigger_20	20	228430	Trigger-In:20	48	grating_off	staircase	14	green	right	aware	1	0
229.030	0.000	trigger_31	31	229030	Trigger-In:31	48	targets_on_fp_color_change	staircase	14	green	right	aware	1	0
229.645	0.000	trigger_201	201	229645	Trigger-In:201	48	trial_end_completed	staircase	14	green	right	aware	1	0
230.710	0.000	trigger_101	101	230710	Trigger-In:101	49	trial_start	staircase	13	green	left	unaware	1	0
230.810	0.000	trigger_11	11	230810	Trigger-In:11	49	fixation_point_on	staircase	13	green	left	unaware	1	0
231.410	0.000	trigger_21	21	231410	Trigger-In:21	49	grating_on	staircase	13	green	left	unaware	1	0
231.465	0.000	trigger_20	20	231465	Trigger-In:20	49	grating_off	staircase	13	green	left	unaware	1	0
232.065	0.000	trigger_31	31	232065	Trigger-In:31	49	targets_on_fp_color_change	staircase	13	green	left	unaware	1	0
232.720	0.000	trigger_201	201	232720	Trigger-In:201	49	trial_end_completed	staircase	13	green	left	unaware	1	0
233.790	0.000	trigger_101	101	233790	Trigger-In:101	50	trial_start	absent	50	red	left	aware	1	0
233.895	0.000	trigger_11	11	233895	Trigger-In:11	50	fixation_point_on	absent	50	red	left	aware	1	0
234.495	0.000	trigger_21	21	234495	Trigger-In:21	50	grating_on	absent	50	red	left	aware	1	0
234.545	0.000	trigger_20	20	234545	Trigger-In:20	50	grating_off	absent	50	red	left	aware	1	0
235.145	0.000	trigger_31	31	235145	Trigger-In:31	50	targets_on_fp_color_change	absent	50	red	left	aware	1	0
235.785	0.000	trigger_201	201	235785	Trigger-In:201	50	trial_end_completed	absent	50	red	left	aware	1	0
236.850	0.000	trigger_101	101	236850	Trigger-In:101	51	trial_start	staircase	14	red	left	aware	1	0
236.955	0.000	trigger_11	11	236955	Trigger-In:11	51	fixation_point_on	staircase	14	red	left	aware	1	0
237.555	0.000	trigger_21	21	237555	Trigger-In:21	51	grating_on	staircase	14	red	left	aware	1	0
237.605	0.000	trigger_20	20	237605	Trigger-In:20	51	grating_off	staircase	14	red	left	aware	1	0
238.205	0.000	trigger_31	31	238205	Trigger-In:31	51	targets_on_fp_color_change	staircase	14	red	left	aware	1	0
238.900	0.000	trigger_201	201	238900	Trigger-In:201	51	trial_end_completed	staircase	14	red	left	aware	1	0
239.970	0.000	trigger_101	101	239970	Trigger-In:101	52	trial_start	absent	50	red	n/a	n/a	0	0
242.205	0.000	trigger_101	101	242205	Trigger-In:101	53	trial_start	staircase	13	red	left	aware	1	0
242.305	0.000	trigger_11	11	242305	Trigger-In:11	53	fixation_point_on	staircase	13	red	left	aware	1	0
242.905	0.000	trigger_21	21	242905	Trigger-In:21	53	grating_on	staircase	13	red	left	aware	1	0
242.955	0.000	trigger_20	20	242955	Trigger-In:20	53	grating_off	staircase	13	red	left	aware	1	0
243.555	0.000	trigger_31	31	243555	Trigger-In:31	53	targets_on_fp_color_change	staircase	13	red	left	aware	1	0
244.410	0.000	trigger_201	201	244410	Trigger-In:201	53	trial_end_completed	staircase	13	red	left	aware	1	0
245.475	0.000	trigger_101	101	245475	Trigger-In:101	54	trial_start	staircase	12	red	right	unaware	1	0
245.575	0.000	trigger_11	11	245575	Trigger-In:11	54	fixation_point_on	staircase	12	red	right	unaware	1	0
246.175	0.000	trigger_21	21	246175	Trigger-In:21	54	grating_on	staircase	12	red	right	unaware	1	0
246.225	0.000	trigger_20	20	246225	Trigger-In:20	54	grating_off	staircase	12	red	right	unaware	1	0
246.830	0.000	trigger_31	31	246830	Trigger-In:31	54	targets_on_fp_color_change	staircase	12	red	right	unaware	1	0
248.040	0.000	trigger_201	201	248040	Trigger-In:201	54	trial_end_completed	staircase	12	red	right	unaware	1	0
249.110	0.000	trigger_101	101	249110	Trigger-In:101	55	trial_start	staircase	13	green	left	unaware	1	0
249.210	0.000	trigger_11	11	249210	Trigger-In:11	55	fixation_point_on	staircase	13	green	left	unaware	1	0
249.810	0.000	trigger_21	21	249810	Trigger-In:21	55	grating_on	staircase	13	green	left	unaware	1	0
249.860	0.000	trigger_20	20	249860	Trigger-In:20	55	grating_off	staircase	13	green	left	unaware	1	0
250.460	0.000	trigger_31	31	250460	Trigger-In:31	55	targets_on_fp_color_change	staircase	13	green	left	unaware	1	0
251.660	0.000	trigger_201	201	251660	Trigger-In:201	55	trial_end_completed	staircase	13	green	left	unaware	1	0
252.725	0.000	trigger_101	101	252725	Trigger-In:101	56	trial_start	staircase	14	green	left	unaware	1	0
252.830	0.000	trigger_11	11	252830	Trigger-In:11	56	fixation_point_on	staircase	14	green	left	unaware	1	0
253.430	0.000	trigger_21	21	253430	Trigger-In:21	56	grating_on	staircase	14	green	left	unaware	1	0
253.485	0.000	trigger_20	20	253485	Trigger-In:20	56	grating_off	staircase	14	green	left	unaware	1	0
254.085	0.000	trigger_31	31	254085	Trigger-In:31	56	targets_on_fp_color_change	staircase	14	green	left	unaware	1	0
254.935	0.000	trigger_201	201	254935	Trigger-In:201	56	trial_end_completed	staircase	14	green	left	unaware	1	0
256.000	0.000	trigger_101	101	256000	Trigger-In:101	57	trial_start	absent	50	red	left	aware	1	0
256.100	0.000	trigger_11	11	256100	Trigger-In:11	57	fixation_point_on	absent	50	red	left	aware	1	0
256.705	0.000	trigger_21	21	256705	Trigger-In:21	57	grating_on	absent	50	red	left	aware	1	0
256.755	0.000	trigger_20	20	256755	Trigger-In:20	57	grating_off	absent	50	red	left	aware	1	0
257.355	0.000	trigger_31	31	257355	Trigger-In:31	57	targets_on_fp_color_change	absent	50	red	left	aware	1	0
257.975	0.000	trigger_201	201	257975	Trigger-In:201	57	trial_end_completed	absent	50	red	left	aware	1	0
259.045	0.000	trigger_101	101	259045	Trigger-In:101	58	trial_start	staircase	15	green	left	unaware	1	0
259.455	0.000	trigger_11	11	259455	Trigger-In:11	58	fixation_point_on	staircase	15	green	left	unaware	1	0
260.055	0.000	trigger_21	21	260055	Trigger-In:21	58	grating_on	staircase	15	green	left	unaware	1	0
260.105	0.000	trigger_20	20	260105	Trigger-In:20	58	grating_off	staircase	15	green	left	unaware	1	0
260.710	0.000	trigger_31	31	260710	Trigger-In:31	58	targets_on_fp_color_change	staircase	15	green	left	unaware	1	0
262.140	0.000	trigger_201	201	262140	Trigger-In:201	58	trial_end_completed	staircase	15	green	left	unaware	1	0
263.205	0.000	trigger_101	101	263205	Trigger-In:101	59	trial_start	absent	50	red	left	aware	1	0
263.310	0.000	trigger_11	11	263310	Trigger-In:11	59	fixation_point_on	absent	50	red	left	aware	1	0
263.910	0.000	trigger_21	21	263910	Trigger-In:21	59	grating_on	absent	50	red	left	aware	1	0
263.960	0.000	trigger_20	20	263960	Trigger-In:20	59	grating_off	absent	50	red	left	aware	1	0
264.560	0.000	trigger_31	31	264560	Trigger-In:31	59	targets_on_fp_color_change	absent	50	red	left	aware	1	0
265.220	0.000	trigger_201	201	265220	Trigger-In:201	59	trial_end_completed	absent	50	red	left	aware	1	0
266.285	0.000	trigger_101	101	266285	Trigger-In:101	60	trial_start	staircase	16	green	left	unaware	1	0
266.395	0.000	trigger_11	11	266395	Trigger-In:11	60	fixation_point_on	staircase	16	green	left	unaware	1	0
266.995	0.000	trigger_21	21	266995	Trigger-In:21	60	grating_on	staircase	16	green	left	unaware	1	0
267.045	0.000	trigger_20	20	267045	Trigger-In:20	60	grating_off	staircase	16	green	left	unaware	1	0
267.645	0.000	trigger_31	31	267645	Trigger-In:31	60	targets_on_fp_color_change	staircase	16	green	left	unaware	1	0
268.655	0.000	trigger_201	201	268655	Trigger-In:201	60	trial_end_completed	staircase	16	green	left	unaware	1	0
269.720	0.000	trigger_101	101	269720	Trigger-In:101	61	trial_start	staircase	17	red	right	unaware	1	0
269.825	0.000	trigger_11	11	269825	Trigger-In:11	61	fixation_point_on	staircase	17	red	right	unaware	1	0
270.425	0.000	trigger_21	21	270425	Trigger-In:21	61	grating_on	staircase	17	red	right	unaware	1	0
270.475	0.000	trigger_20	20	270475	Trigger-In:20	61	grating_off	staircase	17	red	right	unaware	1	0
271.075	0.000	trigger_31	31	271075	Trigger-In:31	61	targets_on_fp_color_change	staircase	17	red	right	unaware	1	0
272.520	0.000	trigger_201	201	272520	Trigger-In:201	61	trial_end_completed	staircase	17	red	right	unaware	1	0
273.585	0.000	trigger_101	101	273585	Trigger-In:101	62	trial_start	staircase	18	green	left	unaware	1	0
273.685	0.000	trigger_11	11	273685	Trigger-In:11	62	fixation_point_on	staircase	18	green	left	unaware	1	0
274.285	0.000	trigger_21	21	274285	Trigger-In:21	62	grating_on	staircase	18	green	left	unaware	1	0
274.340	0.000	trigger_20	20	274340	Trigger-In:20	62	grating_off	staircase	18	green	left	unaware	1	0
274.940	0.000	trigger_31	31	274940	Trigger-In:31	62	targets_on_fp_color_change	staircase	18	green	left	unaware	1	0
275.855	0.000	trigger_201	201	275855	Trigger-In:201	62	trial_end_completed	staircase	18	green	left	unaware	1	0
276.920	0.000	trigger_101	101	276920	Trigger-In:101	63	trial_start	staircase	19	red	left	aware	1	0
277.025	0.000	trigger_11	11	277025	Trigger-In:11	63	fixation_point_on	staircase	19	red	left	aware	1	0
277.625	0.000	trigger_21	21	277625	Trigger-In:21	63	grating_on	staircase	19	red	left	aware	1	0
277.675	0.000	trigger_20	20	277675	Trigger-In:20	63	grating_off	staircase	19	red	left	aware	1	0
278.275	0.000	trigger_31	31	278275	Trigger-In:31	63	targets_on_fp_color_change	staircase	19	red	left	aware	1	0
279.235	0.000	trigger_201	201	279235	Trigger-In:201	63	trial_end_completed	staircase	19	red	left	aware	1	0
280.300	0.000	trigger_101	101	280300	Trigger-In:101	64	trial_start	absent	50	green	right	aware	1	0
280.405	0.000	trigger_11	11	280405	Trigger-In:11	64	fixation_point_on	absent	50	green	right	aware	1	0
281.005	0.000	trigger_21	21	281005	Trigger-In:21	64	grating_on	absent	50	green	right	aware	1	0
281.055	0.000	trigger_20	20	281055	Trigger-In:20	64	grating_off	absent	50	green	right	aware	1	0
281.655	0.000	trigger_31	31	281655	Trigger-In:31	64	targets_on_fp_color_change	absent	50	green	right	aware	1	0
282.485	0.000	trigger_201	201	282485	Trigger-In:201	64	trial_end_completed	absent	50	green	right	aware	1	0
283.550	0.000	trigger_101	101	283550	Trigger-In:101	65	trial_start	staircase	18	green	right	aware	1	0
283.655	0.000	trigger_11	11	283655	Trigger-In:11	65	fixation_point_on	staircase	18	green	right	aware	1	0
284.255	0.000	trigger_21	21	284255	Trigger-In:21	65	grating_on	staircase	18	green	right	aware	1	0
284.310	0.000	trigger_20	20	284310	Trigger-In:20	65	grating_off	staircase	18	green	right	aware	1	0
284.910	0.000	trigger_31	31	284910	Trigger-In:31	65	targets_on_fp_color_change	staircase	18	green	right	aware	1	0
285.550	0.000	trigger_201	201	285550	Trigger-In:201	65	trial_end_completed	staircase	18	green	right	aware	1	0
286.615	0.000	trigger_101	101	286615	Trigger-In:101	66	trial_start	staircase	17	green	right	aware	1	0
286.720	0.000	trigger_11	11	286720	Trigger-In:11	66	fixation_point_on	staircase	17	green	right	aware	1	0
287.320	0.000	trigger_21	21	287320	Trigger-In:21	66	grating_on	staircase	17	green	right	aware	1	0
287.375	0.000	trigger_20	20	287375	Trigger-In:20	66	grating_off	staircase	17	green	right	aware	1	0
287.975	0.000	trigger_31	31	287975	Trigger-In:31	66	targets_on_fp_color_change	staircase	17	green	right	aware	1	0
288.640	0.000	trigger_201	201	288640	Trigger-In:201	66	trial_end_completed	staircase	17	green	right	aware	1	0
289.710	0.000	trigger_101	101	289710	Trigger-In:101	67	trial_start	staircase	16	green	left	unaware	1	0
289.810	0.000	trigger_11	11	289810	Trigger-In:11	67	fixation_point_on	staircase	16	green	left	unaware	1	0
290.410	0.000	trigger_21	21	290410	Trigger-In:21	67	grating_on	staircase	16	green	left	unaware	1	0
290.460	0.000	trigger_20	20	290460	Trigger-In:20	67	grating_off	staircase	16	green	left	unaware	1	0
291.060	0.000	trigger_31	31	291060	Trigger-In:31	67	targets_on_fp_color_change	staircase	16	green	left	unaware	1	0
291.920	0.000	trigger_201	201	291920	Trigger-In:201	67	trial_end_completed	staircase	16	green	left	unaware	1	0
292.985	0.000	trigger_101	101	292985	Trigger-In:101	68	trial_start	staircase	17	red	right	unaware	1	0
293.090	0.000	trigger_11	11	293090	Trigger-In:11	68	fixation_point_on	staircase	17	red	right	unaware	1	0
293.695	0.000	trigger_21	21	293695	Trigger-In:21	68	grating_on	staircase	17	red	right	unaware	1	0
293.745	0.000	trigger_20	20	293745	Trigger-In:20	68	grating_off	staircase	17	red	right	unaware	1	0
294.345	0.000	trigger_31	31	294345	Trigger-In:31	68	targets_on_fp_color_change	staircase	17	red	right	unaware	1	0
295.235	0.000	trigger_201	201	295235	Trigger-In:201	68	trial_end_completed	staircase	17	red	right	unaware	1	0
296.300	0.000	trigger_101	101	296300	Trigger-In:101	69	trial_start	staircase	18	green	right	aware	1	0
296.405	0.000	trigger_11	11	296405	Trigger-In:11	69	fixation_point_on	staircase	18	green	right	aware	1	0
297.005	0.000	trigger_21	21	297005	Trigger-In:21	69	grating_on	staircase	18	green	right	aware	1	0
297.055	0.000	trigger_20	20	297055	Trigger-In:20	69	grating_off	staircase	18	green	right	aware	1	0
297.660	0.000	trigger_31	31	297660	Trigger-In:31	69	targets_on_fp_color_change	staircase	18	green	right	aware	1	0
298.495	0.000	trigger_201	201	298495	Trigger-In:201	69	trial_end_completed	staircase	18	green	right	aware	1	0
299.565	0.000	trigger_101	101	299565	Trigger-In:101	70	trial_start	staircase	17	red	right	unaware	1	0
299.665	0.000	trigger_11	11	299665	Trigger-In:11	70	fixation_point_on	staircase	17	red	right	unaware	1	0
300.265	0.000	trigger_21	21	300265	Trigger-In:21	70	grating_on	staircase	17	red	right	unaware	1	0
300.315	0.000	trigger_20	20	300315	Trigger-In:20	70	grating_off	staircase	17	red	right	unaware	1	0
300.920	0.000	trigger_31	31	300920	Trigger-In:31	70	targets_on_fp_color_change	staircase	17	red	right	unaware	1	0
302.240	0.000	trigger_201	201	302240	Trigger-In:201	70	trial_end_completed	staircase	17	red	right	unaware	1	0
303.305	0.000	trigger_101	101	303305	Trigger-In:101	71	trial_start	staircase	18	red	left	aware	1	0
303.410	0.000	trigger_11	11	303410	Trigger-In:11	71	fixation_point_on	staircase	18	red	left	aware	1	0
304.010	0.000	trigger_21	21	304010	Trigger-In:21	71	grating_on	staircase	18	red	left	aware	1	0
304.060	0.000	trigger_20	20	304060	Trigger-In:20	71	grating_off	staircase	18	red	left	aware	1	0
304.660	0.000	trigger_31	31	304660	Trigger-In:31	71	targets_on_fp_color_change	staircase	18	red	left	aware	1	0
305.365	0.000	trigger_201	201	305365	Trigger-In:201	71	trial_end_completed	staircase	18	red	left	aware	1	0
306.430	0.000	trigger_101	101	306430	Trigger-In:101	72	trial_start	staircase	17	green	right	aware	1	0
306.535	0.000	trigger_11	11	306535	Trigger-In:11	72	fixation_point_on	staircase	17	green	right	aware	1	0
307.135	0.000	trigger_21	21	307135	Trigger-In:21	72	grating_on	staircase	17	green	right	aware	1	0
307.185	0.000	trigger_20	20	307185	Trigger-In:20	72	grating_off	staircase	17	green	right	aware	1	0
307.785	0.000	trigger_31	31	307785	Trigger-In:31	72	targets_on_fp_color_change	staircase	17	green	right	aware	1	0
308.755	0.000	trigger_201	201	308755	Trigger-In:201	72	trial_end_completed	staircase	17	green	right	aware	1	0
309.820	0.000	trigger_101	101	309820	Trigger-In:101	73	trial_start	staircase	16	green	right	aware	1	0
309.920	0.000	trigger_11	11	309920	Trigger-In:11	73	fixation_point_on	staircase	16	green	right	aware	1	0
310.530	0.000	trigger_21	21	310530	Trigger-In:21	73	grating_on	staircase	16	green	right	aware	1	0
310.585	0.000	trigger_20	20	310585	Trigger-In:20	73	grating_off	staircase	16	green	right	aware	1	0
311.185	0.000	trigger_31	31	311185	Trigger-In:31	73	targets_on_fp_color_change	staircase	16	green	right	aware	1	0
311.865	0.000	trigger_201	201	311865	Trigger-In:201	73	trial_end_completed	staircase	16	green	right	aware	1	0
312.930	0.000	trigger_101	101	312930	Trigger-In:101	74	trial_start	staircase	15	green	right	aware	1	0
313.035	0.000	trigger_11	11	313035	Trigger-In:11	74	fixation_point_on	staircase	15	green	right	aware	1	0
313.635	0.000	trigger_21	21	313635	Trigger-In:21	74	grating_on	staircase	15	green	right	aware	1	0
313.685	0.000	trigger_20	20	313685	Trigger-In:20	74	grating_off	staircase	15	green	right	aware	1	0
314.290	0.000	trigger_31	31	314290	Trigger-In:31	74	targets_on_fp_color_change	staircase	15	green	right	aware	1	0
314.970	0.000	trigger_201	201	314970	Trigger-In:201	74	trial_end_completed	staircase	15	green	right	aware	1	0
316.035	0.000	trigger_101	101	316035	Trigger-In:101	75	trial_start	absent	50	green	right	aware	1	0
316.140	0.000	trigger_11	11	316140	Trigger-In:11	75	fixation_point_on	absent	50	green	right	aware	1	0
316.740	0.000	trigger_21	21	316740	Trigger-In:21	75	grating_on	absent	50	green	right	aware	1	0
316.790	0.000	trigger_20	20	316790	Trigger-In:20	75	grating_off	absent	50	green	right	aware	1	0
317.390	0.000	trigger_31	31	317390	Trigger-In:31	75	targets_on_fp_color_change	absent	50	green	right	aware	1	0
318.010	0.000	trigger_201	201	318010	Trigger-In:201	75	trial_end_completed	absent	50	green	right	aware	1	0
319.075	0.000	trigger_101	101	319075	Trigger-In:101	76	trial_start	salient	0	green	right	aware	1	0
319.180	0.000	trigger_11	11	319180	Trigger-In:11	76	fixation_point_on	salient	0	green	right	aware	1	0
319.780	0.000	trigger_21	21	319780	Trigger-In:21	76	grating_on	salient	0	green	right	aware	1	0
319.840	0.000	trigger_20	20	319840	Trigger-In:20	76	grating_off	salient	0	green	right	aware	1	0
320.440	0.000	trigger_31	31	320440	Trigger-In:31	76	targets_on_fp_color_change	salient	0	green	right	aware	1	0
321.020	0.000	trigger_201	201	321020	Trigger-In:201	76	trial_end_completed	salient	0	green	right	aware	1	0
322.335	0.000	trigger_101	101	322335	Trigger-In:101	77	trial_start	absent	50	red	left	aware	1	0
322.440	0.000	trigger_11	11	322440	Trigger-In:11	77	fixation_point_on	absent	50	red	left	aware	1	0
323.040	0.000	trigger_21	21	323040	Trigger-In:21	77	grating_on	absent	50	red	left	aware	1	0
323.090	0.000	trigger_20	20	323090	Trigger-In:20	77	grating_off	absent	50	red	left	aware	1	0
323.690	0.000	trigger_31	31	323690	Trigger-In:31	77	targets_on_fp_color_change	absent	50	red	left	aware	1	0
324.300	0.000	trigger_201	201	324300	Trigger-In:201	77	trial_end_completed	absent	50	red	left	aware	1	0
325.370	0.000	trigger_101	101	325370	Trigger-In:101	78	trial_start	absent	50	red	left	aware	1	0
325.470	0.000	trigger_11	11	325470	Trigger-In:11	78	fixation_point_on	absent	50	red	left	aware	1	0
326.070	0.000	trigger_21	21	326070	Trigger-In:21	78	grating_on	absent	50	red	left	aware	1	0
326.120	0.000	trigger_20	20	326120	Trigger-In:20	78	grating_off	absent	50	red	left	aware	1	0
326.720	0.000	trigger_31	31	326720	Trigger-In:31	78	targets_on_fp_color_change	absent	50	red	left	aware	1	0
327.340	0.000	trigger_201	201	327340	Trigger-In:201	78	trial_end_completed	absent	50	red	left	aware	1	0
328.410	0.000	trigger_101	101	328410	Trigger-In:101	79	trial_start	staircase	14	red	left	aware	1	0
328.515	0.000	trigger_11	11	328515	Trigger-In:11	79	fixation_point_on	staircase	14	red	left	aware	1	0
329.115	0.000	trigger_21	21	329115	Trigger-In:21	79	grating_on	staircase	14	red	left	aware	1	0
329.165	0.000	trigger_20	20	329165	Trigger-In:20	79	grating_off	staircase	14	red	left	aware	1	0
329.765	0.000	trigger_31	31	329765	Trigger-In:31	79	targets_on_fp_color_change	staircase	14	red	left	aware	1	0
330.450	0.000	trigger_201	201	330450	Trigger-In:201	79	trial_end_completed	staircase	14	red	left	aware	1	0
331.515	0.000	trigger_101	101	331515	Trigger-In:101	80	trial_start	staircase	13	red	right	unaware	1	0
331.620	0.000	trigger_11	11	331620	Trigger-In:11	80	fixation_point_on	staircase	13	red	right	unaware	1	0
332.220	0.000	trigger_21	21	332220	Trigger-In:21	80	grating_on	staircase	13	red	right	unaware	1	0
332.275	0.000	trigger_20	20	332275	Trigger-In:20	80	grating_off	staircase	13	red	right	unaware	1	0
332.875	0.000	trigger_31	31	332875	Trigger-In:31	80	targets_on_fp_color_change	staircase	13	red	right	unaware	1	0
333.595	0.000	trigger_201	201	333595	Trigger-In:201	80	trial_end_completed	staircase	13	red	right	unaware	1	0
334.660	0.000	trigger_101	101	334660	Trigger-In:101	81	trial_start	staircase	14	green	left	unaware	1	0
334.760	0.000	trigger_11	11	334760	Trigger-In:11	81	fixation_point_on	staircase	14	green	left	unaware	1	0
335.360	0.000	trigger_21	21	335360	Trigger-In:21	81	grating_on	staircase	14	green	left	unaware	1	0
335.415	0.000	trigger_20	20	335415	Trigger-In:20	81	grating_off	staircase	14	green	left	unaware	1	0
336.015	0.000	trigger_31	31	336015	Trigger-In:31	81	targets_on_fp_color_change	staircase	14	green	left	unaware	1	0
337.070	0.000	trigger_201	201	337070	Trigger-In:201	81	trial_end_completed	staircase	14	green	left	unaware	1	0
338.140	0.000	trigger_101	101	338140	Trigger-In:101	82	trial_start	staircase	15	red	left	aware	1	0
338.245	0.000	trigger_11	11	338245	Trigger-In:11	82	fixation_point_on	staircase	15	red	left	aware	1	0
338.845	0.000	trigger_21	21	338845	Trigger-In:21	82	grating_on	staircase	15	red	left	aware	1	0
338.895	0.000	trigger_20	20	338895	Trigger-In:20	82	grating_off	staircase	15	red	left	aware	1	0
339.495	0.000	trigger_31	31	339495	Trigger-In:31	82	targets_on_fp_color_change	staircase	15	red	left	aware	1	0
340.180	0.000	trigger_201	201	340180	Trigger-In:201	82	trial_end_completed	staircase	15	red	left	aware	1	0
341.250	0.000	trigger_101	101	341250	Trigger-In:101	83	trial_start	staircase	14	red	left	aware	1	0
341.355	0.000	trigger_11	11	341355	Trigger-In:11	83	fixation_point_on	staircase	14	red	left	aware	1	0
341.955	0.000	trigger_21	21	341955	Trigger-In:21	83	grating_on	staircase	14	red	left	aware	1	0
342.005	0.000	trigger_20	20	342005	Trigger-In:20	83	grating_off	staircase	14	red	left	aware	1	0
342.605	0.000	trigger_31	31	342605	Trigger-In:31	83	targets_on_fp_color_change	staircase	14	red	left	aware	1	0
343.820	0.000	trigger_201	201	343820	Trigger-In:201	83	trial_end_completed	staircase	14	red	left	aware	1	0
344.885	0.000	trigger_101	101	344885	Trigger-In:101	84	trial_start	staircase	13	red	right	unaware	1	0
344.990	0.000	trigger_11	11	344990	Trigger-In:11	84	fixation_point_on	staircase	13	red	right	unaware	1	0
345.590	0.000	trigger_21	21	345590	Trigger-In:21	84	grating_on	staircase	13	red	right	unaware	1	0
345.640	0.000	trigger_20	20	345640	Trigger-In:20	84	grating_off	staircase	13	red	right	unaware	1	0
346.240	0.000	trigger_31	31	346240	Trigger-In:31	84	targets_on_fp_color_change	staircase	13	red	right	unaware	1	0
347.145	0.000	trigger_201	201	347145	Trigger-In:201	84	trial_end_completed	staircase	13	red	right	unaware	1	0
348.215	0.000	trigger_101	101	348215	Trigger-In:101	85	trial_start	staircase	14	green	right	aware	1	0
348.315	0.000	trigger_11	11	348315	Trigger-In:11	85	fixation_point_on	staircase	14	green	right	aware	1	0
348.915	0.000	trigger_21	21	348915	Trigger-In:21	85	grating_on	staircase	14	green	right	aware	1	0
348.965	0.000	trigger_20	20	348965	Trigger-In:20	85	grating_off	staircase	14	green	right	aware	1	0
349.570	0.000	trigger_31	31	349570	Trigger-In:31	85	targets_on_fp_color_change	staircase	14	green	right	aware	1	0
350.655	0.000	trigger_201	201	350655	Trigger-In:201	85	trial_end_completed	staircase	14	green	right	aware	1	0
351.720	0.000	trigger_101	101	351720	Trigger-In:101	86	trial_start	staircase	13	green	right	aware	1	0
351.825	0.000	trigger_11	11	351825	Trigger-In:11	86	fixation_point_on	staircase	13	green	right	aware	1	0
352.425	0.000	trigger_21	21	352425	Trigger-In:21	86	grating_on	staircase	13	green	right	aware	1	0
352.480	0.000	trigger_20	20	352480	Trigger-In:20	86	grating_off	staircase	13	green	right	aware	1	0
353.080	0.000	trigger_31	31	353080	Trigger-In:31	86	targets_on_fp_color_change	staircase	13	green	right	aware	1	0
353.890	0.000	trigger_201	201	353890	Trigger-In:201	86	trial_end_completed	staircase	13	green	right	aware	1	0
354.955	0.000	trigger_101	101	354955	Trigger-In:101	87	trial_start	staircase	12	green	left	unaware	1	0
355.070	0.000	trigger_11	11	355070	Trigger-In:11	87	fixation_point_on	staircase	12	green	left	unaware	1	0
355.670	0.000	trigger_21	21	355670	Trigger-In:21	87	grating_on	staircase	12	green	left	unaware	1	0
355.720	0.000	trigger_20	20	355720	Trigger-In:20	87	grating_off	staircase	12	green	left	unaware	1	0
356.320	0.000	trigger_31	31	356320	Trigger-In:31	87	targets_on_fp_color_change	staircase	12	green	left	unaware	1	0
357.055	0.000	trigger_201	201	357055	Trigger-In:201	87	trial_end_completed	staircase	12	green	left	unaware	1	0
358.120	0.000	trigger_101	101	358120	Trigger-In:101	88	trial_start	staircase	13	red	right	unaware	1	0
358.235	0.000	trigger_11	11	358235	Trigger-In:11	88	fixation_point_on	staircase	13	red	right	unaware	1	0
358.835	0.000	trigger_21	21	358835	Trigger-In:21	88	grating_on	staircase	13	red	right	unaware	1	0
358.885	0.000	trigger_20	20	358885	Trigger-In:20	88	grating_off	staircase	13	red	right	unaware	1	0
359.485	0.000	trigger_31	31	359485	Trigger-In:31	88	targets_on_fp_color_change	staircase	13	red	right	unaware	1	0
360.425	0.000	trigger_201	201	360425	Trigger-In:201	88	trial_end_completed	staircase	13	red	right	unaware	1	0
361.495	0.000	trigger_101	101	361495	Trigger-In:101	89	trial_start	staircase	14	red	left	aware	1	0
361.600	0.000	trigger_11	11	361600	Trigger-In:11	89	fixation_point_on	staircase	14	red	left	aware	1	0
362.200	0.000	trigger_21	21	362200	Trigger-In:21	89	grating_on	staircase	14	red	left	aware	1	0
362.250	0.000	trigger_20	20	362250	Trigger-In:20	89	grating_off	staircase	14	red	left	aware	1	0
362.850	0.000	trigger_31	31	362850	Trigger-In:31	89	targets_on_fp_color_change	staircase	14	red	left	aware	1	0
363.490	0.000	trigger_201	201	363490	Trigger-In:201	89	trial_end_completed	staircase	14	red	left	aware	1	0
364.560	0.000	trigger_101	101	364560	Trigger-In:101	90	trial_start	staircase	13	green	right	aware	1	0
364.665	0.000	trigger_11	11	364665	Trigger-In:11	90	fixation_point_on	staircase	13	green	right	aware	1	0
365.265	0.000	trigger_21	21	365265	Trigger-In:21	90	grating_on	staircase	13	green	right	aware	1	0
365.315	0.000	trigger_20	20	365315	Trigger-In:20	90	grating_off	staircase	13	green	right	aware	1	0
365.915	0.000	trigger_31	31	365915	Trigger-In:31	90	targets_on_fp_color_change	staircase	13	green	right	aware	1	0
366.825	0.000	trigger_201	201	366825	Trigger-In:201	90	trial_end_completed	staircase	13	green	right	aware	1	0
367.890	0.000	trigger_101	101	367890	Trigger-In:101	91	trial_start	staircase	12	green	right	aware	1	0
367.995	0.000	trigger_11	11	367995	Trigger-In:11	91	fixation_point_on	staircase	12	green	right	aware	1	0
368.595	0.000	trigger_21	21	368595	Trigger-In:21	91	grating_on	staircase	12	green	right	aware	1	0
368.645	0.000	trigger_20	20	368645	Trigger-In:20	91	grating_off	staircase	12	green	right	aware	1	0
369.250	0.000	trigger_31	31	369250	Trigger-In:31	91	targets_on_fp_color_change	staircase	12	green	right	aware	1	0
370.200	0.000	trigger_201	201	370200	Trigger-In:201	91	trial_end_completed	staircase	12	green	right	aware	1	0
371.270	0.000	trigger_101	101	371270	Trigger-In:101	92	trial_start	salient	0	green	left	unaware	1	0
371.375	0.000	trigger_11	11	371375	Trigger-In:11	92	fixation_point_on	salient	0	green	left	unaware	1	0
371.975	0.000	trigger_21	21	371975	Trigger-In:21	92	grating_on	salient	0	green	left	unaware	1	0
372.025	0.000	trigger_20	20	372025	Trigger-In:20	92	grating_off	salient	0	green	left	unaware	1	0
372.625	0.000	trigger_31	31	372625	Trigger-In:31	92	targets_on_fp_color_change	salient	0	green	left	unaware	1	0
373.385	0.000	trigger_201	201	373385	Trigger-In:201	92	trial_end_completed	salient	0	green	left	unaware	1	0
374.450	0.000	trigger_101	101	374450	Trigger-In:101	93	trial_start	staircase	11	red	right	unaware	1	0
374.555	0.000	trigger_11	11	374555	Trigger-In:11	93	fixation_point_on	staircase	11	red	right	unaware	1	0
375.155	0.000	trigger_21	21	375155	Trigger-In:21	93	grating_on	staircase	11	red	right	unaware	1	0
375.210	0.000	trigger_20	20	375210	Trigger-In:20	93	grating_off	staircase	11	red	right	unaware	1	0
375.810	0.000	trigger_31	31	375810	Trigger-In:31	93	targets_on_fp_color_change	staircase	11	red	right	unaware	1	0
376.600	0.000	trigger_201	201	376600	Trigger-In:201	93	trial_end_completed	staircase	11	red	right	unaware	1	0
377.665	0.000	trigger_101	101	377665	Trigger-In:101	94	trial_start	staircase	12	red	right	unaware	1	0
377.770	0.000	trigger_11	11	377770	Trigger-In:11	94	fixation_point_on	staircase	12	red	right	unaware	1	0
378.370	0.000	trigger_21	21	378370	Trigger-In:21	94	grating_on	staircase	12	red	right	unaware	1	0
378.420	0.000	trigger_20	20	378420	Trigger-In:20	94	grating_off	staircase	12	red	right	unaware	1	0
379.025	0.000	trigger_31	31	379025	Trigger-In:31	94	targets_on_fp_color_change	staircase	12	red	right	unaware	1	0
380.075	0.000	trigger_201	201	380075	Trigger-In:201	94	trial_end_completed	staircase	12	red	right	unaware	1	0
381.140	0.000	trigger_101	101	381140	Trigger-In:101	95	trial_start	staircase	13	red	right	unaware	1	0
381.250	0.000	trigger_11	11	381250	Trigger-In:11	95	fixation_point_on	staircase	13	red	right	unaware	1	0
381.850	0.000	trigger_21	21	381850	Trigger-In:21	95	grating_on	staircase	13	red	right	unaware	1	0
381.900	0.000	trigger_20	20	381900	Trigger-In:20	95	grating_off	staircase	13	red	right	unaware	1	0
382.500	0.000	trigger_31	31	382500	Trigger-In:31	95	targets_on_fp_color_change	staircase	13	red	right	unaware	1	0
383.455	0.000	trigger_201	201	383455	Trigger-In:201	95	trial_end_completed	staircase	13	red	right	unaware	1	0
384.520	0.000	trigger_101	101	384520	Trigger-In:101	96	trial_start	staircase	14	red	right	unaware	1	0
384.635	0.000	trigger_11	11	384635	Trigger-In:11	96	fixation_point_on	staircase	14	red	right	unaware	1	0
385.240	0.000	trigger_21	21	385240	Trigger-In:21	96	grating_on	staircase	14	red	right	unaware	1	0
385.290	0.000	trigger_20	20	385290	Trigger-In:20	96	grating_off	staircase	14	red	right	unaware	1	0
385.890	0.000	trigger_31	31	385890	Trigger-In:31	96	targets_on_fp_color_change	staircase	14	red	right	unaware	1	0
386.780	0.000	trigger_201	201	386780	Trigger-In:201	96	trial_end_completed	staircase	14	red	right	unaware	1	0
387.850	0.000	trigger_101	101	387850	Trigger-In:101	97	trial_start	staircase	15	red	right	unaware	1	0
387.965	0.000	trigger_11	11	387965	Trigger-In:11	97	fixation_point_on	staircase	15	red	right	unaware	1	0
388.565	0.000	trigger_21	21	388565	Trigger-In:21	97	grating_on	staircase	15	red	right	unaware	1	0
388.615	0.000	trigger_20	20	388615	Trigger-In:20	97	grating_off	staircase	15	red	right	unaware	1	0
389.215	0.000	trigger_31	31	389215	Trigger-In:31	97	targets_on_fp_color_change	staircase	15	red	right	unaware	1	0
390.270	0.000	trigger_201	201	390270	Trigger-In:201	97	trial_end_completed	staircase	15	red	right	unaware	1	0
391.340	0.000	trigger_101	101	391340	Trigger-In:101	98	trial_start	staircase	16	green	right	aware	1	0
391.440	0.000	trigger_11	11	391440	Trigger-In:11	98	fixation_point_on	staircase	16	green	right	aware	1	0
392.040	0.000	trigger_21	21	392040	Trigger-In:21	98	grating_on	staircase	16	green	right	aware	1	0
392.090	0.000	trigger_20	20	392090	Trigger-In:20	98	grating_off	staircase	16	green	right	aware	1	0
392.690	0.000	trigger_31	31	392690	Trigger-In:31	98	targets_on_fp_color_change	staircase	16	green	right	aware	1	0
393.430	0.000	trigger_201	201	393430	Trigger-In:201	98	trial_end_completed	staircase	16	green	right	aware	1	0
394.495	0.000	trigger_101	101	394495	Trigger-In:101	99	trial_start	staircase	15	red	right	unaware	1	0
394.605	0.000	trigger_11	11	394605	Trigger-In:11	99	fixation_point_on	staircase	15	red	right	unaware	1	0
395.205	0.000	trigger_21	21	395205	Trigger-In:21	99	grating_on	staircase	15	red	right	unaware	1	0
395.255	0.000	trigger_20	20	395255	Trigger-In:20	99	grating_off	staircase	15	red	right	unaware	1	0
395.855	0.000	trigger_31	31	395855	Trigger-In:31	99	targets_on_fp_color_change	staircase	15	red	right	unaware	1	0
396.960	0.000	trigger_201	201	396960	Trigger-In:201	99	trial_end_completed	staircase	15	red	right	unaware	1	0
398.025	0.000	trigger_101	101	398025	Trigger-In:101	100	trial_start	staircase	16	red	right	unaware	1	0
398.130	0.000	trigger_11	11	398130	Trigger-In:11	100	fixation_point_on	staircase	16	red	right	unaware	1	0
398.735	0.000	trigger_21	21	398735	Trigger-In:21	100	grating_on	staircase	16	red	right	unaware	1	0
398.785	0.000	trigger_20	20	398785	Trigger-In:20	100	grating_off	staircase	16	red	right	unaware	1	0
399.385	0.000	trigger_31	31	399385	Trigger-In:31	100	targets_on_fp_color_change	staircase	16	red	right	unaware	1	0
400.100	0.000	trigger_201	201	400100	Trigger-In:201	100	trial_end_completed	staircase	16	red	right	unaware	1	0
401.170	0.000	trigger_101	101	401170	Trigger-In:101	101	trial_start	staircase	17	green	left	unaware	1	0
401.275	0.000	trigger_11	11	401275	Trigger-In:11	101	fixation_point_on	staircase	17	green	left	unaware	1	0
401.875	0.000	trigger_21	21	401875	Trigger-In:21	101	grating_on	staircase	17	green	left	unaware	1	0
401.925	0.000	trigger_20	20	401925	Trigger-In:20	101	grating_off	staircase	17	green	left	unaware	1	0
402.525	0.000	trigger_31	31	402525	Trigger-In:31	101	targets_on_fp_color_change	staircase	17	green	left	unaware	1	0
403.220	0.000	trigger_201	201	403220	Trigger-In:201	101	trial_end_completed	staircase	17	green	left	unaware	1	0
404.290	0.000	trigger_101	101	404290	Trigger-In:101	102	trial_start	staircase	18	red	right	unaware	1	0
404.395	0.000	trigger_11	11	404395	Trigger-In:11	102	fixation_point_on	staircase	18	red	right	unaware	1	0
404.995	0.000	trigger_21	21	404995	Trigger-In:21	102	grating_on	staircase	18	red	right	unaware	1	0
405.045	0.000	trigger_20	20	405045	Trigger-In:20	102	grating_off	staircase	18	red	right	unaware	1	0
405.645	0.000	trigger_31	31	405645	Trigger-In:31	102	targets_on_fp_color_change	staircase	18	red	right	unaware	1	0
406.680	0.000	trigger_201	201	406680	Trigger-In:201	102	trial_end_completed	staircase	18	red	right	unaware	1	0
407.745	0.000	trigger_101	101	407745	Trigger-In:101	103	trial_start	staircase	19	red	left	aware	1	0
407.850	0.000	trigger_11	11	407850	Trigger-In:11	103	fixation_point_on	staircase	19	red	left	aware	1	0
408.450	0.000	trigger_21	21	408450	Trigger-In:21	103	grating_on	staircase	19	red	left	aware	1	0
408.505	0.000	trigger_20	20	408505	Trigger-In:20	103	grating_off	staircase	19	red	left	aware	1	0
409.105	0.000	trigger_31	31	409105	Trigger-In:31	103	targets_on_fp_color_change	staircase	19	red	left	aware	1	0
409.760	0.000	trigger_201	201	409760	Trigger-In:201	103	trial_end_completed	staircase	19	red	left	aware	1	0
410.825	0.000	trigger_101	101	410825	Trigger-In:101	104	trial_start	staircase	18	green	right	aware	1	0
410.940	0.000	trigger_11	11	410940	Trigger-In:11	104	fixation_point_on	staircase	18	green	right	aware	1	0
411.540	0.000	trigger_21	21	411540	Trigger-In:21	104	grating_on	staircase	18	green	right	aware	1	0
411.590	0.000	trigger_20	20	411590	Trigger-In:20	104	grating_off	staircase	18	green	right	aware	1	0
412.190	0.000	trigger_31	31	412190	Trigger-In:31	104	targets_on_fp_color_change	staircase	18	green	right	aware	1	0
413.155	0.000	trigger_201	201	413155	Trigger-In:201	104	trial_end_completed	staircase	18	green	right	aware	1	0
414.225	0.000	trigger_101	101	414225	Trigger-In:101	105	trial_start	staircase	17	green	right	aware	1	0
414.330	0.000	trigger_11	11	414330	Trigger-In:11	105	fixation_point_on	staircase	17	green	right	aware	1	0
414.930	0.000	trigger_21	21	414930	Trigger-In:21	105	grating_on	staircase	17	green	right	aware	1	0
414.980	0.000	trigger_20	20	414980	Trigger-In:20	105	grating_off	staircase	17	green	right	aware	1	0
415.580	0.000	trigger_31	31	415580	Trigger-In:31	105	targets_on_fp_color_change	staircase	17	green	right	aware	1	0
416.340	0.000	trigger_201	201	416340	Trigger-In:201	105	trial_end_completed	staircase	17	green	right	aware	1	0
417.405	0.000	trigger_101	101	417405	Trigger-In:101	106	trial_start	staircase	16	green	right	aware	1	0
417.510	0.000	trigger_11	11	417510	Trigger-In:11	106	fixation_point_on	staircase	16	green	right	aware	1	0
418.110	0.000	trigger_21	21	418110	Trigger-In:21	106	grating_on	staircase	16	green	right	aware	1	0
418.165	0.000	trigger_20	20	418165	Trigger-In:20	106	grating_off	staircase	16	green	right	aware	1	0
418.765	0.000	trigger_31	31	418765	Trigger-In:31	106	targets_on_fp_color_change	staircase	16	green	right	aware	1	0
419.425	0.000	trigger_201	201	419425	Trigger-In:201	106	trial_end_completed	staircase	16	green	right	aware	1	0
420.490	0.000	trigger_101	101	420490	Trigger-In:101	107	trial_start	salient	0	green	left	unaware	1	0
420.600	0.000	trigger_11	11	420600	Trigger-In:11	107	fixation_point_on	salient	0	green	left	unaware	1	0
421.200	0.000	trigger_21	21	421200	Trigger-In:21	107	grating_on	salient	0	green	left	unaware	1	0
421.250	0.000	trigger_20	20	421250	Trigger-In:20	107	grating_off	salient	0	green	left	unaware	1	0
421.850	0.000	trigger_31	31	421850	Trigger-In:31	107	targets_on_fp_color_change	salient	0	green	left	unaware	1	0
422.615	0.000	trigger_201	201	422615	Trigger-In:201	107	trial_end_completed	salient	0	green	left	unaware	1	0
423.680	0.000	trigger_101	101	423680	Trigger-In:101	108	trial_start	staircase	15	green	right	aware	1	0
423.780	0.000	trigger_11	11	423780	Trigger-In:11	108	fixation_point_on	staircase	15	green	right	aware	1	0
424.385	0.000	trigger_21	21	424385	Trigger-In:21	108	grating_on	staircase	15	green	right	aware	1	0
424.435	0.000	trigger_20	20	424435	Trigger-In:20	108	grating_off	staircase	15	green	right	aware	1	0
425.035	0.000	trigger_31	31	425035	Trigger-In:31	108	targets_on_fp_color_change	staircase	15	green	right	aware	1	0
426.045	0.000	trigger_201	201	426045	Trigger-In:201	108	trial_end_completed	staircase	15	green	right	aware	1	0
427.115	0.000	trigger_101	101	427115	Trigger-In:101	109	trial_start	staircase	14	red	right	unaware	1	0
427.220	0.000	trigger_11	11	427220	Trigger-In:11	109	fixation_point_on	staircase	14	red	right	unaware	1	0
427.820	0.000	trigger_21	21	427820	Trigger-In:21	109	grating_on	staircase	14	red	right	unaware	1	0
427.870	0.000	trigger_20	20	427870	Trigger-In:20	109	grating_off	staircase	14	red	right	unaware	1	0
428.470	0.000	trigger_31	31	428470	Trigger-In:31	109	targets_on_fp_color_change	staircase	14	red	right	unaware	1	0
429.520	0.000	trigger_201	201	429520	Trigger-In:201	109	trial_end_completed	staircase	14	red	right	unaware	1	0
430.585	0.000	trigger_101	101	430585	Trigger-In:101	110	trial_start	staircase	15	red	left	aware	1	0
430.690	0.000	trigger_11	11	430690	Trigger-In:11	110	fixation_point_on	staircase	15	red	left	aware	1	0
431.295	0.000	trigger_21	21	431295	Trigger-In:21	110	grating_on	staircase	15	red	left	aware	1	0
431.345	0.000	trigger_20	20	431345	Trigger-In:20	110	grating_off	staircase	15	red	left	aware	1	0
431.945	0.000	trigger_31	31	431945	Trigger-In:31	110	targets_on_fp_color_change	staircase	15	red	left	aware	1	0
432.610	0.000	trigger_201	201	432610	Trigger-In:201	110	trial_end_completed	staircase	15	red	left	aware	1	0
433.680	0.000	trigger_101	101	433680	Trigger-In:101	111	trial_start	absent	50	green	right	aware	1	0
433.780	0.000	trigger_11	11	433780	Trigger-In:11	111	fixation_point_on	absent	50	green	right	aware	1	0
434.380	0.000	trigger_21	21	434380	Trigger-In:21	111	grating_on	absent	50	green	right	aware	1	0
434.430	0.000	trigger_20	20	434430	Trigger-In:20	111	grating_off	absent	50	green	right	aware	1	0
435.030	0.000	trigger_31	31	435030	Trigger-In:31	111	targets_on_fp_color_change	absent	50	green	right	aware	1	0
435.875	0.000	trigger_201	201	435875	Trigger-In:201	111	trial_end_completed	absent	50	green	right	aware	1	0
436.945	0.000	trigger_101	101	436945	Trigger-In:101	112	trial_start	staircase	14	red	right	unaware	1	0
437.055	0.000	trigger_11	11	437055	Trigger-In:11	112	fixation_point_on	staircase	14	red	right	unaware	1	0
437.655	0.000	trigger_21	21	437655	Trigger-In:21	112	grating_on	staircase	14	red	right	unaware	1	0
437.705	0.000	trigger_20	20	437705	Trigger-In:20	112	grating_off	staircase	14	red	right	unaware	1	0
438.305	0.000	trigger_31	31	438305	Trigger-In:31	112	targets_on_fp_color_change	staircase	14	red	right	unaware	1	0
439.500	0.000	trigger_201	201	439500	Trigger-In:201	112	trial_end_completed	staircase	14	red	right	unaware	1	0
440.570	0.000	trigger_101	101	440570	Trigger-In:101	113	trial_start	absent	50	red	left	aware	1	0
440.670	0.000	trigger_11	11	440670	Trigger-In:11	113	fixation_point_on	absent	50	red	left	aware	1	0
441.270	0.000	trigger_21	21	441270	Trigger-In:21	113	grating_on	absent	50	red	left	aware	1	0
441.320	0.000	trigger_20	20	441320	Trigger-In:20	113	grating_off	absent	50	red	left	aware	1	0
441.920	0.000	trigger_31	31	441920	Trigger-In:31	113	targets_on_fp_color_change	absent	50	red	left	aware	1	0
442.640	0.000	trigger_201	201	442640	Trigger-In:201	113	trial_end_completed	absent	50	red	left	aware	1	0
443.710	0.000	trigger_101	101	443710	Trigger-In:101	114	trial_start	staircase	15	red	left	aware	1	0
443.840	0.000	trigger_11	11	443840	Trigger-In:11	114	fixation_point_on	staircase	15	red	left	aware	1	0
444.440	0.000	trigger_21	21	444440	Trigger-In:21	114	grating_on	staircase	15	red	left	aware	1	0
444.495	0.000	trigger_20	20	444495	Trigger-In:20	114	grating_off	staircase	15	red	left	aware	1	0
445.095	0.000	trigger_31	31	445095	Trigger-In:31	114	targets_on_fp_color_change	staircase	15	red	left	aware	1	0
445.885	0.000	trigger_201	201	445885	Trigger-In:201	114	trial_end_completed	staircase	15	red	left	aware	1	0
446.950	0.000	trigger_101	101	446950	Trigger-In:101	115	trial_start	staircase	14	red	left	aware	1	0
447.060	0.000	trigger_11	11	447060	Trigger-In:11	115	fixation_point_on	staircase	14	red	left	aware	1	0
447.660	0.000	trigger_21	21	447660	Trigger-In:21	115	grating_on	staircase	14	red	left	aware	1	0
447.710	0.000	trigger_20	20	447710	Trigger-In:20	115	grating_off	staircase	14	red	left	aware	1	0
448.310	0.000	trigger_31	31	448310	Trigger-In:31	115	targets_on_fp_color_change	staircase	14	red	left	aware	1	0
449.200	0.000	trigger_201	201	449200	Trigger-In:201	115	trial_end_completed	staircase	14	red	left	aware	1	0
450.265	0.000	trigger_101	101	450265	Trigger-In:101	116	trial_start	staircase	13	green	left	unaware	1	0
450.390	0.000	trigger_11	11	450390	Trigger-In:11	116	fixation_point_on	staircase	13	green	left	unaware	1	0
450.990	0.000	trigger_21	21	450990	Trigger-In:21	116	grating_on	staircase	13	green	left	unaware	1	0
451.040	0.000	trigger_20	20	451040	Trigger-In:20	116	grating_off	staircase	13	green	left	unaware	1	0
451.640	0.000	trigger_31	31	451640	Trigger-In:31	116	targets_on_fp_color_change	staircase	13	green	left	unaware	1	0
452.780	0.000	trigger_201	201	452780	Trigger-In:201	116	trial_end_completed	staircase	13	green	left	unaware	1	0
453.845	0.000	trigger_101	101	453845	Trigger-In:101	117	trial_start	staircase	14	red	left	aware	1	0
453.950	0.000	trigger_11	11	453950	Trigger-In:11	117	fixation_point_on	staircase	14	red	left	aware	1	0
454.555	0.000	trigger_21	21	454555	Trigger-In:21	117	grating_on	staircase	14	red	left	aware	1	0
454.605	0.000	trigger_20	20	454605	Trigger-In:20	117	grating_off	staircase	14	red	left	aware	1	0
455.205	0.000	trigger_31	31	455205	Trigger-In:31	117	targets_on_fp_color_change	staircase	14	red	left	aware	1	0
455.995	0.000	trigger_201	201	455995	Trigger-In:201	117	trial_end_completed	staircase	14	red	left	aware	1	0
457.065	0.000	trigger_101	101	457065	Trigger-In:101	118	trial_start	staircase	13	green	left	unaware	1	0
457.175	0.000	trigger_11	11	457175	Trigger-In:11	118	fixation_point_on	staircase	13	green	left	unaware	1	0
457.775	0.000	trigger_21	21	457775	Trigger-In:21	118	grating_on	staircase	13	green	left	unaware	1	0
457.825	0.000	trigger_20	20	457825	Trigger-In:20	118	grating_off	staircase	13	green	left	unaware	1	0
458.425	0.000	trigger_31	31	458425	Trigger-In:31	118	targets_on_fp_color_change	staircase	13	green	left	unaware	1	0
459.515	0.000	trigger_201	201	459515	Trigger-In:201	118	trial_end_completed	staircase	13	green	left	unaware	1	0
460.580	0.000	trigger_101	101	460580	Trigger-In:101	119	trial_start	staircase	14	green	left	unaware	1	0
460.685	0.000	trigger_11	11	460685	Trigger-In:11	119	fixation_point_on	staircase	14	green	left	unaware	1	0
461.285	0.000	trigger_21	21	461285	Trigger-In:21	119	grating_on	staircase	14	green	left	unaware	1	0
461.335	0.000	trigger_20	20	461335	Trigger-In:20	119	grating_off	staircase	14	green	left	unaware	1	0
461.935	0.000	trigger_31	31	461935	Trigger-In:31	119	targets_on_fp_color_change	staircase	14	green	left	unaware	1	0
462.965	0.000	trigger_201	201	462965	Trigger-In:201	119	trial_end_completed	staircase	14	green	left	unaware	1	0
464.030	0.000	trigger_101	101	464030	Trigger-In:101	120	trial_start	staircase	15	green	left	unaware	1	0
464.160	0.000	trigger_11	11	464160	Trigger-In:11	120	fixation_point_on	staircase	15	green	left	unaware	1	0
464.760	0.000	trigger_21	21	464760	Trigger-In:21	120	grating_on	staircase	15	green	left	unaware	1	0
464.810	0.000	trigger_20	20	464810	Trigger-In:20	120	grating_off	staircase	15	green	left	unaware	1	0
465.410	0.000	trigger_31	31	465410	Trigger-In:31	120	targets_on_fp_color_change	staircase	15	green	left	unaware	1	0
466.260	0.000	trigger_201	201	466260	Trigger-In:201	120	trial_end_completed	staircase	15	green	left	unaware	1	0
467.330	0.000	trigger_101	101	467330	Trigger-In:101	121	trial_start	staircase	16	green	right	aware	1	0
467.430	0.000	trigger_11	11	467430	Trigger-In:11	121	fixation_point_on	staircase	16	green	right	aware	1	0
468.035	0.000	trigger_21	21	468035	Trigger-In:21	121	grating_on	staircase	16	green	right	aware	1	0
468.085	0.000	trigger_20	20	468085	Trigger-In:20	121	grating_off	staircase	16	green	right	aware	1	0
468.685	0.000	trigger_31	31	468685	Trigger-In:31	121	targets_on_fp_color_change	staircase	16	green	right	aware	1	0
469.435	0.000	trigger_201	201	469435	Trigger-In:201	121	trial_end_completed	staircase	16	green	right	aware	1	0
470.505	0.000	trigger_101	101	470505	Trigger-In:101	122	trial_start	absent	50	green	right	aware	1	0
470.610	0.000	trigger_11	11	470610	Trigger-In:11	122	fixation_point_on	absent	50	green	right	aware	1	0
471.210	0.000	trigger_21	21	471210	Trigger-In:21	122	grating_on	absent	50	green	right	aware	1	0
471.260	0.000	trigger_20	20	471260	Trigger-In:20	122	grating_off	absent	50	green	right	aware	1	0
471.860	0.000	trigger_31	31	471860	Trigger-In:31	122	targets_on_fp_color_change	absent	50	green	right	aware	1	0
472.490	0.000	trigger_201	201	472490	Trigger-In:201	122	trial_end_completed	absent	50	green	right	aware	1	0
473.560	0.000	trigger_101	101	473560	Trigger-In:101	123	trial_start	staircase	15	red	left	aware	1	0
473.660	0.000	trigger_11	11	473660	Trigger-In:11	123	fixation_point_on	staircase	15	red	left	aware	1	0
474.265	0.000	trigger_21	21	474265	Trigger-In:21	123	grating_on	staircase	15	red	left	aware	1	0
474.315	0.000	trigger_20	20	474315	Trigger-In:20	123	grating_off	staircase	15	red	left	aware	1	0
474.915	0.000	trigger_31	31	474915	Trigger-In:31	123	targets_on_fp_color_change	staircase	15	red	left	aware	1	0
475.700	0.000	trigger_201	201	475700	Trigger-In:201	123	trial_end_completed	staircase	15	red	left	aware	1	0
476.765	0.000	trigger_101	101	476765	Trigger-In:101	124	trial_start	salient	0	green	left	unaware	1	0
476.870	0.000	trigger_11	11	476870	Trigger-In:11	124	fixation_point_on	salient	0	green	left	unaware	1	0
477.470	0.000	trigger_21	21	477470	Trigger-In:21	124	grating_on	salient	0	green	left	unaware	1	0
477.520	0.000	trigger_20	20	477520	Trigger-In:20	124	grating_off	salient	0	green	left	unaware	1	0
478.125	0.000	trigger_31	31	478125	Trigger-In:31	124	targets_on_fp_color_change	salient	0	green	left	unaware	1	0
479.010	0.000	trigger_201	201	479010	Trigger-In:201	124	trial_end_completed	salient	0	green	left	unaware	1	0
480.080	0.000	trigger_101	101	480080	Trigger-In:101	125	trial_start	staircase	14	green	left	unaware	1	0
480.185	0.000	trigger_11	11	480185	Trigger-In:11	125	fixation_point_on	staircase	14	green	left	unaware	1	0
480.790	0.000	trigger_21	21	480790	Trigger-In:21	125	grating_on	staircase	14	green	left	unaware	1	0
480.840	0.000	trigger_20	20	480840	Trigger-In:20	125	grating_off	staircase	14	green	left	unaware	1	0
481.440	0.000	trigger_31	31	481440	Trigger-In:31	125	targets_on_fp_color_change	staircase	14	green	left	unaware	1	0
482.425	0.000	trigger_201	201	482425	Trigger-In:201	125	trial_end_completed	staircase	14	green	left	unaware	1	0
483.490	0.000	trigger_101	101	483490	Trigger-In:101	126	trial_start	staircase	15	red	left	aware	1	0
483.595	0.000	trigger_11	11	483595	Trigger-In:11	126	fixation_point_on	staircase	15	red	left	aware	1	0
484.195	0.000	trigger_21	21	484195	Trigger-In:21	126	grating_on	staircase	15	red	left	aware	1	0
484.250	0.000	trigger_20	20	484250	Trigger-In:20	126	grating_off	staircase	15	red	left	aware	1	0
484.850	0.000	trigger_31	31	484850	Trigger-In:31	126	targets_on_fp_color_change	staircase	15	red	left	aware	1	0
485.770	0.000	trigger_201	201	485770	Trigger-In:201	126	trial_end_completed	staircase	15	red	left	aware	1	0
486.835	0.000	trigger_101	101	486835	Trigger-In:101	127	trial_start	staircase	14	red	left	aware	1	0
486.940	0.000	trigger_11	11	486940	Trigger-In:11	127	fixation_point_on	staircase	14	red	left	aware	1	0
487.540	0.000	trigger_21	21	487540	Trigger-In:21	127	grating_on	staircase	14	red	left	aware	1	0
487.590	0.000	trigger_20	20	487590	Trigger-In:20	127	grating_off	staircase	14	red	left	aware	1	0
488.190	0.000	trigger_31	31	488190	Trigger-In:31	127	targets_on_fp_color_change	staircase	14	red	left	aware	1	0
488.885	0.000	trigger_201	201	488885	Trigger-In:201	127	trial_end_completed	staircase	14	red	left	aware	1	0
489.955	0.000	trigger_101	101	489955	Trigger-In:101	128	trial_start	staircase	13	green	left	unaware	1	0
490.060	0.000	trigger_11	11	490060	Trigger-In:11	128	fixation_point_on	staircase	13	green	left	unaware	1	0
490.660	0.000	trigger_21	21	490660	Trigger-In:21	128	grating_on	staircase	13	green	left	unaware	1	0
490.710	0.000	trigger_20	20	490710	Trigger-In:20	128	grating_off	staircase	13	green	left	unaware	1	0
491.310	0.000	trigger_31	31	491310	Trigger-In:31	128	targets_on_fp_color_change	staircase	13	green	left	unaware	1	0
492.385	0.000	trigger_201	201	492385	Trigger-In:201	128	trial_end_completed	staircase	13	green	left	unaware	1	0
493.450	0.000	trigger_101	101	493450	Trigger-In:101	129	trial_start	salient	0	green	right	aware	1	0
493.555	0.000	trigger_11	11	493555	Trigger-In:11	129	fixation_point_on	salient	0	green	right	aware	1	0
494.155	0.000	trigger_21	21	494155	Trigger-In:21	129	grating_on	salient	0	green	right	aware	1	0
494.205	0.000	trigger_20	20	494205	Trigger-In:20	129	grating_off	salient	0	green	right	aware	1	0
494.810	0.000	trigger_31	31	494810	Trigger-In:31	129	targets_on_fp_color_change	salient	0	green	right	aware	1	0
496.210	0.000	trigger_201	201	496210	Trigger-In:201	129	trial_end_completed	salient	0	green	right	aware	1	0
497.535	0.000	trigger_101	101	497535	Trigger-In:101	130	trial_start	staircase	14	red	left	aware	1	0
497.640	0.000	trigger_11	11	497640	Trigger-In:11	130	fixation_point_on	staircase	14	red	left	aware	1	0
498.240	0.000	trigger_21	21	498240	Trigger-In:21	130	grating_on	staircase	14	red	left	aware	1	0
498.290	0.000	trigger_20	20	498290	Trigger-In:20	130	grating_off	staircase	14	red	left	aware	1	0
498.890	0.000	trigger_31	31	498890	Trigger-In:31	130	targets_on_fp_color_change	staircase	14	red	left	aware	1	0
499.860	0.000	trigger_201	201	499860	Trigger-In:201	130	trial_end_completed	staircase	14	red	left	aware	1	0
500.930	0.000	trigger_101	101	500930	Trigger-In:101	131	trial_start	staircase	13	green	left	unaware	1	0
501.030	0.000	trigger_11	11	501030	Trigger-In:11	131	fixation_point_on	staircase	13	green	left	unaware	1	0
501.630	0.000	trigger_21	21	501630	Trigger-In:21	131	grating_on	staircase	13	green	left	unaware	1	0
501.680	0.000	trigger_20	20	501680	Trigger-In:20	131	grating_off	staircase	13	green	left	unaware	1	0
502.280	0.000	trigger_31	31	502280	Trigger-In:31	131	targets_on_fp_color_change	staircase	13	green	left	unaware	1	0
503.320	0.000	trigger_201	201	503320	Trigger-In:201	131	trial_end_completed	staircase	13	green	left	unaware	1	0
504.390	0.000	trigger_101	101	504390	Trigger-In:101	132	trial_start	staircase	14	green	right	aware	1	0
504.495	0.000	trigger_11	11	504495	Trigger-In:11	132	fixation_point_on	staircase	14	green	right	aware	1	0
505.095	0.000	trigger_21	21	505095	Trigger-In:21	132	grating_on	staircase	14	green	right	aware	1	0
505.145	0.000	trigger_20	20	505145	Trigger-In:20	132	grating_off	staircase	14	green	right	aware	1	0
505.745	0.000	trigger_31	31	505745	Trigger-In:31	132	targets_on_fp_color_change	staircase	14	green	right	aware	1	0
506.560	0.000	trigger_201	201	506560	Trigger-In:201	132	trial_end_completed	staircase	14	green	right	aware	1	0
507.625	0.000	trigger_101	101	507625	Trigger-In:101	133	trial_start	staircase	13	green	left	unaware	1	0
507.730	0.000	trigger_11	11	507730	Trigger-In:11	133	fixation_point_on	staircase	13	green	left	unaware	1	0
508.330	0.000	trigger_21	21	508330	Trigger-In:21	133	grating_on	staircase	13	green	left	unaware	1	0
508.380	0.000	trigger_20	20	508380	Trigger-In:20	133	grating_off	staircase	13	green	left	unaware	1	0
508.980	0.000	trigger_31	31	508980	Trigger-In:31	133	targets_on_fp_color_change	staircase	13	green	left	unaware	1	0
509.810	0.000	trigger_201	201	509810	Trigger-In:201	133	trial_end_completed	staircase	13	green	left	unaware	1	0
510.880	0.000	trigger_101	101	510880	Trigger-In:101	134	trial_start	staircase	14	green	left	unaware	1	0
510.990	0.000	trigger_11	11	510990	Trigger-In:11	134	fixation_point_on	staircase	14	green	left	unaware	1	0
511.590	0.000	trigger_21	21	511590	Trigger-In:21	134	grating_on	staircase	14	green	left	unaware	1	0
511.640	0.000	trigger_20	20	511640	Trigger-In:20	134	grating_off	staircase	14	green	left	unaware	1	0
512.240	0.000	trigger_31	31	512240	Trigger-In:31	134	targets_on_fp_color_change	staircase	14	green	left	unaware	1	0
513.070	0.000	trigger_201	201	513070	Trigger-In:201	134	trial_end_completed	staircase	14	green	left	unaware	1	0
514.140	0.000	trigger_101	101	514140	Trigger-In:101	135	trial_start	staircase	15	red	right	unaware	1	0
514.245	0.000	trigger_11	11	514245	Trigger-In:11	135	fixation_point_on	staircase	15	red	right	unaware	1	0
514.845	0.000	trigger_21	21	514845	Trigger-In:21	135	grating_on	staircase	15	red	right	unaware	1	0
514.895	0.000	trigger_20	20	514895	Trigger-In:20	135	grating_off	staircase	15	red	right	unaware	1	0
515.495	0.000	trigger_31	31	515495	Trigger-In:31	135	targets_on_fp_color_change	staircase	15	red	right	unaware	1	0
516.505	0.000	trigger_201	201	516505	Trigger-In:201	135	trial_end_completed	staircase	15	red	right	unaware	1	0
517.570	0.000	trigger_101	101	517570	Trigger-In:101	136	trial_start	staircase	16	green	left	unaware	1	0
517.680	0.000	trigger_11	11	517680	Trigger-In:11	136	fixation_point_on	staircase	16	green	left	unaware	1	0
518.280	0.000	trigger_21	21	518280	Trigger-In:21	136	grating_on	staircase	16	green	left	unaware	1	0
518.330	0.000	trigger_20	20	518330	Trigger-In:20	136	grating_off	staircase	16	green	left	unaware	1	0
518.930	0.000	trigger_31	31	518930	Trigger-In:31	136	targets_on_fp_color_change	staircase	16	green	left	unaware	1	0
519.680	0.000	trigger_201	201	519680	Trigger-In:201	136	trial_end_completed	staircase	16	green	left	unaware	1	0
520.750	0.000	trigger_101	101	520750	Trigger-In:101	137	trial_start	salient	0	red	right	unaware	1	0
520.855	0.000	trigger_11	11	520855	Trigger-In:11	137	fixation_point_on	salient	0	red	right	unaware	1	0
521.455	0.000	trigger_21	21	521455	Trigger-In:21	137	grating_on	salient	0	red	right	unaware	1	0
521.505	0.000	trigger_20	20	521505	Trigger-In:20	137	grating_off	salient	0	red	right	unaware	1	0
522.105	0.000	trigger_31	31	522105	Trigger-In:31	137	targets_on_fp_color_change	salient	0	red	right	unaware	1	0
523.445	0.000	trigger_201	201	523445	Trigger-In:201	137	trial_end_completed	salient	0	red	right	unaware	1	0
524.510	0.000	trigger_101	101	524510	Trigger-In:101	138	trial_start	absent	50	green	right	aware	1	0
524.615	0.000	trigger_11	11	524615	Trigger-In:11	138	fixation_point_on	absent	50	green	right	aware	1	0
525.215	0.000	trigger_21	21	525215	Trigger-In:21	138	grating_on	absent	50	green	right	aware	1	0
525.265	0.000	trigger_20	20	525265	Trigger-In:20	138	grating_off	absent	50	green	right	aware	1	0
525.865	0.000	trigger_31	31	525865	Trigger-In:31	138	targets_on_fp_color_change	absent	50	green	right	aware	1	0
526.610	0.000	trigger_201	201	526610	Trigger-In:201	138	trial_end_completed	absent	50	green	right	aware	1	0
527.680	0.000	trigger_101	101	527680	Trigger-In:101	139	trial_start	absent	50	red	left	aware	1	0
527.780	0.000	trigger_11	11	527780	Trigger-In:11	139	fixation_point_on	absent	50	red	left	aware	1	0
528.380	0.000	trigger_21	21	528380	Trigger-In:21	139	grating_on	absent	50	red	left	aware	1	0
528.430	0.000	trigger_20	20	528430	Trigger-In:20	139	grating_off	absent	50	red	left	aware	1	0
529.030	0.000	trigger_31	31	529030	Trigger-In:31	139	targets_on_fp_color_change	absent	50	red	left	aware	1	0
529.605	0.000	trigger_201	201	529605	Trigger-In:201	139	trial_end_completed	absent	50	red	left	aware	1	0
530.670	0.000	trigger_101	101	530670	Trigger-In:101	140	trial_start	staircase	17	green	left	unaware	1	0
530.775	0.000	trigger_11	11	530775	Trigger-In:11	140	fixation_point_on	staircase	17	green	left	unaware	1	0
531.375	0.000	trigger_21	21	531375	Trigger-In:21	140	grating_on	staircase	17	green	left	unaware	1	0
531.430	0.000	trigger_20	20	531430	Trigger-In:20	140	grating_off	staircase	17	green	left	unaware	1	0
532.030	0.000	trigger_31	31	532030	Trigger-In:31	140	targets_on_fp_color_change	staircase	17	green	left	unaware	1	0
533.090	0.000	trigger_201	201	533090	Trigger-In:201	140	trial_end_completed	staircase	17	green	left	unaware	1	0
534.160	0.000	trigger_101	101	534160	Trigger-In:101	141	trial_start	staircase	18	green	right	aware	1	0
534.265	0.000	trigger_11	11	534265	Trigger-In:11	141	fixation_point_on	staircase	18	green	right	aware	1	0
534.865	0.000	trigger_21	21	534865	Trigger-In:21	141	grating_on	staircase	18	green	right	aware	1	0
534.915	0.000	trigger_20	20	534915	Trigger-In:20	141	grating_off	staircase	18	green	right	aware	1	0
535.515	0.000	trigger_31	31	535515	Trigger-In:31	141	targets_on_fp_color_change	staircase	18	green	right	aware	1	0
536.385	0.000	trigger_201	201	536385	Trigger-In:201	141	trial_end_completed	staircase	18	green	right	aware	1	0
537.455	0.000	trigger_101	101	537455	Trigger-In:101	142	trial_start	salient	0	green	right	aware	1	0
537.560	0.000	trigger_11	11	537560	Trigger-In:11	142	fixation_point_on	salient	0	green	right	aware	1	0
538.160	0.000	trigger_21	21	538160	Trigger-In:21	142	grating_on	salient	0	green	right	aware	1	0
538.210	0.000	trigger_20	20	538210	Trigger-In:20	142	grating_off	salient	0	green	right	aware	1	0
538.810	0.000	trigger_31	31	538810	Trigger-In:31	142	targets_on_fp_color_change	salient	0	green	right	aware	1	0
539.530	0.000	trigger_201	201	539530	Trigger-In:201	142	trial_end_completed	salient	0	green	right	aware	1	0
540.845	0.000	trigger_101	101	540845	Trigger-In:101	143	trial_start	staircase	17	green	left	unaware	1	0
540.955	0.000	trigger_11	11	540955	Trigger-In:11	143	fixation_point_on	staircase	17	green	left	unaware	1	0
541.560	0.000	trigger_21	21	541560	Trigger-In:21	143	grating_on	staircase	17	green	left	unaware	1	0
541.610	0.000	trigger_20	20	541610	Trigger-In:20	143	grating_off	staircase	17	green	left	unaware	1	0
542.210	0.000	trigger_31	31	542210	Trigger-In:31	143	targets_on_fp_color_change	staircase	17	green	left	unaware	1	0
543.255	0.000	trigger_201	201	543255	Trigger-In:201	143	trial_end_completed	staircase	17	green	left	unaware	1	0
544.320	0.000	trigger_101	101	544320	Trigger-In:101	144	trial_start	staircase	18	green	right	aware	1	0
544.425	0.000	trigger_11	11	544425	Trigger-In:11	144	fixation_point_on	staircase	18	green	right	aware	1	0
545.025	0.000	trigger_21	21	545025	Trigger-In:21	144	grating_on	staircase	18	green	right	aware	1	0
545.075	0.000	trigger_20	20	545075	Trigger-In:20	144	grating_off	staircase	18	green	right	aware	1	0
545.675	0.000	trigger_31	31	545675	Trigger-In:31	144	targets_on_fp_color_change	staircase	18	green	right	aware	1	0
546.765	0.000	trigger_201	201	546765	Trigger-In:201	144	trial_end_completed	staircase	18	green	right	aware	1	0
547.835	0.000	trigger_101	101	547835	Trigger-In:101	145	trial_start	staircase	17	red	right	unaware	1	0
547.940	0.000	trigger_11	11	547940	Trigger-In:11	145	fixation_point_on	staircase	17	red	right	unaware	1	0
548.540	0.000	trigger_21	21	548540	Trigger-In:21	145	grating_on	staircase	17	red	right	unaware	1	0
548.590	0.000	trigger_20	20	548590	Trigger-In:20	145	grating_off	staircase	17	red	right	unaware	1	0
549.190	0.000	trigger_31	31	549190	Trigger-In:31	145	targets_on_fp_color_change	staircase	17	red	right	unaware	1	0
550.155	0.000	trigger_201	201	550155	Trigger-In:201	145	trial_end_completed	staircase	17	red	right	unaware	1	0
551.225	0.000	trigger_101	101	551225	Trigger-In:101	146	trial_start	staircase	18	green	right	aware	1	0
551.330	0.000	trigger_11	11	551330	Trigger-In:11	146	fixation_point_on	staircase	18	green	right	aware	1	0
551.930	0.000	trigger_21	21	551930	Trigger-In:21	146	grating_on	staircase	18	green	right	aware	1	0
551.980	0.000	trigger_20	20	551980	Trigger-In:20	146	grating_off	staircase	18	green	right	aware	1	0
552.580	0.000	trigger_31	31	552580	Trigger-In:31	146	targets_on_fp_color_change	staircase	18	green	right	aware	1	0
553.440	0.000	trigger_201	201	553440	Trigger-In:201	146	trial_end_completed	staircase	18	green	right	aware	1	0
554.510	0.000	trigger_101	101	554510	Trigger-In:101	147	trial_start	staircase	17	green	left	unaware	1	0
554.615	0.000	trigger_11	11	554615	Trigger-In:11	147	fixation_point_on	staircase	17	green	left	unaware	1	0
555.215	0.000	trigger_21	21	555215	Trigger-In:21	147	grating_on	staircase	17	green	left	unaware	1	0
555.265	0.000	trigger_20	20	555265	Trigger-In:20	147	grating_off	staircase	17	green	left	unaware	1	0
555.865	0.000	trigger_31	31	555865	Trigger-In:31	147	targets_on_fp_color_change	staircase	17	green	left	unaware	1	0
556.645	0.000	trigger_201	201	556645	Trigger-In:201	147	trial_end_completed	staircase	17	green	left	unaware	1	0
557.715	0.000	trigger_101	101	557715	Trigger-In:101	148	trial_start	staircase	18	green	left	unaware	1	0
557.815	0.000	trigger_11	11	557815	Trigger-In:11	148	fixation_point_on	staircase	18	green	left	unaware	1	0
558.415	0.000	trigger_21	21	558415	Trigger-In:21	148	grating_on	staircase	18	green	left	unaware	1	0
558.470	0.000	trigger_20	20	558470	Trigger-In:20	148	grating_off	staircase	18	green	left	unaware	1	0
559.070	0.000	trigger_31	31	559070	Trigger-In:31	148	targets_on_fp_color_change	staircase	18	green	left	unaware	1	0
559.945	0.000	trigger_201	201	559945	Trigger-In:201	148	trial_end_completed	staircase	18	green	left	unaware	1	0
561.010	0.000	trigger_101	101	561010	Trigger-In:101	149	trial_start	staircase	19	red	right	unaware	1	0
561.115	0.000	trigger_11	11	561115	Trigger-In:11	149	fixation_point_on	staircase	19	red	right	unaware	1	0
561.715	0.000	trigger_21	21	561715	Trigger-In:21	149	grating_on	staircase	19	red	right	unaware	1	0
561.765	0.000	trigger_20	20	561765	Trigger-In:20	149	grating_off	staircase	19	red	right	unaware	1	0
562.365	0.000	trigger_31	31	562365	Trigger-In:31	149	targets_on_fp_color_change	staircase	19	red	right	unaware	1	0
563.360	0.000	trigger_201	201	563360	Trigger-In:201	149	trial_end_completed	staircase	19	red	right	unaware	1	0
564.425	0.000	trigger_101	101	564425	Trigger-In:101	150	trial_start	staircase	20	red	right	unaware	1	0
564.530	0.000	trigger_11	11	564530	Trigger-In:11	150	fixation_point_on	staircase	20	red	right	unaware	1	0
565.130	0.000	trigger_21	21	565130	Trigger-In:21	150	grating_on	staircase	20	red	right	unaware	1	0
565.180	0.000	trigger_20	20	565180	Trigger-In:20	150	grating_off	staircase	20	red	right	unaware	1	0
565.785	0.000	trigger_31	31	565785	Trigger-In:31	150	targets_on_fp_color_change	staircase	20	red	right	unaware	1	0
566.590	0.000	trigger_201	201	566590	Trigger-In:201	150	trial_end_completed	staircase	20	red	right	unaware	1	0
567.655	0.000	trigger_101	101	567655	Trigger-In:101	151	trial_start	staircase	21	green	left	unaware	1	0
567.770	0.000	trigger_11	11	567770	Trigger-In:11	151	fixation_point_on	staircase	21	green	left	unaware	1	0
568.370	0.000	trigger_21	21	568370	Trigger-In:21	151	grating_on	staircase	21	green	left	unaware	1	0
568.420	0.000	trigger_20	20	568420	Trigger-In:20	151	grating_off	staircase	21	green	left	unaware	1	0
569.020	0.000	trigger_31	31	569020	Trigger-In:31	151	targets_on_fp_color_change	staircase	21	green	left	unaware	1	0
570.025	0.000	trigger_201	201	570025	Trigger-In:201	151	trial_end_completed	staircase	21	green	left	unaware	1	0
571.090	0.000	trigger_101	101	571090	Trigger-In:101	152	trial_start	staircase	22	green	right	aware	1	0
571.195	0.000	trigger_11	11	571195	Trigger-In:11	152	fixation_point_on	staircase	22	green	right	aware	1	0
571.795	0.000	trigger_21	21	571795	Trigger-In:21	152	grating_on	staircase	22	green	right	aware	1	0
571.845	0.000	trigger_20	20	571845	Trigger-In:20	152	grating_off	staircase	22	green	right	aware	1	0
572.445	0.000	trigger_31	31	572445	Trigger-In:31	152	targets_on_fp_color_change	staircase	22	green	right	aware	1	0
573.145	0.000	trigger_201	201	573145	Trigger-In:201	152	trial_end_completed	staircase	22	green	right	aware	1	0
574.215	0.000	trigger_101	101	574215	Trigger-In:101	153	trial_start	staircase	21	red	left	aware	1	0
574.320	0.000	trigger_11	11	574320	Trigger-In:11	153	fixation_point_on	staircase	21	red	left	aware	1	0
574.920	0.000	trigger_21	21	574920	Trigger-In:21	153	grating_on	staircase	21	red	left	aware	1	0
574.970	0.000	trigger_20	20	574970	Trigger-In:20	153	grating_off	staircase	21	red	left	aware	1	0
575.570	0.000	trigger_31	31	575570	Trigger-In:31	153	targets_on_fp_color_change	staircase	21	red	left	aware	1	0
576.260	0.000	trigger_201	201	576260	Trigger-In:201	153	trial_end_completed	staircase	21	red	left	aware	1	0
577.325	0.000	trigger_101	101	577325	Trigger-In:101	154	trial_start	staircase	20	red	left	aware	1	0
577.430	0.000	trigger_11	11	577430	Trigger-In:11	154	fixation_point_on	staircase	20	red	left	aware	1	0
578.030	0.000	trigger_21	21	578030	Trigger-In:21	154	grating_on	staircase	20	red	left	aware	1	0
578.085	0.000	trigger_20	20	578085	Trigger-In:20	154	grating_off	staircase	20	red	left	aware	1	0
578.685	0.000	trigger_31	31	578685	Trigger-In:31	154	targets_on_fp_color_change	staircase	20	red	left	aware	1	0
579.365	0.000	trigger_201	201	579365	Trigger-In:201	154	trial_end_completed	staircase	20	red	left	aware	1	0
580.430	0.000	trigger_101	101	580430	Trigger-In:101	155	trial_start	staircase	19	red	left	aware	1	0
580.535	0.000	trigger_11	11	580535	Trigger-In:11	155	fixation_point_on	staircase	19	red	left	aware	1	0
581.135	0.000	trigger_21	21	581135	Trigger-In:21	155	grating_on	staircase	19	red	left	aware	1	0
581.185	0.000	trigger_20	20	581185	Trigger-In:20	155	grating_off	staircase	19	red	left	aware	1	0
581.785	0.000	trigger_31	31	581785	Trigger-In:31	155	targets_on_fp_color_change	staircase	19	red	left	aware	1	0
582.460	0.000	trigger_201	201	582460	Trigger-In:201	155	trial_end_completed	staircase	19	red	left	aware	1	0
583.525	0.000	trigger_101	101	583525	Trigger-In:101	156	trial_start	salient	0	red	right	unaware	1	0
583.630	0.000	trigger_11	11	583630	Trigger-In:11	156	fixation_point_on	salient	0	red	right	unaware	1	0
584.235	0.000	trigger_21	21	584235	Trigger-In:21	156	grating_on	salient	0	red	right	unaware	1	0
584.285	0.000	trigger_20	20	584285	Trigger-In:20	156	grating_off	salient	0	red	right	unaware	1	0
584.885	0.000	trigger_31	31	584885	Trigger-In:31	156	targets_on_fp_color_change	salient	0	red	right	unaware	1	0
585.815	0.000	trigger_201	201	585815	Trigger-In:201	156	trial_end_completed	salient	0	red	right	unaware	1	0
586.880	0.000	trigger_101	101	586880	Trigger-In:101	157	trial_start	staircase	18	green	left	unaware	1	0
586.995	0.000	trigger_11	11	586995	Trigger-In:11	157	fixation_point_on	staircase	18	green	left	unaware	1	0
587.595	0.000	trigger_21	21	587595	Trigger-In:21	157	grating_on	staircase	18	green	left	unaware	1	0
587.645	0.000	trigger_20	20	587645	Trigger-In:20	157	grating_off	staircase	18	green	left	unaware	1	0
588.250	0.000	trigger_31	31	588250	Trigger-In:31	157	targets_on_fp_color_change	staircase	18	green	left	unaware	1	0
589.135	0.000	trigger_201	201	589135	Trigger-In:201	157	trial_end_completed	staircase	18	green	left	unaware	1	0
590.205	0.000	trigger_101	101	590205	Trigger-In:101	158	trial_start	staircase	19	red	left	aware	1	0
590.310	0.000	trigger_11	11	590310	Trigger-In:11	158	fixation_point_on	staircase	19	red	left	aware	1	0
590.910	0.000	trigger_21	21	590910	Trigger-In:21	158	grating_on	staircase	19	red	left	aware	1	0
590.960	0.000	trigger_20	20	590960	Trigger-In:20	158	grating_off	staircase	19	red	left	aware	1	0
591.560	0.000	trigger_31	31	591560	Trigger-In:31	158	targets_on_fp_color_change	staircase	19	red	left	aware	1	0
592.275	0.000	trigger_201	201	592275	Trigger-In:201	158	trial_end_completed	staircase	19	red	left	aware	1	0
593.345	0.000	trigger_101	101	593345	Trigger-In:101	159	trial_start	staircase	18	green	right	aware	1	0
593.450	0.000	trigger_11	11	593450	Trigger-In:11	159	fixation_point_on	staircase	18	green	right	aware	1	0
594.050	0.000	trigger_21	21	594050	Trigger-In:21	159	grating_on	staircase	18	green	right	aware	1	0
594.100	0.000	trigger_20	20	594100	Trigger-In:20	159	grating_off	staircase	18	green	right	aware	1	0
594.700	0.000	trigger_31	31	594700	Trigger-In:31	159	targets_on_fp_color_change	staircase	18	green	right	aware	1	0
595.645	0.000	trigger_201	201	595645	Trigger-In:201	159	trial_end_completed	staircase	18	green	right	aware	1	0
596.715	0.000	trigger_101	101	596715	Trigger-In:101	160	trial_start	staircase	17	red	left	aware	1	0
596.830	0.000	trigger_11	11	596830	Trigger-In:11	160	fixation_point_on	staircase	17	red	left	aware	1	0
597.430	0.000	trigger_21	21	597430	Trigger-In:21	160	grating_on	staircase	17	red	left	aware	1	0
597.480	0.000	trigger_20	20	597480	Trigger-In:20	160	grating_off	staircase	17	red	left	aware	1	0
598.080	0.000	trigger_31	31	598080	Trigger-In:31	160	targets_on_fp_color_change	staircase	17	red	left	aware	1	0
598.720	0.000	trigger_201	201	598720	Trigger-In:201	160	trial_end_completed	staircase	17	red	left	aware	1	0
599.790	0.000	trigger_101	101	599790	Trigger-In:101	161	trial_start	staircase	16	green	left	unaware	1	0
599.895	0.000	trigger_11	11	599895	Trigger-In:11	161	fixation_point_on	staircase	16	green	left	unaware	1	0
600.495	0.000	trigger_21	21	600495	Trigger-In:21	161	grating_on	staircase	16	green	left	unaware	1	0
600.550	0.000	trigger_20	20	600550	Trigger-In:20	161	grating_off	staircase	16	green	left	unaware	1	0
601.150	0.000	trigger_31	31	601150	Trigger-In:31	161	targets_on_fp_color_change	staircase	16	green	left	unaware	1	0
601.980	0.000	trigger_201	201	601980	Trigger-In:201	161	trial_end_completed	staircase	16	green	left	unaware	1	0
603.045	0.000	trigger_101	101	603045	Trigger-In:101	162	trial_start	staircase	17	green	left	unaware	1	0
603.150	0.000	trigger_11	11	603150	Trigger-In:11	162	fixation_point_on	staircase	17	green	left	unaware	1	0
603.750	0.000	trigger_21	21	603750	Trigger-In:21	162	grating_on	staircase	17	green	left	unaware	1	0
603.800	0.000	trigger_20	20	603800	Trigger-In:20	162	grating_off	staircase	17	green	left	unaware	1	0
604.405	0.000	trigger_31	31	604405	Trigger-In:31	162	targets_on_fp_color_change	staircase	17	green	left	unaware	1	0
605.165	0.000	trigger_201	201	605165	Trigger-In:201	162	trial_end_completed	staircase	17	green	left	unaware	1	0
606.230	0.000	trigger_101	101	606230	Trigger-In:101	163	trial_start	staircase	18	green	left	unaware	1	0
606.335	0.000	trigger_11	11	606335	Trigger-In:11	163	fixation_point_on	staircase	18	green	left	unaware	1	0
606.935	0.000	trigger_21	21	606935	Trigger-In:21	163	grating_on	staircase	18	green	left	unaware	1	0
606.985	0.000	trigger_20	20	606985	Trigger-In:20	163	grating_off	staircase	18	green	left	unaware	1	0
607.585	0.000	trigger_31	31	607585	Trigger-In:31	163	targets_on_fp_color_change	staircase	18	green	left	unaware	1	0
608.435	0.000	trigger_201	201	608435	Trigger-In:201	163	trial_end_completed	staircase	18	green	left	unaware	1	0
609.505	0.000	trigger_101	101	609505	Trigger-In:101	164	trial_start	staircase	19	green	right	aware	1	0
609.610	0.000	trigger_11	11	609610	Trigger-In:11	164	fixation_point_on	staircase	19	green	right	aware	1	0
610.210	0.000	trigger_21	21	610210	Trigger-In:21	164	grating_on	staircase	19	green	right	aware	1	0
610.260	0.000	trigger_20	20	610260	Trigger-In:20	164	grating_off	staircase	19	green	right	aware	1	0
610.860	0.000	trigger_31	31	610860	Trigger-In:31	164	targets_on_fp_color_change	staircase	19	green	right	aware	1	0
611.600	0.000	trigger_201	201	611600	Trigger-In:201	164	trial_end_completed	staircase	19	green	right	aware	1	0
612.665	0.000	trigger_101	101	612665	Trigger-In:101	165	trial_start	staircase	18	red	right	unaware	1	0
612.770	0.000	trigger_11	11	612770	Trigger-In:11	165	fixation_point_on	staircase	18	red	right	unaware	1	0
613.370	0.000	trigger_21	21	613370	Trigger-In:21	165	grating_on	staircase	18	red	right	unaware	1	0
613.425	0.000	trigger_20	20	613425	Trigger-In:20	165	grating_off	staircase	18	red	right	unaware	1	0
614.025	0.000	trigger_31	31	614025	Trigger-In:31	165	targets_on_fp_color_change	staircase	18	red	right	unaware	1	0
615.065	0.000	trigger_201	201	615065	Trigger-In:201	165	trial_end_completed	staircase	18	red	right	unaware	1	0
616.135	0.000	trigger_101	101	616135	Trigger-In:101	166	trial_start	staircase	19	green	left	unaware	1	0
616.240	0.000	trigger_11	11	616240	Trigger-In:11	166	fixation_point_on	staircase	19	green	left	unaware	1	0
616.840	0.000	trigger_21	21	616840	Trigger-In:21	166	grating_on	staircase	19	green	left	unaware	1	0
616.895	0.000	trigger_20	20	616895	Trigger-In:20	166	grating_off	staircase	19	green	left	unaware	1	0
617.495	0.000	trigger_31	31	617495	Trigger-In:31	166	targets_on_fp_color_change	staircase	19	green	left	unaware	1	0
618.195	0.000	trigger_201	201	618195	Trigger-In:201	166	trial_end_completed	staircase	19	green	left	unaware	1	0
619.265	0.000	trigger_101	101	619265	Trigger-In:101	167	trial_start	staircase	20	red	left	aware	1	0
619.370	0.000	trigger_11	11	619370	Trigger-In:11	167	fixation_point_on	staircase	20	red	left	aware	1	0
619.970	0.000	trigger_21	21	619970	Trigger-In:21	167	grating_on	staircase	20	red	left	aware	1	0
620.020	0.000	trigger_20	20	620020	Trigger-In:20	167	grating_off	staircase	20	red	left	aware	1	0
620.620	0.000	trigger_31	31	620620	Trigger-In:31	167	targets_on_fp_color_change	staircase	20	red	left	aware	1	0
621.465	0.000	trigger_201	201	621465	Trigger-In:201	167	trial_end_completed	staircase	20	red	left	aware	1	0
622.530	0.000	trigger_101	101	622530	Trigger-In:101	168	trial_start	staircase	19	green	right	aware	1	0
622.635	0.000	trigger_11	11	622635	Trigger-In:11	168	fixation_point_on	staircase	19	green	right	aware	1	0
623.235	0.000	trigger_21	21	623235	Trigger-In:21	168	grating_on	staircase	19	green	right	aware	1	0
623.290	0.000	trigger_20	20	623290	Trigger-In:20	168	grating_off	staircase	19	green	right	aware	1	0
623.890	0.000	trigger_31	31	623890	Trigger-In:31	168	targets_on_fp_color_change	staircase	19	green	right	aware	1	0
624.890	0.000	trigger_201	201	624890	Trigger-In:201	168	trial_end_completed	staircase	19	green	right	aware	1	0
625.960	0.000	trigger_101	101	625960	Trigger-In:101	169	trial_start	absent	50	red	left	aware	1	0
626.060	0.000	trigger_11	11	626060	Trigger-In:11	169	fixation_point_on	absent	50	red	left	aware	1	0
626.660	0.000	trigger_21	21	626660	Trigger-In:21	169	grating_on	absent	50	red	left	aware	1	0
626.715	0.000	trigger_20	20	626715	Trigger-In:20	169	grating_off	absent	50	red	left	aware	1	0
627.315	0.000	trigger_31	31	627315	Trigger-In:31	169	targets_on_fp_color_change	absent	50	red	left	aware	1	0
627.980	0.000	trigger_201	201	627980	Trigger-In:201	169	trial_end_completed	absent	50	red	left	aware	1	0
629.050	0.000	trigger_101	101	629050	Trigger-In:101	170	trial_start	staircase	18	red	left	aware	1	0
629.155	0.000	trigger_11	11	629155	Trigger-In:11	170	fixation_point_on	staircase	18	red	left	aware	1	0
629.755	0.000	trigger_21	21	629755	Trigger-In:21	170	grating_on	staircase	18	red	left	aware	1	0
629.805	0.000	trigger_20	20	629805	Trigger-In:20	170	grating_off	staircase	18	red	left	aware	1	0
630.405	0.000	trigger_31	31	630405	Trigger-In:31	170	targets_on_fp_color_change	staircase	18	red	left	aware	1	0
631.125	0.000	trigger_201	201	631125	Trigger-In:201	170	trial_end_completed	staircase	18	red	left	aware	1	0
632.190	0.000	trigger_101	101	632190	Trigger-In:101	171	trial_start	staircase	17	red	right	unaware	1	0
632.300	0.000	trigger_11	11	632300	Trigger-In:11	171	fixation_point_on	staircase	17	red	right	unaware	1	0
632.900	0.000	trigger_21	21	632900	Trigger-In:21	171	grating_on	staircase	17	red	right	unaware	1	0
632.950	0.000	trigger_20	20	632950	Trigger-In:20	171	grating_off	staircase	17	red	right	unaware	1	0
633.550	0.000	trigger_31	31	633550	Trigger-In:31	171	targets_on_fp_color_change	staircase	17	red	right	unaware	1	0
634.395	0.000	trigger_201	201	634395	Trigger-In:201	171	trial_end_completed	staircase	17	red	right	unaware	1	0
635.465	0.000	trigger_101	101	635465	Trigger-In:101	172	trial_start	staircase	18	red	right	unaware	1	0
635.570	0.000	trigger_11	11	635570	Trigger-In:11	172	fixation_point_on	staircase	18	red	right	unaware	1	0
636.170	0.000	trigger_21	21	636170	Trigger-In:21	172	grating_on	staircase	18	red	right	unaware	1	0
636.220	0.000	trigger_20	20	636220	Trigger-In:20	172	grating_off	staircase	18	red	right	unaware	1	0
636.820	0.000	trigger_31	31	636820	Trigger-In:31	172	targets_on_fp_color_change	staircase	18	red	right	unaware	1	0
637.825	0.000	trigger_201	201	637825	Trigger-In:201	172	trial_end_completed	staircase	18	red	right	unaware	1	0
638.895	0.000	trigger_101	101	638895	Trigger-In:101	173	trial_start	staircase	19	green	left	unaware	1	0
639.000	0.000	trigger_11	11	639000	Trigger-In:11	173	fixation_point_on	staircase	19	green	left	unaware	1	0
639.600	0.000	trigger_21	21	639600	Trigger-In:21	173	grating_on	staircase	19	green	left	unaware	1	0
639.650	0.000	trigger_20	20	639650	Trigger-In:20	173	grating_off	staircase	19	green	left	unaware	1	0
640.250	0.000	trigger_31	31	640250	Trigger-In:31	173	targets_on_fp_color_change	staircase	19	green	left	unaware	1	0
641.165	0.000	trigger_201	201	641165	Trigger-In:201	173	trial_end_completed	staircase	19	green	left	unaware	1	0
642.235	0.000	trigger_101	101	642235	Trigger-In:101	174	trial_start	staircase	20	green	right	aware	1	0
642.335	0.000	trigger_11	11	642335	Trigger-In:11	174	fixation_point_on	staircase	20	green	right	aware	1	0
642.940	0.000	trigger_21	21	642940	Trigger-In:21	174	grating_on	staircase	20	green	right	aware	1	0
642.990	0.000	trigger_20	20	642990	Trigger-In:20	174	grating_off	staircase	20	green	right	aware	1	0
643.590	0.000	trigger_31	31	643590	Trigger-In:31	174	targets_on_fp_color_change	staircase	20	green	right	aware	1	0
644.295	0.000	trigger_201	201	644295	Trigger-In:201	174	trial_end_completed	staircase	20	green	right	aware	1	0
645.365	0.000	trigger_101	101	645365	Trigger-In:101	175	trial_start	absent	50	red	left	aware	1	0
645.465	0.000	trigger_11	11	645465	Trigger-In:11	175	fixation_point_on	absent	50	red	left	aware	1	0
646.070	0.000	trigger_21	21	646070	Trigger-In:21	175	grating_on	absent	50	red	left	aware	1	0
646.120	0.000	trigger_20	20	646120	Trigger-In:20	175	grating_off	absent	50	red	left	aware	1	0
646.720	0.000	trigger_31	31	646720	Trigger-In:31	175	targets_on_fp_color_change	absent	50	red	left	aware	1	0
647.660	0.000	trigger_201	201	647660	Trigger-In:201	175	trial_end_completed	absent	50	red	left	aware	1	0
648.730	0.000	trigger_101	101	648730	Trigger-In:101	176	trial_start	staircase	19	red	left	aware	1	0
648.835	0.000	trigger_11	11	648835	Trigger-In:11	176	fixation_point_on	staircase	19	red	left	aware	1	0
649.435	0.000	trigger_21	21	649435	Trigger-In:21	176	grating_on	staircase	19	red	left	aware	1	0
649.485	0.000	trigger_20	20	649485	Trigger-In:20	176	grating_off	staircase	19	red	left	aware	1	0
650.085	0.000	trigger_31	31	650085	Trigger-In:31	176	targets_on_fp_color_change	staircase	19	red	left	aware	1	0
650.960	0.000	trigger_201	201	650960	Trigger-In:201	176	trial_end_completed	staircase	19	red	left	aware	1	0
652.030	0.000	trigger_101	101	652030	Trigger-In:101	177	trial_start	staircase	18	green	right	aware	1	0
652.130	0.000	trigger_11	11	652130	Trigger-In:11	177	fixation_point_on	staircase	18	green	right	aware	1	0
652.730	0.000	trigger_21	21	652730	Trigger-In:21	177	grating_on	staircase	18	green	right	aware	1	0
652.780	0.000	trigger_20	20	652780	Trigger-In:20	177	grating_off	staircase	18	green	right	aware	1	0
653.380	0.000	trigger_31	31	653380	Trigger-In:31	177	targets_on_fp_color_change	staircase	18	green	right	aware	1	0
654.145	0.000	trigger_201	201	654145	Trigger-In:201	177	trial_end_completed	staircase	18	green	right	aware	1	0
655.210	0.000	trigger_101	101	655210	Trigger-In:101	178	trial_start	staircase	17	green	right	aware	1	0
655.315	0.000	trigger_11	11	655315	Trigger-In:11	178	fixation_point_on	staircase	17	green	right	aware	1	0
655.915	0.000	trigger_21	21	655915	Trigger-In:21	178	grating_on	staircase	17	green	right	aware	1	0
655.970	0.000	trigger_20	20	655970	Trigger-In:20	178	grating_off	staircase	17	green	right	aware	1	0
656.570	0.000	trigger_31	31	656570	Trigger-In:31	178	targets_on_fp_color_change	staircase	17	green	right	aware	1	0
657.530	0.000	trigger_201	201	657530	Trigger-In:201	178	trial_end_completed	staircase	17	green	right	aware	1	0
658.595	0.000	trigger_101	101	658595	Trigger-In:101	179	trial_start	staircase	16	green	left	unaware	1	0
658.700	0.000	trigger_11	11	658700	Trigger-In:11	179	fixation_point_on	staircase	16	green	left	unaware	1	0
659.300	0.000	trigger_21	21	659300	Trigger-In:21	179	grating_on	staircase	16	green	left	unaware	1	0
659.350	0.000	trigger_20	20	659350	Trigger-In:20	179	grating_off	staircase	16	green	left	unaware	1	0
659.950	0.000	trigger_31	31	659950	Trigger-In:31	179	targets_on_fp_color_change	staircase	16	green	left	unaware	1	0
660.845	0.000	trigger_201	201	660845	Trigger-In:201	179	trial_end_completed	staircase	16	green	left	unaware	1	0
661.915	0.000	trigger_101	101	661915	Trigger-In:101	180	trial_start	staircase	17	red	right	unaware	1	0
662.020	0.000	trigger_11	11	662020	Trigger-In:11	180	fixation_point_on	staircase	17	red	right	unaware	1	0
662.620	0.000	trigger_21	21	662620	Trigger-In:21	180	grating_on	staircase	17	red	right	unaware	1	0
662.670	0.000	trigger_20	20	662670	Trigger-In:20	180	grating_off	staircase	17	red	right	unaware	1	0
663.270	0.000	trigger_31	31	663270	Trigger-In:31	180	targets_on_fp_color_change	staircase	17	red	right	unaware	1	0
664.380	0.000	trigger_201	201	664380	Trigger-In:201	180	trial_end_completed	staircase	17	red	right	unaware	1	0
