onset	duration	trial_type	value	sample	source_annotation	trial	event_name	stim_presence	contrast	fp_color	response	awareness	trial_complete	fixation_break
62.375	0.000	trigger_101	101	62375	Trigger-In:101	1	trial_start	salient	0	green	left	unaware	1	0
62.570	0.000	trigger_11	11	62570	Trigger-In:11	1	fixation_point_on	salient	0	green	left	unaware	1	0
63.170	0.000	trigger_21	21	63170	Trigger-In:21	1	grating_on	salient	0	green	left	unaware	1	0
63.235	0.000	trigger_20	20	63235	Trigger-In:20	1	grating_off	salient	0	green	left	unaware	1	0
63.840	0.000	trigger_31	31	63840	Trigger-In:31	1	targets_on_fp_color_change	salient	0	green	left	unaware	1	0
65.055	0.000	trigger_201	201	65055	Trigger-In:201	1	trial_end_completed	salient	0	green	left	unaware	1	0
66.295	0.000	trigger_101	101	66295	Trigger-In:101	2	trial_start	staircase	18	red	left	aware	1	0
66.405	0.000	trigger_11	11	66405	Trigger-In:11	2	fixation_point_on	staircase	18	red	left	aware	1	0
67.005	0.000	trigger_21	21	67005	Trigger-In:21	2	grating_on	staircase	18	red	left	aware	1	0
67.055	0.000	trigger_20	20	67055	Trigger-In:20	2	grating_off	staircase	18	red	left	aware	1	0
67.655	0.000	trigger_31	31	67655	Trigger-In:31	2	targets_on_fp_color_change	staircase	18	red	left	aware	1	0
68.525	0.000	trigger_201	201	68525	Trigger-In:201	2	trial_end_completed	staircase	18	red	left	aware	1	0
69.605	0.000	trigger_101	101	69605	Trigger-In:101	3	trial_start	staircase	17	green	right	aware	1	0
69.715	0.000	trigger_11	11	69715	Trigger-In:11	3	fixation_point_on	staircase	17	green	right	aware	1	0
70.315	0.000	trigger_21	21	70315	Trigger-In:21	3	grating_on	staircase	17	green	right	aware	1	0
70.365	0.000	trigger_20	20	70365	Trigger-In:20	3	grating_off	staircase	17	green	right	aware	1	0
70.965	0.000	trigger_31	31	70965	Trigger-In:31	3	targets_on_fp_color_change	staircase	17	green	right	aware	1	0
71.795	0.000	trigger_201	201	71795	Trigger-In:201	3	trial_end_completed	staircase	17	green	right	aware	1	0
72.865	0.000	trigger_101	101	72865	Trigger-In:101	4	trial_start	staircase	16	red	left	aware	1	0
72.970	0.000	trigger_11	11	72970	Trigger-In:11	4	fixation_point_on	staircase	16	red	left	aware	1	0
73.570	0.000	trigger_21	21	73570	Trigger-In:21	4	grating_on	staircase	16	red	left	aware	1	0
73.620	0.000	trigger_20	20	73620	Trigger-In:20	4	grating_off	staircase	16	red	left	aware	1	0
74.220	0.000	trigger_31	31	74220	Trigger-In:31	4	targets_on_fp_color_change	staircase	16	red	left	aware	1	0
74.945	0.000	trigger_201	201	74945	Trigger-In:201	4	trial_end_completed	staircase	16	red	left	aware	1	0
76.015	0.000	trigger_101	101	76015	Trigger-In:101	5	trial_start	staircase	15	red	left	aware	1	0
76.120	0.000	trigger_11	11	76120	Trigger-In:11	5	fixation_point_on	staircase	15	red	left	aware	1	0
76.720	0.000	trigger_21	21	76720	Trigger-In:21	5	grating_on	staircase	15	red	left	aware	1	0
76.770	0.000	trigger_20	20	76770	Trigger-In:20	5	grating_off	staircase	15	red	left	aware	1	0
77.370	0.000	trigger_31	31	77370	Trigger-In:31	5	targets_on_fp_color_change	staircase	15	red	left	aware	1	0
78.070	0.000	trigger_201	201	78070	Trigger-In:201	5	trial_end_completed	staircase	15	red	left	aware	1	0
79.145	0.000	trigger_101	101	79145	Trigger-In:101	6	trial_start	staircase	14	red	right	unaware	1	0
79.250	0.000	trigger_11	11	79250	Trigger-In:11	6	fixation_point_on	staircase	14	red	right	unaware	1	0
79.850	0.000	trigger_21	21	79850	Trigger-In:21	6	grating_on	staircase	14	red	right	unaware	1	0
79.900	0.000	trigger_20	20	79900	Trigger-In:20	6	grating_off	staircase	14	red	right	unaware	1	0
80.500	0.000	trigger_31	31	80500	Trigger-In:31	6	targets_on_fp_color_change	staircase	14	red	right	unaware	1	0
81.520	0.000	trigger_201	201	81520	Trigger-In:201	6	trial_end_completed	staircase	14	red	right	unaware	1	0
82.585	0.000	trigger_101	101	82585	Trigger-In:101	7	trial_start	staircase	15	red	left	aware	1	0
82.690	0.000	trigger_11	11	82690	Trigger-In:11	7	fixation_point_on	staircase	15	red	left	aware	1	0
83.290	0.000	trigger_21	21	83290	Trigger-In:21	7	grating_on	staircase	15	red	left	aware	1	0
83.340	0.000	trigger_20	20	83340	Trigger-In:20	7	grating_off	staircase	15	red	left	aware	1	0
83.940	0.000	trigger_31	31	83940	Trigger-In:31	7	targets_on_fp_color_change	staircase	15	red	left	aware	1	0
84.680	0.000	trigger_201	201	84680	Trigger-In:201	7	trial_end_completed	staircase	15	red	left	aware	1	0
85.745	0.000	trigger_101	101	85745	Trigger-In:101	8	trial_start	staircase	14	green	left	unaware	1	0
85.965	0.000	trigger_11	11	85965	Trigger-In:11	8	fixation_point_on	staircase	14	green	left	unaware	1	0
86.565	0.000	trigger_21	21	86565	Trigger-In:21	8	grating_on	staircase	14	green	left	unaware	1	0
86.615	0.000	trigger_20	20	86615	Trigger-In:20	8	grating_off	staircase	14	green	left	unaware	1	0
87.215	0.000	trigger_31	31	87215	Trigger-In:31	8	targets_on_fp_color_change	staircase	14	green	left	unaware	1	0
88.425	0.000	trigger_201	201	88425	Trigger-In:201	8	trial_end_completed	staircase	14	green	left	unaware	1	0
89.490	0.000	trigger_101	101	89490	Trigger-In:101	9	trial_start	staircase	15	red	right	unaware	1	0
89.595	0.000	trigger_11	11	89595	Trigger-In:11	9	fixation_point_on	staircase	15	red	right	unaware	1	0
90.200	0.000	trigger_21	21	90200	Trigger-In:21	9	grating_on	staircase	15	red	right	unaware	1	0
90.250	0.000	trigger_20	20	90250	Trigger-In:20	9	grating_off	staircase	15	red	right	unaware	1	0
90.850	0.000	trigger_31	31	90850	Trigger-In:31	9	targets_on_fp_color_change	staircase	15	red	right	unaware	1	0
92.335	0.000	trigger_201	201	92335	Trigger-In:201	9	trial_end_completed	staircase	15	red	right	unaware	1	0
93.400	0.000	trigger_101	101	93400	Trigger-In:101	10	trial_start	salient	0	red	right	unaware	1	0
93.505	0.000	trigger_11	11	93505	Trigger-In:11	10	fixation_point_on	salient	0	red	right	unaware	1	0
94.105	0.000	trigger_21	21	94105	Trigger-In:21	10	grating_on	salient	0	red	right	unaware	1	0
94.155	0.000	trigger_20	20	94155	Trigger-In:20	10	grating_off	salient	0	red	right	unaware	1	0
94.755	0.000	trigger_31	31	94755	Trigger-In:31	10	targets_on_fp_color_change	salient	0	red	right	unaware	1	0
96.020	0.000	trigger_201	201	96020	Trigger-In:201	10	trial_end_completed	salient	0	red	right	unaware	1	0
97.085	0.000	trigger_101	101	97085	Trigger-In:101	11	trial_start	staircase	16	red	right	unaware	1	0
97.185	0.000	trigger_11	11	97185	Trigger-In:11	11	fixation_point_on	staircase	16	red	right	unaware	1	0
97.790	0.000	trigger_21	21	97790	Trigger-In:21	11	grating_on	staircase	16	red	right	unaware	1	0
97.840	0.000	trigger_20	20	97840	Trigger-In:20	11	grating_off	staircase	16	red	right	unaware	1	0
98.440	0.000	trigger_31	31	98440	Trigger-In:31	11	targets_on_fp_color_change	staircase	16	red	right	unaware	1	0
99.445	0.000	trigger_201	201	99445	Trigger-In:201	11	trial_end_completed	staircase	16	red	right	unaware	1	0
100.510	0.000	trigger_101	101	100510	Trigger-In:101	12	trial_start	staircase	17	green	right	aware	1	0
100.640	0.000	trigger_11	11	100640	Trigger-In:11	12	fixation_point_on	staircase	17	green	right	aware	1	0
101.245	0.000	trigger_21	21	101245	Trigger-In:21	12	grating_on	staircase	17	green	right	aware	1	0
101.295	0.000	trigger_20	20	101295	Trigger-In:20	12	grating_off	staircase	17	green	right	aware	1	0
101.895	0.000	trigger_31	31	101895	Trigger-In:31	12	targets_on_fp_color_change	staircase	17	green	right	aware	1	0
102.945	0.000	trigger_201	201	102945	Trigger-In:201	12	trial_end_completed	staircase	17	green	right	aware	1	0
104.015	0.000	trigger_101	101	104015	Trigger-In:101	13	trial_start	staircase	16	red	left	aware	1	0
104.135	0.000	trigger_11	11	104135	Trigger-In:11	13	fixation_point_on	staircase	16	red	left	aware	1	0
104.735	0.000	trigger_21	21	104735	Trigger-In:21	13	grating_on	staircase	16	red	left	aware	1	0
104.785	0.000	trigger_20	20	104785	Trigger-In:20	13	grating_off	staircase	16	red	left	aware	1	0
105.385	0.000	trigger_31	31	105385	Trigger-In:31	13	targets_on_fp_color_change	staircase	16	red	left	aware	1	0
106.110	0.000	trigger_201	201	106110	Trigger-In:201	13	trial_end_completed	staircase	16	red	left	aware	1	0
107.180	0.000	trigger_101	101	107180	Trigger-In:101	14	trial_start	staircase	15	red	right	unaware	1	0
107.295	0.000	trigger_11	11	107295	Trigger-In:11	14	fixation_point_on	staircase	15	red	right	unaware	1	0
107.900	0.000	trigger_21	21	107900	Trigger-In:21	14	grating_on	staircase	15	red	right	unaware	1	0
107.950	0.000	trigger_20	20	107950	Trigger-In:20	14	grating_off	staircase	15	red	right	unaware	1	0
108.550	0.000	trigger_31	31	108550	Trigger-In:31	14	targets_on_fp_color_change	staircase	15	red	right	unaware	1	0
109.545	0.000	trigger_201	201	109545	Trigger-In:201	14	trial_end_completed	staircase	15	red	right	unaware	1	0
110.610	0.000	trigger_101	101	110610	Trigger-In:101	15	trial_start	absent	50	green	right	aware	1	0
110.715	0.000	trigger_11	11	110715	Trigger-In:11	15	fixation_point_on	absent	50	green	right	aware	1	0
111.315	0.000	trigger_21	21	111315	Trigger-In:21	15	grating_on	absent	50	green	right	aware	1	0
111.365	0.000	trigger_20	20	111365	Trigger-In:20	15	grating_off	absent	50	green	right	aware	1	0
111.965	0.000	trigger_31	31	111965	Trigger-In:31	15	targets_on_fp_color_change	absent	50	green	right	aware	1	0
112.880	0.000	trigger_201	201	112880	Trigger-In:201	15	trial_end_completed	absent	50	green	right	aware	1	0
113.945	0.000	trigger_101	101	113945	Trigger-In:101	16	trial_start	staircase	16	green	right	aware	1	0
114.050	0.000	trigger_11	11	114050	Trigger-In:11	16	fixation_point_on	staircase	16	green	right	aware	1	0
114.650	0.000	trigger_21	21	114650	Trigger-In:21	16	grating_on	staircase	16	green	right	aware	1	0
114.705	0.000	trigger_20	20	114705	Trigger-In:20	16	grating_off	staircase	16	green	right	aware	1	0
115.305	0.000	trigger_31	31	115305	Trigger-In:31	16	targets_on_fp_color_change	staircase	16	green	right	aware	1	0
116.055	0.000	trigger_201	201	116055	Trigger-In:201	16	trial_end_completed	staircase	16	green	right	aware	1	0
117.120	0.000	trigger_101	101	117120	Trigger-In:101	17	trial_start	staircase	15	red	left	aware	1	0
117.225	0.000	trigger_11	11	117225	Trigger-In:11	17	fixation_point_on	staircase	15	red	left	aware	1	0
117.825	0.000	trigger_21	21	117825	Trigger-In:21	17	grating_on	staircase	15	red	left	aware	1	0
117.875	0.000	trigger_20	20	117875	Trigger-In:20	17	grating_off	staircase	15	red	left	aware	1	0
118.480	0.000	trigger_31	31	118480	Trigger-In:31	17	targets_on_fp_color_change	staircase	15	red	left	aware	1	0
119.440	0.000	trigger_201	201	119440	Trigger-In:201	17	trial_end_completed	staircase	15	red	left	aware	1	0
120.510	0.000	trigger_101	101	120510	Trigger-In:101	18	trial_start	staircase	14	red	right	unaware	1	0
120.615	0.000	trigger_11	11	120615	Trigger-In:11	18	fixation_point_on	staircase	14	red	right	unaware	1	0
121.215	0.000	trigger_21	21	121215	Trigger-In:21	18	grating_on	staircase	14	red	right	unaware	1	0
121.270	0.000	trigger_20	20	121270	Trigger-In:20	18	grating_off	staircase	14	red	right	unaware	1	0
121.870	0.000	trigger_31	31	121870	Trigger-In:31	18	targets_on_fp_color_change	staircase	14	red	right	unaware	1	0
123.275	0.000	trigger_201	201	123275	Trigger-In:201	18	trial_end_completed	staircase	14	red	right	unaware	1	0
124.340	0.000	trigger_101	101	124340	Trigger-In:101	19	trial_start	staircase	15	green	left	unaware	1	0
124.445	0.000	trigger_11	11	124445	Trigger-In:11	19	fixation_point_on	staircase	15	green	left	unaware	1	0
125.045	0.000	trigger_21	21	125045	Trigger-In:21	19	grating_on	staircase	15	green	left	unaware	1	0
125.095	0.000	trigger_20	20	125095	Trigger-In:20	19	grating_off	staircase	15	green	left	unaware	1	0
125.695	0.000	trigger_31	31	125695	Trigger-In:31	19	targets_on_fp_color_change	staircase	15	green	left	unaware	1	0
126.705	0.000	trigger_201	201	126705	Trigger-In:201	19	trial_end_completed	staircase	15	green	left	unaware	1	0
127.770	0.000	trigger_101	101	127770	Trigger-In:101	20	trial_start	staircase	16	red	left	aware	1	0
127.875	0.000	trigger_11	11	127875	Trigger-In:11	20	fixation_point_on	staircase	16	red	left	aware	1	0
128.475	0.000	trigger_21	21	128475	Trigger-In:21	20	grating_on	staircase	16	red	left	aware	1	0
128.525	0.000	trigger_20	20	128525	Trigger-In:20	20	grating_off	staircase	16	red	left	aware	1	0
129.125	0.000	trigger_31	31	129125	Trigger-In:31	20	targets_on_fp_color_change	staircase	16	red	left	aware	1	0
130.275	0.000	trigger_201	201	130275	Trigger-In:201	20	trial_end_completed	staircase	16	red	left	aware	1	0
131.340	0.000	trigger_101	101	131340	Trigger-In:101	21	trial_start	staircase	15	red	right	unaware	1	0
131.445	0.000	trigger_11	11	131445	Trigger-In:11	21	fixation_point_on	staircase	15	red	right	unaware	1	0
132.050	0.000	trigger_21	21	132050	Trigger-In:21	21	grating_on	staircase	15	red	right	unaware	1	0
132.100	0.000	trigger_20	20	132100	Trigger-In:20	21	grating_off	staircase	15	red	right	unaware	1	0
132.700	0.000	trigger_31	31	132700	Trigger-In:31	21	targets_on_fp_color_change	staircase	15	red	right	unaware	1	0
133.770	0.000	trigger_201	201	133770	Trigger-In:201	21	trial_end_completed	staircase	15	red	right	unaware	1	0
134.840	0.000	trigger_101	101	134840	Trigger-In:101	22	trial_start	salient	0	red	left	aware	1	0
134.945	0.000	trigger_11	11	134945	Trigger-In:11	22	fixation_point_on	salient	0	red	left	aware	1	0
135.545	0.000	trigger_21	21	135545	Trigger-In:21	22	grating_on	salient	0	red	left	aware	1	0
135.595	0.000	trigger_20	20	135595	Trigger-In:20	22	grating_off	salient	0	red	left	aware	1	0
136.195	0.000	trigger_31	31	136195	Trigger-In:31	22	targets_on_fp_color_change	salient	0	red	left	aware	1	0
137.800	0.000	trigger_201	201	137800	Trigger-In:201	22	trial_end_completed	salient	0	red	left	aware	1	0
139.125	0.000	trigger_101	101	139125	Trigger-In:101	23	trial_start	staircase	16	red	left	aware	1	0
139.230	0.000	trigger_11	11	139230	Trigger-In:11	23	fixation_point_on	staircase	16	red	left	aware	1	0
139.830	0.000	trigger_21	21	139830	Trigger-In:21	23	grating_on	staircase	16	red	left	aware	1	0
139.880	0.000	trigger_20	20	139880	Trigger-In:20	23	grating_off	staircase	16	red	left	aware	1	0
140.485	0.000	trigger_31	31	140485	Trigger-In:31	23	targets_on_fp_color_change	staircase	16	red	left	aware	1	0
141.580	0.000	trigger_201	201	141580	Trigger-In:201	23	trial_end_completed	staircase	16	red	left	aware	1	0
142.645	0.000	trigger_101	101	142645	Trigger-In:101	24	trial_start	salient	0	red	right	unaware	1	0
142.750	0.000	trigger_11	11	142750	Trigger-In:11	24	fixation_point_on	salient	0	red	right	unaware	1	0
143.350	0.000	trigger_21	21	143350	Trigger-In:21	24	grating_on	salient	0	red	right	unaware	1	0
143.405	0.000	trigger_20	20	143405	Trigger-In:20	24	grating_off	salient	0	red	right	unaware	1	0
144.005	0.000	trigger_31	31	144005	Trigger-In:31	24	targets_on_fp_color_change	salient	0	red	right	unaware	1	0
145.125	0.000	trigger_201	201	145125	Trigger-In:201	24	trial_end_completed	salient	0	red	right	unaware	1	0
146.195	0.000	trigger_101	101	146195	Trigger-In:101	25	trial_start	staircase	15	green	right	aware	1	0
146.300	0.000	trigger_11	11	146300	Trigger-In:11	25	fixation_point_on	staircase	15	green	right	aware	1	0
146.900	0.000	trigger_21	21	146900	Trigger-In:21	25	grating_on	staircase	15	green	right	aware	1	0
146.950	0.000	trigger_20	20	146950	Trigger-In:20	25	grating_off	staircase	15	green	right	aware	1	0
147.550	0.000	trigger_31	31	147550	Trigger-In:31	25	targets_on_fp_color_change	staircase	15	green	right	aware	1	0
148.455	0.000	trigger_201	201	148455	Trigger-In:201	25	trial_end_completed	staircase	15	green	right	aware	1	0
149.520	0.000	trigger_101	101	149520	Trigger-In:101	26	trial_start	staircase	14	red	left	aware	1	0
149.620	0.000	trigger_11	11	149620	Trigger-In:11	26	fixation_point_on	staircase	14	red	left	aware	1	0
150.220	0.000	trigger_21	21	150220	Trigger-In:21	26	grating_on	staircase	14	red	left	aware	1	0
150.270	0.000	trigger_20	20	150270	Trigger-In:20	26	grating_off	staircase	14	red	left	aware	1	0
150.875	0.000	trigger_31	31	150875	Trigger-In:31	26	targets_on_fp_color_change	staircase	14	red	left	aware	1	0
151.985	0.000	trigger_201	201	151985	Trigger-In:201	26	trial_end_completed	staircase	14	red	left	aware	1	0
153.050	0.000	trigger_101	101	153050	Trigger-In:101	27	trial_start	staircase	13	red	right	unaware	1	0
153.155	0.000	trigger_11	11	153155	Trigger-In:11	27	fixation_point_on	staircase	13	red	right	unaware	1	0
153.755	0.000	trigger_21	21	153755	Trigger-In:21	27	grating_on	staircase	13	red	right	unaware	1	0
153.805	0.000	trigger_20	20	153805	Trigger-In:20	27	grating_off	staircase	13	red	right	unaware	1	0
154.405	0.000	trigger_31	31	154405	Trigger-In:31	27	targets_on_fp_color_change	staircase	13	red	right	unaware	1	0
155.485	0.000	trigger_201	201	155485	Trigger-In:201	27	trial_end_completed	staircase	13	red	right	unaware	1	0
156.550	0.000	trigger_101	101	156550	Trigger-In:101	28	trial_start	staircase	14	green	left	unaware	1	0
156.660	0.000	trigger_11	11	156660	Trigger-In:11	28	fixation_point_on	staircase	14	green	left	unaware	1	0
157.260	0.000	trigger_21	21	157260	Trigger-In:21	28	grating_on	staircase	14	green	left	unaware	1	0
157.310	0.000	trigger_20	20	157310	Trigger-In:20	28	grating_off	staircase	14	green	left	unaware	1	0
157.910	0.000	trigger_31	31	157910	Trigger-In:31	28	targets_on_fp_color_change	staircase	14	green	left	unaware	1	0
159.095	0.000	trigger_201	201	159095	Trigger-In:201	28	trial_end_completed	staircase	14	green	left	unaware	1	0
160.160	0.000	trigger_101	101	160160	Trigger-In:101	29	trial_start	staircase	15	green	right	aware	1	0
160.265	0.000	trigger_11	11	160265	Trigger-In:11	29	fixation_point_on	staircase	15	green	right	aware	1	0
160.865	0.000	trigger_21	21	160865	Trigger-In:21	29	grating_on	staircase	15	green	right	aware	1	0
160.915	0.000	trigger_20	20	160915	Trigger-In:20	29	grating_off	staircase	15	green	right	aware	1	0
161.515	0.000	trigger_31	31	161515	Trigger-In:31	29	targets_on_fp_color_change	staircase	15	green	right	aware	1	0
162.410	0.000	trigger_201	201	162410	Trigger-In:201	29	trial_end_completed	staircase	15	green	right	aware	1	0
163.475	0.000	trigger_101	101	163475	Trigger-In:101	30	trial_start	salient	0	green	right	aware	1	0
163.580	0.000	trigger_11	11	163580	Trigger-In:11	30	fixation_point_on	salient	0	green	right	aware	1	0
164.185	0.000	trigger_21	21	164185	Trigger-In:21	30	grating_on	salient	0	green	right	aware	1	0
164.235	0.000	trigger_20	20	164235	Trigger-In:20	30	grating_off	salient	0	green	right	aware	1	0
164.835	0.000	trigger_31	31	164835	Trigger-In:31	30	targets_on_fp_color_change	salient	0	green	right	aware	1	0
165.885	0.000	trigger_201	201	165885	Trigger-In:201	30	trial_end_completed	salient	0	green	right	aware	1	0
167.205	0.000	trigger_101	101	167205	Trigger-In:101	31	trial_start	staircase	14	red	left	aware	1	0
167.310	0.000	trigger_11	11	167310	Trigger-In:11	31	fixation_point_on	staircase	14	red	left	aware	1	0
167.910	0.000	trigger_21	21	167910	Trigger-In:21	31	grating_on	staircase	14	red	left	aware	1	0
167.960	0.000	trigger_20	20	167960	Trigger-In:20	31	grating_off	staircase	14	red	left	aware	1	0
168.560	0.000	trigger_31	31	168560	Trigger-In:31	31	targets_on_fp_color_change	staircase	14	red	left	aware	1	0
170.065	0.000	trigger_201	201	170065	Trigger-In:201	31	trial_end_completed	staircase	14	red	left	aware	1	0
171.130	0.000	trigger_101	101	171130	Trigger-In:101	32	trial_start	staircase	13	green	left	unaware	1	0
171.235	0.000	trigger_11	11	171235	Trigger-In:11	32	fixation_point_on	staircase	13	green	left	unaware	1	0
171.835	0.000	trigger_21	21	171835	Trigger-In:21	32	grating_on	staircase	13	green	left	unaware	1	0
171.885	0.000	trigger_20	20	171885	Trigger-In:20	32	grating_off	staircase	13	green	left	unaware	1	0
172.490	0.000	trigger_31	31	172490	Trigger-In:31	32	targets_on_fp_color_change	staircase	13	green	left	unaware	1	0
173.700	0.000	trigger_201	201	173700	Trigger-In:201	32	trial_end_completed	staircase	13	green	left	unaware	1	0
174.770	0.000	trigger_101	101	174770	Trigger-In:101	33	trial_start	staircase	14	red	right	unaware	1	0
174.870	0.000	trigger_11	11	174870	Trigger-In:11	33	fixation_point_on	staircase	14	red	right	unaware	1	0
175.470	0.000	trigger_21	21	175470	Trigger-In:21	33	grating_on	staircase	14	red	right	unaware	1	0
175.520	0.000	trigger_20	20	175520	Trigger-In:20	33	grating_off	staircase	14	red	right	unaware	1	0
176.125	0.000	trigger_31	31	176125	Trigger-In:31	33	targets_on_fp_color_change	staircase	14	red	right	unaware	1	0
177.260	0.000	trigger_201	201	177260	Trigger-In:201	33	trial_end_completed	staircase	14	red	right	unaware	1	0
178.325	0.000	trigger_101	101	178325	Trigger-In:101	34	trial_start	staircase	15	red	left	aware	1	0
178.430	0.000	trigger_11	11	178430	Trigger-In:11	34	fixation_point_on	staircase	15	red	left	aware	1	0
179.030	0.000	trigger_21	21	179030	Trigger-In:21	34	grating_on	staircase	15	red	left	aware	1	0
179.080	0.000	trigger_20	20	179080	Trigger-In:20	34	grating_off	staircase	15	red	left	aware	1	0
179.680	0.000	trigger_31	31	179680	Trigger-In:31	34	targets_on_fp_color_change	staircase	15	red	left	aware	1	0
180.515	0.000	trigger_201	201	180515	Trigger-In:201	34	trial_end_completed	staircase	15	red	left	aware	1	0
181.585	0.000	trigger_101	101	181585	Trigger-In:101	35	trial_start	staircase	14	red	right	unaware	1	0
181.710	0.000	trigger_11	11	181710	Trigger-In:11	35	fixation_point_on	staircase	14	red	right	unaware	1	0
182.310	0.000	trigger_21	21	182310	Trigger-In:21	35	grating_on	staircase	14	red	right	unaware	1	0
182.360	0.000	trigger_20	20	182360	Trigger-In:20	35	grating_off	staircase	14	red	right	unaware	1	0
182.960	0.000	trigger_31	31	182960	Trigger-In:31	35	targets_on_fp_color_change	staircase	14	red	right	unaware	1	0
184.245	0.000	trigger_201	201	184245	Trigger-In:201	35	trial_end_completed	staircase	14	red	right	unaware	1	0
185.310	0.000	trigger_101	101	185310	Trigger-In:101	36	trial_start	salient	0	green	left	unaware	1	0
185.415	0.000	trigger_11	11	185415	Trigger-In:11	36	fixation_point_on	salient	0	green	left	unaware	1	0
186.015	0.000	trigger_21	21	186015	Trigger-In:21	36	grating_on	salient	0	green	left	unaware	1	0
186.065	0.000	trigger_20	20	186065	Trigger-In:20	36	grating_off	salient	0	green	left	unaware	1	0
186.670	0.000	trigger_31	31	186670	Trigger-In:31	36	targets_on_fp_color_change	salient	0	green	left	unaware	1	0
187.965	0.000	trigger_201	201	187965	Trigger-In:201	36	trial_end_completed	salient	0	green	left	unaware	1	0
189.035	0.000	trigger_101	101	189035	Trigger-In:101	37	trial_start	salient	0	red	right	unaware	1	0
189.140	0.000	trigger_11	11	189140	Trigger-In:11	37	fixation_point_on	salient	0	red	right	unaware	1	0
189.740	0.000	trigger_21	21	189740	Trigger-In:21	37	grating_on	salient	0	red	right	unaware	1	0
189.790	0.000	trigger_20	20	189790	Trigger-In:20	37	grating_off	salient	0	red	right	unaware	1	0
190.390	0.000	trigger_31	31	190390	Trigger-In:31	37	targets_on_fp_color_change	salient	0	red	right	unaware	1	0
191.435	0.000	trigger_201	201	191435	Trigger-In:201	37	trial_end_completed	salient	0	red	right	unaware	1	0
192.505	0.000	trigger_101	101	192505	Trigger-In:101	38	trial_start	staircase	15	green	left	unaware	1	0
192.610	0.000	trigger_11	11	192610	Trigger-In:11	38	fixation_point_on	staircase	15	green	left	unaware	1	0
193.210	0.000	trigger_21	21	193210	Trigger-In:21	38	grating_on	staircase	15	green	left	unaware	1	0
193.260	0.000	trigger_20	20	193260	Trigger-In:20	38	grating_off	staircase	15	green	left	unaware	1	0
193.860	0.000	trigger_31	31	193860	Trigger-In:31	38	targets_on_fp_color_change	staircase	15	green	left	unaware	1	0
194.870	0.000	trigger_201	201	194870	Trigger-In:201	38	trial_end_completed	staircase	15	green	left	unaware	1	0
195.940	0.000	trigger_101	101	195940	Trigger-In:101	39	trial_start	salient	0	green	left	unaware	1	0
196.040	0.000	trigger_11	11	196040	Trigger-In:11	39	fixation_point_on	salient	0	green	left	unaware	1	0
196.645	0.000	trigger_21	21	196645	Trigger-In:21	39	grating_on	salient	0	green	left	unaware	1	0
196.695	0.000	trigger_20	20	196695	Trigger-In:20	39	grating_off	salient	0	green	left	unaware	1	0
197.295	0.000	trigger_31	31	197295	Trigger-In:31	39	targets_on_fp_color_change	salient	0	green	left	unaware	1	0
198.415	0.000	trigger_201	201	198415	Trigger-In:201	39	trial_end_completed	salient	0	green	left	unaware	1	0
199.480	0.000	trigger_101	101	199480	Trigger-In:101	40	trial_start	staircase	16	red	right	unaware	1	0
199.590	0.000	trigger_11	11	199590	Trigger-In:11	40	fixation_point_on	staircase	16	red	right	unaware	1	0
200.190	0.000	trigger_21	21	200190	Trigger-In:21	40	grating_on	staircase	16	red	right	unaware	1	0
200.240	0.000	trigger_20	20	200240	Trigger-In:20	40	grating_off	staircase	16	red	right	unaware	1	0
200.840	0.000	trigger_31	31	200840	Trigger-In:31	40	targets_on_fp_color_change	staircase	16	red	right	unaware	1	0
201.920	0.000	trigger_201	201	201920	Trigger-In:201	40	trial_end_completed	staircase	16	red	right	unaware	1	0
202.985	0.000	trigger_101	101	202985	Trigger-In:101	41	trial_start	staircase	17	red	right	unaware	1	0
203.090	0.000	trigger_11	11	203090	Trigger-In:11	41	fixation_point_on	staircase	17	red	right	unaware	1	0
203.690	0.000	trigger_21	21	203690	Trigger-In:21	41	grating_on	staircase	17	red	right	unaware	1	0
203.740	0.000	trigger_20	20	203740	Trigger-In:20	41	grating_off	staircase	17	red	right	unaware	1	0
204.340	0.000	trigger_31	31	204340	Trigger-In:31	41	targets_on_fp_color_change	staircase	17	red	right	unaware	1	0
205.500	0.000	trigger_201	201	205500	Trigger-In:201	41	trial_end_completed	staircase	17	red	right	unaware	1	0
206.565	0.000	trigger_101	101	206565	Trigger-In:101	42	trial_start	salient	0	red	right	unaware	1	0
206.670	0.000	trigger_11	11	206670	Trigger-In:11	42	fixation_point_on	salient	0	red	right	unaware	1	0
207.270	0.000	trigger_21	21	207270	Trigger-In:21	42	grating_on	salient	0	red	right	unaware	1	0
207.325	0.000	trigger_20	20	207325	Trigger-In:20	42	grating_off	salient	0	red	right	unaware	1	0
207.925	0.000	trigger_31	31	207925	Trigger-In:31	42	targets_on_fp_color_change	salient	0	red	right	unaware	1	0
208.905	0.000	trigger_201	201	208905	Trigger-In:201	42	trial_end_completed	salient	0	red	right	unaware	1	0
209.975	0.000	trigger_101	101	209975	Trigger-In:101	43	trial_start	salient	0	red	n/a	n/a	0	1
210.080	0.000	trigger_11	11	210080	Trigger-In:11	43	fixation_point_on	salient	0	red	n/a	n/a	0	1
210.395	0.000	trigger_204	204	210395	Trigger-In:204	43	trial_end_fixation_break	salient	0	red	n/a	n/a	0	1
212.100	0.000	trigger_101	101	212100	Trigger-In:101	44	trial_start	staircase	18	green	left	unaware	1	0
212.200	0.000	trigger_11	11	212200	Trigger-In:11	44	fixation_point_on	staircase	18	green	left	unaware	1	0
212.800	0.000	trigger_21	21	212800	Trigger-In:21	44	grating_on	staircase	18	green	left	unaware	1	0
212.850	0.000	trigger_20	20	212850	Trigger-In:20	44	grating_off	staircase	18	green	left	unaware	1	0
213.455	0.000	trigger_31	31	213455	Trigger-In:31	44	targets_on_fp_color_change	staircase	18	green	left	unaware	1	0
215.140	0.000	trigger_201	201	215140	Trigger-In:201	44	trial_end_completed	staircase	18	green	left	unaware	1	0
216.205	0.000	trigger_101	101	216205	Trigger-In:101	45	trial_start	absent	50	green	right	aware	1	0
216.315	0.000	trigger_11	11	216315	Trigger-In:11	45	fixation_point_on	absent	50	green	right	aware	1	0
216.915	0.000	trigger_21	21	216915	Trigger-In:21	45	grating_on	absent	50	green	right	aware	1	0
216.965	0.000	trigger_20	20	216965	Trigger-In:20	45	grating_off	absent	50	green	right	aware	1	0
217.565	0.000	trigger_31	31	217565	Trigger-In:31	45	targets_on_fp_color_change	absent	50	green	right	aware	1	0
218.570	0.000	trigger_201	201	218570	Trigger-In:201	45	trial_end_completed	absent	50	green	right	aware	1	0
219.635	0.000	trigger_101	101	219635	Trigger-In:101	46	trial_start	absent	50	green	right	aware	1	0
219.740	0.000	trigger_11	11	219740	Trigger-In:11	46	fixation_point_on	absent	50	green	right	aware	1	0
220.340	0.000	trigger_21	21	220340	Trigger-In:21	46	grating_on	absent	50	green	right	aware	1	0
220.390	0.000	trigger_20	20	220390	Trigger-In:20	46	grating_off	absent	50	green	right	aware	1	0
220.990	0.000	trigger_31	31	220990	Trigger-In:31	46	targets_on_fp_color_change	absent	50	green	right	aware	1	0
221.755	0.000	trigger_201	201	221755	Trigger-In:201	46	trial_end_completed	absent	50	green	right	aware	1	0
222.825	0.000	trigger_101	101	222825	Trigger-In:101	47	trial_start	staircase	19	green	right	aware	1	0
222.930	0.000	trigger_11	11	222930	Trigger-In:11	47	fixation_point_on	staircase	19	green	right	aware	1	0
223.530	0.000	trigger_21	21	223530	Trigger-In:21	47	grating_on	staircase	19	green	right	aware	1	0
223.580	0.000	trigger_20	20	223580	Trigger-In:20	47	grating_off	staircase	19	green	right	aware	1	0
224.180	0.000	trigger_31	31	224180	Trigger-In:31	47	targets_on_fp_color_change	staircase	19	green	right	aware	1	0
224.970	0.000	trigger_201	201	224970	Trigger-In:201	47	trial_end_completed	staircase	19	green	right	aware	1	0
226.040	0.000	trigger_101	101	226040	Trigger-In:101	48	trial_start	staircase	18	green	left	unaware	1	0
226.140	0.000	trigger_11	11	226140	Trigger-In:11	48	fixation_point_on	staircase	18	green	left	unaware	1	0
226.740	0.000	trigger_21	21	226740	Trigger-In:21	48	grating_on	staircase	18	green	left	unaware	1	0
226.790	0.000	trigger_20	20	226790	Trigger-In:20	48	grating_off	staircase	18	green	left	unaware	1	0
227.395	0.000	trigger_31	31	227395	Trigger-In:31	48	targets_on_fp_color_change	staircase	18	green	left	unaware	1	0
228.375	0.000	trigger_201	201	228375	Trigger-In:201	48	trial_end_completed	staircase	18	green	left	unaware	1	0
229.440	0.000	trigger_101	101	229440	Trigger-In:101	49	trial_start	staircase	19	green	left	unaware	1	0
229.545	0.000	trigger_11	11	229545	Trigger-In:11	49	fixation_point_on	staircase	19	green	left	unaware	1	0
230.145	0.000	trigger_21	21	230145	Trigger-In:21	49	grating_on	staircase	19	green	left	unaware	1	0
230.195	0.000	trigger_20	20	230195	Trigger-In:20	49	grating_off	staircase	19	green	left	unaware	1	0
230.795	0.000	trigger_31	31	230795	Trigger-In:31	49	targets_on_fp_color_change	staircase	19	green	left	unaware	1	0
231.780	0.000	trigger_201	201	231780	Trigger-In:201	49	trial_end_completed	staircase	19	green	left	unaware	1	0
232.850	0.000	trigger_101	101	232850	Trigger-In:101	50	trial_start	absent	50	red	left	aware	1	0
232.955	0.000	trigger_11	11	232955	Trigger-In:11	50	fixation_point_on	absent	50	red	left	aware	1	0
233.555	0.000	trigger_21	21	233555	Trigger-In:21	50	grating_on	absent	50	red	left	aware	1	0
233.605	0.000	trigger_20	20	233605	Trigger-In:20	50	grating_off	absent	50	red	left	aware	1	0
234.205	0.000	trigger_31	31	234205	Trigger-In:31	50	targets_on_fp_color_change	absent	50	red	left	aware	1	0
234.950	0.000	trigger_201	201	234950	Trigger-In:201	50	trial_end_completed	absent	50	red	left	aware	1	0
236.015	0.000	trigger_101	101	236015	Trigger-In:101	51	trial_start	staircase	20	red	left	aware	1	0
236.120	0.000	trigger_11	11	236120	Trigger-In:11	51	fixation_point_on	staircase	20	red	left	aware	1	0
236.720	0.000	trigger_21	21	236720	Trigger-In:21	51	grating_on	staircase	20	red	left	aware	1	0
236.775	0.000	trigger_20	20	236775	Trigger-In:20	51	grating_off	staircase	20	red	left	aware	1	0
237.375	0.000	trigger_31	31	237375	Trigger-In:31	51	targets_on_fp_color_change	staircase	20	red	left	aware	1	0
238.115	0.000	trigger_201	201	238115	Trigger-In:201	51	trial_end_completed	staircase	20	red	left	aware	1	0
239.185	0.000	trigger_101	101	239185	Trigger-In:101	52	trial_start	absent	50	red	left	aware	1	0
239.290	0.000	trigger_11	11	239290	Trigger-In:11	52	fixation_point_on	absent	50	red	left	aware	1	0
239.890	0.000	trigger_21	21	239890	Trigger-In:21	52	grating_on	absent	50	red	left	aware	1	0
239.940	0.000	trigger_20	20	239940	Trigger-In:20	52	grating_off	absent	50	red	left	aware	1	0
240.540	0.000	trigger_31	31	240540	Trigger-In:31	52	targets_on_fp_color_change	absent	50	red	left	aware	1	0
241.250	0.000	trigger_201	201	241250	Trigger-In:201	52	trial_end_completed	absent	50	red	left	aware	1	0
242.315	0.000	trigger_101	101	242315	Trigger-In:101	53	trial_start	staircase	19	red	left	aware	1	0
242.420	0.000	trigger_11	11	242420	Trigger-In:11	53	fixation_point_on	staircase	19	red	left	aware	1	0
243.020	0.000	trigger_21	21	243020	Trigger-In:21	53	grating_on	staircase	19	red	left	aware	1	0
243.070	0.000	trigger_20	20	243070	Trigger-In:20	53	grating_off	staircase	19	red	left	aware	1	0
243.670	0.000	trigger_31	31	243670	Trigger-In:31	53	targets_on_fp_color_change	staircase	19	red	left	aware	1	0
244.310	0.000	trigger_201	201	244310	Trigger-In:201	53	trial_end_completed	staircase	19	red	left	aware	1	0
245.375	0.000	trigger_101	101	245375	Trigger-In:101	54	trial_start	staircase	18	red	left	aware	1	0
245.480	0.000	trigger_11	11	245480	Trigger-In:11	54	fixation_point_on	staircase	18	red	left	aware	1	0
246.080	0.000	trigger_21	21	246080	Trigger-In:21	54	grating_on	staircase	18	red	left	aware	1	0
246.135	0.000	trigger_20	20	246135	Trigger-In:20	54	grating_off	staircase	18	red	left	aware	1	0
246.735	0.000	trigger_31	31	246735	Trigger-In:31	54	targets_on_fp_color_change	staircase	18	red	left	aware	1	0
247.310	0.000	trigger_201	201	247310	Trigger-In:201	54	trial_end_completed	staircase	18	red	left	aware	1	0
248.375	0.000	trigger_101	101	248375	Trigger-In:101	55	trial_start	staircase	17	green	right	aware	1	0
248.480	0.000	trigger_11	11	248480	Trigger-In:11	55	fixation_point_on	staircase	17	green	right	aware	1	0
249.080	0.000	trigger_21	21	249080	Trigger-In:21	55	grating_on	staircase	17	green	right	aware	1	0
249.130	0.000	trigger_20	20	249130	Trigger-In:20	55	grating_off	staircase	17	green	right	aware	1	0
249.730	0.000	trigger_31	31	249730	Trigger-In:31	55	targets_on_fp_color_change	staircase	17	green	right	aware	1	0
250.440	0.000	trigger_201	201	250440	Trigger-In:201	55	trial_end_completed	staircase	17	green	right	aware	1	0
251.505	0.000	trigger_101	101	251505	Trigger-In:101	56	trial_start	staircase	16	green	left	unaware	1	0
251.610	0.000	trigger_11	11	251610	Trigger-In:11	56	fixation_point_on	staircase	16	green	left	unaware	1	0
252.210	0.000	trigger_21	21	252210	Trigger-In:21	56	grating_on	staircase	16	green	left	unaware	1	0
252.260	0.000	trigger_20	20	252260	Trigger-In:20	56	grating_off	staircase	16	green	left	unaware	1	0
252.865	0.000	trigger_31	31	252865	Trigger-In:31	56	targets_on_fp_color_change	staircase	16	green	left	unaware	1	0
253.850	0.000	trigger_201	201	253850	Trigger-In:201	56	trial_end_completed	staircase	16	green	left	unaware	1	0
254.925	0.000	trigger_101	101	254925	Trigger-In:101	57	trial_start	absent	50	red	left	aware	1	0
255.030	0.000	trigger_11	11	255030	Trigger-In:11	57	fixation_point_on	absent	50	red	left	aware	1	0
255.630	0.000	trigger_21	21	255630	Trigger-In:21	57	grating_on	absent	50	red	left	aware	1	0
255.680	0.000	trigger_20	20	255680	Trigger-In:20	57	grating_off	absent	50	red	left	aware	1	0
256.280	0.000	trigger_31	31	256280	Trigger-In:31	57	targets_on_fp_color_change	absent	50	red	left	aware	1	0
257.125	0.000	trigger_201	201	257125	Trigger-In:201	57	trial_end_completed	absent	50	red	left	aware	1	0
258.190	0.000	trigger_101	101	258190	Trigger-In:101	58	trial_start	staircase	17	green	left	unaware	1	0
258.290	0.000	trigger_11	11	258290	Trigger-In:11	58	fixation_point_on	staircase	17	green	left	unaware	1	0
258.890	0.000	trigger_21	21	258890	Trigger-In:21	58	grating_on	staircase	17	green	left	unaware	1	0
258.940	0.000	trigger_20	20	258940	Trigger-In:20	58	grating_off	staircase	17	green	left	unaware	1	0
259.545	0.000	trigger_31	31	259545	Trigger-In:31	58	targets_on_fp_color_change	staircase	17	green	left	unaware	1	0
260.660	0.000	trigger_201	201	260660	Trigger-In:201	58	trial_end_completed	staircase	17	green	left	unaware	1	0
261.725	0.000	trigger_101	101	261725	Trigger-In:101	59	trial_start	absent	50	red	left	aware	1	0
261.830	0.000	trigger_11	11	261830	Trigger-In:11	59	fixation_point_on	absent	50	red	left	aware	1	0
262.430	0.000	trigger_21	21	262430	Trigger-In:21	59	grating_on	absent	50	red	left	aware	1	0
262.480	0.000	trigger_20	20	262480	Trigger-In:20	59	grating_off	absent	50	red	left	aware	1	0
263.085	0.000	trigger_31	31	263085	Trigger-In:31	59	targets_on_fp_color_change	absent	50	red	left	aware	1	0
264.195	0.000	trigger_201	201	264195	Trigger-In:201	59	trial_end_completed	absent	50	red	left	aware	1	0
265.260	0.000	trigger_101	101	265260	Trigger-In:101	60	trial_start	staircase	18	green	left	unaware	1	0
265.365	0.000	trigger_11	11	265365	Trigger-In:11	60	fixation_point_on	staircase	18	green	left	unaware	1	0
265.965	0.000	trigger_21	21	265965	Trigger-In:21	60	grating_on	staircase	18	green	left	unaware	1	0
266.015	0.000	trigger_20	20	266015	Trigger-In:20	60	grating_off	staircase	18	green	left	unaware	1	0
266.615	0.000	trigger_31	31	266615	Trigger-In:31	60	targets_on_fp_color_change	staircase	18	green	left	unaware	1	0
267.860	0.000	trigger_201	201	267860	Trigger-In:201	60	trial_end_completed	staircase	18	green	left	unaware	1	0
268.930	0.000	trigger_101	101	268930	Trigger-In:101	61	trial_start	staircase	19	red	left	aware	1	0
269.030	0.000	trigger_11	11	269030	Trigger-In:11	61	fixation_point_on	staircase	19	red	left	aware	1	0
269.630	0.000	trigger_21	21	269630	Trigger-In:21	61	grating_on	staircase	19	red	left	aware	1	0
269.680	0.000	trigger_20	20	269680	Trigger-In:20	61	grating_off	staircase	19	red	left	aware	1	0
270.280	0.000	trigger_31	31	270280	Trigger-In:31	61	targets_on_fp_color_change	staircase	19	red	left	aware	1	0
272.085	0.000	trigger_201	201	272085	Trigger-In:201	61	trial_end_completed	staircase	19	red	left	aware	1	0
273.155	0.000	trigger_101	101	273155	Trigger-In:101	62	trial_start	staircase	18	green	left	unaware	1	0
273.255	0.000	trigger_11	11	273255	Trigger-In:11	62	fixation_point_on	staircase	18	green	left	unaware	1	0
273.860	0.000	trigger_21	21	273860	Trigger-In:21	62	grating_on	staircase	18	green	left	unaware	1	0
273.910	0.000	trigger_20	20	273910	Trigger-In:20	62	grating_off	staircase	18	green	left	unaware	1	0
274.510	0.000	trigger_31	31	274510	Trigger-In:31	62	targets_on_fp_color_change	staircase	18	green	left	unaware	1	0
275.640	0.000	trigger_201	201	275640	Trigger-In:201	62	trial_end_completed	staircase	18	green	left	unaware	1	0
276.705	0.000	trigger_101	101	276705	Trigger-In:101	63	trial_start	staircase	19	red	right	unaware	1	0
276.810	0.000	trigger_11	11	276810	Trigger-In:11	63	fixation_point_on	staircase	19	red	right	unaware	1	0
277.410	0.000	trigger_21	21	277410	Trigger-In:21	63	grating_on	staircase	19	red	right	unaware	1	0
277.460	0.000	trigger_20	20	277460	Trigger-In:20	63	grating_off	staircase	19	red	right	unaware	1	0
278.060	0.000	trigger_31	31	278060	Trigger-In:31	63	targets_on_fp_color_change	staircase	19	red	right	unaware	1	0
279.350	0.000	trigger_201	201	279350	Trigger-In:201	63	trial_end_completed	staircase	19	red	right	unaware	1	0
280.415	0.000	trigger_101	101	280415	Trigger-In:101	64	trial_start	absent	50	green	left	unaware	1	0
280.520	0.000	trigger_11	11	280520	Trigger-In:11	64	fixation_point_on	absent	50	green	left	unaware	1	0
281.120	0.000	trigger_21	21	281120	Trigger-In:21	64	grating_on	absent	50	green	left	unaware	1	0
281.175	0.000	trigger_20	20	281175	Trigger-In:20	64	grating_off	absent	50	green	left	unaware	1	0
281.775	0.000	trigger_31	31	281775	Trigger-In:31	64	targets_on_fp_color_change	absent	50	green	left	unaware	1	0
282.975	0.000	trigger_201	201	282975	Trigger-In:201	64	trial_end_completed	absent	50	green	left	unaware	1	0
284.295	0.000	trigger_101	101	284295	Trigger-In:101	65	trial_start	staircase	20	green	left	unaware	1	0
284.395	0.000	trigger_11	11	284395	Trigger-In:11	65	fixation_point_on	staircase	20	green	left	unaware	1	0
284.995	0.000	trigger_21	21	284995	Trigger-In:21	65	grating_on	staircase	20	green	left	unaware	1	0
285.050	0.000	trigger_20	20	285050	Trigger-In:20	65	grating_off	staircase	20	green	left	unaware	1	0
285.650	0.000	trigger_31	31	285650	Trigger-In:31	65	targets_on_fp_color_change	staircase	20	green	left	unaware	1	0
286.775	0.000	trigger_201	201	286775	Trigger-In:201	65	trial_end_completed	staircase	20	green	left	unaware	1	0
287.840	0.000	trigger_101	101	287840	Trigger-In:101	66	trial_start	staircase	21	green	left	unaware	1	0
287.985	0.000	trigger_11	11	287985	Trigger-In:11	66	fixation_point_on	staircase	21	green	left	unaware	1	0
288.585	0.000	trigger_21	21	288585	Trigger-In:21	66	grating_on	staircase	21	green	left	unaware	1	0
288.635	0.000	trigger_20	20	288635	Trigger-In:20	66	grating_off	staircase	21	green	left	unaware	1	0
289.235	0.000	trigger_31	31	289235	Trigger-In:31	66	targets_on_fp_color_change	staircase	21	green	left	unaware	1	0
290.285	0.000	trigger_201	201	290285	Trigger-In:201	66	trial_end_completed	staircase	21	green	left	unaware	1	0
291.350	0.000	trigger_101	101	291350	Trigger-In:101	67	trial_start	staircase	22	green	right	aware	1	0
291.455	0.000	trigger_11	11	291455	Trigger-In:11	67	fixation_point_on	staircase	22	green	right	aware	1	0
292.055	0.000	trigger_21	21	292055	Trigger-In:21	67	grating_on	staircase	22	green	right	aware	1	0
292.105	0.000	trigger_20	20	292105	Trigger-In:20	67	grating_off	staircase	22	green	right	aware	1	0
292.705	0.000	trigger_31	31	292705	Trigger-In:31	67	targets_on_fp_color_change	staircase	22	green	right	aware	1	0
293.775	0.000	trigger_201	201	293775	Trigger-In:201	67	trial_end_completed	staircase	22	green	right	aware	1	0
294.845	0.000	trigger_101	101	294845	Trigger-In:101	68	trial_start	staircase	21	red	left	aware	1	0
294.950	0.000	trigger_11	11	294950	Trigger-In:11	68	fixation_point_on	staircase	21	red	left	aware	1	0
295.550	0.000	trigger_21	21	295550	Trigger-In:21	68	grating_on	staircase	21	red	left	aware	1	0
295.600	0.000	trigger_20	20	295600	Trigger-In:20	68	grating_off	staircase	21	red	left	aware	1	0
296.200	0.000	trigger_31	31	296200	Trigger-In:31	68	targets_on_fp_color_change	staircase	21	red	left	aware	1	0
297.075	0.000	trigger_201	201	297075	Trigger-In:201	68	trial_end_completed	staircase	21	red	left	aware	1	0
298.140	0.000	trigger_101	101	298140	Trigger-In:101	69	trial_start	staircase	20	green	left	unaware	1	0
298.245	0.000	trigger_11	11	298245	Trigger-In:11	69	fixation_point_on	staircase	20	green	left	unaware	1	0
298.850	0.000	trigger_21	21	298850	Trigger-In:21	69	grating_on	staircase	20	green	left	unaware	1	0
298.900	0.000	trigger_20	20	298900	Trigger-In:20	69	grating_off	staircase	20	green	left	unaware	1	0
299.500	0.000	trigger_31	31	299500	Trigger-In:31	69	targets_on_fp_color_change	staircase	20	green	left	unaware	1	0
300.580	0.000	trigger_201	201	300580	Trigger-In:201	69	trial_end_completed	staircase	20	green	left	unaware	1	0
301.650	0.000	trigger_101	101	301650	Trigger-In:101	70	trial_start	staircase	21	red	left	aware	1	0
301.755	0.000	trigger_11	11	301755	Trigger-In:11	70	fixation_point_on	staircase	21	red	left	aware	1	0
302.355	0.000	trigger_21	21	302355	Trigger-In:21	70	grating_on	staircase	21	red	left	aware	1	0
302.405	0.000	trigger_20	20	302405	Trigger-In:20	70	grating_off	staircase	21	red	left	aware	1	0
303.005	0.000	trigger_31	31	303005	Trigger-In:31	70	targets_on_fp_color_change	staircase	21	red	left	aware	1	0
304.005	0.000	trigger_201	201	304005	Trigger-In:201	70	trial_end_completed	staircase	21	red	left	aware	1	0
305.075	0.000	trigger_101	101	305075	Trigger-In:101	71	trial_start	staircase	20	red	right	unaware	1	0
305.180	0.000	trigger_11	11	305180	Trigger-In:11	71	fixation_point_on	staircase	20	red	right	unaware	1	0
305.780	0.000	trigger_21	21	305780	Trigger-In:21	71	grating_on	staircase	20	red	right	unaware	1	0
305.830	0.000	trigger_20	20	305830	Trigger-In:20	71	grating_off	staircase	20	red	right	unaware	1	0
306.430	0.000	trigger_31	31	306430	Trigger-In:31	71	targets_on_fp_color_change	staircase	20	red	right	unaware	1	0
307.480	0.000	trigger_201	201	307480	Trigger-In:201	71	trial_end_completed	staircase	20	red	right	unaware	1	0
308.545	0.000	trigger_101	101	308545	Trigger-In:101	72	trial_start	staircase	21	green	right	aware	1	0
308.650	0.000	trigger_11	11	308650	Trigger-In:11	72	fixation_point_on	staircase	21	green	right	aware	1	0
309.250	0.000	trigger_21	21	309250	Trigger-In:21	72	grating_on	staircase	21	green	right	aware	1	0
309.305	0.000	trigger_20	20	309305	Trigger-In:20	72	grating_off	staircase	21	green	right	aware	1	0
309.905	0.000	trigger_31	31	309905	Trigger-In:31	72	targets_on_fp_color_change	staircase	21	green	right	aware	1	0
310.735	0.000	trigger_201	201	310735	Trigger-In:201	72	trial_end_completed	staircase	21	green	right	aware	1	0
311.800	0.000	trigger_101	101	311800	Trigger-In:101	73	trial_start	staircase	20	green	left	unaware	1	0
311.905	0.000	trigger_11	11	311905	Trigger-In:11	73	fixation_point_on	staircase	20	green	left	unaware	1	0
312.505	0.000	trigger_21	21	312505	Trigger-In:21	73	grating_on	staircase	20	green	left	unaware	1	0
312.555	0.000	trigger_20	20	312555	Trigger-In:20	73	grating_off	staircase	20	green	left	unaware	1	0
313.155	0.000	trigger_31	31	313155	Trigger-In:31	73	targets_on_fp_color_change	staircase	20	green	left	unaware	1	0
314.120	0.000	trigger_201	201	314120	Trigger-In:201	73	trial_end_completed	staircase	20	green	left	unaware	1	0
315.185	0.000	trigger_101	101	315185	Trigger-In:101	74	trial_start	staircase	21	green	left	unaware	1	0
315.290	0.000	trigger_11	11	315290	Trigger-In:11	74	fixation_point_on	staircase	21	green	left	unaware	1	0
315.890	0.000	trigger_21	21	315890	Trigger-In:21	74	grating_on	staircase	21	green	left	unaware	1	0
315.940	0.000	trigger_20	20	315940	Trigger-In:20	74	grating_off	staircase	21	green	left	unaware	1	0
316.545	0.000	trigger_31	31	316545	Trigger-In:31	74	targets_on_fp_color_change	staircase	21	green	left	unaware	1	0
317.630	0.000	trigger_201	201	317630	Trigger-In:201	74	trial_end_completed	staircase	21	green	left	unaware	1	0
318.695	0.000	trigger_101	101	318695	Trigger-In:101	75	trial_start	absent	50	green	right	aware	1	0
318.800	0.000	trigger_11	11	318800	Trigger-In:11	75	fixation_point_on	absent	50	green	right	aware	1	0
319.400	0.000	trigger_21	21	319400	Trigger-In:21	75	grating_on	absent	50	green	right	aware	1	0
319.450	0.000	trigger_20	20	319450	Trigger-In:20	75	grating_off	absent	50	green	right	aware	1	0
320.055	0.000	trigger_31	31	320055	Trigger-In:31	75	targets_on_fp_color_change	absent	50	green	right	aware	1	0
320.910	0.000	trigger_201	201	320910	Trigger-In:201	75	trial_end_completed	absent	50	green	right	aware	1	0
321.980	0.000	trigger_101	101	321980	Trigger-In:101	76	trial_start	salient	0	green	left	unaware	1	0
322.085	0.000	trigger_11	11	322085	Trigger-In:11	76	fixation_point_on	salient	0	green	left	unaware	1	0
322.685	0.000	trigger_21	21	322685	Trigger-In:21	76	grating_on	salient	0	green	left	unaware	1	0
322.735	0.000	trigger_20	20	322735	Trigger-In:20	76	grating_off	salient	0	green	left	unaware	1	0
323.335	0.000	trigger_31	31	323335	Trigger-In:31	76	targets_on_fp_color_change	salient	0	green	left	unaware	1	0
324.250	0.000	trigger_201	201	324250	Trigger-In:201	76	trial_end_completed	salient	0	green	left	unaware	1	0
325.320	0.000	trigger_101	101	325320	Trigger-In:101	77	trial_start	absent	50	red	left	aware	1	0
325.425	0.000	trigger_11	11	325425	Trigger-In:11	77	fixation_point_on	absent	50	red	left	aware	1	0
326.025	0.000	trigger_21	21	326025	Trigger-In:21	77	grating_on	absent	50	red	left	aware	1	0
326.075	0.000	trigger_20	20	326075	Trigger-In:20	77	grating_off	absent	50	red	left	aware	1	0
326.675	0.000	trigger_31	31	326675	Trigger-In:31	77	targets_on_fp_color_change	absent	50	red	left	aware	1	0
327.415	0.000	trigger_201	201	327415	Trigger-In:201	77	trial_end_completed	absent	50	red	left	aware	1	0
328.485	0.000	trigger_101	101	328485	Trigger-In:101	78	trial_start	absent	50	red	left	aware	1	0
328.585	0.000	trigger_11	11	328585	Trigger-In:11	78	fixation_point_on	absent	50	red	left	aware	1	0
329.190	0.000	trigger_21	21	329190	Trigger-In:21	78	grating_on	absent	50	red	left	aware	1	0
329.240	0.000	trigger_20	20	329240	Trigger-In:20	78	grating_off	absent	50	red	left	aware	1	0
329.840	0.000	trigger_31	31	329840	Trigger-In:31	78	targets_on_fp_color_change	absent	50	red	left	aware	1	0
330.580	0.000	trigger_201	201	330580	Trigger-In:201	78	trial_end_completed	absent	50	red	left	aware	1	0
331.650	0.000	trigger_101	101	331650	Trigger-In:101	79	trial_start	staircase	22	red	left	aware	1	0
331.755	0.000	trigger_11	11	331755	Trigger-In:11	79	fixation_point_on	staircase	22	red	left	aware	1	0
332.355	0.000	trigger_21	21	332355	Trigger-In:21	79	grating_on	staircase	22	red	left	aware	1	0
332.405	0.000	trigger_20	20	332405	Trigger-In:20	79	grating_off	staircase	22	red	left	aware	1	0
333.005	0.000	trigger_31	31	333005	Trigger-In:31	79	targets_on_fp_color_change	staircase	22	red	left	aware	1	0
333.690	0.000	trigger_201	201	333690	Trigger-In:201	79	trial_end_completed	staircase	22	red	left	aware	1	0
334.760	0.000	trigger_101	101	334760	Trigger-In:101	80	trial_start	staircase	21	red	left	aware	1	0
334.865	0.000	trigger_11	11	334865	Trigger-In:11	80	fixation_point_on	staircase	21	red	left	aware	1	0
335.465	0.000	trigger_21	21	335465	Trigger-In:21	80	grating_on	staircase	21	red	left	aware	1	0
335.515	0.000	trigger_20	20	335515	Trigger-In:20	80	grating_off	staircase	21	red	left	aware	1	0
336.120	0.000	trigger_31	31	336120	Trigger-In:31	80	targets_on_fp_color_change	staircase	21	red	left	aware	1	0
336.815	0.000	trigger_201	201	336815	Trigger-In:201	80	trial_end_completed	staircase	21	red	left	aware	1	0
337.885	0.000	trigger_101	101	337885	Trigger-In:101	81	trial_start	staircase	20	green	left	unaware	1	0
337.990	0.000	trigger_11	11	337990	Trigger-In:11	81	fixation_point_on	staircase	20	green	left	unaware	1	0
338.590	0.000	trigger_21	21	338590	Trigger-In:21	81	grating_on	staircase	20	green	left	unaware	1	0
338.640	0.000	trigger_20	20	338640	Trigger-In:20	81	grating_off	staircase	20	green	left	unaware	1	0
339.240	0.000	trigger_31	31	339240	Trigger-In:31	81	targets_on_fp_color_change	staircase	20	green	left	unaware	1	0
340.210	0.000	trigger_201	201	340210	Trigger-In:201	81	trial_end_completed	staircase	20	green	left	unaware	1	0
341.280	0.000	trigger_101	101	341280	Trigger-In:101	82	trial_start	staircase	21	red	right	unaware	1	0
341.385	0.000	trigger_11	11	341385	Trigger-In:11	82	fixation_point_on	staircase	21	red	right	unaware	1	0
341.985	0.000	trigger_21	21	341985	Trigger-In:21	82	grating_on	staircase	21	red	right	unaware	1	0
342.035	0.000	trigger_20	20	342035	Trigger-In:20	82	grating_off	staircase	21	red	right	unaware	1	0
342.635	0.000	trigger_31	31	342635	Trigger-In:31	82	targets_on_fp_color_change	staircase	21	red	right	unaware	1	0
343.585	0.000	trigger_201	201	343585	Trigger-In:201	82	trial_end_completed	staircase	21	red	right	unaware	1	0
344.655	0.000	trigger_101	101	344655	Trigger-In:101	83	trial_start	staircase	22	red	left	aware	1	0
344.760	0.000	trigger_11	11	344760	Trigger-In:11	83	fixation_point_on	staircase	22	red	left	aware	1	0
345.360	0.000	trigger_21	21	345360	Trigger-In:21	83	grating_on	staircase	22	red	left	aware	1	0
345.410	0.000	trigger_20	20	345410	Trigger-In:20	83	grating_off	staircase	22	red	left	aware	1	0
346.010	0.000	trigger_31	31	346010	Trigger-In:31	83	targets_on_fp_color_change	staircase	22	red	left	aware	1	0
347.060	0.000	trigger_201	201	347060	Trigger-In:201	83	trial_end_completed	staircase	22	red	left	aware	1	0
348.125	0.000	trigger_101	101	348125	Trigger-In:101	84	trial_start	staircase	21	red	left	aware	1	0
348.295	0.000	trigger_11	11	348295	Trigger-In:11	84	fixation_point_on	staircase	21	red	left	aware	1	0
348.895	0.000	trigger_21	21	348895	Trigger-In:21	84	grating_on	staircase	21	red	left	aware	1	0
348.945	0.000	trigger_20	20	348945	Trigger-In:20	84	grating_off	staircase	21	red	left	aware	1	0
349.545	0.000	trigger_31	31	349545	Trigger-In:31	84	targets_on_fp_color_change	staircase	21	red	left	aware	1	0
350.255	0.000	trigger_201	201	350255	Trigger-In:201	84	trial_end_completed	staircase	21	red	left	aware	1	0
351.325	0.000	trigger_101	101	351325	Trigger-In:101	85	trial_start	staircase	20	green	left	unaware	1	0
351.430	0.000	trigger_11	11	351430	Trigger-In:11	85	fixation_point_on	staircase	20	green	left	unaware	1	0
352.030	0.000	trigger_21	21	352030	Trigger-In:21	85	grating_on	staircase	20	green	left	unaware	1	0
352.080	0.000	trigger_20	20	352080	Trigger-In:20	85	grating_off	staircase	20	green	left	unaware	1	0
352.685	0.000	trigger_31	31	352685	Trigger-In:31	85	targets_on_fp_color_change	staircase	20	green	left	unaware	1	0
353.665	0.000	trigger_201	201	353665	Trigger-In:201	85	trial_end_completed	staircase	20	green	left	unaware	1	0
354.735	0.000	trigger_101	101	354735	Trigger-In:101	86	trial_start	staircase	21	green	left	unaware	1	0
354.840	0.000	trigger_11	11	354840	Trigger-In:11	86	fixation_point_on	staircase	21	green	left	unaware	1	0
355.440	0.000	trigger_21	21	355440	Trigger-In:21	86	grating_on	staircase	21	green	left	unaware	1	0
355.490	0.000	trigger_20	20	355490	Trigger-In:20	86	grating_off	staircase	21	green	left	unaware	1	0
356.090	0.000	trigger_31	31	356090	Trigger-In:31	86	targets_on_fp_color_change	staircase	21	green	left	unaware	1	0
357.510	0.000	trigger_201	201	357510	Trigger-In:201	86	trial_end_completed	staircase	21	green	left	unaware	1	0
358.580	0.000	trigger_101	101	358580	Trigger-In:101	87	trial_start	staircase	22	green	left	unaware	1	0
358.685	0.000	trigger_11	11	358685	Trigger-In:11	87	fixation_point_on	staircase	22	green	left	unaware	1	0
359.285	0.000	trigger_21	21	359285	Trigger-In:21	87	grating_on	staircase	22	green	left	unaware	1	0
359.335	0.000	trigger_20	20	359335	Trigger-In:20	87	grating_off	staircase	22	green	left	unaware	1	0
359.935	0.000	trigger_31	31	359935	Trigger-In:31	87	targets_on_fp_color_change	staircase	22	green	left	unaware	1	0
360.990	0.000	trigger_201	201	360990	Trigger-In:201	87	trial_end_completed	staircase	22	green	left	unaware	1	0
362.060	0.000	trigger_101	101	362060	Trigger-In:101	88	trial_start	staircase	23	red	left	aware	1	0
362.160	0.000	trigger_11	11	362160	Trigger-In:11	88	fixation_point_on	staircase	23	red	left	aware	1	0
362.760	0.000	trigger_21	21	362760	Trigger-In:21	88	grating_on	staircase	23	red	left	aware	1	0
362.815	0.000	trigger_20	20	362815	Trigger-In:20	88	grating_off	staircase	23	red	left	aware	1	0
363.415	0.000	trigger_31	31	363415	Trigger-In:31	88	targets_on_fp_color_change	staircase	23	red	left	aware	1	0
364.620	0.000	trigger_201	201	364620	Trigger-In:201	88	trial_end_completed	staircase	23	red	left	aware	1	0
365.685	0.000	trigger_101	101	365685	Trigger-In:101	89	trial_start	staircase	22	red	right	unaware	1	0
365.790	0.000	trigger_11	11	365790	Trigger-In:11	89	fixation_point_on	staircase	22	red	right	unaware	1	0
366.390	0.000	trigger_21	21	366390	Trigger-In:21	89	grating_on	staircase	22	red	right	unaware	1	0
366.440	0.000	trigger_20	20	366440	Trigger-In:20	89	grating_off	staircase	22	red	right	unaware	1	0
367.045	0.000	trigger_31	31	367045	Trigger-In:31	89	targets_on_fp_color_change	staircase	22	red	right	unaware	1	0
367.950	0.000	trigger_201	201	367950	Trigger-In:201	89	trial_end_completed	staircase	22	red	right	unaware	1	0
369.020	0.000	trigger_101	101	369020	Trigger-In:101	90	trial_start	staircase	23	green	left	unaware	1	0
369.125	0.000	trigger_11	11	369125	Trigger-In:11	90	fixation_point_on	staircase	23	green	left	unaware	1	0
369.725	0.000	trigger_21	21	369725	Trigger-In:21	90	grating_on	staircase	23	green	left	unaware	1	0
369.775	0.000	trigger_20	20	369775	Trigger-In:20	90	grating_off	staircase	23	green	left	unaware	1	0
370.380	0.000	trigger_31	31	370380	Trigger-In:31	90	targets_on_fp_color_change	staircase	23	green	left	unaware	1	0
371.470	0.000	trigger_201	201	371470	Trigger-In:201	90	trial_end_completed	staircase	23	green	left	unaware	1	0
372.535	0.000	trigger_101	101	372535	Trigger-In:101	91	trial_start	staircase	24	green	right	aware	1	0
372.640	0.000	trigger_11	11	372640	Trigger-In:11	91	fixation_point_on	staircase	24	green	right	aware	1	0
373.240	0.000	trigger_21	21	373240	Trigger-In:21	91	grating_on	staircase	24	green	right	aware	1	0
373.295	0.000	trigger_20	20	373295	Trigger-In:20	91	grating_off	staircase	24	green	right	aware	1	0
373.895	0.000	trigger_31	31	373895	Trigger-In:31	91	targets_on_fp_color_change	staircase	24	green	right	aware	1	0
374.850	0.000	trigger_201	201	374850	Trigger-In:201	91	trial_end_completed	staircase	24	green	right	aware	1	0
375.920	0.000	trigger_101	101	375920	Trigger-In:101	92	trial_start	salient	0	green	left	unaware	1	0
376.025	0.000	trigger_11	11	376025	Trigger-In:11	92	fixation_point_on	salient	0	green	left	unaware	1	0
376.625	0.000	trigger_21	21	376625	Trigger-In:21	92	grating_on	salient	0	green	left	unaware	1	0
376.675	0.000	trigger_20	20	376675	Trigger-In:20	92	grating_off	salient	0	green	left	unaware	1	0
377.275	0.000	trigger_31	31	377275	Trigger-In:31	92	targets_on_fp_color_change	salient	0	green	left	unaware	1	0
378.195	0.000	trigger_201	201	378195	Trigger-In:201	92	trial_end_completed	salient	0	green	left	unaware	1	0
379.265	0.000	trigger_101	101	379265	Trigger-In:101	93	trial_start	staircase	23	red	left	aware	1	0
379.370	0.000	trigger_11	11	379370	Trigger-In:11	93	fixation_point_on	staircase	23	red	left	aware	1	0
379.970	0.000	trigger_21	21	379970	Trigger-In:21	93	grating_on	staircase	23	red	left	aware	1	0
380.020	0.000	trigger_20	20	380020	Trigger-In:20	93	grating_off	staircase	23	red	left	aware	1	0
380.620	0.000	trigger_31	31	380620	Trigger-In:31	93	targets_on_fp_color_change	staircase	23	red	left	aware	1	0
382.050	0.000	trigger_201	201	382050	Trigger-In:201	93	trial_end_completed	staircase	23	red	left	aware	1	0
383.120	0.000	trigger_101	101	383120	Trigger-In:101	94	trial_start	staircase	22	red	left	aware	1	0
383.225	0.000	trigger_11	11	383225	Trigger-In:11	94	fixation_point_on	staircase	22	red	left	aware	1	0
383.825	0.000	trigger_21	21	383825	Trigger-In:21	94	grating_on	staircase	22	red	left	aware	1	0
383.875	0.000	trigger_20	20	383875	Trigger-In:20	94	grating_off	staircase	22	red	left	aware	1	0
384.475	0.000	trigger_31	31	384475	Trigger-In:31	94	targets_on_fp_color_change	staircase	22	red	left	aware	1	0
385.435	0.000	trigger_201	201	385435	Trigger-In:201	94	trial_end_completed	staircase	22	red	left	aware	1	0
386.500	0.000	trigger_101	101	386500	Trigger-In:101	95	trial_start	staircase	21	red	right	unaware	1	0
386.605	0.000	trigger_11	11	386605	Trigger-In:11	95	fixation_point_on	staircase	21	red	right	unaware	1	0
387.205	0.000	trigger_21	21	387205	Trigger-In:21	95	grating_on	staircase	21	red	right	unaware	1	0
387.255	0.000	trigger_20	20	387255	Trigger-In:20	95	grating_off	staircase	21	red	right	unaware	1	0
387.855	0.000	trigger_31	31	387855	Trigger-In:31	95	targets_on_fp_color_change	staircase	21	red	right	unaware	1	0
389.055	0.000	trigger_201	201	389055	Trigger-In:201	95	trial_end_completed	staircase	21	red	right	unaware	1	0
390.125	0.000	trigger_101	101	390125	Trigger-In:101	96	trial_start	staircase	22	red	right	unaware	1	0
390.230	0.000	trigger_11	11	390230	Trigger-In:11	96	fixation_point_on	staircase	22	red	right	unaware	1	0
390.830	0.000	trigger_21	21	390830	Trigger-In:21	96	grating_on	staircase	22	red	right	unaware	1	0
390.880	0.000	trigger_20	20	390880	Trigger-In:20	96	grating_off	staircase	22	red	right	unaware	1	0
391.480	0.000	trigger_31	31	391480	Trigger-In:31	96	targets_on_fp_color_change	staircase	22	red	right	unaware	1	0
392.665	0.000	trigger_201	201	392665	Trigger-In:201	96	trial_end_completed	staircase	22	red	right	unaware	1	0
393.735	0.000	trigger_101	101	393735	Trigger-In:101	97	trial_start	staircase	23	red	left	aware	1	0
393.840	0.000	trigger_11	11	393840	Trigger-In:11	97	fixation_point_on	staircase	23	red	left	aware	1	0
394.440	0.000	trigger_21	21	394440	Trigger-In:21	97	grating_on	staircase	23	red	left	aware	1	0
394.490	0.000	trigger_20	20	394490	Trigger-In:20	97	grating_off	staircase	23	red	left	aware	1	0
395.090	0.000	trigger_31	31	395090	Trigger-In:31	97	targets_on_fp_color_change	staircase	23	red	left	aware	1	0
396.175	0.000	trigger_201	201	396175	Trigger-In:201	97	trial_end_completed	staircase	23	red	left	aware	1	0
397.245	0.000	trigger_101	101	397245	Trigger-In:101	98	trial_start	staircase	22	green	left	unaware	1	0
397.350	0.000	trigger_11	11	397350	Trigger-In:11	98	fixation_point_on	staircase	22	green	left	unaware	1	0
397.950	0.000	trigger_21	21	397950	Trigger-In:21	98	grating_on	staircase	22	green	left	unaware	1	0
398.000	0.000	trigger_20	20	398000	Trigger-In:20	98	grating_off	staircase	22	green	left	unaware	1	0
398.600	0.000	trigger_31	31	398600	Trigger-In:31	98	targets_on_fp_color_change	staircase	22	green	left	unaware	1	0
399.660	0.000	trigger_201	201	399660	Trigger-In:201	98	trial_end_completed	staircase	22	green	left	unaware	1	0
400.730	0.000	trigger_101	101	400730	Trigger-In:101	99	trial_start	staircase	23	red	right	unaware	1	0
400.830	0.000	trigger_11	11	400830	Trigger-In:11	99	fixation_point_on	staircase	23	red	right	unaware	1	0
401.430	0.000	trigger_21	21	401430	Trigger-In:21	99	grating_on	staircase	23	red	right	unaware	1	0
401.480	0.000	trigger_20	20	401480	Trigger-In:20	99	grating_off	staircase	23	red	right	unaware	1	0
402.085	0.000	trigger_31	31	402085	Trigger-In:31	99	targets_on_fp_color_change	staircase	23	red	right	unaware	1	0
403.025	0.000	trigger_201	201	403025	Trigger-In:201	99	trial_end_completed	staircase	23	red	right	unaware	1	0
404.095	0.000	trigger_101	101	404095	Trigger-In:101	100	trial_start	staircase	24	red	left	aware	1	0
404.200	0.000	trigger_11	11	404200	Trigger-In:11	100	fixation_point_on	staircase	24	red	left	aware	1	0
404.800	0.000	trigger_21	21	404800	Trigger-In:21	100	grating_on	staircase	24	red	left	aware	1	0
404.855	0.000	trigger_20	20	404855	Trigger-In:20	100	grating_off	staircase	24	red	left	aware	1	0
405.455	0.000	trigger_31	31	405455	Trigger-In:31	100	targets_on_fp_color_change	staircase	24	red	left	aware	1	0
406.620	0.000	trigger_201	201	406620	Trigger-In:201	100	trial_end_completed	staircase	24	red	left	aware	1	0
407.685	0.000	trigger_101	101	407685	Trigger-In:101	101	trial_start	staircase	23	green	left	unaware	1	0
407.790	0.000	trigger_11	11	407790	Trigger-In:11	101	fixation_point_on	staircase	23	green	left	unaware	1	0
408.395	0.000	trigger_21	21	408395	Trigger-In:21	101	grating_on	staircase	23	green	left	unaware	1	0
408.445	0.000	trigger_20	20	408445	Trigger-In:20	101	grating_off	staircase	23	green	left	unaware	1	0
409.045	0.000	trigger_31	31	409045	Trigger-In:31	101	targets_on_fp_color_change	staircase	23	green	left	unaware	1	0
409.995	0.000	trigger_201	201	409995	Trigger-In:201	101	trial_end_completed	staircase	23	green	left	unaware	1	0
411.060	0.000	trigger_101	101	411060	Trigger-In:101	102	trial_start	staircase	24	red	right	unaware	1	0
411.165	0.000	trigger_11	11	411165	Trigger-In:11	102	fixation_point_on	staircase	24	red	right	unaware	1	0
411.765	0.000	trigger_21	21	411765	Trigger-In:21	102	grating_on	staircase	24	red	right	unaware	1	0
411.820	0.000	trigger_20	20	411820	Trigger-In:20	102	grating_off	staircase	24	red	right	unaware	1	0
412.420	0.000	trigger_31	31	412420	Trigger-In:31	102	targets_on_fp_color_change	staircase	24	red	right	unaware	1	0
413.730	0.000	trigger_201	201	413730	Trigger-In:201	102	trial_end_completed	staircase	24	red	right	unaware	1	0
414.800	0.000	trigger_101	101	414800	Trigger-In:101	103	trial_start	staircase	25	red	right	unaware	1	0
414.905	0.000	trigger_11	11	414905	Trigger-In:11	103	fixation_point_on	staircase	25	red	right	unaware	1	0
415.505	0.000	trigger_21	21	415505	Trigger-In:21	103	grating_on	staircase	25	red	right	unaware	1	0
415.560	0.000	trigger_20	20	415560	Trigger-In:20	103	grating_off	staircase	25	red	right	unaware	1	0
416.160	0.000	trigger_31	31	416160	Trigger-In:31	103	targets_on_fp_color_change	staircase	25	red	right	unaware	1	0
417.380	0.000	trigger_201	201	417380	Trigger-In:201	103	trial_end_completed	staircase	25	red	right	unaware	1	0
418.445	0.000	trigger_101	101	418445	Trigger-In:101	104	trial_start	staircase	26	green	right	aware	1	0
418.550	0.000	trigger_11	11	418550	Trigger-In:11	104	fixation_point_on	staircase	26	green	right	aware	1	0
419.155	0.000	trigger_21	21	419155	Trigger-In:21	104	grating_on	staircase	26	green	right	aware	1	0
419.205	0.000	trigger_20	20	419205	Trigger-In:20	104	grating_off	staircase	26	green	right	aware	1	0
419.805	0.000	trigger_31	31	419805	Trigger-In:31	104	targets_on_fp_color_change	staircase	26	green	right	aware	1	0
420.755	0.000	trigger_201	201	420755	Trigger-In:201	104	trial_end_completed	staircase	26	green	right	aware	1	0
421.825	0.000	trigger_101	101	421825	Trigger-In:101	105	trial_start	staircase	25	green	right	aware	1	0
421.930	0.000	trigger_11	11	421930	Trigger-In:11	105	fixation_point_on	staircase	25	green	right	aware	1	0
422.530	0.000	trigger_21	21	422530	Trigger-In:21	105	grating_on	staircase	25	green	right	aware	1	0
422.580	0.000	trigger_20	20	422580	Trigger-In:20	105	grating_off	staircase	25	green	right	aware	1	0
423.180	0.000	trigger_31	31	423180	Trigger-In:31	105	targets_on_fp_color_change	staircase	25	green	right	aware	1	0
423.920	0.000	trigger_201	201	423920	Trigger-In:201	105	trial_end_completed	staircase	25	green	right	aware	1	0
424.985	0.000	trigger_101	101	424985	Trigger-In:101	106	trial_start	staircase	24	green	left	unaware	1	0
425.090	0.000	trigger_11	11	425090	Trigger-In:11	106	fixation_point_on	staircase	24	green	left	unaware	1	0
425.695	0.000	trigger_21	21	425695	Trigger-In:21	106	grating_on	staircase	24	green	left	unaware	1	0
425.745	0.000	trigger_20	20	425745	Trigger-In:20	106	grating_off	staircase	24	green	left	unaware	1	0
426.345	0.000	trigger_31	31	426345	Trigger-In:31	106	targets_on_fp_color_change	staircase	24	green	left	unaware	1	0
427.445	0.000	trigger_201	201	427445	Trigger-In:201	106	trial_end_completed	staircase	24	green	left	unaware	1	0
428.510	0.000	trigger_101	101	428510	Trigger-In:101	107	trial_start	salient	0	green	left	unaware	1	0
428.615	0.000	trigger_11	11	428615	Trigger-In:11	107	fixation_point_on	salient	0	green	left	unaware	1	0
429.220	0.000	trigger_21	21	429220	Trigger-In:21	107	grating_on	salient	0	green	left	unaware	1	0
429.270	0.000	trigger_20	20	429270	Trigger-In:20	107	grating_off	salient	0	green	left	unaware	1	0
429.870	0.000	trigger_31	31	429870	Trigger-In:31	107	targets_on_fp_color_change	salient	0	green	left	unaware	1	0
431.185	0.000	trigger_201	201	431185	Trigger-In:201	107	trial_end_completed	salient	0	green	left	unaware	1	0
432.255	0.000	trigger_101	101	432255	Trigger-In:101	108	trial_start	staircase	25	green	right	aware	1	0
432.360	0.000	trigger_11	11	432360	Trigger-In:11	108	fixation_point_on	staircase	25	green	right	aware	1	0
432.960	0.000	trigger_21	21	432960	Trigger-In:21	108	grating_on	staircase	25	green	right	aware	1	0
433.010	0.000	trigger_20	20	433010	Trigger-In:20	108	grating_off	staircase	25	green	right	aware	1	0
433.610	0.000	trigger_31	31	433610	Trigger-In:31	108	targets_on_fp_color_change	staircase	25	green	right	aware	1	0
434.410	0.000	trigger_201	201	434410	Trigger-In:201	108	trial_end_completed	staircase	25	green	right	aware	1	0
435.475	0.000	trigger_101	101	435475	Trigger-In:101	109	trial_start	staircase	24	red	left	aware	1	0
435.580	0.000	trigger_11	11	435580	Trigger-In:11	109	fixation_point_on	staircase	24	red	left	aware	1	0
436.185	0.000	trigger_21	21	436185	Trigger-In:21	109	grating_on	staircase	24	red	left	aware	1	0
436.235	0.000	trigger_20	20	436235	Trigger-In:20	109	grating_off	staircase	24	red	left	aware	1	0
436.835	0.000	trigger_31	31	436835	Trigger-In:31	109	targets_on_fp_color_change	staircase	24	red	left	aware	1	0
437.900	0.000	trigger_201	201	437900	Trigger-In:201	109	trial_end_completed	staircase	24	red	left	aware	1	0
438.970	0.000	trigger_101	101	438970	Trigger-In:101	110	trial_start	staircase	23	red	left	aware	1	0
439.075	0.000	trigger_11	11	439075	Trigger-In:11	110	fixation_point_on	staircase	23	red	left	aware	1	0
439.675	0.000	trigger_21	21	439675	Trigger-In:21	110	grating_on	staircase	23	red	left	aware	1	0
439.725	0.000	trigger_20	20	439725	Trigger-In:20	110	grating_off	staircase	23	red	left	aware	1	0
440.325	0.000	trigger_31	31	440325	Trigger-In:31	110	targets_on_fp_color_change	staircase	23	red	left	aware	1	0
441.085	0.000	trigger_201	201	441085	Trigger-In:201	110	trial_end_completed	staircase	23	red	left	aware	1	0
442.155	0.000	trigger_101	101	442155	Trigger-In:101	111	trial_start	absent	50	green	right	aware	1	0
442.255	0.000	trigger_11	11	442255	Trigger-In:11	111	fixation_point_on	absent	50	green	right	aware	1	0
442.860	0.000	trigger_21	21	442860	Trigger-In:21	111	grating_on	absent	50	green	right	aware	1	0
442.910	0.000	trigger_20	20	442910	Trigger-In:20	111	grating_off	absent	50	green	right	aware	1	0
443.510	0.000	trigger_31	31	443510	Trigger-In:31	111	targets_on_fp_color_change	absent	50	green	right	aware	1	0
444.235	0.000	trigger_201	201	444235	Trigger-In:201	111	trial_end_completed	absent	50	green	right	aware	1	0
445.305	0.000	trigger_101	101	445305	Trigger-In:101	112	trial_start	staircase	22	red	left	aware	1	0
445.410	0.000	trigger_11	11	445410	Trigger-In:11	112	fixation_point_on	staircase	22	red	left	aware	1	0
446.010	0.000	trigger_21	21	446010	Trigger-In:21	112	grating_on	staircase	22	red	left	aware	1	0
446.060	0.000	trigger_20	20	446060	Trigger-In:20	112	grating_off	staircase	22	red	left	aware	1	0
446.660	0.000	trigger_31	31	446660	Trigger-In:31	112	targets_on_fp_color_change	staircase	22	red	left	aware	1	0
447.285	0.000	trigger_201	201	447285	Trigger-In:201	112	trial_end_completed	staircase	22	red	left	aware	1	0
448.350	0.000	trigger_101	101	448350	Trigger-In:101	113	trial_start	absent	50	red	left	aware	1	0
448.455	0.000	trigger_11	11	448455	Trigger-In:11	113	fixation_point_on	absent	50	red	left	aware	1	0
449.055	0.000	trigger_21	21	449055	Trigger-In:21	113	grating_on	absent	50	red	left	aware	1	0
449.105	0.000	trigger_20	20	449105	Trigger-In:20	113	grating_off	absent	50	red	left	aware	1	0
449.710	0.000	trigger_31	31	449710	Trigger-In:31	113	targets_on_fp_color_change	absent	50	red	left	aware	1	0
450.460	0.000	trigger_201	201	450460	Trigger-In:201	113	trial_end_completed	absent	50	red	left	aware	1	0
451.530	0.000	trigger_101	101	451530	Trigger-In:101	114	trial_start	staircase	21	red	right	unaware	1	0
451.635	0.000	trigger_11	11	451635	Trigger-In:11	114	fixation_point_on	staircase	21	red	right	unaware	1	0
452.235	0.000	trigger_21	21	452235	Trigger-In:21	114	grating_on	staircase	21	red	right	unaware	1	0
452.285	0.000	trigger_20	20	452285	Trigger-In:20	114	grating_off	staircase	21	red	right	unaware	1	0
452.885	0.000	trigger_31	31	452885	Trigger-In:31	114	targets_on_fp_color_change	staircase	21	red	right	unaware	1	0
453.820	0.000	trigger_201	201	453820	Trigger-In:201	114	trial_end_completed	staircase	21	red	right	unaware	1	0
454.890	0.000	trigger_101	101	454890	Trigger-In:101	115	trial_start	staircase	22	red	right	unaware	1	0
454.995	0.000	trigger_11	11	454995	Trigger-In:11	115	fixation_point_on	staircase	22	red	right	unaware	1	0
455.595	0.000	trigger_21	21	455595	Trigger-In:21	115	grating_on	staircase	22	red	right	unaware	1	0
455.650	0.000	trigger_20	20	455650	Trigger-In:20	115	grating_off	staircase	22	red	right	unaware	1	0
456.250	0.000	trigger_31	31	456250	Trigger-In:31	115	targets_on_fp_color_change	staircase	22	red	right	unaware	1	0
457.185	0.000	trigger_201	201	457185	Trigger-In:201	115	trial_end_completed	staircase	22	red	right	unaware	1	0
458.255	0.000	trigger_101	101	458255	Trigger-In:101	116	trial_start	staircase	23	green	right	aware	1	0
458.360	0.000	trigger_11	11	458360	Trigger-In:11	116	fixation_point_on	staircase	23	green	right	aware	1	0
458.960	0.000	trigger_21	21	458960	Trigger-In:21	116	grating_on	staircase	23	green	right	aware	1	0
459.010	0.000	trigger_20	20	459010	Trigger-In:20	116	grating_off	staircase	23	green	right	aware	1	0
459.610	0.000	trigger_31	31	459610	Trigger-In:31	116	targets_on_fp_color_change	staircase	23	green	right	aware	1	0
460.480	0.000	trigger_201	201	460480	Trigger-In:201	116	trial_end_completed	staircase	23	green	right	aware	1	0
461.550	0.000	trigger_101	101	461550	Trigger-In:101	117	trial_start	staircase	22	red	left	aware	1	0
461.660	0.000	trigger_11	11	461660	Trigger-In:11	117	fixation_point_on	staircase	22	red	left	aware	1	0
462.260	0.000	trigger_21	21	462260	Trigger-In:21	117	grating_on	staircase	22	red	left	aware	1	0
462.310	0.000	trigger_20	20	462310	Trigger-In:20	117	grating_off	staircase	22	red	left	aware	1	0
462.910	0.000	trigger_31	31	462910	Trigger-In:31	117	targets_on_fp_color_change	staircase	22	red	left	aware	1	0
463.610	0.000	trigger_201	201	463610	Trigger-In:201	117	trial_end_completed	staircase	22	red	left	aware	1	0
464.680	0.000	trigger_101	101	464680	Trigger-In:101	118	trial_start	staircase	21	green	left	unaware	1	0
464.785	0.000	trigger_11	11	464785	Trigger-In:11	118	fixation_point_on	staircase	21	green	left	unaware	1	0
465.385	0.000	trigger_21	21	465385	Trigger-In:21	118	grating_on	staircase	21	green	left	unaware	1	0
465.435	0.000	trigger_20	20	465435	Trigger-In:20	118	grating_off	staircase	21	green	left	unaware	1	0
466.035	0.000	trigger_31	31	466035	Trigger-In:31	118	targets_on_fp_color_change	staircase	21	green	left	unaware	1	0
467.235	0.000	trigger_201	201	467235	Trigger-In:201	118	trial_end_completed	staircase	21	green	left	unaware	1	0
468.305	0.000	trigger_101	101	468305	Trigger-In:101	119	trial_start	staircase	22	green	right	aware	1	0
468.410	0.000	trigger_11	11	468410	Trigger-In:11	119	fixation_point_on	staircase	22	green	right	aware	1	0
469.010	0.000	trigger_21	21	469010	Trigger-In:21	119	grating_on	staircase	22	green	right	aware	1	0
469.060	0.000	trigger_20	20	469060	Trigger-In:20	119	grating_off	staircase	22	green	right	aware	1	0
469.660	0.000	trigger_31	31	469660	Trigger-In:31	119	targets_on_fp_color_change	staircase	22	green	right	aware	1	0
470.565	0.000	trigger_201	201	470565	Trigger-In:201	119	trial_end_completed	staircase	22	green	right	aware	1	0
471.635	0.000	trigger_101	101	471635	Trigger-In:101	120	trial_start	staircase	21	green	left	unaware	1	0
471.740	0.000	trigger_11	11	471740	Trigger-In:11	120	fixation_point_on	staircase	21	green	left	unaware	1	0
472.340	0.000	trigger_21	21	472340	Trigger-In:21	120	grating_on	staircase	21	green	left	unaware	1	0
472.390	0.000	trigger_20	20	472390	Trigger-In:20	120	grating_off	staircase	21	green	left	unaware	1	0
472.990	0.000	trigger_31	31	472990	Trigger-In:31	120	targets_on_fp_color_change	staircase	21	green	left	unaware	1	0
473.970	0.000	trigger_201	201	473970	Trigger-In:201	120	trial_end_completed	staircase	21	green	left	unaware	1	0
475.040	0.000	trigger_101	101	475040	Trigger-In:101	121	trial_start	staircase	22	green	left	unaware	1	0
475.140	0.000	trigger_11	11	475140	Trigger-In:11	121	fixation_point_on	staircase	22	green	left	unaware	1	0
475.740	0.000	trigger_21	21	475740	Trigger-In:21	121	grating_on	staircase	22	green	left	unaware	1	0
475.790	0.000	trigger_20	20	475790	Trigger-In:20	121	grating_off	staircase	22	green	left	unaware	1	0
476.390	0.000	trigger_31	31	476390	Trigger-In:31	121	targets_on_fp_color_change	staircase	22	green	left	unaware	1	0
477.435	0.000	trigger_201	201	477435	Trigger-In:201	121	trial_end_completed	staircase	22	green	left	unaware	1	0
478.505	0.000	trigger_101	101	478505	Trigger-In:101	122	trial_start	absent	50	green	right	aware	1	0
478.605	0.000	trigger_11	11	478605	Trigger-In:11	122	fixation_point_on	absent	50	green	right	aware	1	0
479.210	0.000	trigger_21	21	479210	Trigger-In:21	122	grating_on	absent	50	green	right	aware	1	0
479.260	0.000	trigger_20	20	479260	Trigger-In:20	122	grating_off	absent	50	green	right	aware	1	0
479.860	0.000	trigger_31	31	479860	Trigger-In:31	122	targets_on_fp_color_change	absent	50	green	right	aware	1	0
480.525	0.000	trigger_201	201	480525	Trigger-In:201	122	trial_end_completed	absent	50	green	right	aware	1	0
481.595	0.000	trigger_101	101	481595	Trigger-In:101	123	trial_start	staircase	23	red	left	aware	1	0
481.700	0.000	trigger_11	11	481700	Trigger-In:11	123	fixation_point_on	staircase	23	red	left	aware	1	0
482.300	0.000	trigger_21	21	482300	Trigger-In:21	123	grating_on	staircase	23	red	left	aware	1	0
482.350	0.000	trigger_20	20	482350	Trigger-In:20	123	grating_off	staircase	23	red	left	aware	1	0
482.950	0.000	trigger_31	31	482950	Trigger-In:31	123	targets_on_fp_color_change	staircase	23	red	left	aware	1	0
483.695	0.000	trigger_201	201	483695	Trigger-In:201	123	trial_end_completed	staircase	23	red	left	aware	1	0
484.765	0.000	trigger_101	101	484765	Trigger-In:101	124	trial_start	salient	0	green	left	unaware	1	0
484.870	0.000	trigger_11	11	484870	Trigger-In:11	124	fixation_point_on	salient	0	green	left	unaware	1	0
485.470	0.000	trigger_21	21	485470	Trigger-In:21	124	grating_on	salient	0	green	left	unaware	1	0
485.520	0.000	trigger_20	20	485520	Trigger-In:20	124	grating_off	salient	0	green	left	unaware	1	0
486.120	0.000	trigger_31	31	486120	Trigger-In:31	124	targets_on_fp_color_change	salient	0	green	left	unaware	1	0
487.135	0.000	trigger_201	201	487135	Trigger-In:201	124	trial_end_completed	salient	0	green	left	unaware	1	0
488.205	0.000	trigger_101	101	488205	Trigger-In:101	125	trial_start	staircase	22	green	left	unaware	1	0
488.305	0.000	trigger_11	11	488305	Trigger-In:11	125	fixation_point_on	staircase	22	green	left	unaware	1	0
488.905	0.000	trigger_21	21	488905	Trigger-In:21	125	grating_on	staircase	22	green	left	unaware	1	0
488.955	0.000	trigger_20	20	488955	Trigger-In:20	125	grating_off	staircase	22	green	left	unaware	1	0
489.555	0.000	trigger_31	31	489555	Trigger-In:31	125	targets_on_fp_color_change	staircase	22	green	left	unaware	1	0
490.555	0.000	trigger_201	201	490555	Trigger-In:201	125	trial_end_completed	staircase	22	green	left	unaware	1	0
491.625	0.000	trigger_101	101	491625	Trigger-In:101	126	trial_start	staircase	23	red	left	aware	1	0
492.060	0.000	trigger_11	11	492060	Trigger-In:11	126	fixation_point_on	staircase	23	red	left	aware	1	0
492.660	0.000	trigger_21	21	492660	Trigger-In:21	126	grating_on	staircase	23	red	left	aware	1	0
492.715	0.000	trigger_20	20	492715	Trigger-In:20	126	grating_off	staircase	23	red	left	aware	1	0
493.315	0.000	trigger_31	31	493315	Trigger-In:31	126	targets_on_fp_color_change	staircase	23	red	left	aware	1	0
494.470	0.000	trigger_201	201	494470	Trigger-In:201	126	trial_end_completed	staircase	23	red	left	aware	1	0
495.540	0.000	trigger_101	101	495540	Trigger-In:101	127	trial_start	staircase	22	red	right	unaware	1	0
495.645	0.000	trigger_11	11	495645	Trigger-In:11	127	fixation_point_on	staircase	22	red	right	unaware	1	0
496.245	0.000	trigger_21	21	496245	Trigger-In:21	127	grating_on	staircase	22	red	right	unaware	1	0
496.295	0.000	trigger_20	20	496295	Trigger-In:20	127	grating_off	staircase	22	red	right	unaware	1	0
496.895	0.000	trigger_31	31	496895	Trigger-In:31	127	targets_on_fp_color_change	staircase	22	red	right	unaware	1	0
498.315	0.000	trigger_201	201	498315	Trigger-In:201	127	trial_end_completed	staircase	22	red	right	unaware	1	0
499.380	0.000	trigger_101	101	499380	Trigger-In:101	128	trial_start	staircase	23	green	left	unaware	1	0
499.485	0.000	trigger_11	11	499485	Trigger-In:11	128	fixation_point_on	staircase	23	green	left	unaware	1	0
500.085	0.000	trigger_21	21	500085	Trigger-In:21	128	grating_on	staircase	23	green	left	unaware	1	0
500.135	0.000	trigger_20	20	500135	Trigger-In:20	128	grating_off	staircase	23	green	left	unaware	1	0
500.735	0.000	trigger_31	31	500735	Trigger-In:31	128	targets_on_fp_color_change	staircase	23	green	left	unaware	1	0
502.130	0.000	trigger_201	201	502130	Trigger-In:201	128	trial_end_completed	staircase	23	green	left	unaware	1	0
503.200	0.000	trigger_101	101	503200	Trigger-In:101	129	trial_start	salient	0	green	left	unaware	1	0
503.305	0.000	trigger_11	11	503305	Trigger-In:11	129	fixation_point_on	salient	0	green	left	unaware	1	0
503.905	0.000	trigger_21	21	503905	Trigger-In:21	129	grating_on	salient	0	green	left	unaware	1	0
503.955	0.000	trigger_20	20	503955	Trigger-In:20	129	grating_off	salient	0	green	left	unaware	1	0
504.555	0.000	trigger_31	31	504555	Trigger-In:31	129	targets_on_fp_color_change	salient	0	green	left	unaware	1	0
506.120	0.000	trigger_201	201	506120	Trigger-In:201	129	trial_end_completed	salient	0	green	left	unaware	1	0
507.190	0.000	trigger_101	101	507190	Trigger-In:101	130	trial_start	staircase	24	red	right	unaware	1	0
507.295	0.000	trigger_11	11	507295	Trigger-In:11	130	fixation_point_on	staircase	24	red	right	unaware	1	0
507.895	0.000	trigger_21	21	507895	Trigger-In:21	130	grating_on	staircase	24	red	right	unaware	1	0
507.945	0.000	trigger_20	20	507945	Trigger-In:20	130	grating_off	staircase	24	red	right	unaware	1	0
508.545	0.000	trigger_31	31	508545	Trigger-In:31	130	targets_on_fp_color_change	staircase	24	red	right	unaware	1	0
509.720	0.000	trigger_201	201	509720	Trigger-In:201	130	trial_end_completed	staircase	24	red	right	unaware	1	0
510.790	0.000	trigger_101	101	510790	Trigger-In:101	131	trial_start	staircase	25	green	left	unaware	1	0
510.895	0.000	trigger_11	11	510895	Trigger-In:11	131	fixation_point_on	staircase	25	green	left	unaware	1	0
511.495	0.000	trigger_21	21	511495	Trigger-In:21	131	grating_on	staircase	25	green	left	unaware	1	0
511.545	0.000	trigger_20	20	511545	Trigger-In:20	131	grating_off	staircase	25	green	left	unaware	1	0
512.145	0.000	trigger_31	31	512145	Trigger-In:31	131	targets_on_fp_color_change	staircase	25	green	left	unaware	1	0
513.060	0.000	trigger_201	201	513060	Trigger-In:201	131	trial_end_completed	staircase	25	green	left	unaware	1	0
514.130	0.000	trigger_101	101	514130	Trigger-In:101	132	trial_start	staircase	26	green	left	unaware	1	0
514.235	0.000	trigger_11	11	514235	Trigger-In:11	132	fixation_point_on	staircase	26	green	left	unaware	1	0
514.835	0.000	trigger_21	21	514835	Trigger-In:21	132	grating_on	staircase	26	green	left	unaware	1	0
514.885	0.000	trigger_20	20	514885	Trigger-In:20	132	grating_off	staircase	26	green	left	unaware	1	0
515.485	0.000	trigger_31	31	515485	Trigger-In:31	132	targets_on_fp_color_change	staircase	26	green	left	unaware	1	0
516.685	0.000	trigger_201	201	516685	Trigger-In:201	132	trial_end_completed	staircase	26	green	left	unaware	1	0
517.755	0.000	trigger_101	101	517755	Trigger-In:101	133	trial_start	staircase	27	green	left	unaware	1	0
517.860	0.000	trigger_11	11	517860	Trigger-In:11	133	fixation_point_on	staircase	27	green	left	unaware	1	0
518.460	0.000	trigger_21	21	518460	Trigger-In:21	133	grating_on	staircase	27	green	left	unaware	1	0
518.510	0.000	trigger_20	20	518510	Trigger-In:20	133	grating_off	staircase	27	green	left	unaware	1	0
519.110	0.000	trigger_31	31	519110	Trigger-In:31	133	targets_on_fp_color_change	staircase	27	green	left	unaware	1	0
520.245	0.000	trigger_201	201	520245	Trigger-In:201	133	trial_end_completed	staircase	27	green	left	unaware	1	0
521.315	0.000	trigger_101	101	521315	Trigger-In:101	134	trial_start	staircase	28	green	right	aware	1	0
521.420	0.000	trigger_11	11	521420	Trigger-In:11	134	fixation_point_on	staircase	28	green	right	aware	1	0
522.020	0.000	trigger_21	21	522020	Trigger-In:21	134	grating_on	staircase	28	green	right	aware	1	0
522.070	0.000	trigger_20	20	522070	Trigger-In:20	134	grating_off	staircase	28	green	right	aware	1	0
522.670	0.000	trigger_31	31	522670	Trigger-In:31	134	targets_on_fp_color_change	staircase	28	green	right	aware	1	0
524.195	0.000	trigger_201	201	524195	Trigger-In:201	134	trial_end_completed	staircase	28	green	right	aware	1	0
525.265	0.000	trigger_101	101	525265	Trigger-In:101	135	trial_start	staircase	27	red	left	aware	1	0
525.375	0.000	trigger_11	11	525375	Trigger-In:11	135	fixation_point_on	staircase	27	red	left	aware	1	0
525.975	0.000	trigger_21	21	525975	Trigger-In:21	135	grating_on	staircase	27	red	left	aware	1	0
526.025	0.000	trigger_20	20	526025	Trigger-In:20	135	grating_off	staircase	27	red	left	aware	1	0
526.625	0.000	trigger_31	31	526625	Trigger-In:31	135	targets_on_fp_color_change	staircase	27	red	left	aware	1	0
527.395	0.000	trigger_201	201	527395	Trigger-In:201	135	trial_end_completed	staircase	27	red	left	aware	1	0
528.465	0.000	trigger_101	101	528465	Trigger-In:101	136	trial_start	staircase	26	green	right	aware	1	0
528.570	0.000	trigger_11	11	528570	Trigger-In:11	136	fixation_point_on	staircase	26	green	right	aware	1	0
529.170	0.000	trigger_21	21	529170	Trigger-In:21	136	grating_on	staircase	26	green	right	aware	1	0
529.220	0.000	trigger_20	20	529220	Trigger-In:20	136	grating_off	staircase	26	green	right	aware	1	0
529.820	0.000	trigger_31	31	529820	Trigger-In:31	136	targets_on_fp_color_change	staircase	26	green	right	aware	1	0
530.640	0.000	trigger_201	201	530640	Trigger-In:201	136	trial_end_completed	staircase	26	green	right	aware	1	0
531.710	0.000	trigger_101	101	531710	Trigger-In:101	137	trial_start	salient	0	red	right	unaware	1	0
531.815	0.000	trigger_11	11	531815	Trigger-In:11	137	fixation_point_on	salient	0	red	right	unaware	1	0
532.415	0.000	trigger_21	21	532415	Trigger-In:21	137	grating_on	salient	0	red	right	unaware	1	0
532.465	0.000	trigger_20	20	532465	Trigger-In:20	137	grating_off	salient	0	red	right	unaware	1	0
533.065	0.000	trigger_31	31	533065	Trigger-In:31	137	targets_on_fp_color_change	salient	0	red	right	unaware	1	0
534.245	0.000	trigger_201	201	534245	Trigger-In:201	137	trial_end_completed	salient	0	red	right	unaware	1	0
535.315	0.000	trigger_101	101	535315	Trigger-In:101	138	trial_start	absent	50	green	right	aware	1	0
535.420	0.000	trigger_11	11	535420	Trigger-In:11	138	fixation_point_on	absent	50	green	right	aware	1	0
536.020	0.000	trigger_21	21	536020	Trigger-In:21	138	grating_on	absent	50	green	right	aware	1	0
536.070	0.000	trigger_20	20	536070	Trigger-In:20	138	grating_off	absent	50	green	right	aware	1	0
536.670	0.000	trigger_31	31	536670	Trigger-In:31	138	targets_on_fp_color_change	absent	50	green	right	aware	1	0
537.505	0.000	trigger_201	201	537505	Trigger-In:201	138	trial_end_completed	absent	50	green	right	aware	1	0
538.570	0.000	trigger_101	101	538570	Trigger-In:101	139	trial_start	absent	50	red	left	aware	1	0
538.680	0.000	trigger_11	11	538680	Trigger-In:11	139	fixation_point_on	absent	50	red	left	aware	1	0
539.280	0.000	trigger_21	21	539280	Trigger-In:21	139	grating_on	absent	50	red	left	aware	1	0
539.330	0.000	trigger_20	20	539330	Trigger-In:20	139	grating_off	absent	50	red	left	aware	1	0
539.930	0.000	trigger_31	31	539930	Trigger-In:31	139	targets_on_fp_color_change	absent	50	red	left	aware	1	0
540.970	0.000	trigger_201	201	540970	Trigger-In:201	139	trial_end_completed	absent	50	red	left	aware	1	0
542.045	0.000	trigger_101	101	542045	Trigger-In:101	140	trial_start	staircase	25	green	right	aware	1	0
542.220	0.000	trigger_11	11	542220	Trigger-In:11	140	fixation_point_on	staircase	25	green	right	aware	1	0
542.945	0.000	trigger_21	21	542945	Trigger-In:21	140	grating_on	staircase	25	green	right	aware	1	0
543.010	0.000	trigger_20	20	543010	Trigger-In:20	140	grating_off	staircase	25	green	right	aware	1	0
543.710	0.000	trigger_31	31	543710	Trigger-In:31	140	targets_on_fp_color_change	staircase	25	green	right	aware	1	0
544.465	0.000	trigger_201	201	544465	Trigger-In:201	140	trial_end_completed	staircase	25	green	right	aware	1	0
545.555	0.000	trigger_101	101	545555	Trigger-In:101	141	trial_start	staircase	24	green	right	aware	1	0
545.660	0.000	trigger_11	11	545660	Trigger-In:11	141	fixation_point_on	staircase	24	green	right	aware	1	0
546.260	0.000	trigger_21	21	546260	Trigger-In:21	141	grating_on	staircase	24	green	right	aware	1	0
546.310	0.000	trigger_20	20	546310	Trigger-In:20	141	grating_off	staircase	24	green	right	aware	1	0
546.910	0.000	trigger_31	31	546910	Trigger-In:31	141	targets_on_fp_color_change	staircase	24	green	right	aware	1	0
547.820	0.000	trigger_201	201	547820	Trigger-In:201	141	trial_end_completed	staircase	24	green	right	aware	1	0
548.885	0.000	trigger_101	101	548885	Trigger-In:101	142	trial_start	salient	0	green	left	unaware	1	0
548.995	0.000	trigger_11	11	548995	Trigger-In:11	142	fixation_point_on	salient	0	green	left	unaware	1	0
549.595	0.000	trigger_21	21	549595	Trigger-In:21	142	grating_on	salient	0	green	left	unaware	1	0
549.645	0.000	trigger_20	20	549645	Trigger-In:20	142	grating_off	salient	0	green	left	unaware	1	0
550.245	0.000	trigger_31	31	550245	Trigger-In:31	142	targets_on_fp_color_change	salient	0	green	left	unaware	1	0
551.280	0.000	trigger_201	201	551280	Trigger-In:201	142	trial_end_completed	salient	0	green	left	unaware	1	0
552.350	0.000	trigger_101	101	552350	Trigger-In:101	143	trial_start	staircase	23	green	left	unaware	1	0
552.455	0.000	trigger_11	11	552455	Trigger-In:11	143	fixation_point_on	staircase	23	green	left	unaware	1	0
553.055	0.000	trigger_21	21	553055	Trigger-In:21	143	grating_on	staircase	23	green	left	unaware	1	0
553.110	0.000	trigger_20	20	553110	Trigger-In:20	143	grating_off	staircase	23	green	left	unaware	1	0
553.710	0.000	trigger_31	31	553710	Trigger-In:31	143	targets_on_fp_color_change	staircase	23	green	left	unaware	1	0
554.900	0.000	trigger_201	201	554900	Trigger-In:201	143	trial_end_completed	staircase	23	green	left	unaware	1	0
555.975	0.000	trigger_101	101	555975	Trigger-In:101	144	trial_start	staircase	24	green	right	aware	1	0
556.085	0.000	trigger_11	11	556085	Trigger-In:11	144	fixation_point_on	staircase	24	green	right	aware	1	0
556.685	0.000	trigger_21	21	556685	Trigger-In:21	144	grating_on	staircase	24	green	right	aware	1	0
556.735	0.000	trigger_20	20	556735	Trigger-In:20	144	grating_off	staircase	24	green	right	aware	1	0
557.335	0.000	trigger_31	31	557335	Trigger-In:31	144	targets_on_fp_color_change	staircase	24	green	right	aware	1	0
558.320	0.000	trigger_201	201	558320	Trigger-In:201	144	trial_end_completed	staircase	24	green	right	aware	1	0
559.390	0.000	trigger_101	101	559390	Trigger-In:101	145	trial_start	staircase	23	red	right	unaware	1	0
559.495	0.000	trigger_11	11	559495	Trigger-In:11	145	fixation_point_on	staircase	23	red	right	unaware	1	0
560.095	0.000	trigger_21	21	560095	Trigger-In:21	145	grating_on	staircase	23	red	right	unaware	1	0
560.145	0.000	trigger_20	20	560145	Trigger-In:20	145	grating_off	staircase	23	red	right	unaware	1	0
560.745	0.000	trigger_31	31	560745	Trigger-In:31	145	targets_on_fp_color_change	staircase	23	red	right	unaware	1	0
561.745	0.000	trigger_201	201	561745	Trigger-In:201	145	trial_end_completed	staircase	23	red	right	unaware	1	0
562.820	0.000	trigger_101	101	562820	Trigger-In:101	146	trial_start	staircase	24	green	right	aware	1	0
562.930	0.000	trigger_11	11	562930	Trigger-In:11	146	fixation_point_on	staircase	24	green	right	aware	1	0
563.530	0.000	trigger_21	21	563530	Trigger-In:21	146	grating_on	staircase	24	green	right	aware	1	0
563.580	0.000	trigger_20	20	563580	Trigger-In:20	146	grating_off	staircase	24	green	right	aware	1	0
564.195	0.000	trigger_31	31	564195	Trigger-In:31	146	targets_on_fp_color_change	staircase	24	green	right	aware	1	0
565.145	0.000	trigger_201	201	565145	Trigger-In:201	146	trial_end_completed	staircase	24	green	right	aware	1	0
566.225	0.000	trigger_101	101	566225	Trigger-In:101	147	trial_start	staircase	23	green	left	unaware	1	0
566.345	0.000	trigger_11	11	566345	Trigger-In:11	147	fixation_point_on	staircase	23	green	left	unaware	1	0
566.995	0.000	trigger_21	21	566995	Trigger-In:21	147	grating_on	staircase	23	green	left	unaware	1	0
567.050	0.000	trigger_20	20	567050	Trigger-In:20	147	grating_off	staircase	23	green	left	unaware	1	0
567.665	0.000	trigger_31	31	567665	Trigger-In:31	147	targets_on_fp_color_change	staircase	23	green	left	unaware	1	0
568.535	0.000	trigger_201	201	568535	Trigger-In:201	147	trial_end_completed	staircase	23	green	left	unaware	1	0
569.625	0.000	trigger_101	101	569625	Trigger-In:101	148	trial_start	staircase	24	green	left	unaware	1	0
569.730	0.000	trigger_11	11	569730	Trigger-In:11	148	fixation_point_on	staircase	24	green	left	unaware	1	0
570.330	0.000	trigger_21	21	570330	Trigger-In:21	148	grating_on	staircase	24	green	left	unaware	1	0
570.385	0.000	trigger_20	20	570385	Trigger-In:20	148	grating_off	staircase	24	green	left	unaware	1	0
570.985	0.000	trigger_31	31	570985	Trigger-In:31	148	targets_on_fp_color_change	staircase	24	green	left	unaware	1	0
571.940	0.000	trigger_201	201	571940	Trigger-In:201	148	trial_end_completed	staircase	24	green	left	unaware	1	0
573.025	0.000	trigger_101	101	573025	Trigger-In:101	149	trial_start	staircase	25	red	right	unaware	1	0
573.130	0.000	trigger_11	11	573130	Trigger-In:11	149	fixation_point_on	staircase	25	red	right	unaware	1	0
573.735	0.000	trigger_21	21	573735	Trigger-In:21	149	grating_on	staircase	25	red	right	unaware	1	0
573.785	0.000	trigger_20	20	573785	Trigger-In:20	149	grating_off	staircase	25	red	right	unaware	1	0
574.385	0.000	trigger_31	31	574385	Trigger-In:31	149	targets_on_fp_color_change	staircase	25	red	right	unaware	1	0
575.455	0.000	trigger_201	201	575455	Trigger-In:201	149	trial_end_completed	staircase	25	red	right	unaware	1	0
576.535	0.000	trigger_101	101	576535	Trigger-In:101	150	trial_start	staircase	26	red	left	aware	1	0
576.635	0.000	trigger_11	11	576635	Trigger-In:11	150	fixation_point_on	staircase	26	red	left	aware	1	0
577.250	0.000	trigger_21	21	577250	Trigger-In:21	150	grating_on	staircase	26	red	left	aware	1	0
577.305	0.000	trigger_20	20	577305	Trigger-In:20	150	grating_off	staircase	26	red	left	aware	1	0
577.910	0.000	trigger_31	31	577910	Trigger-In:31	150	targets_on_fp_color_change	staircase	26	red	left	aware	1	0
578.685	0.000	trigger_201	201	578685	Trigger-In:201	150	trial_end_completed	staircase	26	red	left	aware	1	0
579.760	0.000	trigger_101	101	579760	Trigger-In:101	151	trial_start	staircase	25	green	left	unaware	1	0
579.865	0.000	trigger_11	11	579865	Trigger-In:11	151	fixation_point_on	staircase	25	green	left	unaware	1	0
580.465	0.000	trigger_21	21	580465	Trigger-In:21	151	grating_on	staircase	25	green	left	unaware	1	0
580.520	0.000	trigger_20	20	580520	Trigger-In:20	151	grating_off	staircase	25	green	left	unaware	1	0
581.120	0.000	trigger_31	31	581120	Trigger-In:31	151	targets_on_fp_color_change	staircase	25	green	left	unaware	1	0
582.190	0.000	trigger_201	201	582190	Trigger-In:201	151	trial_end_completed	staircase	25	green	left	unaware	1	0
583.265	0.000	trigger_101	101	583265	Trigger-In:101	152	trial_start	staircase	26	green	left	unaware	1	0
583.370	0.000	trigger_11	11	583370	Trigger-In:11	152	fixation_point_on	staircase	26	green	left	unaware	1	0
583.970	0.000	trigger_21	21	583970	Trigger-In:21	152	grating_on	staircase	26	green	left	unaware	1	0
584.025	0.000	trigger_20	20	584025	Trigger-In:20	152	grating_off	staircase	26	green	left	unaware	1	0
584.625	0.000	trigger_31	31	584625	Trigger-In:31	152	targets_on_fp_color_change	staircase	26	green	left	unaware	1	0
585.530	0.000	trigger_201	201	585530	Trigger-In:201	152	trial_end_completed	staircase	26	green	left	unaware	1	0
586.600	0.000	trigger_101	101	586600	Trigger-In:101	153	trial_start	staircase	27	red	right	unaware	1	0
586.705	0.000	trigger_11	11	586705	Trigger-In:11	153	fixation_point_on	staircase	27	red	right	unaware	1	0
587.305	0.000	trigger_21	21	587305	Trigger-In:21	153	grating_on	staircase	27	red	right	unaware	1	0
587.355	0.000	trigger_20	20	587355	Trigger-In:20	153	grating_off	staircase	27	red	right	unaware	1	0
587.955	0.000	trigger_31	31	587955	Trigger-In:31	153	targets_on_fp_color_change	staircase	27	red	right	unaware	1	0
589.360	0.000	trigger_201	201	589360	Trigger-In:201	153	trial_end_completed	staircase	27	red	right	unaware	1	0
590.430	0.000	trigger_101	101	590430	Trigger-In:101	154	trial_start	staircase	28	red	left	aware	1	0
590.535	0.000	trigger_11	11	590535	Trigger-In:11	154	fixation_point_on	staircase	28	red	left	aware	1	0
591.135	0.000	trigger_21	21	591135	Trigger-In:21	154	grating_on	staircase	28	red	left	aware	1	0
591.185	0.000	trigger_20	20	591185	Trigger-In:20	154	grating_off	staircase	28	red	left	aware	1	0
591.790	0.000	trigger_31	31	591790	Trigger-In:31	154	targets_on_fp_color_change	staircase	28	red	left	aware	1	0
592.565	0.000	trigger_201	201	592565	Trigger-In:201	154	trial_end_completed	staircase	28	red	left	aware	1	0
593.640	0.000	trigger_101	101	593640	Trigger-In:101	155	trial_start	staircase	27	red	left	aware	1	0
593.910	0.000	trigger_11	11	593910	Trigger-In:11	155	fixation_point_on	staircase	27	red	left	aware	1	0
594.510	0.000	trigger_21	21	594510	Trigger-In:21	155	grating_on	staircase	27	red	left	aware	1	0
594.560	0.000	trigger_20	20	594560	Trigger-In:20	155	grating_off	staircase	27	red	left	aware	1	0
595.165	0.000	trigger_31	31	595165	Trigger-In:31	155	targets_on_fp_color_change	staircase	27	red	left	aware	1	0
595.895	0.000	trigger_201	201	595895	Trigger-In:201	155	trial_end_completed	staircase	27	red	left	aware	1	0
596.965	0.000	trigger_101	101	596965	Trigger-In:101	156	trial_start	salient	0	red	right	unaware	1	0
597.070	0.000	trigger_11	11	597070	Trigger-In:11	156	fixation_point_on	salient	0	red	right	unaware	1	0
597.670	0.000	trigger_21	21	597670	Trigger-In:21	156	grating_on	salient	0	red	right	unaware	1	0
597.720	0.000	trigger_20	20	597720	Trigger-In:20	156	grating_off	salient	0	red	right	unaware	1	0
598.325	0.000	trigger_31	31	598325	Trigger-In:31	156	targets_on_fp_color_change	salient	0	red	right	unaware	1	0
599.305	0.000	trigger_201	201	599305	Trigger-In:201	156	trial_end_completed	salient	0	red	right	unaware	1	0
600.385	0.000	trigger_101	101	600385	Trigger-In:101	157	trial_start	staircase	26	green	left	unaware	1	0
600.490	0.000	trigger_11	11	600490	Trigger-In:11	157	fixation_point_on	staircase	26	green	left	unaware	1	0
601.090	0.000	trigger_21	21	601090	Trigger-In:21	157	grating_on	staircase	26	green	left	unaware	1	0
601.145	0.000	trigger_20	20	601145	Trigger-In:20	157	grating_off	staircase	26	green	left	unaware	1	0
601.745	0.000	trigger_31	31	601745	Trigger-In:31	157	targets_on_fp_color_change	staircase	26	green	left	unaware	1	0
602.750	0.000	trigger_201	201	602750	Trigger-In:201	157	trial_end_completed	staircase	26	green	left	unaware	1	0
603.820	0.000	trigger_101	101	603820	Trigger-In:101	158	trial_start	staircase	27	red	left	aware	1	0
603.925	0.000	trigger_11	11	603925	Trigger-In:11	158	fixation_point_on	staircase	27	red	left	aware	1	0
604.525	0.000	trigger_21	21	604525	Trigger-In:21	158	grating_on	staircase	27	red	left	aware	1	0
604.575	0.000	trigger_20	20	604575	Trigger-In:20	158	grating_off	staircase	27	red	left	aware	1	0
605.180	0.000	trigger_31	31	605180	Trigger-In:31	158	targets_on_fp_color_change	staircase	27	red	left	aware	1	0
606.000	0.000	trigger_201	201	606000	Trigger-In:201	158	trial_end_completed	staircase	27	red	left	aware	1	0
607.070	0.000	trigger_101	101	607070	Trigger-In:101	159	trial_start	staircase	26	green	right	aware	1	0
607.175	0.000	trigger_11	11	607175	Trigger-In:11	159	fixation_point_on	staircase	26	green	right	aware	1	0
607.780	0.000	trigger_21	21	607780	Trigger-In:21	159	grating_on	staircase	26	green	right	aware	1	0
607.830	0.000	trigger_20	20	607830	Trigger-In:20	159	grating_off	staircase	26	green	right	aware	1	0
608.430	0.000	trigger_31	31	608430	Trigger-In:31	159	targets_on_fp_color_change	staircase	26	green	right	aware	1	0
609.290	0.000	trigger_201	201	609290	Trigger-In:201	159	trial_end_completed	staircase	26	green	right	aware	1	0
610.360	0.000	trigger_101	101	610360	Trigger-In:101	160	trial_start	staircase	25	red	right	unaware	1	0
610.465	0.000	trigger_11	11	610465	Trigger-In:11	160	fixation_point_on	staircase	25	red	right	unaware	1	0
611.065	0.000	trigger_21	21	611065	Trigger-In:21	160	grating_on	staircase	25	red	right	unaware	1	0
611.115	0.000	trigger_20	20	611115	Trigger-In:20	160	grating_off	staircase	25	red	right	unaware	1	0
611.715	0.000	trigger_31	31	611715	Trigger-In:31	160	targets_on_fp_color_change	staircase	25	red	right	unaware	1	0
613.100	0.000	trigger_201	201	613100	Trigger-In:201	160	trial_end_completed	staircase	25	red	right	unaware	1	0
614.170	0.000	trigger_101	101	614170	Trigger-In:101	161	trial_start	staircase	26	green	right	aware	1	0
614.270	0.000	trigger_11	11	614270	Trigger-In:11	161	fixation_point_on	staircase	26	green	right	aware	1	0
614.870	0.000	trigger_21	21	614870	Trigger-In:21	161	grating_on	staircase	26	green	right	aware	1	0
614.920	0.000	trigger_20	20	614920	Trigger-In:20	161	grating_off	staircase	26	green	right	aware	1	0
615.520	0.000	trigger_31	31	615520	Trigger-In:31	161	targets_on_fp_color_change	staircase	26	green	right	aware	1	0
616.350	0.000	trigger_201	201	616350	Trigger-In:201	161	trial_end_completed	staircase	26	green	right	aware	1	0
617.420	0.000	trigger_101	101	617420	Trigger-In:101	162	trial_start	staircase	25	green	left	unaware	1	0
617.525	0.000	trigger_11	11	617525	Trigger-In:11	162	fixation_point_on	staircase	25	green	left	unaware	1	0
618.125	0.000	trigger_21	21	618125	Trigger-In:21	162	grating_on	staircase	25	green	left	unaware	1	0
618.180	0.000	trigger_20	20	618180	Trigger-In:20	162	grating_off	staircase	25	green	left	unaware	1	0
618.780	0.000	trigger_31	31	618780	Trigger-In:31	162	targets_on_fp_color_change	staircase	25	green	left	unaware	1	0
619.785	0.000	trigger_201	201	619785	Trigger-In:201	162	trial_end_completed	staircase	25	green	left	unaware	1	0
620.855	0.000	trigger_101	101	620855	Trigger-In:101	163	trial_start	staircase	26	green	right	aware	1	0
620.955	0.000	trigger_11	11	620955	Trigger-In:11	163	fixation_point_on	staircase	26	green	right	aware	1	0
621.555	0.000	trigger_21	21	621555	Trigger-In:21	163	grating_on	staircase	26	green	right	aware	1	0
621.610	0.000	trigger_20	20	621610	Trigger-In:20	163	grating_off	staircase	26	green	right	aware	1	0
622.210	0.000	trigger_31	31	622210	Trigger-In:31	163	targets_on_fp_color_change	staircase	26	green	right	aware	1	0
622.955	0.000	trigger_201	201	622955	Trigger-In:201	163	trial_end_completed	staircase	26	green	right	aware	1	0
624.025	0.000	trigger_101	101	624025	Trigger-In:101	164	trial_start	staircase	25	green	left	unaware	1	0
624.130	0.000	trigger_11	11	624130	Trigger-In:11	164	fixation_point_on	staircase	25	green	left	unaware	1	0
624.730	0.000	trigger_21	21	624730	Trigger-In:21	164	grating_on	staircase	25	green	left	unaware	1	0
624.785	0.000	trigger_20	20	624785	Trigger-In:20	164	grating_off	staircase	25	green	left	unaware	1	0
625.385	0.000	trigger_31	31	625385	Trigger-In:31	164	targets_on_fp_color_change	staircase	25	green	left	unaware	1	0
626.320	0.000	trigger_201	201	626320	Trigger-In:201	164	trial_end_completed	staircase	25	green	left	unaware	1	0
627.390	0.000	trigger_101	101	627390	Trigger-In:101	165	trial_start	staircase	26	red	left	aware	1	0
627.490	0.000	trigger_11	11	627490	Trigger-In:11	165	fixation_point_on	staircase	26	red	left	aware	1	0
628.090	0.000	trigger_21	21	628090	Trigger-In:21	165	grating_on	staircase	26	red	left	aware	1	0
628.140	0.000	trigger_20	20	628140	Trigger-In:20	165	grating_off	staircase	26	red	left	aware	1	0
628.740	0.000	trigger_31	31	628740	Trigger-In:31	165	targets_on_fp_color_change	staircase	26	red	left	aware	1	0
629.430	0.000	trigger_201	201	629430	Trigger-In:201	165	trial_end_completed	staircase	26	red	left	aware	1	0
630.500	0.000	trigger_101	101	630500	Trigger-In:101	166	trial_start	staircase	25	green	right	aware	1	0
630.605	0.000	trigger_11	11	630605	Trigger-In:11	166	fixation_point_on	staircase	25	green	right	aware	1	0
631.205	0.000	trigger_21	21	631205	Trigger-In:21	166	grating_on	staircase	25	green	right	aware	1	0
631.260	0.000	trigger_20	20	631260	Trigger-In:20	166	grating_off	staircase	25	green	right	aware	1	0
631.860	0.000	trigger_31	31	631860	Trigger-In:31	166	targets_on_fp_color_change	staircase	25	green	right	aware	1	0
632.515	0.000	trigger_201	201	632515	Trigger-In:201	166	trial_end_completed	staircase	25	green	right	aware	1	0
633.585	0.000	trigger_101	101	633585	Trigger-In:101	167	trial_start	staircase	24	red	left	aware	1	0
633.690	0.000	trigger_11	11	633690	Trigger-In:11	167	fixation_point_on	staircase	24	red	left	aware	1	0
634.290	0.000	trigger_21	21	634290	Trigger-In:21	167	grating_on	staircase	24	red	left	aware	1	0
634.340	0.000	trigger_20	20	634340	Trigger-In:20	167	grating_off	staircase	24	red	left	aware	1	0
634.940	0.000	trigger_31	31	634940	Trigger-In:31	167	targets_on_fp_color_change	staircase	24	red	left	aware	1	0
635.605	0.000	trigger_201	201	635605	Trigger-In:201	167	trial_end_completed	staircase	24	red	left	aware	1	0
636.680	0.000	trigger_101	101	636680	Trigger-In:101	168	trial_start	staircase	23	green	right	aware	1	0
636.785	0.000	trigger_11	11	636785	Trigger-In:11	168	fixation_point_on	staircase	23	green	right	aware	1	0
637.385	0.000	trigger_21	21	637385	Trigger-In:21	168	grating_on	staircase	23	green	right	aware	1	0
637.435	0.000	trigger_20	20	637435	Trigger-In:20	168	grating_off	staircase	23	green	right	aware	1	0
638.035	0.000	trigger_31	31	638035	Trigger-In:31	168	targets_on_fp_color_change	staircase	23	green	right	aware	1	0
639.070	0.000	trigger_201	201	639070	Trigger-In:201	168	trial_end_completed	staircase	23	green	right	aware	1	0
640.140	0.000	trigger_101	101	640140	Trigger-In:101	169	trial_start	absent	50	red	left	aware	1	0
640.245	0.000	trigger_11	11	640245	Trigger-In:11	169	fixation_point_on	absent	50	red	left	aware	1	0
640.845	0.000	trigger_21	21	640845	Trigger-In:21	169	grating_on	absent	50	red	left	aware	1	0
640.895	0.000	trigger_20	20	640895	Trigger-In:20	169	grating_off	absent	50	red	left	aware	1	0
641.495	0.000	trigger_31	31	641495	Trigger-In:31	169	targets_on_fp_color_change	absent	50	red	left	aware	1	0
642.215	0.000	trigger_201	201	642215	Trigger-In:201	169	trial_end_completed	absent	50	red	left	aware	1	0
643.280	0.000	trigger_101	101	643280	Trigger-In:101	170	trial_start	staircase	22	red	left	aware	1	0
643.385	0.000	trigger_11	11	643385	Trigger-In:11	170	fixation_point_on	staircase	22	red	left	aware	1	0
643.985	0.000	trigger_21	21	643985	Trigger-In:21	170	grating_on	staircase	22	red	left	aware	1	0
644.040	0.000	trigger_20	20	644040	Trigger-In:20	170	grating_off	staircase	22	red	left	aware	1	0
644.640	0.000	trigger_31	31	644640	Trigger-In:31	170	targets_on_fp_color_change	staircase	22	red	left	aware	1	0
645.375	0.000	trigger_201	201	645375	Trigger-In:201	170	trial_end_completed	staircase	22	red	left	aware	1	0
646.445	0.000	trigger_101	101	646445	Trigger-In:101	171	trial_start	staircase	21	red	right	unaware	1	0
646.550	0.000	trigger_11	11	646550	Trigger-In:11	171	fixation_point_on	staircase	21	red	right	unaware	1	0
647.150	0.000	trigger_21	21	647150	Trigger-In:21	171	grating_on	staircase	21	red	right	unaware	1	0
647.200	0.000	trigger_20	20	647200	Trigger-In:20	171	grating_off	staircase	21	red	right	unaware	1	0
647.800	0.000	trigger_31	31	647800	Trigger-In:31	171	targets_on_fp_color_change	staircase	21	red	right	unaware	1	0
648.690	0.000	trigger_201	201	648690	Trigger-In:201	171	trial_end_completed	staircase	21	red	right	unaware	1	0
649.760	0.000	trigger_101	101	649760	Trigger-In:101	172	trial_start	staircase	22	red	left	aware	1	0
649.865	0.000	trigger_11	11	649865	Trigger-In:11	172	fixation_point_on	staircase	22	red	left	aware	1	0
650.465	0.000	trigger_21	21	650465	Trigger-In:21	172	grating_on	staircase	22	red	left	aware	1	0
650.515	0.000	trigger_20	20	650515	Trigger-In:20	172	grating_off	staircase	22	red	left	aware	1	0
651.115	0.000	trigger_31	31	651115	Trigger-In:31	172	targets_on_fp_color_change	staircase	22	red	left	aware	1	0
651.785	0.000	trigger_201	201	651785	Trigger-In:201	172	trial_end_completed	staircase	22	red	left	aware	1	0
652.855	0.000	trigger_101	101	652855	Trigger-In:101	173	trial_start	staircase	21	green	right	aware	1	0
653.215	0.000	trigger_11	11	653215	Trigger-In:11	173	fixation_point_on	staircase	21	green	right	aware	1	0
653.820	0.000	trigger_21	21	653820	Trigger-In:21	173	grating_on	staircase	21	green	right	aware	1	0
653.870	0.000	trigger_20	20	653870	Trigger-In:20	173	grating_off	staircase	21	green	right	aware	1	0
654.470	0.000	trigger_31	31	654470	Trigger-In:31	173	targets_on_fp_color_change	staircase	21	green	right	aware	1	0
655.365	0.000	trigger_201	201	655365	Trigger-In:201	173	trial_end_completed	staircase	21	green	right	aware	1	0
656.435	0.000	trigger_101	101	656435	Trigger-In:101	174	trial_start	staircase	20	green	right	aware	1	0
656.540	0.000	trigger_11	11	656540	Trigger-In:11	174	fixation_point_on	staircase	20	green	right	aware	1	0
657.140	0.000	trigger_21	21	657140	Trigger-In:21	174	grating_on	staircase	20	green	right	aware	1	0
657.190	0.000	trigger_20	20	657190	Trigger-In:20	174	grating_off	staircase	20	green	right	aware	1	0
657.790	0.000	trigger_31	31	657790	Trigger-In:31	174	targets_on_fp_color_change	staircase	20	green	right	aware	1	0
658.545	0.000	trigger_201	201	658545	Trigger-In:201	174	trial_end_completed	staircase	20	green	right	aware	1	0
659.615	0.000	trigger_101	101	659615	Trigger-In:101	175	trial_start	absent	50	red	left	aware	1	0
659.720	0.000	trigger_11	11	659720	Trigger-In:11	175	fixation_point_on	absent	50	red	left	aware	1	0
660.320	0.000	trigger_21	21	660320	Trigger-In:21	175	grating_on	absent	50	red	left	aware	1	0
660.370	0.000	trigger_20	20	660370	Trigger-In:20	175	grating_off	absent	50	red	left	aware	1	0
660.970	0.000	trigger_31	31	660970	Trigger-In:31	175	targets_on_fp_color_change	absent	50	red	left	aware	1	0
661.625	0.000	trigger_201	201	661625	Trigger-In:201	175	trial_end_completed	absent	50	red	left	aware	1	0
662.700	0.000	trigger_101	101	662700	Trigger-In:101	176	trial_start	staircase	19	red	left	aware	1	0
662.805	0.000	trigger_11	11	662805	Trigger-In:11	176	fixation_point_on	staircase	19	red	left	aware	1	0
663.405	0.000	trigger_21	21	663405	Trigger-In:21	176	grating_on	staircase	19	red	left	aware	1	0
663.455	0.000	trigger_20	20	663455	Trigger-In:20	176	grating_off	staircase	19	red	left	aware	1	0
664.055	0.000	trigger_31	31	664055	Trigger-In:31	176	targets_on_fp_color_change	staircase	19	red	left	aware	1	0
664.825	0.000	trigger_201	201	664825	Trigger-In:201	176	trial_end_completed	staircase	19	red	left	aware	1	0
665.900	0.000	trigger_101	101	665900	Trigger-In:101	177	trial_start	staircase	18	green	left	unaware	1	0
666.005	0.000	trigger_11	11	666005	Trigger-In:11	177	fixation_point_on	staircase	18	green	left	unaware	1	0
666.605	0.000	trigger_21	21	666605	Trigger-In:21	177	grating_on	staircase	18	green	left	unaware	1	0
666.655	0.000	trigger_20	20	666655	Trigger-In:20	177	grating_off	staircase	18	green	left	unaware	1	0
667.255	0.000	trigger_31	31	667255	Trigger-In:31	177	targets_on_fp_color_change	staircase	18	green	left	unaware	1	0
668.375	0.000	trigger_201	201	668375	Trigger-In:201	177	trial_end_completed	staircase	18	green	left	unaware	1	0
669.445	0.000	trigger_101	101	669445	Trigger-In:101	178	trial_start	staircase	19	green	left	unaware	1	0
669.550	0.000	trigger_11	11	669550	Trigger-In:11	178	fixation_point_on	staircase	19	green	left	unaware	1	0
670.150	0.000	trigger_21	21	670150	Trigger-In:21	178	grating_on	staircase	19	green	left	unaware	1	0
670.200	0.000	trigger_20	20	670200	Trigger-In:20	178	grating_off	staircase	19	green	left	unaware	1	0
670.805	0.000	trigger_31	31	670805	Trigger-In:31	178	targets_on_fp_color_change	staircase	19	green	left	unaware	1	0
671.715	0.000	trigger_201	201	671715	Trigger-In:201	178	trial_end_completed	staircase	19	green	left	unaware	1	0
672.785	0.000	trigger_101	101	672785	Trigger-In:101	179	trial_start	staircase	20	green	right	aware	1	0
672.890	0.000	trigger_11	11	672890	Trigger-In:11	179	fixation_point_on	staircase	20	green	right	aware	1	0
673.490	0.000	trigger_21	21	673490	Trigger-In:21	179	grating_on	staircase	20	green	right	aware	1	0
673.540	0.000	trigger_20	20	673540	Trigger-In:20	179	grating_off	staircase	20	green	right	aware	1	0
674.140	0.000	trigger_31	31	674140	Trigger-In:31	179	targets_on_fp_color_change	staircase	20	green	right	aware	1	0
675.435	0.000	trigger_201	201	675435	Trigger-In:201	179	trial_end_completed	staircase	20	green	right	aware	1	0
676.505	0.000	trigger_101	101	676505	Trigger-In:101	180	trial_start	staircase	19	red	left	aware	1	0
676.610	0.000	trigger_11	11	676610	Trigger-In:11	180	fixation_point_on	staircase	19	red	left	aware	1	0
677.210	0.000	trigger_21	21	677210	Trigger-In:21	180	grating_on	staircase	19	red	left	aware	1	0
677.260	0.000	trigger_20	20	677260	Trigger-In:20	180	grating_off	staircase	19	red	left	aware	1	0
677.860	0.000	trigger_31	31	677860	Trigger-In:31	180	targets_on_fp_color_change	staircase	19	red	left	aware	1	0
679.015	0.000	trigger_201	201	679015	Trigger-In:201	180	trial_end_completed	staircase	19	red	left	aware	1	0
