onset	duration	trial_type	value	sample	source_annotation	trial	event_name	stim_presence	contrast	fp_color	response	awareness	trial_complete	fixation_break
83.631	0.000	trigger_101	101	83631	Trigger-In:101	1	trial_start	salient	0	red	n/a	n/a	0	0
83.741	0.000	trigger_11	11	83741	Trigger-In:11	1	fixation_point_on	salient	0	red	n/a	n/a	0	0
84.346	0.000	trigger_21	21	84346	Trigger-In:21	1	grating_on	salient	0	red	n/a	n/a	0	0
84.406	0.000	trigger_20	20	84406	Trigger-In:20	1	grating_off	salient	0	red	n/a	n/a	0	0
85.016	0.000	trigger_31	31	85016	Trigger-In:31	1	targets_on_fp_color_change	salient	0	red	n/a	n/a	0	0
86.986	0.000	trigger_203	203	86986	Trigger-In:203	1	trial_end_not_completed	salient	0	red	n/a	n/a	0	0
88.296	0.000	trigger_101	101	88296	Trigger-In:101	2	trial_start	staircase	18	red	left	aware	1	0
88.406	0.000	trigger_11	11	88406	Trigger-In:11	2	fixation_point_on	staircase	18	red	left	aware	1	0
89.011	0.000	trigger_21	21	89011	Trigger-In:21	2	grating_on	staircase	18	red	left	aware	1	0
89.066	0.000	trigger_20	20	89066	Trigger-In:20	2	grating_off	staircase	18	red	left	aware	1	0
89.671	0.000	trigger_31	31	89671	Trigger-In:31	2	targets_on_fp_color_change	staircase	18	red	left	aware	1	0
90.431	0.000	trigger_201	201	90431	Trigger-In:201	2	trial_end_completed	staircase	18	red	left	aware	1	0
91.606	0.000	trigger_101	101	91606	Trigger-In:101	3	trial_start	staircase	17	red	left	aware	1	0
91.711	0.000	trigger_11	11	91711	Trigger-In:11	3	fixation_point_on	staircase	17	red	left	aware	1	0
92.316	0.000	trigger_21	21	92316	Trigger-In:21	3	grating_on	staircase	17	red	left	aware	1	0
92.371	0.000	trigger_20	20	92371	Trigger-In:20	3	grating_off	staircase	17	red	left	aware	1	0
92.976	0.000	trigger_31	31	92976	Trigger-In:31	3	targets_on_fp_color_change	staircase	17	red	left	aware	1	0
93.716	0.000	trigger_201	201	93716	Trigger-In:201	3	trial_end_completed	staircase	17	red	left	aware	1	0
94.786	0.000	trigger_101	101	94786	Trigger-In:101	4	trial_start	staircase	16	green	right	aware	1	0
94.901	0.000	trigger_11	11	94901	Trigger-In:11	4	fixation_point_on	staircase	16	green	right	aware	1	0
95.506	0.000	trigger_21	21	95506	Trigger-In:21	4	grating_on	staircase	16	green	right	aware	1	0
95.561	0.000	trigger_20	20	95561	Trigger-In:20	4	grating_off	staircase	16	green	right	aware	1	0
96.166	0.000	trigger_31	31	96166	Trigger-In:31	4	targets_on_fp_color_change	staircase	16	green	right	aware	1	0
96.861	0.000	trigger_201	201	96861	Trigger-In:201	4	trial_end_completed	staircase	16	green	right	aware	1	0
97.941	0.000	trigger_101	101	97941	Trigger-In:101	5	trial_start	staircase	15	green	right	aware	1	0
98.051	0.000	trigger_11	11	98051	Trigger-In:11	5	fixation_point_on	staircase	15	green	right	aware	1	0
98.656	0.000	trigger_21	21	98656	Trigger-In:21	5	grating_on	staircase	15	green	right	aware	1	0
98.711	0.000	trigger_20	20	98711	Trigger-In:20	5	grating_off	staircase	15	green	right	aware	1	0
99.316	0.000	trigger_31	31	99316	Trigger-In:31	5	targets_on_fp_color_change	staircase	15	green	right	aware	1	0
100.046	0.000	trigger_201	201	100046	Trigger-In:201	5	trial_end_completed	staircase	15	green	right	aware	1	0
101.141	0.000	trigger_101	101	101141	Trigger-In:101	6	trial_start	staircase	14	green	right	aware	1	0
101.246	0.000	trigger_11	11	101246	Trigger-In:11	6	fixation_point_on	staircase	14	green	right	aware	1	0
101.851	0.000	trigger_21	21	101851	Trigger-In:21	6	grating_on	staircase	14	green	right	aware	1	0
101.906	0.000	trigger_20	20	101906	Trigger-In:20	6	grating_off	staircase	14	green	right	aware	1	0
102.511	0.000	trigger_31	31	102511	Trigger-In:31	6	targets_on_fp_color_change	staircase	14	green	right	aware	1	0
103.196	0.000	trigger_201	201	103196	Trigger-In:201	6	trial_end_completed	staircase	14	green	right	aware	1	0
104.276	0.000	trigger_101	101	104276	Trigger-In:101	7	trial_start	absent	50	red	left	aware	1	0
104.386	0.000	trigger_11	11	104386	Trigger-In:11	7	fixation_point_on	absent	50	red	left	aware	1	0
104.991	0.000	trigger_21	21	104991	Trigger-In:21	7	grating_on	absent	50	red	left	aware	1	0
105.046	0.000	trigger_20	20	105046	Trigger-In:20	7	grating_off	absent	50	red	left	aware	1	0
105.651	0.000	trigger_31	31	105651	Trigger-In:31	7	targets_on_fp_color_change	absent	50	red	left	aware	1	0
106.436	0.000	trigger_201	201	106436	Trigger-In:201	7	trial_end_completed	absent	50	red	left	aware	1	0
107.511	0.000	trigger_101	101	107511	Trigger-In:101	8	trial_start	staircase	13	green	left	unaware	1	0
107.731	0.000	trigger_11	11	107731	Trigger-In:11	8	fixation_point_on	staircase	13	green	left	unaware	1	0
108.336	0.000	trigger_21	21	108336	Trigger-In:21	8	grating_on	staircase	13	green	left	unaware	1	0
108.401	0.000	trigger_20	20	108401	Trigger-In:20	8	grating_off	staircase	13	green	left	unaware	1	0
109.001	0.000	trigger_31	31	109001	Trigger-In:31	8	targets_on_fp_color_change	staircase	13	green	left	unaware	1	0
109.901	0.000	trigger_201	201	109901	Trigger-In:201	8	trial_end_completed	staircase	13	green	left	unaware	1	0
110.976	0.000	trigger_101	101	110976	Trigger-In:101	9	trial_start	salient	0	red	right	unaware	1	0
111.086	0.000	trigger_11	11	111086	Trigger-In:11	9	fixation_point_on	salient	0	red	right	unaware	1	0
111.691	0.000	trigger_21	21	111691	Trigger-In:21	9	grating_on	salient	0	red	right	unaware	1	0
111.746	0.000	trigger_20	20	111746	Trigger-In:20	9	grating_off	salient	0	red	right	unaware	1	0
112.351	0.000	trigger_31	31	112351	Trigger-In:31	9	targets_on_fp_color_change	salient	0	red	right	unaware	1	0
113.376	0.000	trigger_201	201	113376	Trigger-In:201	9	trial_end_completed	salient	0	red	right	unaware	1	0
114.456	0.000	trigger_101	101	114456	Trigger-In:101	10	trial_start	staircase	14	red	left	aware	1	0
114.561	0.000	trigger_11	11	114561	Trigger-In:11	10	fixation_point_on	staircase	14	red	left	aware	1	0
115.161	0.000	trigger_21	21	115161	Trigger-In:21	10	grating_on	staircase	14	red	left	aware	1	0
115.216	0.000	trigger_20	20	115216	Trigger-In:20	10	grating_off	staircase	14	red	left	aware	1	0
115.821	0.000	trigger_31	31	115821	Trigger-In:31	10	targets_on_fp_color_change	staircase	14	red	left	aware	1	0
116.501	0.000	trigger_201	201	116501	Trigger-In:201	10	trial_end_completed	staircase	14	red	left	aware	1	0
117.576	0.000	trigger_101	101	117576	Trigger-In:101	11	trial_start	staircase	13	red	left	aware	1	0
117.691	0.000	trigger_11	11	117691	Trigger-In:11	11	fixation_point_on	staircase	13	red	left	aware	1	0
118.296	0.000	trigger_21	21	118296	Trigger-In:21	11	grating_on	staircase	13	red	left	aware	1	0
118.351	0.000	trigger_20	20	118351	Trigger-In:20	11	grating_off	staircase	13	red	left	aware	1	0
118.951	0.000	trigger_31	31	118951	Trigger-In:31	11	targets_on_fp_color_change	staircase	13	red	left	aware	1	0
119.671	0.000	trigger_201	201	119671	Trigger-In:201	11	trial_end_completed	staircase	13	red	left	aware	1	0
120.746	0.000	trigger_101	101	120746	Trigger-In:101	12	trial_start	staircase	12	red	left	aware	1	0
120.856	0.000	trigger_11	11	120856	Trigger-In:11	12	fixation_point_on	staircase	12	red	left	aware	1	0
121.461	0.000	trigger_21	21	121461	Trigger-In:21	12	grating_on	staircase	12	red	left	aware	1	0
121.516	0.000	trigger_20	20	121516	Trigger-In:20	12	grating_off	staircase	12	red	left	aware	1	0
122.121	0.000	trigger_31	31	122121	Trigger-In:31	12	targets_on_fp_color_change	staircase	12	red	left	aware	1	0
122.916	0.000	trigger_201	201	122916	Trigger-In:201	12	trial_end_completed	staircase	12	red	left	aware	1	0
123.986	0.000	trigger_101	101	123986	Trigger-In:101	13	trial_start	staircase	11	red	right	unaware	1	0
124.091	0.000	trigger_11	11	124091	Trigger-In:11	13	fixation_point_on	staircase	11	red	right	unaware	1	0
124.696	0.000	trigger_21	21	124696	Trigger-In:21	13	grating_on	staircase	11	red	right	unaware	1	0
124.751	0.000	trigger_20	20	124751	Trigger-In:20	13	grating_off	staircase	11	red	right	unaware	1	0
125.356	0.000	trigger_31	31	125356	Trigger-In:31	13	targets_on_fp_color_change	staircase	11	red	right	unaware	1	0
126.651	0.000	trigger_201	201	126651	Trigger-In:201	13	trial_end_completed	staircase	11	red	right	unaware	1	0
127.731	0.000	trigger_101	101	127731	Trigger-In:101	14	trial_start	staircase	12	red	left	aware	1	0
127.836	0.000	trigger_11	11	127836	Trigger-In:11	14	fixation_point_on	staircase	12	red	left	aware	1	0
128.441	0.000	trigger_21	21	128441	Trigger-In:21	14	grating_on	staircase	12	red	left	aware	1	0
128.496	0.000	trigger_20	20	128496	Trigger-In:20	14	grating_off	staircase	12	red	left	aware	1	0
129.101	0.000	trigger_31	31	129101	Trigger-In:31	14	targets_on_fp_color_change	staircase	12	red	left	aware	1	0
129.821	0.000	trigger_201	201	129821	Trigger-In:201	14	trial_end_completed	staircase	12	red	left	aware	1	0
130.896	0.000	trigger_101	101	130896	Trigger-In:101	15	trial_start	staircase	11	red	right	unaware	1	0
131.006	0.000	trigger_11	11	131006	Trigger-In:11	15	fixation_point_on	staircase	11	red	right	unaware	1	0
131.611	0.000	trigger_21	21	131611	Trigger-In:21	15	grating_on	staircase	11	red	right	unaware	1	0
131.666	0.000	trigger_20	20	131666	Trigger-In:20	15	grating_off	staircase	11	red	right	unaware	1	0
132.271	0.000	trigger_31	31	132271	Trigger-In:31	15	targets_on_fp_color_change	staircase	11	red	right	unaware	1	0
133.216	0.000	trigger_201	201	133216	Trigger-In:201	15	trial_end_completed	staircase	11	red	right	unaware	1	0
134.291	0.000	trigger_101	101	134291	Trigger-In:101	16	trial_start	salient	0	red	right	unaware	1	0
134.396	0.000	trigger_11	11	134396	Trigger-In:11	16	fixation_point_on	salient	0	red	right	unaware	1	0
135.001	0.000	trigger_21	21	135001	Trigger-In:21	16	grating_on	salient	0	red	right	unaware	1	0
135.056	0.000	trigger_20	20	135056	Trigger-In:20	16	grating_off	salient	0	red	right	unaware	1	0
135.661	0.000	trigger_31	31	135661	Trigger-In:31	16	targets_on_fp_color_change	salient	0	red	right	unaware	1	0
136.851	0.000	trigger_201	201	136851	Trigger-In:201	16	trial_end_completed	salient	0	red	right	unaware	1	0
137.926	0.000	trigger_101	101	137926	Trigger-In:101	17	trial_start	staircase	12	red	right	unaware	1	0
138.036	0.000	trigger_11	11	138036	Trigger-In:11	17	fixation_point_on	staircase	12	red	right	unaware	1	0
138.641	0.000	trigger_21	21	138641	Trigger-In:21	17	grating_on	staircase	12	red	right	unaware	1	0
138.696	0.000	trigger_20	20	138696	Trigger-In:20	17	grating_off	staircase	12	red	right	unaware	1	0
139.301	0.000	trigger_31	31	139301	Trigger-In:31	17	targets_on_fp_color_change	staircase	12	red	right	unaware	1	0
140.081	0.000	trigger_201	201	140081	Trigger-In:201	17	trial_end_completed	staircase	12	red	right	unaware	1	0
141.156	0.000	trigger_101	101	141156	Trigger-In:101	18	trial_start	staircase	13	green	right	aware	1	0
141.256	0.000	trigger_11	11	141256	Trigger-In:11	18	fixation_point_on	staircase	13	green	right	aware	1	0
141.861	0.000	trigger_21	21	141861	Trigger-In:21	18	grating_on	staircase	13	green	right	aware	1	0
141.916	0.000	trigger_20	20	141916	Trigger-In:20	18	grating_off	staircase	13	green	right	aware	1	0
142.521	0.000	trigger_31	31	142521	Trigger-In:31	18	targets_on_fp_color_change	staircase	13	green	right	aware	1	0
143.266	0.000	trigger_201	201	143266	Trigger-In:201	18	trial_end_completed	staircase	13	green	right	aware	1	0
144.341	0.000	trigger_101	101	144341	Trigger-In:101	19	trial_start	staircase	12	green	left	unaware	1	0
144.451	0.000	trigger_11	11	144451	Trigger-In:11	19	fixation_point_on	staircase	12	green	left	unaware	1	0
145.056	0.000	trigger_21	21	145056	Trigger-In:21	19	grating_on	staircase	12	green	left	unaware	1	0
145.111	0.000	trigger_20	20	145111	Trigger-In:20	19	grating_off	staircase	12	green	left	unaware	1	0
145.716	0.000	trigger_31	31	145716	Trigger-In:31	19	targets_on_fp_color_change	staircase	12	green	left	unaware	1	0
146.751	0.000	trigger_201	201	146751	Trigger-In:201	19	trial_end_completed	staircase	12	green	left	unaware	1	0
147.826	0.000	trigger_101	101	147826	Trigger-In:101	20	trial_start	absent	50	red	left	aware	1	0
147.936	0.000	trigger_11	11	147936	Trigger-In:11	20	fixation_point_on	absent	50	red	left	aware	1	0
148.541	0.000	trigger_21	21	148541	Trigger-In:21	20	grating_on	absent	50	red	left	aware	1	0
148.596	0.000	trigger_20	20	148596	Trigger-In:20	20	grating_off	absent	50	red	left	aware	1	0
149.201	0.000	trigger_31	31	149201	Trigger-In:31	20	targets_on_fp_color_change	absent	50	red	left	aware	1	0
149.971	0.000	trigger_201	201	149971	Trigger-In:201	20	trial_end_completed	absent	50	red	left	aware	1	0
151.041	0.000	trigger_101	101	151041	Trigger-In:101	21	trial_start	staircase	13	red	left	aware	1	0
151.146	0.000	trigger_11	11	151146	Trigger-In:11	21	fixation_point_on	staircase	13	red	left	aware	1	0
151.751	0.000	trigger_21	21	151751	Trigger-In:21	21	grating_on	staircase	13	red	left	aware	1	0
151.806	0.000	trigger_20	20	151806	Trigger-In:20	21	grating_off	staircase	13	red	left	aware	1	0
152.411	0.000	trigger_31	31	152411	Trigger-In:31	21	targets_on_fp_color_change	staircase	13	red	left	aware	1	0
153.171	0.000	trigger_201	201	153171	Trigger-In:201	21	trial_end_completed	staircase	13	red	left	aware	1	0
154.241	0.000	trigger_101	101	154241	Trigger-In:101	22	trial_start	staircase	12	green	right	aware	1	0
154.346	0.000	trigger_11	11	154346	Trigger-In:11	22	fixation_point_on	staircase	12	green	right	aware	1	0
154.951	0.000	trigger_21	21	154951	Trigger-In:21	22	grating_on	staircase	12	green	right	aware	1	0
155.006	0.000	trigger_20	20	155006	Trigger-In:20	22	grating_off	staircase	12	green	right	aware	1	0
155.611	0.000	trigger_31	31	155611	Trigger-In:31	22	targets_on_fp_color_change	staircase	12	green	right	aware	1	0
156.341	0.000	trigger_201	201	156341	Trigger-In:201	22	trial_end_completed	staircase	12	green	right	aware	1	0
157.416	0.000	trigger_101	101	157416	Trigger-In:101	23	trial_start	staircase	11	red	left	aware	1	0
157.526	0.000	trigger_11	11	157526	Trigger-In:11	23	fixation_point_on	staircase	11	red	left	aware	1	0
158.131	0.000	trigger_21	21	158131	Trigger-In:21	23	grating_on	staircase	11	red	left	aware	1	0
158.186	0.000	trigger_20	20	158186	Trigger-In:20	23	grating_off	staircase	11	red	left	aware	1	0
158.791	0.000	trigger_31	31	158791	Trigger-In:31	23	targets_on_fp_color_change	staircase	11	red	left	aware	1	0
160.251	0.000	trigger_201	201	160251	Trigger-In:201	23	trial_end_completed	staircase	11	red	left	aware	1	0
161.326	0.000	trigger_101	101	161326	Trigger-In:101	24	trial_start	salient	0	green	left	unaware	1	0
161.431	0.000	trigger_11	11	161431	Trigger-In:11	24	fixation_point_on	salient	0	green	left	unaware	1	0
162.036	0.000	trigger_21	21	162036	Trigger-In:21	24	grating_on	salient	0	green	left	unaware	1	0
162.091	0.000	trigger_20	20	162091	Trigger-In:20	24	grating_off	salient	0	green	left	unaware	1	0
162.696	0.000	trigger_31	31	162696	Trigger-In:31	24	targets_on_fp_color_change	salient	0	green	left	unaware	1	0
163.691	0.000	trigger_201	201	163691	Trigger-In:201	24	trial_end_completed	salient	0	green	left	unaware	1	0
164.766	0.000	trigger_101	101	164766	Trigger-In:101	25	trial_start	staircase	10	red	right	unaware	1	0
164.876	0.000	trigger_11	11	164876	Trigger-In:11	25	fixation_point_on	staircase	10	red	right	unaware	1	0
165.481	0.000	trigger_21	21	165481	Trigger-In:21	25	grating_on	staircase	10	red	right	unaware	1	0
165.536	0.000	trigger_20	20	165536	Trigger-In:20	25	grating_off	staircase	10	red	right	unaware	1	0
166.141	0.000	trigger_31	31	166141	Trigger-In:31	25	targets_on_fp_color_change	staircase	10	red	right	unaware	1	0
167.116	0.000	trigger_201	201	167116	Trigger-In:201	25	trial_end_completed	staircase	10	red	right	unaware	1	0
168.186	0.000	trigger_101	101	168186	Trigger-In:101	26	trial_start	staircase	11	red	right	unaware	1	0
168.291	0.000	trigger_11	11	168291	Trigger-In:11	26	fixation_point_on	staircase	11	red	right	unaware	1	0
168.896	0.000	trigger_21	21	168896	Trigger-In:21	26	grating_on	staircase	11	red	right	unaware	1	0
168.951	0.000	trigger_20	20	168951	Trigger-In:20	26	grating_off	staircase	11	red	right	unaware	1	0
169.556	0.000	trigger_31	31	169556	Trigger-In:31	26	targets_on_fp_color_change	staircase	11	red	right	unaware	1	0
170.711	0.000	trigger_201	201	170711	Trigger-In:201	26	trial_end_completed	staircase	11	red	right	unaware	1	0
171.781	0.000	trigger_101	101	171781	Trigger-In:101	27	trial_start	absent	50	red	left	aware	1	0
171.886	0.000	trigger_11	11	171886	Trigger-In:11	27	fixation_point_on	absent	50	red	left	aware	1	0
172.491	0.000	trigger_21	21	172491	Trigger-In:21	27	grating_on	absent	50	red	left	aware	1	0
172.546	0.000	trigger_20	20	172546	Trigger-In:20	27	grating_off	absent	50	red	left	aware	1	0
173.151	0.000	trigger_31	31	173151	Trigger-In:31	27	targets_on_fp_color_change	absent	50	red	left	aware	1	0
173.916	0.000	trigger_201	201	173916	Trigger-In:201	27	trial_end_completed	absent	50	red	left	aware	1	0
174.991	0.000	trigger_101	101	174991	Trigger-In:101	28	trial_start	staircase	12	green	right	aware	1	0
175.101	0.000	trigger_11	11	175101	Trigger-In:11	28	fixation_point_on	staircase	12	green	right	aware	1	0
175.706	0.000	trigger_21	21	175706	Trigger-In:21	28	grating_on	staircase	12	green	right	aware	1	0
175.761	0.000	trigger_20	20	175761	Trigger-In:20	28	grating_off	staircase	12	green	right	aware	1	0
176.366	0.000	trigger_31	31	176366	Trigger-In:31	28	targets_on_fp_color_change	staircase	12	green	right	aware	1	0
177.156	0.000	trigger_201	201	177156	Trigger-In:201	28	trial_end_completed	staircase	12	green	right	aware	1	0
178.236	0.000	trigger_101	101	178236	Trigger-In:101	29	trial_start	absent	50	green	right	aware	1	0
178.346	0.000	trigger_11	11	178346	Trigger-In:11	29	fixation_point_on	absent	50	green	right	aware	1	0
178.951	0.000	trigger_21	21	178951	Trigger-In:21	29	grating_on	absent	50	green	right	aware	1	0
179.006	0.000	trigger_20	20	179006	Trigger-In:20	29	grating_off	absent	50	green	right	aware	1	0
179.611	0.000	trigger_31	31	179611	Trigger-In:31	29	targets_on_fp_color_change	absent	50	green	right	aware	1	0
180.361	0.000	trigger_201	201	180361	Trigger-In:201	29	trial_end_completed	absent	50	green	right	aware	1	0
181.436	0.000	trigger_101	101	181436	Trigger-In:101	30	trial_start	staircase	11	red	left	aware	1	0
181.546	0.000	trigger_11	11	181546	Trigger-In:11	30	fixation_point_on	staircase	11	red	left	aware	1	0
182.151	0.000	trigger_21	21	182151	Trigger-In:21	30	grating_on	staircase	11	red	left	aware	1	0
182.206	0.000	trigger_20	20	182206	Trigger-In:20	30	grating_off	staircase	11	red	left	aware	1	0
182.811	0.000	trigger_31	31	182811	Trigger-In:31	30	targets_on_fp_color_change	staircase	11	red	left	aware	1	0
183.701	0.000	trigger_201	201	183701	Trigger-In:201	30	trial_end_completed	staircase	11	red	left	aware	1	0
184.776	0.000	trigger_101	101	184776	Trigger-In:101	31	trial_start	staircase	10	red	left	aware	1	0
184.886	0.000	trigger_11	11	184886	Trigger-In:11	31	fixation_point_on	staircase	10	red	left	aware	1	0
185.491	0.000	trigger_21	21	185491	Trigger-In:21	31	grating_on	staircase	10	red	left	aware	1	0
185.546	0.000	trigger_20	20	185546	Trigger-In:20	31	grating_off	staircase	10	red	left	aware	1	0
186.151	0.000	trigger_31	31	186151	Trigger-In:31	31	targets_on_fp_color_change	staircase	10	red	left	aware	1	0
187.301	0.000	trigger_201	201	187301	Trigger-In:201	31	trial_end_completed	staircase	10	red	left	aware	1	0
188.371	0.000	trigger_101	101	188371	Trigger-In:101	32	trial_start	staircase	9	green	right	aware	1	0
188.486	0.000	trigger_11	11	188486	Trigger-In:11	32	fixation_point_on	staircase	9	green	right	aware	1	0
189.086	0.000	trigger_21	21	189086	Trigger-In:21	32	grating_on	staircase	9	green	right	aware	1	0
189.146	0.000	trigger_20	20	189146	Trigger-In:20	32	grating_off	staircase	9	green	right	aware	1	0
189.746	0.000	trigger_31	31	189746	Trigger-In:31	32	targets_on_fp_color_change	staircase	9	green	right	aware	1	0
190.956	0.000	trigger_201	201	190956	Trigger-In:201	32	trial_end_completed	staircase	9	green	right	aware	1	0
192.026	0.000	trigger_101	101	192026	Trigger-In:101	33	trial_start	staircase	8	red	right	unaware	1	0
192.131	0.000	trigger_11	11	192131	Trigger-In:11	33	fixation_point_on	staircase	8	red	right	unaware	1	0
192.736	0.000	trigger_21	21	192736	Trigger-In:21	33	grating_on	staircase	8	red	right	unaware	1	0
192.791	0.000	trigger_20	20	192791	Trigger-In:20	33	grating_off	staircase	8	red	right	unaware	1	0
193.396	0.000	trigger_31	31	193396	Trigger-In:31	33	targets_on_fp_color_change	staircase	8	red	right	unaware	1	0
194.871	0.000	trigger_201	201	194871	Trigger-In:201	33	trial_end_completed	staircase	8	red	right	unaware	1	0
195.951	0.000	trigger_101	101	195951	Trigger-In:101	34	trial_start	staircase	9	green	left	unaware	1	0
196.061	0.000	trigger_11	11	196061	Trigger-In:11	34	fixation_point_on	staircase	9	green	left	unaware	1	0
196.666	0.000	trigger_21	21	196666	Trigger-In:21	34	grating_on	staircase	9	green	left	unaware	1	0
196.721	0.000	trigger_20	20	196721	Trigger-In:20	34	grating_off	staircase	9	green	left	unaware	1	0
197.326	0.000	trigger_31	31	197326	Trigger-In:31	34	targets_on_fp_color_change	staircase	9	green	left	unaware	1	0
198.366	0.000	trigger_201	201	198366	Trigger-In:201	34	trial_end_completed	staircase	9	green	left	unaware	1	0
199.441	0.000	trigger_101	101	199441	Trigger-In:101	35	trial_start	staircase	10	red	right	unaware	1	0
199.551	0.000	trigger_11	11	199551	Trigger-In:11	35	fixation_point_on	staircase	10	red	right	unaware	1	0
200.156	0.000	trigger_21	21	200156	Trigger-In:21	35	grating_on	staircase	10	red	right	unaware	1	0
200.211	0.000	trigger_20	20	200211	Trigger-In:20	35	grating_off	staircase	10	red	right	unaware	1	0
200.816	0.000	trigger_31	31	200816	Trigger-In:31	35	targets_on_fp_color_change	staircase	10	red	right	unaware	1	0
201.961	0.000	trigger_201	201	201961	Trigger-In:201	35	trial_end_completed	staircase	10	red	right	unaware	1	0
203.031	0.000	trigger_101	101	203031	Trigger-In:101	36	trial_start	salient	0	green	left	unaware	1	0
203.136	0.000	trigger_11	11	203136	Trigger-In:11	36	fixation_point_on	salient	0	green	left	unaware	1	0
203.741	0.000	trigger_21	21	203741	Trigger-In:21	36	grating_on	salient	0	green	left	unaware	1	0
203.796	0.000	trigger_20	20	203796	Trigger-In:20	36	grating_off	salient	0	green	left	unaware	1	0
204.401	0.000	trigger_31	31	204401	Trigger-In:31	36	targets_on_fp_color_change	salient	0	green	left	unaware	1	0
205.486	0.000	trigger_201	201	205486	Trigger-In:201	36	trial_end_completed	salient	0	green	left	unaware	1	0
206.561	0.000	trigger_101	101	206561	Trigger-In:101	37	trial_start	staircase	11	red	right	unaware	1	0
206.666	0.000	trigger_11	11	206666	Trigger-In:11	37	fixation_point_on	staircase	11	red	right	unaware	1	0
207.266	0.000	trigger_21	21	207266	Trigger-In:21	37	grating_on	staircase	11	red	right	unaware	1	0
207.326	0.000	trigger_20	20	207326	Trigger-In:20	37	grating_off	staircase	11	red	right	unaware	1	0
207.926	0.000	trigger_31	31	207926	Trigger-In:31	37	targets_on_fp_color_change	staircase	11	red	right	unaware	1	0
209.051	0.000	trigger_201	201	209051	Trigger-In:201	37	trial_end_completed	staircase	11	red	right	unaware	1	0
210.121	0.000	trigger_101	101	210121	Trigger-In:101	38	trial_start	staircase	12	red	left	aware	1	0
210.226	0.000	trigger_11	11	210226	Trigger-In:11	38	fixation_point_on	staircase	12	red	left	aware	1	0
210.831	0.000	trigger_21	21	210831	Trigger-In:21	38	grating_on	staircase	12	red	left	aware	1	0
210.886	0.000	trigger_20	20	210886	Trigger-In:20	38	grating_off	staircase	12	red	left	aware	1	0
211.491	0.000	trigger_31	31	211491	Trigger-In:31	38	targets_on_fp_color_change	staircase	12	red	left	aware	1	0
212.301	0.000	trigger_201	201	212301	Trigger-In:201	38	trial_end_completed	staircase	12	red	left	aware	1	0
213.371	0.000	trigger_101	101	213371	Trigger-In:101	39	trial_start	staircase	11	green	left	unaware	1	0
213.476	0.000	trigger_11	11	213476	Trigger-In:11	39	fixation_point_on	staircase	11	green	left	unaware	1	0
214.081	0.000	trigger_21	21	214081	Trigger-In:21	39	grating_on	staircase	11	green	left	unaware	1	0
214.136	0.000	trigger_20	20	214136	Trigger-In:20	39	grating_off	staircase	11	green	left	unaware	1	0
214.741	0.000	trigger_31	31	214741	Trigger-In:31	39	targets_on_fp_color_change	staircase	11	green	left	unaware	1	0
215.766	0.000	trigger_201	201	215766	Trigger-In:201	39	trial_end_completed	staircase	11	green	left	unaware	1	0
216.846	0.000	trigger_101	101	216846	Trigger-In:101	40	trial_start	staircase	12	red	n/a	n/a	0	0
216.956	0.000	trigger_11	11	216956	Trigger-In:11	40	fixation_point_on	staircase	12	red	n/a	n/a	0	0
217.561	0.000	trigger_21	21	217561	Trigger-In:21	40	grating_on	staircase	12	red	n/a	n/a	0	0
217.616	0.000	trigger_20	20	217616	Trigger-In:20	40	grating_off	staircase	12	red	n/a	n/a	0	0
218.221	0.000	trigger_31	31	218221	Trigger-In:31	40	targets_on_fp_color_change	staircase	12	red	n/a	n/a	0	0
220.166	0.000	trigger_203	203	220166	Trigger-In:203	40	trial_end_not_completed	staircase	12	red	n/a	n/a	0	0
221.276	0.000	trigger_101	101	221276	Trigger-In:101	41	trial_start	staircase	12	red	left	aware	1	0
221.381	0.000	trigger_11	11	221381	Trigger-In:11	41	fixation_point_on	staircase	12	red	left	aware	1	0
221.981	0.000	trigger_21	21	221981	Trigger-In:21	41	grating_on	staircase	12	red	left	aware	1	0
222.036	0.000	trigger_20	20	222036	Trigger-In:20	41	grating_off	staircase	12	red	left	aware	1	0
222.641	0.000	trigger_31	31	222641	Trigger-In:31	41	targets_on_fp_color_change	staircase	12	red	left	aware	1	0
223.916	0.000	trigger_201	201	223916	Trigger-In:201	41	trial_end_completed	staircase	12	red	left	aware	1	0
224.991	0.000	trigger_101	101	224991	Trigger-In:101	42	trial_start	staircase	11	green	left	unaware	1	0
225.296	0.000	trigger_11	11	225296	Trigger-In:11	42	fixation_point_on	staircase	11	green	left	unaware	1	0
225.896	0.000	trigger_21	21	225896	Trigger-In:21	42	grating_on	staircase	11	green	left	unaware	1	0
225.956	0.000	trigger_20	20	225956	Trigger-In:20	42	grating_off	staircase	11	green	left	unaware	1	0
226.556	0.000	trigger_31	31	226556	Trigger-In:31	42	targets_on_fp_color_change	staircase	11	green	left	unaware	1	0
228.201	0.000	trigger_201	201	228201	Trigger-In:201	42	trial_end_completed	staircase	11	green	left	unaware	1	0
229.281	0.000	trigger_101	101	229281	Trigger-In:101	43	trial_start	staircase	12	green	right	aware	1	0
229.386	0.000	trigger_11	11	229386	Trigger-In:11	43	fixation_point_on	staircase	12	green	right	aware	1	0
229.986	0.000	trigger_21	21	229986	Trigger-In:21	43	grating_on	staircase	12	green	right	aware	1	0
230.046	0.000	trigger_20	20	230046	Trigger-In:20	43	grating_off	staircase	12	green	right	aware	1	0
230.646	0.000	trigger_31	31	230646	Trigger-In:31	43	targets_on_fp_color_change	staircase	12	green	right	aware	1	0
231.586	0.000	trigger_201	201	231586	Trigger-In:201	43	trial_end_completed	staircase	12	green	right	aware	1	0
232.661	0.000	trigger_101	101	232661	Trigger-In:101	44	trial_start	staircase	11	green	left	unaware	1	0
232.766	0.000	trigger_11	11	232766	Trigger-In:11	44	fixation_point_on	staircase	11	green	left	unaware	1	0
233.371	0.000	trigger_21	21	233371	Trigger-In:21	44	grating_on	staircase	11	green	left	unaware	1	0
233.426	0.000	trigger_20	20	233426	Trigger-In:20	44	grating_off	staircase	11	green	left	unaware	1	0
234.031	0.000	trigger_31	31	234031	Trigger-In:31	44	targets_on_fp_color_change	staircase	11	green	left	unaware	1	0
235.941	0.000	trigger_201	201	235941	Trigger-In:201	44	trial_end_completed	staircase	11	green	left	unaware	1	0
237.016	0.000	trigger_101	101	237016	Trigger-In:101	45	trial_start	staircase	12	red	right	unaware	1	0
237.121	0.000	trigger_11	11	237121	Trigger-In:11	45	fixation_point_on	staircase	12	red	right	unaware	1	0
237.726	0.000	trigger_21	21	237726	Trigger-In:21	45	grating_on	staircase	12	red	right	unaware	1	0
237.781	0.000	trigger_20	20	237781	Trigger-In:20	45	grating_off	staircase	12	red	right	unaware	1	0
238.386	0.000	trigger_31	31	238386	Trigger-In:31	45	targets_on_fp_color_change	staircase	12	red	right	unaware	1	0
239.491	0.000	trigger_201	201	239491	Trigger-In:201	45	trial_end_completed	staircase	12	red	right	unaware	1	0
240.566	0.000	trigger_101	101	240566	Trigger-In:101	46	trial_start	staircase	13	red	left	aware	1	0
240.671	0.000	trigger_11	11	240671	Trigger-In:11	46	fixation_point_on	staircase	13	red	left	aware	1	0
241.271	0.000	trigger_21	21	241271	Trigger-In:21	46	grating_on	staircase	13	red	left	aware	1	0
241.326	0.000	trigger_20	20	241326	Trigger-In:20	46	grating_off	staircase	13	red	left	aware	1	0
241.931	0.000	trigger_31	31	241931	Trigger-In:31	46	targets_on_fp_color_change	staircase	13	red	left	aware	1	0
242.761	0.000	trigger_201	201	242761	Trigger-In:201	46	trial_end_completed	staircase	13	red	left	aware	1	0
243.836	0.000	trigger_101	101	243836	Trigger-In:101	47	trial_start	staircase	12	red	left	aware	1	0
243.941	0.000	trigger_11	11	243941	Trigger-In:11	47	fixation_point_on	staircase	12	red	left	aware	1	0
244.541	0.000	trigger_21	21	244541	Trigger-In:21	47	grating_on	staircase	12	red	left	aware	1	0
244.601	0.000	trigger_20	20	244601	Trigger-In:20	47	grating_off	staircase	12	red	left	aware	1	0
245.201	0.000	trigger_31	31	245201	Trigger-In:31	47	targets_on_fp_color_change	staircase	12	red	left	aware	1	0
245.886	0.000	trigger_201	201	245886	Trigger-In:201	47	trial_end_completed	staircase	12	red	left	aware	1	0
246.961	0.000	trigger_101	101	246961	Trigger-In:101	48	trial_start	staircase	11	red	right	unaware	1	0
247.066	0.000	trigger_11	11	247066	Trigger-In:11	48	fixation_point_on	staircase	11	red	right	unaware	1	0
247.671	0.000	trigger_21	21	247671	Trigger-In:21	48	grating_on	staircase	11	red	right	unaware	1	0
247.726	0.000	trigger_20	20	247726	Trigger-In:20	48	grating_off	staircase	11	red	right	unaware	1	0
248.326	0.000	trigger_31	31	248326	Trigger-In:31	48	targets_on_fp_color_change	staircase	11	red	right	unaware	1	0
249.286	0.000	trigger_201	201	249286	Trigger-In:201	48	trial_end_completed	staircase	11	red	right	unaware	1	0
250.361	0.000	trigger_101	101	250361	Trigger-In:101	49	trial_start	absent	50	red	left	aware	1	0
250.466	0.000	trigger_11	11	250466	Trigger-In:11	49	fixation_point_on	absent	50	red	left	aware	1	0
251.071	0.000	trigger_21	21	251071	Trigger-In:21	49	grating_on	absent	50	red	left	aware	1	0
251.126	0.000	trigger_20	20	251126	Trigger-In:20	49	grating_off	absent	50	red	left	aware	1	0
251.731	0.000	trigger_31	31	251731	Trigger-In:31	49	targets_on_fp_color_change	absent	50	red	left	aware	1	0
252.496	0.000	trigger_201	201	252496	Trigger-In:201	49	trial_end_completed	absent	50	red	left	aware	1	0
253.571	0.000	trigger_101	101	253571	Trigger-In:101	50	trial_start	salient	0	green	left	unaware	1	0
253.676	0.000	trigger_11	11	253676	Trigger-In:11	50	fixation_point_on	salient	0	green	left	unaware	1	0
254.281	0.000	trigger_21	21	254281	Trigger-In:21	50	grating_on	salient	0	green	left	unaware	1	0
254.336	0.000	trigger_20	20	254336	Trigger-In:20	50	grating_off	salient	0	green	left	unaware	1	0
254.941	0.000	trigger_31	31	254941	Trigger-In:31	50	targets_on_fp_color_change	salient	0	green	left	unaware	1	0
256.391	0.000	trigger_201	201	256391	Trigger-In:201	50	trial_end_completed	salient	0	green	left	unaware	1	0
257.466	0.000	trigger_101	101	257466	Trigger-In:101	51	trial_start	staircase	12	green	right	aware	1	0
257.571	0.000	trigger_11	11	257571	Trigger-In:11	51	fixation_point_on	staircase	12	green	right	aware	1	0
258.176	0.000	trigger_21	21	258176	Trigger-In:21	51	grating_on	staircase	12	green	right	aware	1	0
258.231	0.000	trigger_20	20	258231	Trigger-In:20	51	grating_off	staircase	12	green	right	aware	1	0
258.836	0.000	trigger_31	31	258836	Trigger-In:31	51	targets_on_fp_color_change	staircase	12	green	right	aware	1	0
259.606	0.000	trigger_201	201	259606	Trigger-In:201	51	trial_end_completed	staircase	12	green	right	aware	1	0
260.681	0.000	trigger_101	101	260681	Trigger-In:101	52	trial_start	staircase	11	green	left	unaware	1	0
260.786	0.000	trigger_11	11	260786	Trigger-In:11	52	fixation_point_on	staircase	11	green	left	unaware	1	0
261.391	0.000	trigger_21	21	261391	Trigger-In:21	52	grating_on	staircase	11	green	left	unaware	1	0
261.446	0.000	trigger_20	20	261446	Trigger-In:20	52	grating_off	staircase	11	green	left	unaware	1	0
262.051	0.000	trigger_31	31	262051	Trigger-In:31	52	targets_on_fp_color_change	staircase	11	green	left	unaware	1	0
262.886	0.000	trigger_201	201	262886	Trigger-In:201	52	trial_end_completed	staircase	11	green	left	unaware	1	0
263.961	0.000	trigger_101	101	263961	Trigger-In:101	53	trial_start	staircase	12	green	right	aware	1	0
264.066	0.000	trigger_11	11	264066	Trigger-In:11	53	fixation_point_on	staircase	12	green	right	aware	1	0
264.666	0.000	trigger_21	21	264666	Trigger-In:21	53	grating_on	staircase	12	green	right	aware	1	0
264.721	0.000	trigger_20	20	264721	Trigger-In:20	53	grating_off	staircase	12	green	right	aware	1	0
265.326	0.000	trigger_31	31	265326	Trigger-In:31	53	targets_on_fp_color_change	staircase	12	green	right	aware	1	0
266.131	0.000	trigger_201	201	266131	Trigger-In:201	53	trial_end_completed	staircase	12	green	right	aware	1	0
267.211	0.000	trigger_101	101	267211	Trigger-In:101	54	trial_start	absent	50	green	right	aware	1	0
267.311	0.000	trigger_11	11	267311	Trigger-In:11	54	fixation_point_on	absent	50	green	right	aware	1	0
267.916	0.000	trigger_21	21	267916	Trigger-In:21	54	grating_on	absent	50	green	right	aware	1	0
267.971	0.000	trigger_20	20	267971	Trigger-In:20	54	grating_off	absent	50	green	right	aware	1	0
268.576	0.000	trigger_31	31	268576	Trigger-In:31	54	targets_on_fp_color_change	absent	50	green	right	aware	1	0
269.276	0.000	trigger_201	201	269276	Trigger-In:201	54	trial_end_completed	absent	50	green	right	aware	1	0
270.346	0.000	trigger_101	101	270346	Trigger-In:101	55	trial_start	staircase	11	red	left	aware	1	0
270.451	0.000	trigger_11	11	270451	Trigger-In:11	55	fixation_point_on	staircase	11	red	left	aware	1	0
271.056	0.000	trigger_21	21	271056	Trigger-In:21	55	grating_on	staircase	11	red	left	aware	1	0
271.111	0.000	trigger_20	20	271111	Trigger-In:20	55	grating_off	staircase	11	red	left	aware	1	0
271.716	0.000	trigger_31	31	271716	Trigger-In:31	55	targets_on_fp_color_change	staircase	11	red	left	aware	1	0
272.436	0.000	trigger_201	201	272436	Trigger-In:201	55	trial_end_completed	staircase	11	red	left	aware	1	0
273.506	0.000	trigger_101	101	273506	Trigger-In:101	56	trial_start	staircase	10	red	right	unaware	1	0
273.621	0.000	trigger_11	11	273621	Trigger-In:11	56	fixation_point_on	staircase	10	red	right	unaware	1	0
274.221	0.000	trigger_21	21	274221	Trigger-In:21	56	grating_on	staircase	10	red	right	unaware	1	0
274.281	0.000	trigger_20	20	274281	Trigger-In:20	56	grating_off	staircase	10	red	right	unaware	1	0
274.881	0.000	trigger_31	31	274881	Trigger-In:31	56	targets_on_fp_color_change	staircase	10	red	right	unaware	1	0
276.271	0.000	trigger_201	201	276271	Trigger-In:201	56	trial_end_completed	staircase	10	red	right	unaware	1	0
277.341	0.000	trigger_101	101	277341	Trigger-In:101	57	trial_start	staircase	11	red	left	aware	1	0
277.446	0.000	trigger_11	11	277446	Trigger-In:11	57	fixation_point_on	staircase	11	red	left	aware	1	0
278.051	0.000	trigger_21	21	278051	Trigger-In:21	57	grating_on	staircase	11	red	left	aware	1	0
278.106	0.000	trigger_20	20	278106	Trigger-In:20	57	grating_off	staircase	11	red	left	aware	1	0
278.711	0.000	trigger_31	31	278711	Trigger-In:31	57	targets_on_fp_color_change	staircase	11	red	left	aware	1	0
279.716	0.000	trigger_201	201	279716	Trigger-In:201	57	trial_end_completed	staircase	11	red	left	aware	1	0
280.791	0.000	trigger_101	101	280791	Trigger-In:101	58	trial_start	staircase	10	green	left	unaware	1	0
280.896	0.000	trigger_11	11	280896	Trigger-In:11	58	fixation_point_on	staircase	10	green	left	unaware	1	0
281.501	0.000	trigger_21	21	281501	Trigger-In:21	58	grating_on	staircase	10	green	left	unaware	1	0
281.556	0.000	trigger_20	20	281556	Trigger-In:20	58	grating_off	staircase	10	green	left	unaware	1	0
282.161	0.000	trigger_31	31	282161	Trigger-In:31	58	targets_on_fp_color_change	staircase	10	green	left	unaware	1	0
283.251	0.000	trigger_201	201	283251	Trigger-In:201	58	trial_end_completed	staircase	10	green	left	unaware	1	0
284.326	0.000	trigger_101	101	284326	Trigger-In:101	59	trial_start	staircase	11	green	right	aware	1	0
284.431	0.000	trigger_11	11	284431	Trigger-In:11	59	fixation_point_on	staircase	11	green	right	aware	1	0
285.036	0.000	trigger_21	21	285036	Trigger-In:21	59	grating_on	staircase	11	green	right	aware	1	0
285.091	0.000	trigger_20	20	285091	Trigger-In:20	59	grating_off	staircase	11	green	right	aware	1	0
285.696	0.000	trigger_31	31	285696	Trigger-In:31	59	targets_on_fp_color_change	staircase	11	green	right	aware	1	0
286.996	0.000	trigger_201	201	286996	Trigger-In:201	59	trial_end_completed	staircase	11	green	right	aware	1	0
288.076	0.000	trigger_101	101	288076	Trigger-In:101	60	trial_start	salient	0	green	left	unaware	1	0
288.181	0.000	trigger_11	11	288181	Trigger-In:11	60	fixation_point_on	salient	0	green	left	unaware	1	0
288.786	0.000	trigger_21	21	288786	Trigger-In:21	60	grating_on	salient	0	green	left	unaware	1	0
288.841	0.000	trigger_20	20	288841	Trigger-In:20	60	grating_off	salient	0	green	left	unaware	1	0
289.441	0.000	trigger_31	31	289441	Trigger-In:31	60	targets_on_fp_color_change	salient	0	green	left	unaware	1	0
290.426	0.000	trigger_201	201	290426	Trigger-In:201	60	trial_end_completed	salient	0	green	left	unaware	1	0
291.501	0.000	trigger_101	101	291501	Trigger-In:101	61	trial_start	staircase	10	green	left	unaware	1	0
291.601	0.000	trigger_11	11	291601	Trigger-In:11	61	fixation_point_on	staircase	10	green	left	unaware	1	0
292.206	0.000	trigger_21	21	292206	Trigger-In:21	61	grating_on	staircase	10	green	left	unaware	1	0
292.261	0.000	trigger_20	20	292261	Trigger-In:20	61	grating_off	staircase	10	green	left	unaware	1	0
292.866	0.000	trigger_31	31	292866	Trigger-In:31	61	targets_on_fp_color_change	staircase	10	green	left	unaware	1	0
293.861	0.000	trigger_201	201	293861	Trigger-In:201	61	trial_end_completed	staircase	10	green	left	unaware	1	0
294.936	0.000	trigger_101	101	294936	Trigger-In:101	62	trial_start	staircase	11	red	right	unaware	1	0
295.041	0.000	trigger_11	11	295041	Trigger-In:11	62	fixation_point_on	staircase	11	red	right	unaware	1	0
295.646	0.000	trigger_21	21	295646	Trigger-In:21	62	grating_on	staircase	11	red	right	unaware	1	0
295.701	0.000	trigger_20	20	295701	Trigger-In:20	62	grating_off	staircase	11	red	right	unaware	1	0
296.306	0.000	trigger_31	31	296306	Trigger-In:31	62	targets_on_fp_color_change	staircase	11	red	right	unaware	1	0
297.281	0.000	trigger_201	201	297281	Trigger-In:201	62	trial_end_completed	staircase	11	red	right	unaware	1	0
298.361	0.000	trigger_101	101	298361	Trigger-In:101	63	trial_start	staircase	12	green	left	unaware	1	0
298.466	0.000	trigger_11	11	298466	Trigger-In:11	63	fixation_point_on	staircase	12	green	left	unaware	1	0
299.066	0.000	trigger_21	21	299066	Trigger-In:21	63	grating_on	staircase	12	green	left	unaware	1	0
299.126	0.000	trigger_20	20	299126	Trigger-In:20	63	grating_off	staircase	12	green	left	unaware	1	0
299.726	0.000	trigger_31	31	299726	Trigger-In:31	63	targets_on_fp_color_change	staircase	12	green	left	unaware	1	0
300.681	0.000	trigger_201	201	300681	Trigger-In:201	63	trial_end_completed	staircase	12	green	left	unaware	1	0
301.756	0.000	trigger_101	101	301756	Trigger-In:101	64	trial_start	salient	0	red	right	unaware	1	0
301.861	0.000	trigger_11	11	301861	Trigger-In:11	64	fixation_point_on	salient	0	red	right	unaware	1	0
302.466	0.000	trigger_21	21	302466	Trigger-In:21	64	grating_on	salient	0	red	right	unaware	1	0
302.521	0.000	trigger_20	20	302521	Trigger-In:20	64	grating_off	salient	0	red	right	unaware	1	0
303.121	0.000	trigger_31	31	303121	Trigger-In:31	64	targets_on_fp_color_change	salient	0	red	right	unaware	1	0
304.076	0.000	trigger_201	201	304076	Trigger-In:201	64	trial_end_completed	salient	0	red	right	unaware	1	0
305.151	0.000	trigger_101	101	305151	Trigger-In:101	65	trial_start	staircase	13	red	left	aware	1	0
305.256	0.000	trigger_11	11	305256	Trigger-In:11	65	fixation_point_on	staircase	13	red	left	aware	1	0
305.861	0.000	trigger_21	21	305861	Trigger-In:21	65	grating_on	staircase	13	red	left	aware	1	0
305.916	0.000	trigger_20	20	305916	Trigger-In:20	65	grating_off	staircase	13	red	left	aware	1	0
306.521	0.000	trigger_31	31	306521	Trigger-In:31	65	targets_on_fp_color_change	staircase	13	red	left	aware	1	0
307.721	0.000	trigger_201	201	307721	Trigger-In:201	65	trial_end_completed	staircase	13	red	left	aware	1	0
308.791	0.000	trigger_101	101	308791	Trigger-In:101	66	trial_start	staircase	12	green	left	unaware	1	0
308.896	0.000	trigger_11	11	308896	Trigger-In:11	66	fixation_point_on	staircase	12	green	left	unaware	1	0
309.496	0.000	trigger_21	21	309496	Trigger-In:21	66	grating_on	staircase	12	green	left	unaware	1	0
309.556	0.000	trigger_20	20	309556	Trigger-In:20	66	grating_off	staircase	12	green	left	unaware	1	0
310.156	0.000	trigger_31	31	310156	Trigger-In:31	66	targets_on_fp_color_change	staircase	12	green	left	unaware	1	0
311.386	0.000	trigger_201	201	311386	Trigger-In:201	66	trial_end_completed	staircase	12	green	left	unaware	1	0
312.456	0.000	trigger_101	101	312456	Trigger-In:101	67	trial_start	staircase	13	green	right	aware	1	0
312.561	0.000	trigger_11	11	312561	Trigger-In:11	67	fixation_point_on	staircase	13	green	right	aware	1	0
313.166	0.000	trigger_21	21	313166	Trigger-In:21	67	grating_on	staircase	13	green	right	aware	1	0
313.221	0.000	trigger_20	20	313221	Trigger-In:20	67	grating_off	staircase	13	green	right	aware	1	0
313.826	0.000	trigger_31	31	313826	Trigger-In:31	67	targets_on_fp_color_change	staircase	13	green	right	aware	1	0
314.756	0.000	trigger_201	201	314756	Trigger-In:201	67	trial_end_completed	staircase	13	green	right	aware	1	0
315.831	0.000	trigger_101	101	315831	Trigger-In:101	68	trial_start	salient	0	red	right	unaware	1	0
315.936	0.000	trigger_11	11	315936	Trigger-In:11	68	fixation_point_on	salient	0	red	right	unaware	1	0
316.541	0.000	trigger_21	21	316541	Trigger-In:21	68	grating_on	salient	0	red	right	unaware	1	0
316.596	0.000	trigger_20	20	316596	Trigger-In:20	68	grating_off	salient	0	red	right	unaware	1	0
317.201	0.000	trigger_31	31	317201	Trigger-In:31	68	targets_on_fp_color_change	salient	0	red	right	unaware	1	0
318.556	0.000	trigger_201	201	318556	Trigger-In:201	68	trial_end_completed	salient	0	red	right	unaware	1	0
319.631	0.000	trigger_101	101	319631	Trigger-In:101	69	trial_start	staircase	12	green	left	unaware	1	0
319.741	0.000	trigger_11	11	319741	Trigger-In:11	69	fixation_point_on	staircase	12	green	left	unaware	1	0
320.346	0.000	trigger_21	21	320346	Trigger-In:21	69	grating_on	staircase	12	green	left	unaware	1	0
320.401	0.000	trigger_20	20	320401	Trigger-In:20	69	grating_off	staircase	12	green	left	unaware	1	0
321.006	0.000	trigger_31	31	321006	Trigger-In:31	69	targets_on_fp_color_change	staircase	12	green	left	unaware	1	0
321.916	0.000	trigger_201	201	321916	Trigger-In:201	69	trial_end_completed	staircase	12	green	left	unaware	1	0
322.991	0.000	trigger_101	101	322991	Trigger-In:101	70	trial_start	salient	0	red	right	unaware	1	0
323.096	0.000	trigger_11	11	323096	Trigger-In:11	70	fixation_point_on	salient	0	red	right	unaware	1	0
323.701	0.000	trigger_21	21	323701	Trigger-In:21	70	grating_on	salient	0	red	right	unaware	1	0
323.756	0.000	trigger_20	20	323756	Trigger-In:20	70	grating_off	salient	0	red	right	unaware	1	0
324.361	0.000	trigger_31	31	324361	Trigger-In:31	70	targets_on_fp_color_change	salient	0	red	right	unaware	1	0
325.626	0.000	trigger_201	201	325626	Trigger-In:201	70	trial_end_completed	salient	0	red	right	unaware	1	0
326.706	0.000	trigger_101	101	326706	Trigger-In:101	71	trial_start	absent	50	red	left	aware	1	0
326.811	0.000	trigger_11	11	326811	Trigger-In:11	71	fixation_point_on	absent	50	red	left	aware	1	0
327.416	0.000	trigger_21	21	327416	Trigger-In:21	71	grating_on	absent	50	red	left	aware	1	0
327.471	0.000	trigger_20	20	327471	Trigger-In:20	71	grating_off	absent	50	red	left	aware	1	0
328.076	0.000	trigger_31	31	328076	Trigger-In:31	71	targets_on_fp_color_change	absent	50	red	left	aware	1	0
328.776	0.000	trigger_201	201	328776	Trigger-In:201	71	trial_end_completed	absent	50	red	left	aware	1	0
329.851	0.000	trigger_101	101	329851	Trigger-In:101	72	trial_start	absent	50	green	right	aware	1	0
329.956	0.000	trigger_11	11	329956	Trigger-In:11	72	fixation_point_on	absent	50	green	right	aware	1	0
330.561	0.000	trigger_21	21	330561	Trigger-In:21	72	grating_on	absent	50	green	right	aware	1	0
330.616	0.000	trigger_20	20	330616	Trigger-In:20	72	grating_off	absent	50	green	right	aware	1	0
331.221	0.000	trigger_31	31	331221	Trigger-In:31	72	targets_on_fp_color_change	absent	50	green	right	aware	1	0
332.046	0.000	trigger_201	201	332046	Trigger-In:201	72	trial_end_completed	absent	50	green	right	aware	1	0
333.116	0.000	trigger_101	101	333116	Trigger-In:101	73	trial_start	staircase	13	green	right	aware	1	0
333.221	0.000	trigger_11	11	333221	Trigger-In:11	73	fixation_point_on	staircase	13	green	right	aware	1	0
333.826	0.000	trigger_21	21	333826	Trigger-In:21	73	grating_on	staircase	13	green	right	aware	1	0
333.881	0.000	trigger_20	20	333881	Trigger-In:20	73	grating_off	staircase	13	green	right	aware	1	0
334.481	0.000	trigger_31	31	334481	Trigger-In:31	73	targets_on_fp_color_change	staircase	13	green	right	aware	1	0
335.586	0.000	trigger_201	201	335586	Trigger-In:201	73	trial_end_completed	staircase	13	green	right	aware	1	0
336.656	0.000	trigger_101	101	336656	Trigger-In:101	74	trial_start	staircase	12	red	right	unaware	1	0
336.761	0.000	trigger_11	11	336761	Trigger-In:11	74	fixation_point_on	staircase	12	red	right	unaware	1	0
337.366	0.000	trigger_21	21	337366	Trigger-In:21	74	grating_on	staircase	12	red	right	unaware	1	0
337.421	0.000	trigger_20	20	337421	Trigger-In:20	74	grating_off	staircase	12	red	right	unaware	1	0
338.026	0.000	trigger_31	31	338026	Trigger-In:31	74	targets_on_fp_color_change	staircase	12	red	right	unaware	1	0
339.746	0.000	trigger_201	201	339746	Trigger-In:201	74	trial_end_completed	staircase	12	red	right	unaware	1	0
340.821	0.000	trigger_101	101	340821	Trigger-In:101	75	trial_start	salient	0	green	left	unaware	1	0
340.961	0.000	trigger_11	11	340961	Trigger-In:11	75	fixation_point_on	salient	0	green	left	unaware	1	0
341.566	0.000	trigger_21	21	341566	Trigger-In:21	75	grating_on	salient	0	green	left	unaware	1	0
341.621	0.000	trigger_20	20	341621	Trigger-In:20	75	grating_off	salient	0	green	left	unaware	1	0
342.226	0.000	trigger_31	31	342226	Trigger-In:31	75	targets_on_fp_color_change	salient	0	green	left	unaware	1	0
343.206	0.000	trigger_201	201	343206	Trigger-In:201	75	trial_end_completed	salient	0	green	left	unaware	1	0
344.281	0.000	trigger_101	101	344281	Trigger-In:101	76	trial_start	staircase	13	red	left	aware	1	0
344.386	0.000	trigger_11	11	344386	Trigger-In:11	76	fixation_point_on	staircase	13	red	left	aware	1	0
344.991	0.000	trigger_21	21	344991	Trigger-In:21	76	grating_on	staircase	13	red	left	aware	1	0
345.046	0.000	trigger_20	20	345046	Trigger-In:20	76	grating_off	staircase	13	red	left	aware	1	0
345.651	0.000	trigger_31	31	345651	Trigger-In:31	76	targets_on_fp_color_change	staircase	13	red	left	aware	1	0
346.336	0.000	trigger_201	201	346336	Trigger-In:201	76	trial_end_completed	staircase	13	red	left	aware	1	0
347.411	0.000	trigger_101	101	347411	Trigger-In:101	77	trial_start	staircase	12	red	left	aware	1	0
347.516	0.000	trigger_11	11	347516	Trigger-In:11	77	fixation_point_on	staircase	12	red	left	aware	1	0
348.121	0.000	trigger_21	21	348121	Trigger-In:21	77	grating_on	staircase	12	red	left	aware	1	0
348.176	0.000	trigger_20	20	348176	Trigger-In:20	77	grating_off	staircase	12	red	left	aware	1	0
348.781	0.000	trigger_31	31	348781	Trigger-In:31	77	targets_on_fp_color_change	staircase	12	red	left	aware	1	0
349.866	0.000	trigger_201	201	349866	Trigger-In:201	77	trial_end_completed	staircase	12	red	left	aware	1	0
350.941	0.000	trigger_101	101	350941	Trigger-In:101	78	trial_start	staircase	11	red	right	unaware	1	0
351.046	0.000	trigger_11	11	351046	Trigger-In:11	78	fixation_point_on	staircase	11	red	right	unaware	1	0
351.646	0.000	trigger_21	21	351646	Trigger-In:21	78	grating_on	staircase	11	red	right	unaware	1	0
351.706	0.000	trigger_20	20	351706	Trigger-In:20	78	grating_off	staircase	11	red	right	unaware	1	0
352.306	0.000	trigger_31	31	352306	Trigger-In:31	78	targets_on_fp_color_change	staircase	11	red	right	unaware	1	0
353.236	0.000	trigger_201	201	353236	Trigger-In:201	78	trial_end_completed	staircase	11	red	right	unaware	1	0
354.306	0.000	trigger_101	101	354306	Trigger-In:101	79	trial_start	staircase	12	red	left	aware	1	0
354.411	0.000	trigger_11	11	354411	Trigger-In:11	79	fixation_point_on	staircase	12	red	left	aware	1	0
355.016	0.000	trigger_21	21	355016	Trigger-In:21	79	grating_on	staircase	12	red	left	aware	1	0
355.071	0.000	trigger_20	20	355071	Trigger-In:20	79	grating_off	staircase	12	red	left	aware	1	0
355.676	0.000	trigger_31	31	355676	Trigger-In:31	79	targets_on_fp_color_change	staircase	12	red	left	aware	1	0
356.371	0.000	trigger_201	201	356371	Trigger-In:201	79	trial_end_completed	staircase	12	red	left	aware	1	0
357.446	0.000	trigger_101	101	357446	Trigger-In:101	80	trial_start	staircase	11	green	right	aware	1	0
357.551	0.000	trigger_11	11	357551	Trigger-In:11	80	fixation_point_on	staircase	11	green	right	aware	1	0
358.156	0.000	trigger_21	21	358156	Trigger-In:21	80	grating_on	staircase	11	green	right	aware	1	0
358.211	0.000	trigger_20	20	358211	Trigger-In:20	80	grating_off	staircase	11	green	right	aware	1	0
358.816	0.000	trigger_31	31	358816	Trigger-In:31	80	targets_on_fp_color_change	staircase	11	green	right	aware	1	0
359.721	0.000	trigger_201	201	359721	Trigger-In:201	80	trial_end_completed	staircase	11	green	right	aware	1	0
360.796	0.000	trigger_101	101	360796	Trigger-In:101	81	trial_start	staircase	10	red	right	unaware	1	0
360.906	0.000	trigger_11	11	360906	Trigger-In:11	81	fixation_point_on	staircase	10	red	right	unaware	1	0
361.511	0.000	trigger_21	21	361511	Trigger-In:21	81	grating_on	staircase	10	red	right	unaware	1	0
361.566	0.000	trigger_20	20	361566	Trigger-In:20	81	grating_off	staircase	10	red	right	unaware	1	0
362.171	0.000	trigger_31	31	362171	Trigger-In:31	81	targets_on_fp_color_change	staircase	10	red	right	unaware	1	0
363.346	0.000	trigger_201	201	363346	Trigger-In:201	81	trial_end_completed	staircase	10	red	right	unaware	1	0
364.421	0.000	trigger_101	101	364421	Trigger-In:101	82	trial_start	staircase	11	green	left	unaware	1	0
364.521	0.000	trigger_11	11	364521	Trigger-In:11	82	fixation_point_on	staircase	11	green	left	unaware	1	0
365.126	0.000	trigger_21	21	365126	Trigger-In:21	82	grating_on	staircase	11	green	left	unaware	1	0
365.181	0.000	trigger_20	20	365181	Trigger-In:20	82	grating_off	staircase	11	green	left	unaware	1	0
365.786	0.000	trigger_31	31	365786	Trigger-In:31	82	targets_on_fp_color_change	staircase	11	green	left	unaware	1	0
366.976	0.000	trigger_201	201	366976	Trigger-In:201	82	trial_end_completed	staircase	11	green	left	unaware	1	0
368.051	0.000	trigger_101	101	368051	Trigger-In:101	83	trial_start	staircase	12	red	right	unaware	1	0
368.156	0.000	trigger_11	11	368156	Trigger-In:11	83	fixation_point_on	staircase	12	red	right	unaware	1	0
368.761	0.000	trigger_21	21	368761	Trigger-In:21	83	grating_on	staircase	12	red	right	unaware	1	0
368.816	0.000	trigger_20	20	368816	Trigger-In:20	83	grating_off	staircase	12	red	right	unaware	1	0
369.421	0.000	trigger_31	31	369421	Trigger-In:31	83	targets_on_fp_color_change	staircase	12	red	right	unaware	1	0
370.456	0.000	trigger_201	201	370456	Trigger-In:201	83	trial_end_completed	staircase	12	red	right	unaware	1	0
371.531	0.000	trigger_101	101	371531	Trigger-In:101	84	trial_start	staircase	13	green	right	aware	1	0
371.641	0.000	trigger_11	11	371641	Trigger-In:11	84	fixation_point_on	staircase	13	green	right	aware	1	0
372.246	0.000	trigger_21	21	372246	Trigger-In:21	84	grating_on	staircase	13	green	right	aware	1	0
372.301	0.000	trigger_20	20	372301	Trigger-In:20	84	grating_off	staircase	13	green	right	aware	1	0
372.906	0.000	trigger_31	31	372906	Trigger-In:31	84	targets_on_fp_color_change	staircase	13	green	right	aware	1	0
373.906	0.000	trigger_201	201	373906	Trigger-In:201	84	trial_end_completed	staircase	13	green	right	aware	1	0
374.981	0.000	trigger_101	101	374981	Trigger-In:101	85	trial_start	staircase	12	red	left	aware	1	0
375.091	0.000	trigger_11	11	375091	Trigger-In:11	85	fixation_point_on	staircase	12	red	left	aware	1	0
375.696	0.000	trigger_21	21	375696	Trigger-In:21	85	grating_on	staircase	12	red	left	aware	1	0
375.751	0.000	trigger_20	20	375751	Trigger-In:20	85	grating_off	staircase	12	red	left	aware	1	0
376.356	0.000	trigger_31	31	376356	Trigger-In:31	85	targets_on_fp_color_change	staircase	12	red	left	aware	1	0
377.261	0.000	trigger_201	201	377261	Trigger-In:201	85	trial_end_completed	staircase	12	red	left	aware	1	0
378.336	0.000	trigger_101	101	378336	Trigger-In:101	86	trial_start	staircase	11	red	left	aware	1	0
378.441	0.000	trigger_11	11	378441	Trigger-In:11	86	fixation_point_on	staircase	11	red	left	aware	1	0
379.041	0.000	trigger_21	21	379041	Trigger-In:21	86	grating_on	staircase	11	red	left	aware	1	0
379.101	0.000	trigger_20	20	379101	Trigger-In:20	86	grating_off	staircase	11	red	left	aware	1	0
379.701	0.000	trigger_31	31	379701	Trigger-In:31	86	targets_on_fp_color_change	staircase	11	red	left	aware	1	0
380.566	0.000	trigger_201	201	380566	Trigger-In:201	86	trial_end_completed	staircase	11	red	left	aware	1	0
381.641	0.000	trigger_101	101	381641	Trigger-In:101	87	trial_start	staircase	10	red	right	unaware	1	0
381.746	0.000	trigger_11	11	381746	Trigger-In:11	87	fixation_point_on	staircase	10	red	right	unaware	1	0
382.351	0.000	trigger_21	21	382351	Trigger-In:21	87	grating_on	staircase	10	red	right	unaware	1	0
382.406	0.000	trigger_20	20	382406	Trigger-In:20	87	grating_off	staircase	10	red	right	unaware	1	0
383.006	0.000	trigger_31	31	383006	Trigger-In:31	87	targets_on_fp_color_change	staircase	10	red	right	unaware	1	0
383.851	0.000	trigger_201	201	383851	Trigger-In:201	87	trial_end_completed	staircase	10	red	right	unaware	1	0
384.926	0.000	trigger_101	101	384926	Trigger-In:101	88	trial_start	staircase	11	green	left	unaware	1	0
385.036	0.000	trigger_11	11	385036	Trigger-In:11	88	fixation_point_on	staircase	11	green	left	unaware	1	0
385.641	0.000	trigger_21	21	385641	Trigger-In:21	88	grating_on	staircase	11	green	left	unaware	1	0
385.696	0.000	trigger_20	20	385696	Trigger-In:20	88	grating_off	staircase	11	green	left	unaware	1	0
386.301	0.000	trigger_31	31	386301	Trigger-In:31	88	targets_on_fp_color_change	staircase	11	green	left	unaware	1	0
387.671	0.000	trigger_201	201	387671	Trigger-In:201	88	trial_end_completed	staircase	11	green	left	unaware	1	0
388.746	0.000	trigger_101	101	388746	Trigger-In:101	89	trial_start	salient	0	green	left	unaware	1	0
388.846	0.000	trigger_11	11	388846	Trigger-In:11	89	fixation_point_on	salient	0	green	left	unaware	1	0
389.451	0.000	trigger_21	21	389451	Trigger-In:21	89	grating_on	salient	0	green	left	unaware	1	0
389.506	0.000	trigger_20	20	389506	Trigger-In:20	89	grating_off	salient	0	green	left	unaware	1	0
390.111	0.000	trigger_31	31	390111	Trigger-In:31	89	targets_on_fp_color_change	salient	0	green	left	unaware	1	0
391.076	0.000	trigger_201	201	391076	Trigger-In:201	89	trial_end_completed	salient	0	green	left	unaware	1	0
392.146	0.000	trigger_101	101	392146	Trigger-In:101	90	trial_start	staircase	12	red	right	unaware	1	0
392.251	0.000	trigger_11	11	392251	Trigger-In:11	90	fixation_point_on	staircase	12	red	right	unaware	1	0
392.856	0.000	trigger_21	21	392856	Trigger-In:21	90	grating_on	staircase	12	red	right	unaware	1	0
392.911	0.000	trigger_20	20	392911	Trigger-In:20	90	grating_off	staircase	12	red	right	unaware	1	0
393.516	0.000	trigger_31	31	393516	Trigger-In:31	90	targets_on_fp_color_change	staircase	12	red	right	unaware	1	0
394.536	0.000	trigger_201	201	394536	Trigger-In:201	90	trial_end_completed	staircase	12	red	right	unaware	1	0
395.611	0.000	trigger_101	101	395611	Trigger-In:101	91	trial_start	staircase	13	green	left	unaware	1	0
395.716	0.000	trigger_11	11	395716	Trigger-In:11	91	fixation_point_on	staircase	13	green	left	unaware	1	0
396.321	0.000	trigger_21	21	396321	Trigger-In:21	91	grating_on	staircase	13	green	left	unaware	1	0
396.376	0.000	trigger_20	20	396376	Trigger-In:20	91	grating_off	staircase	13	green	left	unaware	1	0
396.981	0.000	trigger_31	31	396981	Trigger-In:31	91	targets_on_fp_color_change	staircase	13	green	left	unaware	1	0
398.001	0.000	trigger_201	201	398001	Trigger-In:201	91	trial_end_completed	staircase	13	green	left	unaware	1	0
399.076	0.000	trigger_101	101	399076	Trigger-In:101	92	trial_start	staircase	14	red	right	unaware	1	0
399.181	0.000	trigger_11	11	399181	Trigger-In:11	92	fixation_point_on	staircase	14	red	right	unaware	1	0
399.786	0.000	trigger_21	21	399786	Trigger-In:21	92	grating_on	staircase	14	red	right	unaware	1	0
399.841	0.000	trigger_20	20	399841	Trigger-In:20	92	grating_off	staircase	14	red	right	unaware	1	0
400.446	0.000	trigger_31	31	400446	Trigger-In:31	92	targets_on_fp_color_change	staircase	14	red	right	unaware	1	0
401.361	0.000	trigger_201	201	401361	Trigger-In:201	92	trial_end_completed	staircase	14	red	right	unaware	1	0
402.436	0.000	trigger_101	101	402436	Trigger-In:101	93	trial_start	staircase	15	green	right	aware	1	0
402.541	0.000	trigger_11	11	402541	Trigger-In:11	93	fixation_point_on	staircase	15	green	right	aware	1	0
403.146	0.000	trigger_21	21	403146	Trigger-In:21	93	grating_on	staircase	15	green	right	aware	1	0
403.201	0.000	trigger_20	20	403201	Trigger-In:20	93	grating_off	staircase	15	green	right	aware	1	0
403.806	0.000	trigger_31	31	403806	Trigger-In:31	93	targets_on_fp_color_change	staircase	15	green	right	aware	1	0
404.861	0.000	trigger_201	201	404861	Trigger-In:201	93	trial_end_completed	staircase	15	green	right	aware	1	0
405.936	0.000	trigger_101	101	405936	Trigger-In:101	94	trial_start	staircase	14	green	left	unaware	1	0
406.041	0.000	trigger_11	11	406041	Trigger-In:11	94	fixation_point_on	staircase	14	green	left	unaware	1	0
406.646	0.000	trigger_21	21	406646	Trigger-In:21	94	grating_on	staircase	14	green	left	unaware	1	0
406.701	0.000	trigger_20	20	406701	Trigger-In:20	94	grating_off	staircase	14	green	left	unaware	1	0
407.306	0.000	trigger_31	31	407306	Trigger-In:31	94	targets_on_fp_color_change	staircase	14	green	left	unaware	1	0
408.451	0.000	trigger_201	201	408451	Trigger-In:201	94	trial_end_completed	staircase	14	green	left	unaware	1	0
409.526	0.000	trigger_101	101	409526	Trigger-In:101	95	trial_start	staircase	15	red	left	aware	1	0
409.631	0.000	trigger_11	11	409631	Trigger-In:11	95	fixation_point_on	staircase	15	red	left	aware	1	0
410.236	0.000	trigger_21	21	410236	Trigger-In:21	95	grating_on	staircase	15	red	left	aware	1	0
410.291	0.000	trigger_20	20	410291	Trigger-In:20	95	grating_off	staircase	15	red	left	aware	1	0
410.896	0.000	trigger_31	31	410896	Trigger-In:31	95	targets_on_fp_color_change	staircase	15	red	left	aware	1	0
411.731	0.000	trigger_201	201	411731	Trigger-In:201	95	trial_end_completed	staircase	15	red	left	aware	1	0
412.806	0.000	trigger_101	101	412806	Trigger-In:101	96	trial_start	staircase	14	red	left	aware	1	0
412.911	0.000	trigger_11	11	412911	Trigger-In:11	96	fixation_point_on	staircase	14	red	left	aware	1	0
413.511	0.000	trigger_21	21	413511	Trigger-In:21	96	grating_on	staircase	14	red	left	aware	1	0
413.571	0.000	trigger_20	20	413571	Trigger-In:20	96	grating_off	staircase	14	red	left	aware	1	0
414.171	0.000	trigger_31	31	414171	Trigger-In:31	96	targets_on_fp_color_change	staircase	14	red	left	aware	1	0
414.986	0.000	trigger_201	201	414986	Trigger-In:201	96	trial_end_completed	staircase	14	red	left	aware	1	0
416.061	0.000	trigger_101	101	416061	Trigger-In:101	97	trial_start	staircase	13	red	right	unaware	1	0
416.166	0.000	trigger_11	11	416166	Trigger-In:11	97	fixation_point_on	staircase	13	red	right	unaware	1	0
416.771	0.000	trigger_21	21	416771	Trigger-In:21	97	grating_on	staircase	13	red	right	unaware	1	0
416.826	0.000	trigger_20	20	416826	Trigger-In:20	97	grating_off	staircase	13	red	right	unaware	1	0
417.431	0.000	trigger_31	31	417431	Trigger-In:31	97	targets_on_fp_color_change	staircase	13	red	right	unaware	1	0
418.311	0.000	trigger_201	201	418311	Trigger-In:201	97	trial_end_completed	staircase	13	red	right	unaware	1	0
419.381	0.000	trigger_101	101	419381	Trigger-In:101	98	trial_start	staircase	14	red	left	aware	1	0
419.486	0.000	trigger_11	11	419486	Trigger-In:11	98	fixation_point_on	staircase	14	red	left	aware	1	0
420.091	0.000	trigger_21	21	420091	Trigger-In:21	98	grating_on	staircase	14	red	left	aware	1	0
420.146	0.000	trigger_20	20	420146	Trigger-In:20	98	grating_off	staircase	14	red	left	aware	1	0
420.751	0.000	trigger_31	31	420751	Trigger-In:31	98	targets_on_fp_color_change	staircase	14	red	left	aware	1	0
421.641	0.000	trigger_201	201	421641	Trigger-In:201	98	trial_end_completed	staircase	14	red	left	aware	1	0
422.716	0.000	trigger_101	101	422716	Trigger-In:101	99	trial_start	staircase	13	green	right	aware	1	0
422.816	0.000	trigger_11	11	422816	Trigger-In:11	99	fixation_point_on	staircase	13	green	right	aware	1	0
423.421	0.000	trigger_21	21	423421	Trigger-In:21	99	grating_on	staircase	13	green	right	aware	1	0
423.476	0.000	trigger_20	20	423476	Trigger-In:20	99	grating_off	staircase	13	green	right	aware	1	0
424.081	0.000	trigger_31	31	424081	Trigger-In:31	99	targets_on_fp_color_change	staircase	13	green	right	aware	1	0
425.301	0.000	trigger_201	201	425301	Trigger-In:201	99	trial_end_completed	staircase	13	green	right	aware	1	0
426.376	0.000	trigger_101	101	426376	Trigger-In:101	100	trial_start	salient	0	green	left	unaware	1	0
426.476	0.000	trigger_11	11	426476	Trigger-In:11	100	fixation_point_on	salient	0	green	left	unaware	1	0
427.081	0.000	trigger_21	21	427081	Trigger-In:21	100	grating_on	salient	0	green	left	unaware	1	0
427.136	0.000	trigger_20	20	427136	Trigger-In:20	100	grating_off	salient	0	green	left	unaware	1	0
427.741	0.000	trigger_31	31	427741	Trigger-In:31	100	targets_on_fp_color_change	salient	0	green	left	unaware	1	0
428.826	0.000	trigger_201	201	428826	Trigger-In:201	100	trial_end_completed	salient	0	green	left	unaware	1	0
429.901	0.000	trigger_101	101	429901	Trigger-In:101	101	trial_start	staircase	12	green	left	unaware	1	0
430.006	0.000	trigger_11	11	430006	Trigger-In:11	101	fixation_point_on	staircase	12	green	left	unaware	1	0
430.611	0.000	trigger_21	21	430611	Trigger-In:21	101	grating_on	staircase	12	green	left	unaware	1	0
430.666	0.000	trigger_20	20	430666	Trigger-In:20	101	grating_off	staircase	12	green	left	unaware	1	0
431.271	0.000	trigger_31	31	431271	Trigger-In:31	101	targets_on_fp_color_change	staircase	12	green	left	unaware	1	0
432.276	0.000	trigger_201	201	432276	Trigger-In:201	101	trial_end_completed	staircase	12	green	left	unaware	1	0
433.351	0.000	trigger_101	101	433351	Trigger-In:101	102	trial_start	absent	50	red	left	aware	1	0
433.456	0.000	trigger_11	11	433456	Trigger-In:11	102	fixation_point_on	absent	50	red	left	aware	1	0
434.061	0.000	trigger_21	21	434061	Trigger-In:21	102	grating_on	absent	50	red	left	aware	1	0
434.116	0.000	trigger_20	20	434116	Trigger-In:20	102	grating_off	absent	50	red	left	aware	1	0
434.721	0.000	trigger_31	31	434721	Trigger-In:31	102	targets_on_fp_color_change	absent	50	red	left	aware	1	0
435.546	0.000	trigger_201	201	435546	Trigger-In:201	102	trial_end_completed	absent	50	red	left	aware	1	0
436.616	0.000	trigger_101	101	436616	Trigger-In:101	103	trial_start	staircase	13	green	left	unaware	1	0
436.721	0.000	trigger_11	11	436721	Trigger-In:11	103	fixation_point_on	staircase	13	green	left	unaware	1	0
437.326	0.000	trigger_21	21	437326	Trigger-In:21	103	grating_on	staircase	13	green	left	unaware	1	0
437.381	0.000	trigger_20	20	437381	Trigger-In:20	103	grating_off	staircase	13	green	left	unaware	1	0
437.986	0.000	trigger_31	31	437986	Trigger-In:31	103	targets_on_fp_color_change	staircase	13	green	left	unaware	1	0
439.866	0.000	trigger_201	201	439866	Trigger-In:201	103	trial_end_completed	staircase	13	green	left	unaware	1	0
440.941	0.000	trigger_101	101	440941	Trigger-In:101	104	trial_start	staircase	14	red	left	aware	1	0
441.046	0.000	trigger_11	11	441046	Trigger-In:11	104	fixation_point_on	staircase	14	red	left	aware	1	0
441.651	0.000	trigger_21	21	441651	Trigger-In:21	104	grating_on	staircase	14	red	left	aware	1	0
441.706	0.000	trigger_20	20	441706	Trigger-In:20	104	grating_off	staircase	14	red	left	aware	1	0
442.311	0.000	trigger_31	31	442311	Trigger-In:31	104	targets_on_fp_color_change	staircase	14	red	left	aware	1	0
443.221	0.000	trigger_201	201	443221	Trigger-In:201	104	trial_end_completed	staircase	14	red	left	aware	1	0
444.296	0.000	trigger_101	101	444296	Trigger-In:101	105	trial_start	absent	50	red	left	aware	1	0
444.406	0.000	trigger_11	11	444406	Trigger-In:11	105	fixation_point_on	absent	50	red	left	aware	1	0
445.011	0.000	trigger_21	21	445011	Trigger-In:21	105	grating_on	absent	50	red	left	aware	1	0
445.066	0.000	trigger_20	20	445066	Trigger-In:20	105	grating_off	absent	50	red	left	aware	1	0
445.671	0.000	trigger_31	31	445671	Trigger-In:31	105	targets_on_fp_color_change	absent	50	red	left	aware	1	0
446.556	0.000	trigger_201	201	446556	Trigger-In:201	105	trial_end_completed	absent	50	red	left	aware	1	0
447.631	0.000	trigger_101	101	447631	Trigger-In:101	106	trial_start	staircase	13	red	left	aware	1	0
447.736	0.000	trigger_11	11	447736	Trigger-In:11	106	fixation_point_on	staircase	13	red	left	aware	1	0
448.336	0.000	trigger_21	21	448336	Trigger-In:21	106	grating_on	staircase	13	red	left	aware	1	0
448.396	0.000	trigger_20	20	448396	Trigger-In:20	106	grating_off	staircase	13	red	left	aware	1	0
448.996	0.000	trigger_31	31	448996	Trigger-In:31	106	targets_on_fp_color_change	staircase	13	red	left	aware	1	0
449.996	0.000	trigger_201	201	449996	Trigger-In:201	106	trial_end_completed	staircase	13	red	left	aware	1	0
451.066	0.000	trigger_101	101	451066	Trigger-In:101	107	trial_start	staircase	12	green	left	unaware	1	0
451.171	0.000	trigger_11	11	451171	Trigger-In:11	107	fixation_point_on	staircase	12	green	left	unaware	1	0
451.776	0.000	trigger_21	21	451776	Trigger-In:21	107	grating_on	staircase	12	green	left	unaware	1	0
451.831	0.000	trigger_20	20	451831	Trigger-In:20	107	grating_off	staircase	12	green	left	unaware	1	0
452.436	0.000	trigger_31	31	452436	Trigger-In:31	107	targets_on_fp_color_change	staircase	12	green	left	unaware	1	0
453.596	0.000	trigger_201	201	453596	Trigger-In:201	107	trial_end_completed	staircase	12	green	left	unaware	1	0
454.671	0.000	trigger_101	101	454671	Trigger-In:101	108	trial_start	staircase	13	green	left	unaware	1	0
454.776	0.000	trigger_11	11	454776	Trigger-In:11	108	fixation_point_on	staircase	13	green	left	unaware	1	0
455.376	0.000	trigger_21	21	455376	Trigger-In:21	108	grating_on	staircase	13	green	left	unaware	1	0
455.436	0.000	trigger_20	20	455436	Trigger-In:20	108	grating_off	staircase	13	green	left	unaware	1	0
456.036	0.000	trigger_31	31	456036	Trigger-In:31	108	targets_on_fp_color_change	staircase	13	green	left	unaware	1	0
457.041	0.000	trigger_201	201	457041	Trigger-In:201	108	trial_end_completed	staircase	13	green	left	unaware	1	0
458.121	0.000	trigger_101	101	458121	Trigger-In:101	109	trial_start	staircase	14	red	right	unaware	1	0
458.226	0.000	trigger_11	11	458226	Trigger-In:11	109	fixation_point_on	staircase	14	red	right	unaware	1	0
458.831	0.000	trigger_21	21	458831	Trigger-In:21	109	grating_on	staircase	14	red	right	unaware	1	0
458.886	0.000	trigger_20	20	458886	Trigger-In:20	109	grating_off	staircase	14	red	right	unaware	1	0
459.491	0.000	trigger_31	31	459491	Trigger-In:31	109	targets_on_fp_color_change	staircase	14	red	right	unaware	1	0
460.486	0.000	trigger_201	201	460486	Trigger-In:201	109	trial_end_completed	staircase	14	red	right	unaware	1	0
461.561	0.000	trigger_101	101	461561	Trigger-In:101	110	trial_start	staircase	15	green	left	unaware	1	0
461.661	0.000	trigger_11	11	461661	Trigger-In:11	110	fixation_point_on	staircase	15	green	left	unaware	1	0
462.266	0.000	trigger_21	21	462266	Trigger-In:21	110	grating_on	staircase	15	green	left	unaware	1	0
462.321	0.000	trigger_20	20	462321	Trigger-In:20	110	grating_off	staircase	15	green	left	unaware	1	0
462.926	0.000	trigger_31	31	462926	Trigger-In:31	110	targets_on_fp_color_change	staircase	15	green	left	unaware	1	0
464.156	0.000	trigger_201	201	464156	Trigger-In:201	110	trial_end_completed	staircase	15	green	left	unaware	1	0
465.231	0.000	trigger_101	101	465231	Trigger-In:101	111	trial_start	staircase	16	red	left	aware	1	0
465.336	0.000	trigger_11	11	465336	Trigger-In:11	111	fixation_point_on	staircase	16	red	left	aware	1	0
465.941	0.000	trigger_21	21	465941	Trigger-In:21	111	grating_on	staircase	16	red	left	aware	1	0
465.996	0.000	trigger_20	20	465996	Trigger-In:20	111	grating_off	staircase	16	red	left	aware	1	0
466.601	0.000	trigger_31	31	466601	Trigger-In:31	111	targets_on_fp_color_change	staircase	16	red	left	aware	1	0
467.421	0.000	trigger_201	201	467421	Trigger-In:201	111	trial_end_completed	staircase	16	red	left	aware	1	0
468.496	0.000	trigger_101	101	468496	Trigger-In:101	112	trial_start	staircase	15	green	right	aware	1	0
468.601	0.000	trigger_11	11	468601	Trigger-In:11	112	fixation_point_on	staircase	15	green	right	aware	1	0
469.206	0.000	trigger_21	21	469206	Trigger-In:21	112	grating_on	staircase	15	green	right	aware	1	0
469.261	0.000	trigger_20	20	469261	Trigger-In:20	112	grating_off	staircase	15	green	right	aware	1	0
469.866	0.000	trigger_31	31	469866	Trigger-In:31	112	targets_on_fp_color_change	staircase	15	green	right	aware	1	0
470.641	0.000	trigger_201	201	470641	Trigger-In:201	112	trial_end_completed	staircase	15	green	right	aware	1	0
471.716	0.000	trigger_101	101	471716	Trigger-In:101	113	trial_start	staircase	14	green	left	unaware	1	0
471.821	0.000	trigger_11	11	471821	Trigger-In:11	113	fixation_point_on	staircase	14	green	left	unaware	1	0
472.426	0.000	trigger_21	21	472426	Trigger-In:21	113	grating_on	staircase	14	green	left	unaware	1	0
472.481	0.000	trigger_20	20	472481	Trigger-In:20	113	grating_off	staircase	14	green	left	unaware	1	0
473.086	0.000	trigger_31	31	473086	Trigger-In:31	113	targets_on_fp_color_change	staircase	14	green	left	unaware	1	0
474.191	0.000	trigger_201	201	474191	Trigger-In:201	113	trial_end_completed	staircase	14	green	left	unaware	1	0
475.266	0.000	trigger_101	101	475266	Trigger-In:101	114	trial_start	staircase	15	red	left	aware	1	0
475.371	0.000	trigger_11	11	475371	Trigger-In:11	114	fixation_point_on	staircase	15	red	left	aware	1	0
475.976	0.000	trigger_21	21	475976	Trigger-In:21	114	grating_on	staircase	15	red	left	aware	1	0
476.031	0.000	trigger_20	20	476031	Trigger-In:20	114	grating_off	staircase	15	red	left	aware	1	0
476.636	0.000	trigger_31	31	476636	Trigger-In:31	114	targets_on_fp_color_change	staircase	15	red	left	aware	1	0
477.451	0.000	trigger_201	201	477451	Trigger-In:201	114	trial_end_completed	staircase	15	red	left	aware	1	0
478.521	0.000	trigger_101	101	478521	Trigger-In:101	115	trial_start	staircase	14	red	left	aware	1	0
478.626	0.000	trigger_11	11	478626	Trigger-In:11	115	fixation_point_on	staircase	14	red	left	aware	1	0
479.231	0.000	trigger_21	21	479231	Trigger-In:21	115	grating_on	staircase	14	red	left	aware	1	0
479.286	0.000	trigger_20	20	479286	Trigger-In:20	115	grating_off	staircase	14	red	left	aware	1	0
479.891	0.000	trigger_31	31	479891	Trigger-In:31	115	targets_on_fp_color_change	staircase	14	red	left	aware	1	0
480.611	0.000	trigger_201	201	480611	Trigger-In:201	115	trial_end_completed	staircase	14	red	left	aware	1	0
481.681	0.000	trigger_101	101	481681	Trigger-In:101	116	trial_start	staircase	13	red	right	unaware	1	0
481.786	0.000	trigger_11	11	481786	Trigger-In:11	116	fixation_point_on	staircase	13	red	right	unaware	1	0
482.391	0.000	trigger_21	21	482391	Trigger-In:21	116	grating_on	staircase	13	red	right	unaware	1	0
482.446	0.000	trigger_20	20	482446	Trigger-In:20	116	grating_off	staircase	13	red	right	unaware	1	0
483.051	0.000	trigger_31	31	483051	Trigger-In:31	116	targets_on_fp_color_change	staircase	13	red	right	unaware	1	0
484.226	0.000	trigger_201	201	484226	Trigger-In:201	116	trial_end_completed	staircase	13	red	right	unaware	1	0
485.301	0.000	trigger_101	101	485301	Trigger-In:101	117	trial_start	salient	0	green	left	unaware	1	0
485.406	0.000	trigger_11	11	485406	Trigger-In:11	117	fixation_point_on	salient	0	green	left	unaware	1	0
486.011	0.000	trigger_21	21	486011	Trigger-In:21	117	grating_on	salient	0	green	left	unaware	1	0
486.066	0.000	trigger_20	20	486066	Trigger-In:20	117	grating_off	salient	0	green	left	unaware	1	0
486.671	0.000	trigger_31	31	486671	Trigger-In:31	117	targets_on_fp_color_change	salient	0	green	left	unaware	1	0
488.461	0.000	trigger_201	201	488461	Trigger-In:201	117	trial_end_completed	salient	0	green	left	unaware	1	0
489.536	0.000	trigger_101	101	489536	Trigger-In:101	118	trial_start	staircase	14	green	left	unaware	1	0
489.641	0.000	trigger_11	11	489641	Trigger-In:11	118	fixation_point_on	staircase	14	green	left	unaware	1	0
490.246	0.000	trigger_21	21	490246	Trigger-In:21	118	grating_on	staircase	14	green	left	unaware	1	0
490.301	0.000	trigger_20	20	490301	Trigger-In:20	118	grating_off	staircase	14	green	left	unaware	1	0
490.906	0.000	trigger_31	31	490906	Trigger-In:31	118	targets_on_fp_color_change	staircase	14	green	left	unaware	1	0
492.026	0.000	trigger_201	201	492026	Trigger-In:201	118	trial_end_completed	staircase	14	green	left	unaware	1	0
493.101	0.000	trigger_101	101	493101	Trigger-In:101	119	trial_start	staircase	15	green	right	aware	1	0
493.201	0.000	trigger_11	11	493201	Trigger-In:11	119	fixation_point_on	staircase	15	green	right	aware	1	0
493.806	0.000	trigger_21	21	493806	Trigger-In:21	119	grating_on	staircase	15	green	right	aware	1	0
493.861	0.000	trigger_20	20	493861	Trigger-In:20	119	grating_off	staircase	15	green	right	aware	1	0
494.466	0.000	trigger_31	31	494466	Trigger-In:31	119	targets_on_fp_color_change	staircase	15	green	right	aware	1	0
495.336	0.000	trigger_201	201	495336	Trigger-In:201	119	trial_end_completed	staircase	15	green	right	aware	1	0
496.411	0.000	trigger_101	101	496411	Trigger-In:101	120	trial_start	staircase	14	green	left	unaware	1	0
496.516	0.000	trigger_11	11	496516	Trigger-In:11	120	fixation_point_on	staircase	14	green	left	unaware	1	0
497.121	0.000	trigger_21	21	497121	Trigger-In:21	120	grating_on	staircase	14	green	left	unaware	1	0
497.176	0.000	trigger_20	20	497176	Trigger-In:20	120	grating_off	staircase	14	green	left	unaware	1	0
497.781	0.000	trigger_31	31	497781	Trigger-In:31	120	targets_on_fp_color_change	staircase	14	green	left	unaware	1	0
498.731	0.000	trigger_201	201	498731	Trigger-In:201	120	trial_end_completed	staircase	14	green	left	unaware	1	0
499.806	0.000	trigger_101	101	499806	Trigger-In:101	121	trial_start	salient	0	green	left	unaware	1	0
499.911	0.000	trigger_11	11	499911	Trigger-In:11	121	fixation_point_on	salient	0	green	left	unaware	1	0
500.516	0.000	trigger_21	21	500516	Trigger-In:21	121	grating_on	salient	0	green	left	unaware	1	0
500.571	0.000	trigger_20	20	500571	Trigger-In:20	121	grating_off	salient	0	green	left	unaware	1	0
501.176	0.000	trigger_31	31	501176	Trigger-In:31	121	targets_on_fp_color_change	salient	0	green	left	unaware	1	0
502.126	0.000	trigger_201	201	502126	Trigger-In:201	121	trial_end_completed	salient	0	green	left	unaware	1	0
503.196	0.000	trigger_101	101	503196	Trigger-In:101	122	trial_start	staircase	15	red	left	aware	1	0
503.301	0.000	trigger_11	11	503301	Trigger-In:11	122	fixation_point_on	staircase	15	red	left	aware	1	0
503.906	0.000	trigger_21	21	503906	Trigger-In:21	122	grating_on	staircase	15	red	left	aware	1	0
503.961	0.000	trigger_20	20	503961	Trigger-In:20	122	grating_off	staircase	15	red	left	aware	1	0
504.566	0.000	trigger_31	31	504566	Trigger-In:31	122	targets_on_fp_color_change	staircase	15	red	left	aware	1	0
505.531	0.000	trigger_201	201	505531	Trigger-In:201	122	trial_end_completed	staircase	15	red	left	aware	1	0
506.606	0.000	trigger_101	101	506606	Trigger-In:101	123	trial_start	absent	50	green	right	aware	1	0
506.711	0.000	trigger_11	11	506711	Trigger-In:11	123	fixation_point_on	absent	50	green	right	aware	1	0
507.311	0.000	trigger_21	21	507311	Trigger-In:21	123	grating_on	absent	50	green	right	aware	1	0
507.366	0.000	trigger_20	20	507366	Trigger-In:20	123	grating_off	absent	50	green	right	aware	1	0
507.971	0.000	trigger_31	31	507971	Trigger-In:31	123	targets_on_fp_color_change	absent	50	green	right	aware	1	0
508.776	0.000	trigger_201	201	508776	Trigger-In:201	123	trial_end_completed	absent	50	green	right	aware	1	0
509.846	0.000	trigger_101	101	509846	Trigger-In:101	124	trial_start	absent	50	green	right	aware	1	0
509.951	0.000	trigger_11	11	509951	Trigger-In:11	124	fixation_point_on	absent	50	green	right	aware	1	0
510.556	0.000	trigger_21	21	510556	Trigger-In:21	124	grating_on	absent	50	green	right	aware	1	0
510.611	0.000	trigger_20	20	510611	Trigger-In:20	124	grating_off	absent	50	green	right	aware	1	0
511.216	0.000	trigger_31	31	511216	Trigger-In:31	124	targets_on_fp_color_change	absent	50	green	right	aware	1	0
512.021	0.000	trigger_201	201	512021	Trigger-In:201	124	trial_end_completed	absent	50	green	right	aware	1	0
513.096	0.000	trigger_101	101	513096	Trigger-In:101	125	trial_start	staircase	14	green	right	aware	1	0
513.201	0.000	trigger_11	11	513201	Trigger-In:11	125	fixation_point_on	staircase	14	green	right	aware	1	0
513.806	0.000	trigger_21	21	513806	Trigger-In:21	125	grating_on	staircase	14	green	right	aware	1	0
513.861	0.000	trigger_20	20	513861	Trigger-In:20	125	grating_off	staircase	14	green	right	aware	1	0
514.466	0.000	trigger_31	31	514466	Trigger-In:31	125	targets_on_fp_color_change	staircase	14	green	right	aware	1	0
515.101	0.000	trigger_201	201	515101	Trigger-In:201	125	trial_end_completed	staircase	14	green	right	aware	1	0
516.171	0.000	trigger_101	101	516171	Trigger-In:101	126	trial_start	staircase	13	green	right	aware	1	0
516.276	0.000	trigger_11	11	516276	Trigger-In:11	126	fixation_point_on	staircase	13	green	right	aware	1	0
516.881	0.000	trigger_21	21	516881	Trigger-In:21	126	grating_on	staircase	13	green	right	aware	1	0
516.936	0.000	trigger_20	20	516936	Trigger-In:20	126	grating_off	staircase	13	green	right	aware	1	0
517.541	0.000	trigger_31	31	517541	Trigger-In:31	126	targets_on_fp_color_change	staircase	13	green	right	aware	1	0
518.266	0.000	trigger_201	201	518266	Trigger-In:201	126	trial_end_completed	staircase	13	green	right	aware	1	0
519.341	0.000	trigger_101	101	519341	Trigger-In:101	127	trial_start	staircase	12	red	right	unaware	1	0
519.446	0.000	trigger_11	11	519446	Trigger-In:11	127	fixation_point_on	staircase	12	red	right	unaware	1	0
520.051	0.000	trigger_21	21	520051	Trigger-In:21	127	grating_on	staircase	12	red	right	unaware	1	0
520.106	0.000	trigger_20	20	520106	Trigger-In:20	127	grating_off	staircase	12	red	right	unaware	1	0
520.706	0.000	trigger_31	31	520706	Trigger-In:31	127	targets_on_fp_color_change	staircase	12	red	right	unaware	1	0
521.906	0.000	trigger_201	201	521906	Trigger-In:201	127	trial_end_completed	staircase	12	red	right	unaware	1	0
522.981	0.000	trigger_101	101	522981	Trigger-In:101	128	trial_start	staircase	13	green	left	unaware	1	0
523.086	0.000	trigger_11	11	523086	Trigger-In:11	128	fixation_point_on	staircase	13	green	left	unaware	1	0
523.686	0.000	trigger_21	21	523686	Trigger-In:21	128	grating_on	staircase	13	green	left	unaware	1	0
523.741	0.000	trigger_20	20	523741	Trigger-In:20	128	grating_off	staircase	13	green	left	unaware	1	0
524.346	0.000	trigger_31	31	524346	Trigger-In:31	128	targets_on_fp_color_change	staircase	13	green	left	unaware	1	0
525.236	0.000	trigger_201	201	525236	Trigger-In:201	128	trial_end_completed	staircase	13	green	left	unaware	1	0
526.311	0.000	trigger_101	101	526311	Trigger-In:101	129	trial_start	absent	50	red	left	aware	1	0
526.421	0.000	trigger_11	11	526421	Trigger-In:11	129	fixation_point_on	absent	50	red	left	aware	1	0
527.026	0.000	trigger_21	21	527026	Trigger-In:21	129	grating_on	absent	50	red	left	aware	1	0
527.081	0.000	trigger_20	20	527081	Trigger-In:20	129	grating_off	absent	50	red	left	aware	1	0
527.686	0.000	trigger_31	31	527686	Trigger-In:31	129	targets_on_fp_color_change	absent	50	red	left	aware	1	0
528.381	0.000	trigger_201	201	528381	Trigger-In:201	129	trial_end_completed	absent	50	red	left	aware	1	0
529.456	0.000	trigger_101	101	529456	Trigger-In:101	130	trial_start	staircase	14	green	right	aware	1	0
529.571	0.000	trigger_11	11	529571	Trigger-In:11	130	fixation_point_on	staircase	14	green	right	aware	1	0
530.171	0.000	trigger_21	21	530171	Trigger-In:21	130	grating_on	staircase	14	green	right	aware	1	0
530.231	0.000	trigger_20	20	530231	Trigger-In:20	130	grating_off	staircase	14	green	right	aware	1	0
530.831	0.000	trigger_31	31	530831	Trigger-In:31	130	targets_on_fp_color_change	staircase	14	green	right	aware	1	0
531.776	0.000	trigger_201	201	531776	Trigger-In:201	130	trial_end_completed	staircase	14	green	right	aware	1	0
532.851	0.000	trigger_101	101	532851	Trigger-In:101	131	trial_start	absent	50	green	right	aware	1	0
532.956	0.000	trigger_11	11	532956	Trigger-In:11	131	fixation_point_on	absent	50	green	right	aware	1	0
533.561	0.000	trigger_21	21	533561	Trigger-In:21	131	grating_on	absent	50	green	right	aware	1	0
533.616	0.000	trigger_20	20	533616	Trigger-In:20	131	grating_off	absent	50	green	right	aware	1	0
534.221	0.000	trigger_31	31	534221	Trigger-In:31	131	targets_on_fp_color_change	absent	50	green	right	aware	1	0
534.931	0.000	trigger_201	201	534931	Trigger-In:201	131	trial_end_completed	absent	50	green	right	aware	1	0
536.006	0.000	trigger_101	101	536006	Trigger-In:101	132	trial_start	staircase	13	green	right	aware	1	0
536.111	0.000	trigger_11	11	536111	Trigger-In:11	132	fixation_point_on	staircase	13	green	right	aware	1	0
536.716	0.000	trigger_21	21	536716	Trigger-In:21	132	grating_on	staircase	13	green	right	aware	1	0
536.771	0.000	trigger_20	20	536771	Trigger-In:20	132	grating_off	staircase	13	green	right	aware	1	0
537.376	0.000	trigger_31	31	537376	Trigger-In:31	132	targets_on_fp_color_change	staircase	13	green	right	aware	1	0
538.276	0.000	trigger_201	201	538276	Trigger-In:201	132	trial_end_completed	staircase	13	green	right	aware	1	0
539.351	0.000	trigger_101	101	539351	Trigger-In:101	133	trial_start	staircase	12	green	right	aware	1	0
539.456	0.000	trigger_11	11	539456	Trigger-In:11	133	fixation_point_on	staircase	12	green	right	aware	1	0
540.061	0.000	trigger_21	21	540061	Trigger-In:21	133	grating_on	staircase	12	green	right	aware	1	0
540.116	0.000	trigger_20	20	540116	Trigger-In:20	133	grating_off	staircase	12	green	right	aware	1	0
540.721	0.000	trigger_31	31	540721	Trigger-In:31	133	targets_on_fp_color_change	staircase	12	green	right	aware	1	0
541.416	0.000	trigger_201	201	541416	Trigger-In:201	133	trial_end_completed	staircase	12	green	right	aware	1	0
542.491	0.000	trigger_101	101	542491	Trigger-In:101	134	trial_start	staircase	11	green	left	unaware	1	0
542.596	0.000	trigger_11	11	542596	Trigger-In:11	134	fixation_point_on	staircase	11	green	left	unaware	1	0
543.201	0.000	trigger_21	21	543201	Trigger-In:21	134	grating_on	staircase	11	green	left	unaware	1	0
543.256	0.000	trigger_20	20	543256	Trigger-In:20	134	grating_off	staircase	11	green	left	unaware	1	0
543.861	0.000	trigger_31	31	543861	Trigger-In:31	134	targets_on_fp_color_change	staircase	11	green	left	unaware	1	0
544.836	0.000	trigger_201	201	544836	Trigger-In:201	134	trial_end_completed	staircase	11	green	left	unaware	1	0
545.906	0.000	trigger_101	101	545906	Trigger-In:101	135	trial_start	staircase	12	green	left	unaware	1	0
546.011	0.000	trigger_11	11	546011	Trigger-In:11	135	fixation_point_on	staircase	12	green	left	unaware	1	0
546.616	0.000	trigger_21	21	546616	Trigger-In:21	135	grating_on	staircase	12	green	left	unaware	1	0
546.671	0.000	trigger_20	20	546671	Trigger-In:20	135	grating_off	staircase	12	green	left	unaware	1	0
547.276	0.000	trigger_31	31	547276	Trigger-In:31	135	targets_on_fp_color_change	staircase	12	green	left	unaware	1	0
548.066	0.000	trigger_201	201	548066	Trigger-In:201	135	trial_end_completed	staircase	12	green	left	unaware	1	0
549.146	0.000	trigger_101	101	549146	Trigger-In:101	136	trial_start	staircase	13	red	right	unaware	1	0
549.251	0.000	trigger_11	11	549251	Trigger-In:11	136	fixation_point_on	staircase	13	red	right	unaware	1	0
549.851	0.000	trigger_21	21	549851	Trigger-In:21	136	grating_on	staircase	13	red	right	unaware	1	0
549.906	0.000	trigger_20	20	549906	Trigger-In:20	136	grating_off	staircase	13	red	right	unaware	1	0
550.511	0.000	trigger_31	31	550511	Trigger-In:31	136	targets_on_fp_color_change	staircase	13	red	right	unaware	1	0
551.391	0.000	trigger_201	201	551391	Trigger-In:201	136	trial_end_completed	staircase	13	red	right	unaware	1	0
552.471	0.000	trigger_101	101	552471	Trigger-In:101	137	trial_start	staircase	14	red	right	unaware	1	0
552.576	0.000	trigger_11	11	552576	Trigger-In:11	137	fixation_point_on	staircase	14	red	right	unaware	1	0
553.181	0.000	trigger_21	21	553181	Trigger-In:21	137	grating_on	staircase	14	red	right	unaware	1	0
553.236	0.000	trigger_20	20	553236	Trigger-In:20	137	grating_off	staircase	14	red	right	unaware	1	0
553.841	0.000	trigger_31	31	553841	Trigger-In:31	137	targets_on_fp_color_change	staircase	14	red	right	unaware	1	0
554.511	0.000	trigger_201	201	554511	Trigger-In:201	137	trial_end_completed	staircase	14	red	right	unaware	1	0
555.591	0.000	trigger_101	101	555591	Trigger-In:101	138	trial_start	absent	50	red	left	aware	1	0
555.691	0.000	trigger_11	11	555691	Trigger-In:11	138	fixation_point_on	absent	50	red	left	aware	1	0
556.296	0.000	trigger_21	21	556296	Trigger-In:21	138	grating_on	absent	50	red	left	aware	1	0
556.351	0.000	trigger_20	20	556351	Trigger-In:20	138	grating_off	absent	50	red	left	aware	1	0
556.956	0.000	trigger_31	31	556956	Trigger-In:31	138	targets_on_fp_color_change	absent	50	red	left	aware	1	0
557.566	0.000	trigger_201	201	557566	Trigger-In:201	138	trial_end_completed	absent	50	red	left	aware	1	0
558.636	0.000	trigger_101	101	558636	Trigger-In:101	139	trial_start	staircase	15	green	right	aware	1	0
558.741	0.000	trigger_11	11	558741	Trigger-In:11	139	fixation_point_on	staircase	15	green	right	aware	1	0
559.346	0.000	trigger_21	21	559346	Trigger-In:21	139	grating_on	staircase	15	green	right	aware	1	0
559.401	0.000	trigger_20	20	559401	Trigger-In:20	139	grating_off	staircase	15	green	right	aware	1	0
560.006	0.000	trigger_31	31	560006	Trigger-In:31	139	targets_on_fp_color_change	staircase	15	green	right	aware	1	0
561.021	0.000	trigger_201	201	561021	Trigger-In:201	139	trial_end_completed	staircase	15	green	right	aware	1	0
562.096	0.000	trigger_101	101	562096	Trigger-In:101	140	trial_start	staircase	14	red	left	aware	1	0
562.201	0.000	trigger_11	11	562201	Trigger-In:11	140	fixation_point_on	staircase	14	red	left	aware	1	0
562.806	0.000	trigger_21	21	562806	Trigger-In:21	140	grating_on	staircase	14	red	left	aware	1	0
562.861	0.000	trigger_20	20	562861	Trigger-In:20	140	grating_off	staircase	14	red	left	aware	1	0
563.461	0.000	trigger_31	31	563461	Trigger-In:31	140	targets_on_fp_color_change	staircase	14	red	left	aware	1	0
564.126	0.000	trigger_201	201	564126	Trigger-In:201	140	trial_end_completed	staircase	14	red	left	aware	1	0
565.206	0.000	trigger_101	101	565206	Trigger-In:101	141	trial_start	staircase	13	green	right	aware	1	0
565.311	0.000	trigger_11	11	565311	Trigger-In:11	141	fixation_point_on	staircase	13	green	right	aware	1	0
565.916	0.000	trigger_21	21	565916	Trigger-In:21	141	grating_on	staircase	13	green	right	aware	1	0
565.971	0.000	trigger_20	20	565971	Trigger-In:20	141	grating_off	staircase	13	green	right	aware	1	0
566.571	0.000	trigger_31	31	566571	Trigger-In:31	141	targets_on_fp_color_change	staircase	13	green	right	aware	1	0
567.541	0.000	trigger_201	201	567541	Trigger-In:201	141	trial_end_completed	staircase	13	green	right	aware	1	0
568.616	0.000	trigger_101	101	568616	Trigger-In:101	142	trial_start	staircase	12	red	right	unaware	1	0
568.721	0.000	trigger_11	11	568721	Trigger-In:11	142	fixation_point_on	staircase	12	red	right	unaware	1	0
569.321	0.000	trigger_21	21	569321	Trigger-In:21	142	grating_on	staircase	12	red	right	unaware	1	0
569.381	0.000	trigger_20	20	569381	Trigger-In:20	142	grating_off	staircase	12	red	right	unaware	1	0
569.981	0.000	trigger_31	31	569981	Trigger-In:31	142	targets_on_fp_color_change	staircase	12	red	right	unaware	1	0
571.461	0.000	trigger_201	201	571461	Trigger-In:201	142	trial_end_completed	staircase	12	red	right	unaware	1	0
572.536	0.000	trigger_101	101	572536	Trigger-In:101	143	trial_start	staircase	13	green	left	unaware	1	0
572.641	0.000	trigger_11	11	572641	Trigger-In:11	143	fixation_point_on	staircase	13	green	left	unaware	1	0
573.246	0.000	trigger_21	21	573246	Trigger-In:21	143	grating_on	staircase	13	green	left	unaware	1	0
573.301	0.000	trigger_20	20	573301	Trigger-In:20	143	grating_off	staircase	13	green	left	unaware	1	0
573.906	0.000	trigger_31	31	573906	Trigger-In:31	143	targets_on_fp_color_change	staircase	13	green	left	unaware	1	0
574.886	0.000	trigger_201	201	574886	Trigger-In:201	143	trial_end_completed	staircase	13	green	left	unaware	1	0
575.961	0.000	trigger_101	101	575961	Trigger-In:101	144	trial_start	staircase	14	green	right	aware	1	0
576.066	0.000	trigger_11	11	576066	Trigger-In:11	144	fixation_point_on	staircase	14	green	right	aware	1	0
576.671	0.000	trigger_21	21	576671	Trigger-In:21	144	grating_on	staircase	14	green	right	aware	1	0
576.726	0.000	trigger_20	20	576726	Trigger-In:20	144	grating_off	staircase	14	green	right	aware	1	0
577.331	0.000	trigger_31	31	577331	Trigger-In:31	144	targets_on_fp_color_change	staircase	14	green	right	aware	1	0
578.121	0.000	trigger_201	201	578121	Trigger-In:201	144	trial_end_completed	staircase	14	green	right	aware	1	0
579.196	0.000	trigger_101	101	579196	Trigger-In:101	145	trial_start	staircase	13	green	left	unaware	1	0
579.301	0.000	trigger_11	11	579301	Trigger-In:11	145	fixation_point_on	staircase	13	green	left	unaware	1	0
579.906	0.000	trigger_21	21	579906	Trigger-In:21	145	grating_on	staircase	13	green	left	unaware	1	0
579.961	0.000	trigger_20	20	579961	Trigger-In:20	145	grating_off	staircase	13	green	left	unaware	1	0
580.566	0.000	trigger_31	31	580566	Trigger-In:31	145	targets_on_fp_color_change	staircase	13	green	left	unaware	1	0
581.456	0.000	trigger_201	201	581456	Trigger-In:201	145	trial_end_completed	staircase	13	green	left	unaware	1	0
582.531	0.000	trigger_101	101	582531	Trigger-In:101	146	trial_start	staircase	14	red	right	unaware	1	0
582.641	0.000	trigger_11	11	582641	Trigger-In:11	146	fixation_point_on	staircase	14	red	right	unaware	1	0
583.246	0.000	trigger_21	21	583246	Trigger-In:21	146	grating_on	staircase	14	red	right	unaware	1	0
583.301	0.000	trigger_20	20	583301	Trigger-In:20	146	grating_off	staircase	14	red	right	unaware	1	0
583.906	0.000	trigger_31	31	583906	Trigger-In:31	146	targets_on_fp_color_change	staircase	14	red	right	unaware	1	0
585.446	0.000	trigger_201	201	585446	Trigger-In:201	146	trial_end_completed	staircase	14	red	right	unaware	1	0
586.516	0.000	trigger_101	101	586516	Trigger-In:101	147	trial_start	staircase	15	red	right	unaware	1	0
586.621	0.000	trigger_11	11	586621	Trigger-In:11	147	fixation_point_on	staircase	15	red	right	unaware	1	0
587.226	0.000	trigger_21	21	587226	Trigger-In:21	147	grating_on	staircase	15	red	right	unaware	1	0
587.281	0.000	trigger_20	20	587281	Trigger-In:20	147	grating_off	staircase	15	red	right	unaware	1	0
587.886	0.000	trigger_31	31	587886	Trigger-In:31	147	targets_on_fp_color_change	staircase	15	red	right	unaware	1	0
588.766	0.000	trigger_201	201	588766	Trigger-In:201	147	trial_end_completed	staircase	15	red	right	unaware	1	0
589.841	0.000	trigger_101	101	589841	Trigger-In:101	148	trial_start	staircase	16	green	right	aware	1	0
589.956	0.000	trigger_11	11	589956	Trigger-In:11	148	fixation_point_on	staircase	16	green	right	aware	1	0
590.556	0.000	trigger_21	21	590556	Trigger-In:21	148	grating_on	staircase	16	green	right	aware	1	0
590.616	0.000	trigger_20	20	590616	Trigger-In:20	148	grating_off	staircase	16	green	right	aware	1	0
591.216	0.000	trigger_31	31	591216	Trigger-In:31	148	targets_on_fp_color_change	staircase	16	green	right	aware	1	0
592.006	0.000	trigger_201	201	592006	Trigger-In:201	148	trial_end_completed	staircase	16	green	right	aware	1	0
593.081	0.000	trigger_101	101	593081	Trigger-In:101	149	trial_start	staircase	15	red	n/a	n/a	0	1
593.181	0.000	trigger_11	11	593181	Trigger-In:11	149	fixation_point_on	staircase	15	red	n/a	n/a	0	1
593.466	0.000	trigger_204	204	593466	Trigger-In:204	149	trial_end_fixation_break	staircase	15	red	n/a	n/a	0	1
595.191	0.000	trigger_101	101	595191	Trigger-In:101	150	trial_start	staircase	15	green	right	aware	1	0
595.296	0.000	trigger_11	11	595296	Trigger-In:11	150	fixation_point_on	staircase	15	green	right	aware	1	0
595.901	0.000	trigger_21	21	595901	Trigger-In:21	150	grating_on	staircase	15	green	right	aware	1	0
595.956	0.000	trigger_20	20	595956	Trigger-In:20	150	grating_off	staircase	15	green	right	aware	1	0
596.556	0.000	trigger_31	31	596556	Trigger-In:31	150	targets_on_fp_color_change	staircase	15	green	right	aware	1	0
597.341	0.000	trigger_201	201	597341	Trigger-In:201	150	trial_end_completed	staircase	15	green	right	aware	1	0
598.411	0.000	trigger_101	101	598411	Trigger-In:101	151	trial_start	staircase	14	green	right	aware	1	0
598.526	0.000	trigger_11	11	598526	Trigger-In:11	151	fixation_point_on	staircase	14	green	right	aware	1	0
599.126	0.000	trigger_21	21	599126	Trigger-In:21	151	grating_on	staircase	14	green	right	aware	1	0
599.181	0.000	trigger_20	20	599181	Trigger-In:20	151	grating_off	staircase	14	green	right	aware	1	0
599.786	0.000	trigger_31	31	599786	Trigger-In:31	151	targets_on_fp_color_change	staircase	14	green	right	aware	1	0
600.646	0.000	trigger_201	201	600646	Trigger-In:201	151	trial_end_completed	staircase	14	green	right	aware	1	0
601.726	0.000	trigger_101	101	601726	Trigger-In:101	152	trial_start	staircase	13	green	left	unaware	1	0
601.831	0.000	trigger_11	11	601831	Trigger-In:11	152	fixation_point_on	staircase	13	green	left	unaware	1	0
602.431	0.000	trigger_21	21	602431	Trigger-In:21	152	grating_on	staircase	13	green	left	unaware	1	0
602.491	0.000	trigger_20	20	602491	Trigger-In:20	152	grating_off	staircase	13	green	left	unaware	1	0
603.091	0.000	trigger_31	31	603091	Trigger-In:31	152	targets_on_fp_color_change	staircase	13	green	left	unaware	1	0
604.366	0.000	trigger_201	201	604366	Trigger-In:201	152	trial_end_completed	staircase	13	green	left	unaware	1	0
605.441	0.000	trigger_101	101	605441	Trigger-In:101	153	trial_start	staircase	14	red	left	aware	1	0
605.546	0.000	trigger_11	11	605546	Trigger-In:11	153	fixation_point_on	staircase	14	red	left	aware	1	0
606.146	0.000	trigger_21	21	606146	Trigger-In:21	153	grating_on	staircase	14	red	left	aware	1	0
606.206	0.000	trigger_20	20	606206	Trigger-In:20	153	grating_off	staircase	14	red	left	aware	1	0
606.806	0.000	trigger_31	31	606806	Trigger-In:31	153	targets_on_fp_color_change	staircase	14	red	left	aware	1	0
607.516	0.000	trigger_201	201	607516	Trigger-In:201	153	trial_end_completed	staircase	14	red	left	aware	1	0
608.591	0.000	trigger_101	101	608591	Trigger-In:101	154	trial_start	staircase	13	red	left	aware	1	0
608.706	0.000	trigger_11	11	608706	Trigger-In:11	154	fixation_point_on	staircase	13	red	left	aware	1	0
609.306	0.000	trigger_21	21	609306	Trigger-In:21	154	grating_on	staircase	13	red	left	aware	1	0
609.361	0.000	trigger_20	20	609361	Trigger-In:20	154	grating_off	staircase	13	red	left	aware	1	0
609.966	0.000	trigger_31	31	609966	Trigger-In:31	154	targets_on_fp_color_change	staircase	13	red	left	aware	1	0
611.116	0.000	trigger_201	201	611116	Trigger-In:201	154	trial_end_completed	staircase	13	red	left	aware	1	0
612.196	0.000	trigger_101	101	612196	Trigger-In:101	155	trial_start	staircase	12	red	right	unaware	1	0
612.301	0.000	trigger_11	11	612301	Trigger-In:11	155	fixation_point_on	staircase	12	red	right	unaware	1	0
612.906	0.000	trigger_21	21	612906	Trigger-In:21	155	grating_on	staircase	12	red	right	unaware	1	0
612.961	0.000	trigger_20	20	612961	Trigger-In:20	155	grating_off	staircase	12	red	right	unaware	1	0
613.566	0.000	trigger_31	31	613566	Trigger-In:31	155	targets_on_fp_color_change	staircase	12	red	right	unaware	1	0
614.481	0.000	trigger_201	201	614481	Trigger-In:201	155	trial_end_completed	staircase	12	red	right	unaware	1	0
615.551	0.000	trigger_101	101	615551	Trigger-In:101	156	trial_start	staircase	13	green	left	unaware	1	0
615.656	0.000	trigger_11	11	615656	Trigger-In:11	156	fixation_point_on	staircase	13	green	left	unaware	1	0
616.261	0.000	trigger_21	21	616261	Trigger-In:21	156	grating_on	staircase	13	green	left	unaware	1	0
616.316	0.000	trigger_20	20	616316	Trigger-In:20	156	grating_off	staircase	13	green	left	unaware	1	0
616.921	0.000	trigger_31	31	616921	Trigger-In:31	156	targets_on_fp_color_change	staircase	13	green	left	unaware	1	0
617.966	0.000	trigger_201	201	617966	Trigger-In:201	156	trial_end_completed	staircase	13	green	left	unaware	1	0
619.046	0.000	trigger_101	101	619046	Trigger-In:101	157	trial_start	staircase	14	red	left	aware	1	0
619.146	0.000	trigger_11	11	619146	Trigger-In:11	157	fixation_point_on	staircase	14	red	left	aware	1	0
619.751	0.000	trigger_21	21	619751	Trigger-In:21	157	grating_on	staircase	14	red	left	aware	1	0
619.806	0.000	trigger_20	20	619806	Trigger-In:20	157	grating_off	staircase	14	red	left	aware	1	0
620.411	0.000	trigger_31	31	620411	Trigger-In:31	157	targets_on_fp_color_change	staircase	14	red	left	aware	1	0
621.061	0.000	trigger_201	201	621061	Trigger-In:201	157	trial_end_completed	staircase	14	red	left	aware	1	0
622.141	0.000	trigger_101	101	622141	Trigger-In:101	158	trial_start	staircase	13	red	right	unaware	1	0
622.256	0.000	trigger_11	11	622256	Trigger-In:11	158	fixation_point_on	staircase	13	red	right	unaware	1	0
622.861	0.000	trigger_21	21	622861	Trigger-In:21	158	grating_on	staircase	13	red	right	unaware	1	0
622.916	0.000	trigger_20	20	622916	Trigger-In:20	158	grating_off	staircase	13	red	right	unaware	1	0
623.521	0.000	trigger_31	31	623521	Trigger-In:31	158	targets_on_fp_color_change	staircase	13	red	right	unaware	1	0
624.546	0.000	trigger_201	201	624546	Trigger-In:201	158	trial_end_completed	staircase	13	red	right	unaware	1	0
625.621	0.000	trigger_101	101	625621	Trigger-In:101	159	trial_start	staircase	14	green	left	unaware	1	0
625.721	0.000	trigger_11	11	625721	Trigger-In:11	159	fixation_point_on	staircase	14	green	left	unaware	1	0
626.326	0.000	trigger_21	21	626326	Trigger-In:21	159	grating_on	staircase	14	green	left	unaware	1	0
626.381	0.000	trigger_20	20	626381	Trigger-In:20	159	grating_off	staircase	14	green	left	unaware	1	0
626.986	0.000	trigger_31	31	626986	Trigger-In:31	159	targets_on_fp_color_change	staircase	14	green	left	unaware	1	0
628.221	0.000	trigger_201	201	628221	Trigger-In:201	159	trial_end_completed	staircase	14	green	left	unaware	1	0
629.301	0.000	trigger_101	101	629301	Trigger-In:101	160	trial_start	staircase	15	red	left	aware	1	0
629.401	0.000	trigger_11	11	629401	Trigger-In:11	160	fixation_point_on	staircase	15	red	left	aware	1	0
630.006	0.000	trigger_21	21	630006	Trigger-In:21	160	grating_on	staircase	15	red	left	aware	1	0
630.061	0.000	trigger_20	20	630061	Trigger-In:20	160	grating_off	staircase	15	red	left	aware	1	0
630.666	0.000	trigger_31	31	630666	Trigger-In:31	160	targets_on_fp_color_change	staircase	15	red	left	aware	1	0
631.446	0.000	trigger_201	201	631446	Trigger-In:201	160	trial_end_completed	staircase	15	red	left	aware	1	0
632.521	0.000	trigger_101	101	632521	Trigger-In:101	161	trial_start	staircase	14	red	left	aware	1	0
632.631	0.000	trigger_11	11	632631	Trigger-In:11	161	fixation_point_on	staircase	14	red	left	aware	1	0
633.236	0.000	trigger_21	21	633236	Trigger-In:21	161	grating_on	staircase	14	red	left	aware	1	0
633.291	0.000	trigger_20	20	633291	Trigger-In:20	161	grating_off	staircase	14	red	left	aware	1	0
633.896	0.000	trigger_31	31	633896	Trigger-In:31	161	targets_on_fp_color_change	staircase	14	red	left	aware	1	0
634.521	0.000	trigger_201	201	634521	Trigger-In:201	161	trial_end_completed	staircase	14	red	left	aware	1	0
635.596	0.000	trigger_101	101	635596	Trigger-In:101	162	trial_start	staircase	13	green	right	aware	1	0
635.701	0.000	trigger_11	11	635701	Trigger-In:11	162	fixation_point_on	staircase	13	green	right	aware	1	0
636.306	0.000	trigger_21	21	636306	Trigger-In:21	162	grating_on	staircase	13	green	right	aware	1	0
636.361	0.000	trigger_20	20	636361	Trigger-In:20	162	grating_off	staircase	13	green	right	aware	1	0
636.966	0.000	trigger_31	31	636966	Trigger-In:31	162	targets_on_fp_color_change	staircase	13	green	right	aware	1	0
638.286	0.000	trigger_201	201	638286	Trigger-In:201	162	trial_end_completed	staircase	13	green	right	aware	1	0
639.361	0.000	trigger_101	101	639361	Trigger-In:101	163	trial_start	staircase	12	green	left	unaware	1	0
639.466	0.000	trigger_11	11	639466	Trigger-In:11	163	fixation_point_on	staircase	12	green	left	unaware	1	0
640.071	0.000	trigger_21	21	640071	Trigger-In:21	163	grating_on	staircase	12	green	left	unaware	1	0
640.126	0.000	trigger_20	20	640126	Trigger-In:20	163	grating_off	staircase	12	green	left	unaware	1	0
640.731	0.000	trigger_31	31	640731	Trigger-In:31	163	targets_on_fp_color_change	staircase	12	green	left	unaware	1	0
641.526	0.000	trigger_201	201	641526	Trigger-In:201	163	trial_end_completed	staircase	12	green	left	unaware	1	0
642.606	0.000	trigger_101	101	642606	Trigger-In:101	164	trial_start	staircase	13	green	left	unaware	1	0
642.706	0.000	trigger_11	11	642706	Trigger-In:11	164	fixation_point_on	staircase	13	green	left	unaware	1	0
643.311	0.000	trigger_21	21	643311	Trigger-In:21	164	grating_on	staircase	13	green	left	unaware	1	0
643.366	0.000	trigger_20	20	643366	Trigger-In:20	164	grating_off	staircase	13	green	left	unaware	1	0
643.971	0.000	trigger_31	31	643971	Trigger-In:31	164	targets_on_fp_color_change	staircase	13	green	left	unaware	1	0
644.961	0.000	trigger_201	201	644961	Trigger-In:201	164	trial_end_completed	staircase	13	green	left	unaware	1	0
646.036	0.000	trigger_101	101	646036	Trigger-In:101	165	trial_start	staircase	14	green	left	unaware	1	0
646.141	0.000	trigger_11	11	646141	Trigger-In:11	165	fixation_point_on	staircase	14	green	left	unaware	1	0
646.741	0.000	trigger_21	21	646741	Trigger-In:21	165	grating_on	staircase	14	green	left	unaware	1	0
646.801	0.000	trigger_20	20	646801	Trigger-In:20	165	grating_off	staircase	14	green	left	unaware	1	0
647.401	0.000	trigger_31	31	647401	Trigger-In:31	165	targets_on_fp_color_change	staircase	14	green	left	unaware	1	0
648.391	0.000	trigger_201	201	648391	Trigger-In:201	165	trial_end_completed	staircase	14	green	left	unaware	1	0
649.466	0.000	trigger_101	101	649466	Trigger-In:101	166	trial_start	salient	0	green	left	unaware	1	0
649.571	0.000	trigger_11	11	649571	Trigger-In:11	166	fixation_point_on	salient	0	green	left	unaware	1	0
650.171	0.000	trigger_21	21	650171	Trigger-In:21	166	grating_on	salient	0	green	left	unaware	1	0
650.231	0.000	trigger_20	20	650231	Trigger-In:20	166	grating_off	salient	0	green	left	unaware	1	0
650.831	0.000	trigger_31	31	650831	Trigger-In:31	166	targets_on_fp_color_change	salient	0	green	left	unaware	1	0
651.716	0.000	trigger_201	201	651716	Trigger-In:201	166	trial_end_completed	salient	0	green	left	unaware	1	0
652.791	0.000	trigger_101	101	652791	Trigger-In:101	167	trial_start	staircase	15	red	right	unaware	1	0
652.896	0.000	trigger_11	11	652896	Trigger-In:11	167	fixation_point_on	staircase	15	red	right	unaware	1	0
653.501	0.000	trigger_21	21	653501	Trigger-In:21	167	grating_on	staircase	15	red	right	unaware	1	0
653.556	0.000	trigger_20	20	653556	Trigger-In:20	167	grating_off	staircase	15	red	right	unaware	1	0
654.161	0.000	trigger_31	31	654161	Trigger-In:31	167	targets_on_fp_color_change	staircase	15	red	right	unaware	1	0
655.216	0.000	trigger_201	201	655216	Trigger-In:201	167	trial_end_completed	staircase	15	red	right	unaware	1	0
656.291	0.000	trigger_101	101	656291	Trigger-In:101	168	trial_start	staircase	16	red	left	aware	1	0
656.401	0.000	trigger_11	11	656401	Trigger-In:11	168	fixation_point_on	staircase	16	red	left	aware	1	0
657.006	0.000	trigger_21	21	657006	Trigger-In:21	168	grating_on	staircase	16	red	left	aware	1	0
657.061	0.000	trigger_20	20	657061	Trigger-In:20	168	grating_off	staircase	16	red	left	aware	1	0
657.666	0.000	trigger_31	31	657666	Trigger-In:31	168	targets_on_fp_color_change	staircase	16	red	left	aware	1	0
658.571	0.000	trigger_201	201	658571	Trigger-In:201	168	trial_end_completed	staircase	16	red	left	aware	1	0
659.646	0.000	trigger_101	101	659646	Trigger-In:101	169	trial_start	staircase	15	red	right	unaware	1	0
659.751	0.000	trigger_11	11	659751	Trigger-In:11	169	fixation_point_on	staircase	15	red	right	unaware	1	0
660.351	0.000	trigger_21	21	660351	Trigger-In:21	169	grating_on	staircase	15	red	right	unaware	1	0
660.411	0.000	trigger_20	20	660411	Trigger-In:20	169	grating_off	staircase	15	red	right	unaware	1	0
661.011	0.000	trigger_31	31	661011	Trigger-In:31	169	targets_on_fp_color_change	staircase	15	red	right	unaware	1	0
661.961	0.000	trigger_201	201	661961	Trigger-In:201	169	trial_end_completed	staircase	15	red	right	unaware	1	0
663.036	0.000	trigger_101	101	663036	Trigger-In:101	170	trial_start	staircase	16	green	right	aware	1	0
663.136	0.000	trigger_11	11	663136	Trigger-In:11	170	fixation_point_on	staircase	16	green	right	aware	1	0
663.741	0.000	trigger_21	21	663741	Trigger-In:21	170	grating_on	staircase	16	green	right	aware	1	0
663.796	0.000	trigger_20	20	663796	Trigger-In:20	170	grating_off	staircase	16	green	right	aware	1	0
664.401	0.000	trigger_31	31	664401	Trigger-In:31	170	targets_on_fp_color_change	staircase	16	green	right	aware	1	0
665.291	0.000	trigger_201	201	665291	Trigger-In:201	170	trial_end_completed	staircase	16	green	right	aware	1	0
666.366	0.000	trigger_101	101	666366	Trigger-In:101	171	trial_start	absent	50	red	left	aware	1	0
666.471	0.000	trigger_11	11	666471	Trigger-In:11	171	fixation_point_on	absent	50	red	left	aware	1	0
667.076	0.000	trigger_21	21	667076	Trigger-In:21	171	grating_on	absent	50	red	left	aware	1	0
667.131	0.000	trigger_20	20	667131	Trigger-In:20	171	grating_off	absent	50	red	left	aware	1	0
667.736	0.000	trigger_31	31	667736	Trigger-In:31	171	targets_on_fp_color_change	absent	50	red	left	aware	1	0
668.366	0.000	trigger_201	201	668366	Trigger-In:201	171	trial_end_completed	absent	50	red	left	aware	1	0
669.441	0.000	trigger_101	101	669441	Trigger-In:101	172	trial_start	salient	0	green	left	unaware	1	0
669.546	0.000	trigger_11	11	669546	Trigger-In:11	172	fixation_point_on	salient	0	green	left	unaware	1	0
670.151	0.000	trigger_21	21	670151	Trigger-In:21	172	grating_on	salient	0	green	left	unaware	1	0
670.206	0.000	trigger_20	20	670206	Trigger-In:20	172	grating_off	salient	0	green	left	unaware	1	0
670.811	0.000	trigger_31	31	670811	Trigger-In:31	172	targets_on_fp_color_change	salient	0	green	left	unaware	1	0
671.816	0.000	trigger_201	201	671816	Trigger-In:201	172	trial_end_completed	salient	0	green	left	unaware	1	0
672.886	0.000	trigger_101	101	672886	Trigger-In:101	173	trial_start	staircase	15	green	right	aware	1	0
672.991	0.000	trigger_11	11	672991	Trigger-In:11	173	fixation_point_on	staircase	15	green	right	aware	1	0
673.596	0.000	trigger_21	21	673596	Trigger-In:21	173	grating_on	staircase	15	green	right	aware	1	0
673.651	0.000	trigger_20	20	673651	Trigger-In:20	173	grating_off	staircase	15	green	right	aware	1	0
674.256	0.000	trigger_31	31	674256	Trigger-In:31	173	targets_on_fp_color_change	staircase	15	green	right	aware	1	0
675.066	0.000	trigger_201	201	675066	Trigger-In:201	173	trial_end_completed	staircase	15	green	right	aware	1	0
676.146	0.000	trigger_101	101	676146	Trigger-In:101	174	trial_start	staircase	14	green	right	aware	1	0
676.246	0.000	trigger_11	11	676246	Trigger-In:11	174	fixation_point_on	staircase	14	green	right	aware	1	0
676.851	0.000	trigger_21	21	676851	Trigger-In:21	174	grating_on	staircase	14	green	right	aware	1	0
676.906	0.000	trigger_20	20	676906	Trigger-In:20	174	grating_off	staircase	14	green	right	aware	1	0
677.511	0.000	trigger_31	31	677511	Trigger-In:31	174	targets_on_fp_color_change	staircase	14	green	right	aware	1	0
678.186	0.000	trigger_201	201	678186	Trigger-In:201	174	trial_end_completed	staircase	14	green	right	aware	1	0
679.261	0.000	trigger_101	101	679261	Trigger-In:101	175	trial_start	staircase	13	green	right	aware	1	0
679.366	0.000	trigger_11	11	679366	Trigger-In:11	175	fixation_point_on	staircase	13	green	right	aware	1	0
679.971	0.000	trigger_21	21	679971	Trigger-In:21	175	grating_on	staircase	13	green	right	aware	1	0
680.026	0.000	trigger_20	20	680026	Trigger-In:20	175	grating_off	staircase	13	green	right	aware	1	0
680.631	0.000	trigger_31	31	680631	Trigger-In:31	175	targets_on_fp_color_change	staircase	13	green	right	aware	1	0
681.241	0.000	trigger_201	201	681241	Trigger-In:201	175	trial_end_completed	staircase	13	green	right	aware	1	0
682.316	0.000	trigger_101	101	682316	Trigger-In:101	176	trial_start	staircase	12	green	left	unaware	1	0
682.426	0.000	trigger_11	11	682426	Trigger-In:11	176	fixation_point_on	staircase	12	green	left	unaware	1	0
683.031	0.000	trigger_21	21	683031	Trigger-In:21	176	grating_on	staircase	12	green	left	unaware	1	0
683.086	0.000	trigger_20	20	683086	Trigger-In:20	176	grating_off	staircase	12	green	left	unaware	1	0
683.691	0.000	trigger_31	31	683691	Trigger-In:31	176	targets_on_fp_color_change	staircase	12	green	left	unaware	1	0
684.776	0.000	trigger_201	201	684776	Trigger-In:201	176	trial_end_completed	staircase	12	green	left	unaware	1	0
685.851	0.000	trigger_101	101	685851	Trigger-In:101	177	trial_start	absent	50	red	left	aware	1	0
685.956	0.000	trigger_11	11	685956	Trigger-In:11	177	fixation_point_on	absent	50	red	left	aware	1	0
686.561	0.000	trigger_21	21	686561	Trigger-In:21	177	grating_on	absent	50	red	left	aware	1	0
686.616	0.000	trigger_20	20	686616	Trigger-In:20	177	grating_off	absent	50	red	left	aware	1	0
687.221	0.000	trigger_31	31	687221	Trigger-In:31	177	targets_on_fp_color_change	absent	50	red	left	aware	1	0
687.866	0.000	trigger_201	201	687866	Trigger-In:201	177	trial_end_completed	absent	50	red	left	aware	1	0
688.941	0.000	trigger_101	101	688941	Trigger-In:101	178	trial_start	salient	0	green	right	aware	1	0
689.046	0.000	trigger_11	11	689046	Trigger-In:11	178	fixation_point_on	salient	0	green	right	aware	1	0
689.651	0.000	trigger_21	21	689651	Trigger-In:21	178	grating_on	salient	0	green	right	aware	1	0
689.706	0.000	trigger_20	20	689706	Trigger-In:20	178	grating_off	salient	0	green	right	aware	1	0
690.311	0.000	trigger_31	31	690311	Trigger-In:31	178	targets_on_fp_color_change	salient	0	green	right	aware	1	0
691.336	0.000	trigger_201	201	691336	Trigger-In:201	178	trial_end_completed	salient	0	green	right	aware	1	0
692.671	0.000	trigger_101	101	692671	Trigger-In:101	179	trial_start	staircase	13	green	left	unaware	1	0
692.776	0.000	trigger_11	11	692776	Trigger-In:11	179	fixation_point_on	staircase	13	green	left	unaware	1	0
693.381	0.000	trigger_21	21	693381	Trigger-In:21	179	grating_on	staircase	13	green	left	unaware	1	0
693.436	0.000	trigger_20	20	693436	Trigger-In:20	179	grating_off	staircase	13	green	left	unaware	1	0
694.041	0.000	trigger_31	31	694041	Trigger-In:31	179	targets_on_fp_color_change	staircase	13	green	left	unaware	1	0
695.056	0.000	trigger_201	201	695056	Trigger-In:201	179	trial_end_completed	staircase	13	green	left	unaware	1	0
696.136	0.000	trigger_101	101	696136	Trigger-In:101	180	trial_start	absent	50	red	left	aware	1	0
696.241	0.000	trigger_11	11	696241	Trigger-In:11	180	fixation_point_on	absent	50	red	left	aware	1	0
696.846	0.000	trigger_21	21	696846	Trigger-In:21	180	grating_on	absent	50	red	left	aware	1	0
696.901	0.000	trigger_20	20	696901	Trigger-In:20	180	grating_off	absent	50	red	left	aware	1	0
697.506	0.000	trigger_31	31	697506	Trigger-In:31	180	targets_on_fp_color_change	absent	50	red	left	aware	1	0
698.101	0.000	trigger_201	201	698101	Trigger-In:201	180	trial_end_completed	absent	50	red	left	aware	1	0
