onset	duration	trial_type	value	sample	source_annotation	trial	event_name	stim_presence	contrast	fp_color	response	awareness	trial_complete	fixation_break
133.225	0.000	trigger_101	101	133225	Trigger-In:101	1	trial_start	n/a	n/a	n/a	n/a	n/a	n/a	n/a
133.330	0.000	trigger_11	11	133330	Trigger-In:11	1	fixation_point_on	n/a	n/a	n/a	n/a	n/a	n/a	n/a
133.935	0.000	trigger_21	21	133935	Trigger-In:21	1	grating_on	n/a	n/a	n/a	n/a	n/a	n/a	n/a
133.995	0.000	trigger_20	20	133995	Trigger-In:20	1	grating_off	n/a	n/a	n/a	n/a	n/a	n/a	n/a
134.595	0.000	trigger_31	31	134595	Trigger-In:31	1	targets_on_fp_color_change	n/a	n/a	n/a	n/a	n/a	n/a	n/a
135.745	0.000	trigger_201	201	135745	Trigger-In:201	1	trial_end_completed	n/a	n/a	n/a	n/a	n/a	n/a	n/a
137.000	0.000	trigger_101	101	137000	Trigger-In:101	2	trial_start	n/a	n/a	n/a	n/a	n/a	n/a	n/a
137.105	0.000	trigger_11	11	137105	Trigger-In:11	2	fixation_point_on	n/a	n/a	n/a	n/a	n/a	n/a	n/a
137.705	0.000	trigger_21	21	137705	Trigger-In:21	2	grating_on	n/a	n/a	n/a	n/a	n/a	n/a	n/a
137.755	0.000	trigger_20	20	137755	Trigger-In:20	2	grating_off	n/a	n/a	n/a	n/a	n/a	n/a	n/a
138.355	0.000	trigger_31	31	138355	Trigger-In:31	2	targets_on_fp_color_change	n/a	n/a	n/a	n/a	n/a	n/a	n/a
138.925	0.000	trigger_201	201	138925	Trigger-In:201	2	trial_end_completed	n/a	n/a	n/a	n/a	n/a	n/a	n/a
139.995	0.000	trigger_101	101	139995	Trigger-In:101	3	trial_start	n/a	n/a	n/a	n/a	n/a	n/a	n/a
140.100	0.000	trigger_11	11	140100	Trigger-In:11	3	fixation_point_on	n/a	n/a	n/a	n/a	n/a	n/a	n/a
140.700	0.000	trigger_21	21	140700	Trigger-In:21	3	grating_on	n/a	n/a	n/a	n/a	n/a	n/a	n/a
140.750	0.000	trigger_20	20	140750	Trigger-In:20	3	grating_off	n/a	n/a	n/a	n/a	n/a	n/a	n/a
141.355	0.000	trigger_31	31	141355	Trigger-In:31	3	targets_on_fp_color_change	n/a	n/a	n/a	n/a	n/a	n/a	n/a
141.985	0.000	trigger_201	201	141985	Trigger-In:201	3	trial_end_completed	n/a	n/a	n/a	n/a	n/a	n/a	n/a
143.055	0.000	trigger_101	101	143055	Trigger-In:101	4	trial_start	n/a	n/a	n/a	n/a	n/a	n/a	n/a
143.160	0.000	trigger_11	11	143160	Trigger-In:11	4	fixation_point_on	n/a	n/a	n/a	n/a	n/a	n/a	n/a
143.760	0.000	trigger_21	21	143760	Trigger-In:21	4	grating_on	n/a	n/a	n/a	n/a	n/a	n/a	n/a
143.810	0.000	trigger_20	20	143810	Trigger-In:20	4	grating_off	n/a	n/a	n/a	n/a	n/a	n/a	n/a
144.410	0.000	trigger_31	31	144410	Trigger-In:31	4	targets_on_fp_color_change	n/a	n/a	n/a	n/a	n/a	n/a	n/a
144.975	0.000	trigger_201	201	144975	Trigger-In:201	4	trial_end_completed	n/a	n/a	n/a	n/a	n/a	n/a	n/a
146.050	0.000	trigger_101	101	146050	Trigger-In:101	5	trial_start	n/a	n/a	n/a	n/a	n/a	n/a	n/a
146.155	0.000	trigger_11	11	146155	Trigger-In:11	5	fixation_point_on	n/a	n/a	n/a	n/a	n/a	n/a	n/a
146.755	0.000	trigger_21	21	146755	Trigger-In:21	5	grating_on	n/a	n/a	n/a	n/a	n/a	n/a	n/a
146.805	0.000	trigger_20	20	146805	Trigger-In:20	5	grating_off	n/a	n/a	n/a	n/a	n/a	n/a	n/a
147.405	0.000	trigger_31	31	147405	Trigger-In:31	5	targets_on_fp_color_change	n/a	n/a	n/a	n/a	n/a	n/a	n/a
148.070	0.000	trigger_201	201	148070	Trigger-In:201	5	trial_end_completed	n/a	n/a	n/a	n/a	n/a	n/a	n/a
149.160	0.000	trigger_101	101	149160	Trigger-In:101	6	trial_start	n/a	n/a	n/a	n/a	n/a	n/a	n/a
149.265	0.000	trigger_11	11	149265	Trigger-In:11	6	fixation_point_on	n/a	n/a	n/a	n/a	n/a	n/a	n/a
149.865	0.000	trigger_21	21	149865	Trigger-In:21	6	grating_on	n/a	n/a	n/a	n/a	n/a	n/a	n/a
149.915	0.000	trigger_20	20	149915	Trigger-In:20	6	grating_off	n/a	n/a	n/a	n/a	n/a	n/a	n/a
150.520	0.000	trigger_31	31	150520	Trigger-In:31	6	targets_on_fp_color_change	n/a	n/a	n/a	n/a	n/a	n/a	n/a
151.365	0.000	trigger_201	201	151365	Trigger-In:201	6	trial_end_completed	n/a	n/a	n/a	n/a	n/a	n/a	n/a
152.435	0.000	trigger_101	101	152435	Trigger-In:101	7	trial_start	n/a	n/a	n/a	n/a	n/a	n/a	n/a
152.540	0.000	trigger_11	11	152540	Trigger-In:11	7	fixation_point_on	n/a	n/a	n/a	n/a	n/a	n/a	n/a
153.140	0.000	trigger_21	21	153140	Trigger-In:21	7	grating_on	n/a	n/a	n/a	n/a	n/a	n/a	n/a
153.190	0.000	trigger_20	20	153190	Trigger-In:20	7	grating_off	n/a	n/a	n/a	n/a	n/a	n/a	n/a
153.790	0.000	trigger_31	31	153790	Trigger-In:31	7	targets_on_fp_color_change	n/a	n/a	n/a	n/a	n/a	n/a	n/a
154.340	0.000	trigger_201	201	154340	Trigger-In:201	7	trial_end_completed	n/a	n/a	n/a	n/a	n/a	n/a	n/a
155.420	0.000	trigger_101	101	155420	Trigger-In:101	8	trial_start	n/a	n/a	n/a	n/a	n/a	n/a	n/a
155.525	0.000	trigger_11	11	155525	Trigger-In:11	8	fixation_point_on	n/a	n/a	n/a	n/a	n/a	n/a	n/a
156.125	0.000	trigger_21	21	156125	Trigger-In:21	8	grating_on	n/a	n/a	n/a	n/a	n/a	n/a	n/a
156.180	0.000	trigger_20	20	156180	Trigger-In:20	8	grating_off	n/a	n/a	n/a	n/a	n/a	n/a	n/a
156.780	0.000	trigger_31	31	156780	Trigger-In:31	8	targets_on_fp_color_change	n/a	n/a	n/a	n/a	n/a	n/a	n/a
157.670	0.000	trigger_201	201	157670	Trigger-In:201	8	trial_end_completed	n/a	n/a	n/a	n/a	n/a	n/a	n/a
158.740	0.000	trigger_101	101	158740	Trigger-In:101	9	trial_start	n/a	n/a	n/a	n/a	n/a	n/a	n/a
158.850	0.000	trigger_11	11	158850	Trigger-In:11	9	fixation_point_on	n/a	n/a	n/a	n/a	n/a	n/a	n/a
159.450	0.000	trigger_21	21	159450	Trigger-In:21	9	grating_on	n/a	n/a	n/a	n/a	n/a	n/a	n/a
159.500	0.000	trigger_20	20	159500	Trigger-In:20	9	grating_off	n/a	n/a	n/a	n/a	n/a	n/a	n/a
160.100	0.000	trigger_31	31	160100	Trigger-In:31	9	targets_on_fp_color_change	n/a	n/a	n/a	n/a	n/a	n/a	n/a
161.095	0.000	trigger_201	201	161095	Trigger-In:201	9	trial_end_completed	n/a	n/a	n/a	n/a	n/a	n/a	n/a
162.160	0.000	trigger_101	101	162160	Trigger-In:101	10	trial_start	n/a	n/a	n/a	n/a	n/a	n/a	n/a
162.265	0.000	trigger_11	11	162265	Trigger-In:11	10	fixation_point_on	n/a	n/a	n/a	n/a	n/a	n/a	n/a
162.865	0.000	trigger_21	21	162865	Trigger-In:21	10	grating_on	n/a	n/a	n/a	n/a	n/a	n/a	n/a
162.915	0.000	trigger_20	20	162915	Trigger-In:20	10	grating_off	n/a	n/a	n/a	n/a	n/a	n/a	n/a
163.515	0.000	trigger_31	31	163515	Trigger-In:31	10	targets_on_fp_color_change	n/a	n/a	n/a	n/a	n/a	n/a	n/a
164.780	0.000	trigger_201	201	164780	Trigger-In:201	10	trial_end_completed	n/a	n/a	n/a	n/a	n/a	n/a	n/a
165.850	0.000	trigger_101	101	165850	Trigger-In:101	11	trial_start	n/a	n/a	n/a	n/a	n/a	n/a	n/a
165.955	0.000	trigger_11	11	165955	Trigger-In:11	11	fixation_point_on	n/a	n/a	n/a	n/a	n/a	n/a	n/a
166.555	0.000	trigger_21	21	166555	Trigger-In:21	11	grating_on	n/a	n/a	n/a	n/a	n/a	n/a	n/a
166.605	0.000	trigger_20	20	166605	Trigger-In:20	11	grating_off	n/a	n/a	n/a	n/a	n/a	n/a	n/a
167.210	0.000	trigger_31	31	167210	Trigger-In:31	11	targets_on_fp_color_change	n/a	n/a	n/a	n/a	n/a	n/a	n/a
167.875	0.000	trigger_201	201	167875	Trigger-In:201	11	trial_end_completed	n/a	n/a	n/a	n/a	n/a	n/a	n/a
168.940	0.000	trigger_101	101	168940	Trigger-In:101	12	trial_start	n/a	n/a	n/a	n/a	n/a	n/a	n/a
169.050	0.000	trigger_11	11	169050	Trigger-In:11	12	fixation_point_on	n/a	n/a	n/a	n/a	n/a	n/a	n/a
169.650	0.000	trigger_21	21	169650	Trigger-In:21	12	grating_on	n/a	n/a	n/a	n/a	n/a	n/a	n/a
169.700	0.000	trigger_20	20	169700	Trigger-In:20	12	grating_off	n/a	n/a	n/a	n/a	n/a	n/a	n/a
170.300	0.000	trigger_31	31	170300	Trigger-In:31	12	targets_on_fp_color_change	n/a	n/a	n/a	n/a	n/a	n/a	n/a
170.930	0.000	trigger_201	201	170930	Trigger-In:201	12	trial_end_completed	n/a	n/a	n/a	n/a	n/a	n/a	n/a
171.995	0.000	trigger_101	101	171995	Trigger-In:101	13	trial_start	n/a	n/a	n/a	n/a	n/a	n/a	n/a
172.100	0.000	trigger_11	11	172100	Trigger-In:11	13	fixation_point_on	n/a	n/a	n/a	n/a	n/a	n/a	n/a
172.700	0.000	trigger_21	21	172700	Trigger-In:21	13	grating_on	n/a	n/a	n/a	n/a	n/a	n/a	n/a
172.750	0.000	trigger_20	20	172750	Trigger-In:20	13	grating_off	n/a	n/a	n/a	n/a	n/a	n/a	n/a
173.350	0.000	trigger_31	31	173350	Trigger-In:31	13	targets_on_fp_color_change	n/a	n/a	n/a	n/a	n/a	n/a	n/a
174.300	0.000	trigger_201	201	174300	Trigger-In:201	13	trial_end_completed	n/a	n/a	n/a	n/a	n/a	n/a	n/a
175.365	0.000	trigger_101	101	175365	Trigger-In:101	14	trial_start	n/a	n/a	n/a	n/a	n/a	n/a	n/a
175.470	0.000	trigger_11	11	175470	Trigger-In:11	14	fixation_point_on	n/a	n/a	n/a	n/a	n/a	n/a	n/a
176.070	0.000	trigger_21	21	176070	Trigger-In:21	14	grating_on	n/a	n/a	n/a	n/a	n/a	n/a	n/a
176.120	0.000	trigger_20	20	176120	Trigger-In:20	14	grating_off	n/a	n/a	n/a	n/a	n/a	n/a	n/a
176.720	0.000	trigger_31	31	176720	Trigger-In:31	14	targets_on_fp_color_change	n/a	n/a	n/a	n/a	n/a	n/a	n/a
177.845	0.000	trigger_201	201	177845	Trigger-In:201	14	trial_end_completed	n/a	n/a	n/a	n/a	n/a	n/a	n/a
178.915	0.000	trigger_101	101	178915	Trigger-In:101	15	trial_start	n/a	n/a	n/a	n/a	n/a	n/a	n/a
179.020	0.000	trigger_11	11	179020	Trigger-In:11	15	fixation_point_on	n/a	n/a	n/a	n/a	n/a	n/a	n/a
179.620	0.000	trigger_21	21	179620	Trigger-In:21	15	grating_on	n/a	n/a	n/a	n/a	n/a	n/a	n/a
179.670	0.000	trigger_20	20	179670	Trigger-In:20	15	grating_off	n/a	n/a	n/a	n/a	n/a	n/a	n/a
180.270	0.000	trigger_31	31	180270	Trigger-In:31	15	targets_on_fp_color_change	n/a	n/a	n/a	n/a	n/a	n/a	n/a
180.910	0.000	trigger_201	201	180910	Trigger-In:201	15	trial_end_completed	n/a	n/a	n/a	n/a	n/a	n/a	n/a
181.980	0.000	trigger_101	101	181980	Trigger-In:101	16	trial_start	n/a	n/a	n/a	n/a	n/a	n/a	n/a
182.085	0.000	trigger_11	11	182085	Trigger-In:11	16	fixation_point_on	n/a	n/a	n/a	n/a	n/a	n/a	n/a
182.685	0.000	trigger_21	21	182685	Trigger-In:21	16	grating_on	n/a	n/a	n/a	n/a	n/a	n/a	n/a
182.735	0.000	trigger_20	20	182735	Trigger-In:20	16	grating_off	n/a	n/a	n/a	n/a	n/a	n/a	n/a
183.335	0.000	trigger_31	31	183335	Trigger-In:31	16	targets_on_fp_color_change	n/a	n/a	n/a	n/a	n/a	n/a	n/a
184.295	0.000	trigger_201	201	184295	Trigger-In:201	16	trial_end_completed	n/a	n/a	n/a	n/a	n/a	n/a	n/a
185.365	0.000	trigger_101	101	185365	Trigger-In:101	17	trial_start	n/a	n/a	n/a	n/a	n/a	n/a	n/a
185.470	0.000	trigger_11	11	185470	Trigger-In:11	17	fixation_point_on	n/a	n/a	n/a	n/a	n/a	n/a	n/a
186.070	0.000	trigger_21	21	186070	Trigger-In:21	17	grating_on	n/a	n/a	n/a	n/a	n/a	n/a	n/a
186.120	0.000	trigger_20	20	186120	Trigger-In:20	17	grating_off	n/a	n/a	n/a	n/a	n/a	n/a	n/a
186.720	0.000	trigger_31	31	186720	Trigger-In:31	17	targets_on_fp_color_change	n/a	n/a	n/a	n/a	n/a	n/a	n/a
187.760	0.000	trigger_201	201	187760	Trigger-In:201	17	trial_end_completed	n/a	n/a	n/a	n/a	n/a	n/a	n/a
188.830	0.000	trigger_101	101	188830	Trigger-In:101	18	trial_start	n/a	n/a	n/a	n/a	n/a	n/a	n/a
188.935	0.000	trigger_11	11	188935	Trigger-In:11	18	fixation_point_on	n/a	n/a	n/a	n/a	n/a	n/a	n/a
189.535	0.000	trigger_21	21	189535	Trigger-In:21	18	grating_on	n/a	n/a	n/a	n/a	n/a	n/a	n/a
189.585	0.000	trigger_20	20	189585	Trigger-In:20	18	grating_off	n/a	n/a	n/a	n/a	n/a	n/a	n/a
190.185	0.000	trigger_31	31	190185	Trigger-In:31	18	targets_on_fp_color_change	n/a	n/a	n/a	n/a	n/a	n/a	n/a
191.250	0.000	trigger_201	201	191250	Trigger-In:201	18	trial_end_completed	n/a	n/a	n/a	n/a	n/a	n/a	n/a
192.320	0.000	trigger_101	101	192320	Trigger-In:101	19	trial_start	n/a	n/a	n/a	n/a	n/a	n/a	n/a
192.425	0.000	trigger_11	11	192425	Trigger-In:11	19	fixation_point_on	n/a	n/a	n/a	n/a	n/a	n/a	n/a
193.025	0.000	trigger_21	21	193025	Trigger-In:21	19	grating_on	n/a	n/a	n/a	n/a	n/a	n/a	n/a
193.075	0.000	trigger_20	20	193075	Trigger-In:20	19	grating_off	n/a	n/a	n/a	n/a	n/a	n/a	n/a
193.675	0.000	trigger_31	31	193675	Trigger-In:31	19	targets_on_fp_color_change	n/a	n/a	n/a	n/a	n/a	n/a	n/a
194.535	0.000	trigger_201	201	194535	Trigger-In:201	19	trial_end_completed	n/a	n/a	n/a	n/a	n/a	n/a	n/a
195.605	0.000	trigger_101	101	195605	Trigger-In:101	20	trial_start	n/a	n/a	n/a	n/a	n/a	n/a	n/a
195.710	0.000	trigger_11	11	195710	Trigger-In:11	20	fixation_point_on	n/a	n/a	n/a	n/a	n/a	n/a	n/a
196.310	0.000	trigger_21	21	196310	Trigger-In:21	20	grating_on	n/a	n/a	n/a	n/a	n/a	n/a	n/a
196.360	0.000	trigger_20	20	196360	Trigger-In:20	20	grating_off	n/a	n/a	n/a	n/a	n/a	n/a	n/a
196.960	0.000	trigger_31	31	196960	Trigger-In:31	20	targets_on_fp_color_change	n/a	n/a	n/a	n/a	n/a	n/a	n/a
197.745	0.000	trigger_201	201	197745	Trigger-In:201	20	trial_end_completed	n/a	n/a	n/a	n/a	n/a	n/a	n/a
198.810	0.000	trigger_101	101	198810	Trigger-In:101	21	trial_start	n/a	n/a	n/a	n/a	n/a	n/a	n/a
198.915	0.000	trigger_11	11	198915	Trigger-In:11	21	fixation_point_on	n/a	n/a	n/a	n/a	n/a	n/a	n/a
199.515	0.000	trigger_21	21	199515	Trigger-In:21	21	grating_on	n/a	n/a	n/a	n/a	n/a	n/a	n/a
199.565	0.000	trigger_20	20	199565	Trigger-In:20	21	grating_off	n/a	n/a	n/a	n/a	n/a	n/a	n/a
200.170	0.000	trigger_31	31	200170	Trigger-In:31	21	targets_on_fp_color_change	n/a	n/a	n/a	n/a	n/a	n/a	n/a
201.150	0.000	trigger_201	201	201150	Trigger-In:201	21	trial_end_completed	n/a	n/a	n/a	n/a	n/a	n/a	n/a
202.220	0.000	trigger_101	101	202220	Trigger-In:101	22	trial_start	n/a	n/a	n/a	n/a	n/a	n/a	n/a
202.325	0.000	trigger_11	11	202325	Trigger-In:11	22	fixation_point_on	n/a	n/a	n/a	n/a	n/a	n/a	n/a
202.925	0.000	trigger_21	21	202925	Trigger-In:21	22	grating_on	n/a	n/a	n/a	n/a	n/a	n/a	n/a
202.975	0.000	trigger_20	20	202975	Trigger-In:20	22	grating_off	n/a	n/a	n/a	n/a	n/a	n/a	n/a
203.575	0.000	trigger_31	31	203575	Trigger-In:31	22	targets_on_fp_color_change	n/a	n/a	n/a	n/a	n/a	n/a	n/a
204.580	0.000	trigger_201	201	204580	Trigger-In:201	22	trial_end_completed	n/a	n/a	n/a	n/a	n/a	n/a	n/a
205.645	0.000	trigger_101	101	205645	Trigger-In:101	23	trial_start	n/a	n/a	n/a	n/a	n/a	n/a	n/a
205.750	0.000	trigger_11	11	205750	Trigger-In:11	23	fixation_point_on	n/a	n/a	n/a	n/a	n/a	n/a	n/a
206.355	0.000	trigger_21	21	206355	Trigger-In:21	23	grating_on	n/a	n/a	n/a	n/a	n/a	n/a	n/a
206.405	0.000	trigger_20	20	206405	Trigger-In:20	23	grating_off	n/a	n/a	n/a	n/a	n/a	n/a	n/a
207.005	0.000	trigger_31	31	207005	Trigger-In:31	23	targets_on_fp_color_change	n/a	n/a	n/a	n/a	n/a	n/a	n/a
207.715	0.000	trigger_201	201	207715	Trigger-In:201	23	trial_end_completed	n/a	n/a	n/a	n/a	n/a	n/a	n/a
208.780	0.000	trigger_101	101	208780	Trigger-In:101	24	trial_start	n/a	n/a	n/a	n/a	n/a	n/a	n/a
208.885	0.000	trigger_11	11	208885	Trigger-In:11	24	fixation_point_on	n/a	n/a	n/a	n/a	n/a	n/a	n/a
209.485	0.000	trigger_21	21	209485	Trigger-In:21	24	grating_on	n/a	n/a	n/a	n/a	n/a	n/a	n/a
209.535	0.000	trigger_20	20	209535	Trigger-In:20	24	grating_off	n/a	n/a	n/a	n/a	n/a	n/a	n/a
210.135	0.000	trigger_31	31	210135	Trigger-In:31	24	targets_on_fp_color_change	n/a	n/a	n/a	n/a	n/a	n/a	n/a
211.060	0.000	trigger_201	201	211060	Trigger-In:201	24	trial_end_completed	n/a	n/a	n/a	n/a	n/a	n/a	n/a
212.130	0.000	trigger_101	101	212130	Trigger-In:101	25	trial_start	n/a	n/a	n/a	n/a	n/a	n/a	n/a
212.235	0.000	trigger_11	11	212235	Trigger-In:11	25	fixation_point_on	n/a	n/a	n/a	n/a	n/a	n/a	n/a
212.835	0.000	trigger_21	21	212835	Trigger-In:21	25	grating_on	n/a	n/a	n/a	n/a	n/a	n/a	n/a
212.885	0.000	trigger_20	20	212885	Trigger-In:20	25	grating_off	n/a	n/a	n/a	n/a	n/a	n/a	n/a
213.485	0.000	trigger_31	31	213485	Trigger-In:31	25	targets_on_fp_color_change	n/a	n/a	n/a	n/a	n/a	n/a	n/a
214.505	0.000	trigger_201	201	214505	Trigger-In:201	25	trial_end_completed	n/a	n/a	n/a	n/a	n/a	n/a	n/a
215.575	0.000	trigger_101	101	215575	Trigger-In:101	26	trial_start	n/a	n/a	n/a	n/a	n/a	n/a	n/a
215.680	0.000	trigger_11	11	215680	Trigger-In:11	26	fixation_point_on	n/a	n/a	n/a	n/a	n/a	n/a	n/a
216.280	0.000	trigger_21	21	216280	Trigger-In:21	26	grating_on	n/a	n/a	n/a	n/a	n/a	n/a	n/a
216.330	0.000	trigger_20	20	216330	Trigger-In:20	26	grating_off	n/a	n/a	n/a	n/a	n/a	n/a	n/a
216.930	0.000	trigger_31	31	216930	Trigger-In:31	26	targets_on_fp_color_change	n/a	n/a	n/a	n/a	n/a	n/a	n/a
218.025	0.000	trigger_201	201	218025	Trigger-In:201	26	trial_end_completed	n/a	n/a	n/a	n/a	n/a	n/a	n/a
219.095	0.000	trigger_101	101	219095	Trigger-In:101	27	trial_start	n/a	n/a	n/a	n/a	n/a	n/a	n/a
219.200	0.000	trigger_11	11	219200	Trigger-In:11	27	fixation_point_on	n/a	n/a	n/a	n/a	n/a	n/a	n/a
219.800	0.000	trigger_21	21	219800	Trigger-In:21	27	grating_on	n/a	n/a	n/a	n/a	n/a	n/a	n/a
219.850	0.000	trigger_20	20	219850	Trigger-In:20	27	grating_off	n/a	n/a	n/a	n/a	n/a	n/a	n/a
220.450	0.000	trigger_31	31	220450	Trigger-In:31	27	targets_on_fp_color_change	n/a	n/a	n/a	n/a	n/a	n/a	n/a
221.050	0.000	trigger_201	201	221050	Trigger-In:201	27	trial_end_completed	n/a	n/a	n/a	n/a	n/a	n/a	n/a
222.120	0.000	trigger_101	101	222120	Trigger-In:101	28	trial_start	n/a	n/a	n/a	n/a	n/a	n/a	n/a
222.225	0.000	trigger_11	11	222225	Trigger-In:11	28	fixation_point_on	n/a	n/a	n/a	n/a	n/a	n/a	n/a
222.825	0.000	trigger_21	21	222825	Trigger-In:21	28	grating_on	n/a	n/a	n/a	n/a	n/a	n/a	n/a
222.875	0.000	trigger_20	20	222875	Trigger-In:20	28	grating_off	n/a	n/a	n/a	n/a	n/a	n/a	n/a
223.475	0.000	trigger_31	31	223475	Trigger-In:31	28	targets_on_fp_color_change	n/a	n/a	n/a	n/a	n/a	n/a	n/a
224.335	0.000	trigger_201	201	224335	Trigger-In:201	28	trial_end_completed	n/a	n/a	n/a	n/a	n/a	n/a	n/a
225.405	0.000	trigger_101	101	225405	Trigger-In:101	29	trial_start	n/a	n/a	n/a	n/a	n/a	n/a	n/a
225.510	0.000	trigger_11	11	225510	Trigger-In:11	29	fixation_point_on	n/a	n/a	n/a	n/a	n/a	n/a	n/a
226.110	0.000	trigger_21	21	226110	Trigger-In:21	29	grating_on	n/a	n/a	n/a	n/a	n/a	n/a	n/a
226.160	0.000	trigger_20	20	226160	Trigger-In:20	29	grating_off	n/a	n/a	n/a	n/a	n/a	n/a	n/a
226.760	0.000	trigger_31	31	226760	Trigger-In:31	29	targets_on_fp_color_change	n/a	n/a	n/a	n/a	n/a	n/a	n/a
227.485	0.000	trigger_201	201	227485	Trigger-In:201	29	trial_end_completed	n/a	n/a	n/a	n/a	n/a	n/a	n/a
228.555	0.000	trigger_101	101	228555	Trigger-In:101	30	trial_start	n/a	n/a	n/a	n/a	n/a	n/a	n/a
228.660	0.000	trigger_11	11	228660	Trigger-In:11	30	fixation_point_on	n/a	n/a	n/a	n/a	n/a	n/a	n/a
229.260	0.000	trigger_21	21	229260	Trigger-In:21	30	grating_on	n/a	n/a	n/a	n/a	n/a	n/a	n/a
229.315	0.000	trigger_20	20	229315	Trigger-In:20	30	grating_off	n/a	n/a	n/a	n/a	n/a	n/a	n/a
229.915	0.000	trigger_31	31	229915	Trigger-In:31	30	targets_on_fp_color_change	n/a	n/a	n/a	n/a	n/a	n/a	n/a
230.555	0.000	trigger_201	201	230555	Trigger-In:201	30	trial_end_completed	n/a	n/a	n/a	n/a	n/a	n/a	n/a
231.625	0.000	trigger_101	101	231625	Trigger-In:101	31	trial_start	n/a	n/a	n/a	n/a	n/a	n/a	n/a
231.725	0.000	trigger_11	11	231725	Trigger-In:11	31	fixation_point_on	n/a	n/a	n/a	n/a	n/a	n/a	n/a
232.325	0.000	trigger_21	21	232325	Trigger-In:21	31	grating_on	n/a	n/a	n/a	n/a	n/a	n/a	n/a
232.375	0.000	trigger_20	20	232375	Trigger-In:20	31	grating_off	n/a	n/a	n/a	n/a	n/a	n/a	n/a
232.975	0.000	trigger_31	31	232975	Trigger-In:31	31	targets_on_fp_color_change	n/a	n/a	n/a	n/a	n/a	n/a	n/a
233.845	0.000	trigger_201	201	233845	Trigger-In:201	31	trial_end_completed	n/a	n/a	n/a	n/a	n/a	n/a	n/a
235.020	0.000	trigger_11	11	235020	Trigger-In:11	31	fixation_point_on	n/a	n/a	n/a	n/a	n/a	n/a	n/a
235.620	0.000	trigger_21	21	235620	Trigger-In:21	31	grating_on	n/a	n/a	n/a	n/a	n/a	n/a	n/a
235.670	0.000	trigger_20	20	235670	Trigger-In:20	31	grating_off	n/a	n/a	n/a	n/a	n/a	n/a	n/a
236.270	0.000	trigger_31	31	236270	Trigger-In:31	31	targets_on_fp_color_change	n/a	n/a	n/a	n/a	n/a	n/a	n/a
236.990	0.000	trigger_201	201	236990	Trigger-In:201	31	trial_end_completed	n/a	n/a	n/a	n/a	n/a	n/a	n/a
238.055	0.000	trigger_101	101	238055	Trigger-In:101	32	trial_start	n/a	n/a	n/a	n/a	n/a	n/a	n/a
238.160	0.000	trigger_11	11	238160	Trigger-In:11	32	fixation_point_on	n/a	n/a	n/a	n/a	n/a	n/a	n/a
238.760	0.000	trigger_21	21	238760	Trigger-In:21	32	grating_on	n/a	n/a	n/a	n/a	n/a	n/a	n/a
238.810	0.000	trigger_20	20	238810	Trigger-In:20	32	grating_off	n/a	n/a	n/a	n/a	n/a	n/a	n/a
239.410	0.000	trigger_31	31	239410	Trigger-In:31	32	targets_on_fp_color_change	n/a	n/a	n/a	n/a	n/a	n/a	n/a
240.380	0.000	trigger_201	201	240380	Trigger-In:201	32	trial_end_completed	n/a	n/a	n/a	n/a	n/a	n/a	n/a
241.445	0.000	trigger_101	101	241445	Trigger-In:101	33	trial_start	n/a	n/a	n/a	n/a	n/a	n/a	n/a
241.550	0.000	trigger_11	11	241550	Trigger-In:11	33	fixation_point_on	n/a	n/a	n/a	n/a	n/a	n/a	n/a
242.150	0.000	trigger_21	21	242150	Trigger-In:21	33	grating_on	n/a	n/a	n/a	n/a	n/a	n/a	n/a
242.200	0.000	trigger_20	20	242200	Trigger-In:20	33	grating_off	n/a	n/a	n/a	n/a	n/a	n/a	n/a
242.800	0.000	trigger_31	31	242800	Trigger-In:31	33	targets_on_fp_color_change	n/a	n/a	n/a	n/a	n/a	n/a	n/a
243.810	0.000	trigger_201	201	243810	Trigger-In:201	33	trial_end_completed	n/a	n/a	n/a	n/a	n/a	n/a	n/a
244.875	0.000	trigger_101	101	244875	Trigger-In:101	34	trial_start	n/a	n/a	n/a	n/a	n/a	n/a	n/a
244.980	0.000	trigger_11	11	244980	Trigger-In:11	34	fixation_point_on	n/a	n/a	n/a	n/a	n/a	n/a	n/a
245.580	0.000	trigger_21	21	245580	Trigger-In:21	34	grating_on	n/a	n/a	n/a	n/a	n/a	n/a	n/a
245.630	0.000	trigger_20	20	245630	Trigger-In:20	34	grating_off	n/a	n/a	n/a	n/a	n/a	n/a	n/a
246.235	0.000	trigger_31	31	246235	Trigger-In:31	34	targets_on_fp_color_change	n/a	n/a	n/a	n/a	n/a	n/a	n/a
247.210	0.000	trigger_201	201	247210	Trigger-In:201	34	trial_end_completed	n/a	n/a	n/a	n/a	n/a	n/a	n/a
248.275	0.000	trigger_101	101	248275	Trigger-In:101	35	trial_start	n/a	n/a	n/a	n/a	n/a	n/a	n/a
248.380	0.000	trigger_11	11	248380	Trigger-In:11	35	fixation_point_on	n/a	n/a	n/a	n/a	n/a	n/a	n/a
248.980	0.000	trigger_21	21	248980	Trigger-In:21	35	grating_on	n/a	n/a	n/a	n/a	n/a	n/a	n/a
249.030	0.000	trigger_20	20	249030	Trigger-In:20	35	grating_off	n/a	n/a	n/a	n/a	n/a	n/a	n/a
249.635	0.000	trigger_31	31	249635	Trigger-In:31	35	targets_on_fp_color_change	n/a	n/a	n/a	n/a	n/a	n/a	n/a
250.765	0.000	trigger_201	201	250765	Trigger-In:201	35	trial_end_completed	n/a	n/a	n/a	n/a	n/a	n/a	n/a
251.830	0.000	trigger_101	101	251830	Trigger-In:101	36	trial_start	n/a	n/a	n/a	n/a	n/a	n/a	n/a
251.935	0.000	trigger_11	11	251935	Trigger-In:11	36	fixation_point_on	n/a	n/a	n/a	n/a	n/a	n/a	n/a
252.540	0.000	trigger_21	21	252540	Trigger-In:21	36	grating_on	n/a	n/a	n/a	n/a	n/a	n/a	n/a
252.590	0.000	trigger_20	20	252590	Trigger-In:20	36	grating_off	n/a	n/a	n/a	n/a	n/a	n/a	n/a
253.190	0.000	trigger_31	31	253190	Trigger-In:31	36	targets_on_fp_color_change	n/a	n/a	n/a	n/a	n/a	n/a	n/a
254.320	0.000	trigger_201	201	254320	Trigger-In:201	36	trial_end_completed	n/a	n/a	n/a	n/a	n/a	n/a	n/a
255.385	0.000	trigger_101	101	255385	Trigger-In:101	37	trial_start	n/a	n/a	n/a	n/a	n/a	n/a	n/a
255.490	0.000	trigger_11	11	255490	Trigger-In:11	37	fixation_point_on	n/a	n/a	n/a	n/a	n/a	n/a	n/a
256.095	0.000	trigger_21	21	256095	Trigger-In:21	37	grating_on	n/a	n/a	n/a	n/a	n/a	n/a	n/a
256.145	0.000	trigger_20	20	256145	Trigger-In:20	37	grating_off	n/a	n/a	n/a	n/a	n/a	n/a	n/a
256.745	0.000	trigger_31	31	256745	Trigger-In:31	37	targets_on_fp_color_change	n/a	n/a	n/a	n/a	n/a	n/a	n/a
258.565	0.000	trigger_201	201	258565	Trigger-In:201	37	trial_end_completed	n/a	n/a	n/a	n/a	n/a	n/a	n/a
259.635	0.000	trigger_101	101	259635	Trigger-In:101	38	trial_start	n/a	n/a	n/a	n/a	n/a	n/a	n/a
259.740	0.000	trigger_11	11	259740	Trigger-In:11	38	fixation_point_on	n/a	n/a	n/a	n/a	n/a	n/a	n/a
260.340	0.000	trigger_21	21	260340	Trigger-In:21	38	grating_on	n/a	n/a	n/a	n/a	n/a	n/a	n/a
260.390	0.000	trigger_20	20	260390	Trigger-In:20	38	grating_off	n/a	n/a	n/a	n/a	n/a	n/a	n/a
260.990	0.000	trigger_31	31	260990	Trigger-In:31	38	targets_on_fp_color_change	n/a	n/a	n/a	n/a	n/a	n/a	n/a
262.110	0.000	trigger_201	201	262110	Trigger-In:201	38	trial_end_completed	n/a	n/a	n/a	n/a	n/a	n/a	n/a
263.180	0.000	trigger_101	101	263180	Trigger-In:101	39	trial_start	n/a	n/a	n/a	n/a	n/a	n/a	n/a
263.285	0.000	trigger_11	11	263285	Trigger-In:11	39	fixation_point_on	n/a	n/a	n/a	n/a	n/a	n/a	n/a
263.885	0.000	trigger_21	21	263885	Trigger-In:21	39	grating_on	n/a	n/a	n/a	n/a	n/a	n/a	n/a
263.935	0.000	trigger_20	20	263935	Trigger-In:20	39	grating_off	n/a	n/a	n/a	n/a	n/a	n/a	n/a
264.535	0.000	trigger_31	31	264535	Trigger-In:31	39	targets_on_fp_color_change	n/a	n/a	n/a	n/a	n/a	n/a	n/a
265.335	0.000	trigger_201	201	265335	Trigger-In:201	39	trial_end_completed	n/a	n/a	n/a	n/a	n/a	n/a	n/a
266.400	0.000	trigger_101	101	266400	Trigger-In:101	40	trial_start	n/a	n/a	n/a	n/a	n/a	n/a	n/a
266.505	0.000	trigger_11	11	266505	Trigger-In:11	40	fixation_point_on	n/a	n/a	n/a	n/a	n/a	n/a	n/a
267.105	0.000	trigger_21	21	267105	Trigger-In:21	40	grating_on	n/a	n/a	n/a	n/a	n/a	n/a	n/a
267.155	0.000	trigger_20	20	267155	Trigger-In:20	40	grating_off	n/a	n/a	n/a	n/a	n/a	n/a	n/a
267.760	0.000	trigger_31	31	267760	Trigger-In:31	40	targets_on_fp_color_change	n/a	n/a	n/a	n/a	n/a	n/a	n/a
268.570	0.000	trigger_201	201	268570	Trigger-In:201	40	trial_end_completed	n/a	n/a	n/a	n/a	n/a	n/a	n/a
269.635	0.000	trigger_101	101	269635	Trigger-In:101	41	trial_start	n/a	n/a	n/a	n/a	n/a	n/a	n/a
269.740	0.000	trigger_11	11	269740	Trigger-In:11	41	fixation_point_on	n/a	n/a	n/a	n/a	n/a	n/a	n/a
270.340	0.000	trigger_21	21	270340	Trigger-In:21	41	grating_on	n/a	n/a	n/a	n/a	n/a	n/a	n/a
270.395	0.000	trigger_20	20	270395	Trigger-In:20	41	grating_off	n/a	n/a	n/a	n/a	n/a	n/a	n/a
270.995	0.000	trigger_31	31	270995	Trigger-In:31	41	targets_on_fp_color_change	n/a	n/a	n/a	n/a	n/a	n/a	n/a
271.640	0.000	trigger_201	201	271640	Trigger-In:201	41	trial_end_completed	n/a	n/a	n/a	n/a	n/a	n/a	n/a
272.710	0.000	trigger_101	101	272710	Trigger-In:101	42	trial_start	n/a	n/a	n/a	n/a	n/a	n/a	n/a
272.815	0.000	trigger_11	11	272815	Trigger-In:11	42	fixation_point_on	n/a	n/a	n/a	n/a	n/a	n/a	n/a
273.415	0.000	trigger_21	21	273415	Trigger-In:21	42	grating_on	n/a	n/a	n/a	n/a	n/a	n/a	n/a
273.465	0.000	trigger_20	20	273465	Trigger-In:20	42	grating_off	n/a	n/a	n/a	n/a	n/a	n/a	n/a
274.065	0.000	trigger_31	31	274065	Trigger-In:31	42	targets_on_fp_color_change	n/a	n/a	n/a	n/a	n/a	n/a	n/a
275.340	0.000	trigger_201	201	275340	Trigger-In:201	42	trial_end_completed	n/a	n/a	n/a	n/a	n/a	n/a	n/a
276.410	0.000	trigger_101	101	276410	Trigger-In:101	43	trial_start	n/a	n/a	n/a	n/a	n/a	n/a	n/a
276.510	0.000	trigger_11	11	276510	Trigger-In:11	43	fixation_point_on	n/a	n/a	n/a	n/a	n/a	n/a	n/a
277.110	0.000	trigger_21	21	277110	Trigger-In:21	43	grating_on	n/a	n/a	n/a	n/a	n/a	n/a	n/a
277.165	0.000	trigger_20	20	277165	Trigger-In:20	43	grating_off	n/a	n/a	n/a	n/a	n/a	n/a	n/a
277.765	0.000	trigger_31	31	277765	Trigger-In:31	43	targets_on_fp_color_change	n/a	n/a	n/a	n/a	n/a	n/a	n/a
278.680	0.000	trigger_201	201	278680	Trigger-In:201	43	trial_end_completed	n/a	n/a	n/a	n/a	n/a	n/a	n/a
279.745	0.000	trigger_101	101	279745	Trigger-In:101	44	trial_start	n/a	n/a	n/a	n/a	n/a	n/a	n/a
279.850	0.000	trigger_11	11	279850	Trigger-In:11	44	fixation_point_on	n/a	n/a	n/a	n/a	n/a	n/a	n/a
280.450	0.000	trigger_21	21	280450	Trigger-In:21	44	grating_on	n/a	n/a	n/a	n/a	n/a	n/a	n/a
280.505	0.000	trigger_20	20	280505	Trigger-In:20	44	grating_off	n/a	n/a	n/a	n/a	n/a	n/a	n/a
281.105	0.000	trigger_31	31	281105	Trigger-In:31	44	targets_on_fp_color_change	n/a	n/a	n/a	n/a	n/a	n/a	n/a
282.120	0.000	trigger_201	201	282120	Trigger-In:201	44	trial_end_completed	n/a	n/a	n/a	n/a	n/a	n/a	n/a
283.190	0.000	trigger_101	101	283190	Trigger-In:101	45	trial_start	n/a	n/a	n/a	n/a	n/a	n/a	n/a
283.295	0.000	trigger_11	11	283295	Trigger-In:11	45	fixation_point_on	n/a	n/a	n/a	n/a	n/a	n/a	n/a
283.895	0.000	trigger_21	21	283895	Trigger-In:21	45	grating_on	n/a	n/a	n/a	n/a	n/a	n/a	n/a
283.945	0.000	trigger_20	20	283945	Trigger-In:20	45	grating_off	n/a	n/a	n/a	n/a	n/a	n/a	n/a
284.545	0.000	trigger_31	31	284545	Trigger-In:31	45	targets_on_fp_color_change	n/a	n/a	n/a	n/a	n/a	n/a	n/a
285.700	0.000	trigger_201	201	285700	Trigger-In:201	45	trial_end_completed	n/a	n/a	n/a	n/a	n/a	n/a	n/a
286.770	0.000	trigger_101	101	286770	Trigger-In:101	46	trial_start	n/a	n/a	n/a	n/a	n/a	n/a	n/a
286.870	0.000	trigger_11	11	286870	Trigger-In:11	46	fixation_point_on	n/a	n/a	n/a	n/a	n/a	n/a	n/a
287.470	0.000	trigger_21	21	287470	Trigger-In:21	46	grating_on	n/a	n/a	n/a	n/a	n/a	n/a	n/a
287.520	0.000	trigger_20	20	287520	Trigger-In:20	46	grating_off	n/a	n/a	n/a	n/a	n/a	n/a	n/a
288.120	0.000	trigger_31	31	288120	Trigger-In:31	46	targets_on_fp_color_change	n/a	n/a	n/a	n/a	n/a	n/a	n/a
289.630	0.000	trigger_201	201	289630	Trigger-In:201	46	trial_end_completed	n/a	n/a	n/a	n/a	n/a	n/a	n/a
290.700	0.000	trigger_101	101	290700	Trigger-In:101	47	trial_start	n/a	n/a	n/a	n/a	n/a	n/a	n/a
290.805	0.000	trigger_11	11	290805	Trigger-In:11	47	fixation_point_on	n/a	n/a	n/a	n/a	n/a	n/a	n/a
291.405	0.000	trigger_21	21	291405	Trigger-In:21	47	grating_on	n/a	n/a	n/a	n/a	n/a	n/a	n/a
291.455	0.000	trigger_20	20	291455	Trigger-In:20	47	grating_off	n/a	n/a	n/a	n/a	n/a	n/a	n/a
292.055	0.000	trigger_31	31	292055	Trigger-In:31	47	targets_on_fp_color_change	n/a	n/a	n/a	n/a	n/a	n/a	n/a
293.175	0.000	trigger_201	201	293175	Trigger-In:201	47	trial_end_completed	n/a	n/a	n/a	n/a	n/a	n/a	n/a
294.240	0.000	trigger_101	101	294240	Trigger-In:101	48	trial_start	n/a	n/a	n/a	n/a	n/a	n/a	n/a
294.345	0.000	trigger_11	11	294345	Trigger-In:11	48	fixation_point_on	n/a	n/a	n/a	n/a	n/a	n/a	n/a
294.945	0.000	trigger_21	21	294945	Trigger-In:21	48	grating_on	n/a	n/a	n/a	n/a	n/a	n/a	n/a
294.995	0.000	trigger_20	20	294995	Trigger-In:20	48	grating_off	n/a	n/a	n/a	n/a	n/a	n/a	n/a
295.595	0.000	trigger_31	31	295595	Trigger-In:31	48	targets_on_fp_color_change	n/a	n/a	n/a	n/a	n/a	n/a	n/a
296.215	0.000	trigger_201	201	296215	Trigger-In:201	48	trial_end_completed	n/a	n/a	n/a	n/a	n/a	n/a	n/a
297.280	0.000	trigger_101	101	297280	Trigger-In:101	49	trial_start	n/a	n/a	n/a	n/a	n/a	n/a	n/a
297.385	0.000	trigger_11	11	297385	Trigger-In:11	49	fixation_point_on	n/a	n/a	n/a	n/a	n/a	n/a	n/a
297.985	0.000	trigger_21	21	297985	Trigger-In:21	49	grating_on	n/a	n/a	n/a	n/a	n/a	n/a	n/a
298.040	0.000	trigger_20	20	298040	Trigger-In:20	49	grating_off	n/a	n/a	n/a	n/a	n/a	n/a	n/a
298.640	0.000	trigger_31	31	298640	Trigger-In:31	49	targets_on_fp_color_change	n/a	n/a	n/a	n/a	n/a	n/a	n/a
299.680	0.000	trigger_201	201	299680	Trigger-In:201	49	trial_end_completed	n/a	n/a	n/a	n/a	n/a	n/a	n/a
300.745	0.000	trigger_101	101	300745	Trigger-In:101	50	trial_start	n/a	n/a	n/a	n/a	n/a	n/a	n/a
300.850	0.000	trigger_11	11	300850	Trigger-In:11	50	fixation_point_on	n/a	n/a	n/a	n/a	n/a	n/a	n/a
301.450	0.000	trigger_21	21	301450	Trigger-In:21	50	grating_on	n/a	n/a	n/a	n/a	n/a	n/a	n/a
301.500	0.000	trigger_20	20	301500	Trigger-In:20	50	grating_off	n/a	n/a	n/a	n/a	n/a	n/a	n/a
302.105	0.000	trigger_31	31	302105	Trigger-In:31	50	targets_on_fp_color_change	n/a	n/a	n/a	n/a	n/a	n/a	n/a
302.755	0.000	trigger_201	201	302755	Trigger-In:201	50	trial_end_completed	n/a	n/a	n/a	n/a	n/a	n/a	n/a
303.825	0.000	trigger_101	101	303825	Trigger-In:101	51	trial_start	n/a	n/a	n/a	n/a	n/a	n/a	n/a
303.930	0.000	trigger_11	11	303930	Trigger-In:11	51	fixation_point_on	n/a	n/a	n/a	n/a	n/a	n/a	n/a
304.530	0.000	trigger_21	21	304530	Trigger-In:21	51	grating_on	n/a	n/a	n/a	n/a	n/a	n/a	n/a
304.580	0.000	trigger_20	20	304580	Trigger-In:20	51	grating_off	n/a	n/a	n/a	n/a	n/a	n/a	n/a
305.185	0.000	trigger_31	31	305185	Trigger-In:31	51	targets_on_fp_color_change	n/a	n/a	n/a	n/a	n/a	n/a	n/a
305.855	0.000	trigger_201	201	305855	Trigger-In:201	51	trial_end_completed	n/a	n/a	n/a	n/a	n/a	n/a	n/a
306.925	0.000	trigger_101	101	306925	Trigger-In:101	52	trial_start	n/a	n/a	n/a	n/a	n/a	n/a	n/a
307.030	0.000	trigger_11	11	307030	Trigger-In:11	52	fixation_point_on	n/a	n/a	n/a	n/a	n/a	n/a	n/a
307.630	0.000	trigger_21	21	307630	Trigger-In:21	52	grating_on	n/a	n/a	n/a	n/a	n/a	n/a	n/a
307.680	0.000	trigger_20	20	307680	Trigger-In:20	52	grating_off	n/a	n/a	n/a	n/a	n/a	n/a	n/a
308.280	0.000	trigger_31	31	308280	Trigger-In:31	52	targets_on_fp_color_change	n/a	n/a	n/a	n/a	n/a	n/a	n/a
309.060	0.000	trigger_201	201	309060	Trigger-In:201	52	trial_end_completed	n/a	n/a	n/a	n/a	n/a	n/a	n/a
310.125	0.000	trigger_101	101	310125	Trigger-In:101	53	trial_start	n/a	n/a	n/a	n/a	n/a	n/a	n/a
310.230	0.000	trigger_11	11	310230	Trigger-In:11	53	fixation_point_on	n/a	n/a	n/a	n/a	n/a	n/a	n/a
310.830	0.000	trigger_21	21	310830	Trigger-In:21	53	grating_on	n/a	n/a	n/a	n/a	n/a	n/a	n/a
310.880	0.000	trigger_20	20	310880	Trigger-In:20	53	grating_off	n/a	n/a	n/a	n/a	n/a	n/a	n/a
311.480	0.000	trigger_31	31	311480	Trigger-In:31	53	targets_on_fp_color_change	n/a	n/a	n/a	n/a	n/a	n/a	n/a
312.310	0.000	trigger_201	201	312310	Trigger-In:201	53	trial_end_completed	n/a	n/a	n/a	n/a	n/a	n/a	n/a
313.380	0.000	trigger_101	101	313380	Trigger-In:101	54	trial_start	n/a	n/a	n/a	n/a	n/a	n/a	n/a
313.480	0.000	trigger_11	11	313480	Trigger-In:11	54	fixation_point_on	n/a	n/a	n/a	n/a	n/a	n/a	n/a
314.085	0.000	trigger_21	21	314085	Trigger-In:21	54	grating_on	n/a	n/a	n/a	n/a	n/a	n/a	n/a
314.135	0.000	trigger_20	20	314135	Trigger-In:20	54	grating_off	n/a	n/a	n/a	n/a	n/a	n/a	n/a
314.735	0.000	trigger_31	31	314735	Trigger-In:31	54	targets_on_fp_color_change	n/a	n/a	n/a	n/a	n/a	n/a	n/a
315.290	0.000	trigger_201	201	315290	Trigger-In:201	54	trial_end_completed	n/a	n/a	n/a	n/a	n/a	n/a	n/a
316.360	0.000	trigger_101	101	316360	Trigger-In:101	55	trial_start	n/a	n/a	n/a	n/a	n/a	n/a	n/a
316.460	0.000	trigger_11	11	316460	Trigger-In:11	55	fixation_point_on	n/a	n/a	n/a	n/a	n/a	n/a	n/a
317.065	0.000	trigger_21	21	317065	Trigger-In:21	55	grating_on	n/a	n/a	n/a	n/a	n/a	n/a	n/a
317.120	0.000	trigger_20	20	317120	Trigger-In:20	55	grating_off	n/a	n/a	n/a	n/a	n/a	n/a	n/a
317.720	0.000	trigger_31	31	317720	Trigger-In:31	55	targets_on_fp_color_change	n/a	n/a	n/a	n/a	n/a	n/a	n/a
318.450	0.000	trigger_201	201	318450	Trigger-In:201	55	trial_end_completed	n/a	n/a	n/a	n/a	n/a	n/a	n/a
319.520	0.000	trigger_101	101	319520	Trigger-In:101	56	trial_start	n/a	n/a	n/a	n/a	n/a	n/a	n/a
319.625	0.000	trigger_11	11	319625	Trigger-In:11	56	fixation_point_on	n/a	n/a	n/a	n/a	n/a	n/a	n/a
320.225	0.000	trigger_21	21	320225	Trigger-In:21	56	grating_on	n/a	n/a	n/a	n/a	n/a	n/a	n/a
320.275	0.000	trigger_20	20	320275	Trigger-In:20	56	grating_off	n/a	n/a	n/a	n/a	n/a	n/a	n/a
320.875	0.000	trigger_31	31	320875	Trigger-In:31	56	targets_on_fp_color_change	n/a	n/a	n/a	n/a	n/a	n/a	n/a
322.280	0.000	trigger_201	201	322280	Trigger-In:201	56	trial_end_completed	n/a	n/a	n/a	n/a	n/a	n/a	n/a
323.350	0.000	trigger_101	101	323350	Trigger-In:101	57	trial_start	n/a	n/a	n/a	n/a	n/a	n/a	n/a
323.455	0.000	trigger_11	11	323455	Trigger-In:11	57	fixation_point_on	n/a	n/a	n/a	n/a	n/a	n/a	n/a
324.055	0.000	trigger_21	21	324055	Trigger-In:21	57	grating_on	n/a	n/a	n/a	n/a	n/a	n/a	n/a
324.105	0.000	trigger_20	20	324105	Trigger-In:20	57	grating_off	n/a	n/a	n/a	n/a	n/a	n/a	n/a
324.705	0.000	trigger_31	31	324705	Trigger-In:31	57	targets_on_fp_color_change	n/a	n/a	n/a	n/a	n/a	n/a	n/a
325.510	0.000	trigger_201	201	325510	Trigger-In:201	57	trial_end_completed	n/a	n/a	n/a	n/a	n/a	n/a	n/a
326.580	0.000	trigger_101	101	326580	Trigger-In:101	58	trial_start	n/a	n/a	n/a	n/a	n/a	n/a	n/a
326.685	0.000	trigger_11	11	326685	Trigger-In:11	58	fixation_point_on	n/a	n/a	n/a	n/a	n/a	n/a	n/a
327.285	0.000	trigger_21	21	327285	Trigger-In:21	58	grating_on	n/a	n/a	n/a	n/a	n/a	n/a	n/a
327.335	0.000	trigger_20	20	327335	Trigger-In:20	58	grating_off	n/a	n/a	n/a	n/a	n/a	n/a	n/a
327.935	0.000	trigger_31	31	327935	Trigger-In:31	58	targets_on_fp_color_change	n/a	n/a	n/a	n/a	n/a	n/a	n/a
328.760	0.000	trigger_201	201	328760	Trigger-In:201	58	trial_end_completed	n/a	n/a	n/a	n/a	n/a	n/a	n/a
329.825	0.000	trigger_101	101	329825	Trigger-In:101	59	trial_start	n/a	n/a	n/a	n/a	n/a	n/a	n/a
329.935	0.000	trigger_11	11	329935	Trigger-In:11	59	fixation_point_on	n/a	n/a	n/a	n/a	n/a	n/a	n/a
330.535	0.000	trigger_21	21	330535	Trigger-In:21	59	grating_on	n/a	n/a	n/a	n/a	n/a	n/a	n/a
330.585	0.000	trigger_20	20	330585	Trigger-In:20	59	grating_off	n/a	n/a	n/a	n/a	n/a	n/a	n/a
331.185	0.000	trigger_31	31	331185	Trigger-In:31	59	targets_on_fp_color_change	n/a	n/a	n/a	n/a	n/a	n/a	n/a
331.860	0.000	trigger_201	201	331860	Trigger-In:201	59	trial_end_completed	n/a	n/a	n/a	n/a	n/a	n/a	n/a
333.195	0.000	trigger_101	101	333195	Trigger-In:101	60	trial_start	n/a	n/a	n/a	n/a	n/a	n/a	n/a
333.300	0.000	trigger_11	11	333300	Trigger-In:11	60	fixation_point_on	n/a	n/a	n/a	n/a	n/a	n/a	n/a
333.900	0.000	trigger_21	21	333900	Trigger-In:21	60	grating_on	n/a	n/a	n/a	n/a	n/a	n/a	n/a
333.950	0.000	trigger_20	20	333950	Trigger-In:20	60	grating_off	n/a	n/a	n/a	n/a	n/a	n/a	n/a
334.550	0.000	trigger_31	31	334550	Trigger-In:31	60	targets_on_fp_color_change	n/a	n/a	n/a	n/a	n/a	n/a	n/a
336.085	0.000	trigger_201	201	336085	Trigger-In:201	60	trial_end_completed	n/a	n/a	n/a	n/a	n/a	n/a	n/a
337.150	0.000	trigger_101	101	337150	Trigger-In:101	61	trial_start	n/a	n/a	n/a	n/a	n/a	n/a	n/a
337.255	0.000	trigger_11	11	337255	Trigger-In:11	61	fixation_point_on	n/a	n/a	n/a	n/a	n/a	n/a	n/a
337.855	0.000	trigger_21	21	337855	Trigger-In:21	61	grating_on	n/a	n/a	n/a	n/a	n/a	n/a	n/a
337.910	0.000	trigger_20	20	337910	Trigger-In:20	61	grating_off	n/a	n/a	n/a	n/a	n/a	n/a	n/a
338.510	0.000	trigger_31	31	338510	Trigger-In:31	61	targets_on_fp_color_change	n/a	n/a	n/a	n/a	n/a	n/a	n/a
339.395	0.000	trigger_201	201	339395	Trigger-In:201	61	trial_end_completed	n/a	n/a	n/a	n/a	n/a	n/a	n/a
340.460	0.000	trigger_101	101	340460	Trigger-In:101	62	trial_start	n/a	n/a	n/a	n/a	n/a	n/a	n/a
340.560	0.000	trigger_11	11	340560	Trigger-In:11	62	fixation_point_on	n/a	n/a	n/a	n/a	n/a	n/a	n/a
341.160	0.000	trigger_21	21	341160	Trigger-In:21	62	grating_on	n/a	n/a	n/a	n/a	n/a	n/a	n/a
341.210	0.000	trigger_20	20	341210	Trigger-In:20	62	grating_off	n/a	n/a	n/a	n/a	n/a	n/a	n/a
341.815	0.000	trigger_31	31	341815	Trigger-In:31	62	targets_on_fp_color_change	n/a	n/a	n/a	n/a	n/a	n/a	n/a
342.765	0.000	trigger_201	201	342765	Trigger-In:201	62	trial_end_completed	n/a	n/a	n/a	n/a	n/a	n/a	n/a
343.835	0.000	trigger_101	101	343835	Trigger-In:101	63	trial_start	n/a	n/a	n/a	n/a	n/a	n/a	n/a
343.940	0.000	trigger_11	11	343940	Trigger-In:11	63	fixation_point_on	n/a	n/a	n/a	n/a	n/a	n/a	n/a
344.540	0.000	trigger_21	21	344540	Trigger-In:21	63	grating_on	n/a	n/a	n/a	n/a	n/a	n/a	n/a
344.590	0.000	trigger_20	20	344590	Trigger-In:20	63	grating_off	n/a	n/a	n/a	n/a	n/a	n/a	n/a
345.190	0.000	trigger_31	31	345190	Trigger-In:31	63	targets_on_fp_color_change	n/a	n/a	n/a	n/a	n/a	n/a	n/a
346.085	0.000	trigger_201	201	346085	Trigger-In:201	63	trial_end_completed	n/a	n/a	n/a	n/a	n/a	n/a	n/a
347.150	0.000	trigger_101	101	347150	Trigger-In:101	64	trial_start	n/a	n/a	n/a	n/a	n/a	n/a	n/a
347.255	0.000	trigger_11	11	347255	Trigger-In:11	64	fixation_point_on	n/a	n/a	n/a	n/a	n/a	n/a	n/a
347.860	0.000	trigger_21	21	347860	Trigger-In:21	64	grating_on	n/a	n/a	n/a	n/a	n/a	n/a	n/a
347.910	0.000	trigger_20	20	347910	Trigger-In:20	64	grating_off	n/a	n/a	n/a	n/a	n/a	n/a	n/a
348.510	0.000	trigger_31	31	348510	Trigger-In:31	64	targets_on_fp_color_change	n/a	n/a	n/a	n/a	n/a	n/a	n/a
349.360	0.000	trigger_201	201	349360	Trigger-In:201	64	trial_end_completed	n/a	n/a	n/a	n/a	n/a	n/a	n/a
350.430	0.000	trigger_101	101	350430	Trigger-In:101	65	trial_start	n/a	n/a	n/a	n/a	n/a	n/a	n/a
350.535	0.000	trigger_11	11	350535	Trigger-In:11	65	fixation_point_on	n/a	n/a	n/a	n/a	n/a	n/a	n/a
351.135	0.000	trigger_21	21	351135	Trigger-In:21	65	grating_on	n/a	n/a	n/a	n/a	n/a	n/a	n/a
351.185	0.000	trigger_20	20	351185	Trigger-In:20	65	grating_off	n/a	n/a	n/a	n/a	n/a	n/a	n/a
351.785	0.000	trigger_31	31	351785	Trigger-In:31	65	targets_on_fp_color_change	n/a	n/a	n/a	n/a	n/a	n/a	n/a
353.080	0.000	trigger_201	201	353080	Trigger-In:201	65	trial_end_completed	n/a	n/a	n/a	n/a	n/a	n/a	n/a
354.150	0.000	trigger_101	101	354150	Trigger-In:101	66	trial_start	n/a	n/a	n/a	n/a	n/a	n/a	n/a
354.255	0.000	trigger_11	11	354255	Trigger-In:11	66	fixation_point_on	n/a	n/a	n/a	n/a	n/a	n/a	n/a
354.855	0.000	trigger_21	21	354855	Trigger-In:21	66	grating_on	n/a	n/a	n/a	n/a	n/a	n/a	n/a
354.905	0.000	trigger_20	20	354905	Trigger-In:20	66	grating_off	n/a	n/a	n/a	n/a	n/a	n/a	n/a
355.505	0.000	trigger_31	31	355505	Trigger-In:31	66	targets_on_fp_color_change	n/a	n/a	n/a	n/a	n/a	n/a	n/a
356.520	0.000	trigger_201	201	356520	Trigger-In:201	66	trial_end_completed	n/a	n/a	n/a	n/a	n/a	n/a	n/a
357.585	0.000	trigger_101	101	357585	Trigger-In:101	67	trial_start	n/a	n/a	n/a	n/a	n/a	n/a	n/a
357.690	0.000	trigger_11	11	357690	Trigger-In:11	67	fixation_point_on	n/a	n/a	n/a	n/a	n/a	n/a	n/a
358.290	0.000	trigger_21	21	358290	Trigger-In:21	67	grating_on	n/a	n/a	n/a	n/a	n/a	n/a	n/a
358.340	0.000	trigger_20	20	358340	Trigger-In:20	67	grating_off	n/a	n/a	n/a	n/a	n/a	n/a	n/a
358.940	0.000	trigger_31	31	358940	Trigger-In:31	67	targets_on_fp_color_change	n/a	n/a	n/a	n/a	n/a	n/a	n/a
359.830	0.000	trigger_201	201	359830	Trigger-In:201	67	trial_end_completed	n/a	n/a	n/a	n/a	n/a	n/a	n/a
361.150	0.000	trigger_101	101	361150	Trigger-In:101	68	trial_start	n/a	n/a	n/a	n/a	n/a	n/a	n/a
361.255	0.000	trigger_11	11	361255	Trigger-In:11	68	fixation_point_on	n/a	n/a	n/a	n/a	n/a	n/a	n/a
361.855	0.000	trigger_21	21	361855	Trigger-In:21	68	grating_on	n/a	n/a	n/a	n/a	n/a	n/a	n/a
361.905	0.000	trigger_20	20	361905	Trigger-In:20	68	grating_off	n/a	n/a	n/a	n/a	n/a	n/a	n/a
362.505	0.000	trigger_31	31	362505	Trigger-In:31	68	targets_on_fp_color_change	n/a	n/a	n/a	n/a	n/a	n/a	n/a
364.005	0.000	trigger_201	201	364005	Trigger-In:201	68	trial_end_completed	n/a	n/a	n/a	n/a	n/a	n/a	n/a
365.070	0.000	trigger_101	101	365070	Trigger-In:101	69	trial_start	n/a	n/a	n/a	n/a	n/a	n/a	n/a
365.175	0.000	trigger_11	11	365175	Trigger-In:11	69	fixation_point_on	n/a	n/a	n/a	n/a	n/a	n/a	n/a
365.775	0.000	trigger_21	21	365775	Trigger-In:21	69	grating_on	n/a	n/a	n/a	n/a	n/a	n/a	n/a
365.825	0.000	trigger_20	20	365825	Trigger-In:20	69	grating_off	n/a	n/a	n/a	n/a	n/a	n/a	n/a
366.430	0.000	trigger_31	31	366430	Trigger-In:31	69	targets_on_fp_color_change	n/a	n/a	n/a	n/a	n/a	n/a	n/a
367.335	0.000	trigger_201	201	367335	Trigger-In:201	69	trial_end_completed	n/a	n/a	n/a	n/a	n/a	n/a	n/a
368.400	0.000	trigger_101	101	368400	Trigger-In:101	70	trial_start	n/a	n/a	n/a	n/a	n/a	n/a	n/a
368.505	0.000	trigger_11	11	368505	Trigger-In:11	70	fixation_point_on	n/a	n/a	n/a	n/a	n/a	n/a	n/a
369.105	0.000	trigger_21	21	369105	Trigger-In:21	70	grating_on	n/a	n/a	n/a	n/a	n/a	n/a	n/a
369.160	0.000	trigger_20	20	369160	Trigger-In:20	70	grating_off	n/a	n/a	n/a	n/a	n/a	n/a	n/a
369.760	0.000	trigger_31	31	369760	Trigger-In:31	70	targets_on_fp_color_change	n/a	n/a	n/a	n/a	n/a	n/a	n/a
370.375	0.000	trigger_201	201	370375	Trigger-In:201	70	trial_end_completed	n/a	n/a	n/a	n/a	n/a	n/a	n/a
371.445	0.000	trigger_101	101	371445	Trigger-In:101	71	trial_start	n/a	n/a	n/a	n/a	n/a	n/a	n/a
371.550	0.000	trigger_11	11	371550	Trigger-In:11	71	fixation_point_on	n/a	n/a	n/a	n/a	n/a	n/a	n/a
372.150	0.000	trigger_21	21	372150	Trigger-In:21	71	grating_on	n/a	n/a	n/a	n/a	n/a	n/a	n/a
372.200	0.000	trigger_20	20	372200	Trigger-In:20	71	grating_off	n/a	n/a	n/a	n/a	n/a	n/a	n/a
372.800	0.000	trigger_31	31	372800	Trigger-In:31	71	targets_on_fp_color_change	n/a	n/a	n/a	n/a	n/a	n/a	n/a
373.395	0.000	trigger_201	201	373395	Trigger-In:201	71	trial_end_completed	n/a	n/a	n/a	n/a	n/a	n/a	n/a
374.465	0.000	trigger_101	101	374465	Trigger-In:101	72	trial_start	n/a	n/a	n/a	n/a	n/a	n/a	n/a
374.570	0.000	trigger_11	11	374570	Trigger-In:11	72	fixation_point_on	n/a	n/a	n/a	n/a	n/a	n/a	n/a
375.170	0.000	trigger_21	21	375170	Trigger-In:21	72	grating_on	n/a	n/a	n/a	n/a	n/a	n/a	n/a
375.225	0.000	trigger_20	20	375225	Trigger-In:20	72	grating_off	n/a	n/a	n/a	n/a	n/a	n/a	n/a
375.825	0.000	trigger_31	31	375825	Trigger-In:31	72	targets_on_fp_color_change	n/a	n/a	n/a	n/a	n/a	n/a	n/a
376.590	0.000	trigger_201	201	376590	Trigger-In:201	72	trial_end_completed	n/a	n/a	n/a	n/a	n/a	n/a	n/a
377.655	0.000	trigger_101	101	377655	Trigger-In:101	73	trial_start	n/a	n/a	n/a	n/a	n/a	n/a	n/a
377.760	0.000	trigger_11	11	377760	Trigger-In:11	73	fixation_point_on	n/a	n/a	n/a	n/a	n/a	n/a	n/a
378.360	0.000	trigger_21	21	378360	Trigger-In:21	73	grating_on	n/a	n/a	n/a	n/a	n/a	n/a	n/a
378.410	0.000	trigger_20	20	378410	Trigger-In:20	73	grating_off	n/a	n/a	n/a	n/a	n/a	n/a	n/a
379.010	0.000	trigger_31	31	379010	Trigger-In:31	73	targets_on_fp_color_change	n/a	n/a	n/a	n/a	n/a	n/a	n/a
379.690	0.000	trigger_201	201	379690	Trigger-In:201	73	trial_end_completed	n/a	n/a	n/a	n/a	n/a	n/a	n/a
380.755	0.000	trigger_101	101	380755	Trigger-In:101	74	trial_start	n/a	n/a	n/a	n/a	n/a	n/a	n/a
380.860	0.000	trigger_11	11	380860	Trigger-In:11	74	fixation_point_on	n/a	n/a	n/a	n/a	n/a	n/a	n/a
381.460	0.000	trigger_21	21	381460	Trigger-In:21	74	grating_on	n/a	n/a	n/a	n/a	n/a	n/a	n/a
381.510	0.000	trigger_20	20	381510	Trigger-In:20	74	grating_off	n/a	n/a	n/a	n/a	n/a	n/a	n/a
382.115	0.000	trigger_31	31	382115	Trigger-In:31	74	targets_on_fp_color_change	n/a	n/a	n/a	n/a	n/a	n/a	n/a
383.110	0.000	trigger_201	201	383110	Trigger-In:201	74	trial_end_completed	n/a	n/a	n/a	n/a	n/a	n/a	n/a
384.180	0.000	trigger_101	101	384180	Trigger-In:101	75	trial_start	n/a	n/a	n/a	n/a	n/a	n/a	n/a
384.285	0.000	trigger_11	11	384285	Trigger-In:11	75	fixation_point_on	n/a	n/a	n/a	n/a	n/a	n/a	n/a
384.885	0.000	trigger_21	21	384885	Trigger-In:21	75	grating_on	n/a	n/a	n/a	n/a	n/a	n/a	n/a
384.935	0.000	trigger_20	20	384935	Trigger-In:20	75	grating_off	n/a	n/a	n/a	n/a	n/a	n/a	n/a
385.535	0.000	trigger_31	31	385535	Trigger-In:31	75	targets_on_fp_color_change	n/a	n/a	n/a	n/a	n/a	n/a	n/a
386.500	0.000	trigger_201	201	386500	Trigger-In:201	75	trial_end_completed	n/a	n/a	n/a	n/a	n/a	n/a	n/a
387.570	0.000	trigger_101	101	387570	Trigger-In:101	76	trial_start	n/a	n/a	n/a	n/a	n/a	n/a	n/a
387.675	0.000	trigger_11	11	387675	Trigger-In:11	76	fixation_point_on	n/a	n/a	n/a	n/a	n/a	n/a	n/a
388.275	0.000	trigger_21	21	388275	Trigger-In:21	76	grating_on	n/a	n/a	n/a	n/a	n/a	n/a	n/a
388.325	0.000	trigger_20	20	388325	Trigger-In:20	76	grating_off	n/a	n/a	n/a	n/a	n/a	n/a	n/a
388.925	0.000	trigger_31	31	388925	Trigger-In:31	76	targets_on_fp_color_change	n/a	n/a	n/a	n/a	n/a	n/a	n/a
389.835	0.000	trigger_201	201	389835	Trigger-In:201	76	trial_end_completed	n/a	n/a	n/a	n/a	n/a	n/a	n/a
390.900	0.000	trigger_101	101	390900	Trigger-In:101	77	trial_start	n/a	n/a	n/a	n/a	n/a	n/a	n/a
391.005	0.000	trigger_11	11	391005	Trigger-In:11	77	fixation_point_on	n/a	n/a	n/a	n/a	n/a	n/a	n/a
391.605	0.000	trigger_21	21	391605	Trigger-In:21	77	grating_on	n/a	n/a	n/a	n/a	n/a	n/a	n/a
391.655	0.000	trigger_20	20	391655	Trigger-In:20	77	grating_off	n/a	n/a	n/a	n/a	n/a	n/a	n/a
392.255	0.000	trigger_31	31	392255	Trigger-In:31	77	targets_on_fp_color_change	n/a	n/a	n/a	n/a	n/a	n/a	n/a
393.005	0.000	trigger_201	201	393005	Trigger-In:201	77	trial_end_completed	n/a	n/a	n/a	n/a	n/a	n/a	n/a
394.075	0.000	trigger_101	101	394075	Trigger-In:101	78	trial_start	n/a	n/a	n/a	n/a	n/a	n/a	n/a
394.180	0.000	trigger_11	11	394180	Trigger-In:11	78	fixation_point_on	n/a	n/a	n/a	n/a	n/a	n/a	n/a
394.780	0.000	trigger_21	21	394780	Trigger-In:21	78	grating_on	n/a	n/a	n/a	n/a	n/a	n/a	n/a
394.830	0.000	trigger_20	20	394830	Trigger-In:20	78	grating_off	n/a	n/a	n/a	n/a	n/a	n/a	n/a
395.430	0.000	trigger_31	31	395430	Trigger-In:31	78	targets_on_fp_color_change	n/a	n/a	n/a	n/a	n/a	n/a	n/a
396.695	0.000	trigger_201	201	396695	Trigger-In:201	78	trial_end_completed	n/a	n/a	n/a	n/a	n/a	n/a	n/a
397.760	0.000	trigger_101	101	397760	Trigger-In:101	79	trial_start	n/a	n/a	n/a	n/a	n/a	n/a	n/a
397.865	0.000	trigger_11	11	397865	Trigger-In:11	79	fixation_point_on	n/a	n/a	n/a	n/a	n/a	n/a	n/a
398.465	0.000	trigger_21	21	398465	Trigger-In:21	79	grating_on	n/a	n/a	n/a	n/a	n/a	n/a	n/a
398.520	0.000	trigger_20	20	398520	Trigger-In:20	79	grating_off	n/a	n/a	n/a	n/a	n/a	n/a	n/a
399.120	0.000	trigger_31	31	399120	Trigger-In:31	79	targets_on_fp_color_change	n/a	n/a	n/a	n/a	n/a	n/a	n/a
399.780	0.000	trigger_201	201	399780	Trigger-In:201	79	trial_end_completed	n/a	n/a	n/a	n/a	n/a	n/a	n/a
400.850	0.000	trigger_101	101	400850	Trigger-In:101	80	trial_start	n/a	n/a	n/a	n/a	n/a	n/a	n/a
400.955	0.000	trigger_11	11	400955	Trigger-In:11	80	fixation_point_on	n/a	n/a	n/a	n/a	n/a	n/a	n/a
401.555	0.000	trigger_21	21	401555	Trigger-In:21	80	grating_on	n/a	n/a	n/a	n/a	n/a	n/a	n/a
401.605	0.000	trigger_20	20	401605	Trigger-In:20	80	grating_off	n/a	n/a	n/a	n/a	n/a	n/a	n/a
402.205	0.000	trigger_31	31	402205	Trigger-In:31	80	targets_on_fp_color_change	n/a	n/a	n/a	n/a	n/a	n/a	n/a
403.150	0.000	trigger_201	201	403150	Trigger-In:201	80	trial_end_completed	n/a	n/a	n/a	n/a	n/a	n/a	n/a
404.215	0.000	trigger_101	101	404215	Trigger-In:101	81	trial_start	n/a	n/a	n/a	n/a	n/a	n/a	n/a
404.320	0.000	trigger_11	11	404320	Trigger-In:11	81	fixation_point_on	n/a	n/a	n/a	n/a	n/a	n/a	n/a
404.920	0.000	trigger_21	21	404920	Trigger-In:21	81	grating_on	n/a	n/a	n/a	n/a	n/a	n/a	n/a
404.970	0.000	trigger_20	20	404970	Trigger-In:20	81	grating_off	n/a	n/a	n/a	n/a	n/a	n/a	n/a
405.570	0.000	trigger_31	31	405570	Trigger-In:31	81	targets_on_fp_color_change	n/a	n/a	n/a	n/a	n/a	n/a	n/a
406.445	0.000	trigger_201	201	406445	Trigger-In:201	81	trial_end_completed	n/a	n/a	n/a	n/a	n/a	n/a	n/a
407.515	0.000	trigger_101	101	407515	Trigger-In:101	82	trial_start	n/a	n/a	n/a	n/a	n/a	n/a	n/a
407.620	0.000	trigger_11	11	407620	Trigger-In:11	82	fixation_point_on	n/a	n/a	n/a	n/a	n/a	n/a	n/a
408.220	0.000	trigger_21	21	408220	Trigger-In:21	82	grating_on	n/a	n/a	n/a	n/a	n/a	n/a	n/a
408.270	0.000	trigger_20	20	408270	Trigger-In:20	82	grating_off	n/a	n/a	n/a	n/a	n/a	n/a	n/a
408.870	0.000	trigger_31	31	408870	Trigger-In:31	82	targets_on_fp_color_change	n/a	n/a	n/a	n/a	n/a	n/a	n/a
409.885	0.000	trigger_201	201	409885	Trigger-In:201	82	trial_end_completed	n/a	n/a	n/a	n/a	n/a	n/a	n/a
410.955	0.000	trigger_101	101	410955	Trigger-In:101	83	trial_start	n/a	n/a	n/a	n/a	n/a	n/a	n/a
411.060	0.000	trigger_11	11	411060	Trigger-In:11	83	fixation_point_on	n/a	n/a	n/a	n/a	n/a	n/a	n/a
411.660	0.000	trigger_21	21	411660	Trigger-In:21	83	grating_on	n/a	n/a	n/a	n/a	n/a	n/a	n/a
411.715	0.000	trigger_20	20	411715	Trigger-In:20	83	grating_off	n/a	n/a	n/a	n/a	n/a	n/a	n/a
412.315	0.000	trigger_31	31	412315	Trigger-In:31	83	targets_on_fp_color_change	n/a	n/a	n/a	n/a	n/a	n/a	n/a
413.260	0.000	trigger_201	201	413260	Trigger-In:201	83	trial_end_completed	n/a	n/a	n/a	n/a	n/a	n/a	n/a
414.325	0.000	trigger_101	101	414325	Trigger-In:101	84	trial_start	n/a	n/a	n/a	n/a	n/a	n/a	n/a
414.430	0.000	trigger_11	11	414430	Trigger-In:11	84	fixation_point_on	n/a	n/a	n/a	n/a	n/a	n/a	n/a
415.035	0.000	trigger_21	21	415035	Trigger-In:21	84	grating_on	n/a	n/a	n/a	n/a	n/a	n/a	n/a
415.085	0.000	trigger_20	20	415085	Trigger-In:20	84	grating_off	n/a	n/a	n/a	n/a	n/a	n/a	n/a
415.685	0.000	trigger_31	31	415685	Trigger-In:31	84	targets_on_fp_color_change	n/a	n/a	n/a	n/a	n/a	n/a	n/a
417.000	0.000	trigger_201	201	417000	Trigger-In:201	84	trial_end_completed	n/a	n/a	n/a	n/a	n/a	n/a	n/a
418.065	0.000	trigger_101	101	418065	Trigger-In:101	85	trial_start	n/a	n/a	n/a	n/a	n/a	n/a	n/a
418.170	0.000	trigger_11	11	418170	Trigger-In:11	85	fixation_point_on	n/a	n/a	n/a	n/a	n/a	n/a	n/a
418.770	0.000	trigger_21	21	418770	Trigger-In:21	85	grating_on	n/a	n/a	n/a	n/a	n/a	n/a	n/a
418.820	0.000	trigger_20	20	418820	Trigger-In:20	85	grating_off	n/a	n/a	n/a	n/a	n/a	n/a	n/a
419.420	0.000	trigger_31	31	419420	Trigger-In:31	85	targets_on_fp_color_change	n/a	n/a	n/a	n/a	n/a	n/a	n/a
420.335	0.000	trigger_201	201	420335	Trigger-In:201	85	trial_end_completed	n/a	n/a	n/a	n/a	n/a	n/a	n/a
421.400	0.000	trigger_101	101	421400	Trigger-In:101	86	trial_start	n/a	n/a	n/a	n/a	n/a	n/a	n/a
421.505	0.000	trigger_11	11	421505	Trigger-In:11	86	fixation_point_on	n/a	n/a	n/a	n/a	n/a	n/a	n/a
422.105	0.000	trigger_21	21	422105	Trigger-In:21	86	grating_on	n/a	n/a	n/a	n/a	n/a	n/a	n/a
422.160	0.000	trigger_20	20	422160	Trigger-In:20	86	grating_off	n/a	n/a	n/a	n/a	n/a	n/a	n/a
422.760	0.000	trigger_31	31	422760	Trigger-In:31	86	targets_on_fp_color_change	n/a	n/a	n/a	n/a	n/a	n/a	n/a
423.375	0.000	trigger_201	201	423375	Trigger-In:201	86	trial_end_completed	n/a	n/a	n/a	n/a	n/a	n/a	n/a
424.445	0.000	trigger_101	101	424445	Trigger-In:101	87	trial_start	n/a	n/a	n/a	n/a	n/a	n/a	n/a
424.550	0.000	trigger_11	11	424550	Trigger-In:11	87	fixation_point_on	n/a	n/a	n/a	n/a	n/a	n/a	n/a
425.150	0.000	trigger_21	21	425150	Trigger-In:21	87	grating_on	n/a	n/a	n/a	n/a	n/a	n/a	n/a
425.200	0.000	trigger_20	20	425200	Trigger-In:20	87	grating_off	n/a	n/a	n/a	n/a	n/a	n/a	n/a
425.800	0.000	trigger_31	31	425800	Trigger-In:31	87	targets_on_fp_color_change	n/a	n/a	n/a	n/a	n/a	n/a	n/a
426.875	0.000	trigger_201	201	426875	Trigger-In:201	87	trial_end_completed	n/a	n/a	n/a	n/a	n/a	n/a	n/a
427.940	0.000	trigger_101	101	427940	Trigger-In:101	88	trial_start	n/a	n/a	n/a	n/a	n/a	n/a	n/a
428.040	0.000	trigger_11	11	428040	Trigger-In:11	88	fixation_point_on	n/a	n/a	n/a	n/a	n/a	n/a	n/a
428.645	0.000	trigger_21	21	428645	Trigger-In:21	88	grating_on	n/a	n/a	n/a	n/a	n/a	n/a	n/a
428.695	0.000	trigger_20	20	428695	Trigger-In:20	88	grating_off	n/a	n/a	n/a	n/a	n/a	n/a	n/a
429.295	0.000	trigger_31	31	429295	Trigger-In:31	88	targets_on_fp_color_change	n/a	n/a	n/a	n/a	n/a	n/a	n/a
430.385	0.000	trigger_201	201	430385	Trigger-In:201	88	trial_end_completed	n/a	n/a	n/a	n/a	n/a	n/a	n/a
431.705	0.000	trigger_101	101	431705	Trigger-In:101	89	trial_start	n/a	n/a	n/a	n/a	n/a	n/a	n/a
431.810	0.000	trigger_11	11	431810	Trigger-In:11	89	fixation_point_on	n/a	n/a	n/a	n/a	n/a	n/a	n/a
432.410	0.000	trigger_21	21	432410	Trigger-In:21	89	grating_on	n/a	n/a	n/a	n/a	n/a	n/a	n/a
432.460	0.000	trigger_20	20	432460	Trigger-In:20	89	grating_off	n/a	n/a	n/a	n/a	n/a	n/a	n/a
433.065	0.000	trigger_31	31	433065	Trigger-In:31	89	targets_on_fp_color_change	n/a	n/a	n/a	n/a	n/a	n/a	n/a
433.875	0.000	trigger_201	201	433875	Trigger-In:201	89	trial_end_completed	n/a	n/a	n/a	n/a	n/a	n/a	n/a
434.945	0.000	trigger_101	101	434945	Trigger-In:101	90	trial_start	n/a	n/a	n/a	n/a	n/a	n/a	n/a
435.050	0.000	trigger_11	11	435050	Trigger-In:11	90	fixation_point_on	n/a	n/a	n/a	n/a	n/a	n/a	n/a
435.650	0.000	trigger_21	21	435650	Trigger-In:21	90	grating_on	n/a	n/a	n/a	n/a	n/a	n/a	n/a
435.700	0.000	trigger_20	20	435700	Trigger-In:20	90	grating_off	n/a	n/a	n/a	n/a	n/a	n/a	n/a
436.300	0.000	trigger_31	31	436300	Trigger-In:31	90	targets_on_fp_color_change	n/a	n/a	n/a	n/a	n/a	n/a	n/a
437.350	0.000	trigger_201	201	437350	Trigger-In:201	90	trial_end_completed	n/a	n/a	n/a	n/a	n/a	n/a	n/a
438.415	0.000	trigger_101	101	438415	Trigger-In:101	91	trial_start	n/a	n/a	n/a	n/a	n/a	n/a	n/a
438.520	0.000	trigger_11	11	438520	Trigger-In:11	91	fixation_point_on	n/a	n/a	n/a	n/a	n/a	n/a	n/a
439.120	0.000	trigger_21	21	439120	Trigger-In:21	91	grating_on	n/a	n/a	n/a	n/a	n/a	n/a	n/a
439.170	0.000	trigger_20	20	439170	Trigger-In:20	91	grating_off	n/a	n/a	n/a	n/a	n/a	n/a	n/a
439.775	0.000	trigger_31	31	439775	Trigger-In:31	91	targets_on_fp_color_change	n/a	n/a	n/a	n/a	n/a	n/a	n/a
441.015	0.000	trigger_201	201	441015	Trigger-In:201	91	trial_end_completed	n/a	n/a	n/a	n/a	n/a	n/a	n/a
442.085	0.000	trigger_101	101	442085	Trigger-In:101	92	trial_start	n/a	n/a	n/a	n/a	n/a	n/a	n/a
442.190	0.000	trigger_11	11	442190	Trigger-In:11	92	fixation_point_on	n/a	n/a	n/a	n/a	n/a	n/a	n/a
442.790	0.000	trigger_21	21	442790	Trigger-In:21	92	grating_on	n/a	n/a	n/a	n/a	n/a	n/a	n/a
442.840	0.000	trigger_20	20	442840	Trigger-In:20	92	grating_off	n/a	n/a	n/a	n/a	n/a	n/a	n/a
443.440	0.000	trigger_31	31	443440	Trigger-In:31	92	targets_on_fp_color_change	n/a	n/a	n/a	n/a	n/a	n/a	n/a
444.525	0.000	trigger_201	201	444525	Trigger-In:201	92	trial_end_completed	n/a	n/a	n/a	n/a	n/a	n/a	n/a
445.595	0.000	trigger_101	101	445595	Trigger-In:101	93	trial_start	n/a	n/a	n/a	n/a	n/a	n/a	n/a
445.700	0.000	trigger_11	11	445700	Trigger-In:11	93	fixation_point_on	n/a	n/a	n/a	n/a	n/a	n/a	n/a
446.300	0.000	trigger_21	21	446300	Trigger-In:21	93	grating_on	n/a	n/a	n/a	n/a	n/a	n/a	n/a
446.350	0.000	trigger_20	20	446350	Trigger-In:20	93	grating_off	n/a	n/a	n/a	n/a	n/a	n/a	n/a
446.950	0.000	trigger_31	31	446950	Trigger-In:31	93	targets_on_fp_color_change	n/a	n/a	n/a	n/a	n/a	n/a	n/a
447.890	0.000	trigger_201	201	447890	Trigger-In:201	93	trial_end_completed	n/a	n/a	n/a	n/a	n/a	n/a	n/a
448.960	0.000	trigger_101	101	448960	Trigger-In:101	94	trial_start	n/a	n/a	n/a	n/a	n/a	n/a	n/a
449.065	0.000	trigger_11	11	449065	Trigger-In:11	94	fixation_point_on	n/a	n/a	n/a	n/a	n/a	n/a	n/a
449.665	0.000	trigger_21	21	449665	Trigger-In:21	94	grating_on	n/a	n/a	n/a	n/a	n/a	n/a	n/a
449.715	0.000	trigger_20	20	449715	Trigger-In:20	94	grating_off	n/a	n/a	n/a	n/a	n/a	n/a	n/a
450.315	0.000	trigger_31	31	450315	Trigger-In:31	94	targets_on_fp_color_change	n/a	n/a	n/a	n/a	n/a	n/a	n/a
451.115	0.000	trigger_201	201	451115	Trigger-In:201	94	trial_end_completed	n/a	n/a	n/a	n/a	n/a	n/a	n/a
452.185	0.000	trigger_101	101	452185	Trigger-In:101	95	trial_start	n/a	n/a	n/a	n/a	n/a	n/a	n/a
452.290	0.000	trigger_11	11	452290	Trigger-In:11	95	fixation_point_on	n/a	n/a	n/a	n/a	n/a	n/a	n/a
452.890	0.000	trigger_21	21	452890	Trigger-In:21	95	grating_on	n/a	n/a	n/a	n/a	n/a	n/a	n/a
452.940	0.000	trigger_20	20	452940	Trigger-In:20	95	grating_off	n/a	n/a	n/a	n/a	n/a	n/a	n/a
453.540	0.000	trigger_31	31	453540	Trigger-In:31	95	targets_on_fp_color_change	n/a	n/a	n/a	n/a	n/a	n/a	n/a
454.345	0.000	trigger_201	201	454345	Trigger-In:201	95	trial_end_completed	n/a	n/a	n/a	n/a	n/a	n/a	n/a
455.410	0.000	trigger_101	101	455410	Trigger-In:101	96	trial_start	n/a	n/a	n/a	n/a	n/a	n/a	n/a
455.515	0.000	trigger_11	11	455515	Trigger-In:11	96	fixation_point_on	n/a	n/a	n/a	n/a	n/a	n/a	n/a
456.115	0.000	trigger_21	21	456115	Trigger-In:21	96	grating_on	n/a	n/a	n/a	n/a	n/a	n/a	n/a
456.165	0.000	trigger_20	20	456165	Trigger-In:20	96	grating_off	n/a	n/a	n/a	n/a	n/a	n/a	n/a
456.770	0.000	trigger_31	31	456770	Trigger-In:31	96	targets_on_fp_color_change	n/a	n/a	n/a	n/a	n/a	n/a	n/a
457.605	0.000	trigger_201	201	457605	Trigger-In:201	96	trial_end_completed	n/a	n/a	n/a	n/a	n/a	n/a	n/a
458.675	0.000	trigger_101	101	458675	Trigger-In:101	97	trial_start	n/a	n/a	n/a	n/a	n/a	n/a	n/a
458.775	0.000	trigger_11	11	458775	Trigger-In:11	97	fixation_point_on	n/a	n/a	n/a	n/a	n/a	n/a	n/a
459.380	0.000	trigger_21	21	459380	Trigger-In:21	97	grating_on	n/a	n/a	n/a	n/a	n/a	n/a	n/a
459.430	0.000	trigger_20	20	459430	Trigger-In:20	97	grating_off	n/a	n/a	n/a	n/a	n/a	n/a	n/a
460.030	0.000	trigger_31	31	460030	Trigger-In:31	97	targets_on_fp_color_change	n/a	n/a	n/a	n/a	n/a	n/a	n/a
460.960	0.000	trigger_201	201	460960	Trigger-In:201	97	trial_end_completed	n/a	n/a	n/a	n/a	n/a	n/a	n/a
462.030	0.000	trigger_100	100	462030	Trigger-In:100	97	n/a	n/a	n/a	n/a	n/a	n/a	n/a	n/a
462.135	0.000	trigger_11	11	462135	Trigger-In:11	97	fixation_point_on	n/a	n/a	n/a	n/a	n/a	n/a	n/a
462.735	0.000	trigger_21	21	462735	Trigger-In:21	97	grating_on	n/a	n/a	n/a	n/a	n/a	n/a	n/a
462.785	0.000	trigger_20	20	462785	Trigger-In:20	97	grating_off	n/a	n/a	n/a	n/a	n/a	n/a	n/a
463.385	0.000	trigger_31	31	463385	Trigger-In:31	97	targets_on_fp_color_change	n/a	n/a	n/a	n/a	n/a	n/a	n/a
464.020	0.000	trigger_201	201	464020	Trigger-In:201	97	trial_end_completed	n/a	n/a	n/a	n/a	n/a	n/a	n/a
465.090	0.000	trigger_101	101	465090	Trigger-In:101	98	trial_start	n/a	n/a	n/a	n/a	n/a	n/a	n/a
465.195	0.000	trigger_11	11	465195	Trigger-In:11	98	fixation_point_on	n/a	n/a	n/a	n/a	n/a	n/a	n/a
465.795	0.000	trigger_21	21	465795	Trigger-In:21	98	grating_on	n/a	n/a	n/a	n/a	n/a	n/a	n/a
465.845	0.000	trigger_20	20	465845	Trigger-In:20	98	grating_off	n/a	n/a	n/a	n/a	n/a	n/a	n/a
466.445	0.000	trigger_31	31	466445	Trigger-In:31	98	targets_on_fp_color_change	n/a	n/a	n/a	n/a	n/a	n/a	n/a
467.625	0.000	trigger_201	201	467625	Trigger-In:201	98	trial_end_completed	n/a	n/a	n/a	n/a	n/a	n/a	n/a
468.695	0.000	trigger_101	101	468695	Trigger-In:101	99	trial_start	n/a	n/a	n/a	n/a	n/a	n/a	n/a
468.795	0.000	trigger_11	11	468795	Trigger-In:11	99	fixation_point_on	n/a	n/a	n/a	n/a	n/a	n/a	n/a
469.400	0.000	trigger_21	21	469400	Trigger-In:21	99	grating_on	n/a	n/a	n/a	n/a	n/a	n/a	n/a
469.450	0.000	trigger_20	20	469450	Trigger-In:20	99	grating_off	n/a	n/a	n/a	n/a	n/a	n/a	n/a
470.050	0.000	trigger_31	31	470050	Trigger-In:31	99	targets_on_fp_color_change	n/a	n/a	n/a	n/a	n/a	n/a	n/a
470.675	0.000	trigger_201	201	470675	Trigger-In:201	99	trial_end_completed	n/a	n/a	n/a	n/a	n/a	n/a	n/a
471.740	0.000	trigger_101	101	471740	Trigger-In:101	100	trial_start	n/a	n/a	n/a	n/a	n/a	n/a	n/a
471.850	0.000	trigger_11	11	471850	Trigger-In:11	100	fixation_point_on	n/a	n/a	n/a	n/a	n/a	n/a	n/a
472.450	0.000	trigger_21	21	472450	Trigger-In:21	100	grating_on	n/a	n/a	n/a	n/a	n/a	n/a	n/a
472.500	0.000	trigger_20	20	472500	Trigger-In:20	100	grating_off	n/a	n/a	n/a	n/a	n/a	n/a	n/a
473.100	0.000	trigger_31	31	473100	Trigger-In:31	100	targets_on_fp_color_change	n/a	n/a	n/a	n/a	n/a	n/a	n/a
473.700	0.000	trigger_201	201	473700	Trigger-In:201	100	trial_end_completed	n/a	n/a	n/a	n/a	n/a	n/a	n/a
474.770	0.000	trigger_101	101	474770	Trigger-In:101	101	trial_start	n/a	n/a	n/a	n/a	n/a	n/a	n/a
474.875	0.000	trigger_11	11	474875	Trigger-In:11	101	fixation_point_on	n/a	n/a	n/a	n/a	n/a	n/a	n/a
475.475	0.000	trigger_21	21	475475	Trigger-In:21	101	grating_on	n/a	n/a	n/a	n/a	n/a	n/a	n/a
475.525	0.000	trigger_20	20	475525	Trigger-In:20	101	grating_off	n/a	n/a	n/a	n/a	n/a	n/a	n/a
476.125	0.000	trigger_31	31	476125	Trigger-In:31	101	targets_on_fp_color_change	n/a	n/a	n/a	n/a	n/a	n/a	n/a
477.175	0.000	trigger_201	201	477175	Trigger-In:201	101	trial_end_completed	n/a	n/a	n/a	n/a	n/a	n/a	n/a
478.240	0.000	trigger_101	101	478240	Trigger-In:101	102	trial_start	n/a	n/a	n/a	n/a	n/a	n/a	n/a
478.345	0.000	trigger_11	11	478345	Trigger-In:11	102	fixation_point_on	n/a	n/a	n/a	n/a	n/a	n/a	n/a
478.950	0.000	trigger_21	21	478950	Trigger-In:21	102	grating_on	n/a	n/a	n/a	n/a	n/a	n/a	n/a
479.000	0.000	trigger_20	20	479000	Trigger-In:20	102	grating_off	n/a	n/a	n/a	n/a	n/a	n/a	n/a
479.600	0.000	trigger_31	31	479600	Trigger-In:31	102	targets_on_fp_color_change	n/a	n/a	n/a	n/a	n/a	n/a	n/a
480.225	0.000	trigger_201	201	480225	Trigger-In:201	102	trial_end_completed	n/a	n/a	n/a	n/a	n/a	n/a	n/a
481.295	0.000	trigger_101	101	481295	Trigger-In:101	103	trial_start	n/a	n/a	n/a	n/a	n/a	n/a	n/a
481.400	0.000	trigger_11	11	481400	Trigger-In:11	103	fixation_point_on	n/a	n/a	n/a	n/a	n/a	n/a	n/a
482.000	0.000	trigger_21	21	482000	Trigger-In:21	103	grating_on	n/a	n/a	n/a	n/a	n/a	n/a	n/a
482.050	0.000	trigger_20	20	482050	Trigger-In:20	103	grating_off	n/a	n/a	n/a	n/a	n/a	n/a	n/a
482.650	0.000	trigger_31	31	482650	Trigger-In:31	103	targets_on_fp_color_change	n/a	n/a	n/a	n/a	n/a	n/a	n/a
483.230	0.000	trigger_201	201	483230	Trigger-In:201	103	trial_end_completed	n/a	n/a	n/a	n/a	n/a	n/a	n/a
484.300	0.000	trigger_101	101	484300	Trigger-In:101	104	trial_start	n/a	n/a	n/a	n/a	n/a	n/a	n/a
484.405	0.000	trigger_11	11	484405	Trigger-In:11	104	fixation_point_on	n/a	n/a	n/a	n/a	n/a	n/a	n/a
485.005	0.000	trigger_21	21	485005	Trigger-In:21	104	grating_on	n/a	n/a	n/a	n/a	n/a	n/a	n/a
485.055	0.000	trigger_20	20	485055	Trigger-In:20	104	grating_off	n/a	n/a	n/a	n/a	n/a	n/a	n/a
485.655	0.000	trigger_31	31	485655	Trigger-In:31	104	targets_on_fp_color_change	n/a	n/a	n/a	n/a	n/a	n/a	n/a
486.225	0.000	trigger_201	201	486225	Trigger-In:201	104	trial_end_completed	n/a	n/a	n/a	n/a	n/a	n/a	n/a
487.295	0.000	trigger_101	101	487295	Trigger-In:101	105	trial_start	n/a	n/a	n/a	n/a	n/a	n/a	n/a
487.395	0.000	trigger_11	11	487395	Trigger-In:11	105	fixation_point_on	n/a	n/a	n/a	n/a	n/a	n/a	n/a
488.000	0.000	trigger_21	21	488000	Trigger-In:21	105	grating_on	n/a	n/a	n/a	n/a	n/a	n/a	n/a
488.050	0.000	trigger_20	20	488050	Trigger-In:20	105	grating_off	n/a	n/a	n/a	n/a	n/a	n/a	n/a
488.650	0.000	trigger_31	31	488650	Trigger-In:31	105	targets_on_fp_color_change	n/a	n/a	n/a	n/a	n/a	n/a	n/a
489.610	0.000	trigger_201	201	489610	Trigger-In:201	105	trial_end_completed	n/a	n/a	n/a	n/a	n/a	n/a	n/a
490.680	0.000	trigger_101	101	490680	Trigger-In:101	106	trial_start	n/a	n/a	n/a	n/a	n/a	n/a	n/a
490.785	0.000	trigger_11	11	490785	Trigger-In:11	106	fixation_point_on	n/a	n/a	n/a	n/a	n/a	n/a	n/a
491.385	0.000	trigger_21	21	491385	Trigger-In:21	106	grating_on	n/a	n/a	n/a	n/a	n/a	n/a	n/a
491.435	0.000	trigger_20	20	491435	Trigger-In:20	106	grating_off	n/a	n/a	n/a	n/a	n/a	n/a	n/a
492.035	0.000	trigger_31	31	492035	Trigger-In:31	106	targets_on_fp_color_change	n/a	n/a	n/a	n/a	n/a	n/a	n/a
493.025	0.000	trigger_201	201	493025	Trigger-In:201	106	trial_end_completed	n/a	n/a	n/a	n/a	n/a	n/a	n/a
494.095	0.000	trigger_101	101	494095	Trigger-In:101	107	trial_start	n/a	n/a	n/a	n/a	n/a	n/a	n/a
494.200	0.000	trigger_11	11	494200	Trigger-In:11	107	fixation_point_on	n/a	n/a	n/a	n/a	n/a	n/a	n/a
494.800	0.000	trigger_21	21	494800	Trigger-In:21	107	grating_on	n/a	n/a	n/a	n/a	n/a	n/a	n/a
494.850	0.000	trigger_20	20	494850	Trigger-In:20	107	grating_off	n/a	n/a	n/a	n/a	n/a	n/a	n/a
495.450	0.000	trigger_31	31	495450	Trigger-In:31	107	targets_on_fp_color_change	n/a	n/a	n/a	n/a	n/a	n/a	n/a
496.345	0.000	trigger_201	201	496345	Trigger-In:201	107	trial_end_completed	n/a	n/a	n/a	n/a	n/a	n/a	n/a
497.415	0.000	trigger_101	101	497415	Trigger-In:101	108	trial_start	n/a	n/a	n/a	n/a	n/a	n/a	n/a
497.515	0.000	trigger_11	11	497515	Trigger-In:11	108	fixation_point_on	n/a	n/a	n/a	n/a	n/a	n/a	n/a
498.120	0.000	trigger_21	21	498120	Trigger-In:21	108	grating_on	n/a	n/a	n/a	n/a	n/a	n/a	n/a
498.170	0.000	trigger_20	20	498170	Trigger-In:20	108	grating_off	n/a	n/a	n/a	n/a	n/a	n/a	n/a
498.770	0.000	trigger_31	31	498770	Trigger-In:31	108	targets_on_fp_color_change	n/a	n/a	n/a	n/a	n/a	n/a	n/a
499.855	0.000	trigger_201	201	499855	Trigger-In:201	108	trial_end_completed	n/a	n/a	n/a	n/a	n/a	n/a	n/a
500.925	0.000	trigger_101	101	500925	Trigger-In:101	109	trial_start	n/a	n/a	n/a	n/a	n/a	n/a	n/a
501.030	0.000	trigger_11	11	501030	Trigger-In:11	109	fixation_point_on	n/a	n/a	n/a	n/a	n/a	n/a	n/a
501.630	0.000	trigger_21	21	501630	Trigger-In:21	109	grating_on	n/a	n/a	n/a	n/a	n/a	n/a	n/a
501.680	0.000	trigger_20	20	501680	Trigger-In:20	109	grating_off	n/a	n/a	n/a	n/a	n/a	n/a	n/a
502.280	0.000	trigger_31	31	502280	Trigger-In:31	109	targets_on_fp_color_change	n/a	n/a	n/a	n/a	n/a	n/a	n/a
503.375	0.000	trigger_201	201	503375	Trigger-In:201	109	trial_end_completed	n/a	n/a	n/a	n/a	n/a	n/a	n/a
504.445	0.000	trigger_101	101	504445	Trigger-In:101	110	trial_start	n/a	n/a	n/a	n/a	n/a	n/a	n/a
504.550	0.000	trigger_11	11	504550	Trigger-In:11	110	fixation_point_on	n/a	n/a	n/a	n/a	n/a	n/a	n/a
505.150	0.000	trigger_21	21	505150	Trigger-In:21	110	grating_on	n/a	n/a	n/a	n/a	n/a	n/a	n/a
505.200	0.000	trigger_20	20	505200	Trigger-In:20	110	grating_off	n/a	n/a	n/a	n/a	n/a	n/a	n/a
505.800	0.000	trigger_31	31	505800	Trigger-In:31	110	targets_on_fp_color_change	n/a	n/a	n/a	n/a	n/a	n/a	n/a
506.645	0.000	trigger_201	201	506645	Trigger-In:201	110	trial_end_completed	n/a	n/a	n/a	n/a	n/a	n/a	n/a
507.715	0.000	trigger_101	101	507715	Trigger-In:101	111	trial_start	n/a	n/a	n/a	n/a	n/a	n/a	n/a
507.820	0.000	trigger_11	11	507820	Trigger-In:11	111	fixation_point_on	n/a	n/a	n/a	n/a	n/a	n/a	n/a
508.420	0.000	trigger_21	21	508420	Trigger-In:21	111	grating_on	n/a	n/a	n/a	n/a	n/a	n/a	n/a
508.470	0.000	trigger_20	20	508470	Trigger-In:20	111	grating_off	n/a	n/a	n/a	n/a	n/a	n/a	n/a
509.070	0.000	trigger_31	31	509070	Trigger-In:31	111	targets_on_fp_color_change	n/a	n/a	n/a	n/a	n/a	n/a	n/a
509.865	0.000	trigger_201	201	509865	Trigger-In:201	111	trial_end_completed	n/a	n/a	n/a	n/a	n/a	n/a	n/a
510.935	0.000	trigger_101	101	510935	Trigger-In:101	112	trial_start	n/a	n/a	n/a	n/a	n/a	n/a	n/a
511.040	0.000	trigger_11	11	511040	Trigger-In:11	112	fixation_point_on	n/a	n/a	n/a	n/a	n/a	n/a	n/a
511.640	0.000	trigger_21	21	511640	Trigger-In:21	112	grating_on	n/a	n/a	n/a	n/a	n/a	n/a	n/a
511.690	0.000	trigger_20	20	511690	Trigger-In:20	112	grating_off	n/a	n/a	n/a	n/a	n/a	n/a	n/a
512.290	0.000	trigger_31	31	512290	Trigger-In:31	112	targets_on_fp_color_change	n/a	n/a	n/a	n/a	n/a	n/a	n/a
513.390	0.000	trigger_201	201	513390	Trigger-In:201	112	trial_end_completed	n/a	n/a	n/a	n/a	n/a	n/a	n/a
514.455	0.000	trigger_101	101	514455	Trigger-In:101	113	trial_start	n/a	n/a	n/a	n/a	n/a	n/a	n/a
514.560	0.000	trigger_11	11	514560	Trigger-In:11	113	fixation_point_on	n/a	n/a	n/a	n/a	n/a	n/a	n/a
515.160	0.000	trigger_21	21	515160	Trigger-In:21	113	grating_on	n/a	n/a	n/a	n/a	n/a	n/a	n/a
515.215	0.000	trigger_20	20	515215	Trigger-In:20	113	grating_off	n/a	n/a	n/a	n/a	n/a	n/a	n/a
515.815	0.000	trigger_31	31	515815	Trigger-In:31	113	targets_on_fp_color_change	n/a	n/a	n/a	n/a	n/a	n/a	n/a
517.410	0.000	trigger_201	201	517410	Trigger-In:201	113	trial_end_completed	n/a	n/a	n/a	n/a	n/a	n/a	n/a
518.480	0.000	trigger_101	101	518480	Trigger-In:101	114	trial_start	n/a	n/a	n/a	n/a	n/a	n/a	n/a
518.580	0.000	trigger_11	11	518580	Trigger-In:11	114	fixation_point_on	n/a	n/a	n/a	n/a	n/a	n/a	n/a
519.180	0.000	trigger_21	21	519180	Trigger-In:21	114	grating_on	n/a	n/a	n/a	n/a	n/a	n/a	n/a
519.235	0.000	trigger_20	20	519235	Trigger-In:20	114	grating_off	n/a	n/a	n/a	n/a	n/a	n/a	n/a
519.835	0.000	trigger_31	31	519835	Trigger-In:31	114	targets_on_fp_color_change	n/a	n/a	n/a	n/a	n/a	n/a	n/a
520.780	0.000	trigger_201	201	520780	Trigger-In:201	114	trial_end_completed	n/a	n/a	n/a	n/a	n/a	n/a	n/a
521.850	0.000	trigger_101	101	521850	Trigger-In:101	115	trial_start	n/a	n/a	n/a	n/a	n/a	n/a	n/a
521.955	0.000	trigger_11	11	521955	Trigger-In:11	115	fixation_point_on	n/a	n/a	n/a	n/a	n/a	n/a	n/a
522.555	0.000	trigger_21	21	522555	Trigger-In:21	115	grating_on	n/a	n/a	n/a	n/a	n/a	n/a	n/a
522.605	0.000	trigger_20	20	522605	Trigger-In:20	115	grating_off	n/a	n/a	n/a	n/a	n/a	n/a	n/a
523.205	0.000	trigger_31	31	523205	Trigger-In:31	115	targets_on_fp_color_change	n/a	n/a	n/a	n/a	n/a	n/a	n/a
524.175	0.000	trigger_201	201	524175	Trigger-In:201	115	trial_end_completed	n/a	n/a	n/a	n/a	n/a	n/a	n/a
525.245	0.000	trigger_101	101	525245	Trigger-In:101	116	trial_start	n/a	n/a	n/a	n/a	n/a	n/a	n/a
525.350	0.000	trigger_11	11	525350	Trigger-In:11	116	fixation_point_on	n/a	n/a	n/a	n/a	n/a	n/a	n/a
525.950	0.000	trigger_21	21	525950	Trigger-In:21	116	grating_on	n/a	n/a	n/a	n/a	n/a	n/a	n/a
526.000	0.000	trigger_20	20	526000	Trigger-In:20	116	grating_off	n/a	n/a	n/a	n/a	n/a	n/a	n/a
526.600	0.000	trigger_31	31	526600	Trigger-In:31	116	targets_on_fp_color_change	n/a	n/a	n/a	n/a	n/a	n/a	n/a
527.270	0.000	trigger_201	201	527270	Trigger-In:201	116	trial_end_completed	n/a	n/a	n/a	n/a	n/a	n/a	n/a
528.340	0.000	trigger_101	101	528340	Trigger-In:101	117	trial_start	n/a	n/a	n/a	n/a	n/a	n/a	n/a
528.440	0.000	trigger_11	11	528440	Trigger-In:11	117	fixation_point_on	n/a	n/a	n/a	n/a	n/a	n/a	n/a
529.040	0.000	trigger_21	21	529040	Trigger-In:21	117	grating_on	n/a	n/a	n/a	n/a	n/a	n/a	n/a
529.095	0.000	trigger_20	20	529095	Trigger-In:20	117	grating_off	n/a	n/a	n/a	n/a	n/a	n/a	n/a
529.695	0.000	trigger_31	31	529695	Trigger-In:31	117	targets_on_fp_color_change	n/a	n/a	n/a	n/a	n/a	n/a	n/a
530.360	0.000	trigger_201	201	530360	Trigger-In:201	117	trial_end_completed	n/a	n/a	n/a	n/a	n/a	n/a	n/a
531.425	0.000	trigger_101	101	531425	Trigger-In:101	118	trial_start	n/a	n/a	n/a	n/a	n/a	n/a	n/a
531.530	0.000	trigger_11	11	531530	Trigger-In:11	118	fixation_point_on	n/a	n/a	n/a	n/a	n/a	n/a	n/a
532.130	0.000	trigger_21	21	532130	Trigger-In:21	118	grating_on	n/a	n/a	n/a	n/a	n/a	n/a	n/a
532.180	0.000	trigger_20	20	532180	Trigger-In:20	118	grating_off	n/a	n/a	n/a	n/a	n/a	n/a	n/a
532.780	0.000	trigger_31	31	532780	Trigger-In:31	118	targets_on_fp_color_change	n/a	n/a	n/a	n/a	n/a	n/a	n/a
533.465	0.000	trigger_201	201	533465	Trigger-In:201	118	trial_end_completed	n/a	n/a	n/a	n/a	n/a	n/a	n/a
534.535	0.000	trigger_101	101	534535	Trigger-In:101	119	trial_start	n/a	n/a	n/a	n/a	n/a	n/a	n/a
534.640	0.000	trigger_11	11	534640	Trigger-In:11	119	fixation_point_on	n/a	n/a	n/a	n/a	n/a	n/a	n/a
535.240	0.000	trigger_21	21	535240	Trigger-In:21	119	grating_on	n/a	n/a	n/a	n/a	n/a	n/a	n/a
535.290	0.000	trigger_20	20	535290	Trigger-In:20	119	grating_off	n/a	n/a	n/a	n/a	n/a	n/a	n/a
535.890	0.000	trigger_31	31	535890	Trigger-In:31	119	targets_on_fp_color_change	n/a	n/a	n/a	n/a	n/a	n/a	n/a
537.495	0.000	trigger_201	201	537495	Trigger-In:201	119	trial_end_completed	n/a	n/a	n/a	n/a	n/a	n/a	n/a
538.820	0.000	trigger_101	101	538820	Trigger-In:101	120	trial_start	n/a	n/a	n/a	n/a	n/a	n/a	n/a
538.920	0.000	trigger_11	11	538920	Trigger-In:11	120	fixation_point_on	n/a	n/a	n/a	n/a	n/a	n/a	n/a
539.525	0.000	trigger_21	21	539525	Trigger-In:21	120	grating_on	n/a	n/a	n/a	n/a	n/a	n/a	n/a
539.575	0.000	trigger_20	20	539575	Trigger-In:20	120	grating_off	n/a	n/a	n/a	n/a	n/a	n/a	n/a
540.175	0.000	trigger_31	31	540175	Trigger-In:31	120	targets_on_fp_color_change	n/a	n/a	n/a	n/a	n/a	n/a	n/a
541.215	0.000	trigger_201	201	541215	Trigger-In:201	120	trial_end_completed	n/a	n/a	n/a	n/a	n/a	n/a	n/a
542.285	0.000	trigger_101	101	542285	Trigger-In:101	121	trial_start	n/a	n/a	n/a	n/a	n/a	n/a	n/a
542.390	0.000	trigger_11	11	542390	Trigger-In:11	121	fixation_point_on	n/a	n/a	n/a	n/a	n/a	n/a	n/a
542.990	0.000	trigger_21	21	542990	Trigger-In:21	121	grating_on	n/a	n/a	n/a	n/a	n/a	n/a	n/a
543.040	0.000	trigger_20	20	543040	Trigger-In:20	121	grating_off	n/a	n/a	n/a	n/a	n/a	n/a	n/a
543.640	0.000	trigger_31	31	543640	Trigger-In:31	121	targets_on_fp_color_change	n/a	n/a	n/a	n/a	n/a	n/a	n/a
544.335	0.000	trigger_201	201	544335	Trigger-In:201	121	trial_end_completed	n/a	n/a	n/a	n/a	n/a	n/a	n/a
545.405	0.000	trigger_101	101	545405	Trigger-In:101	122	trial_start	n/a	n/a	n/a	n/a	n/a	n/a	n/a
545.545	0.000	trigger_11	11	545545	Trigger-In:11	122	fixation_point_on	n/a	n/a	n/a	n/a	n/a	n/a	n/a
546.145	0.000	trigger_21	21	546145	Trigger-In:21	122	grating_on	n/a	n/a	n/a	n/a	n/a	n/a	n/a
546.195	0.000	trigger_20	20	546195	Trigger-In:20	122	grating_off	n/a	n/a	n/a	n/a	n/a	n/a	n/a
546.795	0.000	trigger_31	31	546795	Trigger-In:31	122	targets_on_fp_color_change	n/a	n/a	n/a	n/a	n/a	n/a	n/a
547.545	0.000	trigger_201	201	547545	Trigger-In:201	122	trial_end_completed	n/a	n/a	n/a	n/a	n/a	n/a	n/a
548.615	0.000	trigger_101	101	548615	Trigger-In:101	123	trial_start	n/a	n/a	n/a	n/a	n/a	n/a	n/a
548.720	0.000	trigger_11	11	548720	Trigger-In:11	123	fixation_point_on	n/a	n/a	n/a	n/a	n/a	n/a	n/a
549.320	0.000	trigger_21	21	549320	Trigger-In:21	123	grating_on	n/a	n/a	n/a	n/a	n/a	n/a	n/a
549.370	0.000	trigger_20	20	549370	Trigger-In:20	123	grating_off	n/a	n/a	n/a	n/a	n/a	n/a	n/a
549.970	0.000	trigger_31	31	549970	Trigger-In:31	123	targets_on_fp_color_change	n/a	n/a	n/a	n/a	n/a	n/a	n/a
550.605	0.000	trigger_201	201	550605	Trigger-In:201	123	trial_end_completed	n/a	n/a	n/a	n/a	n/a	n/a	n/a
551.670	0.000	trigger_101	101	551670	Trigger-In:101	124	trial_start	n/a	n/a	n/a	n/a	n/a	n/a	n/a
551.775	0.000	trigger_11	11	551775	Trigger-In:11	124	fixation_point_on	n/a	n/a	n/a	n/a	n/a	n/a	n/a
552.375	0.000	trigger_21	21	552375	Trigger-In:21	124	grating_on	n/a	n/a	n/a	n/a	n/a	n/a	n/a
552.425	0.000	trigger_20	20	552425	Trigger-In:20	124	grating_off	n/a	n/a	n/a	n/a	n/a	n/a	n/a
553.025	0.000	trigger_31	31	553025	Trigger-In:31	124	targets_on_fp_color_change	n/a	n/a	n/a	n/a	n/a	n/a	n/a
553.725	0.000	trigger_201	201	553725	Trigger-In:201	124	trial_end_completed	n/a	n/a	n/a	n/a	n/a	n/a	n/a
554.795	0.000	trigger_101	101	554795	Trigger-In:101	125	trial_start	n/a	n/a	n/a	n/a	n/a	n/a	n/a
554.900	0.000	trigger_11	11	554900	Trigger-In:11	125	fixation_point_on	n/a	n/a	n/a	n/a	n/a	n/a	n/a
555.500	0.000	trigger_21	21	555500	Trigger-In:21	125	grating_on	n/a	n/a	n/a	n/a	n/a	n/a	n/a
555.550	0.000	trigger_20	20	555550	Trigger-In:20	125	grating_off	n/a	n/a	n/a	n/a	n/a	n/a	n/a
556.150	0.000	trigger_31	31	556150	Trigger-In:31	125	targets_on_fp_color_change	n/a	n/a	n/a	n/a	n/a	n/a	n/a
557.115	0.000	trigger_201	201	557115	Trigger-In:201	125	trial_end_completed	n/a	n/a	n/a	n/a	n/a	n/a	n/a
558.180	0.000	trigger_101	101	558180	Trigger-In:101	126	trial_start	n/a	n/a	n/a	n/a	n/a	n/a	n/a
558.285	0.000	trigger_11	11	558285	Trigger-In:11	126	fixation_point_on	n/a	n/a	n/a	n/a	n/a	n/a	n/a
558.885	0.000	trigger_21	21	558885	Trigger-In:21	126	grating_on	n/a	n/a	n/a	n/a	n/a	n/a	n/a
558.940	0.000	trigger_20	20	558940	Trigger-In:20	126	grating_off	n/a	n/a	n/a	n/a	n/a	n/a	n/a
559.540	0.000	trigger_31	31	559540	Trigger-In:31	126	targets_on_fp_color_change	n/a	n/a	n/a	n/a	n/a	n/a	n/a
560.655	0.000	trigger_201	201	560655	Trigger-In:201	126	trial_end_completed	n/a	n/a	n/a	n/a	n/a	n/a	n/a
561.725	0.000	trigger_101	101	561725	Trigger-In:101	127	trial_start	n/a	n/a	n/a	n/a	n/a	n/a	n/a
561.830	0.000	trigger_11	11	561830	Trigger-In:11	127	fixation_point_on	n/a	n/a	n/a	n/a	n/a	n/a	n/a
562.430	0.000	trigger_21	21	562430	Trigger-In:21	127	grating_on	n/a	n/a	n/a	n/a	n/a	n/a	n/a
562.480	0.000	trigger_20	20	562480	Trigger-In:20	127	grating_off	n/a	n/a	n/a	n/a	n/a	n/a	n/a
563.080	0.000	trigger_31	31	563080	Trigger-In:31	127	targets_on_fp_color_change	n/a	n/a	n/a	n/a	n/a	n/a	n/a
563.735	0.000	trigger_201	201	563735	Trigger-In:201	127	trial_end_completed	n/a	n/a	n/a	n/a	n/a	n/a	n/a
564.805	0.000	trigger_101	101	564805	Trigger-In:101	128	trial_start	n/a	n/a	n/a	n/a	n/a	n/a	n/a
564.910	0.000	trigger_11	11	564910	Trigger-In:11	128	fixation_point_on	n/a	n/a	n/a	n/a	n/a	n/a	n/a
565.515	0.000	trigger_21	21	565515	Trigger-In:21	128	grating_on	n/a	n/a	n/a	n/a	n/a	n/a	n/a
565.565	0.000	trigger_20	20	565565	Trigger-In:20	128	grating_off	n/a	n/a	n/a	n/a	n/a	n/a	n/a
566.165	0.000	trigger_31	31	566165	Trigger-In:31	128	targets_on_fp_color_change	n/a	n/a	n/a	n/a	n/a	n/a	n/a
567.095	0.000	trigger_201	201	567095	Trigger-In:201	128	trial_end_completed	n/a	n/a	n/a	n/a	n/a	n/a	n/a
568.160	0.000	trigger_101	101	568160	Trigger-In:101	129	trial_start	n/a	n/a	n/a	n/a	n/a	n/a	n/a
568.265	0.000	trigger_11	11	568265	Trigger-In:11	129	fixation_point_on	n/a	n/a	n/a	n/a	n/a	n/a	n/a
568.870	0.000	trigger_21	21	568870	Trigger-In:21	129	grating_on	n/a	n/a	n/a	n/a	n/a	n/a	n/a
568.920	0.000	trigger_20	20	568920	Trigger-In:20	129	grating_off	n/a	n/a	n/a	n/a	n/a	n/a	n/a
569.520	0.000	trigger_31	31	569520	Trigger-In:31	129	targets_on_fp_color_change	n/a	n/a	n/a	n/a	n/a	n/a	n/a
570.120	0.000	trigger_201	201	570120	Trigger-In:201	129	trial_end_completed	n/a	n/a	n/a	n/a	n/a	n/a	n/a
571.190	0.000	trigger_101	101	571190	Trigger-In:101	130	trial_start	n/a	n/a	n/a	n/a	n/a	n/a	n/a
571.315	0.000	trigger_11	11	571315	Trigger-In:11	130	fixation_point_on	n/a	n/a	n/a	n/a	n/a	n/a	n/a
571.920	0.000	trigger_21	21	571920	Trigger-In:21	130	grating_on	n/a	n/a	n/a	n/a	n/a	n/a	n/a
571.970	0.000	trigger_20	20	571970	Trigger-In:20	130	grating_off	n/a	n/a	n/a	n/a	n/a	n/a	n/a
572.570	0.000	trigger_31	31	572570	Trigger-In:31	130	targets_on_fp_color_change	n/a	n/a	n/a	n/a	n/a	n/a	n/a
573.710	0.000	trigger_201	201	573710	Trigger-In:201	130	trial_end_completed	n/a	n/a	n/a	n/a	n/a	n/a	n/a
574.780	0.000	trigger_101	101	574780	Trigger-In:101	131	trial_start	n/a	n/a	n/a	n/a	n/a	n/a	n/a
574.885	0.000	trigger_11	11	574885	Trigger-In:11	131	fixation_point_on	n/a	n/a	n/a	n/a	n/a	n/a	n/a
575.485	0.000	trigger_21	21	575485	Trigger-In:21	131	grating_on	n/a	n/a	n/a	n/a	n/a	n/a	n/a
575.535	0.000	trigger_20	20	575535	Trigger-In:20	131	grating_off	n/a	n/a	n/a	n/a	n/a	n/a	n/a
576.135	0.000	trigger_31	31	576135	Trigger-In:31	131	targets_on_fp_color_change	n/a	n/a	n/a	n/a	n/a	n/a	n/a
576.890	0.000	trigger_201	201	576890	Trigger-In:201	131	trial_end_completed	n/a	n/a	n/a	n/a	n/a	n/a	n/a
577.955	0.000	trigger_101	101	577955	Trigger-In:101	132	trial_start	n/a	n/a	n/a	n/a	n/a	n/a	n/a
578.060	0.000	trigger_11	11	578060	Trigger-In:11	132	fixation_point_on	n/a	n/a	n/a	n/a	n/a	n/a	n/a
578.660	0.000	trigger_21	21	578660	Trigger-In:21	132	grating_on	n/a	n/a	n/a	n/a	n/a	n/a	n/a
578.710	0.000	trigger_20	20	578710	Trigger-In:20	132	grating_off	n/a	n/a	n/a	n/a	n/a	n/a	n/a
579.315	0.000	trigger_31	31	579315	Trigger-In:31	132	targets_on_fp_color_change	n/a	n/a	n/a	n/a	n/a	n/a	n/a
580.345	0.000	trigger_201	201	580345	Trigger-In:201	132	trial_end_completed	n/a	n/a	n/a	n/a	n/a	n/a	n/a
581.410	0.000	trigger_101	101	581410	Trigger-In:101	133	trial_start	n/a	n/a	n/a	n/a	n/a	n/a	n/a
581.785	0.000	trigger_11	11	581785	Trigger-In:11	133	fixation_point_on	n/a	n/a	n/a	n/a	n/a	n/a	n/a
582.385	0.000	trigger_21	21	582385	Trigger-In:21	133	grating_on	n/a	n/a	n/a	n/a	n/a	n/a	n/a
582.435	0.000	trigger_20	20	582435	Trigger-In:20	133	grating_off	n/a	n/a	n/a	n/a	n/a	n/a	n/a
583.035	0.000	trigger_31	31	583035	Trigger-In:31	133	targets_on_fp_color_change	n/a	n/a	n/a	n/a	n/a	n/a	n/a
583.810	0.000	trigger_201	201	583810	Trigger-In:201	133	trial_end_completed	n/a	n/a	n/a	n/a	n/a	n/a	n/a
584.880	0.000	trigger_101	101	584880	Trigger-In:101	134	trial_start	n/a	n/a	n/a	n/a	n/a	n/a	n/a
584.985	0.000	trigger_11	11	584985	Trigger-In:11	134	fixation_point_on	n/a	n/a	n/a	n/a	n/a	n/a	n/a
585.585	0.000	trigger_21	21	585585	Trigger-In:21	134	grating_on	n/a	n/a	n/a	n/a	n/a	n/a	n/a
585.640	0.000	trigger_20	20	585640	Trigger-In:20	134	grating_off	n/a	n/a	n/a	n/a	n/a	n/a	n/a
586.235	0.000	trigger_31	31	586235	Trigger-In:31	134	targets_on_fp_color_change	n/a	n/a	n/a	n/a	n/a	n/a	n/a
587.425	0.000	trigger_201	201	587425	Trigger-In:201	134	trial_end_completed	n/a	n/a	n/a	n/a	n/a	n/a	n/a
588.495	0.000	trigger_101	101	588495	Trigger-In:101	135	trial_start	n/a	n/a	n/a	n/a	n/a	n/a	n/a
588.600	0.000	trigger_11	11	588600	Trigger-In:11	135	fixation_point_on	n/a	n/a	n/a	n/a	n/a	n/a	n/a
589.200	0.000	trigger_21	21	589200	Trigger-In:21	135	grating_on	n/a	n/a	n/a	n/a	n/a	n/a	n/a
589.250	0.000	trigger_20	20	589250	Trigger-In:20	135	grating_off	n/a	n/a	n/a	n/a	n/a	n/a	n/a
589.855	0.000	trigger_31	31	589855	Trigger-In:31	135	targets_on_fp_color_change	n/a	n/a	n/a	n/a	n/a	n/a	n/a
590.925	0.000	trigger_201	201	590925	Trigger-In:201	135	trial_end_completed	n/a	n/a	n/a	n/a	n/a	n/a	n/a
591.995	0.000	trigger_101	101	591995	Trigger-In:101	136	trial_start	n/a	n/a	n/a	n/a	n/a	n/a	n/a
592.100	0.000	trigger_11	11	592100	Trigger-In:11	136	fixation_point_on	n/a	n/a	n/a	n/a	n/a	n/a	n/a
592.700	0.000	trigger_21	21	592700	Trigger-In:21	136	grating_on	n/a	n/a	n/a	n/a	n/a	n/a	n/a
592.750	0.000	trigger_20	20	592750	Trigger-In:20	136	grating_off	n/a	n/a	n/a	n/a	n/a	n/a	n/a
593.350	0.000	trigger_31	31	593350	Trigger-In:31	136	targets_on_fp_color_change	n/a	n/a	n/a	n/a	n/a	n/a	n/a
593.940	0.000	trigger_201	201	593940	Trigger-In:201	136	trial_end_completed	n/a	n/a	n/a	n/a	n/a	n/a	n/a
595.005	0.000	trigger_101	101	595005	Trigger-In:101	137	trial_start	n/a	n/a	n/a	n/a	n/a	n/a	n/a
595.140	0.000	trigger_11	11	595140	Trigger-In:11	137	fixation_point_on	n/a	n/a	n/a	n/a	n/a	n/a	n/a
595.740	0.000	trigger_21	21	595740	Trigger-In:21	137	grating_on	n/a	n/a	n/a	n/a	n/a	n/a	n/a
595.790	0.000	trigger_20	20	595790	Trigger-In:20	137	grating_off	n/a	n/a	n/a	n/a	n/a	n/a	n/a
596.390	0.000	trigger_31	31	596390	Trigger-In:31	137	targets_on_fp_color_change	n/a	n/a	n/a	n/a	n/a	n/a	n/a
597.395	0.000	trigger_201	201	597395	Trigger-In:201	137	trial_end_completed	n/a	n/a	n/a	n/a	n/a	n/a	n/a
598.465	0.000	trigger_101	101	598465	Trigger-In:101	138	trial_start	n/a	n/a	n/a	n/a	n/a	n/a	n/a
598.570	0.000	trigger_11	11	598570	Trigger-In:11	138	fixation_point_on	n/a	n/a	n/a	n/a	n/a	n/a	n/a
599.170	0.000	trigger_21	21	599170	Trigger-In:21	138	grating_on	n/a	n/a	n/a	n/a	n/a	n/a	n/a
599.220	0.000	trigger_20	20	599220	Trigger-In:20	138	grating_off	n/a	n/a	n/a	n/a	n/a	n/a	n/a
599.820	0.000	trigger_31	31	599820	Trigger-In:31	138	targets_on_fp_color_change	n/a	n/a	n/a	n/a	n/a	n/a	n/a
600.880	0.000	trigger_201	201	600880	Trigger-In:201	138	trial_end_completed	n/a	n/a	n/a	n/a	n/a	n/a	n/a
601.945	0.000	trigger_101	101	601945	Trigger-In:101	139	trial_start	n/a	n/a	n/a	n/a	n/a	n/a	n/a
602.050	0.000	trigger_11	11	602050	Trigger-In:11	139	fixation_point_on	n/a	n/a	n/a	n/a	n/a	n/a	n/a
602.650	0.000	trigger_21	21	602650	Trigger-In:21	139	grating_on	n/a	n/a	n/a	n/a	n/a	n/a	n/a
602.700	0.000	trigger_20	20	602700	Trigger-In:20	139	grating_off	n/a	n/a	n/a	n/a	n/a	n/a	n/a
603.305	0.000	trigger_31	31	603305	Trigger-In:31	139	targets_on_fp_color_change	n/a	n/a	n/a	n/a	n/a	n/a	n/a
604.095	0.000	trigger_201	201	604095	Trigger-In:201	139	trial_end_completed	n/a	n/a	n/a	n/a	n/a	n/a	n/a
605.160	0.000	trigger_101	101	605160	Trigger-In:101	140	trial_start	n/a	n/a	n/a	n/a	n/a	n/a	n/a
605.265	0.000	trigger_11	11	605265	Trigger-In:11	140	fixation_point_on	n/a	n/a	n/a	n/a	n/a	n/a	n/a
605.865	0.000	trigger_21	21	605865	Trigger-In:21	140	grating_on	n/a	n/a	n/a	n/a	n/a	n/a	n/a
605.915	0.000	trigger_20	20	605915	Trigger-In:20	140	grating_off	n/a	n/a	n/a	n/a	n/a	n/a	n/a
606.520	0.000	trigger_31	31	606520	Trigger-In:31	140	targets_on_fp_color_change	n/a	n/a	n/a	n/a	n/a	n/a	n/a
607.540	0.000	trigger_201	201	607540	Trigger-In:201	140	trial_end_completed	n/a	n/a	n/a	n/a	n/a	n/a	n/a
608.610	0.000	trigger_101	101	608610	Trigger-In:101	141	trial_start	n/a	n/a	n/a	n/a	n/a	n/a	n/a
608.715	0.000	trigger_11	11	608715	Trigger-In:11	141	fixation_point_on	n/a	n/a	n/a	n/a	n/a	n/a	n/a
609.315	0.000	trigger_21	21	609315	Trigger-In:21	141	grating_on	n/a	n/a	n/a	n/a	n/a	n/a	n/a
609.365	0.000	trigger_20	20	609365	Trigger-In:20	141	grating_off	n/a	n/a	n/a	n/a	n/a	n/a	n/a
609.965	0.000	trigger_31	31	609965	Trigger-In:31	141	targets_on_fp_color_change	n/a	n/a	n/a	n/a	n/a	n/a	n/a
610.830	0.000	trigger_201	201	610830	Trigger-In:201	141	trial_end_completed	n/a	n/a	n/a	n/a	n/a	n/a	n/a
611.900	0.000	trigger_101	101	611900	Trigger-In:101	142	trial_start	n/a	n/a	n/a	n/a	n/a	n/a	n/a
612.005	0.000	trigger_11	11	612005	Trigger-In:11	142	fixation_point_on	n/a	n/a	n/a	n/a	n/a	n/a	n/a
612.605	0.000	trigger_21	21	612605	Trigger-In:21	142	grating_on	n/a	n/a	n/a	n/a	n/a	n/a	n/a
612.655	0.000	trigger_20	20	612655	Trigger-In:20	142	grating_off	n/a	n/a	n/a	n/a	n/a	n/a	n/a
613.255	0.000	trigger_31	31	613255	Trigger-In:31	142	targets_on_fp_color_change	n/a	n/a	n/a	n/a	n/a	n/a	n/a
613.980	0.000	trigger_201	201	613980	Trigger-In:201	142	trial_end_completed	n/a	n/a	n/a	n/a	n/a	n/a	n/a
615.050	0.000	trigger_101	101	615050	Trigger-In:101	143	trial_start	n/a	n/a	n/a	n/a	n/a	n/a	n/a
615.155	0.000	trigger_11	11	615155	Trigger-In:11	143	fixation_point_on	n/a	n/a	n/a	n/a	n/a	n/a	n/a
615.755	0.000	trigger_21	21	615755	Trigger-In:21	143	grating_on	n/a	n/a	n/a	n/a	n/a	n/a	n/a
615.805	0.000	trigger_20	20	615805	Trigger-In:20	143	grating_off	n/a	n/a	n/a	n/a	n/a	n/a	n/a
616.405	0.000	trigger_31	31	616405	Trigger-In:31	143	targets_on_fp_color_change	n/a	n/a	n/a	n/a	n/a	n/a	n/a
617.155	0.000	trigger_201	201	617155	Trigger-In:201	143	trial_end_completed	n/a	n/a	n/a	n/a	n/a	n/a	n/a
618.225	0.000	trigger_101	101	618225	Trigger-In:101	144	trial_start	n/a	n/a	n/a	n/a	n/a	n/a	n/a
618.330	0.000	trigger_11	11	618330	Trigger-In:11	144	fixation_point_on	n/a	n/a	n/a	n/a	n/a	n/a	n/a
618.930	0.000	trigger_21	21	618930	Trigger-In:21	144	grating_on	n/a	n/a	n/a	n/a	n/a	n/a	n/a
618.980	0.000	trigger_20	20	618980	Trigger-In:20	144	grating_off	n/a	n/a	n/a	n/a	n/a	n/a	n/a
619.580	0.000	trigger_31	31	619580	Trigger-In:31	144	targets_on_fp_color_change	n/a	n/a	n/a	n/a	n/a	n/a	n/a
620.475	0.000	trigger_201	201	620475	Trigger-In:201	144	trial_end_completed	n/a	n/a	n/a	n/a	n/a	n/a	n/a
621.545	0.000	trigger_101	101	621545	Trigger-In:101	145	trial_start	n/a	n/a	n/a	n/a	n/a	n/a	n/a
621.650	0.000	trigger_11	11	621650	Trigger-In:11	145	fixation_point_on	n/a	n/a	n/a	n/a	n/a	n/a	n/a
622.250	0.000	trigger_21	21	622250	Trigger-In:21	145	grating_on	n/a	n/a	n/a	n/a	n/a	n/a	n/a
622.300	0.000	trigger_20	20	622300	Trigger-In:20	145	grating_off	n/a	n/a	n/a	n/a	n/a	n/a	n/a
622.900	0.000	trigger_31	31	622900	Trigger-In:31	145	targets_on_fp_color_change	n/a	n/a	n/a	n/a	n/a	n/a	n/a
623.780	0.000	trigger_201	201	623780	Trigger-In:201	145	trial_end_completed	n/a	n/a	n/a	n/a	n/a	n/a	n/a
624.850	0.000	trigger_101	101	624850	Trigger-In:101	146	trial_start	n/a	n/a	n/a	n/a	n/a	n/a	n/a
624.955	0.000	trigger_11	11	624955	Trigger-In:11	146	fixation_point_on	n/a	n/a	n/a	n/a	n/a	n/a	n/a
625.555	0.000	trigger_21	21	625555	Trigger-In:21	146	grating_on	n/a	n/a	n/a	n/a	n/a	n/a	n/a
625.605	0.000	trigger_20	20	625605	Trigger-In:20	146	grating_off	n/a	n/a	n/a	n/a	n/a	n/a	n/a
626.205	0.000	trigger_31	31	626205	Trigger-In:31	146	targets_on_fp_color_change	n/a	n/a	n/a	n/a	n/a	n/a	n/a
626.855	0.000	trigger_201	201	626855	Trigger-In:201	146	trial_end_completed	n/a	n/a	n/a	n/a	n/a	n/a	n/a
627.925	0.000	trigger_101	101	627925	Trigger-In:101	147	trial_start	n/a	n/a	n/a	n/a	n/a	n/a	n/a
628.025	0.000	trigger_11	11	628025	Trigger-In:11	147	fixation_point_on	n/a	n/a	n/a	n/a	n/a	n/a	n/a
628.630	0.000	trigger_21	21	628630	Trigger-In:21	147	grating_on	n/a	n/a	n/a	n/a	n/a	n/a	n/a
628.680	0.000	trigger_20	20	628680	Trigger-In:20	147	grating_off	n/a	n/a	n/a	n/a	n/a	n/a	n/a
629.280	0.000	trigger_31	31	629280	Trigger-In:31	147	targets_on_fp_color_change	n/a	n/a	n/a	n/a	n/a	n/a	n/a
630.005	0.000	trigger_201	201	630005	Trigger-In:201	147	trial_end_completed	n/a	n/a	n/a	n/a	n/a	n/a	n/a
631.070	0.000	trigger_101	101	631070	Trigger-In:101	148	trial_start	n/a	n/a	n/a	n/a	n/a	n/a	n/a
631.175	0.000	trigger_11	11	631175	Trigger-In:11	148	fixation_point_on	n/a	n/a	n/a	n/a	n/a	n/a	n/a
631.775	0.000	trigger_21	21	631775	Trigger-In:21	148	grating_on	n/a	n/a	n/a	n/a	n/a	n/a	n/a
631.825	0.000	trigger_20	20	631825	Trigger-In:20	148	grating_off	n/a	n/a	n/a	n/a	n/a	n/a	n/a
632.425	0.000	trigger_31	31	632425	Trigger-In:31	148	targets_on_fp_color_change	n/a	n/a	n/a	n/a	n/a	n/a	n/a
633.440	0.000	trigger_201	201	633440	Trigger-In:201	148	trial_end_completed	n/a	n/a	n/a	n/a	n/a	n/a	n/a
634.510	0.000	trigger_101	101	634510	Trigger-In:101	149	trial_start	n/a	n/a	n/a	n/a	n/a	n/a	n/a
634.615	0.000	trigger_11	11	634615	Trigger-In:11	149	fixation_point_on	n/a	n/a	n/a	n/a	n/a	n/a	n/a
635.215	0.000	trigger_21	21	635215	Trigger-In:21	149	grating_on	n/a	n/a	n/a	n/a	n/a	n/a	n/a
635.265	0.000	trigger_20	20	635265	Trigger-In:20	149	grating_off	n/a	n/a	n/a	n/a	n/a	n/a	n/a
635.865	0.000	trigger_31	31	635865	Trigger-In:31	149	targets_on_fp_color_change	n/a	n/a	n/a	n/a	n/a	n/a	n/a
636.955	0.000	trigger_201	201	636955	Trigger-In:201	149	trial_end_completed	n/a	n/a	n/a	n/a	n/a	n/a	n/a
638.025	0.000	trigger_101	101	638025	Trigger-In:101	150	trial_start	n/a	n/a	n/a	n/a	n/a	n/a	n/a
638.130	0.000	trigger_11	11	638130	Trigger-In:11	150	fixation_point_on	n/a	n/a	n/a	n/a	n/a	n/a	n/a
638.730	0.000	trigger_21	21	638730	Trigger-In:21	150	grating_on	n/a	n/a	n/a	n/a	n/a	n/a	n/a
638.780	0.000	trigger_20	20	638780	Trigger-In:20	150	grating_off	n/a	n/a	n/a	n/a	n/a	n/a	n/a
639.380	0.000	trigger_31	31	639380	Trigger-In:31	150	targets_on_fp_color_change	n/a	n/a	n/a	n/a	n/a	n/a	n/a
640.575	0.000	trigger_201	201	640575	Trigger-In:201	150	trial_end_completed	n/a	n/a	n/a	n/a	n/a	n/a	n/a
641.645	0.000	trigger_101	101	641645	Trigger-In:101	151	trial_start	n/a	n/a	n/a	n/a	n/a	n/a	n/a
641.755	0.000	trigger_11	11	641755	Trigger-In:11	151	fixation_point_on	n/a	n/a	n/a	n/a	n/a	n/a	n/a
642.355	0.000	trigger_21	21	642355	Trigger-In:21	151	grating_on	n/a	n/a	n/a	n/a	n/a	n/a	n/a
642.405	0.000	trigger_20	20	642405	Trigger-In:20	151	grating_off	n/a	n/a	n/a	n/a	n/a	n/a	n/a
643.005	0.000	trigger_31	31	643005	Trigger-In:31	151	targets_on_fp_color_change	n/a	n/a	n/a	n/a	n/a	n/a	n/a
643.865	0.000	trigger_201	201	643865	Trigger-In:201	151	trial_end_completed	n/a	n/a	n/a	n/a	n/a	n/a	n/a
644.935	0.000	trigger_101	101	644935	Trigger-In:101	152	trial_start	n/a	n/a	n/a	n/a	n/a	n/a	n/a
645.035	0.000	trigger_11	11	645035	Trigger-In:11	152	fixation_point_on	n/a	n/a	n/a	n/a	n/a	n/a	n/a
645.640	0.000	trigger_21	21	645640	Trigger-In:21	152	grating_on	n/a	n/a	n/a	n/a	n/a	n/a	n/a
645.690	0.000	trigger_20	20	645690	Trigger-In:20	152	grating_off	n/a	n/a	n/a	n/a	n/a	n/a	n/a
646.290	0.000	trigger_31	31	646290	Trigger-In:31	152	targets_on_fp_color_change	n/a	n/a	n/a	n/a	n/a	n/a	n/a
647.030	0.000	trigger_201	201	647030	Trigger-In:201	152	trial_end_completed	n/a	n/a	n/a	n/a	n/a	n/a	n/a
648.100	0.000	trigger_101	101	648100	Trigger-In:101	153	trial_start	n/a	n/a	n/a	n/a	n/a	n/a	n/a
648.360	0.000	trigger_11	11	648360	Trigger-In:11	153	fixation_point_on	n/a	n/a	n/a	n/a	n/a	n/a	n/a
648.960	0.000	trigger_21	21	648960	Trigger-In:21	153	grating_on	n/a	n/a	n/a	n/a	n/a	n/a	n/a
649.010	0.000	trigger_20	20	649010	Trigger-In:20	153	grating_off	n/a	n/a	n/a	n/a	n/a	n/a	n/a
649.615	0.000	trigger_31	31	649615	Trigger-In:31	153	targets_on_fp_color_change	n/a	n/a	n/a	n/a	n/a	n/a	n/a
650.870	0.000	trigger_201	201	650870	Trigger-In:201	153	trial_end_completed	n/a	n/a	n/a	n/a	n/a	n/a	n/a
651.940	0.000	trigger_101	101	651940	Trigger-In:101	154	trial_start	n/a	n/a	n/a	n/a	n/a	n/a	n/a
652.045	0.000	trigger_11	11	652045	Trigger-In:11	154	fixation_point_on	n/a	n/a	n/a	n/a	n/a	n/a	n/a
652.645	0.000	trigger_21	21	652645	Trigger-In:21	154	grating_on	n/a	n/a	n/a	n/a	n/a	n/a	n/a
652.695	0.000	trigger_20	20	652695	Trigger-In:20	154	grating_off	n/a	n/a	n/a	n/a	n/a	n/a	n/a
653.295	0.000	trigger_31	31	653295	Trigger-In:31	154	targets_on_fp_color_change	n/a	n/a	n/a	n/a	n/a	n/a	n/a
654.415	0.000	trigger_201	201	654415	Trigger-In:201	154	trial_end_completed	n/a	n/a	n/a	n/a	n/a	n/a	n/a
655.485	0.000	trigger_101	101	655485	Trigger-In:101	155	trial_start	n/a	n/a	n/a	n/a	n/a	n/a	n/a
655.585	0.000	trigger_11	11	655585	Trigger-In:11	155	fixation_point_on	n/a	n/a	n/a	n/a	n/a	n/a	n/a
656.190	0.000	trigger_21	21	656190	Trigger-In:21	155	grating_on	n/a	n/a	n/a	n/a	n/a	n/a	n/a
656.240	0.000	trigger_20	20	656240	Trigger-In:20	155	grating_off	n/a	n/a	n/a	n/a	n/a	n/a	n/a
656.840	0.000	trigger_31	31	656840	Trigger-In:31	155	targets_on_fp_color_change	n/a	n/a	n/a	n/a	n/a	n/a	n/a
657.550	0.000	trigger_201	201	657550	Trigger-In:201	155	trial_end_completed	n/a	n/a	n/a	n/a	n/a	n/a	n/a
658.620	0.000	trigger_101	101	658620	Trigger-In:101	156	trial_start	n/a	n/a	n/a	n/a	n/a	n/a	n/a
658.725	0.000	trigger_11	11	658725	Trigger-In:11	156	fixation_point_on	n/a	n/a	n/a	n/a	n/a	n/a	n/a
659.325	0.000	trigger_21	21	659325	Trigger-In:21	156	grating_on	n/a	n/a	n/a	n/a	n/a	n/a	n/a
659.375	0.000	trigger_20	20	659375	Trigger-In:20	156	grating_off	n/a	n/a	n/a	n/a	n/a	n/a	n/a
659.975	0.000	trigger_31	31	659975	Trigger-In:31	156	targets_on_fp_color_change	n/a	n/a	n/a	n/a	n/a	n/a	n/a
661.050	0.000	trigger_201	201	661050	Trigger-In:201	156	trial_end_completed	n/a	n/a	n/a	n/a	n/a	n/a	n/a
662.120	0.000	trigger_101	101	662120	Trigger-In:101	157	trial_start	n/a	n/a	n/a	n/a	n/a	n/a	n/a
662.225	0.000	trigger_11	11	662225	Trigger-In:11	157	fixation_point_on	n/a	n/a	n/a	n/a	n/a	n/a	n/a
662.825	0.000	trigger_21	21	662825	Trigger-In:21	157	grating_on	n/a	n/a	n/a	n/a	n/a	n/a	n/a
662.875	0.000	trigger_20	20	662875	Trigger-In:20	157	grating_off	n/a	n/a	n/a	n/a	n/a	n/a	n/a
663.475	0.000	trigger_31	31	663475	Trigger-In:31	157	targets_on_fp_color_change	n/a	n/a	n/a	n/a	n/a	n/a	n/a
664.515	0.000	trigger_201	201	664515	Trigger-In:201	157	trial_end_completed	n/a	n/a	n/a	n/a	n/a	n/a	n/a
665.585	0.000	trigger_101	101	665585	Trigger-In:101	158	trial_start	n/a	n/a	n/a	n/a	n/a	n/a	n/a
665.690	0.000	trigger_11	11	665690	Trigger-In:11	158	fixation_point_on	n/a	n/a	n/a	n/a	n/a	n/a	n/a
666.290	0.000	trigger_21	21	666290	Trigger-In:21	158	grating_on	n/a	n/a	n/a	n/a	n/a	n/a	n/a
666.340	0.000	trigger_20	20	666340	Trigger-In:20	158	grating_off	n/a	n/a	n/a	n/a	n/a	n/a	n/a
666.940	0.000	trigger_31	31	666940	Trigger-In:31	158	targets_on_fp_color_change	n/a	n/a	n/a	n/a	n/a	n/a	n/a
667.830	0.000	trigger_201	201	667830	Trigger-In:201	158	trial_end_completed	n/a	n/a	n/a	n/a	n/a	n/a	n/a
668.895	0.000	trigger_101	101	668895	Trigger-In:101	159	trial_start	n/a	n/a	n/a	n/a	n/a	n/a	n/a
669.000	0.000	trigger_11	11	669000	Trigger-In:11	159	fixation_point_on	n/a	n/a	n/a	n/a	n/a	n/a	n/a
669.600	0.000	trigger_21	21	669600	Trigger-In:21	159	grating_on	n/a	n/a	n/a	n/a	n/a	n/a	n/a
669.650	0.000	trigger_20	20	669650	Trigger-In:20	159	grating_off	n/a	n/a	n/a	n/a	n/a	n/a	n/a
670.250	0.000	trigger_31	31	670250	Trigger-In:31	159	targets_on_fp_color_change	n/a	n/a	n/a	n/a	n/a	n/a	n/a
671.080	0.000	trigger_201	201	671080	Trigger-In:201	159	trial_end_completed	n/a	n/a	n/a	n/a	n/a	n/a	n/a
672.145	0.000	trigger_101	101	672145	Trigger-In:101	160	trial_start	n/a	n/a	n/a	n/a	n/a	n/a	n/a
672.250	0.000	trigger_11	11	672250	Trigger-In:11	160	fixation_point_on	n/a	n/a	n/a	n/a	n/a	n/a	n/a
672.850	0.000	trigger_21	21	672850	Trigger-In:21	160	grating_on	n/a	n/a	n/a	n/a	n/a	n/a	n/a
672.900	0.000	trigger_20	20	672900	Trigger-In:20	160	grating_off	n/a	n/a	n/a	n/a	n/a	n/a	n/a
673.500	0.000	trigger_31	31	673500	Trigger-In:31	160	targets_on_fp_color_change	n/a	n/a	n/a	n/a	n/a	n/a	n/a
674.405	0.000	trigger_201	201	674405	Trigger-In:201	160	trial_end_completed	n/a	n/a	n/a	n/a	n/a	n/a	n/a
675.470	0.000	trigger_101	101	675470	Trigger-In:101	161	trial_start	n/a	n/a	n/a	n/a	n/a	n/a	n/a
675.575	0.000	trigger_11	11	675575	Trigger-In:11	161	fixation_point_on	n/a	n/a	n/a	n/a	n/a	n/a	n/a
676.175	0.000	trigger_21	21	676175	Trigger-In:21	161	grating_on	n/a	n/a	n/a	n/a	n/a	n/a	n/a
676.225	0.000	trigger_20	20	676225	Trigger-In:20	161	grating_off	n/a	n/a	n/a	n/a	n/a	n/a	n/a
676.825	0.000	trigger_31	31	676825	Trigger-In:31	161	targets_on_fp_color_change	n/a	n/a	n/a	n/a	n/a	n/a	n/a
677.760	0.000	trigger_201	201	677760	Trigger-In:201	161	trial_end_completed	n/a	n/a	n/a	n/a	n/a	n/a	n/a
678.830	0.000	trigger_101	101	678830	Trigger-In:101	162	trial_start	n/a	n/a	n/a	n/a	n/a	n/a	n/a
678.935	0.000	trigger_11	11	678935	Trigger-In:11	162	fixation_point_on	n/a	n/a	n/a	n/a	n/a	n/a	n/a
679.535	0.000	trigger_21	21	679535	Trigger-In:21	162	grating_on	n/a	n/a	n/a	n/a	n/a	n/a	n/a
679.585	0.000	trigger_20	20	679585	Trigger-In:20	162	grating_off	n/a	n/a	n/a	n/a	n/a	n/a	n/a
680.185	0.000	trigger_31	31	680185	Trigger-In:31	162	targets_on_fp_color_change	n/a	n/a	n/a	n/a	n/a	n/a	n/a
680.805	0.000	trigger_201	201	680805	Trigger-In:201	162	trial_end_completed	n/a	n/a	n/a	n/a	n/a	n/a	n/a
681.875	0.000	trigger_101	101	681875	Trigger-In:101	163	trial_start	n/a	n/a	n/a	n/a	n/a	n/a	n/a
681.975	0.000	trigger_11	11	681975	Trigger-In:11	163	fixation_point_on	n/a	n/a	n/a	n/a	n/a	n/a	n/a
682.575	0.000	trigger_21	21	682575	Trigger-In:21	163	grating_on	n/a	n/a	n/a	n/a	n/a	n/a	n/a
682.625	0.000	trigger_20	20	682625	Trigger-In:20	163	grating_off	n/a	n/a	n/a	n/a	n/a	n/a	n/a
683.230	0.000	trigger_31	31	683230	Trigger-In:31	163	targets_on_fp_color_change	n/a	n/a	n/a	n/a	n/a	n/a	n/a
684.235	0.000	trigger_201	201	684235	Trigger-In:201	163	trial_end_completed	n/a	n/a	n/a	n/a	n/a	n/a	n/a
685.305	0.000	trigger_101	101	685305	Trigger-In:101	164	trial_start	n/a	n/a	n/a	n/a	n/a	n/a	n/a
685.410	0.000	trigger_11	11	685410	Trigger-In:11	164	fixation_point_on	n/a	n/a	n/a	n/a	n/a	n/a	n/a
686.010	0.000	trigger_21	21	686010	Trigger-In:21	164	grating_on	n/a	n/a	n/a	n/a	n/a	n/a	n/a
686.060	0.000	trigger_20	20	686060	Trigger-In:20	164	grating_off	n/a	n/a	n/a	n/a	n/a	n/a	n/a
686.660	0.000	trigger_31	31	686660	Trigger-In:31	164	targets_on_fp_color_change	n/a	n/a	n/a	n/a	n/a	n/a	n/a
687.435	0.000	trigger_201	201	687435	Trigger-In:201	164	trial_end_completed	n/a	n/a	n/a	n/a	n/a	n/a	n/a
688.500	0.000	trigger_101	101	688500	Trigger-In:101	165	trial_start	n/a	n/a	n/a	n/a	n/a	n/a	n/a
688.925	0.000	trigger_11	11	688925	Trigger-In:11	165	fixation_point_on	n/a	n/a	n/a	n/a	n/a	n/a	n/a
689.525	0.000	trigger_21	21	689525	Trigger-In:21	165	grating_on	n/a	n/a	n/a	n/a	n/a	n/a	n/a
689.580	0.000	trigger_20	20	689580	Trigger-In:20	165	grating_off	n/a	n/a	n/a	n/a	n/a	n/a	n/a
690.180	0.000	trigger_31	31	690180	Trigger-In:31	165	targets_on_fp_color_change	n/a	n/a	n/a	n/a	n/a	n/a	n/a
691.195	0.000	trigger_201	201	691195	Trigger-In:201	165	trial_end_completed	n/a	n/a	n/a	n/a	n/a	n/a	n/a
692.265	0.000	trigger_101	101	692265	Trigger-In:101	166	trial_start	n/a	n/a	n/a	n/a	n/a	n/a	n/a
692.370	0.000	trigger_11	11	692370	Trigger-In:11	166	fixation_point_on	n/a	n/a	n/a	n/a	n/a	n/a	n/a
692.970	0.000	trigger_21	21	692970	Trigger-In:21	166	grating_on	n/a	n/a	n/a	n/a	n/a	n/a	n/a
693.020	0.000	trigger_20	20	693020	Trigger-In:20	166	grating_off	n/a	n/a	n/a	n/a	n/a	n/a	n/a
693.620	0.000	trigger_31	31	693620	Trigger-In:31	166	targets_on_fp_color_change	n/a	n/a	n/a	n/a	n/a	n/a	n/a
694.325	0.000	trigger_201	201	694325	Trigger-In:201	166	trial_end_completed	n/a	n/a	n/a	n/a	n/a	n/a	n/a
695.395	0.000	trigger_101	101	695395	Trigger-In:101	167	trial_start	n/a	n/a	n/a	n/a	n/a	n/a	n/a
695.500	0.000	trigger_11	11	695500	Trigger-In:11	167	fixation_point_on	n/a	n/a	n/a	n/a	n/a	n/a	n/a
696.100	0.000	trigger_21	21	696100	Trigger-In:21	167	grating_on	n/a	n/a	n/a	n/a	n/a	n/a	n/a
696.150	0.000	trigger_20	20	696150	Trigger-In:20	167	grating_off	n/a	n/a	n/a	n/a	n/a	n/a	n/a
696.750	0.000	trigger_31	31	696750	Trigger-In:31	167	targets_on_fp_color_change	n/a	n/a	n/a	n/a	n/a	n/a	n/a
697.755	0.000	trigger_201	201	697755	Trigger-In:201	167	trial_end_completed	n/a	n/a	n/a	n/a	n/a	n/a	n/a
698.820	0.000	trigger_101	101	698820	Trigger-In:101	168	trial_start	n/a	n/a	n/a	n/a	n/a	n/a	n/a
698.925	0.000	trigger_11	11	698925	Trigger-In:11	168	fixation_point_on	n/a	n/a	n/a	n/a	n/a	n/a	n/a
699.525	0.000	trigger_21	21	699525	Trigger-In:21	168	grating_on	n/a	n/a	n/a	n/a	n/a	n/a	n/a
699.580	0.000	trigger_20	20	699580	Trigger-In:20	168	grating_off	n/a	n/a	n/a	n/a	n/a	n/a	n/a
700.180	0.000	trigger_31	31	700180	Trigger-In:31	168	targets_on_fp_color_change	n/a	n/a	n/a	n/a	n/a	n/a	n/a
701.205	0.000	trigger_201	201	701205	Trigger-In:201	168	trial_end_completed	n/a	n/a	n/a	n/a	n/a	n/a	n/a
702.270	0.000	trigger_101	101	702270	Trigger-In:101	169	trial_start	n/a	n/a	n/a	n/a	n/a	n/a	n/a
702.375	0.000	trigger_11	11	702375	Trigger-In:11	169	fixation_point_on	n/a	n/a	n/a	n/a	n/a	n/a	n/a
702.980	0.000	trigger_21	21	702980	Trigger-In:21	169	grating_on	n/a	n/a	n/a	n/a	n/a	n/a	n/a
703.030	0.000	trigger_20	20	703030	Trigger-In:20	169	grating_off	n/a	n/a	n/a	n/a	n/a	n/a	n/a
703.630	0.000	trigger_31	31	703630	Trigger-In:31	169	targets_on_fp_color_change	n/a	n/a	n/a	n/a	n/a	n/a	n/a
704.270	0.000	trigger_201	201	704270	Trigger-In:201	169	trial_end_completed	n/a	n/a	n/a	n/a	n/a	n/a	n/a
705.340	0.000	trigger_101	101	705340	Trigger-In:101	170	trial_start	n/a	n/a	n/a	n/a	n/a	n/a	n/a
705.445	0.000	trigger_11	11	705445	Trigger-In:11	170	fixation_point_on	n/a	n/a	n/a	n/a	n/a	n/a	n/a
706.045	0.000	trigger_21	21	706045	Trigger-In:21	170	grating_on	n/a	n/a	n/a	n/a	n/a	n/a	n/a
706.095	0.000	trigger_20	20	706095	Trigger-In:20	170	grating_off	n/a	n/a	n/a	n/a	n/a	n/a	n/a
706.695	0.000	trigger_31	31	706695	Trigger-In:31	170	targets_on_fp_color_change	n/a	n/a	n/a	n/a	n/a	n/a	n/a
707.495	0.000	trigger_201	201	707495	Trigger-In:201	170	trial_end_completed	n/a	n/a	n/a	n/a	n/a	n/a	n/a
708.820	0.000	trigger_101	101	708820	Trigger-In:101	171	trial_start	n/a	n/a	n/a	n/a	n/a	n/a	n/a
708.920	0.000	trigger_11	11	708920	Trigger-In:11	171	fixation_point_on	n/a	n/a	n/a	n/a	n/a	n/a	n/a
709.525	0.000	trigger_21	21	709525	Trigger-In:21	171	grating_on	n/a	n/a	n/a	n/a	n/a	n/a	n/a
709.575	0.000	trigger_20	20	709575	Trigger-In:20	171	grating_off	n/a	n/a	n/a	n/a	n/a	n/a	n/a
710.175	0.000	trigger_31	31	710175	Trigger-In:31	171	targets_on_fp_color_change	n/a	n/a	n/a	n/a	n/a	n/a	n/a
710.840	0.000	trigger_201	201	710840	Trigger-In:201	171	trial_end_completed	n/a	n/a	n/a	n/a	n/a	n/a	n/a
711.910	0.000	trigger_101	101	711910	Trigger-In:101	172	trial_start	n/a	n/a	n/a	n/a	n/a	n/a	n/a
712.015	0.000	trigger_11	11	712015	Trigger-In:11	172	fixation_point_on	n/a	n/a	n/a	n/a	n/a	n/a	n/a
712.615	0.000	trigger_21	21	712615	Trigger-In:21	172	grating_on	n/a	n/a	n/a	n/a	n/a	n/a	n/a
712.665	0.000	trigger_20	20	712665	Trigger-In:20	172	grating_off	n/a	n/a	n/a	n/a	n/a	n/a	n/a
713.265	0.000	trigger_31	31	713265	Trigger-In:31	172	targets_on_fp_color_change	n/a	n/a	n/a	n/a	n/a	n/a	n/a
714.145	0.000	trigger_201	201	714145	Trigger-In:201	172	trial_end_completed	n/a	n/a	n/a	n/a	n/a	n/a	n/a
715.210	0.000	trigger_101	101	715210	Trigger-In:101	173	trial_start	n/a	n/a	n/a	n/a	n/a	n/a	n/a
715.315	0.000	trigger_11	11	715315	Trigger-In:11	173	fixation_point_on	n/a	n/a	n/a	n/a	n/a	n/a	n/a
715.920	0.000	trigger_21	21	715920	Trigger-In:21	173	grating_on	n/a	n/a	n/a	n/a	n/a	n/a	n/a
715.970	0.000	trigger_20	20	715970	Trigger-In:20	173	grating_off	n/a	n/a	n/a	n/a	n/a	n/a	n/a
716.570	0.000	trigger_31	31	716570	Trigger-In:31	173	targets_on_fp_color_change	n/a	n/a	n/a	n/a	n/a	n/a	n/a
717.495	0.000	trigger_201	201	717495	Trigger-In:201	173	trial_end_completed	n/a	n/a	n/a	n/a	n/a	n/a	n/a
718.565	0.000	trigger_101	101	718565	Trigger-In:101	174	trial_start	n/a	n/a	n/a	n/a	n/a	n/a	n/a
718.670	0.000	trigger_11	11	718670	Trigger-In:11	174	fixation_point_on	n/a	n/a	n/a	n/a	n/a	n/a	n/a
719.270	0.000	trigger_21	21	719270	Trigger-In:21	174	grating_on	n/a	n/a	n/a	n/a	n/a	n/a	n/a
719.320	0.000	trigger_20	20	719320	Trigger-In:20	174	grating_off	n/a	n/a	n/a	n/a	n/a	n/a	n/a
719.920	0.000	trigger_31	31	719920	Trigger-In:31	174	targets_on_fp_color_change	n/a	n/a	n/a	n/a	n/a	n/a	n/a
720.640	0.000	trigger_201	201	720640	Trigger-In:201	174	trial_end_completed	n/a	n/a	n/a	n/a	n/a	n/a	n/a
721.710	0.000	trigger_101	101	721710	Trigger-In:101	175	trial_start	n/a	n/a	n/a	n/a	n/a	n/a	n/a
721.815	0.000	trigger_11	11	721815	Trigger-In:11	175	fixation_point_on	n/a	n/a	n/a	n/a	n/a	n/a	n/a
722.415	0.000	trigger_21	21	722415	Trigger-In:21	175	grating_on	n/a	n/a	n/a	n/a	n/a	n/a	n/a
722.465	0.000	trigger_20	20	722465	Trigger-In:20	175	grating_off	n/a	n/a	n/a	n/a	n/a	n/a	n/a
723.065	0.000	trigger_31	31	723065	Trigger-In:31	175	targets_on_fp_color_change	n/a	n/a	n/a	n/a	n/a	n/a	n/a
723.730	0.000	trigger_201	201	723730	Trigger-In:201	175	trial_end_completed	n/a	n/a	n/a	n/a	n/a	n/a	n/a
724.795	0.000	trigger_101	101	724795	Trigger-In:101	176	trial_start	n/a	n/a	n/a	n/a	n/a	n/a	n/a
724.900	0.000	trigger_11	11	724900	Trigger-In:11	176	fixation_point_on	n/a	n/a	n/a	n/a	n/a	n/a	n/a
725.500	0.000	trigger_21	21	725500	Trigger-In:21	176	grating_on	n/a	n/a	n/a	n/a	n/a	n/a	n/a
725.550	0.000	trigger_20	20	725550	Trigger-In:20	176	grating_off	n/a	n/a	n/a	n/a	n/a	n/a	n/a
726.150	0.000	trigger_31	31	726150	Trigger-In:31	176	targets_on_fp_color_change	n/a	n/a	n/a	n/a	n/a	n/a	n/a
727.065	0.000	trigger_201	201	727065	Trigger-In:201	176	trial_end_completed	n/a	n/a	n/a	n/a	n/a	n/a	n/a
728.135	0.000	trigger_101	101	728135	Trigger-In:101	177	trial_start	n/a	n/a	n/a	n/a	n/a	n/a	n/a
728.240	0.000	trigger_11	11	728240	Trigger-In:11	177	fixation_point_on	n/a	n/a	n/a	n/a	n/a	n/a	n/a
728.840	0.000	trigger_21	21	728840	Trigger-In:21	177	grating_on	n/a	n/a	n/a	n/a	n/a	n/a	n/a
728.890	0.000	trigger_20	20	728890	Trigger-In:20	177	grating_off	n/a	n/a	n/a	n/a	n/a	n/a	n/a
729.490	0.000	trigger_31	31	729490	Trigger-In:31	177	targets_on_fp_color_change	n/a	n/a	n/a	n/a	n/a	n/a	n/a
730.150	0.000	trigger_201	201	730150	Trigger-In:201	177	trial_end_completed	n/a	n/a	n/a	n/a	n/a	n/a	n/a
731.215	0.000	trigger_101	101	731215	Trigger-In:101	178	trial_start	n/a	n/a	n/a	n/a	n/a	n/a	n/a
731.320	0.000	trigger_11	11	731320	Trigger-In:11	178	fixation_point_on	n/a	n/a	n/a	n/a	n/a	n/a	n/a
731.925	0.000	trigger_21	21	731925	Trigger-In:21	178	grating_on	n/a	n/a	n/a	n/a	n/a	n/a	n/a
731.975	0.000	trigger_20	20	731975	Trigger-In:20	178	grating_off	n/a	n/a	n/a	n/a	n/a	n/a	n/a
732.575	0.000	trigger_31	31	732575	Trigger-In:31	178	targets_on_fp_color_change	n/a	n/a	n/a	n/a	n/a	n/a	n/a
733.220	0.000	trigger_201	201	733220	Trigger-In:201	178	trial_end_completed	n/a	n/a	n/a	n/a	n/a	n/a	n/a
