onset	duration	trial_type	value	sample	source_annotation	trial	event_name	stim_presence	contrast	fp_color	response	awareness	trial_complete	fixation_break
50.064	0.000	trigger_101	101	50064	Trigger-In:101	1	trial_start	staircase	15	green	left	unaware	1	0
50.179	0.000	trigger_11	11	50179	Trigger-In:11	1	fixation_point_on	staircase	15	green	left	unaware	1	0
50.804	0.000	trigger_21	21	50804	Trigger-In:21	1	grating_on	staircase	15	green	left	unaware	1	0
50.869	0.000	trigger_20	20	50869	Trigger-In:20	1	grating_off	staircase	15	green	left	unaware	1	0
51.469	0.000	trigger_31	31	51469	Trigger-In:31	1	targets_on_fp_color_change	staircase	15	green	left	unaware	1	0
52.574	0.000	trigger_201	201	52574	Trigger-In:201	1	trial_end_completed	staircase	15	green	left	unaware	1	0
53.859	0.000	trigger_101	101	53859	Trigger-In:101	2	trial_start	absent	70	red	left	aware	1	0
53.959	0.000	trigger_11	11	53959	Trigger-In:11	2	fixation_point_on	absent	70	red	left	aware	1	0
54.559	0.000	trigger_21	21	54559	Trigger-In:21	2	grating_on	absent	70	red	left	aware	1	0
54.614	0.000	trigger_20	20	54614	Trigger-In:20	2	grating_off	absent	70	red	left	aware	1	0
55.214	0.000	trigger_31	31	55214	Trigger-In:31	2	targets_on_fp_color_change	absent	70	red	left	aware	1	0
56.124	0.000	trigger_201	201	56124	Trigger-In:201	2	trial_end_completed	absent	70	red	left	aware	1	0
57.209	0.000	trigger_101	101	57209	Trigger-In:101	3	trial_start	staircase	16	red	left	aware	1	0
57.314	0.000	trigger_11	11	57314	Trigger-In:11	3	fixation_point_on	staircase	16	red	left	aware	1	0
57.914	0.000	trigger_21	21	57914	Trigger-In:21	3	grating_on	staircase	16	red	left	aware	1	0
57.964	0.000	trigger_20	20	57964	Trigger-In:20	3	grating_off	staircase	16	red	left	aware	1	0
58.564	0.000	trigger_31	31	58564	Trigger-In:31	3	targets_on_fp_color_change	staircase	16	red	left	aware	1	0
59.249	0.000	trigger_201	201	59249	Trigger-In:201	3	trial_end_completed	staircase	16	red	left	aware	1	0
60.314	0.000	trigger_101	101	60314	Trigger-In:101	4	trial_start	staircase	15	red	left	aware	1	0
60.419	0.000	trigger_11	11	60419	Trigger-In:11	4	fixation_point_on	staircase	15	red	left	aware	1	0
61.019	0.000	trigger_21	21	61019	Trigger-In:21	4	grating_on	staircase	15	red	left	aware	1	0
61.069	0.000	trigger_20	20	61069	Trigger-In:20	4	grating_off	staircase	15	red	left	aware	1	0
61.669	0.000	trigger_31	31	61669	Trigger-In:31	4	targets_on_fp_color_change	staircase	15	red	left	aware	1	0
62.339	0.000	trigger_201	201	62339	Trigger-In:201	4	trial_end_completed	staircase	15	red	left	aware	1	0
63.404	0.000	trigger_101	101	63404	Trigger-In:101	5	trial_start	staircase	14	green	right	aware	1	0
63.509	0.000	trigger_11	11	63509	Trigger-In:11	5	fixation_point_on	staircase	14	green	right	aware	1	0
64.109	0.000	trigger_21	21	64109	Trigger-In:21	5	grating_on	staircase	14	green	right	aware	1	0
64.159	0.000	trigger_20	20	64159	Trigger-In:20	5	grating_off	staircase	14	green	right	aware	1	0
64.759	0.000	trigger_31	31	64759	Trigger-In:31	5	targets_on_fp_color_change	staircase	14	green	right	aware	1	0
65.404	0.000	trigger_201	201	65404	Trigger-In:201	5	trial_end_completed	staircase	14	green	right	aware	1	0
66.479	0.000	trigger_101	101	66479	Trigger-In:101	6	trial_start	absent	70	green	right	aware	1	0
66.584	0.000	trigger_11	11	66584	Trigger-In:11	6	fixation_point_on	absent	70	green	right	aware	1	0
67.184	0.000	trigger_21	21	67184	Trigger-In:21	6	grating_on	absent	70	green	right	aware	1	0
67.234	0.000	trigger_20	20	67234	Trigger-In:20	6	grating_off	absent	70	green	right	aware	1	0
67.834	0.000	trigger_31	31	67834	Trigger-In:31	6	targets_on_fp_color_change	absent	70	green	right	aware	1	0
68.574	0.000	trigger_201	201	68574	Trigger-In:201	6	trial_end_completed	absent	70	green	right	aware	1	0
69.639	0.000	trigger_101	101	69639	Trigger-In:101	7	trial_start	staircase	13	red	left	aware	1	0
69.744	0.000	trigger_11	11	69744	Trigger-In:11	7	fixation_point_on	staircase	13	red	left	aware	1	0
70.344	0.000	trigger_21	21	70344	Trigger-In:21	7	grating_on	staircase	13	red	left	aware	1	0
70.394	0.000	trigger_20	20	70394	Trigger-In:20	7	grating_off	staircase	13	red	left	aware	1	0
70.994	0.000	trigger_31	31	70994	Trigger-In:31	7	targets_on_fp_color_change	staircase	13	red	left	aware	1	0
72.124	0.000	trigger_201	201	72124	Trigger-In:201	7	trial_end_completed	staircase	13	red	left	aware	1	0
73.194	0.000	trigger_101	101	73194	Trigger-In:101	8	trial_start	salient	0	red	right	unaware	1	0
73.294	0.000	trigger_11	11	73294	Trigger-In:11	8	fixation_point_on	salient	0	red	right	unaware	1	0
73.894	0.000	trigger_21	21	73894	Trigger-In:21	8	grating_on	salient	0	red	right	unaware	1	0
73.944	0.000	trigger_20	20	73944	Trigger-In:20	8	grating_off	salient	0	red	right	unaware	1	0
74.544	0.000	trigger_31	31	74544	Trigger-In:31	8	targets_on_fp_color_change	salient	0	red	right	unaware	1	0
75.424	0.000	trigger_201	201	75424	Trigger-In:201	8	trial_end_completed	salient	0	red	right	unaware	1	0
76.494	0.000	trigger_101	101	76494	Trigger-In:101	9	trial_start	salient	0	red	right	unaware	1	0
76.599	0.000	trigger_11	11	76599	Trigger-In:11	9	fixation_point_on	salient	0	red	right	unaware	1	0
77.199	0.000	trigger_21	21	77199	Trigger-In:21	9	grating_on	salient	0	red	right	unaware	1	0
77.249	0.000	trigger_20	20	77249	Trigger-In:20	9	grating_off	salient	0	red	right	unaware	1	0
77.849	0.000	trigger_31	31	77849	Trigger-In:31	9	targets_on_fp_color_change	salient	0	red	right	unaware	1	0
78.654	0.000	trigger_201	201	78654	Trigger-In:201	9	trial_end_completed	salient	0	red	right	unaware	1	0
79.719	0.000	trigger_101	101	79719	Trigger-In:101	10	trial_start	staircase	12	green	right	aware	1	0
79.824	0.000	trigger_11	11	79824	Trigger-In:11	10	fixation_point_on	staircase	12	green	right	aware	1	0
80.429	0.000	trigger_21	21	80429	Trigger-In:21	10	grating_on	staircase	12	green	right	aware	1	0
80.479	0.000	trigger_20	20	80479	Trigger-In:20	10	grating_off	staircase	12	green	right	aware	1	0
81.079	0.000	trigger_31	31	81079	Trigger-In:31	10	targets_on_fp_color_change	staircase	12	green	right	aware	1	0
82.044	0.000	trigger_201	201	82044	Trigger-In:201	10	trial_end_completed	staircase	12	green	right	aware	1	0
83.109	0.000	trigger_101	101	83109	Trigger-In:101	11	trial_start	absent	70	red	left	aware	1	0
83.214	0.000	trigger_11	11	83214	Trigger-In:11	11	fixation_point_on	absent	70	red	left	aware	1	0
83.814	0.000	trigger_21	21	83814	Trigger-In:21	11	grating_on	absent	70	red	left	aware	1	0
83.864	0.000	trigger_20	20	83864	Trigger-In:20	11	grating_off	absent	70	red	left	aware	1	0
84.464	0.000	trigger_31	31	84464	Trigger-In:31	11	targets_on_fp_color_change	absent	70	red	left	aware	1	0
85.189	0.000	trigger_201	201	85189	Trigger-In:201	11	trial_end_completed	absent	70	red	left	aware	1	0
86.259	0.000	trigger_101	101	86259	Trigger-In:101	12	trial_start	staircase	11	red	left	aware	1	0
86.364	0.000	trigger_11	11	86364	Trigger-In:11	12	fixation_point_on	staircase	11	red	left	aware	1	0
86.964	0.000	trigger_21	21	86964	Trigger-In:21	12	grating_on	staircase	11	red	left	aware	1	0
87.014	0.000	trigger_20	20	87014	Trigger-In:20	12	grating_off	staircase	11	red	left	aware	1	0
87.614	0.000	trigger_31	31	87614	Trigger-In:31	12	targets_on_fp_color_change	staircase	11	red	left	aware	1	0
88.549	0.000	trigger_201	201	88549	Trigger-In:201	12	trial_end_completed	staircase	11	red	left	aware	1	0
89.614	0.000	trigger_101	101	89614	Trigger-In:101	13	trial_start	staircase	10	green	left	unaware	1	0
89.714	0.000	trigger_11	11	89714	Trigger-In:11	13	fixation_point_on	staircase	10	green	left	unaware	1	0
90.314	0.000	trigger_21	21	90314	Trigger-In:21	13	grating_on	staircase	10	green	left	unaware	1	0
90.369	0.000	trigger_20	20	90369	Trigger-In:20	13	grating_off	staircase	10	green	left	unaware	1	0
90.969	0.000	trigger_31	31	90969	Trigger-In:31	13	targets_on_fp_color_change	staircase	10	green	left	unaware	1	0
91.854	0.000	trigger_201	201	91854	Trigger-In:201	13	trial_end_completed	staircase	10	green	left	unaware	1	0
92.919	0.000	trigger_101	101	92919	Trigger-In:101	14	trial_start	absent	70	red	left	aware	1	0
93.024	0.000	trigger_11	11	93024	Trigger-In:11	14	fixation_point_on	absent	70	red	left	aware	1	0
93.624	0.000	trigger_21	21	93624	Trigger-In:21	14	grating_on	absent	70	red	left	aware	1	0
93.674	0.000	trigger_20	20	93674	Trigger-In:20	14	grating_off	absent	70	red	left	aware	1	0
94.274	0.000	trigger_31	31	94274	Trigger-In:31	14	targets_on_fp_color_change	absent	70	red	left	aware	1	0
95.159	0.000	trigger_201	201	95159	Trigger-In:201	14	trial_end_completed	absent	70	red	left	aware	1	0
96.229	0.000	trigger_101	101	96229	Trigger-In:101	15	trial_start	staircase	11	red	left	aware	1	0
96.334	0.000	trigger_11	11	96334	Trigger-In:11	15	fixation_point_on	staircase	11	red	left	aware	1	0
96.934	0.000	trigger_21	21	96934	Trigger-In:21	15	grating_on	staircase	11	red	left	aware	1	0
96.989	0.000	trigger_20	20	96989	Trigger-In:20	15	grating_off	staircase	11	red	left	aware	1	0
97.589	0.000	trigger_31	31	97589	Trigger-In:31	15	targets_on_fp_color_change	staircase	11	red	left	aware	1	0
98.289	0.000	trigger_201	201	98289	Trigger-In:201	15	trial_end_completed	staircase	11	red	left	aware	1	0
99.354	0.000	trigger_101	101	99354	Trigger-In:101	16	trial_start	staircase	10	green	left	unaware	1	0
99.459	0.000	trigger_11	11	99459	Trigger-In:11	16	fixation_point_on	staircase	10	green	left	unaware	1	0
100.059	0.000	trigger_21	21	100059	Trigger-In:21	16	grating_on	staircase	10	green	left	unaware	1	0
100.109	0.000	trigger_20	20	100109	Trigger-In:20	16	grating_off	staircase	10	green	left	unaware	1	0
100.709	0.000	trigger_31	31	100709	Trigger-In:31	16	targets_on_fp_color_change	staircase	10	green	left	unaware	1	0
101.634	0.000	trigger_201	201	101634	Trigger-In:201	16	trial_end_completed	staircase	10	green	left	unaware	1	0
102.704	0.000	trigger_101	101	102704	Trigger-In:101	17	trial_start	staircase	11	green	left	unaware	1	0
102.804	0.000	trigger_11	11	102804	Trigger-In:11	17	fixation_point_on	staircase	11	green	left	unaware	1	0
103.404	0.000	trigger_21	21	103404	Trigger-In:21	17	grating_on	staircase	11	green	left	unaware	1	0
103.454	0.000	trigger_20	20	103454	Trigger-In:20	17	grating_off	staircase	11	green	left	unaware	1	0
104.054	0.000	trigger_31	31	104054	Trigger-In:31	17	targets_on_fp_color_change	staircase	11	green	left	unaware	1	0
104.994	0.000	trigger_201	201	104994	Trigger-In:201	17	trial_end_completed	staircase	11	green	left	unaware	1	0
106.064	0.000	trigger_101	101	106064	Trigger-In:101	18	trial_start	staircase	12	green	right	aware	1	0
106.164	0.000	trigger_11	11	106164	Trigger-In:11	18	fixation_point_on	staircase	12	green	right	aware	1	0
106.769	0.000	trigger_21	21	106769	Trigger-In:21	18	grating_on	staircase	12	green	right	aware	1	0
106.819	0.000	trigger_20	20	106819	Trigger-In:20	18	grating_off	staircase	12	green	right	aware	1	0
107.419	0.000	trigger_31	31	107419	Trigger-In:31	18	targets_on_fp_color_change	staircase	12	green	right	aware	1	0
108.144	0.000	trigger_201	201	108144	Trigger-In:201	18	trial_end_completed	staircase	12	green	right	aware	1	0
109.209	0.000	trigger_101	101	109209	Trigger-In:101	19	trial_start	staircase	11	green	left	unaware	1	0
109.314	0.000	trigger_11	11	109314	Trigger-In:11	19	fixation_point_on	staircase	11	green	left	unaware	1	0
109.914	0.000	trigger_21	21	109914	Trigger-In:21	19	grating_on	staircase	11	green	left	unaware	1	0
109.969	0.000	trigger_20	20	109969	Trigger-In:20	19	grating_off	staircase	11	green	left	unaware	1	0
110.569	0.000	trigger_31	31	110569	Trigger-In:31	19	targets_on_fp_color_change	staircase	11	green	left	unaware	1	0
111.559	0.000	trigger_201	201	111559	Trigger-In:201	19	trial_end_completed	staircase	11	green	left	unaware	1	0
112.629	0.000	trigger_101	101	112629	Trigger-In:101	20	trial_start	staircase	12	red	right	unaware	1	0
113.129	0.000	trigger_11	11	113129	Trigger-In:11	20	fixation_point_on	staircase	12	red	right	unaware	1	0
113.729	0.000	trigger_21	21	113729	Trigger-In:21	20	grating_on	staircase	12	red	right	unaware	1	0
113.779	0.000	trigger_20	20	113779	Trigger-In:20	20	grating_off	staircase	12	red	right	unaware	1	0
114.379	0.000	trigger_31	31	114379	Trigger-In:31	20	targets_on_fp_color_change	staircase	12	red	right	unaware	1	0
115.314	0.000	trigger_201	201	115314	Trigger-In:201	20	trial_end_completed	staircase	12	red	right	unaware	1	0
116.384	0.000	trigger_101	101	116384	Trigger-In:101	21	trial_start	staircase	13	red	left	aware	1	0
116.484	0.000	trigger_11	11	116484	Trigger-In:11	21	fixation_point_on	staircase	13	red	left	aware	1	0
117.084	0.000	trigger_21	21	117084	Trigger-In:21	21	grating_on	staircase	13	red	left	aware	1	0
117.134	0.000	trigger_20	20	117134	Trigger-In:20	21	grating_off	staircase	13	red	left	aware	1	0
117.734	0.000	trigger_31	31	117734	Trigger-In:31	21	targets_on_fp_color_change	staircase	13	red	left	aware	1	0
118.614	0.000	trigger_201	201	118614	Trigger-In:201	21	trial_end_completed	staircase	13	red	left	aware	1	0
119.684	0.000	trigger_101	101	119684	Trigger-In:101	22	trial_start	salient	0	green	n/a	n/a	0	1
119.784	0.000	trigger_11	11	119784	Trigger-In:11	22	fixation_point_on	salient	0	green	n/a	n/a	0	1
120.384	0.000	trigger_21	21	120384	Trigger-In:21	22	grating_on	salient	0	green	n/a	n/a	0	1
120.409	0.000	trigger_204	204	120409	Trigger-In:204	22	trial_end_fixation_break	salient	0	green	n/a	n/a	0	1
122.129	0.000	trigger_101	101	122129	Trigger-In:101	23	trial_start	staircase	12	green	right	aware	1	0
122.234	0.000	trigger_11	11	122234	Trigger-In:11	23	fixation_point_on	staircase	12	green	right	aware	1	0
122.834	0.000	trigger_21	21	122834	Trigger-In:21	23	grating_on	staircase	12	green	right	aware	1	0
122.894	0.000	trigger_20	20	122894	Trigger-In:20	23	grating_off	staircase	12	green	right	aware	1	0
123.489	0.000	trigger_31	31	123489	Trigger-In:31	23	targets_on_fp_color_change	staircase	12	green	right	aware	1	0
124.844	0.000	trigger_201	201	124844	Trigger-In:201	23	trial_end_completed	staircase	12	green	right	aware	1	0
125.909	0.000	trigger_101	101	125909	Trigger-In:101	24	trial_start	salient	0	green	left	unaware	1	0
126.019	0.000	trigger_11	11	126019	Trigger-In:11	24	fixation_point_on	salient	0	green	left	unaware	1	0
126.619	0.000	trigger_21	21	126619	Trigger-In:21	24	grating_on	salient	0	green	left	unaware	1	0
126.669	0.000	trigger_20	20	126669	Trigger-In:20	24	grating_off	salient	0	green	left	unaware	1	0
127.269	0.000	trigger_31	31	127269	Trigger-In:31	24	targets_on_fp_color_change	salient	0	green	left	unaware	1	0
128.159	0.000	trigger_201	201	128159	Trigger-In:201	24	trial_end_completed	salient	0	green	left	unaware	1	0
129.229	0.000	trigger_101	101	129229	Trigger-In:101	25	trial_start	salient	0	red	right	unaware	1	0
129.334	0.000	trigger_11	11	129334	Trigger-In:11	25	fixation_point_on	salient	0	red	right	unaware	1	0
129.939	0.000	trigger_21	21	129939	Trigger-In:21	25	grating_on	salient	0	red	right	unaware	1	0
129.989	0.000	trigger_20	20	129989	Trigger-In:20	25	grating_off	salient	0	red	right	unaware	1	0
130.589	0.000	trigger_31	31	130589	Trigger-In:31	25	targets_on_fp_color_change	salient	0	red	right	unaware	1	0
131.644	0.000	trigger_201	201	131644	Trigger-In:201	25	trial_end_completed	salient	0	red	right	unaware	1	0
132.709	0.000	trigger_101	101	132709	Trigger-In:101	26	trial_start	staircase	11	red	right	unaware	1	0
132.814	0.000	trigger_11	11	132814	Trigger-In:11	26	fixation_point_on	staircase	11	red	right	unaware	1	0
133.414	0.000	trigger_21	21	133414	Trigger-In:21	26	grating_on	staircase	11	red	right	unaware	1	0
133.464	0.000	trigger_20	20	133464	Trigger-In:20	26	grating_off	staircase	11	red	right	unaware	1	0
134.064	0.000	trigger_31	31	134064	Trigger-In:31	26	targets_on_fp_color_change	staircase	11	red	right	unaware	1	0
135.079	0.000	trigger_201	201	135079	Trigger-In:201	26	trial_end_completed	staircase	11	red	right	unaware	1	0
136.144	0.000	trigger_101	101	136144	Trigger-In:101	27	trial_start	staircase	12	red	right	unaware	1	0
136.249	0.000	trigger_11	11	136249	Trigger-In:11	27	fixation_point_on	staircase	12	red	right	unaware	1	0
136.849	0.000	trigger_21	21	136849	Trigger-In:21	27	grating_on	staircase	12	red	right	unaware	1	0
136.899	0.000	trigger_20	20	136899	Trigger-In:20	27	grating_off	staircase	12	red	right	unaware	1	0
137.499	0.000	trigger_31	31	137499	Trigger-In:31	27	targets_on_fp_color_change	staircase	12	red	right	unaware	1	0
138.484	0.000	trigger_201	201	138484	Trigger-In:201	27	trial_end_completed	staircase	12	red	right	unaware	1	0
139.549	0.000	trigger_101	101	139549	Trigger-In:101	28	trial_start	absent	70	green	right	aware	1	0
139.654	0.000	trigger_11	11	139654	Trigger-In:11	28	fixation_point_on	absent	70	green	right	aware	1	0
140.254	0.000	trigger_21	21	140254	Trigger-In:21	28	grating_on	absent	70	green	right	aware	1	0
140.304	0.000	trigger_20	20	140304	Trigger-In:20	28	grating_off	absent	70	green	right	aware	1	0
140.909	0.000	trigger_31	31	140909	Trigger-In:31	28	targets_on_fp_color_change	absent	70	green	right	aware	1	0
141.514	0.000	trigger_201	201	141514	Trigger-In:201	28	trial_end_completed	absent	70	green	right	aware	1	0
142.584	0.000	trigger_101	101	142584	Trigger-In:101	29	trial_start	staircase	13	green	right	aware	1	0
142.689	0.000	trigger_11	11	142689	Trigger-In:11	29	fixation_point_on	staircase	13	green	right	aware	1	0
143.289	0.000	trigger_21	21	143289	Trigger-In:21	29	grating_on	staircase	13	green	right	aware	1	0
143.339	0.000	trigger_20	20	143339	Trigger-In:20	29	grating_off	staircase	13	green	right	aware	1	0
143.939	0.000	trigger_31	31	143939	Trigger-In:31	29	targets_on_fp_color_change	staircase	13	green	right	aware	1	0
144.609	0.000	trigger_201	201	144609	Trigger-In:201	29	trial_end_completed	staircase	13	green	right	aware	1	0
145.679	0.000	trigger_101	101	145679	Trigger-In:101	30	trial_start	staircase	12	green	left	unaware	1	0
145.784	0.000	trigger_11	11	145784	Trigger-In:11	30	fixation_point_on	staircase	12	green	left	unaware	1	0
146.384	0.000	trigger_21	21	146384	Trigger-In:21	30	grating_on	staircase	12	green	left	unaware	1	0
146.434	0.000	trigger_20	20	146434	Trigger-In:20	30	grating_off	staircase	12	green	left	unaware	1	0
147.034	0.000	trigger_31	31	147034	Trigger-In:31	30	targets_on_fp_color_change	staircase	12	green	left	unaware	1	0
148.019	0.000	trigger_201	201	148019	Trigger-In:201	30	trial_end_completed	staircase	12	green	left	unaware	1	0
149.089	0.000	trigger_101	101	149089	Trigger-In:101	31	trial_start	salient	0	red	right	unaware	1	0
149.194	0.000	trigger_11	11	149194	Trigger-In:11	31	fixation_point_on	salient	0	red	right	unaware	1	0
149.794	0.000	trigger_21	21	149794	Trigger-In:21	31	grating_on	salient	0	red	right	unaware	1	0
149.844	0.000	trigger_20	20	149844	Trigger-In:20	31	grating_off	salient	0	red	right	unaware	1	0
150.444	0.000	trigger_31	31	150444	Trigger-In:31	31	targets_on_fp_color_change	salient	0	red	right	unaware	1	0
151.834	0.000	trigger_201	201	151834	Trigger-In:201	31	trial_end_completed	salient	0	red	right	unaware	1	0
152.899	0.000	trigger_101	101	152899	Trigger-In:101	32	trial_start	staircase	13	green	left	unaware	1	0
153.004	0.000	trigger_11	11	153004	Trigger-In:11	32	fixation_point_on	staircase	13	green	left	unaware	1	0
153.604	0.000	trigger_21	21	153604	Trigger-In:21	32	grating_on	staircase	13	green	left	unaware	1	0
153.659	0.000	trigger_20	20	153659	Trigger-In:20	32	grating_off	staircase	13	green	left	unaware	1	0
154.259	0.000	trigger_31	31	154259	Trigger-In:31	32	targets_on_fp_color_change	staircase	13	green	left	unaware	1	0
155.344	0.000	trigger_201	201	155344	Trigger-In:201	32	trial_end_completed	staircase	13	green	left	unaware	1	0
156.409	0.000	trigger_101	101	156409	Trigger-In:101	33	trial_start	staircase	14	red	left	aware	1	0
156.514	0.000	trigger_11	11	156514	Trigger-In:11	33	fixation_point_on	staircase	14	red	left	aware	1	0
157.114	0.000	trigger_21	21	157114	Trigger-In:21	33	grating_on	staircase	14	red	left	aware	1	0
157.169	0.000	trigger_20	20	157169	Trigger-In:20	33	grating_off	staircase	14	red	left	aware	1	0
157.769	0.000	trigger_31	31	157769	Trigger-In:31	33	targets_on_fp_color_change	staircase	14	red	left	aware	1	0
158.729	0.000	trigger_201	201	158729	Trigger-In:201	33	trial_end_completed	staircase	14	red	left	aware	1	0
159.794	0.000	trigger_101	101	159794	Trigger-In:101	34	trial_start	staircase	13	green	left	unaware	1	0
159.899	0.000	trigger_11	11	159899	Trigger-In:11	34	fixation_point_on	staircase	13	green	left	unaware	1	0
160.499	0.000	trigger_21	21	160499	Trigger-In:21	34	grating_on	staircase	13	green	left	unaware	1	0
160.549	0.000	trigger_20	20	160549	Trigger-In:20	34	grating_off	staircase	13	green	left	unaware	1	0
161.149	0.000	trigger_31	31	161149	Trigger-In:31	34	targets_on_fp_color_change	staircase	13	green	left	unaware	1	0
162.599	0.000	trigger_201	201	162599	Trigger-In:201	34	trial_end_completed	staircase	13	green	left	unaware	1	0
163.669	0.000	trigger_101	101	163669	Trigger-In:101	35	trial_start	staircase	14	green	right	aware	1	0
163.774	0.000	trigger_11	11	163774	Trigger-In:11	35	fixation_point_on	staircase	14	green	right	aware	1	0
164.374	0.000	trigger_21	21	164374	Trigger-In:21	35	grating_on	staircase	14	green	right	aware	1	0
164.424	0.000	trigger_20	20	164424	Trigger-In:20	35	grating_off	staircase	14	green	right	aware	1	0
165.024	0.000	trigger_31	31	165024	Trigger-In:31	35	targets_on_fp_color_change	staircase	14	green	right	aware	1	0
165.734	0.000	trigger_201	201	165734	Trigger-In:201	35	trial_end_completed	staircase	14	green	right	aware	1	0
166.799	0.000	trigger_101	101	166799	Trigger-In:101	36	trial_start	staircase	13	green	right	aware	1	0
166.904	0.000	trigger_11	11	166904	Trigger-In:11	36	fixation_point_on	staircase	13	green	right	aware	1	0
167.504	0.000	trigger_21	21	167504	Trigger-In:21	36	grating_on	staircase	13	green	right	aware	1	0
167.554	0.000	trigger_20	20	167554	Trigger-In:20	36	grating_off	staircase	13	green	right	aware	1	0
168.154	0.000	trigger_31	31	168154	Trigger-In:31	36	targets_on_fp_color_change	staircase	13	green	right	aware	1	0
168.889	0.000	trigger_201	201	168889	Trigger-In:201	36	trial_end_completed	staircase	13	green	right	aware	1	0
169.954	0.000	trigger_101	101	169954	Trigger-In:101	37	trial_start	staircase	12	red	right	unaware	1	0
170.059	0.000	trigger_11	11	170059	Trigger-In:11	37	fixation_point_on	staircase	12	red	right	unaware	1	0
170.659	0.000	trigger_21	21	170659	Trigger-In:21	37	grating_on	staircase	12	red	right	unaware	1	0
170.709	0.000	trigger_20	20	170709	Trigger-In:20	37	grating_off	staircase	12	red	right	unaware	1	0
171.309	0.000	trigger_31	31	171309	Trigger-In:31	37	targets_on_fp_color_change	staircase	12	red	right	unaware	1	0
172.254	0.000	trigger_201	201	172254	Trigger-In:201	37	trial_end_completed	staircase	12	red	right	unaware	1	0
173.319	0.000	trigger_101	101	173319	Trigger-In:101	38	trial_start	staircase	13	red	left	aware	1	0
173.424	0.000	trigger_11	11	173424	Trigger-In:11	38	fixation_point_on	staircase	13	red	left	aware	1	0
174.024	0.000	trigger_21	21	174024	Trigger-In:21	38	grating_on	staircase	13	red	left	aware	1	0
174.074	0.000	trigger_20	20	174074	Trigger-In:20	38	grating_off	staircase	13	red	left	aware	1	0
174.674	0.000	trigger_31	31	174674	Trigger-In:31	38	targets_on_fp_color_change	staircase	13	red	left	aware	1	0
175.704	0.000	trigger_201	201	175704	Trigger-In:201	38	trial_end_completed	staircase	13	red	left	aware	1	0
176.769	0.000	trigger_101	101	176769	Trigger-In:101	39	trial_start	staircase	12	green	right	aware	1	0
176.874	0.000	trigger_11	11	176874	Trigger-In:11	39	fixation_point_on	staircase	12	green	right	aware	1	0
177.474	0.000	trigger_21	21	177474	Trigger-In:21	39	grating_on	staircase	12	green	right	aware	1	0
177.524	0.000	trigger_20	20	177524	Trigger-In:20	39	grating_off	staircase	12	green	right	aware	1	0
178.124	0.000	trigger_31	31	178124	Trigger-In:31	39	targets_on_fp_color_change	staircase	12	green	right	aware	1	0
178.864	0.000	trigger_201	201	178864	Trigger-In:201	39	trial_end_completed	staircase	12	green	right	aware	1	0
179.929	0.000	trigger_101	101	179929	Trigger-In:101	40	trial_start	staircase	11	red	left	aware	1	0
180.034	0.000	trigger_11	11	180034	Trigger-In:11	40	fixation_point_on	staircase	11	red	left	aware	1	0
180.634	0.000	trigger_21	21	180634	Trigger-In:21	40	grating_on	staircase	11	red	left	aware	1	0
180.684	0.000	trigger_20	20	180684	Trigger-In:20	40	grating_off	staircase	11	red	left	aware	1	0
181.289	0.000	trigger_31	31	181289	Trigger-In:31	40	targets_on_fp_color_change	staircase	11	red	left	aware	1	0
182.304	0.000	trigger_201	201	182304	Trigger-In:201	40	trial_end_completed	staircase	11	red	left	aware	1	0
183.369	0.000	trigger_101	101	183369	Trigger-In:101	41	trial_start	staircase	10	red	right	unaware	1	0
183.479	0.000	trigger_11	11	183479	Trigger-In:11	41	fixation_point_on	staircase	10	red	right	unaware	1	0
184.079	0.000	trigger_21	21	184079	Trigger-In:21	41	grating_on	staircase	10	red	right	unaware	1	0
184.129	0.000	trigger_20	20	184129	Trigger-In:20	41	grating_off	staircase	10	red	right	unaware	1	0
184.729	0.000	trigger_31	31	184729	Trigger-In:31	41	targets_on_fp_color_change	staircase	10	red	right	unaware	1	0
185.469	0.000	trigger_201	201	185469	Trigger-In:201	41	trial_end_completed	staircase	10	red	right	unaware	1	0
186.534	0.000	trigger_101	101	186534	Trigger-In:101	42	trial_start	staircase	11	red	left	aware	1	0
186.644	0.000	trigger_11	11	186644	Trigger-In:11	42	fixation_point_on	staircase	11	red	left	aware	1	0
187.244	0.000	trigger_21	21	187244	Trigger-In:21	42	grating_on	staircase	11	red	left	aware	1	0
187.294	0.000	trigger_20	20	187294	Trigger-In:20	42	grating_off	staircase	11	red	left	aware	1	0
187.894	0.000	trigger_31	31	187894	Trigger-In:31	42	targets_on_fp_color_change	staircase	11	red	left	aware	1	0
188.894	0.000	trigger_201	201	188894	Trigger-In:201	42	trial_end_completed	staircase	11	red	left	aware	1	0
189.959	0.000	trigger_101	101	189959	Trigger-In:101	43	trial_start	staircase	10	green	right	aware	1	0
190.064	0.000	trigger_11	11	190064	Trigger-In:11	43	fixation_point_on	staircase	10	green	right	aware	1	0
190.664	0.000	trigger_21	21	190664	Trigger-In:21	43	grating_on	staircase	10	green	right	aware	1	0
190.714	0.000	trigger_20	20	190714	Trigger-In:20	43	grating_off	staircase	10	green	right	aware	1	0
191.314	0.000	trigger_31	31	191314	Trigger-In:31	43	targets_on_fp_color_change	staircase	10	green	right	aware	1	0
192.354	0.000	trigger_201	201	192354	Trigger-In:201	43	trial_end_completed	staircase	10	green	right	aware	1	0
193.419	0.000	trigger_101	101	193419	Trigger-In:101	44	trial_start	salient	0	red	right	unaware	1	0
193.524	0.000	trigger_11	11	193524	Trigger-In:11	44	fixation_point_on	salient	0	red	right	unaware	1	0
194.124	0.000	trigger_21	21	194124	Trigger-In:21	44	grating_on	salient	0	red	right	unaware	1	0
194.179	0.000	trigger_20	20	194179	Trigger-In:20	44	grating_off	salient	0	red	right	unaware	1	0
194.779	0.000	trigger_31	31	194779	Trigger-In:31	44	targets_on_fp_color_change	salient	0	red	right	unaware	1	0
195.614	0.000	trigger_201	201	195614	Trigger-In:201	44	trial_end_completed	salient	0	red	right	unaware	1	0
196.679	0.000	trigger_101	101	196679	Trigger-In:101	45	trial_start	salient	0	red	right	unaware	1	0
196.789	0.000	trigger_11	11	196789	Trigger-In:11	45	fixation_point_on	salient	0	red	right	unaware	1	0
197.389	0.000	trigger_21	21	197389	Trigger-In:21	45	grating_on	salient	0	red	right	unaware	1	0
197.439	0.000	trigger_20	20	197439	Trigger-In:20	45	grating_off	salient	0	red	right	unaware	1	0
198.039	0.000	trigger_31	31	198039	Trigger-In:31	45	targets_on_fp_color_change	salient	0	red	right	unaware	1	0
198.924	0.000	trigger_201	201	198924	Trigger-In:201	45	trial_end_completed	salient	0	red	right	unaware	1	0
199.989	0.000	trigger_101	101	199989	Trigger-In:101	46	trial_start	staircase	9	red	right	unaware	1	0
200.094	0.000	trigger_11	11	200094	Trigger-In:11	46	fixation_point_on	staircase	9	red	right	unaware	1	0
200.694	0.000	trigger_21	21	200694	Trigger-In:21	46	grating_on	staircase	9	red	right	unaware	1	0
200.744	0.000	trigger_20	20	200744	Trigger-In:20	46	grating_off	staircase	9	red	right	unaware	1	0
201.344	0.000	trigger_31	31	201344	Trigger-In:31	46	targets_on_fp_color_change	staircase	9	red	right	unaware	1	0
202.294	0.000	trigger_201	201	202294	Trigger-In:201	46	trial_end_completed	staircase	9	red	right	unaware	1	0
203.359	0.000	trigger_101	101	203359	Trigger-In:101	47	trial_start	staircase	10	red	right	unaware	1	0
203.464	0.000	trigger_11	11	203464	Trigger-In:11	47	fixation_point_on	staircase	10	red	right	unaware	1	0
204.069	0.000	trigger_21	21	204069	Trigger-In:21	47	grating_on	staircase	10	red	right	unaware	1	0
204.119	0.000	trigger_20	20	204119	Trigger-In:20	47	grating_off	staircase	10	red	right	unaware	1	0
204.719	0.000	trigger_31	31	204719	Trigger-In:31	47	targets_on_fp_color_change	staircase	10	red	right	unaware	1	0
205.624	0.000	trigger_201	201	205624	Trigger-In:201	47	trial_end_completed	staircase	10	red	right	unaware	1	0
206.689	0.000	trigger_101	101	206689	Trigger-In:101	48	trial_start	staircase	11	red	right	unaware	1	0
206.794	0.000	trigger_11	11	206794	Trigger-In:11	48	fixation_point_on	staircase	11	red	right	unaware	1	0
207.399	0.000	trigger_21	21	207399	Trigger-In:21	48	grating_on	staircase	11	red	right	unaware	1	0
207.449	0.000	trigger_20	20	207449	Trigger-In:20	48	grating_off	staircase	11	red	right	unaware	1	0
208.049	0.000	trigger_31	31	208049	Trigger-In:31	48	targets_on_fp_color_change	staircase	11	red	right	unaware	1	0
208.839	0.000	trigger_201	201	208839	Trigger-In:201	48	trial_end_completed	staircase	11	red	right	unaware	1	0
209.904	0.000	trigger_101	101	209904	Trigger-In:101	49	trial_start	staircase	12	green	left	unaware	1	0
210.009	0.000	trigger_11	11	210009	Trigger-In:11	49	fixation_point_on	staircase	12	green	left	unaware	1	0
210.614	0.000	trigger_21	21	210614	Trigger-In:21	49	grating_on	staircase	12	green	left	unaware	1	0
210.664	0.000	trigger_20	20	210664	Trigger-In:20	49	grating_off	staircase	12	green	left	unaware	1	0
211.264	0.000	trigger_31	31	211264	Trigger-In:31	49	targets_on_fp_color_change	staircase	12	green	left	unaware	1	0
212.164	0.000	trigger_201	201	212164	Trigger-In:201	49	trial_end_completed	staircase	12	green	left	unaware	1	0
213.234	0.000	trigger_101	101	213234	Trigger-In:101	50	trial_start	absent	70	green	right	aware	1	0
213.339	0.000	trigger_11	11	213339	Trigger-In:11	50	fixation_point_on	absent	70	green	right	aware	1	0
213.939	0.000	trigger_21	21	213939	Trigger-In:21	50	grating_on	absent	70	green	right	aware	1	0
213.989	0.000	trigger_20	20	213989	Trigger-In:20	50	grating_off	absent	70	green	right	aware	1	0
214.589	0.000	trigger_31	31	214589	Trigger-In:31	50	targets_on_fp_color_change	absent	70	green	right	aware	1	0
215.334	0.000	trigger_201	201	215334	Trigger-In:201	50	trial_end_completed	absent	70	green	right	aware	1	0
216.399	0.000	trigger_101	101	216399	Trigger-In:101	51	trial_start	staircase	13	green	left	unaware	1	0
216.859	0.000	trigger_11	11	216859	Trigger-In:11	51	fixation_point_on	staircase	13	green	left	unaware	1	0
217.464	0.000	trigger_21	21	217464	Trigger-In:21	51	grating_on	staircase	13	green	left	unaware	1	0
217.514	0.000	trigger_20	20	217514	Trigger-In:20	51	grating_off	staircase	13	green	left	unaware	1	0
218.114	0.000	trigger_31	31	218114	Trigger-In:31	51	targets_on_fp_color_change	staircase	13	green	left	unaware	1	0
219.269	0.000	trigger_201	201	219269	Trigger-In:201	51	trial_end_completed	staircase	13	green	left	unaware	1	0
220.334	0.000	trigger_101	101	220334	Trigger-In:101	52	trial_start	absent	70	red	left	aware	1	0
220.439	0.000	trigger_11	11	220439	Trigger-In:11	52	fixation_point_on	absent	70	red	left	aware	1	0
221.039	0.000	trigger_21	21	221039	Trigger-In:21	52	grating_on	absent	70	red	left	aware	1	0
221.094	0.000	trigger_20	20	221094	Trigger-In:20	52	grating_off	absent	70	red	left	aware	1	0
221.694	0.000	trigger_31	31	221694	Trigger-In:31	52	targets_on_fp_color_change	absent	70	red	left	aware	1	0
222.474	0.000	trigger_201	201	222474	Trigger-In:201	52	trial_end_completed	absent	70	red	left	aware	1	0
223.539	0.000	trigger_101	101	223539	Trigger-In:101	53	trial_start	staircase	14	green	left	unaware	1	0
223.644	0.000	trigger_11	11	223644	Trigger-In:11	53	fixation_point_on	staircase	14	green	left	unaware	1	0
224.244	0.000	trigger_21	21	224244	Trigger-In:21	53	grating_on	staircase	14	green	left	unaware	1	0
224.294	0.000	trigger_20	20	224294	Trigger-In:20	53	grating_off	staircase	14	green	left	unaware	1	0
224.894	0.000	trigger_31	31	224894	Trigger-In:31	53	targets_on_fp_color_change	staircase	14	green	left	unaware	1	0
225.964	0.000	trigger_201	201	225964	Trigger-In:201	53	trial_end_completed	staircase	14	green	left	unaware	1	0
227.029	0.000	trigger_101	101	227029	Trigger-In:101	54	trial_start	salient	0	red	right	unaware	1	0
227.134	0.000	trigger_11	11	227134	Trigger-In:11	54	fixation_point_on	salient	0	red	right	unaware	1	0
227.734	0.000	trigger_21	21	227734	Trigger-In:21	54	grating_on	salient	0	red	right	unaware	1	0
227.784	0.000	trigger_20	20	227784	Trigger-In:20	54	grating_off	salient	0	red	right	unaware	1	0
228.384	0.000	trigger_31	31	228384	Trigger-In:31	54	targets_on_fp_color_change	salient	0	red	right	unaware	1	0
229.084	0.000	trigger_201	201	229084	Trigger-In:201	54	trial_end_completed	salient	0	red	right	unaware	1	0
230.154	0.000	trigger_101	101	230154	Trigger-In:101	55	trial_start	staircase	15	green	left	unaware	1	0
230.254	0.000	trigger_11	11	230254	Trigger-In:11	55	fixation_point_on	staircase	15	green	left	unaware	1	0
230.854	0.000	trigger_21	21	230854	Trigger-In:21	55	grating_on	staircase	15	green	left	unaware	1	0
230.909	0.000	trigger_20	20	230909	Trigger-In:20	55	grating_off	staircase	15	green	left	unaware	1	0
231.509	0.000	trigger_31	31	231509	Trigger-In:31	55	targets_on_fp_color_change	staircase	15	green	left	unaware	1	0
232.584	0.000	trigger_201	201	232584	Trigger-In:201	55	trial_end_completed	staircase	15	green	left	unaware	1	0
233.649	0.000	trigger_101	101	233649	Trigger-In:101	56	trial_start	staircase	16	red	left	aware	1	0
233.754	0.000	trigger_11	11	233754	Trigger-In:11	56	fixation_point_on	staircase	16	red	left	aware	1	0
234.354	0.000	trigger_21	21	234354	Trigger-In:21	56	grating_on	staircase	16	red	left	aware	1	0
234.409	0.000	trigger_20	20	234409	Trigger-In:20	56	grating_off	staircase	16	red	left	aware	1	0
235.009	0.000	trigger_31	31	235009	Trigger-In:31	56	targets_on_fp_color_change	staircase	16	red	left	aware	1	0
236.584	0.000	trigger_201	201	236584	Trigger-In:201	56	trial_end_completed	staircase	16	red	left	aware	1	0
237.649	0.000	trigger_101	101	237649	Trigger-In:101	57	trial_start	staircase	15	green	right	aware	1	0
237.754	0.000	trigger_11	11	237754	Trigger-In:11	57	fixation_point_on	staircase	15	green	right	aware	1	0
238.354	0.000	trigger_21	21	238354	Trigger-In:21	57	grating_on	staircase	15	green	right	aware	1	0
238.404	0.000	trigger_20	20	238404	Trigger-In:20	57	grating_off	staircase	15	green	right	aware	1	0
239.009	0.000	trigger_31	31	239009	Trigger-In:31	57	targets_on_fp_color_change	staircase	15	green	right	aware	1	0
239.869	0.000	trigger_201	201	239869	Trigger-In:201	57	trial_end_completed	staircase	15	green	right	aware	1	0
240.939	0.000	trigger_101	101	240939	Trigger-In:101	58	trial_start	staircase	14	green	left	unaware	1	0
241.044	0.000	trigger_11	11	241044	Trigger-In:11	58	fixation_point_on	staircase	14	green	left	unaware	1	0
241.644	0.000	trigger_21	21	241644	Trigger-In:21	58	grating_on	staircase	14	green	left	unaware	1	0
241.694	0.000	trigger_20	20	241694	Trigger-In:20	58	grating_off	staircase	14	green	left	unaware	1	0
242.294	0.000	trigger_31	31	242294	Trigger-In:31	58	targets_on_fp_color_change	staircase	14	green	left	unaware	1	0
243.349	0.000	trigger_201	201	243349	Trigger-In:201	58	trial_end_completed	staircase	14	green	left	unaware	1	0
244.419	0.000	trigger_101	101	244419	Trigger-In:101	59	trial_start	staircase	15	red	left	aware	1	0
244.519	0.000	trigger_11	11	244519	Trigger-In:11	59	fixation_point_on	staircase	15	red	left	aware	1	0
245.119	0.000	trigger_21	21	245119	Trigger-In:21	59	grating_on	staircase	15	red	left	aware	1	0
245.169	0.000	trigger_20	20	245169	Trigger-In:20	59	grating_off	staircase	15	red	left	aware	1	0
245.769	0.000	trigger_31	31	245769	Trigger-In:31	59	targets_on_fp_color_change	staircase	15	red	left	aware	1	0
247.179	0.000	trigger_201	201	247179	Trigger-In:201	59	trial_end_completed	staircase	15	red	left	aware	1	0
248.244	0.000	trigger_101	101	248244	Trigger-In:101	60	trial_start	staircase	14	red	left	aware	1	0
248.349	0.000	trigger_11	11	248349	Trigger-In:11	60	fixation_point_on	staircase	14	red	left	aware	1	0
248.949	0.000	trigger_21	21	248949	Trigger-In:21	60	grating_on	staircase	14	red	left	aware	1	0
248.999	0.000	trigger_20	20	248999	Trigger-In:20	60	grating_off	staircase	14	red	left	aware	1	0
249.604	0.000	trigger_31	31	249604	Trigger-In:31	60	targets_on_fp_color_change	staircase	14	red	left	aware	1	0
250.764	0.000	trigger_201	201	250764	Trigger-In:201	60	trial_end_completed	staircase	14	red	left	aware	1	0
251.834	0.000	trigger_101	101	251834	Trigger-In:101	61	trial_start	salient	0	red	right	unaware	1	0
251.939	0.000	trigger_11	11	251939	Trigger-In:11	61	fixation_point_on	salient	0	red	right	unaware	1	0
252.539	0.000	trigger_21	21	252539	Trigger-In:21	61	grating_on	salient	0	red	right	unaware	1	0
252.589	0.000	trigger_20	20	252589	Trigger-In:20	61	grating_off	salient	0	red	right	unaware	1	0
253.189	0.000	trigger_31	31	253189	Trigger-In:31	61	targets_on_fp_color_change	salient	0	red	right	unaware	1	0
254.719	0.000	trigger_201	201	254719	Trigger-In:201	61	trial_end_completed	salient	0	red	right	unaware	1	0
255.789	0.000	trigger_101	101	255789	Trigger-In:101	62	trial_start	salient	0	green	left	unaware	1	0
255.894	0.000	trigger_11	11	255894	Trigger-In:11	62	fixation_point_on	salient	0	green	left	unaware	1	0
256.494	0.000	trigger_21	21	256494	Trigger-In:21	62	grating_on	salient	0	green	left	unaware	1	0
256.544	0.000	trigger_20	20	256544	Trigger-In:20	62	grating_off	salient	0	green	left	unaware	1	0
257.149	0.000	trigger_31	31	257149	Trigger-In:31	62	targets_on_fp_color_change	salient	0	green	left	unaware	1	0
258.239	0.000	trigger_201	201	258239	Trigger-In:201	62	trial_end_completed	salient	0	green	left	unaware	1	0
259.309	0.000	trigger_101	101	259309	Trigger-In:101	63	trial_start	staircase	13	red	right	unaware	1	0
259.409	0.000	trigger_11	11	259409	Trigger-In:11	63	fixation_point_on	staircase	13	red	right	unaware	1	0
260.009	0.000	trigger_21	21	260009	Trigger-In:21	63	grating_on	staircase	13	red	right	unaware	1	0
260.059	0.000	trigger_20	20	260059	Trigger-In:20	63	grating_off	staircase	13	red	right	unaware	1	0
260.659	0.000	trigger_31	31	260659	Trigger-In:31	63	targets_on_fp_color_change	staircase	13	red	right	unaware	1	0
261.599	0.000	trigger_201	201	261599	Trigger-In:201	63	trial_end_completed	staircase	13	red	right	unaware	1	0
262.669	0.000	trigger_101	101	262669	Trigger-In:101	64	trial_start	absent	70	green	right	aware	1	0
262.774	0.000	trigger_11	11	262774	Trigger-In:11	64	fixation_point_on	absent	70	green	right	aware	1	0
263.374	0.000	trigger_21	21	263374	Trigger-In:21	64	grating_on	absent	70	green	right	aware	1	0
263.424	0.000	trigger_20	20	263424	Trigger-In:20	64	grating_off	absent	70	green	right	aware	1	0
264.024	0.000	trigger_31	31	264024	Trigger-In:31	64	targets_on_fp_color_change	absent	70	green	right	aware	1	0
264.589	0.000	trigger_201	201	264589	Trigger-In:201	64	trial_end_completed	absent	70	green	right	aware	1	0
265.654	0.000	trigger_101	101	265654	Trigger-In:101	65	trial_start	salient	0	red	right	unaware	1	0
265.759	0.000	trigger_11	11	265759	Trigger-In:11	65	fixation_point_on	salient	0	red	right	unaware	1	0
266.359	0.000	trigger_21	21	266359	Trigger-In:21	65	grating_on	salient	0	red	right	unaware	1	0
266.409	0.000	trigger_20	20	266409	Trigger-In:20	65	grating_off	salient	0	red	right	unaware	1	0
267.009	0.000	trigger_31	31	267009	Trigger-In:31	65	targets_on_fp_color_change	salient	0	red	right	unaware	1	0
267.989	0.000	trigger_201	201	267989	Trigger-In:201	65	trial_end_completed	salient	0	red	right	unaware	1	0
269.054	0.000	trigger_101	101	269054	Trigger-In:101	66	trial_start	staircase	14	red	left	aware	1	0
269.159	0.000	trigger_11	11	269159	Trigger-In:11	66	fixation_point_on	staircase	14	red	left	aware	1	0
269.759	0.000	trigger_21	21	269759	Trigger-In:21	66	grating_on	staircase	14	red	left	aware	1	0
269.809	0.000	trigger_20	20	269809	Trigger-In:20	66	grating_off	staircase	14	red	left	aware	1	0
270.414	0.000	trigger_31	31	270414	Trigger-In:31	66	targets_on_fp_color_change	staircase	14	red	left	aware	1	0
271.529	0.000	trigger_201	201	271529	Trigger-In:201	66	trial_end_completed	staircase	14	red	left	aware	1	0
272.594	0.000	trigger_101	101	272594	Trigger-In:101	67	trial_start	staircase	13	green	left	unaware	1	0
272.699	0.000	trigger_11	11	272699	Trigger-In:11	67	fixation_point_on	staircase	13	green	left	unaware	1	0
273.299	0.000	trigger_21	21	273299	Trigger-In:21	67	grating_on	staircase	13	green	left	unaware	1	0
273.349	0.000	trigger_20	20	273349	Trigger-In:20	67	grating_off	staircase	13	green	left	unaware	1	0
273.949	0.000	trigger_31	31	273949	Trigger-In:31	67	targets_on_fp_color_change	staircase	13	green	left	unaware	1	0
275.249	0.000	trigger_201	201	275249	Trigger-In:201	67	trial_end_completed	staircase	13	green	left	unaware	1	0
276.319	0.000	trigger_101	101	276319	Trigger-In:101	68	trial_start	staircase	14	green	right	aware	1	0
276.424	0.000	trigger_11	11	276424	Trigger-In:11	68	fixation_point_on	staircase	14	green	right	aware	1	0
277.024	0.000	trigger_21	21	277024	Trigger-In:21	68	grating_on	staircase	14	green	right	aware	1	0
277.074	0.000	trigger_20	20	277074	Trigger-In:20	68	grating_off	staircase	14	green	right	aware	1	0
277.674	0.000	trigger_31	31	277674	Trigger-In:31	68	targets_on_fp_color_change	staircase	14	green	right	aware	1	0
278.599	0.000	trigger_201	201	278599	Trigger-In:201	68	trial_end_completed	staircase	14	green	right	aware	1	0
279.664	0.000	trigger_101	101	279664	Trigger-In:101	69	trial_start	staircase	13	green	left	unaware	1	0
279.769	0.000	trigger_11	11	279769	Trigger-In:11	69	fixation_point_on	staircase	13	green	left	unaware	1	0
280.369	0.000	trigger_21	21	280369	Trigger-In:21	69	grating_on	staircase	13	green	left	unaware	1	0
280.424	0.000	trigger_20	20	280424	Trigger-In:20	69	grating_off	staircase	13	green	left	unaware	1	0
281.024	0.000	trigger_31	31	281024	Trigger-In:31	69	targets_on_fp_color_change	staircase	13	green	left	unaware	1	0
281.934	0.000	trigger_201	201	281934	Trigger-In:201	69	trial_end_completed	staircase	13	green	left	unaware	1	0
282.999	0.000	trigger_101	101	282999	Trigger-In:101	70	trial_start	salient	0	green	left	unaware	1	0
283.109	0.000	trigger_11	11	283109	Trigger-In:11	70	fixation_point_on	salient	0	green	left	unaware	1	0
283.709	0.000	trigger_21	21	283709	Trigger-In:21	70	grating_on	salient	0	green	left	unaware	1	0
283.759	0.000	trigger_20	20	283759	Trigger-In:20	70	grating_off	salient	0	green	left	unaware	1	0
284.359	0.000	trigger_31	31	284359	Trigger-In:31	70	targets_on_fp_color_change	salient	0	green	left	unaware	1	0
285.439	0.000	trigger_201	201	285439	Trigger-In:201	70	trial_end_completed	salient	0	green	left	unaware	1	0
286.509	0.000	trigger_101	101	286509	Trigger-In:101	71	trial_start	salient	0	red	right	unaware	1	0
286.614	0.000	trigger_11	11	286614	Trigger-In:11	71	fixation_point_on	salient	0	red	right	unaware	1	0
287.214	0.000	trigger_21	21	287214	Trigger-In:21	71	grating_on	salient	0	red	right	unaware	1	0
287.264	0.000	trigger_20	20	287264	Trigger-In:20	71	grating_off	salient	0	red	right	unaware	1	0
287.864	0.000	trigger_31	31	287864	Trigger-In:31	71	targets_on_fp_color_change	salient	0	red	right	unaware	1	0
288.824	0.000	trigger_201	201	288824	Trigger-In:201	71	trial_end_completed	salient	0	red	right	unaware	1	0
289.889	0.000	trigger_101	101	289889	Trigger-In:101	72	trial_start	staircase	14	red	right	unaware	1	0
289.994	0.000	trigger_11	11	289994	Trigger-In:11	72	fixation_point_on	staircase	14	red	right	unaware	1	0
290.594	0.000	trigger_21	21	290594	Trigger-In:21	72	grating_on	staircase	14	red	right	unaware	1	0
290.649	0.000	trigger_20	20	290649	Trigger-In:20	72	grating_off	staircase	14	red	right	unaware	1	0
291.249	0.000	trigger_31	31	291249	Trigger-In:31	72	targets_on_fp_color_change	staircase	14	red	right	unaware	1	0
291.894	0.000	trigger_201	201	291894	Trigger-In:201	72	trial_end_completed	staircase	14	red	right	unaware	1	0
292.964	0.000	trigger_101	101	292964	Trigger-In:101	73	trial_start	staircase	15	green	right	aware	1	0
293.069	0.000	trigger_11	11	293069	Trigger-In:11	73	fixation_point_on	staircase	15	green	right	aware	1	0
293.669	0.000	trigger_21	21	293669	Trigger-In:21	73	grating_on	staircase	15	green	right	aware	1	0
293.719	0.000	trigger_20	20	293719	Trigger-In:20	73	grating_off	staircase	15	green	right	aware	1	0
294.319	0.000	trigger_31	31	294319	Trigger-In:31	73	targets_on_fp_color_change	staircase	15	green	right	aware	1	0
295.154	0.000	trigger_201	201	295154	Trigger-In:201	73	trial_end_completed	staircase	15	green	right	aware	1	0
296.224	0.000	trigger_101	101	296224	Trigger-In:101	74	trial_start	absent	70	green	right	aware	1	0
296.329	0.000	trigger_11	11	296329	Trigger-In:11	74	fixation_point_on	absent	70	green	right	aware	1	0
296.929	0.000	trigger_21	21	296929	Trigger-In:21	74	grating_on	absent	70	green	right	aware	1	0
296.979	0.000	trigger_20	20	296979	Trigger-In:20	74	grating_off	absent	70	green	right	aware	1	0
297.579	0.000	trigger_31	31	297579	Trigger-In:31	74	targets_on_fp_color_change	absent	70	green	right	aware	1	0
298.304	0.000	trigger_201	201	298304	Trigger-In:201	74	trial_end_completed	absent	70	green	right	aware	1	0
299.369	0.000	trigger_101	101	299369	Trigger-In:101	75	trial_start	staircase	14	green	left	unaware	1	0
299.474	0.000	trigger_11	11	299474	Trigger-In:11	75	fixation_point_on	staircase	14	green	left	unaware	1	0
300.074	0.000	trigger_21	21	300074	Trigger-In:21	75	grating_on	staircase	14	green	left	unaware	1	0
300.129	0.000	trigger_20	20	300129	Trigger-In:20	75	grating_off	staircase	14	green	left	unaware	1	0
300.729	0.000	trigger_31	31	300729	Trigger-In:31	75	targets_on_fp_color_change	staircase	14	green	left	unaware	1	0
301.939	0.000	trigger_201	201	301939	Trigger-In:201	75	trial_end_completed	staircase	14	green	left	unaware	1	0
303.004	0.000	trigger_101	101	303004	Trigger-In:101	76	trial_start	staircase	15	green	right	aware	1	0
303.109	0.000	trigger_11	11	303109	Trigger-In:11	76	fixation_point_on	staircase	15	green	right	aware	1	0
303.709	0.000	trigger_21	21	303709	Trigger-In:21	76	grating_on	staircase	15	green	right	aware	1	0
303.759	0.000	trigger_20	20	303759	Trigger-In:20	76	grating_off	staircase	15	green	right	aware	1	0
304.359	0.000	trigger_31	31	304359	Trigger-In:31	76	targets_on_fp_color_change	staircase	15	green	right	aware	1	0
305.064	0.000	trigger_201	201	305064	Trigger-In:201	76	trial_end_completed	staircase	15	green	right	aware	1	0
306.129	0.000	trigger_101	101	306129	Trigger-In:101	77	trial_start	staircase	14	red	left	aware	1	0
306.239	0.000	trigger_11	11	306239	Trigger-In:11	77	fixation_point_on	staircase	14	red	left	aware	1	0
306.839	0.000	trigger_21	21	306839	Trigger-In:21	77	grating_on	staircase	14	red	left	aware	1	0
306.889	0.000	trigger_20	20	306889	Trigger-In:20	77	grating_off	staircase	14	red	left	aware	1	0
307.489	0.000	trigger_31	31	307489	Trigger-In:31	77	targets_on_fp_color_change	staircase	14	red	left	aware	1	0
308.359	0.000	trigger_201	201	308359	Trigger-In:201	77	trial_end_completed	staircase	14	red	left	aware	1	0
309.424	0.000	trigger_101	101	309424	Trigger-In:101	78	trial_start	staircase	13	red	right	unaware	1	0
309.529	0.000	trigger_11	11	309529	Trigger-In:11	78	fixation_point_on	staircase	13	red	right	unaware	1	0
310.129	0.000	trigger_21	21	310129	Trigger-In:21	78	grating_on	staircase	13	red	right	unaware	1	0
310.179	0.000	trigger_20	20	310179	Trigger-In:20	78	grating_off	staircase	13	red	right	unaware	1	0
310.779	0.000	trigger_31	31	310779	Trigger-In:31	78	targets_on_fp_color_change	staircase	13	red	right	unaware	1	0
311.694	0.000	trigger_201	201	311694	Trigger-In:201	78	trial_end_completed	staircase	13	red	right	unaware	1	0
312.764	0.000	trigger_101	101	312764	Trigger-In:101	79	trial_start	salient	0	red	right	unaware	1	0
312.869	0.000	trigger_11	11	312869	Trigger-In:11	79	fixation_point_on	salient	0	red	right	unaware	1	0
313.469	0.000	trigger_21	21	313469	Trigger-In:21	79	grating_on	salient	0	red	right	unaware	1	0
313.519	0.000	trigger_20	20	313519	Trigger-In:20	79	grating_off	salient	0	red	right	unaware	1	0
314.119	0.000	trigger_31	31	314119	Trigger-In:31	79	targets_on_fp_color_change	salient	0	red	right	unaware	1	0
315.064	0.000	trigger_201	201	315064	Trigger-In:201	79	trial_end_completed	salient	0	red	right	unaware	1	0
316.134	0.000	trigger_101	101	316134	Trigger-In:101	80	trial_start	staircase	14	green	right	aware	1	0
316.239	0.000	trigger_11	11	316239	Trigger-In:11	80	fixation_point_on	staircase	14	green	right	aware	1	0
316.839	0.000	trigger_21	21	316839	Trigger-In:21	80	grating_on	staircase	14	green	right	aware	1	0
316.889	0.000	trigger_20	20	316889	Trigger-In:20	80	grating_off	staircase	14	green	right	aware	1	0
317.489	0.000	trigger_31	31	317489	Trigger-In:31	80	targets_on_fp_color_change	staircase	14	green	right	aware	1	0
318.494	0.000	trigger_201	201	318494	Trigger-In:201	80	trial_end_completed	staircase	14	green	right	aware	1	0
319.559	0.000	trigger_101	101	319559	Trigger-In:101	81	trial_start	staircase	13	red	right	unaware	1	0
319.674	0.000	trigger_11	11	319674	Trigger-In:11	81	fixation_point_on	staircase	13	red	right	unaware	1	0
320.274	0.000	trigger_21	21	320274	Trigger-In:21	81	grating_on	staircase	13	red	right	unaware	1	0
320.324	0.000	trigger_20	20	320324	Trigger-In:20	81	grating_off	staircase	13	red	right	unaware	1	0
320.929	0.000	trigger_31	31	320929	Trigger-In:31	81	targets_on_fp_color_change	staircase	13	red	right	unaware	1	0
321.944	0.000	trigger_201	201	321944	Trigger-In:201	81	trial_end_completed	staircase	13	red	right	unaware	1	0
323.009	0.000	trigger_101	101	323009	Trigger-In:101	82	trial_start	staircase	14	green	left	unaware	1	0
323.109	0.000	trigger_11	11	323109	Trigger-In:11	82	fixation_point_on	staircase	14	green	left	unaware	1	0
323.714	0.000	trigger_21	21	323714	Trigger-In:21	82	grating_on	staircase	14	green	left	unaware	1	0
323.764	0.000	trigger_20	20	323764	Trigger-In:20	82	grating_off	staircase	14	green	left	unaware	1	0
324.364	0.000	trigger_31	31	324364	Trigger-In:31	82	targets_on_fp_color_change	staircase	14	green	left	unaware	1	0
325.229	0.000	trigger_201	201	325229	Trigger-In:201	82	trial_end_completed	staircase	14	green	left	unaware	1	0
326.294	0.000	trigger_101	101	326294	Trigger-In:101	83	trial_start	salient	0	green	left	unaware	1	0
326.399	0.000	trigger_11	11	326399	Trigger-In:11	83	fixation_point_on	salient	0	green	left	unaware	1	0
326.999	0.000	trigger_21	21	326999	Trigger-In:21	83	grating_on	salient	0	green	left	unaware	1	0
327.049	0.000	trigger_20	20	327049	Trigger-In:20	83	grating_off	salient	0	green	left	unaware	1	0
327.649	0.000	trigger_31	31	327649	Trigger-In:31	83	targets_on_fp_color_change	salient	0	green	left	unaware	1	0
328.964	0.000	trigger_201	201	328964	Trigger-In:201	83	trial_end_completed	salient	0	green	left	unaware	1	0
330.029	0.000	trigger_101	101	330029	Trigger-In:101	84	trial_start	staircase	15	red	left	aware	1	0
330.134	0.000	trigger_11	11	330134	Trigger-In:11	84	fixation_point_on	staircase	15	red	left	aware	1	0
330.734	0.000	trigger_21	21	330734	Trigger-In:21	84	grating_on	staircase	15	red	left	aware	1	0
330.784	0.000	trigger_20	20	330784	Trigger-In:20	84	grating_off	staircase	15	red	left	aware	1	0
331.384	0.000	trigger_31	31	331384	Trigger-In:31	84	targets_on_fp_color_change	staircase	15	red	left	aware	1	0
332.259	0.000	trigger_201	201	332259	Trigger-In:201	84	trial_end_completed	staircase	15	red	left	aware	1	0
333.329	0.000	trigger_101	101	333329	Trigger-In:101	85	trial_start	salient	0	green	left	unaware	1	0
333.434	0.000	trigger_11	11	333434	Trigger-In:11	85	fixation_point_on	salient	0	green	left	unaware	1	0
334.034	0.000	trigger_21	21	334034	Trigger-In:21	85	grating_on	salient	0	green	left	unaware	1	0
334.084	0.000	trigger_20	20	334084	Trigger-In:20	85	grating_off	salient	0	green	left	unaware	1	0
334.684	0.000	trigger_31	31	334684	Trigger-In:31	85	targets_on_fp_color_change	salient	0	green	left	unaware	1	0
335.874	0.000	trigger_201	201	335874	Trigger-In:201	85	trial_end_completed	salient	0	green	left	unaware	1	0
336.944	0.000	trigger_101	101	336944	Trigger-In:101	86	trial_start	staircase	14	red	left	aware	1	0
337.049	0.000	trigger_11	11	337049	Trigger-In:11	86	fixation_point_on	staircase	14	red	left	aware	1	0
337.649	0.000	trigger_21	21	337649	Trigger-In:21	86	grating_on	staircase	14	red	left	aware	1	0
337.699	0.000	trigger_20	20	337699	Trigger-In:20	86	grating_off	staircase	14	red	left	aware	1	0
338.299	0.000	trigger_31	31	338299	Trigger-In:31	86	targets_on_fp_color_change	staircase	14	red	left	aware	1	0
339.209	0.000	trigger_201	201	339209	Trigger-In:201	86	trial_end_completed	staircase	14	red	left	aware	1	0
340.279	0.000	trigger_101	101	340279	Trigger-In:101	87	trial_start	staircase	13	green	left	unaware	1	0
340.384	0.000	trigger_11	11	340384	Trigger-In:11	87	fixation_point_on	staircase	13	green	left	unaware	1	0
340.984	0.000	trigger_21	21	340984	Trigger-In:21	87	grating_on	staircase	13	green	left	unaware	1	0
341.034	0.000	trigger_20	20	341034	Trigger-In:20	87	grating_off	staircase	13	green	left	unaware	1	0
341.634	0.000	trigger_31	31	341634	Trigger-In:31	87	targets_on_fp_color_change	staircase	13	green	left	unaware	1	0
342.669	0.000	trigger_201	201	342669	Trigger-In:201	87	trial_end_completed	staircase	13	green	left	unaware	1	0
343.734	0.000	trigger_101	101	343734	Trigger-In:101	88	trial_start	staircase	14	red	left	aware	1	0
343.839	0.000	trigger_11	11	343839	Trigger-In:11	88	fixation_point_on	staircase	14	red	left	aware	1	0
344.439	0.000	trigger_21	21	344439	Trigger-In:21	88	grating_on	staircase	14	red	left	aware	1	0
344.489	0.000	trigger_20	20	344489	Trigger-In:20	88	grating_off	staircase	14	red	left	aware	1	0
345.089	0.000	trigger_31	31	345089	Trigger-In:31	88	targets_on_fp_color_change	staircase	14	red	left	aware	1	0
345.869	0.000	trigger_201	201	345869	Trigger-In:201	88	trial_end_completed	staircase	14	red	left	aware	1	0
346.939	0.000	trigger_101	101	346939	Trigger-In:101	89	trial_start	staircase	13	green	right	aware	1	0
347.044	0.000	trigger_11	11	347044	Trigger-In:11	89	fixation_point_on	staircase	13	green	right	aware	1	0
347.644	0.000	trigger_21	21	347644	Trigger-In:21	89	grating_on	staircase	13	green	right	aware	1	0
347.699	0.000	trigger_20	20	347699	Trigger-In:20	89	grating_off	staircase	13	green	right	aware	1	0
348.294	0.000	trigger_31	31	348294	Trigger-In:31	89	targets_on_fp_color_change	staircase	13	green	right	aware	1	0
349.254	0.000	trigger_201	201	349254	Trigger-In:201	89	trial_end_completed	staircase	13	green	right	aware	1	0
350.319	0.000	trigger_101	101	350319	Trigger-In:101	90	trial_start	salient	0	green	n/a	n/a	0	1
350.424	0.000	trigger_11	11	350424	Trigger-In:11	90	fixation_point_on	salient	0	green	n/a	n/a	0	1
350.544	0.000	trigger_204	204	350544	Trigger-In:204	90	trial_end_fixation_break	salient	0	green	n/a	n/a	0	1
352.269	0.000	trigger_101	101	352269	Trigger-In:101	91	trial_start	staircase	12	red	right	unaware	1	0
352.374	0.000	trigger_11	11	352374	Trigger-In:11	91	fixation_point_on	staircase	12	red	right	unaware	1	0
352.974	0.000	trigger_21	21	352974	Trigger-In:21	91	grating_on	staircase	12	red	right	unaware	1	0
353.024	0.000	trigger_20	20	353024	Trigger-In:20	91	grating_off	staircase	12	red	right	unaware	1	0
353.629	0.000	trigger_31	31	353629	Trigger-In:31	91	targets_on_fp_color_change	staircase	12	red	right	unaware	1	0
355.439	0.000	trigger_201	201	355439	Trigger-In:201	91	trial_end_completed	staircase	12	red	right	unaware	1	0
356.504	0.000	trigger_101	101	356504	Trigger-In:101	92	trial_start	staircase	13	red	right	unaware	1	0
356.609	0.000	trigger_11	11	356609	Trigger-In:11	92	fixation_point_on	staircase	13	red	right	unaware	1	0
357.209	0.000	trigger_21	21	357209	Trigger-In:21	92	grating_on	staircase	13	red	right	unaware	1	0
357.259	0.000	trigger_20	20	357259	Trigger-In:20	92	grating_off	staircase	13	red	right	unaware	1	0
357.859	0.000	trigger_31	31	357859	Trigger-In:31	92	targets_on_fp_color_change	staircase	13	red	right	unaware	1	0
358.619	0.000	trigger_201	201	358619	Trigger-In:201	92	trial_end_completed	staircase	13	red	right	unaware	1	0
359.684	0.000	trigger_101	101	359684	Trigger-In:101	93	trial_start	staircase	14	green	right	aware	1	0
359.789	0.000	trigger_11	11	359789	Trigger-In:11	93	fixation_point_on	staircase	14	green	right	aware	1	0
360.394	0.000	trigger_21	21	360394	Trigger-In:21	93	grating_on	staircase	14	green	right	aware	1	0
360.444	0.000	trigger_20	20	360444	Trigger-In:20	93	grating_off	staircase	14	green	right	aware	1	0
361.044	0.000	trigger_31	31	361044	Trigger-In:31	93	targets_on_fp_color_change	staircase	14	green	right	aware	1	0
362.134	0.000	trigger_201	201	362134	Trigger-In:201	93	trial_end_completed	staircase	14	green	right	aware	1	0
363.204	0.000	trigger_101	101	363204	Trigger-In:101	94	trial_start	salient	0	green	left	unaware	1	0
363.309	0.000	trigger_11	11	363309	Trigger-In:11	94	fixation_point_on	salient	0	green	left	unaware	1	0
363.909	0.000	trigger_21	21	363909	Trigger-In:21	94	grating_on	salient	0	green	left	unaware	1	0
363.959	0.000	trigger_20	20	363959	Trigger-In:20	94	grating_off	salient	0	green	left	unaware	1	0
364.559	0.000	trigger_31	31	364559	Trigger-In:31	94	targets_on_fp_color_change	salient	0	green	left	unaware	1	0
365.449	0.000	trigger_201	201	365449	Trigger-In:201	94	trial_end_completed	salient	0	green	left	unaware	1	0
366.514	0.000	trigger_101	101	366514	Trigger-In:101	95	trial_start	staircase	13	green	left	unaware	1	0
366.619	0.000	trigger_11	11	366619	Trigger-In:11	95	fixation_point_on	staircase	13	green	left	unaware	1	0
367.224	0.000	trigger_21	21	367224	Trigger-In:21	95	grating_on	staircase	13	green	left	unaware	1	0
367.274	0.000	trigger_20	20	367274	Trigger-In:20	95	grating_off	staircase	13	green	left	unaware	1	0
367.874	0.000	trigger_31	31	367874	Trigger-In:31	95	targets_on_fp_color_change	staircase	13	green	left	unaware	1	0
368.944	0.000	trigger_201	201	368944	Trigger-In:201	95	trial_end_completed	staircase	13	green	left	unaware	1	0
370.014	0.000	trigger_101	101	370014	Trigger-In:101	96	trial_start	staircase	14	green	right	aware	1	0
370.119	0.000	trigger_11	11	370119	Trigger-In:11	96	fixation_point_on	staircase	14	green	right	aware	1	0
370.719	0.000	trigger_21	21	370719	Trigger-In:21	96	grating_on	staircase	14	green	right	aware	1	0
370.774	0.000	trigger_20	20	370774	Trigger-In:20	96	grating_off	staircase	14	green	right	aware	1	0
371.374	0.000	trigger_31	31	371374	Trigger-In:31	96	targets_on_fp_color_change	staircase	14	green	right	aware	1	0
372.534	0.000	trigger_201	201	372534	Trigger-In:201	96	trial_end_completed	staircase	14	green	right	aware	1	0
373.599	0.000	trigger_101	101	373599	Trigger-In:101	97	trial_start	staircase	13	red	left	aware	1	0
373.704	0.000	trigger_11	11	373704	Trigger-In:11	97	fixation_point_on	staircase	13	red	left	aware	1	0
374.304	0.000	trigger_21	21	374304	Trigger-In:21	97	grating_on	staircase	13	red	left	aware	1	0
374.354	0.000	trigger_20	20	374354	Trigger-In:20	97	grating_off	staircase	13	red	left	aware	1	0
374.954	0.000	trigger_31	31	374954	Trigger-In:31	97	targets_on_fp_color_change	staircase	13	red	left	aware	1	0
375.979	0.000	trigger_201	201	375979	Trigger-In:201	97	trial_end_completed	staircase	13	red	left	aware	1	0
377.049	0.000	trigger_101	101	377049	Trigger-In:101	98	trial_start	absent	70	red	left	aware	1	0
377.159	0.000	trigger_11	11	377159	Trigger-In:11	98	fixation_point_on	absent	70	red	left	aware	1	0
377.759	0.000	trigger_21	21	377759	Trigger-In:21	98	grating_on	absent	70	red	left	aware	1	0
377.809	0.000	trigger_20	20	377809	Trigger-In:20	98	grating_off	absent	70	red	left	aware	1	0
378.409	0.000	trigger_31	31	378409	Trigger-In:31	98	targets_on_fp_color_change	absent	70	red	left	aware	1	0
379.099	0.000	trigger_201	201	379099	Trigger-In:201	98	trial_end_completed	absent	70	red	left	aware	1	0
380.169	0.000	trigger_101	101	380169	Trigger-In:101	99	trial_start	staircase	12	green	left	unaware	1	0
380.274	0.000	trigger_11	11	380274	Trigger-In:11	99	fixation_point_on	staircase	12	green	left	unaware	1	0
380.874	0.000	trigger_21	21	380874	Trigger-In:21	99	grating_on	staircase	12	green	left	unaware	1	0
380.924	0.000	trigger_20	20	380924	Trigger-In:20	99	grating_off	staircase	12	green	left	unaware	1	0
381.524	0.000	trigger_31	31	381524	Trigger-In:31	99	targets_on_fp_color_change	staircase	12	green	left	unaware	1	0
383.199	0.000	trigger_201	201	383199	Trigger-In:201	99	trial_end_completed	staircase	12	green	left	unaware	1	0
384.269	0.000	trigger_101	101	384269	Trigger-In:101	100	trial_start	salient	0	green	n/a	n/a	0	1
384.369	0.000	trigger_11	11	384369	Trigger-In:11	100	fixation_point_on	salient	0	green	n/a	n/a	0	1
384.559	0.000	trigger_204	204	384559	Trigger-In:204	100	trial_end_fixation_break	salient	0	green	n/a	n/a	0	1
386.274	0.000	trigger_101	101	386274	Trigger-In:101	101	trial_start	staircase	13	red	left	aware	1	0
386.379	0.000	trigger_11	11	386379	Trigger-In:11	101	fixation_point_on	staircase	13	red	left	aware	1	0
386.984	0.000	trigger_21	21	386984	Trigger-In:21	101	grating_on	staircase	13	red	left	aware	1	0
387.034	0.000	trigger_20	20	387034	Trigger-In:20	101	grating_off	staircase	13	red	left	aware	1	0
387.634	0.000	trigger_31	31	387634	Trigger-In:31	101	targets_on_fp_color_change	staircase	13	red	left	aware	1	0
388.774	0.000	trigger_201	201	388774	Trigger-In:201	101	trial_end_completed	staircase	13	red	left	aware	1	0
389.839	0.000	trigger_101	101	389839	Trigger-In:101	102	trial_start	staircase	12	red	right	unaware	1	0
389.944	0.000	trigger_11	11	389944	Trigger-In:11	102	fixation_point_on	staircase	12	red	right	unaware	1	0
390.544	0.000	trigger_21	21	390544	Trigger-In:21	102	grating_on	staircase	12	red	right	unaware	1	0
390.599	0.000	trigger_20	20	390599	Trigger-In:20	102	grating_off	staircase	12	red	right	unaware	1	0
391.199	0.000	trigger_31	31	391199	Trigger-In:31	102	targets_on_fp_color_change	staircase	12	red	right	unaware	1	0
392.784	0.000	trigger_201	201	392784	Trigger-In:201	102	trial_end_completed	staircase	12	red	right	unaware	1	0
393.854	0.000	trigger_101	101	393854	Trigger-In:101	103	trial_start	staircase	13	red	right	unaware	1	0
393.959	0.000	trigger_11	11	393959	Trigger-In:11	103	fixation_point_on	staircase	13	red	right	unaware	1	0
394.559	0.000	trigger_21	21	394559	Trigger-In:21	103	grating_on	staircase	13	red	right	unaware	1	0
394.609	0.000	trigger_20	20	394609	Trigger-In:20	103	grating_off	staircase	13	red	right	unaware	1	0
395.209	0.000	trigger_31	31	395209	Trigger-In:31	103	targets_on_fp_color_change	staircase	13	red	right	unaware	1	0
396.079	0.000	trigger_201	201	396079	Trigger-In:201	103	trial_end_completed	staircase	13	red	right	unaware	1	0
397.144	0.000	trigger_101	101	397144	Trigger-In:101	104	trial_start	salient	0	green	left	unaware	1	0
397.249	0.000	trigger_11	11	397249	Trigger-In:11	104	fixation_point_on	salient	0	green	left	unaware	1	0
397.849	0.000	trigger_21	21	397849	Trigger-In:21	104	grating_on	salient	0	green	left	unaware	1	0
397.899	0.000	trigger_20	20	397899	Trigger-In:20	104	grating_off	salient	0	green	left	unaware	1	0
398.499	0.000	trigger_31	31	398499	Trigger-In:31	104	targets_on_fp_color_change	salient	0	green	left	unaware	1	0
399.439	0.000	trigger_201	201	399439	Trigger-In:201	104	trial_end_completed	salient	0	green	left	unaware	1	0
400.504	0.000	trigger_101	101	400504	Trigger-In:101	105	trial_start	salient	0	green	left	unaware	1	0
400.609	0.000	trigger_11	11	400609	Trigger-In:11	105	fixation_point_on	salient	0	green	left	unaware	1	0
401.214	0.000	trigger_21	21	401214	Trigger-In:21	105	grating_on	salient	0	green	left	unaware	1	0
401.264	0.000	trigger_20	20	401264	Trigger-In:20	105	grating_off	salient	0	green	left	unaware	1	0
401.864	0.000	trigger_31	31	401864	Trigger-In:31	105	targets_on_fp_color_change	salient	0	green	left	unaware	1	0
402.699	0.000	trigger_201	201	402699	Trigger-In:201	105	trial_end_completed	salient	0	green	left	unaware	1	0
403.769	0.000	trigger_101	101	403769	Trigger-In:101	106	trial_start	salient	0	green	left	unaware	1	0
403.874	0.000	trigger_11	11	403874	Trigger-In:11	106	fixation_point_on	salient	0	green	left	unaware	1	0
404.474	0.000	trigger_21	21	404474	Trigger-In:21	106	grating_on	salient	0	green	left	unaware	1	0
404.524	0.000	trigger_20	20	404524	Trigger-In:20	106	grating_off	salient	0	green	left	unaware	1	0
405.124	0.000	trigger_31	31	405124	Trigger-In:31	106	targets_on_fp_color_change	salient	0	green	left	unaware	1	0
406.179	0.000	trigger_201	201	406179	Trigger-In:201	106	trial_end_completed	salient	0	green	left	unaware	1	0
407.249	0.000	trigger_101	101	407249	Trigger-In:101	107	trial_start	staircase	14	red	left	aware	1	0
407.354	0.000	trigger_11	11	407354	Trigger-In:11	107	fixation_point_on	staircase	14	red	left	aware	1	0
407.954	0.000	trigger_21	21	407954	Trigger-In:21	107	grating_on	staircase	14	red	left	aware	1	0
408.004	0.000	trigger_20	20	408004	Trigger-In:20	107	grating_off	staircase	14	red	left	aware	1	0
408.609	0.000	trigger_31	31	408609	Trigger-In:31	107	targets_on_fp_color_change	staircase	14	red	left	aware	1	0
409.549	0.000	trigger_201	201	409549	Trigger-In:201	107	trial_end_completed	staircase	14	red	left	aware	1	0
410.614	0.000	trigger_101	101	410614	Trigger-In:101	108	trial_start	staircase	13	green	left	unaware	1	0
410.724	0.000	trigger_11	11	410724	Trigger-In:11	108	fixation_point_on	staircase	13	green	left	unaware	1	0
411.324	0.000	trigger_21	21	411324	Trigger-In:21	108	grating_on	staircase	13	green	left	unaware	1	0
411.374	0.000	trigger_20	20	411374	Trigger-In:20	108	grating_off	staircase	13	green	left	unaware	1	0
411.974	0.000	trigger_31	31	411974	Trigger-In:31	108	targets_on_fp_color_change	staircase	13	green	left	unaware	1	0
413.309	0.000	trigger_201	201	413309	Trigger-In:201	108	trial_end_completed	staircase	13	green	left	unaware	1	0
414.374	0.000	trigger_101	101	414374	Trigger-In:101	109	trial_start	staircase	14	red	left	aware	1	0
414.484	0.000	trigger_11	11	414484	Trigger-In:11	109	fixation_point_on	staircase	14	red	left	aware	1	0
415.084	0.000	trigger_21	21	415084	Trigger-In:21	109	grating_on	staircase	14	red	left	aware	1	0
415.134	0.000	trigger_20	20	415134	Trigger-In:20	109	grating_off	staircase	14	red	left	aware	1	0
415.734	0.000	trigger_31	31	415734	Trigger-In:31	109	targets_on_fp_color_change	staircase	14	red	left	aware	1	0
416.769	0.000	trigger_201	201	416769	Trigger-In:201	109	trial_end_completed	staircase	14	red	left	aware	1	0
417.839	0.000	trigger_101	101	417839	Trigger-In:101	110	trial_start	staircase	13	green	right	aware	1	0
417.944	0.000	trigger_11	11	417944	Trigger-In:11	110	fixation_point_on	staircase	13	green	right	aware	1	0
418.544	0.000	trigger_21	21	418544	Trigger-In:21	110	grating_on	staircase	13	green	right	aware	1	0
418.594	0.000	trigger_20	20	418594	Trigger-In:20	110	grating_off	staircase	13	green	right	aware	1	0
419.194	0.000	trigger_31	31	419194	Trigger-In:31	110	targets_on_fp_color_change	staircase	13	green	right	aware	1	0
420.139	0.000	trigger_201	201	420139	Trigger-In:201	110	trial_end_completed	staircase	13	green	right	aware	1	0
421.204	0.000	trigger_101	101	421204	Trigger-In:101	111	trial_start	staircase	12	green	right	aware	1	0
421.314	0.000	trigger_11	11	421314	Trigger-In:11	111	fixation_point_on	staircase	12	green	right	aware	1	0
421.914	0.000	trigger_21	21	421914	Trigger-In:21	111	grating_on	staircase	12	green	right	aware	1	0
421.964	0.000	trigger_20	20	421964	Trigger-In:20	111	grating_off	staircase	12	green	right	aware	1	0
422.564	0.000	trigger_31	31	422564	Trigger-In:31	111	targets_on_fp_color_change	staircase	12	green	right	aware	1	0
423.194	0.000	trigger_201	201	423194	Trigger-In:201	111	trial_end_completed	staircase	12	green	right	aware	1	0
424.264	0.000	trigger_101	101	424264	Trigger-In:101	112	trial_start	staircase	11	red	left	aware	1	0
424.369	0.000	trigger_11	11	424369	Trigger-In:11	112	fixation_point_on	staircase	11	red	left	aware	1	0
424.969	0.000	trigger_21	21	424969	Trigger-In:21	112	grating_on	staircase	11	red	left	aware	1	0
425.019	0.000	trigger_20	20	425019	Trigger-In:20	112	grating_off	staircase	11	red	left	aware	1	0
425.619	0.000	trigger_31	31	425619	Trigger-In:31	112	targets_on_fp_color_change	staircase	11	red	left	aware	1	0
426.589	0.000	trigger_201	201	426589	Trigger-In:201	112	trial_end_completed	staircase	11	red	left	aware	1	0
427.654	0.000	trigger_101	101	427654	Trigger-In:101	113	trial_start	staircase	10	red	right	unaware	1	0
427.759	0.000	trigger_11	11	427759	Trigger-In:11	113	fixation_point_on	staircase	10	red	right	unaware	1	0
428.359	0.000	trigger_21	21	428359	Trigger-In:21	113	grating_on	staircase	10	red	right	unaware	1	0
428.409	0.000	trigger_20	20	428409	Trigger-In:20	113	grating_off	staircase	10	red	right	unaware	1	0
429.014	0.000	trigger_31	31	429014	Trigger-In:31	113	targets_on_fp_color_change	staircase	10	red	right	unaware	1	0
429.984	0.000	trigger_201	201	429984	Trigger-In:201	113	trial_end_completed	staircase	10	red	right	unaware	1	0
431.049	0.000	trigger_101	101	431049	Trigger-In:101	114	trial_start	staircase	11	red	right	unaware	1	0
431.154	0.000	trigger_11	11	431154	Trigger-In:11	114	fixation_point_on	staircase	11	red	right	unaware	1	0
431.754	0.000	trigger_21	21	431754	Trigger-In:21	114	grating_on	staircase	11	red	right	unaware	1	0
431.804	0.000	trigger_20	20	431804	Trigger-In:20	114	grating_off	staircase	11	red	right	unaware	1	0
432.404	0.000	trigger_31	31	432404	Trigger-In:31	114	targets_on_fp_color_change	staircase	11	red	right	unaware	1	0
433.314	0.000	trigger_201	201	433314	Trigger-In:201	114	trial_end_completed	staircase	11	red	right	unaware	1	0
434.384	0.000	trigger_101	101	434384	Trigger-In:101	115	trial_start	staircase	12	red	right	unaware	1	0
434.489	0.000	trigger_11	11	434489	Trigger-In:11	115	fixation_point_on	staircase	12	red	right	unaware	1	0
435.089	0.000	trigger_21	21	435089	Trigger-In:21	115	grating_on	staircase	12	red	right	unaware	1	0
435.139	0.000	trigger_20	20	435139	Trigger-In:20	115	grating_off	staircase	12	red	right	unaware	1	0
435.739	0.000	trigger_31	31	435739	Trigger-In:31	115	targets_on_fp_color_change	staircase	12	red	right	unaware	1	0
436.769	0.000	trigger_201	201	436769	Trigger-In:201	115	trial_end_completed	staircase	12	red	right	unaware	1	0
437.839	0.000	trigger_101	101	437839	Trigger-In:101	116	trial_start	staircase	13	green	right	aware	1	0
437.944	0.000	trigger_11	11	437944	Trigger-In:11	116	fixation_point_on	staircase	13	green	right	aware	1	0
438.544	0.000	trigger_21	21	438544	Trigger-In:21	116	grating_on	staircase	13	green	right	aware	1	0
438.594	0.000	trigger_20	20	438594	Trigger-In:20	116	grating_off	staircase	13	green	right	aware	1	0
439.194	0.000	trigger_31	31	439194	Trigger-In:31	116	targets_on_fp_color_change	staircase	13	green	right	aware	1	0
439.979	0.000	trigger_201	201	439979	Trigger-In:201	116	trial_end_completed	staircase	13	green	right	aware	1	0
441.049	0.000	trigger_101	101	441049	Trigger-In:101	117	trial_start	staircase	12	red	right	unaware	1	0
441.154	0.000	trigger_11	11	441154	Trigger-In:11	117	fixation_point_on	staircase	12	red	right	unaware	1	0
441.754	0.000	trigger_21	21	441754	Trigger-In:21	117	grating_on	staircase	12	red	right	unaware	1	0
441.804	0.000	trigger_20	20	441804	Trigger-In:20	117	grating_off	staircase	12	red	right	unaware	1	0
442.404	0.000	trigger_31	31	442404	Trigger-In:31	117	targets_on_fp_color_change	staircase	12	red	right	unaware	1	0
443.519	0.000	trigger_201	201	443519	Trigger-In:201	117	trial_end_completed	staircase	12	red	right	unaware	1	0
444.589	0.000	trigger_101	101	444589	Trigger-In:101	118	trial_start	absent	70	red	left	aware	1	0
444.694	0.000	trigger_11	11	444694	Trigger-In:11	118	fixation_point_on	absent	70	red	left	aware	1	0
445.294	0.000	trigger_21	21	445294	Trigger-In:21	118	grating_on	absent	70	red	left	aware	1	0
445.344	0.000	trigger_20	20	445344	Trigger-In:20	118	grating_off	absent	70	red	left	aware	1	0
445.944	0.000	trigger_31	31	445944	Trigger-In:31	118	targets_on_fp_color_change	absent	70	red	left	aware	1	0
446.749	0.000	trigger_201	201	446749	Trigger-In:201	118	trial_end_completed	absent	70	red	left	aware	1	0
447.814	0.000	trigger_101	101	447814	Trigger-In:101	119	trial_start	salient	0	green	left	unaware	1	0
447.919	0.000	trigger_11	11	447919	Trigger-In:11	119	fixation_point_on	salient	0	green	left	unaware	1	0
448.524	0.000	trigger_21	21	448524	Trigger-In:21	119	grating_on	salient	0	green	left	unaware	1	0
448.574	0.000	trigger_20	20	448574	Trigger-In:20	119	grating_off	salient	0	green	left	unaware	1	0
449.174	0.000	trigger_31	31	449174	Trigger-In:31	119	targets_on_fp_color_change	salient	0	green	left	unaware	1	0
450.199	0.000	trigger_201	201	450199	Trigger-In:201	119	trial_end_completed	salient	0	green	left	unaware	1	0
451.269	0.000	trigger_101	101	451269	Trigger-In:101	120	trial_start	staircase	13	red	left	aware	1	0
451.374	0.000	trigger_11	11	451374	Trigger-In:11	120	fixation_point_on	staircase	13	red	left	aware	1	0
451.974	0.000	trigger_21	21	451974	Trigger-In:21	120	grating_on	staircase	13	red	left	aware	1	0
452.024	0.000	trigger_20	20	452024	Trigger-In:20	120	grating_off	staircase	13	red	left	aware	1	0
452.624	0.000	trigger_31	31	452624	Trigger-In:31	120	targets_on_fp_color_change	staircase	13	red	left	aware	1	0
453.574	0.000	trigger_201	201	453574	Trigger-In:201	120	trial_end_completed	staircase	13	red	left	aware	1	0
454.644	0.000	trigger_101	101	454644	Trigger-In:101	121	trial_start	salient	0	green	left	unaware	1	0
454.749	0.000	trigger_11	11	454749	Trigger-In:11	121	fixation_point_on	salient	0	green	left	unaware	1	0
455.349	0.000	trigger_21	21	455349	Trigger-In:21	121	grating_on	salient	0	green	left	unaware	1	0
455.399	0.000	trigger_20	20	455399	Trigger-In:20	121	grating_off	salient	0	green	left	unaware	1	0
455.999	0.000	trigger_31	31	455999	Trigger-In:31	121	targets_on_fp_color_change	salient	0	green	left	unaware	1	0
456.909	0.000	trigger_201	201	456909	Trigger-In:201	121	trial_end_completed	salient	0	green	left	unaware	1	0
457.979	0.000	trigger_101	101	457979	Trigger-In:101	122	trial_start	absent	70	red	left	aware	1	0
458.084	0.000	trigger_11	11	458084	Trigger-In:11	122	fixation_point_on	absent	70	red	left	aware	1	0
458.684	0.000	trigger_21	21	458684	Trigger-In:21	122	grating_on	absent	70	red	left	aware	1	0
458.734	0.000	trigger_20	20	458734	Trigger-In:20	122	grating_off	absent	70	red	left	aware	1	0
459.334	0.000	trigger_31	31	459334	Trigger-In:31	122	targets_on_fp_color_change	absent	70	red	left	aware	1	0
460.054	0.000	trigger_201	201	460054	Trigger-In:201	122	trial_end_completed	absent	70	red	left	aware	1	0
461.119	0.000	trigger_101	101	461119	Trigger-In:101	123	trial_start	staircase	12	green	right	aware	1	0
461.224	0.000	trigger_11	11	461224	Trigger-In:11	123	fixation_point_on	staircase	12	green	right	aware	1	0
461.829	0.000	trigger_21	21	461829	Trigger-In:21	123	grating_on	staircase	12	green	right	aware	1	0
461.879	0.000	trigger_20	20	461879	Trigger-In:20	123	grating_off	staircase	12	green	right	aware	1	0
462.479	0.000	trigger_31	31	462479	Trigger-In:31	123	targets_on_fp_color_change	staircase	12	green	right	aware	1	0
463.424	0.000	trigger_201	201	463424	Trigger-In:201	123	trial_end_completed	staircase	12	green	right	aware	1	0
464.494	0.000	trigger_101	101	464494	Trigger-In:101	124	trial_start	staircase	11	red	left	aware	1	0
464.599	0.000	trigger_11	11	464599	Trigger-In:11	124	fixation_point_on	staircase	11	red	left	aware	1	0
465.199	0.000	trigger_21	21	465199	Trigger-In:21	124	grating_on	staircase	11	red	left	aware	1	0
465.249	0.000	trigger_20	20	465249	Trigger-In:20	124	grating_off	staircase	11	red	left	aware	1	0
465.849	0.000	trigger_31	31	465849	Trigger-In:31	124	targets_on_fp_color_change	staircase	11	red	left	aware	1	0
466.799	0.000	trigger_201	201	466799	Trigger-In:201	124	trial_end_completed	staircase	11	red	left	aware	1	0
467.869	0.000	trigger_101	101	467869	Trigger-In:101	125	trial_start	salient	0	red	right	unaware	1	0
467.969	0.000	trigger_11	11	467969	Trigger-In:11	125	fixation_point_on	salient	0	red	right	unaware	1	0
468.574	0.000	trigger_21	21	468574	Trigger-In:21	125	grating_on	salient	0	red	right	unaware	1	0
468.624	0.000	trigger_20	20	468624	Trigger-In:20	125	grating_off	salient	0	red	right	unaware	1	0
469.224	0.000	trigger_31	31	469224	Trigger-In:31	125	targets_on_fp_color_change	salient	0	red	right	unaware	1	0
470.294	0.000	trigger_201	201	470294	Trigger-In:201	125	trial_end_completed	salient	0	red	right	unaware	1	0
471.364	0.000	trigger_101	101	471364	Trigger-In:101	126	trial_start	staircase	10	green	left	unaware	1	0
471.469	0.000	trigger_11	11	471469	Trigger-In:11	126	fixation_point_on	staircase	10	green	left	unaware	1	0
472.069	0.000	trigger_21	21	472069	Trigger-In:21	126	grating_on	staircase	10	green	left	unaware	1	0
472.119	0.000	trigger_20	20	472119	Trigger-In:20	126	grating_off	staircase	10	green	left	unaware	1	0
472.719	0.000	trigger_31	31	472719	Trigger-In:31	126	targets_on_fp_color_change	staircase	10	green	left	unaware	1	0
473.619	0.000	trigger_201	201	473619	Trigger-In:201	126	trial_end_completed	staircase	10	green	left	unaware	1	0
474.684	0.000	trigger_101	101	474684	Trigger-In:101	127	trial_start	staircase	11	red	right	unaware	1	0
474.794	0.000	trigger_11	11	474794	Trigger-In:11	127	fixation_point_on	staircase	11	red	right	unaware	1	0
475.394	0.000	trigger_21	21	475394	Trigger-In:21	127	grating_on	staircase	11	red	right	unaware	1	0
475.444	0.000	trigger_20	20	475444	Trigger-In:20	127	grating_off	staircase	11	red	right	unaware	1	0
476.044	0.000	trigger_31	31	476044	Trigger-In:31	127	targets_on_fp_color_change	staircase	11	red	right	unaware	1	0
477.139	0.000	trigger_201	201	477139	Trigger-In:201	127	trial_end_completed	staircase	11	red	right	unaware	1	0
478.204	0.000	trigger_101	101	478204	Trigger-In:101	128	trial_start	staircase	12	red	right	unaware	1	0
478.309	0.000	trigger_11	11	478309	Trigger-In:11	128	fixation_point_on	staircase	12	red	right	unaware	1	0
478.909	0.000	trigger_21	21	478909	Trigger-In:21	128	grating_on	staircase	12	red	right	unaware	1	0
478.959	0.000	trigger_20	20	478959	Trigger-In:20	128	grating_off	staircase	12	red	right	unaware	1	0
479.559	0.000	trigger_31	31	479559	Trigger-In:31	128	targets_on_fp_color_change	staircase	12	red	right	unaware	1	0
480.629	0.000	trigger_201	201	480629	Trigger-In:201	128	trial_end_completed	staircase	12	red	right	unaware	1	0
481.699	0.000	trigger_101	101	481699	Trigger-In:101	129	trial_start	salient	0	green	left	unaware	1	0
481.804	0.000	trigger_11	11	481804	Trigger-In:11	129	fixation_point_on	salient	0	green	left	unaware	1	0
482.404	0.000	trigger_21	21	482404	Trigger-In:21	129	grating_on	salient	0	green	left	unaware	1	0
482.454	0.000	trigger_20	20	482454	Trigger-In:20	129	grating_off	salient	0	green	left	unaware	1	0
483.054	0.000	trigger_31	31	483054	Trigger-In:31	129	targets_on_fp_color_change	salient	0	green	left	unaware	1	0
483.939	0.000	trigger_201	201	483939	Trigger-In:201	129	trial_end_completed	salient	0	green	left	unaware	1	0
485.004	0.000	trigger_101	101	485004	Trigger-In:101	130	trial_start	absent	70	green	right	aware	1	0
485.114	0.000	trigger_11	11	485114	Trigger-In:11	130	fixation_point_on	absent	70	green	right	aware	1	0
485.714	0.000	trigger_21	21	485714	Trigger-In:21	130	grating_on	absent	70	green	right	aware	1	0
485.764	0.000	trigger_20	20	485764	Trigger-In:20	130	grating_off	absent	70	green	right	aware	1	0
486.364	0.000	trigger_31	31	486364	Trigger-In:31	130	targets_on_fp_color_change	absent	70	green	right	aware	1	0
487.594	0.000	trigger_201	201	487594	Trigger-In:201	130	trial_end_completed	absent	70	green	right	aware	1	0
488.664	0.000	trigger_101	101	488664	Trigger-In:101	131	trial_start	staircase	13	green	right	aware	1	0
488.769	0.000	trigger_11	11	488769	Trigger-In:11	131	fixation_point_on	staircase	13	green	right	aware	1	0
489.369	0.000	trigger_21	21	489369	Trigger-In:21	131	grating_on	staircase	13	green	right	aware	1	0
489.424	0.000	trigger_20	20	489424	Trigger-In:20	131	grating_off	staircase	13	green	right	aware	1	0
490.024	0.000	trigger_31	31	490024	Trigger-In:31	131	targets_on_fp_color_change	staircase	13	green	right	aware	1	0
490.759	0.000	trigger_201	201	490759	Trigger-In:201	131	trial_end_completed	staircase	13	green	right	aware	1	0
491.829	0.000	trigger_101	101	491829	Trigger-In:101	132	trial_start	staircase	12	red	left	aware	1	0
491.934	0.000	trigger_11	11	491934	Trigger-In:11	132	fixation_point_on	staircase	12	red	left	aware	1	0
492.534	0.000	trigger_21	21	492534	Trigger-In:21	132	grating_on	staircase	12	red	left	aware	1	0
492.584	0.000	trigger_20	20	492584	Trigger-In:20	132	grating_off	staircase	12	red	left	aware	1	0
493.184	0.000	trigger_31	31	493184	Trigger-In:31	132	targets_on_fp_color_change	staircase	12	red	left	aware	1	0
494.119	0.000	trigger_201	201	494119	Trigger-In:201	132	trial_end_completed	staircase	12	red	left	aware	1	0
495.189	0.000	trigger_101	101	495189	Trigger-In:101	133	trial_start	absent	70	red	left	aware	1	0
495.294	0.000	trigger_11	11	495294	Trigger-In:11	133	fixation_point_on	absent	70	red	left	aware	1	0
495.894	0.000	trigger_21	21	495894	Trigger-In:21	133	grating_on	absent	70	red	left	aware	1	0
495.944	0.000	trigger_20	20	495944	Trigger-In:20	133	grating_off	absent	70	red	left	aware	1	0
496.544	0.000	trigger_31	31	496544	Trigger-In:31	133	targets_on_fp_color_change	absent	70	red	left	aware	1	0
497.409	0.000	trigger_201	201	497409	Trigger-In:201	133	trial_end_completed	absent	70	red	left	aware	1	0
498.474	0.000	trigger_101	101	498474	Trigger-In:101	134	trial_start	staircase	11	red	right	unaware	1	0
498.584	0.000	trigger_11	11	498584	Trigger-In:11	134	fixation_point_on	staircase	11	red	right	unaware	1	0
499.184	0.000	trigger_21	21	499184	Trigger-In:21	134	grating_on	staircase	11	red	right	unaware	1	0
499.234	0.000	trigger_20	20	499234	Trigger-In:20	134	grating_off	staircase	11	red	right	unaware	1	0
499.834	0.000	trigger_31	31	499834	Trigger-In:31	134	targets_on_fp_color_change	staircase	11	red	right	unaware	1	0
500.594	0.000	trigger_201	201	500594	Trigger-In:201	134	trial_end_completed	staircase	11	red	right	unaware	1	0
501.659	0.000	trigger_101	101	501659	Trigger-In:101	135	trial_start	absent	70	red	left	aware	1	0
501.764	0.000	trigger_11	11	501764	Trigger-In:11	135	fixation_point_on	absent	70	red	left	aware	1	0
502.364	0.000	trigger_21	21	502364	Trigger-In:21	135	grating_on	absent	70	red	left	aware	1	0
502.419	0.000	trigger_20	20	502419	Trigger-In:20	135	grating_off	absent	70	red	left	aware	1	0
503.019	0.000	trigger_31	31	503019	Trigger-In:31	135	targets_on_fp_color_change	absent	70	red	left	aware	1	0
504.059	0.000	trigger_201	201	504059	Trigger-In:201	135	trial_end_completed	absent	70	red	left	aware	1	0
505.124	0.000	trigger_101	101	505124	Trigger-In:101	136	trial_start	staircase	12	green	left	unaware	1	0
505.229	0.000	trigger_11	11	505229	Trigger-In:11	136	fixation_point_on	staircase	12	green	left	unaware	1	0
505.829	0.000	trigger_21	21	505829	Trigger-In:21	136	grating_on	staircase	12	green	left	unaware	1	0
505.884	0.000	trigger_20	20	505884	Trigger-In:20	136	grating_off	staircase	12	green	left	unaware	1	0
506.484	0.000	trigger_31	31	506484	Trigger-In:31	136	targets_on_fp_color_change	staircase	12	green	left	unaware	1	0
507.619	0.000	trigger_201	201	507619	Trigger-In:201	136	trial_end_completed	staircase	12	green	left	unaware	1	0
508.684	0.000	trigger_101	101	508684	Trigger-In:101	137	trial_start	staircase	13	green	right	aware	1	0
508.789	0.000	trigger_11	11	508789	Trigger-In:11	137	fixation_point_on	staircase	13	green	right	aware	1	0
509.389	0.000	trigger_21	21	509389	Trigger-In:21	137	grating_on	staircase	13	green	right	aware	1	0
509.439	0.000	trigger_20	20	509439	Trigger-In:20	137	grating_off	staircase	13	green	right	aware	1	0
510.044	0.000	trigger_31	31	510044	Trigger-In:31	137	targets_on_fp_color_change	staircase	13	green	right	aware	1	0
510.864	0.000	trigger_201	201	510864	Trigger-In:201	137	trial_end_completed	staircase	13	green	right	aware	1	0
511.929	0.000	trigger_101	101	511929	Trigger-In:101	138	trial_start	staircase	12	green	right	aware	1	0
512.034	0.000	trigger_11	11	512034	Trigger-In:11	138	fixation_point_on	staircase	12	green	right	aware	1	0
512.639	0.000	trigger_21	21	512639	Trigger-In:21	138	grating_on	staircase	12	green	right	aware	1	0
512.689	0.000	trigger_20	20	512689	Trigger-In:20	138	grating_off	staircase	12	green	right	aware	1	0
513.289	0.000	trigger_31	31	513289	Trigger-In:31	138	targets_on_fp_color_change	staircase	12	green	right	aware	1	0
514.014	0.000	trigger_201	201	514014	Trigger-In:201	138	trial_end_completed	staircase	12	green	right	aware	1	0
515.084	0.000	trigger_101	101	515084	Trigger-In:101	139	trial_start	staircase	11	green	right	aware	1	0
515.189	0.000	trigger_11	11	515189	Trigger-In:11	139	fixation_point_on	staircase	11	green	right	aware	1	0
515.789	0.000	trigger_21	21	515789	Trigger-In:21	139	grating_on	staircase	11	green	right	aware	1	0
515.839	0.000	trigger_20	20	515839	Trigger-In:20	139	grating_off	staircase	11	green	right	aware	1	0
516.439	0.000	trigger_31	31	516439	Trigger-In:31	139	targets_on_fp_color_change	staircase	11	green	right	aware	1	0
517.369	0.000	trigger_201	201	517369	Trigger-In:201	139	trial_end_completed	staircase	11	green	right	aware	1	0
518.439	0.000	trigger_101	101	518439	Trigger-In:101	140	trial_start	staircase	10	green	left	unaware	1	0
518.544	0.000	trigger_11	11	518544	Trigger-In:11	140	fixation_point_on	staircase	10	green	left	unaware	1	0
519.144	0.000	trigger_21	21	519144	Trigger-In:21	140	grating_on	staircase	10	green	left	unaware	1	0
519.199	0.000	trigger_20	20	519199	Trigger-In:20	140	grating_off	staircase	10	green	left	unaware	1	0
519.799	0.000	trigger_31	31	519799	Trigger-In:31	140	targets_on_fp_color_change	staircase	10	green	left	unaware	1	0
520.534	0.000	trigger_201	201	520534	Trigger-In:201	140	trial_end_completed	staircase	10	green	left	unaware	1	0
521.604	0.000	trigger_101	101	521604	Trigger-In:101	141	trial_start	salient	0	green	left	unaware	1	0
521.709	0.000	trigger_11	11	521709	Trigger-In:11	141	fixation_point_on	salient	0	green	left	unaware	1	0
522.309	0.000	trigger_21	21	522309	Trigger-In:21	141	grating_on	salient	0	green	left	unaware	1	0
522.359	0.000	trigger_20	20	522359	Trigger-In:20	141	grating_off	salient	0	green	left	unaware	1	0
522.959	0.000	trigger_31	31	522959	Trigger-In:31	141	targets_on_fp_color_change	salient	0	green	left	unaware	1	0
523.844	0.000	trigger_201	201	523844	Trigger-In:201	141	trial_end_completed	salient	0	green	left	unaware	1	0
524.914	0.000	trigger_101	101	524914	Trigger-In:101	142	trial_start	salient	0	green	left	unaware	1	0
525.019	0.000	trigger_11	11	525019	Trigger-In:11	142	fixation_point_on	salient	0	green	left	unaware	1	0
525.624	0.000	trigger_21	21	525624	Trigger-In:21	142	grating_on	salient	0	green	left	unaware	1	0
525.674	0.000	trigger_20	20	525674	Trigger-In:20	142	grating_off	salient	0	green	left	unaware	1	0
526.274	0.000	trigger_31	31	526274	Trigger-In:31	142	targets_on_fp_color_change	salient	0	green	left	unaware	1	0
527.114	0.000	trigger_201	201	527114	Trigger-In:201	142	trial_end_completed	salient	0	green	left	unaware	1	0
528.184	0.000	trigger_101	101	528184	Trigger-In:101	143	trial_start	staircase	11	red	left	aware	1	0
528.289	0.000	trigger_11	11	528289	Trigger-In:11	143	fixation_point_on	staircase	11	red	left	aware	1	0
528.889	0.000	trigger_21	21	528889	Trigger-In:21	143	grating_on	staircase	11	red	left	aware	1	0
528.949	0.000	trigger_20	20	528949	Trigger-In:20	143	grating_off	staircase	11	red	left	aware	1	0
529.549	0.000	trigger_31	31	529549	Trigger-In:31	143	targets_on_fp_color_change	staircase	11	red	left	aware	1	0
530.579	0.000	trigger_201	201	530579	Trigger-In:201	143	trial_end_completed	staircase	11	red	left	aware	1	0
531.649	0.000	trigger_101	101	531649	Trigger-In:101	144	trial_start	salient	0	red	right	unaware	1	0
531.754	0.000	trigger_11	11	531754	Trigger-In:11	144	fixation_point_on	salient	0	red	right	unaware	1	0
532.354	0.000	trigger_21	21	532354	Trigger-In:21	144	grating_on	salient	0	red	right	unaware	1	0
532.404	0.000	trigger_20	20	532404	Trigger-In:20	144	grating_off	salient	0	red	right	unaware	1	0
533.004	0.000	trigger_31	31	533004	Trigger-In:31	144	targets_on_fp_color_change	salient	0	red	right	unaware	1	0
533.849	0.000	trigger_201	201	533849	Trigger-In:201	144	trial_end_completed	salient	0	red	right	unaware	1	0
534.924	0.000	trigger_101	101	534924	Trigger-In:101	145	trial_start	staircase	10	red	right	unaware	1	0
535.029	0.000	trigger_11	11	535029	Trigger-In:11	145	fixation_point_on	staircase	10	red	right	unaware	1	0
535.629	0.000	trigger_21	21	535629	Trigger-In:21	145	grating_on	staircase	10	red	right	unaware	1	0
535.684	0.000	trigger_20	20	535684	Trigger-In:20	145	grating_off	staircase	10	red	right	unaware	1	0
536.284	0.000	trigger_31	31	536284	Trigger-In:31	145	targets_on_fp_color_change	staircase	10	red	right	unaware	1	0
537.059	0.000	trigger_201	201	537059	Trigger-In:201	145	trial_end_completed	staircase	10	red	right	unaware	1	0
538.129	0.000	trigger_101	101	538129	Trigger-In:101	146	trial_start	staircase	11	red	right	unaware	1	0
538.234	0.000	trigger_11	11	538234	Trigger-In:11	146	fixation_point_on	staircase	11	red	right	unaware	1	0
538.839	0.000	trigger_21	21	538839	Trigger-In:21	146	grating_on	staircase	11	red	right	unaware	1	0
538.889	0.000	trigger_20	20	538889	Trigger-In:20	146	grating_off	staircase	11	red	right	unaware	1	0
539.489	0.000	trigger_31	31	539489	Trigger-In:31	146	targets_on_fp_color_change	staircase	11	red	right	unaware	1	0
540.329	0.000	trigger_201	201	540329	Trigger-In:201	146	trial_end_completed	staircase	11	red	right	unaware	1	0
541.394	0.000	trigger_101	101	541394	Trigger-In:101	147	trial_start	absent	70	green	right	aware	1	0
541.499	0.000	trigger_11	11	541499	Trigger-In:11	147	fixation_point_on	absent	70	green	right	aware	1	0
542.099	0.000	trigger_21	21	542099	Trigger-In:21	147	grating_on	absent	70	green	right	aware	1	0
542.149	0.000	trigger_20	20	542149	Trigger-In:20	147	grating_off	absent	70	green	right	aware	1	0
542.749	0.000	trigger_31	31	542749	Trigger-In:31	147	targets_on_fp_color_change	absent	70	green	right	aware	1	0
543.594	0.000	trigger_201	201	543594	Trigger-In:201	147	trial_end_completed	absent	70	green	right	aware	1	0
544.659	0.000	trigger_101	101	544659	Trigger-In:101	148	trial_start	staircase	12	green	right	aware	1	0
544.764	0.000	trigger_11	11	544764	Trigger-In:11	148	fixation_point_on	staircase	12	green	right	aware	1	0
545.364	0.000	trigger_21	21	545364	Trigger-In:21	148	grating_on	staircase	12	green	right	aware	1	0
545.414	0.000	trigger_20	20	545414	Trigger-In:20	148	grating_off	staircase	12	green	right	aware	1	0
546.014	0.000	trigger_31	31	546014	Trigger-In:31	148	targets_on_fp_color_change	staircase	12	green	right	aware	1	0
546.724	0.000	trigger_201	201	546724	Trigger-In:201	148	trial_end_completed	staircase	12	green	right	aware	1	0
547.794	0.000	trigger_101	101	547794	Trigger-In:101	149	trial_start	salient	0	green	left	unaware	1	0
547.939	0.000	trigger_11	11	547939	Trigger-In:11	149	fixation_point_on	salient	0	green	left	unaware	1	0
548.539	0.000	trigger_21	21	548539	Trigger-In:21	149	grating_on	salient	0	green	left	unaware	1	0
548.594	0.000	trigger_20	20	548594	Trigger-In:20	149	grating_off	salient	0	green	left	unaware	1	0
549.194	0.000	trigger_31	31	549194	Trigger-In:31	149	targets_on_fp_color_change	salient	0	green	left	unaware	1	0
550.054	0.000	trigger_201	201	550054	Trigger-In:201	149	trial_end_completed	salient	0	green	left	unaware	1	0
551.124	0.000	trigger_101	101	551124	Trigger-In:101	150	trial_start	staircase	11	green	left	unaware	1	0
551.229	0.000	trigger_11	11	551229	Trigger-In:11	150	fixation_point_on	staircase	11	green	left	unaware	1	0
551.829	0.000	trigger_21	21	551829	Trigger-In:21	150	grating_on	staircase	11	green	left	unaware	1	0
551.879	0.000	trigger_20	20	551879	Trigger-In:20	150	grating_off	staircase	11	green	left	unaware	1	0
552.484	0.000	trigger_31	31	552484	Trigger-In:31	150	targets_on_fp_color_change	staircase	11	green	left	unaware	1	0
553.199	0.000	trigger_201	201	553199	Trigger-In:201	150	trial_end_completed	staircase	11	green	left	unaware	1	0
554.264	0.000	trigger_101	101	554264	Trigger-In:101	151	trial_start	staircase	12	red	right	unaware	1	0
554.369	0.000	trigger_11	11	554369	Trigger-In:11	151	fixation_point_on	staircase	12	red	right	unaware	1	0
554.969	0.000	trigger_21	21	554969	Trigger-In:21	151	grating_on	staircase	12	red	right	unaware	1	0
555.019	0.000	trigger_20	20	555019	Trigger-In:20	151	grating_off	staircase	12	red	right	unaware	1	0
555.619	0.000	trigger_31	31	555619	Trigger-In:31	151	targets_on_fp_color_change	staircase	12	red	right	unaware	1	0
556.539	0.000	trigger_201	201	556539	Trigger-In:201	151	trial_end_completed	staircase	12	red	right	unaware	1	0
557.604	0.000	trigger_101	101	557604	Trigger-In:101	152	trial_start	absent	70	red	left	aware	1	0
557.709	0.000	trigger_11	11	557709	Trigger-In:11	152	fixation_point_on	absent	70	red	left	aware	1	0
558.314	0.000	trigger_21	21	558314	Trigger-In:21	152	grating_on	absent	70	red	left	aware	1	0
558.364	0.000	trigger_20	20	558364	Trigger-In:20	152	grating_off	absent	70	red	left	aware	1	0
558.964	0.000	trigger_31	31	558964	Trigger-In:31	152	targets_on_fp_color_change	absent	70	red	left	aware	1	0
559.669	0.000	trigger_201	201	559669	Trigger-In:201	152	trial_end_completed	absent	70	red	left	aware	1	0
560.739	0.000	trigger_101	101	560739	Trigger-In:101	153	trial_start	staircase	13	red	right	unaware	1	0
560.844	0.000	trigger_11	11	560844	Trigger-In:11	153	fixation_point_on	staircase	13	red	right	unaware	1	0
561.444	0.000	trigger_21	21	561444	Trigger-In:21	153	grating_on	staircase	13	red	right	unaware	1	0
561.494	0.000	trigger_20	20	561494	Trigger-In:20	153	grating_off	staircase	13	red	right	unaware	1	0
562.094	0.000	trigger_31	31	562094	Trigger-In:31	153	targets_on_fp_color_change	staircase	13	red	right	unaware	1	0
563.079	0.000	trigger_201	201	563079	Trigger-In:201	153	trial_end_completed	staircase	13	red	right	unaware	1	0
564.149	0.000	trigger_101	101	564149	Trigger-In:101	154	trial_start	staircase	14	green	left	unaware	1	0
564.254	0.000	trigger_11	11	564254	Trigger-In:11	154	fixation_point_on	staircase	14	green	left	unaware	1	0
564.854	0.000	trigger_21	21	564854	Trigger-In:21	154	grating_on	staircase	14	green	left	unaware	1	0
564.904	0.000	trigger_20	20	564904	Trigger-In:20	154	grating_off	staircase	14	green	left	unaware	1	0
565.504	0.000	trigger_31	31	565504	Trigger-In:31	154	targets_on_fp_color_change	staircase	14	green	left	unaware	1	0
566.339	0.000	trigger_201	201	566339	Trigger-In:201	154	trial_end_completed	staircase	14	green	left	unaware	1	0
567.414	0.000	trigger_101	101	567414	Trigger-In:101	155	trial_start	staircase	15	red	right	unaware	1	0
567.519	0.000	trigger_11	11	567519	Trigger-In:11	155	fixation_point_on	staircase	15	red	right	unaware	1	0
568.119	0.000	trigger_21	21	568119	Trigger-In:21	155	grating_on	staircase	15	red	right	unaware	1	0
568.169	0.000	trigger_20	20	568169	Trigger-In:20	155	grating_off	staircase	15	red	right	unaware	1	0
568.769	0.000	trigger_31	31	568769	Trigger-In:31	155	targets_on_fp_color_change	staircase	15	red	right	unaware	1	0
570.124	0.000	trigger_201	201	570124	Trigger-In:201	155	trial_end_completed	staircase	15	red	right	unaware	1	0
571.194	0.000	trigger_101	101	571194	Trigger-In:101	156	trial_start	staircase	16	red	left	aware	1	0
571.299	0.000	trigger_11	11	571299	Trigger-In:11	156	fixation_point_on	staircase	16	red	left	aware	1	0
571.899	0.000	trigger_21	21	571899	Trigger-In:21	156	grating_on	staircase	16	red	left	aware	1	0
571.949	0.000	trigger_20	20	571949	Trigger-In:20	156	grating_off	staircase	16	red	left	aware	1	0
572.549	0.000	trigger_31	31	572549	Trigger-In:31	156	targets_on_fp_color_change	staircase	16	red	left	aware	1	0
573.294	0.000	trigger_201	201	573294	Trigger-In:201	156	trial_end_completed	staircase	16	red	left	aware	1	0
574.364	0.000	trigger_101	101	574364	Trigger-In:101	157	trial_start	staircase	15	red	left	aware	1	0
574.469	0.000	trigger_11	11	574469	Trigger-In:11	157	fixation_point_on	staircase	15	red	left	aware	1	0
575.069	0.000	trigger_21	21	575069	Trigger-In:21	157	grating_on	staircase	15	red	left	aware	1	0
575.119	0.000	trigger_20	20	575119	Trigger-In:20	157	grating_off	staircase	15	red	left	aware	1	0
575.719	0.000	trigger_31	31	575719	Trigger-In:31	157	targets_on_fp_color_change	staircase	15	red	left	aware	1	0
576.429	0.000	trigger_201	201	576429	Trigger-In:201	157	trial_end_completed	staircase	15	red	left	aware	1	0
577.494	0.000	trigger_101	101	577494	Trigger-In:101	158	trial_start	staircase	14	red	left	aware	1	0
577.604	0.000	trigger_11	11	577604	Trigger-In:11	158	fixation_point_on	staircase	14	red	left	aware	1	0
578.204	0.000	trigger_21	21	578204	Trigger-In:21	158	grating_on	staircase	14	red	left	aware	1	0
578.254	0.000	trigger_20	20	578254	Trigger-In:20	158	grating_off	staircase	14	red	left	aware	1	0
578.854	0.000	trigger_31	31	578854	Trigger-In:31	158	targets_on_fp_color_change	staircase	14	red	left	aware	1	0
579.604	0.000	trigger_201	201	579604	Trigger-In:201	158	trial_end_completed	staircase	14	red	left	aware	1	0
580.674	0.000	trigger_101	101	580674	Trigger-In:101	159	trial_start	salient	0	green	left	unaware	1	0
580.779	0.000	trigger_11	11	580779	Trigger-In:11	159	fixation_point_on	salient	0	green	left	unaware	1	0
581.384	0.000	trigger_21	21	581384	Trigger-In:21	159	grating_on	salient	0	green	left	unaware	1	0
581.434	0.000	trigger_20	20	581434	Trigger-In:20	159	grating_off	salient	0	green	left	unaware	1	0
582.034	0.000	trigger_31	31	582034	Trigger-In:31	159	targets_on_fp_color_change	salient	0	green	left	unaware	1	0
583.214	0.000	trigger_201	201	583214	Trigger-In:201	159	trial_end_completed	salient	0	green	left	unaware	1	0
584.284	0.000	trigger_101	101	584284	Trigger-In:101	160	trial_start	salient	0	red	right	unaware	1	0
584.599	0.000	trigger_11	11	584599	Trigger-In:11	160	fixation_point_on	salient	0	red	right	unaware	1	0
585.199	0.000	trigger_21	21	585199	Trigger-In:21	160	grating_on	salient	0	red	right	unaware	1	0
585.249	0.000	trigger_20	20	585249	Trigger-In:20	160	grating_off	salient	0	red	right	unaware	1	0
585.854	0.000	trigger_31	31	585854	Trigger-In:31	160	targets_on_fp_color_change	salient	0	red	right	unaware	1	0
586.679	0.000	trigger_201	201	586679	Trigger-In:201	160	trial_end_completed	salient	0	red	right	unaware	1	0
587.749	0.000	trigger_101	101	587749	Trigger-In:101	161	trial_start	staircase	13	green	left	unaware	1	0
587.859	0.000	trigger_11	11	587859	Trigger-In:11	161	fixation_point_on	staircase	13	green	left	unaware	1	0
588.459	0.000	trigger_21	21	588459	Trigger-In:21	161	grating_on	staircase	13	green	left	unaware	1	0
588.509	0.000	trigger_20	20	588509	Trigger-In:20	161	grating_off	staircase	13	green	left	unaware	1	0
589.109	0.000	trigger_31	31	589109	Trigger-In:31	161	targets_on_fp_color_change	staircase	13	green	left	unaware	1	0
590.019	0.000	trigger_201	201	590019	Trigger-In:201	161	trial_end_completed	staircase	13	green	left	unaware	1	0
591.089	0.000	trigger_101	101	591089	Trigger-In:101	162	trial_start	staircase	14	green	right	aware	1	0
591.194	0.000	trigger_11	11	591194	Trigger-In:11	162	fixation_point_on	staircase	14	green	right	aware	1	0
591.794	0.000	trigger_21	21	591794	Trigger-In:21	162	grating_on	staircase	14	green	right	aware	1	0
591.844	0.000	trigger_20	20	591844	Trigger-In:20	162	grating_off	staircase	14	green	right	aware	1	0
592.444	0.000	trigger_31	31	592444	Trigger-In:31	162	targets_on_fp_color_change	staircase	14	green	right	aware	1	0
593.184	0.000	trigger_201	201	593184	Trigger-In:201	162	trial_end_completed	staircase	14	green	right	aware	1	0
594.254	0.000	trigger_101	101	594254	Trigger-In:101	163	trial_start	salient	0	green	left	unaware	1	0
594.359	0.000	trigger_11	11	594359	Trigger-In:11	163	fixation_point_on	salient	0	green	left	unaware	1	0
594.959	0.000	trigger_21	21	594959	Trigger-In:21	163	grating_on	salient	0	green	left	unaware	1	0
595.009	0.000	trigger_20	20	595009	Trigger-In:20	163	grating_off	salient	0	green	left	unaware	1	0
595.609	0.000	trigger_31	31	595609	Trigger-In:31	163	targets_on_fp_color_change	salient	0	green	left	unaware	1	0
596.334	0.000	trigger_201	201	596334	Trigger-In:201	163	trial_end_completed	salient	0	green	left	unaware	1	0
597.409	0.000	trigger_101	101	597409	Trigger-In:101	164	trial_start	staircase	13	green	left	unaware	1	0
597.514	0.000	trigger_11	11	597514	Trigger-In:11	164	fixation_point_on	staircase	13	green	left	unaware	1	0
598.114	0.000	trigger_21	21	598114	Trigger-In:21	164	grating_on	staircase	13	green	left	unaware	1	0
598.164	0.000	trigger_20	20	598164	Trigger-In:20	164	grating_off	staircase	13	green	left	unaware	1	0
598.764	0.000	trigger_31	31	598764	Trigger-In:31	164	targets_on_fp_color_change	staircase	13	green	left	unaware	1	0
599.539	0.000	trigger_201	201	599539	Trigger-In:201	164	trial_end_completed	staircase	13	green	left	unaware	1	0
600.609	0.000	trigger_101	101	600609	Trigger-In:101	165	trial_start	staircase	14	green	right	aware	1	0
600.714	0.000	trigger_11	11	600714	Trigger-In:11	165	fixation_point_on	staircase	14	green	right	aware	1	0
601.314	0.000	trigger_21	21	601314	Trigger-In:21	165	grating_on	staircase	14	green	right	aware	1	0
601.364	0.000	trigger_20	20	601364	Trigger-In:20	165	grating_off	staircase	14	green	right	aware	1	0
601.964	0.000	trigger_31	31	601964	Trigger-In:31	165	targets_on_fp_color_change	staircase	14	green	right	aware	1	0
602.629	0.000	trigger_201	201	602629	Trigger-In:201	165	trial_end_completed	staircase	14	green	right	aware	1	0
603.704	0.000	trigger_101	101	603704	Trigger-In:101	166	trial_start	staircase	13	red	left	aware	1	0
603.809	0.000	trigger_11	11	603809	Trigger-In:11	166	fixation_point_on	staircase	13	red	left	aware	1	0
604.409	0.000	trigger_21	21	604409	Trigger-In:21	166	grating_on	staircase	13	red	left	aware	1	0
604.459	0.000	trigger_20	20	604459	Trigger-In:20	166	grating_off	staircase	13	red	left	aware	1	0
605.059	0.000	trigger_31	31	605059	Trigger-In:31	166	targets_on_fp_color_change	staircase	13	red	left	aware	1	0
605.754	0.000	trigger_201	201	605754	Trigger-In:201	166	trial_end_completed	staircase	13	red	left	aware	1	0
606.824	0.000	trigger_101	101	606824	Trigger-In:101	167	trial_start	salient	0	green	left	unaware	1	0
606.929	0.000	trigger_11	11	606929	Trigger-In:11	167	fixation_point_on	salient	0	green	left	unaware	1	0
607.529	0.000	trigger_21	21	607529	Trigger-In:21	167	grating_on	salient	0	green	left	unaware	1	0
607.584	0.000	trigger_20	20	607584	Trigger-In:20	167	grating_off	salient	0	green	left	unaware	1	0
608.184	0.000	trigger_31	31	608184	Trigger-In:31	167	targets_on_fp_color_change	salient	0	green	left	unaware	1	0
609.174	0.000	trigger_201	201	609174	Trigger-In:201	167	trial_end_completed	salient	0	green	left	unaware	1	0
610.239	0.000	trigger_101	101	610239	Trigger-In:101	168	trial_start	staircase	12	red	right	unaware	1	0
610.349	0.000	trigger_11	11	610349	Trigger-In:11	168	fixation_point_on	staircase	12	red	right	unaware	1	0
610.949	0.000	trigger_21	21	610949	Trigger-In:21	168	grating_on	staircase	12	red	right	unaware	1	0
610.999	0.000	trigger_20	20	610999	Trigger-In:20	168	grating_off	staircase	12	red	right	unaware	1	0
611.599	0.000	trigger_31	31	611599	Trigger-In:31	168	targets_on_fp_color_change	staircase	12	red	right	unaware	1	0
612.509	0.000	trigger_201	201	612509	Trigger-In:201	168	trial_end_completed	staircase	12	red	right	unaware	1	0
613.579	0.000	trigger_101	101	613579	Trigger-In:101	169	trial_start	staircase	13	green	left	unaware	1	0
613.684	0.000	trigger_11	11	613684	Trigger-In:11	169	fixation_point_on	staircase	13	green	left	unaware	1	0
614.284	0.000	trigger_21	21	614284	Trigger-In:21	169	grating_on	staircase	13	green	left	unaware	1	0
614.334	0.000	trigger_20	20	614334	Trigger-In:20	169	grating_off	staircase	13	green	left	unaware	1	0
614.934	0.000	trigger_31	31	614934	Trigger-In:31	169	targets_on_fp_color_change	staircase	13	green	left	unaware	1	0
616.264	0.000	trigger_201	201	616264	Trigger-In:201	169	trial_end_completed	staircase	13	green	left	unaware	1	0
617.334	0.000	trigger_101	101	617334	Trigger-In:101	170	trial_start	staircase	14	green	left	unaware	1	0
617.444	0.000	trigger_11	11	617444	Trigger-In:11	170	fixation_point_on	staircase	14	green	left	unaware	1	0
618.044	0.000	trigger_21	21	618044	Trigger-In:21	170	grating_on	staircase	14	green	left	unaware	1	0
618.094	0.000	trigger_20	20	618094	Trigger-In:20	170	grating_off	staircase	14	green	left	unaware	1	0
618.694	0.000	trigger_31	31	618694	Trigger-In:31	170	targets_on_fp_color_change	staircase	14	green	left	unaware	1	0
619.589	0.000	trigger_201	201	619589	Trigger-In:201	170	trial_end_completed	staircase	14	green	left	unaware	1	0
620.659	0.000	trigger_101	101	620659	Trigger-In:101	171	trial_start	staircase	15	red	left	aware	1	0
620.764	0.000	trigger_11	11	620764	Trigger-In:11	171	fixation_point_on	staircase	15	red	left	aware	1	0
621.364	0.000	trigger_21	21	621364	Trigger-In:21	171	grating_on	staircase	15	red	left	aware	1	0
621.419	0.000	trigger_20	20	621419	Trigger-In:20	171	grating_off	staircase	15	red	left	aware	1	0
622.019	0.000	trigger_31	31	622019	Trigger-In:31	171	targets_on_fp_color_change	staircase	15	red	left	aware	1	0
623.004	0.000	trigger_201	201	623004	Trigger-In:201	171	trial_end_completed	staircase	15	red	left	aware	1	0
624.079	0.000	trigger_101	101	624079	Trigger-In:101	172	trial_start	staircase	14	red	left	aware	1	0
624.179	0.000	trigger_11	11	624179	Trigger-In:11	172	fixation_point_on	staircase	14	red	left	aware	1	0
624.779	0.000	trigger_21	21	624779	Trigger-In:21	172	grating_on	staircase	14	red	left	aware	1	0
624.829	0.000	trigger_20	20	624829	Trigger-In:20	172	grating_off	staircase	14	red	left	aware	1	0
625.429	0.000	trigger_31	31	625429	Trigger-In:31	172	targets_on_fp_color_change	staircase	14	red	left	aware	1	0
626.259	0.000	trigger_201	201	626259	Trigger-In:201	172	trial_end_completed	staircase	14	red	left	aware	1	0
627.329	0.000	trigger_101	101	627329	Trigger-In:101	173	trial_start	absent	70	green	right	aware	1	0
627.434	0.000	trigger_11	11	627434	Trigger-In:11	173	fixation_point_on	absent	70	green	right	aware	1	0
628.034	0.000	trigger_21	21	628034	Trigger-In:21	173	grating_on	absent	70	green	right	aware	1	0
628.084	0.000	trigger_20	20	628084	Trigger-In:20	173	grating_off	absent	70	green	right	aware	1	0
628.684	0.000	trigger_31	31	628684	Trigger-In:31	173	targets_on_fp_color_change	absent	70	green	right	aware	1	0
629.624	0.000	trigger_201	201	629624	Trigger-In:201	173	trial_end_completed	absent	70	green	right	aware	1	0
630.689	0.000	trigger_101	101	630689	Trigger-In:101	174	trial_start	staircase	13	red	right	unaware	1	0
630.794	0.000	trigger_11	11	630794	Trigger-In:11	174	fixation_point_on	staircase	13	red	right	unaware	1	0
631.394	0.000	trigger_21	21	631394	Trigger-In:21	174	grating_on	staircase	13	red	right	unaware	1	0
631.444	0.000	trigger_20	20	631444	Trigger-In:20	174	grating_off	staircase	13	red	right	unaware	1	0
632.044	0.000	trigger_31	31	632044	Trigger-In:31	174	targets_on_fp_color_change	staircase	13	red	right	unaware	1	0
633.129	0.000	trigger_201	201	633129	Trigger-In:201	174	trial_end_completed	staircase	13	red	right	unaware	1	0
634.199	0.000	trigger_101	101	634199	Trigger-In:101	175	trial_start	salient	0	red	right	unaware	1	0
634.304	0.000	trigger_11	11	634304	Trigger-In:11	175	fixation_point_on	salient	0	red	right	unaware	1	0
634.904	0.000	trigger_21	21	634904	Trigger-In:21	175	grating_on	salient	0	red	right	unaware	1	0
634.959	0.000	trigger_20	20	634959	Trigger-In:20	175	grating_off	salient	0	red	right	unaware	1	0
635.559	0.000	trigger_31	31	635559	Trigger-In:31	175	targets_on_fp_color_change	salient	0	red	right	unaware	1	0
636.514	0.000	trigger_201	201	636514	Trigger-In:201	175	trial_end_completed	salient	0	red	right	unaware	1	0
637.584	0.000	trigger_101	101	637584	Trigger-In:101	176	trial_start	staircase	14	red	left	aware	1	0
637.694	0.000	trigger_11	11	637694	Trigger-In:11	176	fixation_point_on	staircase	14	red	left	aware	1	0
638.294	0.000	trigger_21	21	638294	Trigger-In:21	176	grating_on	staircase	14	red	left	aware	1	0
638.344	0.000	trigger_20	20	638344	Trigger-In:20	176	grating_off	staircase	14	red	left	aware	1	0
638.944	0.000	trigger_31	31	638944	Trigger-In:31	176	targets_on_fp_color_change	staircase	14	red	left	aware	1	0
639.659	0.000	trigger_201	201	639659	Trigger-In:201	176	trial_end_completed	staircase	14	red	left	aware	1	0
640.724	0.000	trigger_101	101	640724	Trigger-In:101	177	trial_start	staircase	13	green	right	aware	1	0
640.834	0.000	trigger_11	11	640834	Trigger-In:11	177	fixation_point_on	staircase	13	green	right	aware	1	0
641.434	0.000	trigger_21	21	641434	Trigger-In:21	177	grating_on	staircase	13	green	right	aware	1	0
641.484	0.000	trigger_20	20	641484	Trigger-In:20	177	grating_off	staircase	13	green	right	aware	1	0
642.084	0.000	trigger_31	31	642084	Trigger-In:31	177	targets_on_fp_color_change	staircase	13	green	right	aware	1	0
643.189	0.000	trigger_201	201	643189	Trigger-In:201	177	trial_end_completed	staircase	13	green	right	aware	1	0
644.259	0.000	trigger_101	101	644259	Trigger-In:101	178	trial_start	staircase	12	red	right	unaware	1	0
644.359	0.000	trigger_11	11	644359	Trigger-In:11	178	fixation_point_on	staircase	12	red	right	unaware	1	0
644.959	0.000	trigger_21	21	644959	Trigger-In:21	178	grating_on	staircase	12	red	right	unaware	1	0
645.009	0.000	trigger_20	20	645009	Trigger-In:20	178	grating_off	staircase	12	red	right	unaware	1	0
645.609	0.000	trigger_31	31	645609	Trigger-In:31	178	targets_on_fp_color_change	staircase	12	red	right	unaware	1	0
646.849	0.000	trigger_201	201	646849	Trigger-In:201	178	trial_end_completed	staircase	12	red	right	unaware	1	0
647.919	0.000	trigger_101	101	647919	Trigger-In:101	179	trial_start	staircase	13	green	left	unaware	1	0
648.024	0.000	trigger_11	11	648024	Trigger-In:11	179	fixation_point_on	staircase	13	green	left	unaware	1	0
648.624	0.000	trigger_21	21	648624	Trigger-In:21	179	grating_on	staircase	13	green	left	unaware	1	0
648.674	0.000	trigger_20	20	648674	Trigger-In:20	179	grating_off	staircase	13	green	left	unaware	1	0
649.274	0.000	trigger_31	31	649274	Trigger-In:31	179	targets_on_fp_color_change	staircase	13	green	left	unaware	1	0
650.229	0.000	trigger_201	201	650229	Trigger-In:201	179	trial_end_completed	staircase	13	green	left	unaware	1	0
651.299	0.000	trigger_101	101	651299	Trigger-In:101	180	trial_start	staircase	14	green	left	unaware	1	0
651.399	0.000	trigger_11	11	651399	Trigger-In:11	180	fixation_point_on	staircase	14	green	left	unaware	1	0
651.999	0.000	trigger_21	21	651999	Trigger-In:21	180	grating_on	staircase	14	green	left	unaware	1	0
652.049	0.000	trigger_20	20	652049	Trigger-In:20	180	grating_off	staircase	14	green	left	unaware	1	0
652.654	0.000	trigger_31	31	652654	Trigger-In:31	180	targets_on_fp_color_change	staircase	14	green	left	unaware	1	0
653.494	0.000	trigger_201	201	653494	Trigger-In:201	180	trial_end_completed	staircase	14	green	left	unaware	1	0
