onset	duration	trial_type	value	sample	source_annotation	trial	event_name	stim_presence	contrast	fp_color	response	awareness	trial_complete	fixation_break
360.200	0.000	trigger_101	101	360200	Trigger-In:101	1	trial_start	absent	70	green	right	aware	1	0
360.310	0.000	trigger_11	11	360310	Trigger-In:11	1	fixation_point_on	absent	70	green	right	aware	1	0
360.915	0.000	trigger_21	21	360915	Trigger-In:21	1	grating_on	absent	70	green	right	aware	1	0
360.980	0.000	trigger_20	20	360980	Trigger-In:20	1	grating_off	absent	70	green	right	aware	1	0
361.590	0.000	trigger_31	31	361590	Trigger-In:31	1	targets_on_fp_color_change	absent	70	green	right	aware	1	0
362.200	0.000	trigger_201	201	362200	Trigger-In:201	1	trial_end_completed	absent	70	green	right	aware	1	0
363.480	0.000	trigger_101	101	363480	Trigger-In:101	2	trial_start	staircase	15	red	left	aware	1	0
363.585	0.000	trigger_11	11	363585	Trigger-In:11	2	fixation_point_on	staircase	15	red	left	aware	1	0
364.185	0.000	trigger_21	21	364185	Trigger-In:21	2	grating_on	staircase	15	red	left	aware	1	0
364.245	0.000	trigger_20	20	364245	Trigger-In:20	2	grating_off	staircase	15	red	left	aware	1	0
364.845	0.000	trigger_31	31	364845	Trigger-In:31	2	targets_on_fp_color_change	staircase	15	red	left	aware	1	0
365.430	0.000	trigger_201	201	365430	Trigger-In:201	2	trial_end_completed	staircase	15	red	left	aware	1	0
366.510	0.000	trigger_101	101	366510	Trigger-In:101	3	trial_start	staircase	14	red	left	aware	1	0
366.620	0.000	trigger_11	11	366620	Trigger-In:11	3	fixation_point_on	staircase	14	red	left	aware	1	0
367.220	0.000	trigger_21	21	367220	Trigger-In:21	3	grating_on	staircase	14	red	left	aware	1	0
367.275	0.000	trigger_20	20	367275	Trigger-In:20	3	grating_off	staircase	14	red	left	aware	1	0
367.880	0.000	trigger_31	31	367880	Trigger-In:31	3	targets_on_fp_color_change	staircase	14	red	left	aware	1	0
368.535	0.000	trigger_201	201	368535	Trigger-In:201	3	trial_end_completed	staircase	14	red	left	aware	1	0
369.605	0.000	trigger_101	101	369605	Trigger-In:101	4	trial_start	staircase	13	red	left	aware	1	0
369.710	0.000	trigger_11	11	369710	Trigger-In:11	4	fixation_point_on	staircase	13	red	left	aware	1	0
370.310	0.000	trigger_21	21	370310	Trigger-In:21	4	grating_on	staircase	13	red	left	aware	1	0
370.365	0.000	trigger_20	20	370365	Trigger-In:20	4	grating_off	staircase	13	red	left	aware	1	0
370.965	0.000	trigger_31	31	370965	Trigger-In:31	4	targets_on_fp_color_change	staircase	13	red	left	aware	1	0
371.600	0.000	trigger_201	201	371600	Trigger-In:201	4	trial_end_completed	staircase	13	red	left	aware	1	0
372.670	0.000	trigger_101	101	372670	Trigger-In:101	5	trial_start	staircase	12	red	left	aware	1	0
372.775	0.000	trigger_11	11	372775	Trigger-In:11	5	fixation_point_on	staircase	12	red	left	aware	1	0
373.470	0.000	trigger_21	21	373470	Trigger-In:21	5	grating_on	staircase	12	red	left	aware	1	0
373.550	0.000	trigger_20	20	373550	Trigger-In:20	5	grating_off	staircase	12	red	left	aware	1	0
374.150	0.000	trigger_31	31	374150	Trigger-In:31	5	targets_on_fp_color_change	staircase	12	red	left	aware	1	0
374.780	0.000	trigger_201	201	374780	Trigger-In:201	5	trial_end_completed	staircase	12	red	left	aware	1	0
375.855	0.000	trigger_101	101	375855	Trigger-In:101	6	trial_start	staircase	11	red	right	unaware	1	0
375.955	0.000	trigger_11	11	375955	Trigger-In:11	6	fixation_point_on	staircase	11	red	right	unaware	1	0
376.555	0.000	trigger_21	21	376555	Trigger-In:21	6	grating_on	staircase	11	red	right	unaware	1	0
376.605	0.000	trigger_20	20	376605	Trigger-In:20	6	grating_off	staircase	11	red	right	unaware	1	0
377.205	0.000	trigger_31	31	377205	Trigger-In:31	6	targets_on_fp_color_change	staircase	11	red	right	unaware	1	0
378.040	0.000	trigger_201	201	378040	Trigger-In:201	6	trial_end_completed	staircase	11	red	right	unaware	1	0
379.110	0.000	trigger_101	101	379110	Trigger-In:101	7	trial_start	staircase	12	green	right	aware	1	0
379.215	0.000	trigger_11	11	379215	Trigger-In:11	7	fixation_point_on	staircase	12	green	right	aware	1	0
379.815	0.000	trigger_21	21	379815	Trigger-In:21	7	grating_on	staircase	12	green	right	aware	1	0
379.870	0.000	trigger_20	20	379870	Trigger-In:20	7	grating_off	staircase	12	green	right	aware	1	0
380.470	0.000	trigger_31	31	380470	Trigger-In:31	7	targets_on_fp_color_change	staircase	12	green	right	aware	1	0
381.070	0.000	trigger_201	201	381070	Trigger-In:201	7	trial_end_completed	staircase	12	green	right	aware	1	0
382.145	0.000	trigger_101	101	382145	Trigger-In:101	8	trial_start	salient	0	green	left	unaware	1	0
382.245	0.000	trigger_11	11	382245	Trigger-In:11	8	fixation_point_on	salient	0	green	left	unaware	1	0
382.845	0.000	trigger_21	21	382845	Trigger-In:21	8	grating_on	salient	0	green	left	unaware	1	0
382.900	0.000	trigger_20	20	382900	Trigger-In:20	8	grating_off	salient	0	green	left	unaware	1	0
383.500	0.000	trigger_31	31	383500	Trigger-In:31	8	targets_on_fp_color_change	salient	0	green	left	unaware	1	0
384.235	0.000	trigger_201	201	384235	Trigger-In:201	8	trial_end_completed	salient	0	green	left	unaware	1	0
385.305	0.000	trigger_101	101	385305	Trigger-In:101	9	trial_start	staircase	11	green	right	aware	1	0
385.405	0.000	trigger_11	11	385405	Trigger-In:11	9	fixation_point_on	staircase	11	green	right	aware	1	0
386.010	0.000	trigger_21	21	386010	Trigger-In:21	9	grating_on	staircase	11	green	right	aware	1	0
386.060	0.000	trigger_20	20	386060	Trigger-In:20	9	grating_off	staircase	11	green	right	aware	1	0
386.660	0.000	trigger_31	31	386660	Trigger-In:31	9	targets_on_fp_color_change	staircase	11	green	right	aware	1	0
387.295	0.000	trigger_201	201	387295	Trigger-In:201	9	trial_end_completed	staircase	11	green	right	aware	1	0
388.365	0.000	trigger_101	101	388365	Trigger-In:101	10	trial_start	staircase	10	green	left	unaware	1	0
388.465	0.000	trigger_11	11	388465	Trigger-In:11	10	fixation_point_on	staircase	10	green	left	unaware	1	0
389.070	0.000	trigger_21	21	389070	Trigger-In:21	10	grating_on	staircase	10	green	left	unaware	1	0
389.120	0.000	trigger_20	20	389120	Trigger-In:20	10	grating_off	staircase	10	green	left	unaware	1	0
389.720	0.000	trigger_31	31	389720	Trigger-In:31	10	targets_on_fp_color_change	staircase	10	green	left	unaware	1	0
390.375	0.000	trigger_201	201	390375	Trigger-In:201	10	trial_end_completed	staircase	10	green	left	unaware	1	0
391.445	0.000	trigger_101	101	391445	Trigger-In:101	11	trial_start	staircase	11	red	right	unaware	1	0
391.550	0.000	trigger_11	11	391550	Trigger-In:11	11	fixation_point_on	staircase	11	red	right	unaware	1	0
392.150	0.000	trigger_21	21	392150	Trigger-In:21	11	grating_on	staircase	11	red	right	unaware	1	0
392.200	0.000	trigger_20	20	392200	Trigger-In:20	11	grating_off	staircase	11	red	right	unaware	1	0
392.800	0.000	trigger_31	31	392800	Trigger-In:31	11	targets_on_fp_color_change	staircase	11	red	right	unaware	1	0
393.460	0.000	trigger_201	201	393460	Trigger-In:201	11	trial_end_completed	staircase	11	red	right	unaware	1	0
394.525	0.000	trigger_101	101	394525	Trigger-In:101	12	trial_start	absent	70	red	left	aware	1	0
394.980	0.000	trigger_11	11	394980	Trigger-In:11	12	fixation_point_on	absent	70	red	left	aware	1	0
395.580	0.000	trigger_21	21	395580	Trigger-In:21	12	grating_on	absent	70	red	left	aware	1	0
395.635	0.000	trigger_20	20	395635	Trigger-In:20	12	grating_off	absent	70	red	left	aware	1	0
396.235	0.000	trigger_31	31	396235	Trigger-In:31	12	targets_on_fp_color_change	absent	70	red	left	aware	1	0
396.815	0.000	trigger_201	201	396815	Trigger-In:201	12	trial_end_completed	absent	70	red	left	aware	1	0
397.885	0.000	trigger_101	101	397885	Trigger-In:101	13	trial_start	staircase	12	green	right	aware	1	0
397.990	0.000	trigger_11	11	397990	Trigger-In:11	13	fixation_point_on	staircase	12	green	right	aware	1	0
398.590	0.000	trigger_21	21	398590	Trigger-In:21	13	grating_on	staircase	12	green	right	aware	1	0
398.640	0.000	trigger_20	20	398640	Trigger-In:20	13	grating_off	staircase	12	green	right	aware	1	0
399.240	0.000	trigger_31	31	399240	Trigger-In:31	13	targets_on_fp_color_change	staircase	12	green	right	aware	1	0
400.130	0.000	trigger_201	201	400130	Trigger-In:201	13	trial_end_completed	staircase	12	green	right	aware	1	0
401.195	0.000	trigger_101	101	401195	Trigger-In:101	14	trial_start	staircase	11	green	right	aware	1	0
401.300	0.000	trigger_11	11	401300	Trigger-In:11	14	fixation_point_on	staircase	11	green	right	aware	1	0
401.900	0.000	trigger_21	21	401900	Trigger-In:21	14	grating_on	staircase	11	green	right	aware	1	0
401.950	0.000	trigger_20	20	401950	Trigger-In:20	14	grating_off	staircase	11	green	right	aware	1	0
402.550	0.000	trigger_31	31	402550	Trigger-In:31	14	targets_on_fp_color_change	staircase	11	green	right	aware	1	0
403.485	0.000	trigger_201	201	403485	Trigger-In:201	14	trial_end_completed	staircase	11	green	right	aware	1	0
404.550	0.000	trigger_101	101	404550	Trigger-In:101	15	trial_start	staircase	10	green	left	unaware	1	0
404.655	0.000	trigger_11	11	404655	Trigger-In:11	15	fixation_point_on	staircase	10	green	left	unaware	1	0
405.255	0.000	trigger_21	21	405255	Trigger-In:21	15	grating_on	staircase	10	green	left	unaware	1	0
405.310	0.000	trigger_20	20	405310	Trigger-In:20	15	grating_off	staircase	10	green	left	unaware	1	0
405.910	0.000	trigger_31	31	405910	Trigger-In:31	15	targets_on_fp_color_change	staircase	10	green	left	unaware	1	0
406.730	0.000	trigger_201	201	406730	Trigger-In:201	15	trial_end_completed	staircase	10	green	left	unaware	1	0
407.800	0.000	trigger_101	101	407800	Trigger-In:101	16	trial_start	staircase	11	green	left	unaware	1	0
407.905	0.000	trigger_11	11	407905	Trigger-In:11	16	fixation_point_on	staircase	11	green	left	unaware	1	0
408.505	0.000	trigger_21	21	408505	Trigger-In:21	16	grating_on	staircase	11	green	left	unaware	1	0
408.555	0.000	trigger_20	20	408555	Trigger-In:20	16	grating_off	staircase	11	green	left	unaware	1	0
409.155	0.000	trigger_31	31	409155	Trigger-In:31	16	targets_on_fp_color_change	staircase	11	green	left	unaware	1	0
410.125	0.000	trigger_201	201	410125	Trigger-In:201	16	trial_end_completed	staircase	11	green	left	unaware	1	0
411.195	0.000	trigger_101	101	411195	Trigger-In:101	17	trial_start	salient	0	green	left	unaware	1	0
411.295	0.000	trigger_11	11	411295	Trigger-In:11	17	fixation_point_on	salient	0	green	left	unaware	1	0
411.895	0.000	trigger_21	21	411895	Trigger-In:21	17	grating_on	salient	0	green	left	unaware	1	0
411.950	0.000	trigger_20	20	411950	Trigger-In:20	17	grating_off	salient	0	green	left	unaware	1	0
412.550	0.000	trigger_31	31	412550	Trigger-In:31	17	targets_on_fp_color_change	salient	0	green	left	unaware	1	0
413.320	0.000	trigger_201	201	413320	Trigger-In:201	17	trial_end_completed	salient	0	green	left	unaware	1	0
414.385	0.000	trigger_101	101	414385	Trigger-In:101	18	trial_start	absent	70	green	right	aware	1	0
414.490	0.000	trigger_11	11	414490	Trigger-In:11	18	fixation_point_on	absent	70	green	right	aware	1	0
415.090	0.000	trigger_21	21	415090	Trigger-In:21	18	grating_on	absent	70	green	right	aware	1	0
415.140	0.000	trigger_20	20	415140	Trigger-In:20	18	grating_off	absent	70	green	right	aware	1	0
415.740	0.000	trigger_31	31	415740	Trigger-In:31	18	targets_on_fp_color_change	absent	70	green	right	aware	1	0
416.340	0.000	trigger_201	201	416340	Trigger-In:201	18	trial_end_completed	absent	70	green	right	aware	1	0
417.410	0.000	trigger_101	101	417410	Trigger-In:101	19	trial_start	staircase	12	red	left	aware	1	0
417.515	0.000	trigger_11	11	417515	Trigger-In:11	19	fixation_point_on	staircase	12	red	left	aware	1	0
418.115	0.000	trigger_21	21	418115	Trigger-In:21	19	grating_on	staircase	12	red	left	aware	1	0
418.165	0.000	trigger_20	20	418165	Trigger-In:20	19	grating_off	staircase	12	red	left	aware	1	0
418.765	0.000	trigger_31	31	418765	Trigger-In:31	19	targets_on_fp_color_change	staircase	12	red	left	aware	1	0
419.835	0.000	trigger_201	201	419835	Trigger-In:201	19	trial_end_completed	staircase	12	red	left	aware	1	0
420.905	0.000	trigger_101	101	420905	Trigger-In:101	20	trial_start	staircase	11	green	right	aware	1	0
421.010	0.000	trigger_11	11	421010	Trigger-In:11	20	fixation_point_on	staircase	11	green	right	aware	1	0
421.610	0.000	trigger_21	21	421610	Trigger-In:21	20	grating_on	staircase	11	green	right	aware	1	0
421.660	0.000	trigger_20	20	421660	Trigger-In:20	20	grating_off	staircase	11	green	right	aware	1	0
422.260	0.000	trigger_31	31	422260	Trigger-In:31	20	targets_on_fp_color_change	staircase	11	green	right	aware	1	0
422.970	0.000	trigger_201	201	422970	Trigger-In:201	20	trial_end_completed	staircase	11	green	right	aware	1	0
424.040	0.000	trigger_101	101	424040	Trigger-In:101	21	trial_start	staircase	10	green	left	unaware	1	0
424.145	0.000	trigger_11	11	424145	Trigger-In:11	21	fixation_point_on	staircase	10	green	left	unaware	1	0
424.745	0.000	trigger_21	21	424745	Trigger-In:21	21	grating_on	staircase	10	green	left	unaware	1	0
424.795	0.000	trigger_20	20	424795	Trigger-In:20	21	grating_off	staircase	10	green	left	unaware	1	0
425.395	0.000	trigger_31	31	425395	Trigger-In:31	21	targets_on_fp_color_change	staircase	10	green	left	unaware	1	0
426.040	0.000	trigger_201	201	426040	Trigger-In:201	21	trial_end_completed	staircase	10	green	left	unaware	1	0
427.105	0.000	trigger_101	101	427105	Trigger-In:101	22	trial_start	staircase	11	red	right	unaware	1	0
427.210	0.000	trigger_11	11	427210	Trigger-In:11	22	fixation_point_on	staircase	11	red	right	unaware	1	0
427.815	0.000	trigger_21	21	427815	Trigger-In:21	22	grating_on	staircase	11	red	right	unaware	1	0
427.865	0.000	trigger_20	20	427865	Trigger-In:20	22	grating_off	staircase	11	red	right	unaware	1	0
428.465	0.000	trigger_31	31	428465	Trigger-In:31	22	targets_on_fp_color_change	staircase	11	red	right	unaware	1	0
429.135	0.000	trigger_201	201	429135	Trigger-In:201	22	trial_end_completed	staircase	11	red	right	unaware	1	0
430.205	0.000	trigger_101	101	430205	Trigger-In:101	23	trial_start	staircase	12	red	left	aware	1	0
430.310	0.000	trigger_11	11	430310	Trigger-In:11	23	fixation_point_on	staircase	12	red	left	aware	1	0
430.910	0.000	trigger_21	21	430910	Trigger-In:21	23	grating_on	staircase	12	red	left	aware	1	0
430.960	0.000	trigger_20	20	430960	Trigger-In:20	23	grating_off	staircase	12	red	left	aware	1	0
431.560	0.000	trigger_31	31	431560	Trigger-In:31	23	targets_on_fp_color_change	staircase	12	red	left	aware	1	0
432.345	0.000	trigger_201	201	432345	Trigger-In:201	23	trial_end_completed	staircase	12	red	left	aware	1	0
433.415	0.000	trigger_101	101	433415	Trigger-In:101	24	trial_start	salient	0	red	left	aware	1	0
433.520	0.000	trigger_11	11	433520	Trigger-In:11	24	fixation_point_on	salient	0	red	left	aware	1	0
434.120	0.000	trigger_21	21	434120	Trigger-In:21	24	grating_on	salient	0	red	left	aware	1	0
434.170	0.000	trigger_20	20	434170	Trigger-In:20	24	grating_off	salient	0	red	left	aware	1	0
434.770	0.000	trigger_31	31	434770	Trigger-In:31	24	targets_on_fp_color_change	salient	0	red	left	aware	1	0
435.470	0.000	trigger_201	201	435470	Trigger-In:201	24	trial_end_completed	salient	0	red	left	aware	1	0
436.790	0.000	trigger_101	101	436790	Trigger-In:101	25	trial_start	salient	0	green	left	unaware	1	0
436.895	0.000	trigger_11	11	436895	Trigger-In:11	25	fixation_point_on	salient	0	green	left	unaware	1	0
437.495	0.000	trigger_21	21	437495	Trigger-In:21	25	grating_on	salient	0	green	left	unaware	1	0
437.550	0.000	trigger_20	20	437550	Trigger-In:20	25	grating_off	salient	0	green	left	unaware	1	0
438.150	0.000	trigger_31	31	438150	Trigger-In:31	25	targets_on_fp_color_change	salient	0	green	left	unaware	1	0
438.990	0.000	trigger_201	201	438990	Trigger-In:201	25	trial_end_completed	salient	0	green	left	unaware	1	0
440.060	0.000	trigger_101	101	440060	Trigger-In:101	26	trial_start	staircase	11	red	right	unaware	1	0
440.165	0.000	trigger_11	11	440165	Trigger-In:11	26	fixation_point_on	staircase	11	red	right	unaware	1	0
440.765	0.000	trigger_21	21	440765	Trigger-In:21	26	grating_on	staircase	11	red	right	unaware	1	0
440.815	0.000	trigger_20	20	440815	Trigger-In:20	26	grating_off	staircase	11	red	right	unaware	1	0
441.420	0.000	trigger_31	31	441420	Trigger-In:31	26	targets_on_fp_color_change	staircase	11	red	right	unaware	1	0
442.400	0.000	trigger_201	201	442400	Trigger-In:201	26	trial_end_completed	staircase	11	red	right	unaware	1	0
443.470	0.000	trigger_101	101	443470	Trigger-In:101	27	trial_start	staircase	12	red	right	unaware	1	0
443.575	0.000	trigger_11	11	443575	Trigger-In:11	27	fixation_point_on	staircase	12	red	right	unaware	1	0
444.175	0.000	trigger_21	21	444175	Trigger-In:21	27	grating_on	staircase	12	red	right	unaware	1	0
444.225	0.000	trigger_20	20	444225	Trigger-In:20	27	grating_off	staircase	12	red	right	unaware	1	0
444.825	0.000	trigger_31	31	444825	Trigger-In:31	27	targets_on_fp_color_change	staircase	12	red	right	unaware	1	0
445.570	0.000	trigger_201	201	445570	Trigger-In:201	27	trial_end_completed	staircase	12	red	right	unaware	1	0
446.645	0.000	trigger_101	101	446645	Trigger-In:101	28	trial_start	staircase	13	green	left	unaware	1	0
446.750	0.000	trigger_11	11	446750	Trigger-In:11	28	fixation_point_on	staircase	13	green	left	unaware	1	0
447.350	0.000	trigger_21	21	447350	Trigger-In:21	28	grating_on	staircase	13	green	left	unaware	1	0
447.400	0.000	trigger_20	20	447400	Trigger-In:20	28	grating_off	staircase	13	green	left	unaware	1	0
448.000	0.000	trigger_31	31	448000	Trigger-In:31	28	targets_on_fp_color_change	staircase	13	green	left	unaware	1	0
448.740	0.000	trigger_201	201	448740	Trigger-In:201	28	trial_end_completed	staircase	13	green	left	unaware	1	0
449.810	0.000	trigger_101	101	449810	Trigger-In:101	29	trial_start	salient	0	red	right	unaware	1	0
449.915	0.000	trigger_11	11	449915	Trigger-In:11	29	fixation_point_on	salient	0	red	right	unaware	1	0
450.515	0.000	trigger_21	21	450515	Trigger-In:21	29	grating_on	salient	0	red	right	unaware	1	0
450.565	0.000	trigger_20	20	450565	Trigger-In:20	29	grating_off	salient	0	red	right	unaware	1	0
451.165	0.000	trigger_31	31	451165	Trigger-In:31	29	targets_on_fp_color_change	salient	0	red	right	unaware	1	0
451.900	0.000	trigger_201	201	451900	Trigger-In:201	29	trial_end_completed	salient	0	red	right	unaware	1	0
452.970	0.000	trigger_101	101	452970	Trigger-In:101	30	trial_start	staircase	14	green	left	unaware	1	0
453.075	0.000	trigger_11	11	453075	Trigger-In:11	30	fixation_point_on	staircase	14	green	left	unaware	1	0
453.675	0.000	trigger_21	21	453675	Trigger-In:21	30	grating_on	staircase	14	green	left	unaware	1	0
453.725	0.000	trigger_20	20	453725	Trigger-In:20	30	grating_off	staircase	14	green	left	unaware	1	0
454.330	0.000	trigger_31	31	454330	Trigger-In:31	30	targets_on_fp_color_change	staircase	14	green	left	unaware	1	0
455.005	0.000	trigger_201	201	455005	Trigger-In:201	30	trial_end_completed	staircase	14	green	left	unaware	1	0
456.075	0.000	trigger_101	101	456075	Trigger-In:101	31	trial_start	staircase	15	red	left	aware	1	0
456.180	0.000	trigger_11	11	456180	Trigger-In:11	31	fixation_point_on	staircase	15	red	left	aware	1	0
456.780	0.000	trigger_21	21	456780	Trigger-In:21	31	grating_on	staircase	15	red	left	aware	1	0
456.830	0.000	trigger_20	20	456830	Trigger-In:20	31	grating_off	staircase	15	red	left	aware	1	0
457.430	0.000	trigger_31	31	457430	Trigger-In:31	31	targets_on_fp_color_change	staircase	15	red	left	aware	1	0
458.055	0.000	trigger_201	201	458055	Trigger-In:201	31	trial_end_completed	staircase	15	red	left	aware	1	0
459.125	0.000	trigger_101	101	459125	Trigger-In:101	32	trial_start	staircase	14	green	right	aware	1	0
459.230	0.000	trigger_11	11	459230	Trigger-In:11	32	fixation_point_on	staircase	14	green	right	aware	1	0
459.830	0.000	trigger_21	21	459830	Trigger-In:21	32	grating_on	staircase	14	green	right	aware	1	0
459.880	0.000	trigger_20	20	459880	Trigger-In:20	32	grating_off	staircase	14	green	right	aware	1	0
460.480	0.000	trigger_31	31	460480	Trigger-In:31	32	targets_on_fp_color_change	staircase	14	green	right	aware	1	0
461.485	0.000	trigger_201	201	461485	Trigger-In:201	32	trial_end_completed	staircase	14	green	right	aware	1	0
462.555	0.000	trigger_101	101	462555	Trigger-In:101	33	trial_start	salient	0	green	left	unaware	1	0
462.660	0.000	trigger_11	11	462660	Trigger-In:11	33	fixation_point_on	salient	0	green	left	unaware	1	0
463.260	0.000	trigger_21	21	463260	Trigger-In:21	33	grating_on	salient	0	green	left	unaware	1	0
463.315	0.000	trigger_20	20	463315	Trigger-In:20	33	grating_off	salient	0	green	left	unaware	1	0
463.915	0.000	trigger_31	31	463915	Trigger-In:31	33	targets_on_fp_color_change	salient	0	green	left	unaware	1	0
464.615	0.000	trigger_201	201	464615	Trigger-In:201	33	trial_end_completed	salient	0	green	left	unaware	1	0
465.685	0.000	trigger_101	101	465685	Trigger-In:101	34	trial_start	staircase	13	red	left	aware	1	0
465.790	0.000	trigger_11	11	465790	Trigger-In:11	34	fixation_point_on	staircase	13	red	left	aware	1	0
466.390	0.000	trigger_21	21	466390	Trigger-In:21	34	grating_on	staircase	13	red	left	aware	1	0
466.440	0.000	trigger_20	20	466440	Trigger-In:20	34	grating_off	staircase	13	red	left	aware	1	0
467.040	0.000	trigger_31	31	467040	Trigger-In:31	34	targets_on_fp_color_change	staircase	13	red	left	aware	1	0
467.800	0.000	trigger_201	201	467800	Trigger-In:201	34	trial_end_completed	staircase	13	red	left	aware	1	0
468.870	0.000	trigger_101	101	468870	Trigger-In:101	35	trial_start	staircase	12	red	right	unaware	1	0
468.975	0.000	trigger_11	11	468975	Trigger-In:11	35	fixation_point_on	staircase	12	red	right	unaware	1	0
469.575	0.000	trigger_21	21	469575	Trigger-In:21	35	grating_on	staircase	12	red	right	unaware	1	0
469.625	0.000	trigger_20	20	469625	Trigger-In:20	35	grating_off	staircase	12	red	right	unaware	1	0
470.225	0.000	trigger_31	31	470225	Trigger-In:31	35	targets_on_fp_color_change	staircase	12	red	right	unaware	1	0
471.170	0.000	trigger_201	201	471170	Trigger-In:201	35	trial_end_completed	staircase	12	red	right	unaware	1	0
472.240	0.000	trigger_101	101	472240	Trigger-In:101	36	trial_start	staircase	13	red	right	unaware	1	0
472.345	0.000	trigger_11	11	472345	Trigger-In:11	36	fixation_point_on	staircase	13	red	right	unaware	1	0
472.945	0.000	trigger_21	21	472945	Trigger-In:21	36	grating_on	staircase	13	red	right	unaware	1	0
472.995	0.000	trigger_20	20	472995	Trigger-In:20	36	grating_off	staircase	13	red	right	unaware	1	0
473.595	0.000	trigger_31	31	473595	Trigger-In:31	36	targets_on_fp_color_change	staircase	13	red	right	unaware	1	0
474.355	0.000	trigger_201	201	474355	Trigger-In:201	36	trial_end_completed	staircase	13	red	right	unaware	1	0
475.425	0.000	trigger_101	101	475425	Trigger-In:101	37	trial_start	absent	70	green	right	aware	1	0
475.530	0.000	trigger_11	11	475530	Trigger-In:11	37	fixation_point_on	absent	70	green	right	aware	1	0
476.130	0.000	trigger_21	21	476130	Trigger-In:21	37	grating_on	absent	70	green	right	aware	1	0
476.180	0.000	trigger_20	20	476180	Trigger-In:20	37	grating_off	absent	70	green	right	aware	1	0
476.780	0.000	trigger_31	31	476780	Trigger-In:31	37	targets_on_fp_color_change	absent	70	green	right	aware	1	0
477.615	0.000	trigger_201	201	477615	Trigger-In:201	37	trial_end_completed	absent	70	green	right	aware	1	0
478.685	0.000	trigger_101	101	478685	Trigger-In:101	38	trial_start	staircase	14	green	right	aware	1	0
478.870	0.000	trigger_11	11	478870	Trigger-In:11	38	fixation_point_on	staircase	14	green	right	aware	1	0
479.470	0.000	trigger_21	21	479470	Trigger-In:21	38	grating_on	staircase	14	green	right	aware	1	0
479.520	0.000	trigger_20	20	479520	Trigger-In:20	38	grating_off	staircase	14	green	right	aware	1	0
480.120	0.000	trigger_31	31	480120	Trigger-In:31	38	targets_on_fp_color_change	staircase	14	green	right	aware	1	0
480.790	0.000	trigger_201	201	480790	Trigger-In:201	38	trial_end_completed	staircase	14	green	right	aware	1	0
481.860	0.000	trigger_101	101	481860	Trigger-In:101	39	trial_start	staircase	13	red	left	aware	1	0
481.965	0.000	trigger_11	11	481965	Trigger-In:11	39	fixation_point_on	staircase	13	red	left	aware	1	0
482.565	0.000	trigger_21	21	482565	Trigger-In:21	39	grating_on	staircase	13	red	left	aware	1	0
482.615	0.000	trigger_20	20	482615	Trigger-In:20	39	grating_off	staircase	13	red	left	aware	1	0
483.215	0.000	trigger_31	31	483215	Trigger-In:31	39	targets_on_fp_color_change	staircase	13	red	left	aware	1	0
483.860	0.000	trigger_201	201	483860	Trigger-In:201	39	trial_end_completed	staircase	13	red	left	aware	1	0
484.930	0.000	trigger_101	101	484930	Trigger-In:101	40	trial_start	absent	70	green	right	aware	1	0
485.030	0.000	trigger_11	11	485030	Trigger-In:11	40	fixation_point_on	absent	70	green	right	aware	1	0
485.630	0.000	trigger_21	21	485630	Trigger-In:21	40	grating_on	absent	70	green	right	aware	1	0
485.680	0.000	trigger_20	20	485680	Trigger-In:20	40	grating_off	absent	70	green	right	aware	1	0
486.285	0.000	trigger_31	31	486285	Trigger-In:31	40	targets_on_fp_color_change	absent	70	green	right	aware	1	0
486.865	0.000	trigger_201	201	486865	Trigger-In:201	40	trial_end_completed	absent	70	green	right	aware	1	0
487.930	0.000	trigger_101	101	487930	Trigger-In:101	41	trial_start	staircase	12	green	right	aware	1	0
488.035	0.000	trigger_11	11	488035	Trigger-In:11	41	fixation_point_on	staircase	12	green	right	aware	1	0
488.635	0.000	trigger_21	21	488635	Trigger-In:21	41	grating_on	staircase	12	green	right	aware	1	0
488.690	0.000	trigger_20	20	488690	Trigger-In:20	41	grating_off	staircase	12	green	right	aware	1	0
489.290	0.000	trigger_31	31	489290	Trigger-In:31	41	targets_on_fp_color_change	staircase	12	green	right	aware	1	0
490.110	0.000	trigger_201	201	490110	Trigger-In:201	41	trial_end_completed	staircase	12	green	right	aware	1	0
491.180	0.000	trigger_101	101	491180	Trigger-In:101	42	trial_start	staircase	11	green	right	aware	1	0
491.280	0.000	trigger_11	11	491280	Trigger-In:11	42	fixation_point_on	staircase	11	green	right	aware	1	0
491.885	0.000	trigger_21	21	491885	Trigger-In:21	42	grating_on	staircase	11	green	right	aware	1	0
491.935	0.000	trigger_20	20	491935	Trigger-In:20	42	grating_off	staircase	11	green	right	aware	1	0
492.535	0.000	trigger_31	31	492535	Trigger-In:31	42	targets_on_fp_color_change	staircase	11	green	right	aware	1	0
493.115	0.000	trigger_201	201	493115	Trigger-In:201	42	trial_end_completed	staircase	11	green	right	aware	1	0
494.185	0.000	trigger_101	101	494185	Trigger-In:101	43	trial_start	staircase	10	green	right	aware	1	0
494.285	0.000	trigger_11	11	494285	Trigger-In:11	43	fixation_point_on	staircase	10	green	right	aware	1	0
494.885	0.000	trigger_21	21	494885	Trigger-In:21	43	grating_on	staircase	10	green	right	aware	1	0
494.935	0.000	trigger_20	20	494935	Trigger-In:20	43	grating_off	staircase	10	green	right	aware	1	0
495.540	0.000	trigger_31	31	495540	Trigger-In:31	43	targets_on_fp_color_change	staircase	10	green	right	aware	1	0
496.170	0.000	trigger_201	201	496170	Trigger-In:201	43	trial_end_completed	staircase	10	green	right	aware	1	0
497.235	0.000	trigger_101	101	497235	Trigger-In:101	44	trial_start	salient	0	red	right	unaware	1	0
497.340	0.000	trigger_11	11	497340	Trigger-In:11	44	fixation_point_on	salient	0	red	right	unaware	1	0
497.940	0.000	trigger_21	21	497940	Trigger-In:21	44	grating_on	salient	0	red	right	unaware	1	0
497.990	0.000	trigger_20	20	497990	Trigger-In:20	44	grating_off	salient	0	red	right	unaware	1	0
498.590	0.000	trigger_31	31	498590	Trigger-In:31	44	targets_on_fp_color_change	salient	0	red	right	unaware	1	0
499.340	0.000	trigger_201	201	499340	Trigger-In:201	44	trial_end_completed	salient	0	red	right	unaware	1	0
500.410	0.000	trigger_101	101	500410	Trigger-In:101	45	trial_start	salient	0	red	right	unaware	1	0
500.520	0.000	trigger_11	11	500520	Trigger-In:11	45	fixation_point_on	salient	0	red	right	unaware	1	0
501.120	0.000	trigger_21	21	501120	Trigger-In:21	45	grating_on	salient	0	red	right	unaware	1	0
501.170	0.000	trigger_20	20	501170	Trigger-In:20	45	grating_off	salient	0	red	right	unaware	1	0
501.775	0.000	trigger_31	31	501775	Trigger-In:31	45	targets_on_fp_color_change	salient	0	red	right	unaware	1	0
502.375	0.000	trigger_201	201	502375	Trigger-In:201	45	trial_end_completed	salient	0	red	right	unaware	1	0
503.440	0.000	trigger_101	101	503440	Trigger-In:101	46	trial_start	absent	70	green	right	aware	1	0
503.545	0.000	trigger_11	11	503545	Trigger-In:11	46	fixation_point_on	absent	70	green	right	aware	1	0
504.145	0.000	trigger_21	21	504145	Trigger-In:21	46	grating_on	absent	70	green	right	aware	1	0
504.195	0.000	trigger_20	20	504195	Trigger-In:20	46	grating_off	absent	70	green	right	aware	1	0
504.795	0.000	trigger_31	31	504795	Trigger-In:31	46	targets_on_fp_color_change	absent	70	green	right	aware	1	0
505.540	0.000	trigger_201	201	505540	Trigger-In:201	46	trial_end_completed	absent	70	green	right	aware	1	0
506.610	0.000	trigger_101	101	506610	Trigger-In:101	47	trial_start	staircase	9	green	left	unaware	1	0
506.715	0.000	trigger_11	11	506715	Trigger-In:11	47	fixation_point_on	staircase	9	green	left	unaware	1	0
507.315	0.000	trigger_21	21	507315	Trigger-In:21	47	grating_on	staircase	9	green	left	unaware	1	0
507.365	0.000	trigger_20	20	507365	Trigger-In:20	47	grating_off	staircase	9	green	left	unaware	1	0
507.965	0.000	trigger_31	31	507965	Trigger-In:31	47	targets_on_fp_color_change	staircase	9	green	left	unaware	1	0
508.905	0.000	trigger_201	201	508905	Trigger-In:201	47	trial_end_completed	staircase	9	green	left	unaware	1	0
509.975	0.000	trigger_101	101	509975	Trigger-In:101	48	trial_start	salient	0	red	right	unaware	1	0
510.080	0.000	trigger_11	11	510080	Trigger-In:11	48	fixation_point_on	salient	0	red	right	unaware	1	0
510.680	0.000	trigger_21	21	510680	Trigger-In:21	48	grating_on	salient	0	red	right	unaware	1	0
510.735	0.000	trigger_20	20	510735	Trigger-In:20	48	grating_off	salient	0	red	right	unaware	1	0
511.335	0.000	trigger_31	31	511335	Trigger-In:31	48	targets_on_fp_color_change	salient	0	red	right	unaware	1	0
512.030	0.000	trigger_201	201	512030	Trigger-In:201	48	trial_end_completed	salient	0	red	right	unaware	1	0
513.095	0.000	trigger_101	101	513095	Trigger-In:101	49	trial_start	salient	0	green	left	unaware	1	0
513.200	0.000	trigger_11	11	513200	Trigger-In:11	49	fixation_point_on	salient	0	green	left	unaware	1	0
513.800	0.000	trigger_21	21	513800	Trigger-In:21	49	grating_on	salient	0	green	left	unaware	1	0
513.850	0.000	trigger_20	20	513850	Trigger-In:20	49	grating_off	salient	0	green	left	unaware	1	0
514.450	0.000	trigger_31	31	514450	Trigger-In:31	49	targets_on_fp_color_change	salient	0	green	left	unaware	1	0
515.235	0.000	trigger_201	201	515235	Trigger-In:201	49	trial_end_completed	salient	0	green	left	unaware	1	0
516.305	0.000	trigger_101	101	516305	Trigger-In:101	50	trial_start	staircase	10	green	left	unaware	1	0
516.410	0.000	trigger_11	11	516410	Trigger-In:11	50	fixation_point_on	staircase	10	green	left	unaware	1	0
517.010	0.000	trigger_21	21	517010	Trigger-In:21	50	grating_on	staircase	10	green	left	unaware	1	0
517.060	0.000	trigger_20	20	517060	Trigger-In:20	50	grating_off	staircase	10	green	left	unaware	1	0
517.660	0.000	trigger_31	31	517660	Trigger-In:31	50	targets_on_fp_color_change	staircase	10	green	left	unaware	1	0
518.555	0.000	trigger_201	201	518555	Trigger-In:201	50	trial_end_completed	staircase	10	green	left	unaware	1	0
519.625	0.000	trigger_101	101	519625	Trigger-In:101	51	trial_start	salient	0	green	left	unaware	1	0
519.725	0.000	trigger_11	11	519725	Trigger-In:11	51	fixation_point_on	salient	0	green	left	unaware	1	0
520.330	0.000	trigger_21	21	520330	Trigger-In:21	51	grating_on	salient	0	green	left	unaware	1	0
520.380	0.000	trigger_20	20	520380	Trigger-In:20	51	grating_off	salient	0	green	left	unaware	1	0
520.980	0.000	trigger_31	31	520980	Trigger-In:31	51	targets_on_fp_color_change	salient	0	green	left	unaware	1	0
521.685	0.000	trigger_201	201	521685	Trigger-In:201	51	trial_end_completed	salient	0	green	left	unaware	1	0
522.755	0.000	trigger_101	101	522755	Trigger-In:101	52	trial_start	salient	0	green	left	unaware	1	0
522.855	0.000	trigger_11	11	522855	Trigger-In:11	52	fixation_point_on	salient	0	green	left	unaware	1	0
523.455	0.000	trigger_21	21	523455	Trigger-In:21	52	grating_on	salient	0	green	left	unaware	1	0
523.505	0.000	trigger_20	20	523505	Trigger-In:20	52	grating_off	salient	0	green	left	unaware	1	0
524.105	0.000	trigger_31	31	524105	Trigger-In:31	52	targets_on_fp_color_change	salient	0	green	left	unaware	1	0
524.950	0.000	trigger_201	201	524950	Trigger-In:201	52	trial_end_completed	salient	0	green	left	unaware	1	0
526.020	0.000	trigger_101	101	526020	Trigger-In:101	53	trial_start	staircase	11	red	right	unaware	1	0
526.120	0.000	trigger_11	11	526120	Trigger-In:11	53	fixation_point_on	staircase	11	red	right	unaware	1	0
526.720	0.000	trigger_21	21	526720	Trigger-In:21	53	grating_on	staircase	11	red	right	unaware	1	0
526.775	0.000	trigger_20	20	526775	Trigger-In:20	53	grating_off	staircase	11	red	right	unaware	1	0
527.375	0.000	trigger_31	31	527375	Trigger-In:31	53	targets_on_fp_color_change	staircase	11	red	right	unaware	1	0
527.945	0.000	trigger_201	201	527945	Trigger-In:201	53	trial_end_completed	staircase	11	red	right	unaware	1	0
529.010	0.000	trigger_101	101	529010	Trigger-In:101	54	trial_start	salient	0	red	right	unaware	1	0
529.120	0.000	trigger_11	11	529120	Trigger-In:11	54	fixation_point_on	salient	0	red	right	unaware	1	0
529.720	0.000	trigger_21	21	529720	Trigger-In:21	54	grating_on	salient	0	red	right	unaware	1	0
529.770	0.000	trigger_20	20	529770	Trigger-In:20	54	grating_off	salient	0	red	right	unaware	1	0
530.370	0.000	trigger_31	31	530370	Trigger-In:31	54	targets_on_fp_color_change	salient	0	red	right	unaware	1	0
531.070	0.000	trigger_201	201	531070	Trigger-In:201	54	trial_end_completed	salient	0	red	right	unaware	1	0
532.135	0.000	trigger_101	101	532135	Trigger-In:101	55	trial_start	salient	0	green	left	unaware	1	0
532.240	0.000	trigger_11	11	532240	Trigger-In:11	55	fixation_point_on	salient	0	green	left	unaware	1	0
532.840	0.000	trigger_21	21	532840	Trigger-In:21	55	grating_on	salient	0	green	left	unaware	1	0
532.890	0.000	trigger_20	20	532890	Trigger-In:20	55	grating_off	salient	0	green	left	unaware	1	0
533.490	0.000	trigger_31	31	533490	Trigger-In:31	55	targets_on_fp_color_change	salient	0	green	left	unaware	1	0
534.315	0.000	trigger_201	201	534315	Trigger-In:201	55	trial_end_completed	salient	0	green	left	unaware	1	0
535.385	0.000	trigger_101	101	535385	Trigger-In:101	56	trial_start	salient	0	green	left	unaware	1	0
535.485	0.000	trigger_11	11	535485	Trigger-In:11	56	fixation_point_on	salient	0	green	left	unaware	1	0
536.085	0.000	trigger_21	21	536085	Trigger-In:21	56	grating_on	salient	0	green	left	unaware	1	0
536.140	0.000	trigger_20	20	536140	Trigger-In:20	56	grating_off	salient	0	green	left	unaware	1	0
536.740	0.000	trigger_31	31	536740	Trigger-In:31	56	targets_on_fp_color_change	salient	0	green	left	unaware	1	0
537.405	0.000	trigger_201	201	537405	Trigger-In:201	56	trial_end_completed	salient	0	green	left	unaware	1	0
538.475	0.000	trigger_101	101	538475	Trigger-In:101	57	trial_start	absent	70	red	left	aware	1	0
538.590	0.000	trigger_11	11	538590	Trigger-In:11	57	fixation_point_on	absent	70	red	left	aware	1	0
539.190	0.000	trigger_21	21	539190	Trigger-In:21	57	grating_on	absent	70	red	left	aware	1	0
539.240	0.000	trigger_20	20	539240	Trigger-In:20	57	grating_off	absent	70	red	left	aware	1	0
539.840	0.000	trigger_31	31	539840	Trigger-In:31	57	targets_on_fp_color_change	absent	70	red	left	aware	1	0
540.480	0.000	trigger_201	201	540480	Trigger-In:201	57	trial_end_completed	absent	70	red	left	aware	1	0
541.545	0.000	trigger_101	101	541545	Trigger-In:101	58	trial_start	staircase	12	green	right	aware	1	0
541.840	0.000	trigger_11	11	541840	Trigger-In:11	58	fixation_point_on	staircase	12	green	right	aware	1	0
542.440	0.000	trigger_21	21	542440	Trigger-In:21	58	grating_on	staircase	12	green	right	aware	1	0
542.490	0.000	trigger_20	20	542490	Trigger-In:20	58	grating_off	staircase	12	green	right	aware	1	0
543.090	0.000	trigger_31	31	543090	Trigger-In:31	58	targets_on_fp_color_change	staircase	12	green	right	aware	1	0
543.915	0.000	trigger_201	201	543915	Trigger-In:201	58	trial_end_completed	staircase	12	green	right	aware	1	0
544.985	0.000	trigger_101	101	544985	Trigger-In:101	59	trial_start	staircase	11	red	left	aware	1	0
545.090	0.000	trigger_11	11	545090	Trigger-In:11	59	fixation_point_on	staircase	11	red	left	aware	1	0
545.690	0.000	trigger_21	21	545690	Trigger-In:21	59	grating_on	staircase	11	red	left	aware	1	0
545.740	0.000	trigger_20	20	545740	Trigger-In:20	59	grating_off	staircase	11	red	left	aware	1	0
546.340	0.000	trigger_31	31	546340	Trigger-In:31	59	targets_on_fp_color_change	staircase	11	red	left	aware	1	0
547.305	0.000	trigger_201	201	547305	Trigger-In:201	59	trial_end_completed	staircase	11	red	left	aware	1	0
548.375	0.000	trigger_101	101	548375	Trigger-In:101	60	trial_start	staircase	10	green	left	unaware	1	0
548.480	0.000	trigger_11	11	548480	Trigger-In:11	60	fixation_point_on	staircase	10	green	left	unaware	1	0
549.080	0.000	trigger_21	21	549080	Trigger-In:21	60	grating_on	staircase	10	green	left	unaware	1	0
549.130	0.000	trigger_20	20	549130	Trigger-In:20	60	grating_off	staircase	10	green	left	unaware	1	0
549.735	0.000	trigger_31	31	549735	Trigger-In:31	60	targets_on_fp_color_change	staircase	10	green	left	unaware	1	0
550.565	0.000	trigger_201	201	550565	Trigger-In:201	60	trial_end_completed	staircase	10	green	left	unaware	1	0
551.635	0.000	trigger_101	101	551635	Trigger-In:101	61	trial_start	staircase	11	red	left	aware	1	0
551.740	0.000	trigger_11	11	551740	Trigger-In:11	61	fixation_point_on	staircase	11	red	left	aware	1	0
552.340	0.000	trigger_21	21	552340	Trigger-In:21	61	grating_on	staircase	11	red	left	aware	1	0
552.390	0.000	trigger_20	20	552390	Trigger-In:20	61	grating_off	staircase	11	red	left	aware	1	0
552.990	0.000	trigger_31	31	552990	Trigger-In:31	61	targets_on_fp_color_change	staircase	11	red	left	aware	1	0
553.620	0.000	trigger_201	201	553620	Trigger-In:201	61	trial_end_completed	staircase	11	red	left	aware	1	0
554.685	0.000	trigger_101	101	554685	Trigger-In:101	62	trial_start	staircase	10	red	right	unaware	1	0
554.790	0.000	trigger_11	11	554790	Trigger-In:11	62	fixation_point_on	staircase	10	red	right	unaware	1	0
555.390	0.000	trigger_21	21	555390	Trigger-In:21	62	grating_on	staircase	10	red	right	unaware	1	0
555.440	0.000	trigger_20	20	555440	Trigger-In:20	62	grating_off	staircase	10	red	right	unaware	1	0
556.045	0.000	trigger_31	31	556045	Trigger-In:31	62	targets_on_fp_color_change	staircase	10	red	right	unaware	1	0
556.760	0.000	trigger_201	201	556760	Trigger-In:201	62	trial_end_completed	staircase	10	red	right	unaware	1	0
557.830	0.000	trigger_101	101	557830	Trigger-In:101	63	trial_start	staircase	11	red	right	unaware	1	0
557.930	0.000	trigger_11	11	557930	Trigger-In:11	63	fixation_point_on	staircase	11	red	right	unaware	1	0
558.530	0.000	trigger_21	21	558530	Trigger-In:21	63	grating_on	staircase	11	red	right	unaware	1	0
558.585	0.000	trigger_20	20	558585	Trigger-In:20	63	grating_off	staircase	11	red	right	unaware	1	0
559.185	0.000	trigger_31	31	559185	Trigger-In:31	63	targets_on_fp_color_change	staircase	11	red	right	unaware	1	0
559.920	0.000	trigger_201	201	559920	Trigger-In:201	63	trial_end_completed	staircase	11	red	right	unaware	1	0
560.990	0.000	trigger_101	101	560990	Trigger-In:101	64	trial_start	staircase	12	green	left	unaware	1	0
561.095	0.000	trigger_11	11	561095	Trigger-In:11	64	fixation_point_on	staircase	12	green	left	unaware	1	0
561.695	0.000	trigger_21	21	561695	Trigger-In:21	64	grating_on	staircase	12	green	left	unaware	1	0
561.745	0.000	trigger_20	20	561745	Trigger-In:20	64	grating_off	staircase	12	green	left	unaware	1	0
562.345	0.000	trigger_31	31	562345	Trigger-In:31	64	targets_on_fp_color_change	staircase	12	green	left	unaware	1	0
563.045	0.000	trigger_201	201	563045	Trigger-In:201	64	trial_end_completed	staircase	12	green	left	unaware	1	0
564.115	0.000	trigger_101	101	564115	Trigger-In:101	65	trial_start	staircase	13	green	right	aware	1	0
564.220	0.000	trigger_11	11	564220	Trigger-In:11	65	fixation_point_on	staircase	13	green	right	aware	1	0
564.820	0.000	trigger_21	21	564820	Trigger-In:21	65	grating_on	staircase	13	green	right	aware	1	0
564.870	0.000	trigger_20	20	564870	Trigger-In:20	65	grating_off	staircase	13	green	right	aware	1	0
565.470	0.000	trigger_31	31	565470	Trigger-In:31	65	targets_on_fp_color_change	staircase	13	green	right	aware	1	0
566.115	0.000	trigger_201	201	566115	Trigger-In:201	65	trial_end_completed	staircase	13	green	right	aware	1	0
567.180	0.000	trigger_101	101	567180	Trigger-In:101	66	trial_start	staircase	12	red	right	unaware	1	0
567.285	0.000	trigger_11	11	567285	Trigger-In:11	66	fixation_point_on	staircase	12	red	right	unaware	1	0
567.885	0.000	trigger_21	21	567885	Trigger-In:21	66	grating_on	staircase	12	red	right	unaware	1	0
567.935	0.000	trigger_20	20	567935	Trigger-In:20	66	grating_off	staircase	12	red	right	unaware	1	0
568.535	0.000	trigger_31	31	568535	Trigger-In:31	66	targets_on_fp_color_change	staircase	12	red	right	unaware	1	0
569.415	0.000	trigger_201	201	569415	Trigger-In:201	66	trial_end_completed	staircase	12	red	right	unaware	1	0
570.480	0.000	trigger_101	101	570480	Trigger-In:101	67	trial_start	salient	0	green	left	unaware	1	0
570.585	0.000	trigger_11	11	570585	Trigger-In:11	67	fixation_point_on	salient	0	green	left	unaware	1	0
571.185	0.000	trigger_21	21	571185	Trigger-In:21	67	grating_on	salient	0	green	left	unaware	1	0
571.240	0.000	trigger_20	20	571240	Trigger-In:20	67	grating_off	salient	0	green	left	unaware	1	0
571.840	0.000	trigger_31	31	571840	Trigger-In:31	67	targets_on_fp_color_change	salient	0	green	left	unaware	1	0
572.805	0.000	trigger_201	201	572805	Trigger-In:201	67	trial_end_completed	salient	0	green	left	unaware	1	0
573.875	0.000	trigger_101	101	573875	Trigger-In:101	68	trial_start	salient	0	green	left	unaware	1	0
573.975	0.000	trigger_11	11	573975	Trigger-In:11	68	fixation_point_on	salient	0	green	left	unaware	1	0
574.580	0.000	trigger_21	21	574580	Trigger-In:21	68	grating_on	salient	0	green	left	unaware	1	0
574.630	0.000	trigger_20	20	574630	Trigger-In:20	68	grating_off	salient	0	green	left	unaware	1	0
575.230	0.000	trigger_31	31	575230	Trigger-In:31	68	targets_on_fp_color_change	salient	0	green	left	unaware	1	0
575.895	0.000	trigger_201	201	575895	Trigger-In:201	68	trial_end_completed	salient	0	green	left	unaware	1	0
576.965	0.000	trigger_101	101	576965	Trigger-In:101	69	trial_start	staircase	13	red	right	unaware	1	0
577.065	0.000	trigger_11	11	577065	Trigger-In:11	69	fixation_point_on	staircase	13	red	right	unaware	1	0
577.665	0.000	trigger_21	21	577665	Trigger-In:21	69	grating_on	staircase	13	red	right	unaware	1	0
577.715	0.000	trigger_20	20	577715	Trigger-In:20	69	grating_off	staircase	13	red	right	unaware	1	0
578.315	0.000	trigger_31	31	578315	Trigger-In:31	69	targets_on_fp_color_change	staircase	13	red	right	unaware	1	0
579.120	0.000	trigger_201	201	579120	Trigger-In:201	69	trial_end_completed	staircase	13	red	right	unaware	1	0
580.185	0.000	trigger_101	101	580185	Trigger-In:101	70	trial_start	salient	0	green	left	unaware	1	0
580.290	0.000	trigger_11	11	580290	Trigger-In:11	70	fixation_point_on	salient	0	green	left	unaware	1	0
580.890	0.000	trigger_21	21	580890	Trigger-In:21	70	grating_on	salient	0	green	left	unaware	1	0
580.940	0.000	trigger_20	20	580940	Trigger-In:20	70	grating_off	salient	0	green	left	unaware	1	0
581.540	0.000	trigger_31	31	581540	Trigger-In:31	70	targets_on_fp_color_change	salient	0	green	left	unaware	1	0
582.350	0.000	trigger_201	201	582350	Trigger-In:201	70	trial_end_completed	salient	0	green	left	unaware	1	0
583.420	0.000	trigger_101	101	583420	Trigger-In:101	71	trial_start	staircase	14	red	left	aware	1	0
583.525	0.000	trigger_11	11	583525	Trigger-In:11	71	fixation_point_on	staircase	14	red	left	aware	1	0
584.125	0.000	trigger_21	21	584125	Trigger-In:21	71	grating_on	staircase	14	red	left	aware	1	0
584.175	0.000	trigger_20	20	584175	Trigger-In:20	71	grating_off	staircase	14	red	left	aware	1	0
584.775	0.000	trigger_31	31	584775	Trigger-In:31	71	targets_on_fp_color_change	staircase	14	red	left	aware	1	0
585.380	0.000	trigger_201	201	585380	Trigger-In:201	71	trial_end_completed	staircase	14	red	left	aware	1	0
586.450	0.000	trigger_101	101	586450	Trigger-In:101	72	trial_start	salient	0	green	left	unaware	1	0
586.555	0.000	trigger_11	11	586555	Trigger-In:11	72	fixation_point_on	salient	0	green	left	unaware	1	0
587.155	0.000	trigger_21	21	587155	Trigger-In:21	72	grating_on	salient	0	green	left	unaware	1	0
587.210	0.000	trigger_20	20	587210	Trigger-In:20	72	grating_off	salient	0	green	left	unaware	1	0
587.810	0.000	trigger_31	31	587810	Trigger-In:31	72	targets_on_fp_color_change	salient	0	green	left	unaware	1	0
588.460	0.000	trigger_201	201	588460	Trigger-In:201	72	trial_end_completed	salient	0	green	left	unaware	1	0
589.530	0.000	trigger_101	101	589530	Trigger-In:101	73	trial_start	staircase	13	red	left	aware	1	0
589.635	0.000	trigger_11	11	589635	Trigger-In:11	73	fixation_point_on	staircase	13	red	left	aware	1	0
590.235	0.000	trigger_21	21	590235	Trigger-In:21	73	grating_on	staircase	13	red	left	aware	1	0
590.285	0.000	trigger_20	20	590285	Trigger-In:20	73	grating_off	staircase	13	red	left	aware	1	0
590.885	0.000	trigger_31	31	590885	Trigger-In:31	73	targets_on_fp_color_change	staircase	13	red	left	aware	1	0
591.490	0.000	trigger_201	201	591490	Trigger-In:201	73	trial_end_completed	staircase	13	red	left	aware	1	0
592.560	0.000	trigger_101	101	592560	Trigger-In:101	74	trial_start	staircase	12	red	right	unaware	1	0
592.660	0.000	trigger_11	11	592660	Trigger-In:11	74	fixation_point_on	staircase	12	red	right	unaware	1	0
593.265	0.000	trigger_21	21	593265	Trigger-In:21	74	grating_on	staircase	12	red	right	unaware	1	0
593.315	0.000	trigger_20	20	593315	Trigger-In:20	74	grating_off	staircase	12	red	right	unaware	1	0
593.915	0.000	trigger_31	31	593915	Trigger-In:31	74	targets_on_fp_color_change	staircase	12	red	right	unaware	1	0
594.480	0.000	trigger_201	201	594480	Trigger-In:201	74	trial_end_completed	staircase	12	red	right	unaware	1	0
595.555	0.000	trigger_101	101	595555	Trigger-In:101	75	trial_start	salient	0	red	right	unaware	1	0
595.660	0.000	trigger_11	11	595660	Trigger-In:11	75	fixation_point_on	salient	0	red	right	unaware	1	0
596.260	0.000	trigger_21	21	596260	Trigger-In:21	75	grating_on	salient	0	red	right	unaware	1	0
596.310	0.000	trigger_20	20	596310	Trigger-In:20	75	grating_off	salient	0	red	right	unaware	1	0
596.910	0.000	trigger_31	31	596910	Trigger-In:31	75	targets_on_fp_color_change	salient	0	red	right	unaware	1	0
597.655	0.000	trigger_201	201	597655	Trigger-In:201	75	trial_end_completed	salient	0	red	right	unaware	1	0
598.720	0.000	trigger_101	101	598720	Trigger-In:101	76	trial_start	absent	70	red	left	aware	1	0
598.825	0.000	trigger_11	11	598825	Trigger-In:11	76	fixation_point_on	absent	70	red	left	aware	1	0
599.425	0.000	trigger_21	21	599425	Trigger-In:21	76	grating_on	absent	70	red	left	aware	1	0
599.480	0.000	trigger_20	20	599480	Trigger-In:20	76	grating_off	absent	70	red	left	aware	1	0
600.080	0.000	trigger_31	31	600080	Trigger-In:31	76	targets_on_fp_color_change	absent	70	red	left	aware	1	0
600.700	0.000	trigger_201	201	600700	Trigger-In:201	76	trial_end_completed	absent	70	red	left	aware	1	0
601.770	0.000	trigger_101	101	601770	Trigger-In:101	77	trial_start	staircase	13	green	right	aware	1	0
601.875	0.000	trigger_11	11	601875	Trigger-In:11	77	fixation_point_on	staircase	13	green	right	aware	1	0
602.475	0.000	trigger_21	21	602475	Trigger-In:21	77	grating_on	staircase	13	green	right	aware	1	0
602.530	0.000	trigger_20	20	602530	Trigger-In:20	77	grating_off	staircase	13	green	right	aware	1	0
603.130	0.000	trigger_31	31	603130	Trigger-In:31	77	targets_on_fp_color_change	staircase	13	green	right	aware	1	0
603.895	0.000	trigger_201	201	603895	Trigger-In:201	77	trial_end_completed	staircase	13	green	right	aware	1	0
604.965	0.000	trigger_101	101	604965	Trigger-In:101	78	trial_start	staircase	12	green	left	unaware	1	0
605.070	0.000	trigger_11	11	605070	Trigger-In:11	78	fixation_point_on	staircase	12	green	left	unaware	1	0
605.670	0.000	trigger_21	21	605670	Trigger-In:21	78	grating_on	staircase	12	green	left	unaware	1	0
605.725	0.000	trigger_20	20	605725	Trigger-In:20	78	grating_off	staircase	12	green	left	unaware	1	0
606.325	0.000	trigger_31	31	606325	Trigger-In:31	78	targets_on_fp_color_change	staircase	12	green	left	unaware	1	0
607.140	0.000	trigger_201	201	607140	Trigger-In:201	78	trial_end_completed	staircase	12	green	left	unaware	1	0
608.210	0.000	trigger_101	101	608210	Trigger-In:101	79	trial_start	staircase	13	green	left	unaware	1	0
608.315	0.000	trigger_11	11	608315	Trigger-In:11	79	fixation_point_on	staircase	13	green	left	unaware	1	0
608.915	0.000	trigger_21	21	608915	Trigger-In:21	79	grating_on	staircase	13	green	left	unaware	1	0
608.965	0.000	trigger_20	20	608965	Trigger-In:20	79	grating_off	staircase	13	green	left	unaware	1	0
609.565	0.000	trigger_31	31	609565	Trigger-In:31	79	targets_on_fp_color_change	staircase	13	green	left	unaware	1	0
610.320	0.000	trigger_201	201	610320	Trigger-In:201	79	trial_end_completed	staircase	13	green	left	unaware	1	0
611.390	0.000	trigger_101	101	611390	Trigger-In:101	80	trial_start	staircase	14	red	right	unaware	1	0
611.490	0.000	trigger_11	11	611490	Trigger-In:11	80	fixation_point_on	staircase	14	red	right	unaware	1	0
612.090	0.000	trigger_21	21	612090	Trigger-In:21	80	grating_on	staircase	14	red	right	unaware	1	0
612.145	0.000	trigger_20	20	612145	Trigger-In:20	80	grating_off	staircase	14	red	right	unaware	1	0
612.745	0.000	trigger_31	31	612745	Trigger-In:31	80	targets_on_fp_color_change	staircase	14	red	right	unaware	1	0
613.485	0.000	trigger_201	201	613485	Trigger-In:201	80	trial_end_completed	staircase	14	red	right	unaware	1	0
614.550	0.000	trigger_101	101	614550	Trigger-In:101	81	trial_start	staircase	15	green	right	aware	1	0
614.655	0.000	trigger_11	11	614655	Trigger-In:11	81	fixation_point_on	staircase	15	green	right	aware	1	0
615.255	0.000	trigger_21	21	615255	Trigger-In:21	81	grating_on	staircase	15	green	right	aware	1	0
615.305	0.000	trigger_20	20	615305	Trigger-In:20	81	grating_off	staircase	15	green	right	aware	1	0
615.905	0.000	trigger_31	31	615905	Trigger-In:31	81	targets_on_fp_color_change	staircase	15	green	right	aware	1	0
616.580	0.000	trigger_201	201	616580	Trigger-In:201	81	trial_end_completed	staircase	15	green	right	aware	1	0
617.645	0.000	trigger_101	101	617645	Trigger-In:101	82	trial_start	staircase	14	red	right	unaware	1	0
617.750	0.000	trigger_11	11	617750	Trigger-In:11	82	fixation_point_on	staircase	14	red	right	unaware	1	0
618.350	0.000	trigger_21	21	618350	Trigger-In:21	82	grating_on	staircase	14	red	right	unaware	1	0
618.400	0.000	trigger_20	20	618400	Trigger-In:20	82	grating_off	staircase	14	red	right	unaware	1	0
619.000	0.000	trigger_31	31	619000	Trigger-In:31	82	targets_on_fp_color_change	staircase	14	red	right	unaware	1	0
619.870	0.000	trigger_201	201	619870	Trigger-In:201	82	trial_end_completed	staircase	14	red	right	unaware	1	0
620.940	0.000	trigger_101	101	620940	Trigger-In:101	83	trial_start	staircase	15	red	left	aware	1	0
621.045	0.000	trigger_11	11	621045	Trigger-In:11	83	fixation_point_on	staircase	15	red	left	aware	1	0
621.645	0.000	trigger_21	21	621645	Trigger-In:21	83	grating_on	staircase	15	red	left	aware	1	0
621.695	0.000	trigger_20	20	621695	Trigger-In:20	83	grating_off	staircase	15	red	left	aware	1	0
622.295	0.000	trigger_31	31	622295	Trigger-In:31	83	targets_on_fp_color_change	staircase	15	red	left	aware	1	0
623.125	0.000	trigger_201	201	623125	Trigger-In:201	83	trial_end_completed	staircase	15	red	left	aware	1	0
624.195	0.000	trigger_101	101	624195	Trigger-In:101	84	trial_start	salient	0	red	right	unaware	1	0
624.295	0.000	trigger_11	11	624295	Trigger-In:11	84	fixation_point_on	salient	0	red	right	unaware	1	0
624.895	0.000	trigger_21	21	624895	Trigger-In:21	84	grating_on	salient	0	red	right	unaware	1	0
624.945	0.000	trigger_20	20	624945	Trigger-In:20	84	grating_off	salient	0	red	right	unaware	1	0
625.550	0.000	trigger_31	31	625550	Trigger-In:31	84	targets_on_fp_color_change	salient	0	red	right	unaware	1	0
626.270	0.000	trigger_201	201	626270	Trigger-In:201	84	trial_end_completed	salient	0	red	right	unaware	1	0
627.340	0.000	trigger_101	101	627340	Trigger-In:101	85	trial_start	staircase	14	green	left	unaware	1	0
627.500	0.000	trigger_11	11	627500	Trigger-In:11	85	fixation_point_on	staircase	14	green	left	unaware	1	0
628.100	0.000	trigger_21	21	628100	Trigger-In:21	85	grating_on	staircase	14	green	left	unaware	1	0
628.150	0.000	trigger_20	20	628150	Trigger-In:20	85	grating_off	staircase	14	green	left	unaware	1	0
628.755	0.000	trigger_31	31	628755	Trigger-In:31	85	targets_on_fp_color_change	staircase	14	green	left	unaware	1	0
629.855	0.000	trigger_201	201	629855	Trigger-In:201	85	trial_end_completed	staircase	14	green	left	unaware	1	0
630.925	0.000	trigger_101	101	630925	Trigger-In:101	86	trial_start	staircase	15	red	left	aware	1	0
631.030	0.000	trigger_11	11	631030	Trigger-In:11	86	fixation_point_on	staircase	15	red	left	aware	1	0
631.630	0.000	trigger_21	21	631630	Trigger-In:21	86	grating_on	staircase	15	red	left	aware	1	0
631.680	0.000	trigger_20	20	631680	Trigger-In:20	86	grating_off	staircase	15	red	left	aware	1	0
632.280	0.000	trigger_31	31	632280	Trigger-In:31	86	targets_on_fp_color_change	staircase	15	red	left	aware	1	0
633.285	0.000	trigger_201	201	633285	Trigger-In:201	86	trial_end_completed	staircase	15	red	left	aware	1	0
634.355	0.000	trigger_101	101	634355	Trigger-In:101	87	trial_start	staircase	14	red	right	unaware	1	0
634.465	0.000	trigger_11	11	634465	Trigger-In:11	87	fixation_point_on	staircase	14	red	right	unaware	1	0
635.065	0.000	trigger_21	21	635065	Trigger-In:21	87	grating_on	staircase	14	red	right	unaware	1	0
635.115	0.000	trigger_20	20	635115	Trigger-In:20	87	grating_off	staircase	14	red	right	unaware	1	0
635.715	0.000	trigger_31	31	635715	Trigger-In:31	87	targets_on_fp_color_change	staircase	14	red	right	unaware	1	0
636.430	0.000	trigger_201	201	636430	Trigger-In:201	87	trial_end_completed	staircase	14	red	right	unaware	1	0
637.500	0.000	trigger_101	101	637500	Trigger-In:101	88	trial_start	staircase	15	green	right	aware	1	0
637.605	0.000	trigger_11	11	637605	Trigger-In:11	88	fixation_point_on	staircase	15	green	right	aware	1	0
638.205	0.000	trigger_21	21	638205	Trigger-In:21	88	grating_on	staircase	15	green	right	aware	1	0
638.255	0.000	trigger_20	20	638255	Trigger-In:20	88	grating_off	staircase	15	green	right	aware	1	0
638.855	0.000	trigger_31	31	638855	Trigger-In:31	88	targets_on_fp_color_change	staircase	15	green	right	aware	1	0
639.605	0.000	trigger_201	201	639605	Trigger-In:201	88	trial_end_completed	staircase	15	green	right	aware	1	0
640.670	0.000	trigger_101	101	640670	Trigger-In:101	89	trial_start	staircase	14	green	right	aware	1	0
640.775	0.000	trigger_11	11	640775	Trigger-In:11	89	fixation_point_on	staircase	14	green	right	aware	1	0
641.375	0.000	trigger_21	21	641375	Trigger-In:21	89	grating_on	staircase	14	green	right	aware	1	0
641.425	0.000	trigger_20	20	641425	Trigger-In:20	89	grating_off	staircase	14	green	right	aware	1	0
642.025	0.000	trigger_31	31	642025	Trigger-In:31	89	targets_on_fp_color_change	staircase	14	green	right	aware	1	0
643.010	0.000	trigger_201	201	643010	Trigger-In:201	89	trial_end_completed	staircase	14	green	right	aware	1	0
644.075	0.000	trigger_101	101	644075	Trigger-In:101	90	trial_start	staircase	13	red	left	aware	1	0
644.180	0.000	trigger_11	11	644180	Trigger-In:11	90	fixation_point_on	staircase	13	red	left	aware	1	0
644.780	0.000	trigger_21	21	644780	Trigger-In:21	90	grating_on	staircase	13	red	left	aware	1	0
644.830	0.000	trigger_20	20	644830	Trigger-In:20	90	grating_off	staircase	13	red	left	aware	1	0
645.430	0.000	trigger_31	31	645430	Trigger-In:31	90	targets_on_fp_color_change	staircase	13	red	left	aware	1	0
646.240	0.000	trigger_201	201	646240	Trigger-In:201	90	trial_end_completed	staircase	13	red	left	aware	1	0
647.305	0.000	trigger_101	101	647305	Trigger-In:101	91	trial_start	staircase	12	green	left	unaware	1	0
647.410	0.000	trigger_11	11	647410	Trigger-In:11	91	fixation_point_on	staircase	12	green	left	unaware	1	0
648.010	0.000	trigger_21	21	648010	Trigger-In:21	91	grating_on	staircase	12	green	left	unaware	1	0
648.060	0.000	trigger_20	20	648060	Trigger-In:20	91	grating_off	staircase	12	green	left	unaware	1	0
648.660	0.000	trigger_31	31	648660	Trigger-In:31	91	targets_on_fp_color_change	staircase	12	green	left	unaware	1	0
649.530	0.000	trigger_201	201	649530	Trigger-In:201	91	trial_end_completed	staircase	12	green	left	unaware	1	0
650.600	0.000	trigger_101	101	650600	Trigger-In:101	92	trial_start	staircase	13	green	left	unaware	1	0
650.850	0.000	trigger_11	11	650850	Trigger-In:11	92	fixation_point_on	staircase	13	green	left	unaware	1	0
651.450	0.000	trigger_21	21	651450	Trigger-In:21	92	grating_on	staircase	13	green	left	unaware	1	0
651.505	0.000	trigger_20	20	651505	Trigger-In:20	92	grating_off	staircase	13	green	left	unaware	1	0
652.105	0.000	trigger_31	31	652105	Trigger-In:31	92	targets_on_fp_color_change	staircase	13	green	left	unaware	1	0
652.850	0.000	trigger_201	201	652850	Trigger-In:201	92	trial_end_completed	staircase	13	green	left	unaware	1	0
653.915	0.000	trigger_101	101	653915	Trigger-In:101	93	trial_start	salient	0	red	right	unaware	1	0
654.110	0.000	trigger_11	11	654110	Trigger-In:11	93	fixation_point_on	salient	0	red	right	unaware	1	0
654.710	0.000	trigger_21	21	654710	Trigger-In:21	93	grating_on	salient	0	red	right	unaware	1	0
654.760	0.000	trigger_20	20	654760	Trigger-In:20	93	grating_off	salient	0	red	right	unaware	1	0
655.360	0.000	trigger_31	31	655360	Trigger-In:31	93	targets_on_fp_color_change	salient	0	red	right	unaware	1	0
656.405	0.000	trigger_201	201	656405	Trigger-In:201	93	trial_end_completed	salient	0	red	right	unaware	1	0
657.475	0.000	trigger_101	101	657475	Trigger-In:101	94	trial_start	absent	70	red	left	aware	1	0
657.580	0.000	trigger_11	11	657580	Trigger-In:11	94	fixation_point_on	absent	70	red	left	aware	1	0
658.185	0.000	trigger_21	21	658185	Trigger-In:21	94	grating_on	absent	70	red	left	aware	1	0
658.235	0.000	trigger_20	20	658235	Trigger-In:20	94	grating_off	absent	70	red	left	aware	1	0
658.835	0.000	trigger_31	31	658835	Trigger-In:31	94	targets_on_fp_color_change	absent	70	red	left	aware	1	0
659.460	0.000	trigger_201	201	659460	Trigger-In:201	94	trial_end_completed	absent	70	red	left	aware	1	0
660.530	0.000	trigger_101	101	660530	Trigger-In:101	95	trial_start	staircase	14	red	n/a	n/a	0	1
660.635	0.000	trigger_11	11	660635	Trigger-In:11	95	fixation_point_on	staircase	14	red	n/a	n/a	0	1
660.900	0.000	trigger_204	204	660900	Trigger-In:204	95	trial_end_fixation_break	staircase	14	red	n/a	n/a	0	1
662.670	0.000	trigger_101	101	662670	Trigger-In:101	96	trial_start	salient	0	red	right	unaware	1	0
662.770	0.000	trigger_11	11	662770	Trigger-In:11	96	fixation_point_on	salient	0	red	right	unaware	1	0
663.370	0.000	trigger_21	21	663370	Trigger-In:21	96	grating_on	salient	0	red	right	unaware	1	0
663.425	0.000	trigger_20	20	663425	Trigger-In:20	96	grating_off	salient	0	red	right	unaware	1	0
664.025	0.000	trigger_31	31	664025	Trigger-In:31	96	targets_on_fp_color_change	salient	0	red	right	unaware	1	0
664.955	0.000	trigger_201	201	664955	Trigger-In:201	96	trial_end_completed	salient	0	red	right	unaware	1	0
666.025	0.000	trigger_101	101	666025	Trigger-In:101	97	trial_start	staircase	14	red	left	aware	1	0
666.130	0.000	trigger_11	11	666130	Trigger-In:11	97	fixation_point_on	staircase	14	red	left	aware	1	0
666.730	0.000	trigger_21	21	666730	Trigger-In:21	97	grating_on	staircase	14	red	left	aware	1	0
666.780	0.000	trigger_20	20	666780	Trigger-In:20	97	grating_off	staircase	14	red	left	aware	1	0
667.380	0.000	trigger_31	31	667380	Trigger-In:31	97	targets_on_fp_color_change	staircase	14	red	left	aware	1	0
668.070	0.000	trigger_201	201	668070	Trigger-In:201	97	trial_end_completed	staircase	14	red	left	aware	1	0
669.140	0.000	trigger_101	101	669140	Trigger-In:101	98	trial_start	absent	70	red	left	aware	1	0
669.245	0.000	trigger_11	11	669245	Trigger-In:11	98	fixation_point_on	absent	70	red	left	aware	1	0
669.845	0.000	trigger_21	21	669845	Trigger-In:21	98	grating_on	absent	70	red	left	aware	1	0
669.895	0.000	trigger_20	20	669895	Trigger-In:20	98	grating_off	absent	70	red	left	aware	1	0
670.495	0.000	trigger_31	31	670495	Trigger-In:31	98	targets_on_fp_color_change	absent	70	red	left	aware	1	0
671.090	0.000	trigger_201	201	671090	Trigger-In:201	98	trial_end_completed	absent	70	red	left	aware	1	0
672.160	0.000	trigger_101	101	672160	Trigger-In:101	99	trial_start	staircase	13	green	left	unaware	1	0
672.265	0.000	trigger_11	11	672265	Trigger-In:11	99	fixation_point_on	staircase	13	green	left	unaware	1	0
672.865	0.000	trigger_21	21	672865	Trigger-In:21	99	grating_on	staircase	13	green	left	unaware	1	0
672.915	0.000	trigger_20	20	672915	Trigger-In:20	99	grating_off	staircase	13	green	left	unaware	1	0
673.515	0.000	trigger_31	31	673515	Trigger-In:31	99	targets_on_fp_color_change	staircase	13	green	left	unaware	1	0
674.245	0.000	trigger_201	201	674245	Trigger-In:201	99	trial_end_completed	staircase	13	green	left	unaware	1	0
675.315	0.000	trigger_101	101	675315	Trigger-In:101	100	trial_start	staircase	14	red	left	aware	1	0
675.420	0.000	trigger_11	11	675420	Trigger-In:11	100	fixation_point_on	staircase	14	red	left	aware	1	0
676.020	0.000	trigger_21	21	676020	Trigger-In:21	100	grating_on	staircase	14	red	left	aware	1	0
676.070	0.000	trigger_20	20	676070	Trigger-In:20	100	grating_off	staircase	14	red	left	aware	1	0
676.670	0.000	trigger_31	31	676670	Trigger-In:31	100	targets_on_fp_color_change	staircase	14	red	left	aware	1	0
677.330	0.000	trigger_201	201	677330	Trigger-In:201	100	trial_end_completed	staircase	14	red	left	aware	1	0
678.400	0.000	trigger_101	101	678400	Trigger-In:101	101	trial_start	salient	0	red	right	unaware	1	0
678.500	0.000	trigger_11	11	678500	Trigger-In:11	101	fixation_point_on	salient	0	red	right	unaware	1	0
679.100	0.000	trigger_21	21	679100	Trigger-In:21	101	grating_on	salient	0	red	right	unaware	1	0
679.155	0.000	trigger_20	20	679155	Trigger-In:20	101	grating_off	salient	0	red	right	unaware	1	0
679.755	0.000	trigger_31	31	679755	Trigger-In:31	101	targets_on_fp_color_change	salient	0	red	right	unaware	1	0
680.480	0.000	trigger_201	201	680480	Trigger-In:201	101	trial_end_completed	salient	0	red	right	unaware	1	0
681.545	0.000	trigger_101	101	681545	Trigger-In:101	102	trial_start	staircase	13	green	left	unaware	1	0
681.650	0.000	trigger_11	11	681650	Trigger-In:11	102	fixation_point_on	staircase	13	green	left	unaware	1	0
682.250	0.000	trigger_21	21	682250	Trigger-In:21	102	grating_on	staircase	13	green	left	unaware	1	0
682.300	0.000	trigger_20	20	682300	Trigger-In:20	102	grating_off	staircase	13	green	left	unaware	1	0
682.900	0.000	trigger_31	31	682900	Trigger-In:31	102	targets_on_fp_color_change	staircase	13	green	left	unaware	1	0
683.545	0.000	trigger_201	201	683545	Trigger-In:201	102	trial_end_completed	staircase	13	green	left	unaware	1	0
684.615	0.000	trigger_101	101	684615	Trigger-In:101	103	trial_start	staircase	14	red	left	aware	1	0
684.720	0.000	trigger_11	11	684720	Trigger-In:11	103	fixation_point_on	staircase	14	red	left	aware	1	0
685.320	0.000	trigger_21	21	685320	Trigger-In:21	103	grating_on	staircase	14	red	left	aware	1	0
685.375	0.000	trigger_20	20	685375	Trigger-In:20	103	grating_off	staircase	14	red	left	aware	1	0
685.975	0.000	trigger_31	31	685975	Trigger-In:31	103	targets_on_fp_color_change	staircase	14	red	left	aware	1	0
686.835	0.000	trigger_201	201	686835	Trigger-In:201	103	trial_end_completed	staircase	14	red	left	aware	1	0
687.905	0.000	trigger_101	101	687905	Trigger-In:101	104	trial_start	staircase	13	green	right	aware	1	0
688.190	0.000	trigger_11	11	688190	Trigger-In:11	104	fixation_point_on	staircase	13	green	right	aware	1	0
688.790	0.000	trigger_21	21	688790	Trigger-In:21	104	grating_on	staircase	13	green	right	aware	1	0
688.845	0.000	trigger_20	20	688845	Trigger-In:20	104	grating_off	staircase	13	green	right	aware	1	0
689.445	0.000	trigger_31	31	689445	Trigger-In:31	104	targets_on_fp_color_change	staircase	13	green	right	aware	1	0
690.465	0.000	trigger_201	201	690465	Trigger-In:201	104	trial_end_completed	staircase	13	green	right	aware	1	0
691.530	0.000	trigger_101	101	691530	Trigger-In:101	105	trial_start	staircase	12	green	left	unaware	1	0
691.635	0.000	trigger_11	11	691635	Trigger-In:11	105	fixation_point_on	staircase	12	green	left	unaware	1	0
692.235	0.000	trigger_21	21	692235	Trigger-In:21	105	grating_on	staircase	12	green	left	unaware	1	0
692.285	0.000	trigger_20	20	692285	Trigger-In:20	105	grating_off	staircase	12	green	left	unaware	1	0
692.885	0.000	trigger_31	31	692885	Trigger-In:31	105	targets_on_fp_color_change	staircase	12	green	left	unaware	1	0
693.635	0.000	trigger_201	201	693635	Trigger-In:201	105	trial_end_completed	staircase	12	green	left	unaware	1	0
694.700	0.000	trigger_101	101	694700	Trigger-In:101	106	trial_start	staircase	13	red	left	aware	1	0
694.805	0.000	trigger_11	11	694805	Trigger-In:11	106	fixation_point_on	staircase	13	red	left	aware	1	0
695.405	0.000	trigger_21	21	695405	Trigger-In:21	106	grating_on	staircase	13	red	left	aware	1	0
695.455	0.000	trigger_20	20	695455	Trigger-In:20	106	grating_off	staircase	13	red	left	aware	1	0
696.055	0.000	trigger_31	31	696055	Trigger-In:31	106	targets_on_fp_color_change	staircase	13	red	left	aware	1	0
696.655	0.000	trigger_201	201	696655	Trigger-In:201	106	trial_end_completed	staircase	13	red	left	aware	1	0
697.725	0.000	trigger_101	101	697725	Trigger-In:101	107	trial_start	absent	70	green	right	aware	1	0
697.830	0.000	trigger_11	11	697830	Trigger-In:11	107	fixation_point_on	absent	70	green	right	aware	1	0
698.430	0.000	trigger_21	21	698430	Trigger-In:21	107	grating_on	absent	70	green	right	aware	1	0
698.480	0.000	trigger_20	20	698480	Trigger-In:20	107	grating_off	absent	70	green	right	aware	1	0
699.080	0.000	trigger_31	31	699080	Trigger-In:31	107	targets_on_fp_color_change	absent	70	green	right	aware	1	0
699.790	0.000	trigger_201	201	699790	Trigger-In:201	107	trial_end_completed	absent	70	green	right	aware	1	0
700.860	0.000	trigger_101	101	700860	Trigger-In:101	108	trial_start	salient	0	green	left	unaware	1	0
700.965	0.000	trigger_11	11	700965	Trigger-In:11	108	fixation_point_on	salient	0	green	left	unaware	1	0
701.565	0.000	trigger_21	21	701565	Trigger-In:21	108	grating_on	salient	0	green	left	unaware	1	0
701.615	0.000	trigger_20	20	701615	Trigger-In:20	108	grating_off	salient	0	green	left	unaware	1	0
702.215	0.000	trigger_31	31	702215	Trigger-In:31	108	targets_on_fp_color_change	salient	0	green	left	unaware	1	0
702.950	0.000	trigger_201	201	702950	Trigger-In:201	108	trial_end_completed	salient	0	green	left	unaware	1	0
704.020	0.000	trigger_101	101	704020	Trigger-In:101	109	trial_start	staircase	12	green	left	unaware	1	0
704.130	0.000	trigger_11	11	704130	Trigger-In:11	109	fixation_point_on	staircase	12	green	left	unaware	1	0
704.730	0.000	trigger_21	21	704730	Trigger-In:21	109	grating_on	staircase	12	green	left	unaware	1	0
704.780	0.000	trigger_20	20	704780	Trigger-In:20	109	grating_off	staircase	12	green	left	unaware	1	0
705.380	0.000	trigger_31	31	705380	Trigger-In:31	109	targets_on_fp_color_change	staircase	12	green	left	unaware	1	0
706.065	0.000	trigger_201	201	706065	Trigger-In:201	109	trial_end_completed	staircase	12	green	left	unaware	1	0
707.135	0.000	trigger_101	101	707135	Trigger-In:101	110	trial_start	salient	0	red	right	unaware	1	0
707.235	0.000	trigger_11	11	707235	Trigger-In:11	110	fixation_point_on	salient	0	red	right	unaware	1	0
707.835	0.000	trigger_21	21	707835	Trigger-In:21	110	grating_on	salient	0	red	right	unaware	1	0
707.890	0.000	trigger_20	20	707890	Trigger-In:20	110	grating_off	salient	0	red	right	unaware	1	0
708.490	0.000	trigger_31	31	708490	Trigger-In:31	110	targets_on_fp_color_change	salient	0	red	right	unaware	1	0
709.175	0.000	trigger_201	201	709175	Trigger-In:201	110	trial_end_completed	salient	0	red	right	unaware	1	0
710.245	0.000	trigger_101	101	710245	Trigger-In:101	111	trial_start	staircase	13	red	right	unaware	1	0
710.350	0.000	trigger_11	11	710350	Trigger-In:11	111	fixation_point_on	staircase	13	red	right	unaware	1	0
710.950	0.000	trigger_21	21	710950	Trigger-In:21	111	grating_on	staircase	13	red	right	unaware	1	0
711.000	0.000	trigger_20	20	711000	Trigger-In:20	111	grating_off	staircase	13	red	right	unaware	1	0
711.600	0.000	trigger_31	31	711600	Trigger-In:31	111	targets_on_fp_color_change	staircase	13	red	right	unaware	1	0
712.260	0.000	trigger_201	201	712260	Trigger-In:201	111	trial_end_completed	staircase	13	red	right	unaware	1	0
713.330	0.000	trigger_101	101	713330	Trigger-In:101	112	trial_start	staircase	14	green	right	aware	1	0
713.430	0.000	trigger_11	11	713430	Trigger-In:11	112	fixation_point_on	staircase	14	green	right	aware	1	0
714.030	0.000	trigger_21	21	714030	Trigger-In:21	112	grating_on	staircase	14	green	right	aware	1	0
714.085	0.000	trigger_20	20	714085	Trigger-In:20	112	grating_off	staircase	14	green	right	aware	1	0
714.685	0.000	trigger_31	31	714685	Trigger-In:31	112	targets_on_fp_color_change	staircase	14	green	right	aware	1	0
715.565	0.000	trigger_201	201	715565	Trigger-In:201	112	trial_end_completed	staircase	14	green	right	aware	1	0
716.635	0.000	trigger_101	101	716635	Trigger-In:101	113	trial_start	staircase	13	green	left	unaware	1	0
716.740	0.000	trigger_11	11	716740	Trigger-In:11	113	fixation_point_on	staircase	13	green	left	unaware	1	0
717.345	0.000	trigger_21	21	717345	Trigger-In:21	113	grating_on	staircase	13	green	left	unaware	1	0
717.395	0.000	trigger_20	20	717395	Trigger-In:20	113	grating_off	staircase	13	green	left	unaware	1	0
717.995	0.000	trigger_31	31	717995	Trigger-In:31	113	targets_on_fp_color_change	staircase	13	green	left	unaware	1	0
718.650	0.000	trigger_201	201	718650	Trigger-In:201	113	trial_end_completed	staircase	13	green	left	unaware	1	0
719.725	0.000	trigger_101	101	719725	Trigger-In:101	114	trial_start	staircase	14	green	right	aware	1	0
719.825	0.000	trigger_11	11	719825	Trigger-In:11	114	fixation_point_on	staircase	14	green	right	aware	1	0
720.425	0.000	trigger_21	21	720425	Trigger-In:21	114	grating_on	staircase	14	green	right	aware	1	0
720.480	0.000	trigger_20	20	720480	Trigger-In:20	114	grating_off	staircase	14	green	right	aware	1	0
721.080	0.000	trigger_31	31	721080	Trigger-In:31	114	targets_on_fp_color_change	staircase	14	green	right	aware	1	0
722.005	0.000	trigger_201	201	722005	Trigger-In:201	114	trial_end_completed	staircase	14	green	right	aware	1	0
723.075	0.000	trigger_101	101	723075	Trigger-In:101	115	trial_start	staircase	13	green	right	aware	1	0
723.180	0.000	trigger_11	11	723180	Trigger-In:11	115	fixation_point_on	staircase	13	green	right	aware	1	0
723.780	0.000	trigger_21	21	723780	Trigger-In:21	115	grating_on	staircase	13	green	right	aware	1	0
723.830	0.000	trigger_20	20	723830	Trigger-In:20	115	grating_off	staircase	13	green	right	aware	1	0
724.430	0.000	trigger_31	31	724430	Trigger-In:31	115	targets_on_fp_color_change	staircase	13	green	right	aware	1	0
725.105	0.000	trigger_201	201	725105	Trigger-In:201	115	trial_end_completed	staircase	13	green	right	aware	1	0
726.175	0.000	trigger_101	101	726175	Trigger-In:101	116	trial_start	staircase	12	green	left	unaware	1	0
726.275	0.000	trigger_11	11	726275	Trigger-In:11	116	fixation_point_on	staircase	12	green	left	unaware	1	0
726.875	0.000	trigger_21	21	726875	Trigger-In:21	116	grating_on	staircase	12	green	left	unaware	1	0
726.925	0.000	trigger_20	20	726925	Trigger-In:20	116	grating_off	staircase	12	green	left	unaware	1	0
727.525	0.000	trigger_31	31	727525	Trigger-In:31	116	targets_on_fp_color_change	staircase	12	green	left	unaware	1	0
728.375	0.000	trigger_201	201	728375	Trigger-In:201	116	trial_end_completed	staircase	12	green	left	unaware	1	0
729.445	0.000	trigger_101	101	729445	Trigger-In:101	117	trial_start	staircase	13	green	left	unaware	1	0
729.545	0.000	trigger_11	11	729545	Trigger-In:11	117	fixation_point_on	staircase	13	green	left	unaware	1	0
730.145	0.000	trigger_21	21	730145	Trigger-In:21	117	grating_on	staircase	13	green	left	unaware	1	0
730.195	0.000	trigger_20	20	730195	Trigger-In:20	117	grating_off	staircase	13	green	left	unaware	1	0
730.800	0.000	trigger_31	31	730800	Trigger-In:31	117	targets_on_fp_color_change	staircase	13	green	left	unaware	1	0
731.550	0.000	trigger_201	201	731550	Trigger-In:201	117	trial_end_completed	staircase	13	green	left	unaware	1	0
732.620	0.000	trigger_101	101	732620	Trigger-In:101	118	trial_start	staircase	14	red	left	aware	1	0
732.725	0.000	trigger_11	11	732725	Trigger-In:11	118	fixation_point_on	staircase	14	red	left	aware	1	0
733.325	0.000	trigger_21	21	733325	Trigger-In:21	118	grating_on	staircase	14	red	left	aware	1	0
733.375	0.000	trigger_20	20	733375	Trigger-In:20	118	grating_off	staircase	14	red	left	aware	1	0
733.975	0.000	trigger_31	31	733975	Trigger-In:31	118	targets_on_fp_color_change	staircase	14	red	left	aware	1	0
734.630	0.000	trigger_201	201	734630	Trigger-In:201	118	trial_end_completed	staircase	14	red	left	aware	1	0
735.700	0.000	trigger_101	101	735700	Trigger-In:101	119	trial_start	salient	0	red	right	unaware	1	0
735.805	0.000	trigger_11	11	735805	Trigger-In:11	119	fixation_point_on	salient	0	red	right	unaware	1	0
736.405	0.000	trigger_21	21	736405	Trigger-In:21	119	grating_on	salient	0	red	right	unaware	1	0
736.455	0.000	trigger_20	20	736455	Trigger-In:20	119	grating_off	salient	0	red	right	unaware	1	0
737.055	0.000	trigger_31	31	737055	Trigger-In:31	119	targets_on_fp_color_change	salient	0	red	right	unaware	1	0
737.840	0.000	trigger_201	201	737840	Trigger-In:201	119	trial_end_completed	salient	0	red	right	unaware	1	0
738.905	0.000	trigger_101	101	738905	Trigger-In:101	120	trial_start	staircase	13	red	right	unaware	1	0
739.010	0.000	trigger_11	11	739010	Trigger-In:11	120	fixation_point_on	staircase	13	red	right	unaware	1	0
739.610	0.000	trigger_21	21	739610	Trigger-In:21	120	grating_on	staircase	13	red	right	unaware	1	0
739.660	0.000	trigger_20	20	739660	Trigger-In:20	120	grating_off	staircase	13	red	right	unaware	1	0
740.260	0.000	trigger_31	31	740260	Trigger-In:31	120	targets_on_fp_color_change	staircase	13	red	right	unaware	1	0
741.235	0.000	trigger_201	201	741235	Trigger-In:201	120	trial_end_completed	staircase	13	red	right	unaware	1	0
742.305	0.000	trigger_101	101	742305	Trigger-In:101	121	trial_start	staircase	14	red	left	aware	1	0
742.410	0.000	trigger_11	11	742410	Trigger-In:11	121	fixation_point_on	staircase	14	red	left	aware	1	0
743.010	0.000	trigger_21	21	743010	Trigger-In:21	121	grating_on	staircase	14	red	left	aware	1	0
743.060	0.000	trigger_20	20	743060	Trigger-In:20	121	grating_off	staircase	14	red	left	aware	1	0
743.660	0.000	trigger_31	31	743660	Trigger-In:31	121	targets_on_fp_color_change	staircase	14	red	left	aware	1	0
744.250	0.000	trigger_201	201	744250	Trigger-In:201	121	trial_end_completed	staircase	14	red	left	aware	1	0
745.325	0.000	trigger_101	101	745325	Trigger-In:101	122	trial_start	salient	0	red	right	unaware	1	0
745.430	0.000	trigger_11	11	745430	Trigger-In:11	122	fixation_point_on	salient	0	red	right	unaware	1	0
746.030	0.000	trigger_21	21	746030	Trigger-In:21	122	grating_on	salient	0	red	right	unaware	1	0
746.080	0.000	trigger_20	20	746080	Trigger-In:20	122	grating_off	salient	0	red	right	unaware	1	0
746.680	0.000	trigger_31	31	746680	Trigger-In:31	122	targets_on_fp_color_change	salient	0	red	right	unaware	1	0
747.330	0.000	trigger_201	201	747330	Trigger-In:201	122	trial_end_completed	salient	0	red	right	unaware	1	0
748.405	0.000	trigger_101	101	748405	Trigger-In:101	123	trial_start	staircase	13	green	left	unaware	1	0
748.510	0.000	trigger_11	11	748510	Trigger-In:11	123	fixation_point_on	staircase	13	green	left	unaware	1	0
749.110	0.000	trigger_21	21	749110	Trigger-In:21	123	grating_on	staircase	13	green	left	unaware	1	0
749.160	0.000	trigger_20	20	749160	Trigger-In:20	123	grating_off	staircase	13	green	left	unaware	1	0
749.760	0.000	trigger_31	31	749760	Trigger-In:31	123	targets_on_fp_color_change	staircase	13	green	left	unaware	1	0
750.420	0.000	trigger_201	201	750420	Trigger-In:201	123	trial_end_completed	staircase	13	green	left	unaware	1	0
751.490	0.000	trigger_101	101	751490	Trigger-In:101	124	trial_start	staircase	14	red	left	aware	1	0
751.590	0.000	trigger_11	11	751590	Trigger-In:11	124	fixation_point_on	staircase	14	red	left	aware	1	0
752.190	0.000	trigger_21	21	752190	Trigger-In:21	124	grating_on	staircase	14	red	left	aware	1	0
752.240	0.000	trigger_20	20	752240	Trigger-In:20	124	grating_off	staircase	14	red	left	aware	1	0
752.840	0.000	trigger_31	31	752840	Trigger-In:31	124	targets_on_fp_color_change	staircase	14	red	left	aware	1	0
753.525	0.000	trigger_201	201	753525	Trigger-In:201	124	trial_end_completed	staircase	14	red	left	aware	1	0
754.595	0.000	trigger_101	101	754595	Trigger-In:101	125	trial_start	staircase	13	green	right	aware	1	0
754.700	0.000	trigger_11	11	754700	Trigger-In:11	125	fixation_point_on	staircase	13	green	right	aware	1	0
755.300	0.000	trigger_21	21	755300	Trigger-In:21	125	grating_on	staircase	13	green	right	aware	1	0
755.350	0.000	trigger_20	20	755350	Trigger-In:20	125	grating_off	staircase	13	green	right	aware	1	0
755.955	0.000	trigger_31	31	755955	Trigger-In:31	125	targets_on_fp_color_change	staircase	13	green	right	aware	1	0
756.865	0.000	trigger_201	201	756865	Trigger-In:201	125	trial_end_completed	staircase	13	green	right	aware	1	0
757.935	0.000	trigger_101	101	757935	Trigger-In:101	126	trial_start	staircase	12	red	right	unaware	1	0
758.040	0.000	trigger_11	11	758040	Trigger-In:11	126	fixation_point_on	staircase	12	red	right	unaware	1	0
758.640	0.000	trigger_21	21	758640	Trigger-In:21	126	grating_on	staircase	12	red	right	unaware	1	0
758.690	0.000	trigger_20	20	758690	Trigger-In:20	126	grating_off	staircase	12	red	right	unaware	1	0
759.290	0.000	trigger_31	31	759290	Trigger-In:31	126	targets_on_fp_color_change	staircase	12	red	right	unaware	1	0
760.115	0.000	trigger_201	201	760115	Trigger-In:201	126	trial_end_completed	staircase	12	red	right	unaware	1	0
761.185	0.000	trigger_101	101	761185	Trigger-In:101	127	trial_start	staircase	13	red	left	aware	1	0
761.290	0.000	trigger_11	11	761290	Trigger-In:11	127	fixation_point_on	staircase	13	red	left	aware	1	0
761.890	0.000	trigger_21	21	761890	Trigger-In:21	127	grating_on	staircase	13	red	left	aware	1	0
761.940	0.000	trigger_20	20	761940	Trigger-In:20	127	grating_off	staircase	13	red	left	aware	1	0
762.540	0.000	trigger_31	31	762540	Trigger-In:31	127	targets_on_fp_color_change	staircase	13	red	left	aware	1	0
763.100	0.000	trigger_201	201	763100	Trigger-In:201	127	trial_end_completed	staircase	13	red	left	aware	1	0
764.165	0.000	trigger_101	101	764165	Trigger-In:101	128	trial_start	salient	0	green	left	unaware	1	0
764.270	0.000	trigger_11	11	764270	Trigger-In:11	128	fixation_point_on	salient	0	green	left	unaware	1	0
764.870	0.000	trigger_21	21	764870	Trigger-In:21	128	grating_on	salient	0	green	left	unaware	1	0
764.920	0.000	trigger_20	20	764920	Trigger-In:20	128	grating_off	salient	0	green	left	unaware	1	0
765.520	0.000	trigger_31	31	765520	Trigger-In:31	128	targets_on_fp_color_change	salient	0	green	left	unaware	1	0
766.235	0.000	trigger_201	201	766235	Trigger-In:201	128	trial_end_completed	salient	0	green	left	unaware	1	0
767.305	0.000	trigger_101	101	767305	Trigger-In:101	129	trial_start	staircase	12	green	left	unaware	1	0
767.415	0.000	trigger_11	11	767415	Trigger-In:11	129	fixation_point_on	staircase	12	green	left	unaware	1	0
768.015	0.000	trigger_21	21	768015	Trigger-In:21	129	grating_on	staircase	12	green	left	unaware	1	0
768.065	0.000	trigger_20	20	768065	Trigger-In:20	129	grating_off	staircase	12	green	left	unaware	1	0
768.665	0.000	trigger_31	31	768665	Trigger-In:31	129	targets_on_fp_color_change	staircase	12	green	left	unaware	1	0
769.345	0.000	trigger_201	201	769345	Trigger-In:201	129	trial_end_completed	staircase	12	green	left	unaware	1	0
770.415	0.000	trigger_101	101	770415	Trigger-In:101	130	trial_start	salient	0	green	left	unaware	1	0
770.520	0.000	trigger_11	11	770520	Trigger-In:11	130	fixation_point_on	salient	0	green	left	unaware	1	0
771.120	0.000	trigger_21	21	771120	Trigger-In:21	130	grating_on	salient	0	green	left	unaware	1	0
771.170	0.000	trigger_20	20	771170	Trigger-In:20	130	grating_off	salient	0	green	left	unaware	1	0
771.770	0.000	trigger_31	31	771770	Trigger-In:31	130	targets_on_fp_color_change	salient	0	green	left	unaware	1	0
772.400	0.000	trigger_201	201	772400	Trigger-In:201	130	trial_end_completed	salient	0	green	left	unaware	1	0
773.470	0.000	trigger_101	101	773470	Trigger-In:101	131	trial_start	absent	70	red	left	aware	1	0
773.580	0.000	trigger_11	11	773580	Trigger-In:11	131	fixation_point_on	absent	70	red	left	aware	1	0
774.180	0.000	trigger_21	21	774180	Trigger-In:21	131	grating_on	absent	70	red	left	aware	1	0
774.230	0.000	trigger_20	20	774230	Trigger-In:20	131	grating_off	absent	70	red	left	aware	1	0
774.830	0.000	trigger_31	31	774830	Trigger-In:31	131	targets_on_fp_color_change	absent	70	red	left	aware	1	0
775.590	0.000	trigger_201	201	775590	Trigger-In:201	131	trial_end_completed	absent	70	red	left	aware	1	0
776.660	0.000	trigger_101	101	776660	Trigger-In:101	132	trial_start	staircase	13	green	right	aware	1	0
776.760	0.000	trigger_11	11	776760	Trigger-In:11	132	fixation_point_on	staircase	13	green	right	aware	1	0
777.360	0.000	trigger_21	21	777360	Trigger-In:21	132	grating_on	staircase	13	green	right	aware	1	0
777.415	0.000	trigger_20	20	777415	Trigger-In:20	132	grating_off	staircase	13	green	right	aware	1	0
778.015	0.000	trigger_31	31	778015	Trigger-In:31	132	targets_on_fp_color_change	staircase	13	green	right	aware	1	0
778.710	0.000	trigger_201	201	778710	Trigger-In:201	132	trial_end_completed	staircase	13	green	right	aware	1	0
779.780	0.000	trigger_101	101	779780	Trigger-In:101	133	trial_start	staircase	12	red	right	unaware	1	0
779.880	0.000	trigger_11	11	779880	Trigger-In:11	133	fixation_point_on	staircase	12	red	right	unaware	1	0
780.485	0.000	trigger_21	21	780485	Trigger-In:21	133	grating_on	staircase	12	red	right	unaware	1	0
780.535	0.000	trigger_20	20	780535	Trigger-In:20	133	grating_off	staircase	12	red	right	unaware	1	0
781.135	0.000	trigger_31	31	781135	Trigger-In:31	133	targets_on_fp_color_change	staircase	12	red	right	unaware	1	0
781.780	0.000	trigger_201	201	781780	Trigger-In:201	133	trial_end_completed	staircase	12	red	right	unaware	1	0
782.850	0.000	trigger_101	101	782850	Trigger-In:101	134	trial_start	absent	70	green	right	aware	1	0
782.955	0.000	trigger_11	11	782955	Trigger-In:11	134	fixation_point_on	absent	70	green	right	aware	1	0
783.555	0.000	trigger_21	21	783555	Trigger-In:21	134	grating_on	absent	70	green	right	aware	1	0
783.605	0.000	trigger_20	20	783605	Trigger-In:20	134	grating_off	absent	70	green	right	aware	1	0
784.205	0.000	trigger_31	31	784205	Trigger-In:31	134	targets_on_fp_color_change	absent	70	green	right	aware	1	0
785.180	0.000	trigger_201	201	785180	Trigger-In:201	134	trial_end_completed	absent	70	green	right	aware	1	0
786.250	0.000	trigger_101	101	786250	Trigger-In:101	135	trial_start	absent	70	red	left	aware	1	0
786.350	0.000	trigger_11	11	786350	Trigger-In:11	135	fixation_point_on	absent	70	red	left	aware	1	0
786.950	0.000	trigger_21	21	786950	Trigger-In:21	135	grating_on	absent	70	red	left	aware	1	0
787.005	0.000	trigger_20	20	787005	Trigger-In:20	135	grating_off	absent	70	red	left	aware	1	0
787.605	0.000	trigger_31	31	787605	Trigger-In:31	135	targets_on_fp_color_change	absent	70	red	left	aware	1	0
788.210	0.000	trigger_201	201	788210	Trigger-In:201	135	trial_end_completed	absent	70	red	left	aware	1	0
789.280	0.000	trigger_101	101	789280	Trigger-In:101	136	trial_start	staircase	13	red	left	aware	1	0
789.385	0.000	trigger_11	11	789385	Trigger-In:11	136	fixation_point_on	staircase	13	red	left	aware	1	0
789.985	0.000	trigger_21	21	789985	Trigger-In:21	136	grating_on	staircase	13	red	left	aware	1	0
790.035	0.000	trigger_20	20	790035	Trigger-In:20	136	grating_off	staircase	13	red	left	aware	1	0
790.635	0.000	trigger_31	31	790635	Trigger-In:31	136	targets_on_fp_color_change	staircase	13	red	left	aware	1	0
791.480	0.000	trigger_201	201	791480	Trigger-In:201	136	trial_end_completed	staircase	13	red	left	aware	1	0
792.550	0.000	trigger_101	101	792550	Trigger-In:101	137	trial_start	salient	0	red	right	unaware	1	0
792.655	0.000	trigger_11	11	792655	Trigger-In:11	137	fixation_point_on	salient	0	red	right	unaware	1	0
793.255	0.000	trigger_21	21	793255	Trigger-In:21	137	grating_on	salient	0	red	right	unaware	1	0
793.305	0.000	trigger_20	20	793305	Trigger-In:20	137	grating_off	salient	0	red	right	unaware	1	0
793.905	0.000	trigger_31	31	793905	Trigger-In:31	137	targets_on_fp_color_change	salient	0	red	right	unaware	1	0
794.725	0.000	trigger_201	201	794725	Trigger-In:201	137	trial_end_completed	salient	0	red	right	unaware	1	0
795.795	0.000	trigger_101	101	795795	Trigger-In:101	138	trial_start	staircase	12	red	right	unaware	1	0
795.900	0.000	trigger_11	11	795900	Trigger-In:11	138	fixation_point_on	staircase	12	red	right	unaware	1	0
796.500	0.000	trigger_21	21	796500	Trigger-In:21	138	grating_on	staircase	12	red	right	unaware	1	0
796.550	0.000	trigger_20	20	796550	Trigger-In:20	138	grating_off	staircase	12	red	right	unaware	1	0
797.150	0.000	trigger_31	31	797150	Trigger-In:31	138	targets_on_fp_color_change	staircase	12	red	right	unaware	1	0
797.955	0.000	trigger_201	201	797955	Trigger-In:201	138	trial_end_completed	staircase	12	red	right	unaware	1	0
799.025	0.000	trigger_101	101	799025	Trigger-In:101	139	trial_start	staircase	13	green	left	unaware	1	0
799.125	0.000	trigger_11	11	799125	Trigger-In:11	139	fixation_point_on	staircase	13	green	left	unaware	1	0
799.725	0.000	trigger_21	21	799725	Trigger-In:21	139	grating_on	staircase	13	green	left	unaware	1	0
799.775	0.000	trigger_20	20	799775	Trigger-In:20	139	grating_off	staircase	13	green	left	unaware	1	0
800.375	0.000	trigger_31	31	800375	Trigger-In:31	139	targets_on_fp_color_change	staircase	13	green	left	unaware	1	0
801.145	0.000	trigger_201	201	801145	Trigger-In:201	139	trial_end_completed	staircase	13	green	left	unaware	1	0
802.215	0.000	trigger_101	101	802215	Trigger-In:101	140	trial_start	staircase	14	red	left	aware	1	0
802.320	0.000	trigger_11	11	802320	Trigger-In:11	140	fixation_point_on	staircase	14	red	left	aware	1	0
802.920	0.000	trigger_21	21	802920	Trigger-In:21	140	grating_on	staircase	14	red	left	aware	1	0
802.970	0.000	trigger_20	20	802970	Trigger-In:20	140	grating_off	staircase	14	red	left	aware	1	0
803.570	0.000	trigger_31	31	803570	Trigger-In:31	140	targets_on_fp_color_change	staircase	14	red	left	aware	1	0
804.295	0.000	trigger_201	201	804295	Trigger-In:201	140	trial_end_completed	staircase	14	red	left	aware	1	0
805.365	0.000	trigger_101	101	805365	Trigger-In:101	141	trial_start	staircase	13	green	left	unaware	1	0
805.465	0.000	trigger_11	11	805465	Trigger-In:11	141	fixation_point_on	staircase	13	green	left	unaware	1	0
806.070	0.000	trigger_21	21	806070	Trigger-In:21	141	grating_on	staircase	13	green	left	unaware	1	0
806.120	0.000	trigger_20	20	806120	Trigger-In:20	141	grating_off	staircase	13	green	left	unaware	1	0
806.720	0.000	trigger_31	31	806720	Trigger-In:31	141	targets_on_fp_color_change	staircase	13	green	left	unaware	1	0
807.670	0.000	trigger_201	201	807670	Trigger-In:201	141	trial_end_completed	staircase	13	green	left	unaware	1	0
808.740	0.000	trigger_101	101	808740	Trigger-In:101	142	trial_start	salient	0	red	right	unaware	1	0
808.850	0.000	trigger_11	11	808850	Trigger-In:11	142	fixation_point_on	salient	0	red	right	unaware	1	0
809.450	0.000	trigger_21	21	809450	Trigger-In:21	142	grating_on	salient	0	red	right	unaware	1	0
809.500	0.000	trigger_20	20	809500	Trigger-In:20	142	grating_off	salient	0	red	right	unaware	1	0
810.100	0.000	trigger_31	31	810100	Trigger-In:31	142	targets_on_fp_color_change	salient	0	red	right	unaware	1	0
810.910	0.000	trigger_201	201	810910	Trigger-In:201	142	trial_end_completed	salient	0	red	right	unaware	1	0
811.980	0.000	trigger_101	101	811980	Trigger-In:101	143	trial_start	staircase	14	red	left	aware	1	0
812.085	0.000	trigger_11	11	812085	Trigger-In:11	143	fixation_point_on	staircase	14	red	left	aware	1	0
812.685	0.000	trigger_21	21	812685	Trigger-In:21	143	grating_on	staircase	14	red	left	aware	1	0
812.735	0.000	trigger_20	20	812735	Trigger-In:20	143	grating_off	staircase	14	red	left	aware	1	0
813.335	0.000	trigger_31	31	813335	Trigger-In:31	143	targets_on_fp_color_change	staircase	14	red	left	aware	1	0
814.095	0.000	trigger_201	201	814095	Trigger-In:201	143	trial_end_completed	staircase	14	red	left	aware	1	0
815.170	0.000	trigger_101	101	815170	Trigger-In:101	144	trial_start	staircase	13	red	left	aware	1	0
815.275	0.000	trigger_11	11	815275	Trigger-In:11	144	fixation_point_on	staircase	13	red	left	aware	1	0
815.875	0.000	trigger_21	21	815875	Trigger-In:21	144	grating_on	staircase	13	red	left	aware	1	0
815.925	0.000	trigger_20	20	815925	Trigger-In:20	144	grating_off	staircase	13	red	left	aware	1	0
816.525	0.000	trigger_31	31	816525	Trigger-In:31	144	targets_on_fp_color_change	staircase	13	red	left	aware	1	0
817.215	0.000	trigger_201	201	817215	Trigger-In:201	144	trial_end_completed	staircase	13	red	left	aware	1	0
818.285	0.000	trigger_101	101	818285	Trigger-In:101	145	trial_start	salient	0	red	right	unaware	1	0
818.390	0.000	trigger_11	11	818390	Trigger-In:11	145	fixation_point_on	salient	0	red	right	unaware	1	0
818.990	0.000	trigger_21	21	818990	Trigger-In:21	145	grating_on	salient	0	red	right	unaware	1	0
819.040	0.000	trigger_20	20	819040	Trigger-In:20	145	grating_off	salient	0	red	right	unaware	1	0
819.640	0.000	trigger_31	31	819640	Trigger-In:31	145	targets_on_fp_color_change	salient	0	red	right	unaware	1	0
820.350	0.000	trigger_201	201	820350	Trigger-In:201	145	trial_end_completed	salient	0	red	right	unaware	1	0
821.420	0.000	trigger_101	101	821420	Trigger-In:101	146	trial_start	salient	0	green	left	unaware	1	0
821.520	0.000	trigger_11	11	821520	Trigger-In:11	146	fixation_point_on	salient	0	green	left	unaware	1	0
822.120	0.000	trigger_21	21	822120	Trigger-In:21	146	grating_on	salient	0	green	left	unaware	1	0
822.170	0.000	trigger_20	20	822170	Trigger-In:20	146	grating_off	salient	0	green	left	unaware	1	0
822.775	0.000	trigger_31	31	822775	Trigger-In:31	146	targets_on_fp_color_change	salient	0	green	left	unaware	1	0
823.545	0.000	trigger_201	201	823545	Trigger-In:201	146	trial_end_completed	salient	0	green	left	unaware	1	0
824.615	0.000	trigger_101	101	824615	Trigger-In:101	147	trial_start	staircase	12	red	left	aware	1	0
824.720	0.000	trigger_11	11	824720	Trigger-In:11	147	fixation_point_on	staircase	12	red	left	aware	1	0
825.320	0.000	trigger_21	21	825320	Trigger-In:21	147	grating_on	staircase	12	red	left	aware	1	0
825.370	0.000	trigger_20	20	825370	Trigger-In:20	147	grating_off	staircase	12	red	left	aware	1	0
825.970	0.000	trigger_31	31	825970	Trigger-In:31	147	targets_on_fp_color_change	staircase	12	red	left	aware	1	0
826.600	0.000	trigger_201	201	826600	Trigger-In:201	147	trial_end_completed	staircase	12	red	left	aware	1	0
827.670	0.000	trigger_101	101	827670	Trigger-In:101	148	trial_start	salient	0	green	left	unaware	1	0
827.775	0.000	trigger_11	11	827775	Trigger-In:11	148	fixation_point_on	salient	0	green	left	unaware	1	0
828.375	0.000	trigger_21	21	828375	Trigger-In:21	148	grating_on	salient	0	green	left	unaware	1	0
828.425	0.000	trigger_20	20	828425	Trigger-In:20	148	grating_off	salient	0	green	left	unaware	1	0
829.025	0.000	trigger_31	31	829025	Trigger-In:31	148	targets_on_fp_color_change	salient	0	green	left	unaware	1	0
829.850	0.000	trigger_201	201	829850	Trigger-In:201	148	trial_end_completed	salient	0	green	left	unaware	1	0
830.920	0.000	trigger_101	101	830920	Trigger-In:101	149	trial_start	staircase	11	green	right	aware	1	0
831.175	0.000	trigger_11	11	831175	Trigger-In:11	149	fixation_point_on	staircase	11	green	right	aware	1	0
831.775	0.000	trigger_21	21	831775	Trigger-In:21	149	grating_on	staircase	11	green	right	aware	1	0
831.825	0.000	trigger_20	20	831825	Trigger-In:20	149	grating_off	staircase	11	green	right	aware	1	0
832.425	0.000	trigger_31	31	832425	Trigger-In:31	149	targets_on_fp_color_change	staircase	11	green	right	aware	1	0
833.115	0.000	trigger_201	201	833115	Trigger-In:201	149	trial_end_completed	staircase	11	green	right	aware	1	0
834.185	0.000	trigger_101	101	834185	Trigger-In:101	150	trial_start	staircase	10	green	left	unaware	1	0
834.290	0.000	trigger_11	11	834290	Trigger-In:11	150	fixation_point_on	staircase	10	green	left	unaware	1	0
834.895	0.000	trigger_21	21	834895	Trigger-In:21	150	grating_on	staircase	10	green	left	unaware	1	0
834.945	0.000	trigger_20	20	834945	Trigger-In:20	150	grating_off	staircase	10	green	left	unaware	1	0
835.545	0.000	trigger_31	31	835545	Trigger-In:31	150	targets_on_fp_color_change	staircase	10	green	left	unaware	1	0
836.175	0.000	trigger_201	201	836175	Trigger-In:201	150	trial_end_completed	staircase	10	green	left	unaware	1	0
837.245	0.000	trigger_101	101	837245	Trigger-In:101	151	trial_start	staircase	11	green	right	aware	1	0
837.410	0.000	trigger_11	11	837410	Trigger-In:11	151	fixation_point_on	staircase	11	green	right	aware	1	0
838.010	0.000	trigger_21	21	838010	Trigger-In:21	151	grating_on	staircase	11	green	right	aware	1	0
838.060	0.000	trigger_20	20	838060	Trigger-In:20	151	grating_off	staircase	11	green	right	aware	1	0
838.665	0.000	trigger_31	31	838665	Trigger-In:31	151	targets_on_fp_color_change	staircase	11	green	right	aware	1	0
839.395	0.000	trigger_201	201	839395	Trigger-In:201	151	trial_end_completed	staircase	11	green	right	aware	1	0
840.470	0.000	trigger_101	101	840470	Trigger-In:101	152	trial_start	staircase	10	green	left	unaware	1	0
840.570	0.000	trigger_11	11	840570	Trigger-In:11	152	fixation_point_on	staircase	10	green	left	unaware	1	0
841.170	0.000	trigger_21	21	841170	Trigger-In:21	152	grating_on	staircase	10	green	left	unaware	1	0
841.220	0.000	trigger_20	20	841220	Trigger-In:20	152	grating_off	staircase	10	green	left	unaware	1	0
841.820	0.000	trigger_31	31	841820	Trigger-In:31	152	targets_on_fp_color_change	staircase	10	green	left	unaware	1	0
842.555	0.000	trigger_201	201	842555	Trigger-In:201	152	trial_end_completed	staircase	10	green	left	unaware	1	0
843.625	0.000	trigger_101	101	843625	Trigger-In:101	153	trial_start	staircase	11	green	left	unaware	1	0
843.730	0.000	trigger_11	11	843730	Trigger-In:11	153	fixation_point_on	staircase	11	green	left	unaware	1	0
844.330	0.000	trigger_21	21	844330	Trigger-In:21	153	grating_on	staircase	11	green	left	unaware	1	0
844.380	0.000	trigger_20	20	844380	Trigger-In:20	153	grating_off	staircase	11	green	left	unaware	1	0
844.985	0.000	trigger_31	31	844985	Trigger-In:31	153	targets_on_fp_color_change	staircase	11	green	left	unaware	1	0
845.620	0.000	trigger_201	201	845620	Trigger-In:201	153	trial_end_completed	staircase	11	green	left	unaware	1	0
846.690	0.000	trigger_101	101	846690	Trigger-In:101	154	trial_start	absent	70	red	left	aware	1	0
846.795	0.000	trigger_11	11	846795	Trigger-In:11	154	fixation_point_on	absent	70	red	left	aware	1	0
847.395	0.000	trigger_21	21	847395	Trigger-In:21	154	grating_on	absent	70	red	left	aware	1	0
847.445	0.000	trigger_20	20	847445	Trigger-In:20	154	grating_off	absent	70	red	left	aware	1	0
848.045	0.000	trigger_31	31	848045	Trigger-In:31	154	targets_on_fp_color_change	absent	70	red	left	aware	1	0
848.650	0.000	trigger_201	201	848650	Trigger-In:201	154	trial_end_completed	absent	70	red	left	aware	1	0
849.720	0.000	trigger_101	101	849720	Trigger-In:101	155	trial_start	staircase	12	green	left	unaware	1	0
849.825	0.000	trigger_11	11	849825	Trigger-In:11	155	fixation_point_on	staircase	12	green	left	unaware	1	0
850.425	0.000	trigger_21	21	850425	Trigger-In:21	155	grating_on	staircase	12	green	left	unaware	1	0
850.480	0.000	trigger_20	20	850480	Trigger-In:20	155	grating_off	staircase	12	green	left	unaware	1	0
851.080	0.000	trigger_31	31	851080	Trigger-In:31	155	targets_on_fp_color_change	staircase	12	green	left	unaware	1	0
851.875	0.000	trigger_201	201	851875	Trigger-In:201	155	trial_end_completed	staircase	12	green	left	unaware	1	0
852.945	0.000	trigger_101	101	852945	Trigger-In:101	156	trial_start	staircase	13	green	left	unaware	1	0
853.050	0.000	trigger_11	11	853050	Trigger-In:11	156	fixation_point_on	staircase	13	green	left	unaware	1	0
853.650	0.000	trigger_21	21	853650	Trigger-In:21	156	grating_on	staircase	13	green	left	unaware	1	0
853.700	0.000	trigger_20	20	853700	Trigger-In:20	156	grating_off	staircase	13	green	left	unaware	1	0
854.300	0.000	trigger_31	31	854300	Trigger-In:31	156	targets_on_fp_color_change	staircase	13	green	left	unaware	1	0
854.995	0.000	trigger_201	201	854995	Trigger-In:201	156	trial_end_completed	staircase	13	green	left	unaware	1	0
856.065	0.000	trigger_101	101	856065	Trigger-In:101	157	trial_start	staircase	14	red	left	aware	1	0
856.170	0.000	trigger_11	11	856170	Trigger-In:11	157	fixation_point_on	staircase	14	red	left	aware	1	0
856.770	0.000	trigger_21	21	856770	Trigger-In:21	157	grating_on	staircase	14	red	left	aware	1	0
856.820	0.000	trigger_20	20	856820	Trigger-In:20	157	grating_off	staircase	14	red	left	aware	1	0
857.420	0.000	trigger_31	31	857420	Trigger-In:31	157	targets_on_fp_color_change	staircase	14	red	left	aware	1	0
858.425	0.000	trigger_201	201	858425	Trigger-In:201	157	trial_end_completed	staircase	14	red	left	aware	1	0
859.500	0.000	trigger_101	101	859500	Trigger-In:101	158	trial_start	staircase	13	red	left	aware	1	0
859.605	0.000	trigger_11	11	859605	Trigger-In:11	158	fixation_point_on	staircase	13	red	left	aware	1	0
860.205	0.000	trigger_21	21	860205	Trigger-In:21	158	grating_on	staircase	13	red	left	aware	1	0
860.255	0.000	trigger_20	20	860255	Trigger-In:20	158	grating_off	staircase	13	red	left	aware	1	0
860.855	0.000	trigger_31	31	860855	Trigger-In:31	158	targets_on_fp_color_change	staircase	13	red	left	aware	1	0
861.630	0.000	trigger_201	201	861630	Trigger-In:201	158	trial_end_completed	staircase	13	red	left	aware	1	0
862.700	0.000	trigger_101	101	862700	Trigger-In:101	159	trial_start	staircase	12	red	right	unaware	1	0
862.805	0.000	trigger_11	11	862805	Trigger-In:11	159	fixation_point_on	staircase	12	red	right	unaware	1	0
863.405	0.000	trigger_21	21	863405	Trigger-In:21	159	grating_on	staircase	12	red	right	unaware	1	0
863.455	0.000	trigger_20	20	863455	Trigger-In:20	159	grating_off	staircase	12	red	right	unaware	1	0
864.055	0.000	trigger_31	31	864055	Trigger-In:31	159	targets_on_fp_color_change	staircase	12	red	right	unaware	1	0
864.940	0.000	trigger_201	201	864940	Trigger-In:201	159	trial_end_completed	staircase	12	red	right	unaware	1	0
866.010	0.000	trigger_101	101	866010	Trigger-In:101	160	trial_start	staircase	13	red	right	unaware	1	0
866.115	0.000	trigger_11	11	866115	Trigger-In:11	160	fixation_point_on	staircase	13	red	right	unaware	1	0
866.715	0.000	trigger_21	21	866715	Trigger-In:21	160	grating_on	staircase	13	red	right	unaware	1	0
866.765	0.000	trigger_20	20	866765	Trigger-In:20	160	grating_off	staircase	13	red	right	unaware	1	0
867.365	0.000	trigger_31	31	867365	Trigger-In:31	160	targets_on_fp_color_change	staircase	13	red	right	unaware	1	0
868.060	0.000	trigger_201	201	868060	Trigger-In:201	160	trial_end_completed	staircase	13	red	right	unaware	1	0
869.130	0.000	trigger_101	101	869130	Trigger-In:101	161	trial_start	staircase	14	green	right	aware	1	0
869.230	0.000	trigger_11	11	869230	Trigger-In:11	161	fixation_point_on	staircase	14	green	right	aware	1	0
869.830	0.000	trigger_21	21	869830	Trigger-In:21	161	grating_on	staircase	14	green	right	aware	1	0
869.880	0.000	trigger_20	20	869880	Trigger-In:20	161	grating_off	staircase	14	green	right	aware	1	0
870.485	0.000	trigger_31	31	870485	Trigger-In:31	161	targets_on_fp_color_change	staircase	14	green	right	aware	1	0
871.035	0.000	trigger_201	201	871035	Trigger-In:201	161	trial_end_completed	staircase	14	green	right	aware	1	0
872.105	0.000	trigger_101	101	872105	Trigger-In:101	162	trial_start	staircase	13	green	left	unaware	1	0
872.210	0.000	trigger_11	11	872210	Trigger-In:11	162	fixation_point_on	staircase	13	green	left	unaware	1	0
872.810	0.000	trigger_21	21	872810	Trigger-In:21	162	grating_on	staircase	13	green	left	unaware	1	0
872.860	0.000	trigger_20	20	872860	Trigger-In:20	162	grating_off	staircase	13	green	left	unaware	1	0
873.460	0.000	trigger_31	31	873460	Trigger-In:31	162	targets_on_fp_color_change	staircase	13	green	left	unaware	1	0
874.265	0.000	trigger_201	201	874265	Trigger-In:201	162	trial_end_completed	staircase	13	green	left	unaware	1	0
875.335	0.000	trigger_101	101	875335	Trigger-In:101	163	trial_start	staircase	14	green	right	aware	1	0
875.435	0.000	trigger_11	11	875435	Trigger-In:11	163	fixation_point_on	staircase	14	green	right	aware	1	0
876.035	0.000	trigger_21	21	876035	Trigger-In:21	163	grating_on	staircase	14	green	right	aware	1	0
876.090	0.000	trigger_20	20	876090	Trigger-In:20	163	grating_off	staircase	14	green	right	aware	1	0
876.690	0.000	trigger_31	31	876690	Trigger-In:31	163	targets_on_fp_color_change	staircase	14	green	right	aware	1	0
877.375	0.000	trigger_201	201	877375	Trigger-In:201	163	trial_end_completed	staircase	14	green	right	aware	1	0
878.450	0.000	trigger_101	101	878450	Trigger-In:101	164	trial_start	staircase	13	red	left	aware	1	0
878.555	0.000	trigger_11	11	878555	Trigger-In:11	164	fixation_point_on	staircase	13	red	left	aware	1	0
879.155	0.000	trigger_21	21	879155	Trigger-In:21	164	grating_on	staircase	13	red	left	aware	1	0
879.205	0.000	trigger_20	20	879205	Trigger-In:20	164	grating_off	staircase	13	red	left	aware	1	0
879.810	0.000	trigger_31	31	879810	Trigger-In:31	164	targets_on_fp_color_change	staircase	13	red	left	aware	1	0
880.415	0.000	trigger_201	201	880415	Trigger-In:201	164	trial_end_completed	staircase	13	red	left	aware	1	0
881.490	0.000	trigger_101	101	881490	Trigger-In:101	165	trial_start	staircase	12	red	right	unaware	1	0
881.595	0.000	trigger_11	11	881595	Trigger-In:11	165	fixation_point_on	staircase	12	red	right	unaware	1	0
882.195	0.000	trigger_21	21	882195	Trigger-In:21	165	grating_on	staircase	12	red	right	unaware	1	0
882.245	0.000	trigger_20	20	882245	Trigger-In:20	165	grating_off	staircase	12	red	right	unaware	1	0
882.845	0.000	trigger_31	31	882845	Trigger-In:31	165	targets_on_fp_color_change	staircase	12	red	right	unaware	1	0
883.660	0.000	trigger_201	201	883660	Trigger-In:201	165	trial_end_completed	staircase	12	red	right	unaware	1	0
884.730	0.000	trigger_101	101	884730	Trigger-In:101	166	trial_start	staircase	13	green	left	unaware	1	0
884.835	0.000	trigger_11	11	884835	Trigger-In:11	166	fixation_point_on	staircase	13	green	left	unaware	1	0
885.435	0.000	trigger_21	21	885435	Trigger-In:21	166	grating_on	staircase	13	green	left	unaware	1	0
885.485	0.000	trigger_20	20	885485	Trigger-In:20	166	grating_off	staircase	13	green	left	unaware	1	0
886.085	0.000	trigger_31	31	886085	Trigger-In:31	166	targets_on_fp_color_change	staircase	13	green	left	unaware	1	0
886.760	0.000	trigger_201	201	886760	Trigger-In:201	166	trial_end_completed	staircase	13	green	left	unaware	1	0
887.835	0.000	trigger_101	101	887835	Trigger-In:101	167	trial_start	staircase	14	green	right	aware	1	0
887.935	0.000	trigger_11	11	887935	Trigger-In:11	167	fixation_point_on	staircase	14	green	right	aware	1	0
888.535	0.000	trigger_21	21	888535	Trigger-In:21	167	grating_on	staircase	14	green	right	aware	1	0
888.585	0.000	trigger_20	20	888585	Trigger-In:20	167	grating_off	staircase	14	green	right	aware	1	0
889.185	0.000	trigger_31	31	889185	Trigger-In:31	167	targets_on_fp_color_change	staircase	14	green	right	aware	1	0
889.765	0.000	trigger_201	201	889765	Trigger-In:201	167	trial_end_completed	staircase	14	green	right	aware	1	0
890.835	0.000	trigger_101	101	890835	Trigger-In:101	168	trial_start	absent	70	green	right	aware	1	0
890.940	0.000	trigger_11	11	890940	Trigger-In:11	168	fixation_point_on	absent	70	green	right	aware	1	0
891.540	0.000	trigger_21	21	891540	Trigger-In:21	168	grating_on	absent	70	green	right	aware	1	0
891.590	0.000	trigger_20	20	891590	Trigger-In:20	168	grating_off	absent	70	green	right	aware	1	0
892.195	0.000	trigger_31	31	892195	Trigger-In:31	168	targets_on_fp_color_change	absent	70	green	right	aware	1	0
892.955	0.000	trigger_201	201	892955	Trigger-In:201	168	trial_end_completed	absent	70	green	right	aware	1	0
894.025	0.000	trigger_101	101	894025	Trigger-In:101	169	trial_start	staircase	13	red	left	aware	1	0
894.130	0.000	trigger_11	11	894130	Trigger-In:11	169	fixation_point_on	staircase	13	red	left	aware	1	0
894.730	0.000	trigger_21	21	894730	Trigger-In:21	169	grating_on	staircase	13	red	left	aware	1	0
894.780	0.000	trigger_20	20	894780	Trigger-In:20	169	grating_off	staircase	13	red	left	aware	1	0
895.380	0.000	trigger_31	31	895380	Trigger-In:31	169	targets_on_fp_color_change	staircase	13	red	left	aware	1	0
896.265	0.000	trigger_201	201	896265	Trigger-In:201	169	trial_end_completed	staircase	13	red	left	aware	1	0
897.335	0.000	trigger_101	101	897335	Trigger-In:101	170	trial_start	staircase	12	red	right	unaware	1	0
897.435	0.000	trigger_11	11	897435	Trigger-In:11	170	fixation_point_on	staircase	12	red	right	unaware	1	0
898.040	0.000	trigger_21	21	898040	Trigger-In:21	170	grating_on	staircase	12	red	right	unaware	1	0
898.090	0.000	trigger_20	20	898090	Trigger-In:20	170	grating_off	staircase	12	red	right	unaware	1	0
898.690	0.000	trigger_31	31	898690	Trigger-In:31	170	targets_on_fp_color_change	staircase	12	red	right	unaware	1	0
899.450	0.000	trigger_201	201	899450	Trigger-In:201	170	trial_end_completed	staircase	12	red	right	unaware	1	0
900.520	0.000	trigger_101	101	900520	Trigger-In:101	171	trial_start	staircase	13	red	right	unaware	1	0
900.625	0.000	trigger_11	11	900625	Trigger-In:11	171	fixation_point_on	staircase	13	red	right	unaware	1	0
901.225	0.000	trigger_21	21	901225	Trigger-In:21	171	grating_on	staircase	13	red	right	unaware	1	0
901.275	0.000	trigger_20	20	901275	Trigger-In:20	171	grating_off	staircase	13	red	right	unaware	1	0
901.875	0.000	trigger_31	31	901875	Trigger-In:31	171	targets_on_fp_color_change	staircase	13	red	right	unaware	1	0
902.495	0.000	trigger_201	201	902495	Trigger-In:201	171	trial_end_completed	staircase	13	red	right	unaware	1	0
903.570	0.000	trigger_101	101	903570	Trigger-In:101	172	trial_start	staircase	14	green	right	aware	1	0
903.670	0.000	trigger_11	11	903670	Trigger-In:11	172	fixation_point_on	staircase	14	green	right	aware	1	0
904.270	0.000	trigger_21	21	904270	Trigger-In:21	172	grating_on	staircase	14	green	right	aware	1	0
904.320	0.000	trigger_20	20	904320	Trigger-In:20	172	grating_off	staircase	14	green	right	aware	1	0
904.925	0.000	trigger_31	31	904925	Trigger-In:31	172	targets_on_fp_color_change	staircase	14	green	right	aware	1	0
905.655	0.000	trigger_201	201	905655	Trigger-In:201	172	trial_end_completed	staircase	14	green	right	aware	1	0
906.730	0.000	trigger_101	101	906730	Trigger-In:101	173	trial_start	staircase	13	green	left	unaware	1	0
906.835	0.000	trigger_11	11	906835	Trigger-In:11	173	fixation_point_on	staircase	13	green	left	unaware	1	0
907.435	0.000	trigger_21	21	907435	Trigger-In:21	173	grating_on	staircase	13	green	left	unaware	1	0
907.485	0.000	trigger_20	20	907485	Trigger-In:20	173	grating_off	staircase	13	green	left	unaware	1	0
908.085	0.000	trigger_31	31	908085	Trigger-In:31	173	targets_on_fp_color_change	staircase	13	green	left	unaware	1	0
908.965	0.000	trigger_201	201	908965	Trigger-In:201	173	trial_end_completed	staircase	13	green	left	unaware	1	0
910.040	0.000	trigger_101	101	910040	Trigger-In:101	174	trial_start	staircase	14	red	right	unaware	1	0
910.140	0.000	trigger_11	11	910140	Trigger-In:11	174	fixation_point_on	staircase	14	red	right	unaware	1	0
910.745	0.000	trigger_21	21	910745	Trigger-In:21	174	grating_on	staircase	14	red	right	unaware	1	0
910.795	0.000	trigger_20	20	910795	Trigger-In:20	174	grating_off	staircase	14	red	right	unaware	1	0
911.395	0.000	trigger_31	31	911395	Trigger-In:31	174	targets_on_fp_color_change	staircase	14	red	right	unaware	1	0
912.105	0.000	trigger_201	201	912105	Trigger-In:201	174	trial_end_completed	staircase	14	red	right	unaware	1	0
913.175	0.000	trigger_101	101	913175	Trigger-In:101	175	trial_start	staircase	15	green	left	unaware	1	0
913.280	0.000	trigger_11	11	913280	Trigger-In:11	175	fixation_point_on	staircase	15	green	left	unaware	1	0
913.880	0.000	trigger_21	21	913880	Trigger-In:21	175	grating_on	staircase	15	green	left	unaware	1	0
913.930	0.000	trigger_20	20	913930	Trigger-In:20	175	grating_off	staircase	15	green	left	unaware	1	0
914.530	0.000	trigger_31	31	914530	Trigger-In:31	175	targets_on_fp_color_change	staircase	15	green	left	unaware	1	0
915.435	0.000	trigger_201	201	915435	Trigger-In:201	175	trial_end_completed	staircase	15	green	left	unaware	1	0
916.505	0.000	trigger_101	101	916505	Trigger-In:101	176	trial_start	absent	70	green	right	aware	1	0
916.605	0.000	trigger_11	11	916605	Trigger-In:11	176	fixation_point_on	absent	70	green	right	aware	1	0
917.205	0.000	trigger_21	21	917205	Trigger-In:21	176	grating_on	absent	70	green	right	aware	1	0
917.260	0.000	trigger_20	20	917260	Trigger-In:20	176	grating_off	absent	70	green	right	aware	1	0
917.860	0.000	trigger_31	31	917860	Trigger-In:31	176	targets_on_fp_color_change	absent	70	green	right	aware	1	0
918.595	0.000	trigger_201	201	918595	Trigger-In:201	176	trial_end_completed	absent	70	green	right	aware	1	0
919.665	0.000	trigger_101	101	919665	Trigger-In:101	177	trial_start	staircase	16	red	right	unaware	1	0
919.775	0.000	trigger_11	11	919775	Trigger-In:11	177	fixation_point_on	staircase	16	red	right	unaware	1	0
920.375	0.000	trigger_21	21	920375	Trigger-In:21	177	grating_on	staircase	16	red	right	unaware	1	0
920.425	0.000	trigger_20	20	920425	Trigger-In:20	177	grating_off	staircase	16	red	right	unaware	1	0
921.025	0.000	trigger_31	31	921025	Trigger-In:31	177	targets_on_fp_color_change	staircase	16	red	right	unaware	1	0
921.885	0.000	trigger_201	201	921885	Trigger-In:201	177	trial_end_completed	staircase	16	red	right	unaware	1	0
922.955	0.000	trigger_101	101	922955	Trigger-In:101	178	trial_start	absent	70	red	left	aware	1	0
923.055	0.000	trigger_11	11	923055	Trigger-In:11	178	fixation_point_on	absent	70	red	left	aware	1	0
923.655	0.000	trigger_21	21	923655	Trigger-In:21	178	grating_on	absent	70	red	left	aware	1	0
923.705	0.000	trigger_20	20	923705	Trigger-In:20	178	grating_off	absent	70	red	left	aware	1	0
924.305	0.000	trigger_31	31	924305	Trigger-In:31	178	targets_on_fp_color_change	absent	70	red	left	aware	1	0
924.995	0.000	trigger_201	201	924995	Trigger-In:201	178	trial_end_completed	absent	70	red	left	aware	1	0
926.070	0.000	trigger_101	101	926070	Trigger-In:101	179	trial_start	salient	0	red	right	unaware	1	0
926.175	0.000	trigger_11	11	926175	Trigger-In:11	179	fixation_point_on	salient	0	red	right	unaware	1	0
926.775	0.000	trigger_21	21	926775	Trigger-In:21	179	grating_on	salient	0	red	right	unaware	1	0
926.825	0.000	trigger_20	20	926825	Trigger-In:20	179	grating_off	salient	0	red	right	unaware	1	0
927.425	0.000	trigger_31	31	927425	Trigger-In:31	179	targets_on_fp_color_change	salient	0	red	right	unaware	1	0
928.115	0.000	trigger_201	201	928115	Trigger-In:201	179	trial_end_completed	salient	0	red	right	unaware	1	0
929.190	0.000	trigger_101	101	929190	Trigger-In:101	180	trial_start	staircase	17	red	left	aware	1	0
929.290	0.000	trigger_11	11	929290	Trigger-In:11	180	fixation_point_on	staircase	17	red	left	aware	1	0
929.890	0.000	trigger_21	21	929890	Trigger-In:21	180	grating_on	staircase	17	red	left	aware	1	0
929.940	0.000	trigger_20	20	929940	Trigger-In:20	180	grating_off	staircase	17	red	left	aware	1	0
930.545	0.000	trigger_31	31	930545	Trigger-In:31	180	targets_on_fp_color_change	staircase	17	red	left	aware	1	0
931.250	0.000	trigger_201	201	931250	Trigger-In:201	180	trial_end_completed	staircase	17	red	left	aware	1	0
