onset	duration	trial_type	value	sample	source_annotation	trial	event_name	stim_presence	contrast	fp_color	response	awareness	trial_complete	fixation_break
42.570	0.000	trigger_101	101	42570	Trigger-In:101	1	trial_start	staircase	20	green	left	unaware	1	0
42.675	0.000	trigger_11	11	42675	Trigger-In:11	1	fixation_point_on	staircase	20	green	left	unaware	1	0
43.280	0.000	trigger_21	21	43280	Trigger-In:21	1	grating_on	staircase	20	green	left	unaware	1	0
43.340	0.000	trigger_20	20	43340	Trigger-In:20	1	grating_off	staircase	20	green	left	unaware	1	0
43.940	0.000	trigger_31	31	43940	Trigger-In:31	1	targets_on_fp_color_change	staircase	20	green	left	unaware	1	0
45.240	0.000	trigger_201	201	45240	Trigger-In:201	1	trial_end_completed	staircase	20	green	left	unaware	1	0
46.495	0.000	trigger_101	101	46495	Trigger-In:101	2	trial_start	absent	70	green	right	aware	1	0
46.605	0.000	trigger_11	11	46605	Trigger-In:11	2	fixation_point_on	absent	70	green	right	aware	1	0
47.205	0.000	trigger_21	21	47205	Trigger-In:21	2	grating_on	absent	70	green	right	aware	1	0
47.255	0.000	trigger_20	20	47255	Trigger-In:20	2	grating_off	absent	70	green	right	aware	1	0
47.855	0.000	trigger_31	31	47855	Trigger-In:31	2	targets_on_fp_color_change	absent	70	green	right	aware	1	0
48.600	0.000	trigger_201	201	48600	Trigger-In:201	2	trial_end_completed	absent	70	green	right	aware	1	0
49.670	0.000	trigger_101	101	49670	Trigger-In:101	3	trial_start	staircase	21	green	right	aware	1	0
49.775	0.000	trigger_11	11	49775	Trigger-In:11	3	fixation_point_on	staircase	21	green	right	aware	1	0
50.375	0.000	trigger_21	21	50375	Trigger-In:21	3	grating_on	staircase	21	green	right	aware	1	0
50.430	0.000	trigger_20	20	50430	Trigger-In:20	3	grating_off	staircase	21	green	right	aware	1	0
51.030	0.000	trigger_31	31	51030	Trigger-In:31	3	targets_on_fp_color_change	staircase	21	green	right	aware	1	0
51.680	0.000	trigger_201	201	51680	Trigger-In:201	3	trial_end_completed	staircase	21	green	right	aware	1	0
52.750	0.000	trigger_101	101	52750	Trigger-In:101	4	trial_start	staircase	20	green	right	aware	1	0
52.855	0.000	trigger_11	11	52855	Trigger-In:11	4	fixation_point_on	staircase	20	green	right	aware	1	0
53.455	0.000	trigger_21	21	53455	Trigger-In:21	4	grating_on	staircase	20	green	right	aware	1	0
53.505	0.000	trigger_20	20	53505	Trigger-In:20	4	grating_off	staircase	20	green	right	aware	1	0
54.105	0.000	trigger_31	31	54105	Trigger-In:31	4	targets_on_fp_color_change	staircase	20	green	right	aware	1	0
54.775	0.000	trigger_201	201	54775	Trigger-In:201	4	trial_end_completed	staircase	20	green	right	aware	1	0
55.845	0.000	trigger_101	101	55845	Trigger-In:101	5	trial_start	staircase	19	green	right	aware	1	0
55.950	0.000	trigger_11	11	55950	Trigger-In:11	5	fixation_point_on	staircase	19	green	right	aware	1	0
56.555	0.000	trigger_21	21	56555	Trigger-In:21	5	grating_on	staircase	19	green	right	aware	1	0
56.610	0.000	trigger_20	20	56610	Trigger-In:20	5	grating_off	staircase	19	green	right	aware	1	0
57.210	0.000	trigger_31	31	57210	Trigger-In:31	5	targets_on_fp_color_change	staircase	19	green	right	aware	1	0
58.210	0.000	trigger_201	201	58210	Trigger-In:201	5	trial_end_completed	staircase	19	green	right	aware	1	0
59.305	0.000	trigger_101	101	59305	Trigger-In:101	6	trial_start	staircase	18	red	left	aware	1	0
59.415	0.000	trigger_11	11	59415	Trigger-In:11	6	fixation_point_on	staircase	18	red	left	aware	1	0
60.015	0.000	trigger_21	21	60015	Trigger-In:21	6	grating_on	staircase	18	red	left	aware	1	0
60.070	0.000	trigger_20	20	60070	Trigger-In:20	6	grating_off	staircase	18	red	left	aware	1	0
60.670	0.000	trigger_31	31	60670	Trigger-In:31	6	targets_on_fp_color_change	staircase	18	red	left	aware	1	0
61.420	0.000	trigger_201	201	61420	Trigger-In:201	6	trial_end_completed	staircase	18	red	left	aware	1	0
62.495	0.000	trigger_101	101	62495	Trigger-In:101	7	trial_start	absent	70	green	right	aware	1	0
62.595	0.000	trigger_11	11	62595	Trigger-In:11	7	fixation_point_on	absent	70	green	right	aware	1	0
63.200	0.000	trigger_21	21	63200	Trigger-In:21	7	grating_on	absent	70	green	right	aware	1	0
63.250	0.000	trigger_20	20	63250	Trigger-In:20	7	grating_off	absent	70	green	right	aware	1	0
63.850	0.000	trigger_31	31	63850	Trigger-In:31	7	targets_on_fp_color_change	absent	70	green	right	aware	1	0
65.190	0.000	trigger_201	201	65190	Trigger-In:201	7	trial_end_completed	absent	70	green	right	aware	1	0
66.305	0.000	trigger_101	101	66305	Trigger-In:101	8	trial_start	staircase	17	red	left	aware	1	0
66.410	0.000	trigger_11	11	66410	Trigger-In:11	8	fixation_point_on	staircase	17	red	left	aware	1	0
67.010	0.000	trigger_21	21	67010	Trigger-In:21	8	grating_on	staircase	17	red	left	aware	1	0
67.060	0.000	trigger_20	20	67060	Trigger-In:20	8	grating_off	staircase	17	red	left	aware	1	0
67.665	0.000	trigger_31	31	67665	Trigger-In:31	8	targets_on_fp_color_change	staircase	17	red	left	aware	1	0
68.505	0.000	trigger_201	201	68505	Trigger-In:201	8	trial_end_completed	staircase	17	red	left	aware	1	0
69.575	0.000	trigger_101	101	69575	Trigger-In:101	9	trial_start	staircase	16	green	right	aware	1	0
69.680	0.000	trigger_11	11	69680	Trigger-In:11	9	fixation_point_on	staircase	16	green	right	aware	1	0
70.280	0.000	trigger_21	21	70280	Trigger-In:21	9	grating_on	staircase	16	green	right	aware	1	0
70.330	0.000	trigger_20	20	70330	Trigger-In:20	9	grating_off	staircase	16	green	right	aware	1	0
70.935	0.000	trigger_31	31	70935	Trigger-In:31	9	targets_on_fp_color_change	staircase	16	green	right	aware	1	0
71.815	0.000	trigger_201	201	71815	Trigger-In:201	9	trial_end_completed	staircase	16	green	right	aware	1	0
72.885	0.000	trigger_101	101	72885	Trigger-In:101	10	trial_start	staircase	15	red	left	aware	1	0
72.990	0.000	trigger_11	11	72990	Trigger-In:11	10	fixation_point_on	staircase	15	red	left	aware	1	0
73.590	0.000	trigger_21	21	73590	Trigger-In:21	10	grating_on	staircase	15	red	left	aware	1	0
73.640	0.000	trigger_20	20	73640	Trigger-In:20	10	grating_off	staircase	15	red	left	aware	1	0
74.240	0.000	trigger_31	31	74240	Trigger-In:31	10	targets_on_fp_color_change	staircase	15	red	left	aware	1	0
75.510	0.000	trigger_201	201	75510	Trigger-In:201	10	trial_end_completed	staircase	15	red	left	aware	1	0
76.580	0.000	trigger_101	101	76580	Trigger-In:101	11	trial_start	staircase	14	red	right	unaware	1	0
76.680	0.000	trigger_11	11	76680	Trigger-In:11	11	fixation_point_on	staircase	14	red	right	unaware	1	0
77.280	0.000	trigger_21	21	77280	Trigger-In:21	11	grating_on	staircase	14	red	right	unaware	1	0
77.330	0.000	trigger_20	20	77330	Trigger-In:20	11	grating_off	staircase	14	red	right	unaware	1	0
77.935	0.000	trigger_31	31	77935	Trigger-In:31	11	targets_on_fp_color_change	staircase	14	red	right	unaware	1	0
79.070	0.000	trigger_201	201	79070	Trigger-In:201	11	trial_end_completed	staircase	14	red	right	unaware	1	0
80.135	0.000	trigger_101	101	80135	Trigger-In:101	12	trial_start	staircase	15	red	left	aware	1	0
80.240	0.000	trigger_11	11	80240	Trigger-In:11	12	fixation_point_on	staircase	15	red	left	aware	1	0
80.840	0.000	trigger_21	21	80840	Trigger-In:21	12	grating_on	staircase	15	red	left	aware	1	0
80.890	0.000	trigger_20	20	80890	Trigger-In:20	12	grating_off	staircase	15	red	left	aware	1	0
81.490	0.000	trigger_31	31	81490	Trigger-In:31	12	targets_on_fp_color_change	staircase	15	red	left	aware	1	0
82.330	0.000	trigger_201	201	82330	Trigger-In:201	12	trial_end_completed	staircase	15	red	left	aware	1	0
83.400	0.000	trigger_101	101	83400	Trigger-In:101	13	trial_start	staircase	14	red	left	aware	1	0
83.505	0.000	trigger_11	11	83505	Trigger-In:11	13	fixation_point_on	staircase	14	red	left	aware	1	0
84.105	0.000	trigger_21	21	84105	Trigger-In:21	13	grating_on	staircase	14	red	left	aware	1	0
84.155	0.000	trigger_20	20	84155	Trigger-In:20	13	grating_off	staircase	14	red	left	aware	1	0
84.755	0.000	trigger_31	31	84755	Trigger-In:31	13	targets_on_fp_color_change	staircase	14	red	left	aware	1	0
85.785	0.000	trigger_201	201	85785	Trigger-In:201	13	trial_end_completed	staircase	14	red	left	aware	1	0
86.850	0.000	trigger_101	101	86850	Trigger-In:101	14	trial_start	staircase	13	green	right	aware	1	0
86.955	0.000	trigger_11	11	86955	Trigger-In:11	14	fixation_point_on	staircase	13	green	right	aware	1	0
87.555	0.000	trigger_21	21	87555	Trigger-In:21	14	grating_on	staircase	13	green	right	aware	1	0
87.605	0.000	trigger_20	20	87605	Trigger-In:20	14	grating_off	staircase	13	green	right	aware	1	0
88.210	0.000	trigger_31	31	88210	Trigger-In:31	14	targets_on_fp_color_change	staircase	13	green	right	aware	1	0
89.265	0.000	trigger_201	201	89265	Trigger-In:201	14	trial_end_completed	staircase	13	green	right	aware	1	0
90.330	0.000	trigger_101	101	90330	Trigger-In:101	15	trial_start	staircase	12	red	left	aware	1	0
90.435	0.000	trigger_11	11	90435	Trigger-In:11	15	fixation_point_on	staircase	12	red	left	aware	1	0
91.035	0.000	trigger_21	21	91035	Trigger-In:21	15	grating_on	staircase	12	red	left	aware	1	0
91.085	0.000	trigger_20	20	91085	Trigger-In:20	15	grating_off	staircase	12	red	left	aware	1	0
91.685	0.000	trigger_31	31	91685	Trigger-In:31	15	targets_on_fp_color_change	staircase	12	red	left	aware	1	0
92.855	0.000	trigger_201	201	92855	Trigger-In:201	15	trial_end_completed	staircase	12	red	left	aware	1	0
93.920	0.000	trigger_101	101	93920	Trigger-In:101	16	trial_start	staircase	11	green	left	unaware	1	0
94.025	0.000	trigger_11	11	94025	Trigger-In:11	16	fixation_point_on	staircase	11	green	left	unaware	1	0
94.625	0.000	trigger_21	21	94625	Trigger-In:21	16	grating_on	staircase	11	green	left	unaware	1	0
94.675	0.000	trigger_20	20	94675	Trigger-In:20	16	grating_off	staircase	11	green	left	unaware	1	0
95.275	0.000	trigger_31	31	95275	Trigger-In:31	16	targets_on_fp_color_change	staircase	11	green	left	unaware	1	0
96.665	0.000	trigger_201	201	96665	Trigger-In:201	16	trial_end_completed	staircase	11	green	left	unaware	1	0
97.730	0.000	trigger_101	101	97730	Trigger-In:101	17	trial_start	staircase	12	red	right	unaware	1	0
97.835	0.000	trigger_11	11	97835	Trigger-In:11	17	fixation_point_on	staircase	12	red	right	unaware	1	0
98.435	0.000	trigger_21	21	98435	Trigger-In:21	17	grating_on	staircase	12	red	right	unaware	1	0
98.485	0.000	trigger_20	20	98485	Trigger-In:20	17	grating_off	staircase	12	red	right	unaware	1	0
99.085	0.000	trigger_31	31	99085	Trigger-In:31	17	targets_on_fp_color_change	staircase	12	red	right	unaware	1	0
99.970	0.000	trigger_201	201	99970	Trigger-In:201	17	trial_end_completed	staircase	12	red	right	unaware	1	0
101.040	0.000	trigger_101	101	101040	Trigger-In:101	18	trial_start	salient	0	red	right	unaware	1	0
101.140	0.000	trigger_11	11	101140	Trigger-In:11	18	fixation_point_on	salient	0	red	right	unaware	1	0
101.740	0.000	trigger_21	21	101740	Trigger-In:21	18	grating_on	salient	0	red	right	unaware	1	0
101.795	0.000	trigger_20	20	101795	Trigger-In:20	18	grating_off	salient	0	red	right	unaware	1	0
102.395	0.000	trigger_31	31	102395	Trigger-In:31	18	targets_on_fp_color_change	salient	0	red	right	unaware	1	0
103.505	0.000	trigger_201	201	103505	Trigger-In:201	18	trial_end_completed	salient	0	red	right	unaware	1	0
104.575	0.000	trigger_101	101	104575	Trigger-In:101	19	trial_start	absent	70	green	right	aware	1	0
104.675	0.000	trigger_11	11	104675	Trigger-In:11	19	fixation_point_on	absent	70	green	right	aware	1	0
105.275	0.000	trigger_21	21	105275	Trigger-In:21	19	grating_on	absent	70	green	right	aware	1	0
105.330	0.000	trigger_20	20	105330	Trigger-In:20	19	grating_off	absent	70	green	right	aware	1	0
105.930	0.000	trigger_31	31	105930	Trigger-In:31	19	targets_on_fp_color_change	absent	70	green	right	aware	1	0
106.900	0.000	trigger_201	201	106900	Trigger-In:201	19	trial_end_completed	absent	70	green	right	aware	1	0
107.965	0.000	trigger_101	101	107965	Trigger-In:101	20	trial_start	staircase	13	green	right	aware	1	0
108.090	0.000	trigger_11	11	108090	Trigger-In:11	20	fixation_point_on	staircase	13	green	right	aware	1	0
108.690	0.000	trigger_21	21	108690	Trigger-In:21	20	grating_on	staircase	13	green	right	aware	1	0
108.740	0.000	trigger_20	20	108740	Trigger-In:20	20	grating_off	staircase	13	green	right	aware	1	0
109.340	0.000	trigger_31	31	109340	Trigger-In:31	20	targets_on_fp_color_change	staircase	13	green	right	aware	1	0
110.505	0.000	trigger_201	201	110505	Trigger-In:201	20	trial_end_completed	staircase	13	green	right	aware	1	0
111.575	0.000	trigger_101	101	111575	Trigger-In:101	21	trial_start	absent	70	green	right	aware	1	0
111.680	0.000	trigger_11	11	111680	Trigger-In:11	21	fixation_point_on	absent	70	green	right	aware	1	0
112.280	0.000	trigger_21	21	112280	Trigger-In:21	21	grating_on	absent	70	green	right	aware	1	0
112.330	0.000	trigger_20	20	112330	Trigger-In:20	21	grating_off	absent	70	green	right	aware	1	0
112.930	0.000	trigger_31	31	112930	Trigger-In:31	21	targets_on_fp_color_change	absent	70	green	right	aware	1	0
113.715	0.000	trigger_201	201	113715	Trigger-In:201	21	trial_end_completed	absent	70	green	right	aware	1	0
114.785	0.000	trigger_101	101	114785	Trigger-In:101	22	trial_start	staircase	12	green	left	unaware	1	0
114.885	0.000	trigger_11	11	114885	Trigger-In:11	22	fixation_point_on	staircase	12	green	left	unaware	1	0
115.490	0.000	trigger_21	21	115490	Trigger-In:21	22	grating_on	staircase	12	green	left	unaware	1	0
115.540	0.000	trigger_20	20	115540	Trigger-In:20	22	grating_off	staircase	12	green	left	unaware	1	0
116.140	0.000	trigger_31	31	116140	Trigger-In:31	22	targets_on_fp_color_change	staircase	12	green	left	unaware	1	0
117.165	0.000	trigger_201	201	117165	Trigger-In:201	22	trial_end_completed	staircase	12	green	left	unaware	1	0
118.230	0.000	trigger_101	101	118230	Trigger-In:101	23	trial_start	salient	0	green	left	unaware	1	0
118.335	0.000	trigger_11	11	118335	Trigger-In:11	23	fixation_point_on	salient	0	green	left	unaware	1	0
118.935	0.000	trigger_21	21	118935	Trigger-In:21	23	grating_on	salient	0	green	left	unaware	1	0
118.985	0.000	trigger_20	20	118985	Trigger-In:20	23	grating_off	salient	0	green	left	unaware	1	0
119.585	0.000	trigger_31	31	119585	Trigger-In:31	23	targets_on_fp_color_change	salient	0	green	left	unaware	1	0
120.750	0.000	trigger_201	201	120750	Trigger-In:201	23	trial_end_completed	salient	0	green	left	unaware	1	0
121.820	0.000	trigger_101	101	121820	Trigger-In:101	24	trial_start	staircase	13	red	right	unaware	1	0
121.925	0.000	trigger_11	11	121925	Trigger-In:11	24	fixation_point_on	staircase	13	red	right	unaware	1	0
122.525	0.000	trigger_21	21	122525	Trigger-In:21	24	grating_on	staircase	13	red	right	unaware	1	0
122.585	0.000	trigger_20	20	122585	Trigger-In:20	24	grating_off	staircase	13	red	right	unaware	1	0
123.180	0.000	trigger_31	31	123180	Trigger-In:31	24	targets_on_fp_color_change	staircase	13	red	right	unaware	1	0
124.585	0.000	trigger_201	201	124585	Trigger-In:201	24	trial_end_completed	staircase	13	red	right	unaware	1	0
125.650	0.000	trigger_101	101	125650	Trigger-In:101	25	trial_start	salient	0	green	left	unaware	1	0
125.760	0.000	trigger_11	11	125760	Trigger-In:11	25	fixation_point_on	salient	0	green	left	unaware	1	0
126.360	0.000	trigger_21	21	126360	Trigger-In:21	25	grating_on	salient	0	green	left	unaware	1	0
126.410	0.000	trigger_20	20	126410	Trigger-In:20	25	grating_off	salient	0	green	left	unaware	1	0
127.010	0.000	trigger_31	31	127010	Trigger-In:31	25	targets_on_fp_color_change	salient	0	green	left	unaware	1	0
128.115	0.000	trigger_201	201	128115	Trigger-In:201	25	trial_end_completed	salient	0	green	left	unaware	1	0
129.185	0.000	trigger_101	101	129185	Trigger-In:101	26	trial_start	staircase	14	green	right	aware	1	0
129.285	0.000	trigger_11	11	129285	Trigger-In:11	26	fixation_point_on	staircase	14	green	right	aware	1	0
129.885	0.000	trigger_21	21	129885	Trigger-In:21	26	grating_on	staircase	14	green	right	aware	1	0
129.940	0.000	trigger_20	20	129940	Trigger-In:20	26	grating_off	staircase	14	green	right	aware	1	0
130.540	0.000	trigger_31	31	130540	Trigger-In:31	26	targets_on_fp_color_change	staircase	14	green	right	aware	1	0
131.290	0.000	trigger_201	201	131290	Trigger-In:201	26	trial_end_completed	staircase	14	green	right	aware	1	0
132.360	0.000	trigger_101	101	132360	Trigger-In:101	27	trial_start	salient	0	red	right	unaware	1	0
132.460	0.000	trigger_11	11	132460	Trigger-In:11	27	fixation_point_on	salient	0	red	right	unaware	1	0
133.060	0.000	trigger_21	21	133060	Trigger-In:21	27	grating_on	salient	0	red	right	unaware	1	0
133.110	0.000	trigger_20	20	133110	Trigger-In:20	27	grating_off	salient	0	red	right	unaware	1	0
133.710	0.000	trigger_31	31	133710	Trigger-In:31	27	targets_on_fp_color_change	salient	0	red	right	unaware	1	0
135.165	0.000	trigger_201	201	135165	Trigger-In:201	27	trial_end_completed	salient	0	red	right	unaware	1	0
136.230	0.000	trigger_101	101	136230	Trigger-In:101	28	trial_start	staircase	13	red	left	aware	1	0
136.335	0.000	trigger_11	11	136335	Trigger-In:11	28	fixation_point_on	staircase	13	red	left	aware	1	0
136.935	0.000	trigger_21	21	136935	Trigger-In:21	28	grating_on	staircase	13	red	left	aware	1	0
136.985	0.000	trigger_20	20	136985	Trigger-In:20	28	grating_off	staircase	13	red	left	aware	1	0
137.585	0.000	trigger_31	31	137585	Trigger-In:31	28	targets_on_fp_color_change	staircase	13	red	left	aware	1	0
138.525	0.000	trigger_201	201	138525	Trigger-In:201	28	trial_end_completed	staircase	13	red	left	aware	1	0
139.590	0.000	trigger_101	101	139590	Trigger-In:101	29	trial_start	staircase	12	green	right	aware	1	0
139.695	0.000	trigger_11	11	139695	Trigger-In:11	29	fixation_point_on	staircase	12	green	right	aware	1	0
140.295	0.000	trigger_21	21	140295	Trigger-In:21	29	grating_on	staircase	12	green	right	aware	1	0
140.345	0.000	trigger_20	20	140345	Trigger-In:20	29	grating_off	staircase	12	green	right	aware	1	0
140.945	0.000	trigger_31	31	140945	Trigger-In:31	29	targets_on_fp_color_change	staircase	12	green	right	aware	1	0
141.750	0.000	trigger_201	201	141750	Trigger-In:201	29	trial_end_completed	staircase	12	green	right	aware	1	0
142.820	0.000	trigger_101	101	142820	Trigger-In:101	30	trial_start	staircase	11	red	right	unaware	1	0
142.920	0.000	trigger_11	11	142920	Trigger-In:11	30	fixation_point_on	staircase	11	red	right	unaware	1	0
143.520	0.000	trigger_21	21	143520	Trigger-In:21	30	grating_on	staircase	11	red	right	unaware	1	0
143.575	0.000	trigger_20	20	143575	Trigger-In:20	30	grating_off	staircase	11	red	right	unaware	1	0
144.175	0.000	trigger_31	31	144175	Trigger-In:31	30	targets_on_fp_color_change	staircase	11	red	right	unaware	1	0
145.190	0.000	trigger_201	201	145190	Trigger-In:201	30	trial_end_completed	staircase	11	red	right	unaware	1	0
146.255	0.000	trigger_101	101	146255	Trigger-In:101	31	trial_start	staircase	12	green	left	unaware	1	0
146.365	0.000	trigger_11	11	146365	Trigger-In:11	31	fixation_point_on	staircase	12	green	left	unaware	1	0
146.965	0.000	trigger_21	21	146965	Trigger-In:21	31	grating_on	staircase	12	green	left	unaware	1	0
147.015	0.000	trigger_20	20	147015	Trigger-In:20	31	grating_off	staircase	12	green	left	unaware	1	0
147.615	0.000	trigger_31	31	147615	Trigger-In:31	31	targets_on_fp_color_change	staircase	12	green	left	unaware	1	0
148.685	0.000	trigger_201	201	148685	Trigger-In:201	31	trial_end_completed	staircase	12	green	left	unaware	1	0
149.750	0.000	trigger_101	101	149750	Trigger-In:101	32	trial_start	staircase	13	red	left	aware	1	0
149.855	0.000	trigger_11	11	149855	Trigger-In:11	32	fixation_point_on	staircase	13	red	left	aware	1	0
150.455	0.000	trigger_21	21	150455	Trigger-In:21	32	grating_on	staircase	13	red	left	aware	1	0
150.505	0.000	trigger_20	20	150505	Trigger-In:20	32	grating_off	staircase	13	red	left	aware	1	0
151.105	0.000	trigger_31	31	151105	Trigger-In:31	32	targets_on_fp_color_change	staircase	13	red	left	aware	1	0
152.095	0.000	trigger_201	201	152095	Trigger-In:201	32	trial_end_completed	staircase	13	red	left	aware	1	0
153.160	0.000	trigger_101	101	153160	Trigger-In:101	33	trial_start	salient	0	red	right	unaware	1	0
153.265	0.000	trigger_11	11	153265	Trigger-In:11	33	fixation_point_on	salient	0	red	right	unaware	1	0
153.865	0.000	trigger_21	21	153865	Trigger-In:21	33	grating_on	salient	0	red	right	unaware	1	0
153.915	0.000	trigger_20	20	153915	Trigger-In:20	33	grating_off	salient	0	red	right	unaware	1	0
154.515	0.000	trigger_31	31	154515	Trigger-In:31	33	targets_on_fp_color_change	salient	0	red	right	unaware	1	0
155.795	0.000	trigger_201	201	155795	Trigger-In:201	33	trial_end_completed	salient	0	red	right	unaware	1	0
156.860	0.000	trigger_101	101	156860	Trigger-In:101	34	trial_start	staircase	12	green	left	unaware	1	0
156.965	0.000	trigger_11	11	156965	Trigger-In:11	34	fixation_point_on	staircase	12	green	left	unaware	1	0
157.565	0.000	trigger_21	21	157565	Trigger-In:21	34	grating_on	staircase	12	green	left	unaware	1	0
157.620	0.000	trigger_20	20	157620	Trigger-In:20	34	grating_off	staircase	12	green	left	unaware	1	0
158.220	0.000	trigger_31	31	158220	Trigger-In:31	34	targets_on_fp_color_change	staircase	12	green	left	unaware	1	0
159.145	0.000	trigger_201	201	159145	Trigger-In:201	34	trial_end_completed	staircase	12	green	left	unaware	1	0
160.210	0.000	trigger_101	101	160210	Trigger-In:101	35	trial_start	staircase	13	red	right	unaware	1	0
160.315	0.000	trigger_11	11	160315	Trigger-In:11	35	fixation_point_on	staircase	13	red	right	unaware	1	0
160.915	0.000	trigger_21	21	160915	Trigger-In:21	35	grating_on	staircase	13	red	right	unaware	1	0
160.965	0.000	trigger_20	20	160965	Trigger-In:20	35	grating_off	staircase	13	red	right	unaware	1	0
161.565	0.000	trigger_31	31	161565	Trigger-In:31	35	targets_on_fp_color_change	staircase	13	red	right	unaware	1	0
162.700	0.000	trigger_201	201	162700	Trigger-In:201	35	trial_end_completed	staircase	13	red	right	unaware	1	0
163.765	0.000	trigger_101	101	163765	Trigger-In:101	36	trial_start	salient	0	green	left	unaware	1	0
163.870	0.000	trigger_11	11	163870	Trigger-In:11	36	fixation_point_on	salient	0	green	left	unaware	1	0
164.470	0.000	trigger_21	21	164470	Trigger-In:21	36	grating_on	salient	0	green	left	unaware	1	0
164.520	0.000	trigger_20	20	164520	Trigger-In:20	36	grating_off	salient	0	green	left	unaware	1	0
165.125	0.000	trigger_31	31	165125	Trigger-In:31	36	targets_on_fp_color_change	salient	0	green	left	unaware	1	0
166.185	0.000	trigger_201	201	166185	Trigger-In:201	36	trial_end_completed	salient	0	green	left	unaware	1	0
167.250	0.000	trigger_101	101	167250	Trigger-In:101	37	trial_start	staircase	14	green	right	aware	1	0
167.355	0.000	trigger_11	11	167355	Trigger-In:11	37	fixation_point_on	staircase	14	green	right	aware	1	0
167.955	0.000	trigger_21	21	167955	Trigger-In:21	37	grating_on	staircase	14	green	right	aware	1	0
168.005	0.000	trigger_20	20	168005	Trigger-In:20	37	grating_off	staircase	14	green	right	aware	1	0
168.605	0.000	trigger_31	31	168605	Trigger-In:31	37	targets_on_fp_color_change	staircase	14	green	right	aware	1	0
169.280	0.000	trigger_201	201	169280	Trigger-In:201	37	trial_end_completed	staircase	14	green	right	aware	1	0
170.345	0.000	trigger_101	101	170345	Trigger-In:101	38	trial_start	staircase	13	red	left	aware	1	0
170.450	0.000	trigger_11	11	170450	Trigger-In:11	38	fixation_point_on	staircase	13	red	left	aware	1	0
171.050	0.000	trigger_21	21	171050	Trigger-In:21	38	grating_on	staircase	13	red	left	aware	1	0
171.105	0.000	trigger_20	20	171105	Trigger-In:20	38	grating_off	staircase	13	red	left	aware	1	0
171.705	0.000	trigger_31	31	171705	Trigger-In:31	38	targets_on_fp_color_change	staircase	13	red	left	aware	1	0
173.360	0.000	trigger_201	201	173360	Trigger-In:201	38	trial_end_completed	staircase	13	red	left	aware	1	0
174.425	0.000	trigger_101	101	174425	Trigger-In:101	39	trial_start	salient	0	red	right	unaware	1	0
174.530	0.000	trigger_11	11	174530	Trigger-In:11	39	fixation_point_on	salient	0	red	right	unaware	1	0
175.130	0.000	trigger_21	21	175130	Trigger-In:21	39	grating_on	salient	0	red	right	unaware	1	0
175.180	0.000	trigger_20	20	175180	Trigger-In:20	39	grating_off	salient	0	red	right	unaware	1	0
175.780	0.000	trigger_31	31	175780	Trigger-In:31	39	targets_on_fp_color_change	salient	0	red	right	unaware	1	0
176.905	0.000	trigger_201	201	176905	Trigger-In:201	39	trial_end_completed	salient	0	red	right	unaware	1	0
177.975	0.000	trigger_101	101	177975	Trigger-In:101	40	trial_start	staircase	12	red	left	aware	1	0
178.075	0.000	trigger_11	11	178075	Trigger-In:11	40	fixation_point_on	staircase	12	red	left	aware	1	0
178.680	0.000	trigger_21	21	178680	Trigger-In:21	40	grating_on	staircase	12	red	left	aware	1	0
178.730	0.000	trigger_20	20	178730	Trigger-In:20	40	grating_off	staircase	12	red	left	aware	1	0
179.330	0.000	trigger_31	31	179330	Trigger-In:31	40	targets_on_fp_color_change	staircase	12	red	left	aware	1	0
180.585	0.000	trigger_201	201	180585	Trigger-In:201	40	trial_end_completed	staircase	12	red	left	aware	1	0
181.650	0.000	trigger_101	101	181650	Trigger-In:101	41	trial_start	staircase	11	red	right	unaware	1	0
181.755	0.000	trigger_11	11	181755	Trigger-In:11	41	fixation_point_on	staircase	11	red	right	unaware	1	0
182.355	0.000	trigger_21	21	182355	Trigger-In:21	41	grating_on	staircase	11	red	right	unaware	1	0
182.410	0.000	trigger_20	20	182410	Trigger-In:20	41	grating_off	staircase	11	red	right	unaware	1	0
183.010	0.000	trigger_31	31	183010	Trigger-In:31	41	targets_on_fp_color_change	staircase	11	red	right	unaware	1	0
183.900	0.000	trigger_201	201	183900	Trigger-In:201	41	trial_end_completed	staircase	11	red	right	unaware	1	0
184.970	0.000	trigger_101	101	184970	Trigger-In:101	42	trial_start	staircase	12	green	left	unaware	1	0
185.070	0.000	trigger_11	11	185070	Trigger-In:11	42	fixation_point_on	staircase	12	green	left	unaware	1	0
185.675	0.000	trigger_21	21	185675	Trigger-In:21	42	grating_on	staircase	12	green	left	unaware	1	0
185.725	0.000	trigger_20	20	185725	Trigger-In:20	42	grating_off	staircase	12	green	left	unaware	1	0
186.325	0.000	trigger_31	31	186325	Trigger-In:31	42	targets_on_fp_color_change	staircase	12	green	left	unaware	1	0
187.700	0.000	trigger_201	201	187700	Trigger-In:201	42	trial_end_completed	staircase	12	green	left	unaware	1	0
188.765	0.000	trigger_101	101	188765	Trigger-In:101	43	trial_start	salient	0	green	left	unaware	1	0
188.870	0.000	trigger_11	11	188870	Trigger-In:11	43	fixation_point_on	salient	0	green	left	unaware	1	0
189.470	0.000	trigger_21	21	189470	Trigger-In:21	43	grating_on	salient	0	green	left	unaware	1	0
189.520	0.000	trigger_20	20	189520	Trigger-In:20	43	grating_off	salient	0	green	left	unaware	1	0
190.120	0.000	trigger_31	31	190120	Trigger-In:31	43	targets_on_fp_color_change	salient	0	green	left	unaware	1	0
191.080	0.000	trigger_201	201	191080	Trigger-In:201	43	trial_end_completed	salient	0	green	left	unaware	1	0
192.150	0.000	trigger_101	101	192150	Trigger-In:101	44	trial_start	staircase	13	green	left	unaware	1	0
192.250	0.000	trigger_11	11	192250	Trigger-In:11	44	fixation_point_on	staircase	13	green	left	unaware	1	0
192.855	0.000	trigger_21	21	192855	Trigger-In:21	44	grating_on	staircase	13	green	left	unaware	1	0
192.905	0.000	trigger_20	20	192905	Trigger-In:20	44	grating_off	staircase	13	green	left	unaware	1	0
193.505	0.000	trigger_31	31	193505	Trigger-In:31	44	targets_on_fp_color_change	staircase	13	green	left	unaware	1	0
194.470	0.000	trigger_201	201	194470	Trigger-In:201	44	trial_end_completed	staircase	13	green	left	unaware	1	0
195.535	0.000	trigger_101	101	195535	Trigger-In:101	45	trial_start	absent	70	green	right	aware	1	0
195.640	0.000	trigger_11	11	195640	Trigger-In:11	45	fixation_point_on	absent	70	green	right	aware	1	0
196.240	0.000	trigger_21	21	196240	Trigger-In:21	45	grating_on	absent	70	green	right	aware	1	0
196.290	0.000	trigger_20	20	196290	Trigger-In:20	45	grating_off	absent	70	green	right	aware	1	0
196.890	0.000	trigger_31	31	196890	Trigger-In:31	45	targets_on_fp_color_change	absent	70	green	right	aware	1	0
197.820	0.000	trigger_201	201	197820	Trigger-In:201	45	trial_end_completed	absent	70	green	right	aware	1	0
198.885	0.000	trigger_101	101	198885	Trigger-In:101	46	trial_start	staircase	14	red	right	unaware	1	0
199.060	0.000	trigger_11	11	199060	Trigger-In:11	46	fixation_point_on	staircase	14	red	right	unaware	1	0
199.660	0.000	trigger_21	21	199660	Trigger-In:21	46	grating_on	staircase	14	red	right	unaware	1	0
199.710	0.000	trigger_20	20	199710	Trigger-In:20	46	grating_off	staircase	14	red	right	unaware	1	0
200.310	0.000	trigger_31	31	200310	Trigger-In:31	46	targets_on_fp_color_change	staircase	14	red	right	unaware	1	0
201.270	0.000	trigger_201	201	201270	Trigger-In:201	46	trial_end_completed	staircase	14	red	right	unaware	1	0
202.340	0.000	trigger_101	101	202340	Trigger-In:101	47	trial_start	staircase	15	green	right	aware	1	0
202.445	0.000	trigger_11	11	202445	Trigger-In:11	47	fixation_point_on	staircase	15	green	right	aware	1	0
203.045	0.000	trigger_21	21	203045	Trigger-In:21	47	grating_on	staircase	15	green	right	aware	1	0
203.095	0.000	trigger_20	20	203095	Trigger-In:20	47	grating_off	staircase	15	green	right	aware	1	0
203.695	0.000	trigger_31	31	203695	Trigger-In:31	47	targets_on_fp_color_change	staircase	15	green	right	aware	1	0
204.600	0.000	trigger_201	201	204600	Trigger-In:201	47	trial_end_completed	staircase	15	green	right	aware	1	0
205.670	0.000	trigger_101	101	205670	Trigger-In:101	48	trial_start	staircase	14	red	left	aware	1	0
205.775	0.000	trigger_11	11	205775	Trigger-In:11	48	fixation_point_on	staircase	14	red	left	aware	1	0
206.375	0.000	trigger_21	21	206375	Trigger-In:21	48	grating_on	staircase	14	red	left	aware	1	0
206.430	0.000	trigger_20	20	206430	Trigger-In:20	48	grating_off	staircase	14	red	left	aware	1	0
207.030	0.000	trigger_31	31	207030	Trigger-In:31	48	targets_on_fp_color_change	staircase	14	red	left	aware	1	0
207.910	0.000	trigger_201	201	207910	Trigger-In:201	48	trial_end_completed	staircase	14	red	left	aware	1	0
208.975	0.000	trigger_101	101	208975	Trigger-In:101	49	trial_start	staircase	13	red	left	aware	1	0
209.080	0.000	trigger_11	11	209080	Trigger-In:11	49	fixation_point_on	staircase	13	red	left	aware	1	0
209.680	0.000	trigger_21	21	209680	Trigger-In:21	49	grating_on	staircase	13	red	left	aware	1	0
209.730	0.000	trigger_20	20	209730	Trigger-In:20	49	grating_off	staircase	13	red	left	aware	1	0
210.330	0.000	trigger_31	31	210330	Trigger-In:31	49	targets_on_fp_color_change	staircase	13	red	left	aware	1	0
211.160	0.000	trigger_201	201	211160	Trigger-In:201	49	trial_end_completed	staircase	13	red	left	aware	1	0
212.230	0.000	trigger_101	101	212230	Trigger-In:101	50	trial_start	salient	0	green	right	aware	1	0
212.330	0.000	trigger_11	11	212330	Trigger-In:11	50	fixation_point_on	salient	0	green	right	aware	1	0
212.935	0.000	trigger_21	21	212935	Trigger-In:21	50	grating_on	salient	0	green	right	aware	1	0
212.985	0.000	trigger_20	20	212985	Trigger-In:20	50	grating_off	salient	0	green	right	aware	1	0
213.585	0.000	trigger_31	31	213585	Trigger-In:31	50	targets_on_fp_color_change	salient	0	green	right	aware	1	0
214.720	0.000	trigger_201	201	214720	Trigger-In:201	50	trial_end_completed	salient	0	green	right	aware	1	0
216.040	0.000	trigger_101	101	216040	Trigger-In:101	51	trial_start	staircase	12	red	left	aware	1	0
216.150	0.000	trigger_11	11	216150	Trigger-In:11	51	fixation_point_on	staircase	12	red	left	aware	1	0
216.750	0.000	trigger_21	21	216750	Trigger-In:21	51	grating_on	staircase	12	red	left	aware	1	0
216.800	0.000	trigger_20	20	216800	Trigger-In:20	51	grating_off	staircase	12	red	left	aware	1	0
217.400	0.000	trigger_31	31	217400	Trigger-In:31	51	targets_on_fp_color_change	staircase	12	red	left	aware	1	0
218.705	0.000	trigger_201	201	218705	Trigger-In:201	51	trial_end_completed	staircase	12	red	left	aware	1	0
219.770	0.000	trigger_101	101	219770	Trigger-In:101	52	trial_start	staircase	11	red	right	unaware	1	0
219.875	0.000	trigger_11	11	219875	Trigger-In:11	52	fixation_point_on	staircase	11	red	right	unaware	1	0
220.475	0.000	trigger_21	21	220475	Trigger-In:21	52	grating_on	staircase	11	red	right	unaware	1	0
220.525	0.000	trigger_20	20	220525	Trigger-In:20	52	grating_off	staircase	11	red	right	unaware	1	0
221.130	0.000	trigger_31	31	221130	Trigger-In:31	52	targets_on_fp_color_change	staircase	11	red	right	unaware	1	0
223.100	0.000	trigger_201	201	223100	Trigger-In:201	52	trial_end_completed	staircase	11	red	right	unaware	1	0
224.170	0.000	trigger_101	101	224170	Trigger-In:101	53	trial_start	salient	0	red	right	unaware	1	0
224.495	0.000	trigger_11	11	224495	Trigger-In:11	53	fixation_point_on	salient	0	red	right	unaware	1	0
225.095	0.000	trigger_21	21	225095	Trigger-In:21	53	grating_on	salient	0	red	right	unaware	1	0
225.145	0.000	trigger_20	20	225145	Trigger-In:20	53	grating_off	salient	0	red	right	unaware	1	0
225.745	0.000	trigger_31	31	225745	Trigger-In:31	53	targets_on_fp_color_change	salient	0	red	right	unaware	1	0
226.510	0.000	trigger_201	201	226510	Trigger-In:201	53	trial_end_completed	salient	0	red	right	unaware	1	0
227.575	0.000	trigger_101	101	227575	Trigger-In:101	54	trial_start	staircase	12	red	left	aware	1	0
227.680	0.000	trigger_11	11	227680	Trigger-In:11	54	fixation_point_on	staircase	12	red	left	aware	1	0
228.280	0.000	trigger_21	21	228280	Trigger-In:21	54	grating_on	staircase	12	red	left	aware	1	0
228.330	0.000	trigger_20	20	228330	Trigger-In:20	54	grating_off	staircase	12	red	left	aware	1	0
228.930	0.000	trigger_31	31	228930	Trigger-In:31	54	targets_on_fp_color_change	staircase	12	red	left	aware	1	0
230.580	0.000	trigger_201	201	230580	Trigger-In:201	54	trial_end_completed	staircase	12	red	left	aware	1	0
231.645	0.000	trigger_101	101	231645	Trigger-In:101	55	trial_start	staircase	11	green	left	unaware	1	0
231.750	0.000	trigger_11	11	231750	Trigger-In:11	55	fixation_point_on	staircase	11	green	left	unaware	1	0
232.350	0.000	trigger_21	21	232350	Trigger-In:21	55	grating_on	staircase	11	green	left	unaware	1	0
232.400	0.000	trigger_20	20	232400	Trigger-In:20	55	grating_off	staircase	11	green	left	unaware	1	0
233.005	0.000	trigger_31	31	233005	Trigger-In:31	55	targets_on_fp_color_change	staircase	11	green	left	unaware	1	0
234.190	0.000	trigger_201	201	234190	Trigger-In:201	55	trial_end_completed	staircase	11	green	left	unaware	1	0
235.260	0.000	trigger_101	101	235260	Trigger-In:101	56	trial_start	salient	0	green	left	unaware	1	0
235.360	0.000	trigger_11	11	235360	Trigger-In:11	56	fixation_point_on	salient	0	green	left	unaware	1	0
235.965	0.000	trigger_21	21	235965	Trigger-In:21	56	grating_on	salient	0	green	left	unaware	1	0
236.015	0.000	trigger_20	20	236015	Trigger-In:20	56	grating_off	salient	0	green	left	unaware	1	0
236.615	0.000	trigger_31	31	236615	Trigger-In:31	56	targets_on_fp_color_change	salient	0	green	left	unaware	1	0
237.795	0.000	trigger_201	201	237795	Trigger-In:201	56	trial_end_completed	salient	0	green	left	unaware	1	0
238.860	0.000	trigger_101	101	238860	Trigger-In:101	57	trial_start	staircase	12	red	left	aware	1	0
238.965	0.000	trigger_11	11	238965	Trigger-In:11	57	fixation_point_on	staircase	12	red	left	aware	1	0
239.565	0.000	trigger_21	21	239565	Trigger-In:21	57	grating_on	staircase	12	red	left	aware	1	0
239.615	0.000	trigger_20	20	239615	Trigger-In:20	57	grating_off	staircase	12	red	left	aware	1	0
240.215	0.000	trigger_31	31	240215	Trigger-In:31	57	targets_on_fp_color_change	staircase	12	red	left	aware	1	0
241.335	0.000	trigger_201	201	241335	Trigger-In:201	57	trial_end_completed	staircase	12	red	left	aware	1	0
242.400	0.000	trigger_101	101	242400	Trigger-In:101	58	trial_start	staircase	11	green	left	unaware	1	0
242.590	0.000	trigger_11	11	242590	Trigger-In:11	58	fixation_point_on	staircase	11	green	left	unaware	1	0
243.190	0.000	trigger_21	21	243190	Trigger-In:21	58	grating_on	staircase	11	green	left	unaware	1	0
243.240	0.000	trigger_20	20	243240	Trigger-In:20	58	grating_off	staircase	11	green	left	unaware	1	0
243.840	0.000	trigger_31	31	243840	Trigger-In:31	58	targets_on_fp_color_change	staircase	11	green	left	unaware	1	0
244.945	0.000	trigger_201	201	244945	Trigger-In:201	58	trial_end_completed	staircase	11	green	left	unaware	1	0
246.015	0.000	trigger_101	101	246015	Trigger-In:101	59	trial_start	staircase	12	green	left	unaware	1	0
246.115	0.000	trigger_11	11	246115	Trigger-In:11	59	fixation_point_on	staircase	12	green	left	unaware	1	0
246.715	0.000	trigger_21	21	246715	Trigger-In:21	59	grating_on	staircase	12	green	left	unaware	1	0
246.770	0.000	trigger_20	20	246770	Trigger-In:20	59	grating_off	staircase	12	green	left	unaware	1	0
247.370	0.000	trigger_31	31	247370	Trigger-In:31	59	targets_on_fp_color_change	staircase	12	green	left	unaware	1	0
248.175	0.000	trigger_201	201	248175	Trigger-In:201	59	trial_end_completed	staircase	12	green	left	unaware	1	0
249.245	0.000	trigger_101	101	249245	Trigger-In:101	60	trial_start	salient	0	green	left	unaware	1	0
249.345	0.000	trigger_11	11	249345	Trigger-In:11	60	fixation_point_on	salient	0	green	left	unaware	1	0
249.945	0.000	trigger_21	21	249945	Trigger-In:21	60	grating_on	salient	0	green	left	unaware	1	0
249.995	0.000	trigger_20	20	249995	Trigger-In:20	60	grating_off	salient	0	green	left	unaware	1	0
250.600	0.000	trigger_31	31	250600	Trigger-In:31	60	targets_on_fp_color_change	salient	0	green	left	unaware	1	0
251.555	0.000	trigger_201	201	251555	Trigger-In:201	60	trial_end_completed	salient	0	green	left	unaware	1	0
252.620	0.000	trigger_101	101	252620	Trigger-In:101	61	trial_start	absent	70	red	left	aware	1	0
252.725	0.000	trigger_11	11	252725	Trigger-In:11	61	fixation_point_on	absent	70	red	left	aware	1	0
253.325	0.000	trigger_21	21	253325	Trigger-In:21	61	grating_on	absent	70	red	left	aware	1	0
253.975	0.000	trigger_31	31	253975	Trigger-In:31	61	targets_on_fp_color_change	absent	70	red	left	aware	1	0
255.275	0.000	trigger_201	201	255275	Trigger-In:201	61	trial_end_completed	absent	70	red	left	aware	1	0
256.345	0.000	trigger_101	101	256345	Trigger-In:101	62	trial_start	staircase	13	red	right	unaware	1	0
256.455	0.000	trigger_11	11	256455	Trigger-In:11	62	fixation_point_on	staircase	13	red	right	unaware	1	0
257.055	0.000	trigger_21	21	257055	Trigger-In:21	62	grating_on	staircase	13	red	right	unaware	1	0
257.105	0.000	trigger_20	20	257105	Trigger-In:20	62	grating_off	staircase	13	red	right	unaware	1	0
257.705	0.000	trigger_31	31	257705	Trigger-In:31	62	targets_on_fp_color_change	staircase	13	red	right	unaware	1	0
259.100	0.000	trigger_201	201	259100	Trigger-In:201	62	trial_end_completed	staircase	13	red	right	unaware	1	0
260.165	0.000	trigger_101	101	260165	Trigger-In:101	63	trial_start	salient	0	red	right	unaware	1	0
260.265	0.000	trigger_11	11	260265	Trigger-In:11	63	fixation_point_on	salient	0	red	right	unaware	1	0
260.870	0.000	trigger_21	21	260870	Trigger-In:21	63	grating_on	salient	0	red	right	unaware	1	0
260.920	0.000	trigger_20	20	260920	Trigger-In:20	63	grating_off	salient	0	red	right	unaware	1	0
261.520	0.000	trigger_31	31	261520	Trigger-In:31	63	targets_on_fp_color_change	salient	0	red	right	unaware	1	0
262.760	0.000	trigger_201	201	262760	Trigger-In:201	63	trial_end_completed	salient	0	red	right	unaware	1	0
263.830	0.000	trigger_101	101	263830	Trigger-In:101	64	trial_start	staircase	14	red	left	aware	1	0
263.930	0.000	trigger_11	11	263930	Trigger-In:11	64	fixation_point_on	staircase	14	red	left	aware	1	0
264.530	0.000	trigger_21	21	264530	Trigger-In:21	64	grating_on	staircase	14	red	left	aware	1	0
264.585	0.000	trigger_20	20	264585	Trigger-In:20	64	grating_off	staircase	14	red	left	aware	1	0
265.185	0.000	trigger_31	31	265185	Trigger-In:31	64	targets_on_fp_color_change	staircase	14	red	left	aware	1	0
266.055	0.000	trigger_201	201	266055	Trigger-In:201	64	trial_end_completed	staircase	14	red	left	aware	1	0
267.125	0.000	trigger_101	101	267125	Trigger-In:101	65	trial_start	staircase	13	green	right	aware	1	0
267.230	0.000	trigger_11	11	267230	Trigger-In:11	65	fixation_point_on	staircase	13	green	right	aware	1	0
267.830	0.000	trigger_21	21	267830	Trigger-In:21	65	grating_on	staircase	13	green	right	aware	1	0
267.880	0.000	trigger_20	20	267880	Trigger-In:20	65	grating_off	staircase	13	green	right	aware	1	0
268.480	0.000	trigger_31	31	268480	Trigger-In:31	65	targets_on_fp_color_change	staircase	13	green	right	aware	1	0
269.585	0.000	trigger_201	201	269585	Trigger-In:201	65	trial_end_completed	staircase	13	green	right	aware	1	0
270.655	0.000	trigger_101	101	270655	Trigger-In:101	66	trial_start	staircase	12	red	right	unaware	1	0
270.760	0.000	trigger_11	11	270760	Trigger-In:11	66	fixation_point_on	staircase	12	red	right	unaware	1	0
271.360	0.000	trigger_21	21	271360	Trigger-In:21	66	grating_on	staircase	12	red	right	unaware	1	0
271.410	0.000	trigger_20	20	271410	Trigger-In:20	66	grating_off	staircase	12	red	right	unaware	1	0
272.010	0.000	trigger_31	31	272010	Trigger-In:31	66	targets_on_fp_color_change	staircase	12	red	right	unaware	1	0
273.100	0.000	trigger_201	201	273100	Trigger-In:201	66	trial_end_completed	staircase	12	red	right	unaware	1	0
274.165	0.000	trigger_101	101	274165	Trigger-In:101	67	trial_start	staircase	13	red	left	aware	1	0
274.270	0.000	trigger_11	11	274270	Trigger-In:11	67	fixation_point_on	staircase	13	red	left	aware	1	0
274.875	0.000	trigger_21	21	274875	Trigger-In:21	67	grating_on	staircase	13	red	left	aware	1	0
274.925	0.000	trigger_20	20	274925	Trigger-In:20	67	grating_off	staircase	13	red	left	aware	1	0
275.525	0.000	trigger_31	31	275525	Trigger-In:31	67	targets_on_fp_color_change	staircase	13	red	left	aware	1	0
276.145	0.000	trigger_201	201	276145	Trigger-In:201	67	trial_end_completed	staircase	13	red	left	aware	1	0
277.215	0.000	trigger_101	101	277215	Trigger-In:101	68	trial_start	staircase	12	green	right	aware	1	0
277.315	0.000	trigger_11	11	277315	Trigger-In:11	68	fixation_point_on	staircase	12	green	right	aware	1	0
277.920	0.000	trigger_21	21	277920	Trigger-In:21	68	grating_on	staircase	12	green	right	aware	1	0
277.970	0.000	trigger_20	20	277970	Trigger-In:20	68	grating_off	staircase	12	green	right	aware	1	0
278.570	0.000	trigger_31	31	278570	Trigger-In:31	68	targets_on_fp_color_change	staircase	12	green	right	aware	1	0
279.450	0.000	trigger_201	201	279450	Trigger-In:201	68	trial_end_completed	staircase	12	green	right	aware	1	0
280.520	0.000	trigger_101	101	280520	Trigger-In:101	69	trial_start	staircase	11	red	right	unaware	1	0
280.640	0.000	trigger_11	11	280640	Trigger-In:11	69	fixation_point_on	staircase	11	red	right	unaware	1	0
281.245	0.000	trigger_21	21	281245	Trigger-In:21	69	grating_on	staircase	11	red	right	unaware	1	0
281.295	0.000	trigger_20	20	281295	Trigger-In:20	69	grating_off	staircase	11	red	right	unaware	1	0
281.895	0.000	trigger_31	31	281895	Trigger-In:31	69	targets_on_fp_color_change	staircase	11	red	right	unaware	1	0
283.150	0.000	trigger_201	201	283150	Trigger-In:201	69	trial_end_completed	staircase	11	red	right	unaware	1	0
284.225	0.000	trigger_101	101	284225	Trigger-In:101	70	trial_start	salient	0	red	right	unaware	1	0
284.330	0.000	trigger_11	11	284330	Trigger-In:11	70	fixation_point_on	salient	0	red	right	unaware	1	0
284.930	0.000	trigger_21	21	284930	Trigger-In:21	70	grating_on	salient	0	red	right	unaware	1	0
284.980	0.000	trigger_20	20	284980	Trigger-In:20	70	grating_off	salient	0	red	right	unaware	1	0
285.580	0.000	trigger_31	31	285580	Trigger-In:31	70	targets_on_fp_color_change	salient	0	red	right	unaware	1	0
286.565	0.000	trigger_201	201	286565	Trigger-In:201	70	trial_end_completed	salient	0	red	right	unaware	1	0
287.630	0.000	trigger_101	101	287630	Trigger-In:101	71	trial_start	staircase	12	red	left	aware	1	0
287.730	0.000	trigger_11	11	287730	Trigger-In:11	71	fixation_point_on	staircase	12	red	left	aware	1	0
288.335	0.000	trigger_21	21	288335	Trigger-In:21	71	grating_on	staircase	12	red	left	aware	1	0
288.385	0.000	trigger_20	20	288385	Trigger-In:20	71	grating_off	staircase	12	red	left	aware	1	0
288.985	0.000	trigger_31	31	288985	Trigger-In:31	71	targets_on_fp_color_change	staircase	12	red	left	aware	1	0
290.005	0.000	trigger_201	201	290005	Trigger-In:201	71	trial_end_completed	staircase	12	red	left	aware	1	0
291.070	0.000	trigger_101	101	291070	Trigger-In:101	72	trial_start	staircase	11	red	left	aware	1	0
291.175	0.000	trigger_11	11	291175	Trigger-In:11	72	fixation_point_on	staircase	11	red	left	aware	1	0
291.775	0.000	trigger_21	21	291775	Trigger-In:21	72	grating_on	staircase	11	red	left	aware	1	0
291.830	0.000	trigger_20	20	291830	Trigger-In:20	72	grating_off	staircase	11	red	left	aware	1	0
292.430	0.000	trigger_31	31	292430	Trigger-In:31	72	targets_on_fp_color_change	staircase	11	red	left	aware	1	0
293.635	0.000	trigger_201	201	293635	Trigger-In:201	72	trial_end_completed	staircase	11	red	left	aware	1	0
294.705	0.000	trigger_101	101	294705	Trigger-In:101	73	trial_start	staircase	10	green	left	unaware	1	0
294.805	0.000	trigger_11	11	294805	Trigger-In:11	73	fixation_point_on	staircase	10	green	left	unaware	1	0
295.405	0.000	trigger_21	21	295405	Trigger-In:21	73	grating_on	staircase	10	green	left	unaware	1	0
295.460	0.000	trigger_20	20	295460	Trigger-In:20	73	grating_off	staircase	10	green	left	unaware	1	0
296.060	0.000	trigger_31	31	296060	Trigger-In:31	73	targets_on_fp_color_change	staircase	10	green	left	unaware	1	0
297.335	0.000	trigger_201	201	297335	Trigger-In:201	73	trial_end_completed	staircase	10	green	left	unaware	1	0
298.410	0.000	trigger_101	101	298410	Trigger-In:101	74	trial_start	staircase	11	red	right	unaware	1	0
298.515	0.000	trigger_11	11	298515	Trigger-In:11	74	fixation_point_on	staircase	11	red	right	unaware	1	0
299.115	0.000	trigger_21	21	299115	Trigger-In:21	74	grating_on	staircase	11	red	right	unaware	1	0
299.165	0.000	trigger_20	20	299165	Trigger-In:20	74	grating_off	staircase	11	red	right	unaware	1	0
299.765	0.000	trigger_31	31	299765	Trigger-In:31	74	targets_on_fp_color_change	staircase	11	red	right	unaware	1	0
301.240	0.000	trigger_201	201	301240	Trigger-In:201	74	trial_end_completed	staircase	11	red	right	unaware	1	0
302.310	0.000	trigger_101	101	302310	Trigger-In:101	75	trial_start	absent	70	red	left	aware	1	0
302.415	0.000	trigger_11	11	302415	Trigger-In:11	75	fixation_point_on	absent	70	red	left	aware	1	0
303.015	0.000	trigger_21	21	303015	Trigger-In:21	75	grating_on	absent	70	red	left	aware	1	0
303.070	0.000	trigger_20	20	303070	Trigger-In:20	75	grating_off	absent	70	red	left	aware	1	0
303.670	0.000	trigger_31	31	303670	Trigger-In:31	75	targets_on_fp_color_change	absent	70	red	left	aware	1	0
304.610	0.000	trigger_201	201	304610	Trigger-In:201	75	trial_end_completed	absent	70	red	left	aware	1	0
305.675	0.000	trigger_101	101	305675	Trigger-In:101	76	trial_start	salient	0	red	right	unaware	1	0
305.785	0.000	trigger_11	11	305785	Trigger-In:11	76	fixation_point_on	salient	0	red	right	unaware	1	0
306.385	0.000	trigger_21	21	306385	Trigger-In:21	76	grating_on	salient	0	red	right	unaware	1	0
306.435	0.000	trigger_20	20	306435	Trigger-In:20	76	grating_off	salient	0	red	right	unaware	1	0
307.035	0.000	trigger_31	31	307035	Trigger-In:31	76	targets_on_fp_color_change	salient	0	red	right	unaware	1	0
308.100	0.000	trigger_201	201	308100	Trigger-In:201	76	trial_end_completed	salient	0	red	right	unaware	1	0
309.170	0.000	trigger_101	101	309170	Trigger-In:101	77	trial_start	salient	0	red	right	unaware	1	0
309.270	0.000	trigger_11	11	309270	Trigger-In:11	77	fixation_point_on	salient	0	red	right	unaware	1	0
309.870	0.000	trigger_21	21	309870	Trigger-In:21	77	grating_on	salient	0	red	right	unaware	1	0
309.920	0.000	trigger_20	20	309920	Trigger-In:20	77	grating_off	salient	0	red	right	unaware	1	0
310.520	0.000	trigger_31	31	310520	Trigger-In:31	77	targets_on_fp_color_change	salient	0	red	right	unaware	1	0
311.555	0.000	trigger_201	201	311555	Trigger-In:201	77	trial_end_completed	salient	0	red	right	unaware	1	0
312.620	0.000	trigger_101	101	312620	Trigger-In:101	78	trial_start	salient	0	green	left	unaware	1	0
312.720	0.000	trigger_11	11	312720	Trigger-In:11	78	fixation_point_on	salient	0	green	left	unaware	1	0
313.320	0.000	trigger_21	21	313320	Trigger-In:21	78	grating_on	salient	0	green	left	unaware	1	0
313.375	0.000	trigger_20	20	313375	Trigger-In:20	78	grating_off	salient	0	green	left	unaware	1	0
313.975	0.000	trigger_31	31	313975	Trigger-In:31	78	targets_on_fp_color_change	salient	0	green	left	unaware	1	0
314.980	0.000	trigger_201	201	314980	Trigger-In:201	78	trial_end_completed	salient	0	green	left	unaware	1	0
316.045	0.000	trigger_101	101	316045	Trigger-In:101	79	trial_start	salient	0	red	right	unaware	1	0
316.150	0.000	trigger_11	11	316150	Trigger-In:11	79	fixation_point_on	salient	0	red	right	unaware	1	0
316.750	0.000	trigger_21	21	316750	Trigger-In:21	79	grating_on	salient	0	red	right	unaware	1	0
316.800	0.000	trigger_20	20	316800	Trigger-In:20	79	grating_off	salient	0	red	right	unaware	1	0
317.400	0.000	trigger_31	31	317400	Trigger-In:31	79	targets_on_fp_color_change	salient	0	red	right	unaware	1	0
318.970	0.000	trigger_201	201	318970	Trigger-In:201	79	trial_end_completed	salient	0	red	right	unaware	1	0
320.040	0.000	trigger_101	101	320040	Trigger-In:101	80	trial_start	staircase	12	red	right	unaware	1	0
320.145	0.000	trigger_11	11	320145	Trigger-In:11	80	fixation_point_on	staircase	12	red	right	unaware	1	0
320.745	0.000	trigger_21	21	320745	Trigger-In:21	80	grating_on	staircase	12	red	right	unaware	1	0
320.795	0.000	trigger_20	20	320795	Trigger-In:20	80	grating_off	staircase	12	red	right	unaware	1	0
321.395	0.000	trigger_31	31	321395	Trigger-In:31	80	targets_on_fp_color_change	staircase	12	red	right	unaware	1	0
322.675	0.000	trigger_201	201	322675	Trigger-In:201	80	trial_end_completed	staircase	12	red	right	unaware	1	0
323.740	0.000	trigger_101	101	323740	Trigger-In:101	81	trial_start	staircase	13	green	right	aware	1	0
323.845	0.000	trigger_11	11	323845	Trigger-In:11	81	fixation_point_on	staircase	13	green	right	aware	1	0
324.445	0.000	trigger_21	21	324445	Trigger-In:21	81	grating_on	staircase	13	green	right	aware	1	0
324.495	0.000	trigger_20	20	324495	Trigger-In:20	81	grating_off	staircase	13	green	right	aware	1	0
325.095	0.000	trigger_31	31	325095	Trigger-In:31	81	targets_on_fp_color_change	staircase	13	green	right	aware	1	0
326.035	0.000	trigger_201	201	326035	Trigger-In:201	81	trial_end_completed	staircase	13	green	right	aware	1	0
327.105	0.000	trigger_101	101	327105	Trigger-In:101	82	trial_start	staircase	12	red	right	unaware	1	0
327.210	0.000	trigger_11	11	327210	Trigger-In:11	82	fixation_point_on	staircase	12	red	right	unaware	1	0
327.810	0.000	trigger_21	21	327810	Trigger-In:21	82	grating_on	staircase	12	red	right	unaware	1	0
327.860	0.000	trigger_20	20	327860	Trigger-In:20	82	grating_off	staircase	12	red	right	unaware	1	0
328.460	0.000	trigger_31	31	328460	Trigger-In:31	82	targets_on_fp_color_change	staircase	12	red	right	unaware	1	0
329.515	0.000	trigger_201	201	329515	Trigger-In:201	82	trial_end_completed	staircase	12	red	right	unaware	1	0
330.580	0.000	trigger_101	101	330580	Trigger-In:101	83	trial_start	staircase	13	red	right	unaware	1	0
330.685	0.000	trigger_11	11	330685	Trigger-In:11	83	fixation_point_on	staircase	13	red	right	unaware	1	0
331.285	0.000	trigger_21	21	331285	Trigger-In:21	83	grating_on	staircase	13	red	right	unaware	1	0
331.335	0.000	trigger_20	20	331335	Trigger-In:20	83	grating_off	staircase	13	red	right	unaware	1	0
331.935	0.000	trigger_31	31	331935	Trigger-In:31	83	targets_on_fp_color_change	staircase	13	red	right	unaware	1	0
333.005	0.000	trigger_201	201	333005	Trigger-In:201	83	trial_end_completed	staircase	13	red	right	unaware	1	0
334.070	0.000	trigger_101	101	334070	Trigger-In:101	84	trial_start	staircase	14	green	right	aware	1	0
334.175	0.000	trigger_11	11	334175	Trigger-In:11	84	fixation_point_on	staircase	14	green	right	aware	1	0
334.775	0.000	trigger_21	21	334775	Trigger-In:21	84	grating_on	staircase	14	green	right	aware	1	0
334.825	0.000	trigger_20	20	334825	Trigger-In:20	84	grating_off	staircase	14	green	right	aware	1	0
335.425	0.000	trigger_31	31	335425	Trigger-In:31	84	targets_on_fp_color_change	staircase	14	green	right	aware	1	0
336.405	0.000	trigger_201	201	336405	Trigger-In:201	84	trial_end_completed	staircase	14	green	right	aware	1	0
337.475	0.000	trigger_101	101	337475	Trigger-In:101	85	trial_start	staircase	13	green	right	aware	1	0
337.575	0.000	trigger_11	11	337575	Trigger-In:11	85	fixation_point_on	staircase	13	green	right	aware	1	0
338.175	0.000	trigger_21	21	338175	Trigger-In:21	85	grating_on	staircase	13	green	right	aware	1	0
338.225	0.000	trigger_20	20	338225	Trigger-In:20	85	grating_off	staircase	13	green	right	aware	1	0
338.825	0.000	trigger_31	31	338825	Trigger-In:31	85	targets_on_fp_color_change	staircase	13	green	right	aware	1	0
339.590	0.000	trigger_201	201	339590	Trigger-In:201	85	trial_end_completed	staircase	13	green	right	aware	1	0
340.655	0.000	trigger_101	101	340655	Trigger-In:101	86	trial_start	salient	0	green	left	unaware	1	0
340.905	0.000	trigger_11	11	340905	Trigger-In:11	86	fixation_point_on	salient	0	green	left	unaware	1	0
341.505	0.000	trigger_21	21	341505	Trigger-In:21	86	grating_on	salient	0	green	left	unaware	1	0
341.555	0.000	trigger_20	20	341555	Trigger-In:20	86	grating_off	salient	0	green	left	unaware	1	0
342.155	0.000	trigger_31	31	342155	Trigger-In:31	86	targets_on_fp_color_change	salient	0	green	left	unaware	1	0
343.130	0.000	trigger_201	201	343130	Trigger-In:201	86	trial_end_completed	salient	0	green	left	unaware	1	0
344.200	0.000	trigger_101	101	344200	Trigger-In:101	87	trial_start	staircase	12	green	left	unaware	1	0
344.300	0.000	trigger_11	11	344300	Trigger-In:11	87	fixation_point_on	staircase	12	green	left	unaware	1	0
344.900	0.000	trigger_21	21	344900	Trigger-In:21	87	grating_on	staircase	12	green	left	unaware	1	0
344.950	0.000	trigger_20	20	344950	Trigger-In:20	87	grating_off	staircase	12	green	left	unaware	1	0
345.555	0.000	trigger_31	31	345555	Trigger-In:31	87	targets_on_fp_color_change	staircase	12	green	left	unaware	1	0
346.645	0.000	trigger_201	201	346645	Trigger-In:201	87	trial_end_completed	staircase	12	green	left	unaware	1	0
347.715	0.000	trigger_101	101	347715	Trigger-In:101	88	trial_start	staircase	13	green	left	unaware	1	0
347.820	0.000	trigger_11	11	347820	Trigger-In:11	88	fixation_point_on	staircase	13	green	left	unaware	1	0
348.420	0.000	trigger_21	21	348420	Trigger-In:21	88	grating_on	staircase	13	green	left	unaware	1	0
348.470	0.000	trigger_20	20	348470	Trigger-In:20	88	grating_off	staircase	13	green	left	unaware	1	0
349.070	0.000	trigger_31	31	349070	Trigger-In:31	88	targets_on_fp_color_change	staircase	13	green	left	unaware	1	0
349.855	0.000	trigger_201	201	349855	Trigger-In:201	88	trial_end_completed	staircase	13	green	left	unaware	1	0
350.925	0.000	trigger_101	101	350925	Trigger-In:101	89	trial_start	staircase	14	red	left	aware	1	0
351.030	0.000	trigger_11	11	351030	Trigger-In:11	89	fixation_point_on	staircase	14	red	left	aware	1	0
351.630	0.000	trigger_21	21	351630	Trigger-In:21	89	grating_on	staircase	14	red	left	aware	1	0
351.680	0.000	trigger_20	20	351680	Trigger-In:20	89	grating_off	staircase	14	red	left	aware	1	0
352.280	0.000	trigger_31	31	352280	Trigger-In:31	89	targets_on_fp_color_change	staircase	14	red	left	aware	1	0
353.320	0.000	trigger_201	201	353320	Trigger-In:201	89	trial_end_completed	staircase	14	red	left	aware	1	0
354.385	0.000	trigger_101	101	354385	Trigger-In:101	90	trial_start	staircase	13	green	left	unaware	1	0
354.485	0.000	trigger_11	11	354485	Trigger-In:11	90	fixation_point_on	staircase	13	green	left	unaware	1	0
355.085	0.000	trigger_21	21	355085	Trigger-In:21	90	grating_on	staircase	13	green	left	unaware	1	0
355.135	0.000	trigger_20	20	355135	Trigger-In:20	90	grating_off	staircase	13	green	left	unaware	1	0
355.740	0.000	trigger_31	31	355740	Trigger-In:31	90	targets_on_fp_color_change	staircase	13	green	left	unaware	1	0
356.465	0.000	trigger_201	201	356465	Trigger-In:201	90	trial_end_completed	staircase	13	green	left	unaware	1	0
357.530	0.000	trigger_101	101	357530	Trigger-In:101	91	trial_start	salient	0	red	right	unaware	1	0
357.635	0.000	trigger_11	11	357635	Trigger-In:11	91	fixation_point_on	salient	0	red	right	unaware	1	0
358.235	0.000	trigger_21	21	358235	Trigger-In:21	91	grating_on	salient	0	red	right	unaware	1	0
358.285	0.000	trigger_20	20	358285	Trigger-In:20	91	grating_off	salient	0	red	right	unaware	1	0
358.885	0.000	trigger_31	31	358885	Trigger-In:31	91	targets_on_fp_color_change	salient	0	red	right	unaware	1	0
359.915	0.000	trigger_201	201	359915	Trigger-In:201	91	trial_end_completed	salient	0	red	right	unaware	1	0
360.980	0.000	trigger_101	101	360980	Trigger-In:101	92	trial_start	absent	70	green	right	aware	1	0
361.085	0.000	trigger_11	11	361085	Trigger-In:11	92	fixation_point_on	absent	70	green	right	aware	1	0
361.685	0.000	trigger_21	21	361685	Trigger-In:21	92	grating_on	absent	70	green	right	aware	1	0
361.735	0.000	trigger_20	20	361735	Trigger-In:20	92	grating_off	absent	70	green	right	aware	1	0
362.335	0.000	trigger_31	31	362335	Trigger-In:31	92	targets_on_fp_color_change	absent	70	green	right	aware	1	0
363.275	0.000	trigger_201	201	363275	Trigger-In:201	92	trial_end_completed	absent	70	green	right	aware	1	0
364.345	0.000	trigger_101	101	364345	Trigger-In:101	93	trial_start	staircase	14	green	right	aware	1	0
364.450	0.000	trigger_11	11	364450	Trigger-In:11	93	fixation_point_on	staircase	14	green	right	aware	1	0
365.050	0.000	trigger_21	21	365050	Trigger-In:21	93	grating_on	staircase	14	green	right	aware	1	0
365.100	0.000	trigger_20	20	365100	Trigger-In:20	93	grating_off	staircase	14	green	right	aware	1	0
365.700	0.000	trigger_31	31	365700	Trigger-In:31	93	targets_on_fp_color_change	staircase	14	green	right	aware	1	0
366.380	0.000	trigger_201	201	366380	Trigger-In:201	93	trial_end_completed	staircase	14	green	right	aware	1	0
367.450	0.000	trigger_101	101	367450	Trigger-In:101	94	trial_start	salient	0	green	left	unaware	1	0
367.555	0.000	trigger_11	11	367555	Trigger-In:11	94	fixation_point_on	salient	0	green	left	unaware	1	0
368.155	0.000	trigger_21	21	368155	Trigger-In:21	94	grating_on	salient	0	green	left	unaware	1	0
368.205	0.000	trigger_20	20	368205	Trigger-In:20	94	grating_off	salient	0	green	left	unaware	1	0
368.805	0.000	trigger_31	31	368805	Trigger-In:31	94	targets_on_fp_color_change	salient	0	green	left	unaware	1	0
369.770	0.000	trigger_201	201	369770	Trigger-In:201	94	trial_end_completed	salient	0	green	left	unaware	1	0
370.835	0.000	trigger_101	101	370835	Trigger-In:101	95	trial_start	salient	0	green	left	unaware	1	0
370.940	0.000	trigger_11	11	370940	Trigger-In:11	95	fixation_point_on	salient	0	green	left	unaware	1	0
371.540	0.000	trigger_21	21	371540	Trigger-In:21	95	grating_on	salient	0	green	left	unaware	1	0
371.590	0.000	trigger_20	20	371590	Trigger-In:20	95	grating_off	salient	0	green	left	unaware	1	0
372.190	0.000	trigger_31	31	372190	Trigger-In:31	95	targets_on_fp_color_change	salient	0	green	left	unaware	1	0
373.340	0.000	trigger_201	201	373340	Trigger-In:201	95	trial_end_completed	salient	0	green	left	unaware	1	0
374.410	0.000	trigger_101	101	374410	Trigger-In:101	96	trial_start	staircase	13	red	right	unaware	1	0
374.510	0.000	trigger_11	11	374510	Trigger-In:11	96	fixation_point_on	staircase	13	red	right	unaware	1	0
375.110	0.000	trigger_21	21	375110	Trigger-In:21	96	grating_on	staircase	13	red	right	unaware	1	0
375.160	0.000	trigger_20	20	375160	Trigger-In:20	96	grating_off	staircase	13	red	right	unaware	1	0
375.760	0.000	trigger_31	31	375760	Trigger-In:31	96	targets_on_fp_color_change	staircase	13	red	right	unaware	1	0
376.745	0.000	trigger_201	201	376745	Trigger-In:201	96	trial_end_completed	staircase	13	red	right	unaware	1	0
377.810	0.000	trigger_101	101	377810	Trigger-In:101	97	trial_start	salient	0	red	right	unaware	1	0
377.915	0.000	trigger_11	11	377915	Trigger-In:11	97	fixation_point_on	salient	0	red	right	unaware	1	0
378.515	0.000	trigger_21	21	378515	Trigger-In:21	97	grating_on	salient	0	red	right	unaware	1	0
378.565	0.000	trigger_20	20	378565	Trigger-In:20	97	grating_off	salient	0	red	right	unaware	1	0
379.170	0.000	trigger_31	31	379170	Trigger-In:31	97	targets_on_fp_color_change	salient	0	red	right	unaware	1	0
380.040	0.000	trigger_201	201	380040	Trigger-In:201	97	trial_end_completed	salient	0	red	right	unaware	1	0
381.105	0.000	trigger_101	101	381105	Trigger-In:101	98	trial_start	staircase	14	green	left	unaware	1	0
381.220	0.000	trigger_11	11	381220	Trigger-In:11	98	fixation_point_on	staircase	14	green	left	unaware	1	0
381.820	0.000	trigger_21	21	381820	Trigger-In:21	98	grating_on	staircase	14	green	left	unaware	1	0
381.870	0.000	trigger_20	20	381870	Trigger-In:20	98	grating_off	staircase	14	green	left	unaware	1	0
382.470	0.000	trigger_31	31	382470	Trigger-In:31	98	targets_on_fp_color_change	staircase	14	green	left	unaware	1	0
383.630	0.000	trigger_201	201	383630	Trigger-In:201	98	trial_end_completed	staircase	14	green	left	unaware	1	0
384.700	0.000	trigger_101	101	384700	Trigger-In:101	99	trial_start	absent	70	green	right	aware	1	0
384.800	0.000	trigger_11	11	384800	Trigger-In:11	99	fixation_point_on	absent	70	green	right	aware	1	0
385.400	0.000	trigger_21	21	385400	Trigger-In:21	99	grating_on	absent	70	green	right	aware	1	0
385.455	0.000	trigger_20	20	385455	Trigger-In:20	99	grating_off	absent	70	green	right	aware	1	0
386.055	0.000	trigger_31	31	386055	Trigger-In:31	99	targets_on_fp_color_change	absent	70	green	right	aware	1	0
387.075	0.000	trigger_201	201	387075	Trigger-In:201	99	trial_end_completed	absent	70	green	right	aware	1	0
388.145	0.000	trigger_101	101	388145	Trigger-In:101	100	trial_start	staircase	15	green	right	aware	1	0
388.250	0.000	trigger_11	11	388250	Trigger-In:11	100	fixation_point_on	staircase	15	green	right	aware	1	0
388.850	0.000	trigger_21	21	388850	Trigger-In:21	100	grating_on	staircase	15	green	right	aware	1	0
388.900	0.000	trigger_20	20	388900	Trigger-In:20	100	grating_off	staircase	15	green	right	aware	1	0
389.505	0.000	trigger_31	31	389505	Trigger-In:31	100	targets_on_fp_color_change	staircase	15	green	right	aware	1	0
390.240	0.000	trigger_201	201	390240	Trigger-In:201	100	trial_end_completed	staircase	15	green	right	aware	1	0
391.305	0.000	trigger_101	101	391305	Trigger-In:101	101	trial_start	staircase	14	green	right	aware	1	0
391.410	0.000	trigger_11	11	391410	Trigger-In:11	101	fixation_point_on	staircase	14	green	right	aware	1	0
392.010	0.000	trigger_21	21	392010	Trigger-In:21	101	grating_on	staircase	14	green	right	aware	1	0
392.065	0.000	trigger_20	20	392065	Trigger-In:20	101	grating_off	staircase	14	green	right	aware	1	0
392.665	0.000	trigger_31	31	392665	Trigger-In:31	101	targets_on_fp_color_change	staircase	14	green	right	aware	1	0
393.570	0.000	trigger_201	201	393570	Trigger-In:201	101	trial_end_completed	staircase	14	green	right	aware	1	0
394.635	0.000	trigger_101	101	394635	Trigger-In:101	102	trial_start	salient	0	green	left	unaware	1	0
394.740	0.000	trigger_11	11	394740	Trigger-In:11	102	fixation_point_on	salient	0	green	left	unaware	1	0
395.340	0.000	trigger_21	21	395340	Trigger-In:21	102	grating_on	salient	0	green	left	unaware	1	0
395.390	0.000	trigger_20	20	395390	Trigger-In:20	102	grating_off	salient	0	green	left	unaware	1	0
395.990	0.000	trigger_31	31	395990	Trigger-In:31	102	targets_on_fp_color_change	salient	0	green	left	unaware	1	0
396.850	0.000	trigger_201	201	396850	Trigger-In:201	102	trial_end_completed	salient	0	green	left	unaware	1	0
397.920	0.000	trigger_101	101	397920	Trigger-In:101	103	trial_start	staircase	13	red	left	aware	1	0
398.020	0.000	trigger_11	11	398020	Trigger-In:11	103	fixation_point_on	staircase	13	red	left	aware	1	0
398.625	0.000	trigger_21	21	398625	Trigger-In:21	103	grating_on	staircase	13	red	left	aware	1	0
398.675	0.000	trigger_20	20	398675	Trigger-In:20	103	grating_off	staircase	13	red	left	aware	1	0
399.275	0.000	trigger_31	31	399275	Trigger-In:31	103	targets_on_fp_color_change	staircase	13	red	left	aware	1	0
400.325	0.000	trigger_201	201	400325	Trigger-In:201	103	trial_end_completed	staircase	13	red	left	aware	1	0
401.390	0.000	trigger_101	101	401390	Trigger-In:101	104	trial_start	staircase	12	red	left	aware	1	0
401.500	0.000	trigger_11	11	401500	Trigger-In:11	104	fixation_point_on	staircase	12	red	left	aware	1	0
402.100	0.000	trigger_21	21	402100	Trigger-In:21	104	grating_on	staircase	12	red	left	aware	1	0
402.150	0.000	trigger_20	20	402150	Trigger-In:20	104	grating_off	staircase	12	red	left	aware	1	0
402.750	0.000	trigger_31	31	402750	Trigger-In:31	104	targets_on_fp_color_change	staircase	12	red	left	aware	1	0
403.585	0.000	trigger_201	201	403585	Trigger-In:201	104	trial_end_completed	staircase	12	red	left	aware	1	0
404.650	0.000	trigger_101	101	404650	Trigger-In:101	105	trial_start	salient	0	green	left	unaware	1	0
404.755	0.000	trigger_11	11	404755	Trigger-In:11	105	fixation_point_on	salient	0	green	left	unaware	1	0
405.355	0.000	trigger_21	21	405355	Trigger-In:21	105	grating_on	salient	0	green	left	unaware	1	0
405.405	0.000	trigger_20	20	405405	Trigger-In:20	105	grating_off	salient	0	green	left	unaware	1	0
406.005	0.000	trigger_31	31	406005	Trigger-In:31	105	targets_on_fp_color_change	salient	0	green	left	unaware	1	0
407.155	0.000	trigger_201	201	407155	Trigger-In:201	105	trial_end_completed	salient	0	green	left	unaware	1	0
408.225	0.000	trigger_101	101	408225	Trigger-In:101	106	trial_start	salient	0	red	right	unaware	1	0
408.330	0.000	trigger_11	11	408330	Trigger-In:11	106	fixation_point_on	salient	0	red	right	unaware	1	0
408.930	0.000	trigger_21	21	408930	Trigger-In:21	106	grating_on	salient	0	red	right	unaware	1	0
408.980	0.000	trigger_20	20	408980	Trigger-In:20	106	grating_off	salient	0	red	right	unaware	1	0
409.580	0.000	trigger_31	31	409580	Trigger-In:31	106	targets_on_fp_color_change	salient	0	red	right	unaware	1	0
410.540	0.000	trigger_201	201	410540	Trigger-In:201	106	trial_end_completed	salient	0	red	right	unaware	1	0
411.610	0.000	trigger_101	101	411610	Trigger-In:101	107	trial_start	staircase	11	red	right	unaware	1	0
411.710	0.000	trigger_11	11	411710	Trigger-In:11	107	fixation_point_on	staircase	11	red	right	unaware	1	0
412.310	0.000	trigger_21	21	412310	Trigger-In:21	107	grating_on	staircase	11	red	right	unaware	1	0
412.365	0.000	trigger_20	20	412365	Trigger-In:20	107	grating_off	staircase	11	red	right	unaware	1	0
412.965	0.000	trigger_31	31	412965	Trigger-In:31	107	targets_on_fp_color_change	staircase	11	red	right	unaware	1	0
413.975	0.000	trigger_201	201	413975	Trigger-In:201	107	trial_end_completed	staircase	11	red	right	unaware	1	0
415.040	0.000	trigger_101	101	415040	Trigger-In:101	108	trial_start	staircase	12	green	left	unaware	1	0
415.145	0.000	trigger_11	11	415145	Trigger-In:11	108	fixation_point_on	staircase	12	green	left	unaware	1	0
415.745	0.000	trigger_21	21	415745	Trigger-In:21	108	grating_on	staircase	12	green	left	unaware	1	0
415.795	0.000	trigger_20	20	415795	Trigger-In:20	108	grating_off	staircase	12	green	left	unaware	1	0
416.395	0.000	trigger_31	31	416395	Trigger-In:31	108	targets_on_fp_color_change	staircase	12	green	left	unaware	1	0
417.610	0.000	trigger_201	201	417610	Trigger-In:201	108	trial_end_completed	staircase	12	green	left	unaware	1	0
418.680	0.000	trigger_101	101	418680	Trigger-In:101	109	trial_start	staircase	13	green	left	unaware	1	0
418.780	0.000	trigger_11	11	418780	Trigger-In:11	109	fixation_point_on	staircase	13	green	left	unaware	1	0
419.380	0.000	trigger_21	21	419380	Trigger-In:21	109	grating_on	staircase	13	green	left	unaware	1	0
419.435	0.000	trigger_20	20	419435	Trigger-In:20	109	grating_off	staircase	13	green	left	unaware	1	0
420.035	0.000	trigger_31	31	420035	Trigger-In:31	109	targets_on_fp_color_change	staircase	13	green	left	unaware	1	0
421.075	0.000	trigger_201	201	421075	Trigger-In:201	109	trial_end_completed	staircase	13	green	left	unaware	1	0
422.145	0.000	trigger_101	101	422145	Trigger-In:101	110	trial_start	staircase	14	green	left	unaware	1	0
422.250	0.000	trigger_11	11	422250	Trigger-In:11	110	fixation_point_on	staircase	14	green	left	unaware	1	0
422.850	0.000	trigger_21	21	422850	Trigger-In:21	110	grating_on	staircase	14	green	left	unaware	1	0
422.905	0.000	trigger_20	20	422905	Trigger-In:20	110	grating_off	staircase	14	green	left	unaware	1	0
423.505	0.000	trigger_31	31	423505	Trigger-In:31	110	targets_on_fp_color_change	staircase	14	green	left	unaware	1	0
424.370	0.000	trigger_201	201	424370	Trigger-In:201	110	trial_end_completed	staircase	14	green	left	unaware	1	0
425.435	0.000	trigger_101	101	425435	Trigger-In:101	111	trial_start	salient	0	red	right	unaware	1	0
425.540	0.000	trigger_11	11	425540	Trigger-In:11	111	fixation_point_on	salient	0	red	right	unaware	1	0
426.140	0.000	trigger_21	21	426140	Trigger-In:21	111	grating_on	salient	0	red	right	unaware	1	0
426.190	0.000	trigger_20	20	426190	Trigger-In:20	111	grating_off	salient	0	red	right	unaware	1	0
426.790	0.000	trigger_31	31	426790	Trigger-In:31	111	targets_on_fp_color_change	salient	0	red	right	unaware	1	0
427.770	0.000	trigger_201	201	427770	Trigger-In:201	111	trial_end_completed	salient	0	red	right	unaware	1	0
428.835	0.000	trigger_101	101	428835	Trigger-In:101	112	trial_start	staircase	15	green	right	aware	1	0
428.940	0.000	trigger_11	11	428940	Trigger-In:11	112	fixation_point_on	staircase	15	green	right	aware	1	0
429.540	0.000	trigger_21	21	429540	Trigger-In:21	112	grating_on	staircase	15	green	right	aware	1	0
429.590	0.000	trigger_20	20	429590	Trigger-In:20	112	grating_off	staircase	15	green	right	aware	1	0
430.190	0.000	trigger_31	31	430190	Trigger-In:31	112	targets_on_fp_color_change	staircase	15	green	right	aware	1	0
431.005	0.000	trigger_201	201	431005	Trigger-In:201	112	trial_end_completed	staircase	15	green	right	aware	1	0
432.070	0.000	trigger_101	101	432070	Trigger-In:101	113	trial_start	staircase	14	green	right	aware	1	0
432.175	0.000	trigger_11	11	432175	Trigger-In:11	113	fixation_point_on	staircase	14	green	right	aware	1	0
432.775	0.000	trigger_21	21	432775	Trigger-In:21	113	grating_on	staircase	14	green	right	aware	1	0
432.825	0.000	trigger_20	20	432825	Trigger-In:20	113	grating_off	staircase	14	green	right	aware	1	0
433.425	0.000	trigger_31	31	433425	Trigger-In:31	113	targets_on_fp_color_change	staircase	14	green	right	aware	1	0
434.200	0.000	trigger_201	201	434200	Trigger-In:201	113	trial_end_completed	staircase	14	green	right	aware	1	0
435.265	0.000	trigger_101	101	435265	Trigger-In:101	114	trial_start	staircase	13	red	left	aware	1	0
435.370	0.000	trigger_11	11	435370	Trigger-In:11	114	fixation_point_on	staircase	13	red	left	aware	1	0
435.970	0.000	trigger_21	21	435970	Trigger-In:21	114	grating_on	staircase	13	red	left	aware	1	0
436.020	0.000	trigger_20	20	436020	Trigger-In:20	114	grating_off	staircase	13	red	left	aware	1	0
436.620	0.000	trigger_31	31	436620	Trigger-In:31	114	targets_on_fp_color_change	staircase	13	red	left	aware	1	0
437.410	0.000	trigger_201	201	437410	Trigger-In:201	114	trial_end_completed	staircase	13	red	left	aware	1	0
438.475	0.000	trigger_101	101	438475	Trigger-In:101	115	trial_start	staircase	12	green	right	aware	1	0
438.580	0.000	trigger_11	11	438580	Trigger-In:11	115	fixation_point_on	staircase	12	green	right	aware	1	0
439.180	0.000	trigger_21	21	439180	Trigger-In:21	115	grating_on	staircase	12	green	right	aware	1	0
439.230	0.000	trigger_20	20	439230	Trigger-In:20	115	grating_off	staircase	12	green	right	aware	1	0
439.830	0.000	trigger_31	31	439830	Trigger-In:31	115	targets_on_fp_color_change	staircase	12	green	right	aware	1	0
440.670	0.000	trigger_201	201	440670	Trigger-In:201	115	trial_end_completed	staircase	12	green	right	aware	1	0
441.740	0.000	trigger_101	101	441740	Trigger-In:101	116	trial_start	staircase	11	green	left	unaware	1	0
441.845	0.000	trigger_11	11	441845	Trigger-In:11	116	fixation_point_on	staircase	11	green	left	unaware	1	0
442.445	0.000	trigger_21	21	442445	Trigger-In:21	116	grating_on	staircase	11	green	left	unaware	1	0
442.500	0.000	trigger_20	20	442500	Trigger-In:20	116	grating_off	staircase	11	green	left	unaware	1	0
443.100	0.000	trigger_31	31	443100	Trigger-In:31	116	targets_on_fp_color_change	staircase	11	green	left	unaware	1	0
443.975	0.000	trigger_201	201	443975	Trigger-In:201	116	trial_end_completed	staircase	11	green	left	unaware	1	0
445.040	0.000	trigger_101	101	445040	Trigger-In:101	117	trial_start	staircase	12	red	right	unaware	1	0
445.145	0.000	trigger_11	11	445145	Trigger-In:11	117	fixation_point_on	staircase	12	red	right	unaware	1	0
445.745	0.000	trigger_21	21	445745	Trigger-In:21	117	grating_on	staircase	12	red	right	unaware	1	0
445.795	0.000	trigger_20	20	445795	Trigger-In:20	117	grating_off	staircase	12	red	right	unaware	1	0
446.395	0.000	trigger_31	31	446395	Trigger-In:31	117	targets_on_fp_color_change	staircase	12	red	right	unaware	1	0
447.525	0.000	trigger_201	201	447525	Trigger-In:201	117	trial_end_completed	staircase	12	red	right	unaware	1	0
448.595	0.000	trigger_101	101	448595	Trigger-In:101	118	trial_start	staircase	13	green	left	unaware	1	0
448.700	0.000	trigger_11	11	448700	Trigger-In:11	118	fixation_point_on	staircase	13	green	left	unaware	1	0
449.300	0.000	trigger_21	21	449300	Trigger-In:21	118	grating_on	staircase	13	green	left	unaware	1	0
449.350	0.000	trigger_20	20	449350	Trigger-In:20	118	grating_off	staircase	13	green	left	unaware	1	0
449.950	0.000	trigger_31	31	449950	Trigger-In:31	118	targets_on_fp_color_change	staircase	13	green	left	unaware	1	0
451.040	0.000	trigger_201	201	451040	Trigger-In:201	118	trial_end_completed	staircase	13	green	left	unaware	1	0
452.110	0.000	trigger_101	101	452110	Trigger-In:101	119	trial_start	staircase	14	green	right	aware	1	0
452.210	0.000	trigger_11	11	452210	Trigger-In:11	119	fixation_point_on	staircase	14	green	right	aware	1	0
452.810	0.000	trigger_21	21	452810	Trigger-In:21	119	grating_on	staircase	14	green	right	aware	1	0
452.860	0.000	trigger_20	20	452860	Trigger-In:20	119	grating_off	staircase	14	green	right	aware	1	0
453.465	0.000	trigger_31	31	453465	Trigger-In:31	119	targets_on_fp_color_change	staircase	14	green	right	aware	1	0
454.215	0.000	trigger_201	201	454215	Trigger-In:201	119	trial_end_completed	staircase	14	green	right	aware	1	0
455.280	0.000	trigger_101	101	455280	Trigger-In:101	120	trial_start	staircase	13	green	left	unaware	1	0
455.385	0.000	trigger_11	11	455385	Trigger-In:11	120	fixation_point_on	staircase	13	green	left	unaware	1	0
455.985	0.000	trigger_21	21	455985	Trigger-In:21	120	grating_on	staircase	13	green	left	unaware	1	0
456.035	0.000	trigger_20	20	456035	Trigger-In:20	120	grating_off	staircase	13	green	left	unaware	1	0
456.635	0.000	trigger_31	31	456635	Trigger-In:31	120	targets_on_fp_color_change	staircase	13	green	left	unaware	1	0
457.430	0.000	trigger_201	201	457430	Trigger-In:201	120	trial_end_completed	staircase	13	green	left	unaware	1	0
458.495	0.000	trigger_101	101	458495	Trigger-In:101	121	trial_start	absent	70	red	left	aware	1	0
458.605	0.000	trigger_11	11	458605	Trigger-In:11	121	fixation_point_on	absent	70	red	left	aware	1	0
459.205	0.000	trigger_21	21	459205	Trigger-In:21	121	grating_on	absent	70	red	left	aware	1	0
459.255	0.000	trigger_20	20	459255	Trigger-In:20	121	grating_off	absent	70	red	left	aware	1	0
459.855	0.000	trigger_31	31	459855	Trigger-In:31	121	targets_on_fp_color_change	absent	70	red	left	aware	1	0
460.975	0.000	trigger_201	201	460975	Trigger-In:201	121	trial_end_completed	absent	70	red	left	aware	1	0
462.040	0.000	trigger_101	101	462040	Trigger-In:101	122	trial_start	staircase	14	red	left	aware	1	0
462.145	0.000	trigger_11	11	462145	Trigger-In:11	122	fixation_point_on	staircase	14	red	left	aware	1	0
462.745	0.000	trigger_21	21	462745	Trigger-In:21	122	grating_on	staircase	14	red	left	aware	1	0
462.795	0.000	trigger_20	20	462795	Trigger-In:20	122	grating_off	staircase	14	red	left	aware	1	0
463.395	0.000	trigger_31	31	463395	Trigger-In:31	122	targets_on_fp_color_change	staircase	14	red	left	aware	1	0
464.415	0.000	trigger_201	201	464415	Trigger-In:201	122	trial_end_completed	staircase	14	red	left	aware	1	0
465.480	0.000	trigger_101	101	465480	Trigger-In:101	123	trial_start	staircase	13	red	left	aware	1	0
465.630	0.000	trigger_11	11	465630	Trigger-In:11	123	fixation_point_on	staircase	13	red	left	aware	1	0
466.230	0.000	trigger_21	21	466230	Trigger-In:21	123	grating_on	staircase	13	red	left	aware	1	0
466.280	0.000	trigger_20	20	466280	Trigger-In:20	123	grating_off	staircase	13	red	left	aware	1	0
466.880	0.000	trigger_31	31	466880	Trigger-In:31	123	targets_on_fp_color_change	staircase	13	red	left	aware	1	0
467.595	0.000	trigger_201	201	467595	Trigger-In:201	123	trial_end_completed	staircase	13	red	left	aware	1	0
468.665	0.000	trigger_101	101	468665	Trigger-In:101	124	trial_start	salient	0	green	left	unaware	1	0
468.765	0.000	trigger_11	11	468765	Trigger-In:11	124	fixation_point_on	salient	0	green	left	unaware	1	0
469.365	0.000	trigger_21	21	469365	Trigger-In:21	124	grating_on	salient	0	green	left	unaware	1	0
469.415	0.000	trigger_20	20	469415	Trigger-In:20	124	grating_off	salient	0	green	left	unaware	1	0
470.020	0.000	trigger_31	31	470020	Trigger-In:31	124	targets_on_fp_color_change	salient	0	green	left	unaware	1	0
471.260	0.000	trigger_201	201	471260	Trigger-In:201	124	trial_end_completed	salient	0	green	left	unaware	1	0
472.325	0.000	trigger_101	101	472325	Trigger-In:101	125	trial_start	staircase	12	red	right	unaware	1	0
472.435	0.000	trigger_11	11	472435	Trigger-In:11	125	fixation_point_on	staircase	12	red	right	unaware	1	0
473.035	0.000	trigger_21	21	473035	Trigger-In:21	125	grating_on	staircase	12	red	right	unaware	1	0
473.085	0.000	trigger_20	20	473085	Trigger-In:20	125	grating_off	staircase	12	red	right	unaware	1	0
473.685	0.000	trigger_31	31	473685	Trigger-In:31	125	targets_on_fp_color_change	staircase	12	red	right	unaware	1	0
474.470	0.000	trigger_201	201	474470	Trigger-In:201	125	trial_end_completed	staircase	12	red	right	unaware	1	0
475.535	0.000	trigger_101	101	475535	Trigger-In:101	126	trial_start	staircase	13	green	right	aware	1	0
475.640	0.000	trigger_11	11	475640	Trigger-In:11	126	fixation_point_on	staircase	13	green	right	aware	1	0
476.240	0.000	trigger_21	21	476240	Trigger-In:21	126	grating_on	staircase	13	green	right	aware	1	0
476.290	0.000	trigger_20	20	476290	Trigger-In:20	126	grating_off	staircase	13	green	right	aware	1	0
476.890	0.000	trigger_31	31	476890	Trigger-In:31	126	targets_on_fp_color_change	staircase	13	green	right	aware	1	0
477.955	0.000	trigger_201	201	477955	Trigger-In:201	126	trial_end_completed	staircase	13	green	right	aware	1	0
479.020	0.000	trigger_101	101	479020	Trigger-In:101	127	trial_start	salient	0	red	right	unaware	1	0
479.125	0.000	trigger_11	11	479125	Trigger-In:11	127	fixation_point_on	salient	0	red	right	unaware	1	0
479.725	0.000	trigger_21	21	479725	Trigger-In:21	127	grating_on	salient	0	red	right	unaware	1	0
479.775	0.000	trigger_20	20	479775	Trigger-In:20	127	grating_off	salient	0	red	right	unaware	1	0
480.375	0.000	trigger_31	31	480375	Trigger-In:31	127	targets_on_fp_color_change	salient	0	red	right	unaware	1	0
481.695	0.000	trigger_201	201	481695	Trigger-In:201	127	trial_end_completed	salient	0	red	right	unaware	1	0
482.760	0.000	trigger_101	101	482760	Trigger-In:101	128	trial_start	staircase	12	red	left	aware	1	0
482.865	0.000	trigger_11	11	482865	Trigger-In:11	128	fixation_point_on	staircase	12	red	left	aware	1	0
483.465	0.000	trigger_21	21	483465	Trigger-In:21	128	grating_on	staircase	12	red	left	aware	1	0
483.515	0.000	trigger_20	20	483515	Trigger-In:20	128	grating_off	staircase	12	red	left	aware	1	0
484.120	0.000	trigger_31	31	484120	Trigger-In:31	128	targets_on_fp_color_change	staircase	12	red	left	aware	1	0
485.420	0.000	trigger_201	201	485420	Trigger-In:201	128	trial_end_completed	staircase	12	red	left	aware	1	0
486.490	0.000	trigger_101	101	486490	Trigger-In:101	129	trial_start	staircase	11	green	left	unaware	1	0
486.590	0.000	trigger_11	11	486590	Trigger-In:11	129	fixation_point_on	staircase	11	green	left	unaware	1	0
487.190	0.000	trigger_21	21	487190	Trigger-In:21	129	grating_on	staircase	11	green	left	unaware	1	0
487.245	0.000	trigger_20	20	487245	Trigger-In:20	129	grating_off	staircase	11	green	left	unaware	1	0
487.845	0.000	trigger_31	31	487845	Trigger-In:31	129	targets_on_fp_color_change	staircase	11	green	left	unaware	1	0
489.220	0.000	trigger_201	201	489220	Trigger-In:201	129	trial_end_completed	staircase	11	green	left	unaware	1	0
490.285	0.000	trigger_101	101	490285	Trigger-In:101	130	trial_start	staircase	12	green	left	unaware	1	0
490.390	0.000	trigger_11	11	490390	Trigger-In:11	130	fixation_point_on	staircase	12	green	left	unaware	1	0
490.990	0.000	trigger_21	21	490990	Trigger-In:21	130	grating_on	staircase	12	green	left	unaware	1	0
491.040	0.000	trigger_20	20	491040	Trigger-In:20	130	grating_off	staircase	12	green	left	unaware	1	0
491.640	0.000	trigger_31	31	491640	Trigger-In:31	130	targets_on_fp_color_change	staircase	12	green	left	unaware	1	0
492.550	0.000	trigger_201	201	492550	Trigger-In:201	130	trial_end_completed	staircase	12	green	left	unaware	1	0
493.615	0.000	trigger_101	101	493615	Trigger-In:101	131	trial_start	salient	0	green	left	unaware	1	0
493.725	0.000	trigger_11	11	493725	Trigger-In:11	131	fixation_point_on	salient	0	green	left	unaware	1	0
494.325	0.000	trigger_21	21	494325	Trigger-In:21	131	grating_on	salient	0	green	left	unaware	1	0
494.375	0.000	trigger_20	20	494375	Trigger-In:20	131	grating_off	salient	0	green	left	unaware	1	0
494.975	0.000	trigger_31	31	494975	Trigger-In:31	131	targets_on_fp_color_change	salient	0	green	left	unaware	1	0
496.445	0.000	trigger_201	201	496445	Trigger-In:201	131	trial_end_completed	salient	0	green	left	unaware	1	0
497.515	0.000	trigger_101	101	497515	Trigger-In:101	132	trial_start	staircase	13	red	right	unaware	1	0
497.620	0.000	trigger_11	11	497620	Trigger-In:11	132	fixation_point_on	staircase	13	red	right	unaware	1	0
498.220	0.000	trigger_21	21	498220	Trigger-In:21	132	grating_on	staircase	13	red	right	unaware	1	0
498.270	0.000	trigger_20	20	498270	Trigger-In:20	132	grating_off	staircase	13	red	right	unaware	1	0
498.870	0.000	trigger_31	31	498870	Trigger-In:31	132	targets_on_fp_color_change	staircase	13	red	right	unaware	1	0
499.830	0.000	trigger_201	201	499830	Trigger-In:201	132	trial_end_completed	staircase	13	red	right	unaware	1	0
500.895	0.000	trigger_101	101	500895	Trigger-In:101	133	trial_start	staircase	14	red	left	aware	1	0
500.995	0.000	trigger_11	11	500995	Trigger-In:11	133	fixation_point_on	staircase	14	red	left	aware	1	0
501.600	0.000	trigger_21	21	501600	Trigger-In:21	133	grating_on	staircase	14	red	left	aware	1	0
501.650	0.000	trigger_20	20	501650	Trigger-In:20	133	grating_off	staircase	14	red	left	aware	1	0
502.250	0.000	trigger_31	31	502250	Trigger-In:31	133	targets_on_fp_color_change	staircase	14	red	left	aware	1	0
503.145	0.000	trigger_201	201	503145	Trigger-In:201	133	trial_end_completed	staircase	14	red	left	aware	1	0
504.215	0.000	trigger_101	101	504215	Trigger-In:101	134	trial_start	staircase	13	green	left	unaware	1	0
504.315	0.000	trigger_11	11	504315	Trigger-In:11	134	fixation_point_on	staircase	13	green	left	unaware	1	0
504.920	0.000	trigger_21	21	504920	Trigger-In:21	134	grating_on	staircase	13	green	left	unaware	1	0
504.970	0.000	trigger_20	20	504970	Trigger-In:20	134	grating_off	staircase	13	green	left	unaware	1	0
505.570	0.000	trigger_31	31	505570	Trigger-In:31	134	targets_on_fp_color_change	staircase	13	green	left	unaware	1	0
506.630	0.000	trigger_201	201	506630	Trigger-In:201	134	trial_end_completed	staircase	13	green	left	unaware	1	0
507.700	0.000	trigger_101	101	507700	Trigger-In:101	135	trial_start	salient	0	green	right	aware	1	0
507.800	0.000	trigger_11	11	507800	Trigger-In:11	135	fixation_point_on	salient	0	green	right	aware	1	0
508.400	0.000	trigger_21	21	508400	Trigger-In:21	135	grating_on	salient	0	green	right	aware	1	0
508.455	0.000	trigger_20	20	508455	Trigger-In:20	135	grating_off	salient	0	green	right	aware	1	0
509.055	0.000	trigger_31	31	509055	Trigger-In:31	135	targets_on_fp_color_change	salient	0	green	right	aware	1	0
510.110	0.000	trigger_201	201	510110	Trigger-In:201	135	trial_end_completed	salient	0	green	right	aware	1	0
511.425	0.000	trigger_101	101	511425	Trigger-In:101	136	trial_start	staircase	14	red	left	aware	1	0
511.525	0.000	trigger_11	11	511525	Trigger-In:11	136	fixation_point_on	staircase	14	red	left	aware	1	0
512.130	0.000	trigger_21	21	512130	Trigger-In:21	136	grating_on	staircase	14	red	left	aware	1	0
512.180	0.000	trigger_20	20	512180	Trigger-In:20	136	grating_off	staircase	14	red	left	aware	1	0
512.780	0.000	trigger_31	31	512780	Trigger-In:31	136	targets_on_fp_color_change	staircase	14	red	left	aware	1	0
513.780	0.000	trigger_201	201	513780	Trigger-In:201	136	trial_end_completed	staircase	14	red	left	aware	1	0
514.845	0.000	trigger_101	101	514845	Trigger-In:101	137	trial_start	staircase	13	red	right	unaware	1	0
514.955	0.000	trigger_11	11	514955	Trigger-In:11	137	fixation_point_on	staircase	13	red	right	unaware	1	0
515.555	0.000	trigger_21	21	515555	Trigger-In:21	137	grating_on	staircase	13	red	right	unaware	1	0
515.605	0.000	trigger_20	20	515605	Trigger-In:20	137	grating_off	staircase	13	red	right	unaware	1	0
516.205	0.000	trigger_31	31	516205	Trigger-In:31	137	targets_on_fp_color_change	staircase	13	red	right	unaware	1	0
517.175	0.000	trigger_201	201	517175	Trigger-In:201	137	trial_end_completed	staircase	13	red	right	unaware	1	0
518.245	0.000	trigger_101	101	518245	Trigger-In:101	138	trial_start	staircase	14	red	right	unaware	1	0
518.345	0.000	trigger_11	11	518345	Trigger-In:11	138	fixation_point_on	staircase	14	red	right	unaware	1	0
518.950	0.000	trigger_21	21	518950	Trigger-In:21	138	grating_on	staircase	14	red	right	unaware	1	0
519.000	0.000	trigger_20	20	519000	Trigger-In:20	138	grating_off	staircase	14	red	right	unaware	1	0
519.600	0.000	trigger_31	31	519600	Trigger-In:31	138	targets_on_fp_color_change	staircase	14	red	right	unaware	1	0
520.420	0.000	trigger_201	201	520420	Trigger-In:201	138	trial_end_completed	staircase	14	red	right	unaware	1	0
521.490	0.000	trigger_101	101	521490	Trigger-In:101	139	trial_start	staircase	15	red	right	unaware	1	0
521.595	0.000	trigger_11	11	521595	Trigger-In:11	139	fixation_point_on	staircase	15	red	right	unaware	1	0
522.195	0.000	trigger_21	21	522195	Trigger-In:21	139	grating_on	staircase	15	red	right	unaware	1	0
522.245	0.000	trigger_20	20	522245	Trigger-In:20	139	grating_off	staircase	15	red	right	unaware	1	0
522.845	0.000	trigger_31	31	522845	Trigger-In:31	139	targets_on_fp_color_change	staircase	15	red	right	unaware	1	0
523.610	0.000	trigger_201	201	523610	Trigger-In:201	139	trial_end_completed	staircase	15	red	right	unaware	1	0
524.680	0.000	trigger_101	101	524680	Trigger-In:101	140	trial_start	absent	70	green	right	aware	1	0
524.785	0.000	trigger_11	11	524785	Trigger-In:11	140	fixation_point_on	absent	70	green	right	aware	1	0
525.385	0.000	trigger_21	21	525385	Trigger-In:21	140	grating_on	absent	70	green	right	aware	1	0
525.435	0.000	trigger_20	20	525435	Trigger-In:20	140	grating_off	absent	70	green	right	aware	1	0
526.035	0.000	trigger_31	31	526035	Trigger-In:31	140	targets_on_fp_color_change	absent	70	green	right	aware	1	0
527.315	0.000	trigger_201	201	527315	Trigger-In:201	140	trial_end_completed	absent	70	green	right	aware	1	0
528.380	0.000	trigger_101	101	528380	Trigger-In:101	141	trial_start	staircase	16	green	left	unaware	1	0
528.485	0.000	trigger_11	11	528485	Trigger-In:11	141	fixation_point_on	staircase	16	green	left	unaware	1	0
529.090	0.000	trigger_21	21	529090	Trigger-In:21	141	grating_on	staircase	16	green	left	unaware	1	0
529.140	0.000	trigger_20	20	529140	Trigger-In:20	141	grating_off	staircase	16	green	left	unaware	1	0
529.740	0.000	trigger_31	31	529740	Trigger-In:31	141	targets_on_fp_color_change	staircase	16	green	left	unaware	1	0
530.695	0.000	trigger_201	201	530695	Trigger-In:201	141	trial_end_completed	staircase	16	green	left	unaware	1	0
531.765	0.000	trigger_101	101	531765	Trigger-In:101	142	trial_start	staircase	17	red	left	aware	1	0
531.870	0.000	trigger_11	11	531870	Trigger-In:11	142	fixation_point_on	staircase	17	red	left	aware	1	0
532.470	0.000	trigger_21	21	532470	Trigger-In:21	142	grating_on	staircase	17	red	left	aware	1	0
532.520	0.000	trigger_20	20	532520	Trigger-In:20	142	grating_off	staircase	17	red	left	aware	1	0
533.120	0.000	trigger_31	31	533120	Trigger-In:31	142	targets_on_fp_color_change	staircase	17	red	left	aware	1	0
534.105	0.000	trigger_201	201	534105	Trigger-In:201	142	trial_end_completed	staircase	17	red	left	aware	1	0
535.175	0.000	trigger_101	101	535175	Trigger-In:101	143	trial_start	staircase	16	green	right	aware	1	0
535.275	0.000	trigger_11	11	535275	Trigger-In:11	143	fixation_point_on	staircase	16	green	right	aware	1	0
535.875	0.000	trigger_21	21	535875	Trigger-In:21	143	grating_on	staircase	16	green	right	aware	1	0
535.930	0.000	trigger_20	20	535930	Trigger-In:20	143	grating_off	staircase	16	green	right	aware	1	0
536.530	0.000	trigger_31	31	536530	Trigger-In:31	143	targets_on_fp_color_change	staircase	16	green	right	aware	1	0
537.920	0.000	trigger_201	201	537920	Trigger-In:201	143	trial_end_completed	staircase	16	green	right	aware	1	0
538.985	0.000	trigger_101	101	538985	Trigger-In:101	144	trial_start	staircase	15	red	left	aware	1	0
539.090	0.000	trigger_11	11	539090	Trigger-In:11	144	fixation_point_on	staircase	15	red	left	aware	1	0
539.690	0.000	trigger_21	21	539690	Trigger-In:21	144	grating_on	staircase	15	red	left	aware	1	0
539.740	0.000	trigger_20	20	539740	Trigger-In:20	144	grating_off	staircase	15	red	left	aware	1	0
540.340	0.000	trigger_31	31	540340	Trigger-In:31	144	targets_on_fp_color_change	staircase	15	red	left	aware	1	0
541.070	0.000	trigger_201	201	541070	Trigger-In:201	144	trial_end_completed	staircase	15	red	left	aware	1	0
542.140	0.000	trigger_101	101	542140	Trigger-In:101	145	trial_start	staircase	14	green	right	aware	1	0
542.245	0.000	trigger_11	11	542245	Trigger-In:11	145	fixation_point_on	staircase	14	green	right	aware	1	0
542.845	0.000	trigger_21	21	542845	Trigger-In:21	145	grating_on	staircase	14	green	right	aware	1	0
542.895	0.000	trigger_20	20	542895	Trigger-In:20	145	grating_off	staircase	14	green	right	aware	1	0
543.495	0.000	trigger_31	31	543495	Trigger-In:31	145	targets_on_fp_color_change	staircase	14	green	right	aware	1	0
544.175	0.000	trigger_201	201	544175	Trigger-In:201	145	trial_end_completed	staircase	14	green	right	aware	1	0
545.245	0.000	trigger_101	101	545245	Trigger-In:101	146	trial_start	staircase	13	red	left	aware	1	0
545.355	0.000	trigger_11	11	545355	Trigger-In:11	146	fixation_point_on	staircase	13	red	left	aware	1	0
545.955	0.000	trigger_21	21	545955	Trigger-In:21	146	grating_on	staircase	13	red	left	aware	1	0
546.005	0.000	trigger_20	20	546005	Trigger-In:20	146	grating_off	staircase	13	red	left	aware	1	0
546.605	0.000	trigger_31	31	546605	Trigger-In:31	146	targets_on_fp_color_change	staircase	13	red	left	aware	1	0
547.375	0.000	trigger_201	201	547375	Trigger-In:201	146	trial_end_completed	staircase	13	red	left	aware	1	0
548.440	0.000	trigger_101	101	548440	Trigger-In:101	147	trial_start	staircase	12	green	right	aware	1	0
548.545	0.000	trigger_11	11	548545	Trigger-In:11	147	fixation_point_on	staircase	12	green	right	aware	1	0
549.145	0.000	trigger_21	21	549145	Trigger-In:21	147	grating_on	staircase	12	green	right	aware	1	0
549.195	0.000	trigger_20	20	549195	Trigger-In:20	147	grating_off	staircase	12	green	right	aware	1	0
549.795	0.000	trigger_31	31	549795	Trigger-In:31	147	targets_on_fp_color_change	staircase	12	green	right	aware	1	0
550.635	0.000	trigger_201	201	550635	Trigger-In:201	147	trial_end_completed	staircase	12	green	right	aware	1	0
551.705	0.000	trigger_101	101	551705	Trigger-In:101	148	trial_start	staircase	11	red	left	aware	1	0
551.810	0.000	trigger_11	11	551810	Trigger-In:11	148	fixation_point_on	staircase	11	red	left	aware	1	0
552.410	0.000	trigger_21	21	552410	Trigger-In:21	148	grating_on	staircase	11	red	left	aware	1	0
552.460	0.000	trigger_20	20	552460	Trigger-In:20	148	grating_off	staircase	11	red	left	aware	1	0
553.060	0.000	trigger_31	31	553060	Trigger-In:31	148	targets_on_fp_color_change	staircase	11	red	left	aware	1	0
554.320	0.000	trigger_201	201	554320	Trigger-In:201	148	trial_end_completed	staircase	11	red	left	aware	1	0
555.385	0.000	trigger_101	101	555385	Trigger-In:101	149	trial_start	staircase	10	red	right	unaware	1	0
555.495	0.000	trigger_11	11	555495	Trigger-In:11	149	fixation_point_on	staircase	10	red	right	unaware	1	0
556.095	0.000	trigger_21	21	556095	Trigger-In:21	149	grating_on	staircase	10	red	right	unaware	1	0
556.145	0.000	trigger_20	20	556145	Trigger-In:20	149	grating_off	staircase	10	red	right	unaware	1	0
556.745	0.000	trigger_31	31	556745	Trigger-In:31	149	targets_on_fp_color_change	staircase	10	red	right	unaware	1	0
557.720	0.000	trigger_201	201	557720	Trigger-In:201	149	trial_end_completed	staircase	10	red	right	unaware	1	0
558.790	0.000	trigger_101	101	558790	Trigger-In:101	150	trial_start	staircase	11	green	left	unaware	1	0
558.900	0.000	trigger_11	11	558900	Trigger-In:11	150	fixation_point_on	staircase	11	green	left	unaware	1	0
559.500	0.000	trigger_21	21	559500	Trigger-In:21	150	grating_on	staircase	11	green	left	unaware	1	0
559.550	0.000	trigger_20	20	559550	Trigger-In:20	150	grating_off	staircase	11	green	left	unaware	1	0
560.150	0.000	trigger_31	31	560150	Trigger-In:31	150	targets_on_fp_color_change	staircase	11	green	left	unaware	1	0
560.990	0.000	trigger_201	201	560990	Trigger-In:201	150	trial_end_completed	staircase	11	green	left	unaware	1	0
562.055	0.000	trigger_101	101	562055	Trigger-In:101	151	trial_start	staircase	12	green	left	unaware	1	0
562.160	0.000	trigger_11	11	562160	Trigger-In:11	151	fixation_point_on	staircase	12	green	left	unaware	1	0
562.765	0.000	trigger_21	21	562765	Trigger-In:21	151	grating_on	staircase	12	green	left	unaware	1	0
562.815	0.000	trigger_20	20	562815	Trigger-In:20	151	grating_off	staircase	12	green	left	unaware	1	0
563.415	0.000	trigger_31	31	563415	Trigger-In:31	151	targets_on_fp_color_change	staircase	12	green	left	unaware	1	0
564.705	0.000	trigger_201	201	564705	Trigger-In:201	151	trial_end_completed	staircase	12	green	left	unaware	1	0
565.770	0.000	trigger_101	101	565770	Trigger-In:101	152	trial_start	salient	0	green	left	unaware	1	0
565.875	0.000	trigger_11	11	565875	Trigger-In:11	152	fixation_point_on	salient	0	green	left	unaware	1	0
566.475	0.000	trigger_21	21	566475	Trigger-In:21	152	grating_on	salient	0	green	left	unaware	1	0
566.525	0.000	trigger_20	20	566525	Trigger-In:20	152	grating_off	salient	0	green	left	unaware	1	0
567.125	0.000	trigger_31	31	567125	Trigger-In:31	152	targets_on_fp_color_change	salient	0	green	left	unaware	1	0
568.070	0.000	trigger_201	201	568070	Trigger-In:201	152	trial_end_completed	salient	0	green	left	unaware	1	0
569.140	0.000	trigger_101	101	569140	Trigger-In:101	153	trial_start	staircase	13	red	right	unaware	1	0
569.245	0.000	trigger_11	11	569245	Trigger-In:11	153	fixation_point_on	staircase	13	red	right	unaware	1	0
569.845	0.000	trigger_21	21	569845	Trigger-In:21	153	grating_on	staircase	13	red	right	unaware	1	0
569.895	0.000	trigger_20	20	569895	Trigger-In:20	153	grating_off	staircase	13	red	right	unaware	1	0
570.495	0.000	trigger_31	31	570495	Trigger-In:31	153	targets_on_fp_color_change	staircase	13	red	right	unaware	1	0
571.400	0.000	trigger_201	201	571400	Trigger-In:201	153	trial_end_completed	staircase	13	red	right	unaware	1	0
572.470	0.000	trigger_101	101	572470	Trigger-In:101	154	trial_start	staircase	14	green	left	unaware	1	0
572.570	0.000	trigger_11	11	572570	Trigger-In:11	154	fixation_point_on	staircase	14	green	left	unaware	1	0
573.170	0.000	trigger_21	21	573170	Trigger-In:21	154	grating_on	staircase	14	green	left	unaware	1	0
573.225	0.000	trigger_20	20	573225	Trigger-In:20	154	grating_off	staircase	14	green	left	unaware	1	0
573.825	0.000	trigger_31	31	573825	Trigger-In:31	154	targets_on_fp_color_change	staircase	14	green	left	unaware	1	0
574.880	0.000	trigger_201	201	574880	Trigger-In:201	154	trial_end_completed	staircase	14	green	left	unaware	1	0
575.945	0.000	trigger_101	101	575945	Trigger-In:101	155	trial_start	staircase	15	green	left	unaware	1	0
576.050	0.000	trigger_11	11	576050	Trigger-In:11	155	fixation_point_on	staircase	15	green	left	unaware	1	0
576.650	0.000	trigger_21	21	576650	Trigger-In:21	155	grating_on	staircase	15	green	left	unaware	1	0
576.700	0.000	trigger_20	20	576700	Trigger-In:20	155	grating_off	staircase	15	green	left	unaware	1	0
577.300	0.000	trigger_31	31	577300	Trigger-In:31	155	targets_on_fp_color_change	staircase	15	green	left	unaware	1	0
578.065	0.000	trigger_201	201	578065	Trigger-In:201	155	trial_end_completed	staircase	15	green	left	unaware	1	0
579.130	0.000	trigger_101	101	579130	Trigger-In:101	156	trial_start	absent	70	green	right	aware	1	0
579.240	0.000	trigger_11	11	579240	Trigger-In:11	156	fixation_point_on	absent	70	green	right	aware	1	0
579.840	0.000	trigger_21	21	579840	Trigger-In:21	156	grating_on	absent	70	green	right	aware	1	0
579.890	0.000	trigger_20	20	579890	Trigger-In:20	156	grating_off	absent	70	green	right	aware	1	0
580.490	0.000	trigger_31	31	580490	Trigger-In:31	156	targets_on_fp_color_change	absent	70	green	right	aware	1	0
581.635	0.000	trigger_201	201	581635	Trigger-In:201	156	trial_end_completed	absent	70	green	right	aware	1	0
582.700	0.000	trigger_101	101	582700	Trigger-In:101	157	trial_start	staircase	16	green	left	unaware	1	0
582.810	0.000	trigger_11	11	582810	Trigger-In:11	157	fixation_point_on	staircase	16	green	left	unaware	1	0
583.410	0.000	trigger_21	21	583410	Trigger-In:21	157	grating_on	staircase	16	green	left	unaware	1	0
583.460	0.000	trigger_20	20	583460	Trigger-In:20	157	grating_off	staircase	16	green	left	unaware	1	0
584.060	0.000	trigger_31	31	584060	Trigger-In:31	157	targets_on_fp_color_change	staircase	16	green	left	unaware	1	0
585.005	0.000	trigger_201	201	585005	Trigger-In:201	157	trial_end_completed	staircase	16	green	left	unaware	1	0
586.070	0.000	trigger_101	101	586070	Trigger-In:101	158	trial_start	staircase	17	red	left	aware	1	0
586.175	0.000	trigger_11	11	586175	Trigger-In:11	158	fixation_point_on	staircase	17	red	left	aware	1	0
586.775	0.000	trigger_21	21	586775	Trigger-In:21	158	grating_on	staircase	17	red	left	aware	1	0
586.825	0.000	trigger_20	20	586825	Trigger-In:20	158	grating_off	staircase	17	red	left	aware	1	0
587.425	0.000	trigger_31	31	587425	Trigger-In:31	158	targets_on_fp_color_change	staircase	17	red	left	aware	1	0
588.940	0.000	trigger_201	201	588940	Trigger-In:201	158	trial_end_completed	staircase	17	red	left	aware	1	0
590.010	0.000	trigger_101	101	590010	Trigger-In:101	159	trial_start	staircase	16	red	left	aware	1	0
590.115	0.000	trigger_11	11	590115	Trigger-In:11	159	fixation_point_on	staircase	16	red	left	aware	1	0
590.715	0.000	trigger_21	21	590715	Trigger-In:21	159	grating_on	staircase	16	red	left	aware	1	0
590.765	0.000	trigger_20	20	590765	Trigger-In:20	159	grating_off	staircase	16	red	left	aware	1	0
591.365	0.000	trigger_31	31	591365	Trigger-In:31	159	targets_on_fp_color_change	staircase	16	red	left	aware	1	0
592.760	0.000	trigger_201	201	592760	Trigger-In:201	159	trial_end_completed	staircase	16	red	left	aware	1	0
593.830	0.000	trigger_101	101	593830	Trigger-In:101	160	trial_start	absent	70	red	left	aware	1	0
594.215	0.000	trigger_11	11	594215	Trigger-In:11	160	fixation_point_on	absent	70	red	left	aware	1	0
594.820	0.000	trigger_21	21	594820	Trigger-In:21	160	grating_on	absent	70	red	left	aware	1	0
594.870	0.000	trigger_20	20	594870	Trigger-In:20	160	grating_off	absent	70	red	left	aware	1	0
595.470	0.000	trigger_31	31	595470	Trigger-In:31	160	targets_on_fp_color_change	absent	70	red	left	aware	1	0
596.250	0.000	trigger_201	201	596250	Trigger-In:201	160	trial_end_completed	absent	70	red	left	aware	1	0
597.320	0.000	trigger_101	101	597320	Trigger-In:101	161	trial_start	staircase	15	green	right	aware	1	0
597.420	0.000	trigger_11	11	597420	Trigger-In:11	161	fixation_point_on	staircase	15	green	right	aware	1	0
598.025	0.000	trigger_21	21	598025	Trigger-In:21	161	grating_on	staircase	15	green	right	aware	1	0
598.075	0.000	trigger_20	20	598075	Trigger-In:20	161	grating_off	staircase	15	green	right	aware	1	0
598.675	0.000	trigger_31	31	598675	Trigger-In:31	161	targets_on_fp_color_change	staircase	15	green	right	aware	1	0
599.395	0.000	trigger_201	201	599395	Trigger-In:201	161	trial_end_completed	staircase	15	green	right	aware	1	0
600.460	0.000	trigger_101	101	600460	Trigger-In:101	162	trial_start	staircase	14	red	right	unaware	1	0
600.565	0.000	trigger_11	11	600565	Trigger-In:11	162	fixation_point_on	staircase	14	red	right	unaware	1	0
601.165	0.000	trigger_21	21	601165	Trigger-In:21	162	grating_on	staircase	14	red	right	unaware	1	0
601.215	0.000	trigger_20	20	601215	Trigger-In:20	162	grating_off	staircase	14	red	right	unaware	1	0
601.815	0.000	trigger_31	31	601815	Trigger-In:31	162	targets_on_fp_color_change	staircase	14	red	right	unaware	1	0
602.990	0.000	trigger_201	201	602990	Trigger-In:201	162	trial_end_completed	staircase	14	red	right	unaware	1	0
604.055	0.000	trigger_101	101	604055	Trigger-In:101	163	trial_start	salient	0	green	left	unaware	1	0
604.160	0.000	trigger_11	11	604160	Trigger-In:11	163	fixation_point_on	salient	0	green	left	unaware	1	0
604.760	0.000	trigger_21	21	604760	Trigger-In:21	163	grating_on	salient	0	green	left	unaware	1	0
604.810	0.000	trigger_20	20	604810	Trigger-In:20	163	grating_off	salient	0	green	left	unaware	1	0
605.410	0.000	trigger_31	31	605410	Trigger-In:31	163	targets_on_fp_color_change	salient	0	green	left	unaware	1	0
606.435	0.000	trigger_201	201	606435	Trigger-In:201	163	trial_end_completed	salient	0	green	left	unaware	1	0
607.500	0.000	trigger_101	101	607500	Trigger-In:101	164	trial_start	staircase	15	red	right	unaware	1	0
607.610	0.000	trigger_11	11	607610	Trigger-In:11	164	fixation_point_on	staircase	15	red	right	unaware	1	0
608.210	0.000	trigger_21	21	608210	Trigger-In:21	164	grating_on	staircase	15	red	right	unaware	1	0
608.260	0.000	trigger_20	20	608260	Trigger-In:20	164	grating_off	staircase	15	red	right	unaware	1	0
608.860	0.000	trigger_31	31	608860	Trigger-In:31	164	targets_on_fp_color_change	staircase	15	red	right	unaware	1	0
610.220	0.000	trigger_201	201	610220	Trigger-In:201	164	trial_end_completed	staircase	15	red	right	unaware	1	0
611.285	0.000	trigger_101	101	611285	Trigger-In:101	165	trial_start	salient	0	red	right	unaware	1	0
611.610	0.000	trigger_11	11	611610	Trigger-In:11	165	fixation_point_on	salient	0	red	right	unaware	1	0
612.210	0.000	trigger_21	21	612210	Trigger-In:21	165	grating_on	salient	0	red	right	unaware	1	0
612.260	0.000	trigger_20	20	612260	Trigger-In:20	165	grating_off	salient	0	red	right	unaware	1	0
612.860	0.000	trigger_31	31	612860	Trigger-In:31	165	targets_on_fp_color_change	salient	0	red	right	unaware	1	0
613.800	0.000	trigger_201	201	613800	Trigger-In:201	165	trial_end_completed	salient	0	red	right	unaware	1	0
614.870	0.000	trigger_101	101	614870	Trigger-In:101	166	trial_start	staircase	16	green	right	aware	1	0
614.975	0.000	trigger_11	11	614975	Trigger-In:11	166	fixation_point_on	staircase	16	green	right	aware	1	0
615.575	0.000	trigger_21	21	615575	Trigger-In:21	166	grating_on	staircase	16	green	right	aware	1	0
615.625	0.000	trigger_20	20	615625	Trigger-In:20	166	grating_off	staircase	16	green	right	aware	1	0
616.225	0.000	trigger_31	31	616225	Trigger-In:31	166	targets_on_fp_color_change	staircase	16	green	right	aware	1	0
617.430	0.000	trigger_201	201	617430	Trigger-In:201	166	trial_end_completed	staircase	16	green	right	aware	1	0
618.500	0.000	trigger_101	101	618500	Trigger-In:101	167	trial_start	absent	70	red	left	aware	1	0
618.605	0.000	trigger_11	11	618605	Trigger-In:11	167	fixation_point_on	absent	70	red	left	aware	1	0
619.205	0.000	trigger_21	21	619205	Trigger-In:21	167	grating_on	absent	70	red	left	aware	1	0
619.260	0.000	trigger_20	20	619260	Trigger-In:20	167	grating_off	absent	70	red	left	aware	1	0
619.860	0.000	trigger_31	31	619860	Trigger-In:31	167	targets_on_fp_color_change	absent	70	red	left	aware	1	0
621.070	0.000	trigger_201	201	621070	Trigger-In:201	167	trial_end_completed	absent	70	red	left	aware	1	0
622.140	0.000	trigger_101	101	622140	Trigger-In:101	168	trial_start	absent	70	red	left	aware	1	0
622.285	0.000	trigger_11	11	622285	Trigger-In:11	168	fixation_point_on	absent	70	red	left	aware	1	0
622.885	0.000	trigger_21	21	622885	Trigger-In:21	168	grating_on	absent	70	red	left	aware	1	0
622.935	0.000	trigger_20	20	622935	Trigger-In:20	168	grating_off	absent	70	red	left	aware	1	0
623.535	0.000	trigger_31	31	623535	Trigger-In:31	168	targets_on_fp_color_change	absent	70	red	left	aware	1	0
624.510	0.000	trigger_201	201	624510	Trigger-In:201	168	trial_end_completed	absent	70	red	left	aware	1	0
625.580	0.000	trigger_101	101	625580	Trigger-In:101	169	trial_start	absent	70	red	left	aware	1	0
625.755	0.000	trigger_11	11	625755	Trigger-In:11	169	fixation_point_on	absent	70	red	left	aware	1	0
626.355	0.000	trigger_21	21	626355	Trigger-In:21	169	grating_on	absent	70	red	left	aware	1	0
626.405	0.000	trigger_20	20	626405	Trigger-In:20	169	grating_off	absent	70	red	left	aware	1	0
627.005	0.000	trigger_31	31	627005	Trigger-In:31	169	targets_on_fp_color_change	absent	70	red	left	aware	1	0
627.950	0.000	trigger_201	201	627950	Trigger-In:201	169	trial_end_completed	absent	70	red	left	aware	1	0
629.015	0.000	trigger_101	101	629015	Trigger-In:101	170	trial_start	staircase	15	red	left	aware	1	0
629.120	0.000	trigger_11	11	629120	Trigger-In:11	170	fixation_point_on	staircase	15	red	left	aware	1	0
629.720	0.000	trigger_21	21	629720	Trigger-In:21	170	grating_on	staircase	15	red	left	aware	1	0
629.770	0.000	trigger_20	20	629770	Trigger-In:20	170	grating_off	staircase	15	red	left	aware	1	0
630.370	0.000	trigger_31	31	630370	Trigger-In:31	170	targets_on_fp_color_change	staircase	15	red	left	aware	1	0
631.080	0.000	trigger_201	201	631080	Trigger-In:201	170	trial_end_completed	staircase	15	red	left	aware	1	0
632.150	0.000	trigger_101	101	632150	Trigger-In:101	171	trial_start	salient	0	red	right	unaware	1	0
632.250	0.000	trigger_11	11	632250	Trigger-In:11	171	fixation_point_on	salient	0	red	right	unaware	1	0
632.855	0.000	trigger_21	21	632855	Trigger-In:21	171	grating_on	salient	0	red	right	unaware	1	0
632.905	0.000	trigger_20	20	632905	Trigger-In:20	171	grating_off	salient	0	red	right	unaware	1	0
633.505	0.000	trigger_31	31	633505	Trigger-In:31	171	targets_on_fp_color_change	salient	0	red	right	unaware	1	0
634.615	0.000	trigger_201	201	634615	Trigger-In:201	171	trial_end_completed	salient	0	red	right	unaware	1	0
635.685	0.000	trigger_101	101	635685	Trigger-In:101	172	trial_start	absent	70	green	right	aware	1	0
635.790	0.000	trigger_11	11	635790	Trigger-In:11	172	fixation_point_on	absent	70	green	right	aware	1	0
636.395	0.000	trigger_21	21	636395	Trigger-In:21	172	grating_on	absent	70	green	right	aware	1	0
636.445	0.000	trigger_20	20	636445	Trigger-In:20	172	grating_off	absent	70	green	right	aware	1	0
637.045	0.000	trigger_31	31	637045	Trigger-In:31	172	targets_on_fp_color_change	absent	70	green	right	aware	1	0
638.250	0.000	trigger_201	201	638250	Trigger-In:201	172	trial_end_completed	absent	70	green	right	aware	1	0
639.320	0.000	trigger_101	101	639320	Trigger-In:101	173	trial_start	staircase	14	green	left	unaware	1	0
639.420	0.000	trigger_11	11	639420	Trigger-In:11	173	fixation_point_on	staircase	14	green	left	unaware	1	0
640.025	0.000	trigger_21	21	640025	Trigger-In:21	173	grating_on	staircase	14	green	left	unaware	1	0
640.075	0.000	trigger_20	20	640075	Trigger-In:20	173	grating_off	staircase	14	green	left	unaware	1	0
640.675	0.000	trigger_31	31	640675	Trigger-In:31	173	targets_on_fp_color_change	staircase	14	green	left	unaware	1	0
641.485	0.000	trigger_201	201	641485	Trigger-In:201	173	trial_end_completed	staircase	14	green	left	unaware	1	0
642.555	0.000	trigger_101	101	642555	Trigger-In:101	174	trial_start	absent	70	red	left	aware	1	0
642.655	0.000	trigger_11	11	642655	Trigger-In:11	174	fixation_point_on	absent	70	red	left	aware	1	0
643.255	0.000	trigger_21	21	643255	Trigger-In:21	174	grating_on	absent	70	red	left	aware	1	0
643.305	0.000	trigger_20	20	643305	Trigger-In:20	174	grating_off	absent	70	red	left	aware	1	0
643.905	0.000	trigger_31	31	643905	Trigger-In:31	174	targets_on_fp_color_change	absent	70	red	left	aware	1	0
644.860	0.000	trigger_201	201	644860	Trigger-In:201	174	trial_end_completed	absent	70	red	left	aware	1	0
645.930	0.000	trigger_101	101	645930	Trigger-In:101	175	trial_start	staircase	15	red	right	unaware	1	0
646.030	0.000	trigger_11	11	646030	Trigger-In:11	175	fixation_point_on	staircase	15	red	right	unaware	1	0
646.630	0.000	trigger_21	21	646630	Trigger-In:21	175	grating_on	staircase	15	red	right	unaware	1	0
646.680	0.000	trigger_20	20	646680	Trigger-In:20	175	grating_off	staircase	15	red	right	unaware	1	0
647.285	0.000	trigger_31	31	647285	Trigger-In:31	175	targets_on_fp_color_change	staircase	15	red	right	unaware	1	0
648.255	0.000	trigger_201	201	648255	Trigger-In:201	175	trial_end_completed	staircase	15	red	right	unaware	1	0
649.325	0.000	trigger_101	101	649325	Trigger-In:101	176	trial_start	salient	0	red	right	unaware	1	0
649.430	0.000	trigger_11	11	649430	Trigger-In:11	176	fixation_point_on	salient	0	red	right	unaware	1	0
650.030	0.000	trigger_21	21	650030	Trigger-In:21	176	grating_on	salient	0	red	right	unaware	1	0
650.085	0.000	trigger_20	20	650085	Trigger-In:20	176	grating_off	salient	0	red	right	unaware	1	0
650.685	0.000	trigger_31	31	650685	Trigger-In:31	176	targets_on_fp_color_change	salient	0	red	right	unaware	1	0
651.485	0.000	trigger_201	201	651485	Trigger-In:201	176	trial_end_completed	salient	0	red	right	unaware	1	0
652.555	0.000	trigger_101	101	652555	Trigger-In:101	177	trial_start	staircase	16	green	left	unaware	1	0
652.660	0.000	trigger_11	11	652660	Trigger-In:11	177	fixation_point_on	staircase	16	green	left	unaware	1	0
653.260	0.000	trigger_21	21	653260	Trigger-In:21	177	grating_on	staircase	16	green	left	unaware	1	0
653.310	0.000	trigger_20	20	653310	Trigger-In:20	177	grating_off	staircase	16	green	left	unaware	1	0
653.910	0.000	trigger_31	31	653910	Trigger-In:31	177	targets_on_fp_color_change	staircase	16	green	left	unaware	1	0
654.855	0.000	trigger_201	201	654855	Trigger-In:201	177	trial_end_completed	staircase	16	green	left	unaware	1	0
655.925	0.000	trigger_101	101	655925	Trigger-In:101	178	trial_start	staircase	17	green	right	aware	1	0
656.030	0.000	trigger_11	11	656030	Trigger-In:11	178	fixation_point_on	staircase	17	green	right	aware	1	0
656.630	0.000	trigger_21	21	656630	Trigger-In:21	178	grating_on	staircase	17	green	right	aware	1	0
656.680	0.000	trigger_20	20	656680	Trigger-In:20	178	grating_off	staircase	17	green	right	aware	1	0
657.280	0.000	trigger_31	31	657280	Trigger-In:31	178	targets_on_fp_color_change	staircase	17	green	right	aware	1	0
658.385	0.000	trigger_201	201	658385	Trigger-In:201	178	trial_end_completed	staircase	17	green	right	aware	1	0
659.455	0.000	trigger_101	101	659455	Trigger-In:101	179	trial_start	staircase	16	green	left	unaware	1	0
659.560	0.000	trigger_11	11	659560	Trigger-In:11	179	fixation_point_on	staircase	16	green	left	unaware	1	0
660.160	0.000	trigger_21	21	660160	Trigger-In:21	179	grating_on	staircase	16	green	left	unaware	1	0
660.210	0.000	trigger_20	20	660210	Trigger-In:20	179	grating_off	staircase	16	green	left	unaware	1	0
660.810	0.000	trigger_31	31	660810	Trigger-In:31	179	targets_on_fp_color_change	staircase	16	green	left	unaware	1	0
661.705	0.000	trigger_201	201	661705	Trigger-In:201	179	trial_end_completed	staircase	16	green	left	unaware	1	0
662.775	0.000	trigger_101	101	662775	Trigger-In:101	180	trial_start	staircase	17	red	left	aware	1	0
662.875	0.000	trigger_11	11	662875	Trigger-In:11	180	fixation_point_on	staircase	17	red	left	aware	1	0
663.475	0.000	trigger_21	21	663475	Trigger-In:21	180	grating_on	staircase	17	red	left	aware	1	0
663.525	0.000	trigger_20	20	663525	Trigger-In:20	180	grating_off	staircase	17	red	left	aware	1	0
664.130	0.000	trigger_31	31	664130	Trigger-In:31	180	targets_on_fp_color_change	staircase	17	red	left	aware	1	0
665.250	0.000	trigger_201	201	665250	Trigger-In:201	180	trial_end_completed	staircase	17	red	left	aware	1	0
