onset	duration	trial_type	value	sample	source_annotation	trial	event_name	stim_presence	contrast	fp_color	response	awareness	trial_complete	fixation_break
47.285	0.000	trigger_101	101	47285	Trigger-In:101	1	trial_start	staircase	12	green	left	unaware	1	0
47.395	0.000	trigger_11	11	47395	Trigger-In:11	1	fixation_point_on	staircase	12	green	left	unaware	1	0
48.000	0.000	trigger_21	21	48000	Trigger-In:21	1	grating_on	staircase	12	green	left	unaware	1	0
48.065	0.000	trigger_20	20	48065	Trigger-In:20	1	grating_off	staircase	12	green	left	unaware	1	0
48.670	0.000	trigger_31	31	48670	Trigger-In:31	1	targets_on_fp_color_change	staircase	12	green	left	unaware	1	0
49.720	0.000	trigger_201	201	49720	Trigger-In:201	1	trial_end_completed	staircase	12	green	left	unaware	1	0
50.970	0.000	trigger_101	101	50970	Trigger-In:101	2	trial_start	absent	70	red	left	aware	1	0
51.070	0.000	trigger_11	11	51070	Trigger-In:11	2	fixation_point_on	absent	70	red	left	aware	1	0
51.675	0.000	trigger_21	21	51675	Trigger-In:21	2	grating_on	absent	70	red	left	aware	1	0
51.725	0.000	trigger_20	20	51725	Trigger-In:20	2	grating_off	absent	70	red	left	aware	1	0
52.325	0.000	trigger_31	31	52325	Trigger-In:31	2	targets_on_fp_color_change	absent	70	red	left	aware	1	0
53.095	0.000	trigger_201	201	53095	Trigger-In:201	2	trial_end_completed	absent	70	red	left	aware	1	0
54.175	0.000	trigger_101	101	54175	Trigger-In:101	3	trial_start	staircase	13	red	left	aware	1	0
54.280	0.000	trigger_11	11	54280	Trigger-In:11	3	fixation_point_on	staircase	13	red	left	aware	1	0
54.880	0.000	trigger_21	21	54880	Trigger-In:21	3	grating_on	staircase	13	red	left	aware	1	0
54.935	0.000	trigger_20	20	54935	Trigger-In:20	3	grating_off	staircase	13	red	left	aware	1	0
55.535	0.000	trigger_31	31	55535	Trigger-In:31	3	targets_on_fp_color_change	staircase	13	red	left	aware	1	0
56.205	0.000	trigger_201	201	56205	Trigger-In:201	3	trial_end_completed	staircase	13	red	left	aware	1	0
57.275	0.000	trigger_101	101	57275	Trigger-In:101	4	trial_start	staircase	12	red	left	aware	1	0
57.380	0.000	trigger_11	11	57380	Trigger-In:11	4	fixation_point_on	staircase	12	red	left	aware	1	0
57.980	0.000	trigger_21	21	57980	Trigger-In:21	4	grating_on	staircase	12	red	left	aware	1	0
58.030	0.000	trigger_20	20	58030	Trigger-In:20	4	grating_off	staircase	12	red	left	aware	1	0
58.630	0.000	trigger_31	31	58630	Trigger-In:31	4	targets_on_fp_color_change	staircase	12	red	left	aware	1	0
59.230	0.000	trigger_201	201	59230	Trigger-In:201	4	trial_end_completed	staircase	12	red	left	aware	1	0
60.295	0.000	trigger_101	101	60295	Trigger-In:101	5	trial_start	staircase	11	green	right	aware	1	0
60.400	0.000	trigger_11	11	60400	Trigger-In:11	5	fixation_point_on	staircase	11	green	right	aware	1	0
61.000	0.000	trigger_21	21	61000	Trigger-In:21	5	grating_on	staircase	11	green	right	aware	1	0
61.050	0.000	trigger_20	20	61050	Trigger-In:20	5	grating_off	staircase	11	green	right	aware	1	0
61.650	0.000	trigger_31	31	61650	Trigger-In:31	5	targets_on_fp_color_change	staircase	11	green	right	aware	1	0
62.620	0.000	trigger_201	201	62620	Trigger-In:201	5	trial_end_completed	staircase	11	green	right	aware	1	0
63.695	0.000	trigger_101	101	63695	Trigger-In:101	6	trial_start	absent	70	green	right	aware	1	0
63.795	0.000	trigger_11	11	63795	Trigger-In:11	6	fixation_point_on	absent	70	green	right	aware	1	0
64.395	0.000	trigger_21	21	64395	Trigger-In:21	6	grating_on	absent	70	green	right	aware	1	0
64.445	0.000	trigger_20	20	64445	Trigger-In:20	6	grating_off	absent	70	green	right	aware	1	0
65.045	0.000	trigger_31	31	65045	Trigger-In:31	6	targets_on_fp_color_change	absent	70	green	right	aware	1	0
65.665	0.000	trigger_201	201	65665	Trigger-In:201	6	trial_end_completed	absent	70	green	right	aware	1	0
66.730	0.000	trigger_101	101	66730	Trigger-In:101	7	trial_start	staircase	10	red	left	aware	1	0
66.835	0.000	trigger_11	11	66835	Trigger-In:11	7	fixation_point_on	staircase	10	red	left	aware	1	0
67.435	0.000	trigger_21	21	67435	Trigger-In:21	7	grating_on	staircase	10	red	left	aware	1	0
67.485	0.000	trigger_20	20	67485	Trigger-In:20	7	grating_off	staircase	10	red	left	aware	1	0
68.090	0.000	trigger_31	31	68090	Trigger-In:31	7	targets_on_fp_color_change	staircase	10	red	left	aware	1	0
69.110	0.000	trigger_201	201	69110	Trigger-In:201	7	trial_end_completed	staircase	10	red	left	aware	1	0
70.175	0.000	trigger_101	101	70175	Trigger-In:101	8	trial_start	salient	0	red	right	unaware	1	0
70.280	0.000	trigger_11	11	70280	Trigger-In:11	8	fixation_point_on	salient	0	red	right	unaware	1	0
70.880	0.000	trigger_21	21	70880	Trigger-In:21	8	grating_on	salient	0	red	right	unaware	1	0
70.930	0.000	trigger_20	20	70930	Trigger-In:20	8	grating_off	salient	0	red	right	unaware	1	0
71.530	0.000	trigger_31	31	71530	Trigger-In:31	8	targets_on_fp_color_change	salient	0	red	right	unaware	1	0
72.555	0.000	trigger_201	201	72555	Trigger-In:201	8	trial_end_completed	salient	0	red	right	unaware	1	0
73.625	0.000	trigger_101	101	73625	Trigger-In:101	9	trial_start	salient	0	red	right	unaware	1	0
73.730	0.000	trigger_11	11	73730	Trigger-In:11	9	fixation_point_on	salient	0	red	right	unaware	1	0
74.330	0.000	trigger_21	21	74330	Trigger-In:21	9	grating_on	salient	0	red	right	unaware	1	0
74.380	0.000	trigger_20	20	74380	Trigger-In:20	9	grating_off	salient	0	red	right	unaware	1	0
74.980	0.000	trigger_31	31	74980	Trigger-In:31	9	targets_on_fp_color_change	salient	0	red	right	unaware	1	0
75.730	0.000	trigger_201	201	75730	Trigger-In:201	9	trial_end_completed	salient	0	red	right	unaware	1	0
76.800	0.000	trigger_101	101	76800	Trigger-In:101	10	trial_start	staircase	9	green	left	unaware	1	0
76.900	0.000	trigger_11	11	76900	Trigger-In:11	10	fixation_point_on	staircase	9	green	left	unaware	1	0
77.500	0.000	trigger_21	21	77500	Trigger-In:21	10	grating_on	staircase	9	green	left	unaware	1	0
77.550	0.000	trigger_20	20	77550	Trigger-In:20	10	grating_off	staircase	9	green	left	unaware	1	0
78.155	0.000	trigger_31	31	78155	Trigger-In:31	10	targets_on_fp_color_change	staircase	9	green	left	unaware	1	0
78.990	0.000	trigger_201	201	78990	Trigger-In:201	10	trial_end_completed	staircase	9	green	left	unaware	1	0
80.060	0.000	trigger_101	101	80060	Trigger-In:101	11	trial_start	absent	70	red	left	aware	1	0
80.160	0.000	trigger_11	11	80160	Trigger-In:11	11	fixation_point_on	absent	70	red	left	aware	1	0
80.760	0.000	trigger_21	21	80760	Trigger-In:21	11	grating_on	absent	70	red	left	aware	1	0
80.815	0.000	trigger_20	20	80815	Trigger-In:20	11	grating_off	absent	70	red	left	aware	1	0
81.415	0.000	trigger_31	31	81415	Trigger-In:31	11	targets_on_fp_color_change	absent	70	red	left	aware	1	0
82.150	0.000	trigger_201	201	82150	Trigger-In:201	11	trial_end_completed	absent	70	red	left	aware	1	0
83.215	0.000	trigger_101	101	83215	Trigger-In:101	12	trial_start	staircase	10	red	left	aware	1	0
83.320	0.000	trigger_11	11	83320	Trigger-In:11	12	fixation_point_on	staircase	10	red	left	aware	1	0
83.920	0.000	trigger_21	21	83920	Trigger-In:21	12	grating_on	staircase	10	red	left	aware	1	0
83.970	0.000	trigger_20	20	83970	Trigger-In:20	12	grating_off	staircase	10	red	left	aware	1	0
84.570	0.000	trigger_31	31	84570	Trigger-In:31	12	targets_on_fp_color_change	staircase	10	red	left	aware	1	0
85.370	0.000	trigger_201	201	85370	Trigger-In:201	12	trial_end_completed	staircase	10	red	left	aware	1	0
86.435	0.000	trigger_101	101	86435	Trigger-In:101	13	trial_start	staircase	9	green	left	unaware	1	0
86.540	0.000	trigger_11	11	86540	Trigger-In:11	13	fixation_point_on	staircase	9	green	left	unaware	1	0
87.140	0.000	trigger_21	21	87140	Trigger-In:21	13	grating_on	staircase	9	green	left	unaware	1	0
87.190	0.000	trigger_20	20	87190	Trigger-In:20	13	grating_off	staircase	9	green	left	unaware	1	0
87.790	0.000	trigger_31	31	87790	Trigger-In:31	13	targets_on_fp_color_change	staircase	9	green	left	unaware	1	0
88.730	0.000	trigger_201	201	88730	Trigger-In:201	13	trial_end_completed	staircase	9	green	left	unaware	1	0
89.795	0.000	trigger_101	101	89795	Trigger-In:101	14	trial_start	absent	70	red	left	aware	1	0
89.900	0.000	trigger_11	11	89900	Trigger-In:11	14	fixation_point_on	absent	70	red	left	aware	1	0
90.500	0.000	trigger_21	21	90500	Trigger-In:21	14	grating_on	absent	70	red	left	aware	1	0
90.550	0.000	trigger_20	20	90550	Trigger-In:20	14	grating_off	absent	70	red	left	aware	1	0
91.150	0.000	trigger_31	31	91150	Trigger-In:31	14	targets_on_fp_color_change	absent	70	red	left	aware	1	0
91.795	0.000	trigger_201	201	91795	Trigger-In:201	14	trial_end_completed	absent	70	red	left	aware	1	0
92.865	0.000	trigger_101	101	92865	Trigger-In:101	15	trial_start	staircase	10	red	left	aware	1	0
92.965	0.000	trigger_11	11	92965	Trigger-In:11	15	fixation_point_on	staircase	10	red	left	aware	1	0
93.565	0.000	trigger_21	21	93565	Trigger-In:21	15	grating_on	staircase	10	red	left	aware	1	0
93.620	0.000	trigger_20	20	93620	Trigger-In:20	15	grating_off	staircase	10	red	left	aware	1	0
94.220	0.000	trigger_31	31	94220	Trigger-In:31	15	targets_on_fp_color_change	staircase	10	red	left	aware	1	0
94.825	0.000	trigger_201	201	94825	Trigger-In:201	15	trial_end_completed	staircase	10	red	left	aware	1	0
95.890	0.000	trigger_101	101	95890	Trigger-In:101	16	trial_start	staircase	9	green	left	unaware	1	0
95.995	0.000	trigger_11	11	95995	Trigger-In:11	16	fixation_point_on	staircase	9	green	left	unaware	1	0
96.595	0.000	trigger_21	21	96595	Trigger-In:21	16	grating_on	staircase	9	green	left	unaware	1	0
96.645	0.000	trigger_20	20	96645	Trigger-In:20	16	grating_off	staircase	9	green	left	unaware	1	0
97.245	0.000	trigger_31	31	97245	Trigger-In:31	16	targets_on_fp_color_change	staircase	9	green	left	unaware	1	0
98.105	0.000	trigger_201	201	98105	Trigger-In:201	16	trial_end_completed	staircase	9	green	left	unaware	1	0
99.170	0.000	trigger_101	101	99170	Trigger-In:101	17	trial_start	staircase	10	green	left	unaware	1	0
99.425	0.000	trigger_11	11	99425	Trigger-In:11	17	fixation_point_on	staircase	10	green	left	unaware	1	0
100.025	0.000	trigger_21	21	100025	Trigger-In:21	17	grating_on	staircase	10	green	left	unaware	1	0
100.075	0.000	trigger_20	20	100075	Trigger-In:20	17	grating_off	staircase	10	green	left	unaware	1	0
100.675	0.000	trigger_31	31	100675	Trigger-In:31	17	targets_on_fp_color_change	staircase	10	green	left	unaware	1	0
101.590	0.000	trigger_201	201	101590	Trigger-In:201	17	trial_end_completed	staircase	10	green	left	unaware	1	0
102.660	0.000	trigger_101	101	102660	Trigger-In:101	18	trial_start	staircase	11	green	left	unaware	1	0
102.965	0.000	trigger_11	11	102965	Trigger-In:11	18	fixation_point_on	staircase	11	green	left	unaware	1	0
103.565	0.000	trigger_21	21	103565	Trigger-In:21	18	grating_on	staircase	11	green	left	unaware	1	0
103.615	0.000	trigger_20	20	103615	Trigger-In:20	18	grating_off	staircase	11	green	left	unaware	1	0
104.215	0.000	trigger_31	31	104215	Trigger-In:31	18	targets_on_fp_color_change	staircase	11	green	left	unaware	1	0
104.870	0.000	trigger_201	201	104870	Trigger-In:201	18	trial_end_completed	staircase	11	green	left	unaware	1	0
105.940	0.000	trigger_101	101	105940	Trigger-In:101	19	trial_start	staircase	12	green	right	aware	1	0
106.040	0.000	trigger_11	11	106040	Trigger-In:11	19	fixation_point_on	staircase	12	green	right	aware	1	0
106.640	0.000	trigger_21	21	106640	Trigger-In:21	19	grating_on	staircase	12	green	right	aware	1	0
106.690	0.000	trigger_20	20	106690	Trigger-In:20	19	grating_off	staircase	12	green	right	aware	1	0
107.290	0.000	trigger_31	31	107290	Trigger-In:31	19	targets_on_fp_color_change	staircase	12	green	right	aware	1	0
107.900	0.000	trigger_201	201	107900	Trigger-In:201	19	trial_end_completed	staircase	12	green	right	aware	1	0
108.965	0.000	trigger_101	101	108965	Trigger-In:101	20	trial_start	staircase	11	red	left	aware	1	0
109.065	0.000	trigger_11	11	109065	Trigger-In:11	20	fixation_point_on	staircase	11	red	left	aware	1	0
109.670	0.000	trigger_21	21	109670	Trigger-In:21	20	grating_on	staircase	11	red	left	aware	1	0
109.720	0.000	trigger_20	20	109720	Trigger-In:20	20	grating_off	staircase	11	red	left	aware	1	0
110.320	0.000	trigger_31	31	110320	Trigger-In:31	20	targets_on_fp_color_change	staircase	11	red	left	aware	1	0
110.975	0.000	trigger_201	201	110975	Trigger-In:201	20	trial_end_completed	staircase	11	red	left	aware	1	0
112.040	0.000	trigger_101	101	112040	Trigger-In:101	21	trial_start	staircase	10	red	right	unaware	1	0
112.145	0.000	trigger_11	11	112145	Trigger-In:11	21	fixation_point_on	staircase	10	red	right	unaware	1	0
112.745	0.000	trigger_21	21	112745	Trigger-In:21	21	grating_on	staircase	10	red	right	unaware	1	0
112.795	0.000	trigger_20	20	112795	Trigger-In:20	21	grating_off	staircase	10	red	right	unaware	1	0
113.395	0.000	trigger_31	31	113395	Trigger-In:31	21	targets_on_fp_color_change	staircase	10	red	right	unaware	1	0
114.115	0.000	trigger_201	201	114115	Trigger-In:201	21	trial_end_completed	staircase	10	red	right	unaware	1	0
115.185	0.000	trigger_101	101	115185	Trigger-In:101	22	trial_start	salient	0	green	left	unaware	1	0
115.290	0.000	trigger_11	11	115290	Trigger-In:11	22	fixation_point_on	salient	0	green	left	unaware	1	0
115.890	0.000	trigger_21	21	115890	Trigger-In:21	22	grating_on	salient	0	green	left	unaware	1	0
115.940	0.000	trigger_20	20	115940	Trigger-In:20	22	grating_off	salient	0	green	left	unaware	1	0
116.540	0.000	trigger_31	31	116540	Trigger-In:31	22	targets_on_fp_color_change	salient	0	green	left	unaware	1	0
117.295	0.000	trigger_201	201	117295	Trigger-In:201	22	trial_end_completed	salient	0	green	left	unaware	1	0
118.360	0.000	trigger_101	101	118360	Trigger-In:101	23	trial_start	staircase	11	green	left	unaware	1	0
118.470	0.000	trigger_11	11	118470	Trigger-In:11	23	fixation_point_on	staircase	11	green	left	unaware	1	0
119.070	0.000	trigger_21	21	119070	Trigger-In:21	23	grating_on	staircase	11	green	left	unaware	1	0
119.120	0.000	trigger_20	20	119120	Trigger-In:20	23	grating_off	staircase	11	green	left	unaware	1	0
119.720	0.000	trigger_31	31	119720	Trigger-In:31	23	targets_on_fp_color_change	staircase	11	green	left	unaware	1	0
120.495	0.000	trigger_201	201	120495	Trigger-In:201	23	trial_end_completed	staircase	11	green	left	unaware	1	0
121.565	0.000	trigger_101	101	121565	Trigger-In:101	24	trial_start	salient	0	green	left	unaware	1	0
121.730	0.000	trigger_11	11	121730	Trigger-In:11	24	fixation_point_on	salient	0	green	left	unaware	1	0
122.330	0.000	trigger_21	21	122330	Trigger-In:21	24	grating_on	salient	0	green	left	unaware	1	0
122.380	0.000	trigger_20	20	122380	Trigger-In:20	24	grating_off	salient	0	green	left	unaware	1	0
122.980	0.000	trigger_31	31	122980	Trigger-In:31	24	targets_on_fp_color_change	salient	0	green	left	unaware	1	0
123.765	0.000	trigger_201	201	123765	Trigger-In:201	24	trial_end_completed	salient	0	green	left	unaware	1	0
124.830	0.000	trigger_101	101	124830	Trigger-In:101	25	trial_start	salient	0	red	right	unaware	1	0
124.935	0.000	trigger_11	11	124935	Trigger-In:11	25	fixation_point_on	salient	0	red	right	unaware	1	0
125.535	0.000	trigger_21	21	125535	Trigger-In:21	25	grating_on	salient	0	red	right	unaware	1	0
125.585	0.000	trigger_20	20	125585	Trigger-In:20	25	grating_off	salient	0	red	right	unaware	1	0
126.185	0.000	trigger_31	31	126185	Trigger-In:31	25	targets_on_fp_color_change	salient	0	red	right	unaware	1	0
126.975	0.000	trigger_201	201	126975	Trigger-In:201	25	trial_end_completed	salient	0	red	right	unaware	1	0
128.040	0.000	trigger_101	101	128040	Trigger-In:101	26	trial_start	staircase	12	red	left	aware	1	0
128.145	0.000	trigger_11	11	128145	Trigger-In:11	26	fixation_point_on	staircase	12	red	left	aware	1	0
128.745	0.000	trigger_21	21	128745	Trigger-In:21	26	grating_on	staircase	12	red	left	aware	1	0
128.795	0.000	trigger_20	20	128795	Trigger-In:20	26	grating_off	staircase	12	red	left	aware	1	0
129.395	0.000	trigger_31	31	129395	Trigger-In:31	26	targets_on_fp_color_change	staircase	12	red	left	aware	1	0
130.065	0.000	trigger_201	201	130065	Trigger-In:201	26	trial_end_completed	staircase	12	red	left	aware	1	0
131.130	0.000	trigger_101	101	131130	Trigger-In:101	27	trial_start	staircase	11	red	left	aware	1	0
131.230	0.000	trigger_11	11	131230	Trigger-In:11	27	fixation_point_on	staircase	11	red	left	aware	1	0
131.830	0.000	trigger_21	21	131830	Trigger-In:21	27	grating_on	staircase	11	red	left	aware	1	0
131.885	0.000	trigger_20	20	131885	Trigger-In:20	27	grating_off	staircase	11	red	left	aware	1	0
132.485	0.000	trigger_31	31	132485	Trigger-In:31	27	targets_on_fp_color_change	staircase	11	red	left	aware	1	0
133.235	0.000	trigger_201	201	133235	Trigger-In:201	27	trial_end_completed	staircase	11	red	left	aware	1	0
134.300	0.000	trigger_101	101	134300	Trigger-In:101	28	trial_start	absent	70	green	right	aware	1	0
134.405	0.000	trigger_11	11	134405	Trigger-In:11	28	fixation_point_on	absent	70	green	right	aware	1	0
135.005	0.000	trigger_21	21	135005	Trigger-In:21	28	grating_on	absent	70	green	right	aware	1	0
135.055	0.000	trigger_20	20	135055	Trigger-In:20	28	grating_off	absent	70	green	right	aware	1	0
135.655	0.000	trigger_31	31	135655	Trigger-In:31	28	targets_on_fp_color_change	absent	70	green	right	aware	1	0
136.610	0.000	trigger_201	201	136610	Trigger-In:201	28	trial_end_completed	absent	70	green	right	aware	1	0
137.675	0.000	trigger_101	101	137675	Trigger-In:101	29	trial_start	staircase	10	green	left	unaware	1	0
137.780	0.000	trigger_11	11	137780	Trigger-In:11	29	fixation_point_on	staircase	10	green	left	unaware	1	0
138.380	0.000	trigger_21	21	138380	Trigger-In:21	29	grating_on	staircase	10	green	left	unaware	1	0
138.435	0.000	trigger_20	20	138435	Trigger-In:20	29	grating_off	staircase	10	green	left	unaware	1	0
139.035	0.000	trigger_31	31	139035	Trigger-In:31	29	targets_on_fp_color_change	staircase	10	green	left	unaware	1	0
139.975	0.000	trigger_201	201	139975	Trigger-In:201	29	trial_end_completed	staircase	10	green	left	unaware	1	0
141.040	0.000	trigger_101	101	141040	Trigger-In:101	30	trial_start	staircase	11	green	right	aware	1	0
141.140	0.000	trigger_11	11	141140	Trigger-In:11	30	fixation_point_on	staircase	11	green	right	aware	1	0
141.745	0.000	trigger_21	21	141745	Trigger-In:21	30	grating_on	staircase	11	green	right	aware	1	0
141.795	0.000	trigger_20	20	141795	Trigger-In:20	30	grating_off	staircase	11	green	right	aware	1	0
142.395	0.000	trigger_31	31	142395	Trigger-In:31	30	targets_on_fp_color_change	staircase	11	green	right	aware	1	0
143.320	0.000	trigger_201	201	143320	Trigger-In:201	30	trial_end_completed	staircase	11	green	right	aware	1	0
144.385	0.000	trigger_101	101	144385	Trigger-In:101	31	trial_start	salient	0	red	right	unaware	1	0
144.485	0.000	trigger_11	11	144485	Trigger-In:11	31	fixation_point_on	salient	0	red	right	unaware	1	0
145.085	0.000	trigger_21	21	145085	Trigger-In:21	31	grating_on	salient	0	red	right	unaware	1	0
145.140	0.000	trigger_20	20	145140	Trigger-In:20	31	grating_off	salient	0	red	right	unaware	1	0
145.740	0.000	trigger_31	31	145740	Trigger-In:31	31	targets_on_fp_color_change	salient	0	red	right	unaware	1	0
146.405	0.000	trigger_201	201	146405	Trigger-In:201	31	trial_end_completed	salient	0	red	right	unaware	1	0
147.475	0.000	trigger_101	101	147475	Trigger-In:101	32	trial_start	staircase	10	green	left	unaware	1	0
147.580	0.000	trigger_11	11	147580	Trigger-In:11	32	fixation_point_on	staircase	10	green	left	unaware	1	0
148.180	0.000	trigger_21	21	148180	Trigger-In:21	32	grating_on	staircase	10	green	left	unaware	1	0
148.230	0.000	trigger_20	20	148230	Trigger-In:20	32	grating_off	staircase	10	green	left	unaware	1	0
148.830	0.000	trigger_31	31	148830	Trigger-In:31	32	targets_on_fp_color_change	staircase	10	green	left	unaware	1	0
149.800	0.000	trigger_201	201	149800	Trigger-In:201	32	trial_end_completed	staircase	10	green	left	unaware	1	0
150.865	0.000	trigger_101	101	150865	Trigger-In:101	33	trial_start	staircase	11	red	left	aware	1	0
150.970	0.000	trigger_11	11	150970	Trigger-In:11	33	fixation_point_on	staircase	11	red	left	aware	1	0
151.570	0.000	trigger_21	21	151570	Trigger-In:21	33	grating_on	staircase	11	red	left	aware	1	0
151.620	0.000	trigger_20	20	151620	Trigger-In:20	33	grating_off	staircase	11	red	left	aware	1	0
152.220	0.000	trigger_31	31	152220	Trigger-In:31	33	targets_on_fp_color_change	staircase	11	red	left	aware	1	0
153.090	0.000	trigger_201	201	153090	Trigger-In:201	33	trial_end_completed	staircase	11	red	left	aware	1	0
154.160	0.000	trigger_101	101	154160	Trigger-In:101	34	trial_start	staircase	10	green	left	unaware	1	0
154.260	0.000	trigger_11	11	154260	Trigger-In:11	34	fixation_point_on	staircase	10	green	left	unaware	1	0
154.860	0.000	trigger_21	21	154860	Trigger-In:21	34	grating_on	staircase	10	green	left	unaware	1	0
154.915	0.000	trigger_20	20	154915	Trigger-In:20	34	grating_off	staircase	10	green	left	unaware	1	0
155.515	0.000	trigger_31	31	155515	Trigger-In:31	34	targets_on_fp_color_change	staircase	10	green	left	unaware	1	0
156.210	0.000	trigger_201	201	156210	Trigger-In:201	34	trial_end_completed	staircase	10	green	left	unaware	1	0
157.275	0.000	trigger_101	101	157275	Trigger-In:101	35	trial_start	staircase	11	green	right	aware	1	0
157.380	0.000	trigger_11	11	157380	Trigger-In:11	35	fixation_point_on	staircase	11	green	right	aware	1	0
157.980	0.000	trigger_21	21	157980	Trigger-In:21	35	grating_on	staircase	11	green	right	aware	1	0
158.035	0.000	trigger_20	20	158035	Trigger-In:20	35	grating_off	staircase	11	green	right	aware	1	0
158.635	0.000	trigger_31	31	158635	Trigger-In:31	35	targets_on_fp_color_change	staircase	11	green	right	aware	1	0
159.420	0.000	trigger_201	201	159420	Trigger-In:201	35	trial_end_completed	staircase	11	green	right	aware	1	0
160.490	0.000	trigger_101	101	160490	Trigger-In:101	36	trial_start	staircase	10	green	left	unaware	1	0
160.595	0.000	trigger_11	11	160595	Trigger-In:11	36	fixation_point_on	staircase	10	green	left	unaware	1	0
161.195	0.000	trigger_21	21	161195	Trigger-In:21	36	grating_on	staircase	10	green	left	unaware	1	0
161.245	0.000	trigger_20	20	161245	Trigger-In:20	36	grating_off	staircase	10	green	left	unaware	1	0
161.845	0.000	trigger_31	31	161845	Trigger-In:31	36	targets_on_fp_color_change	staircase	10	green	left	unaware	1	0
162.730	0.000	trigger_201	201	162730	Trigger-In:201	36	trial_end_completed	staircase	10	green	left	unaware	1	0
163.795	0.000	trigger_101	101	163795	Trigger-In:101	37	trial_start	staircase	11	red	left	aware	1	0
163.905	0.000	trigger_11	11	163905	Trigger-In:11	37	fixation_point_on	staircase	11	red	left	aware	1	0
164.505	0.000	trigger_21	21	164505	Trigger-In:21	37	grating_on	staircase	11	red	left	aware	1	0
164.555	0.000	trigger_20	20	164555	Trigger-In:20	37	grating_off	staircase	11	red	left	aware	1	0
165.155	0.000	trigger_31	31	165155	Trigger-In:31	37	targets_on_fp_color_change	staircase	11	red	left	aware	1	0
165.840	0.000	trigger_201	201	165840	Trigger-In:201	37	trial_end_completed	staircase	11	red	left	aware	1	0
166.910	0.000	trigger_101	101	166910	Trigger-In:101	38	trial_start	staircase	10	red	right	unaware	1	0
167.010	0.000	trigger_11	11	167010	Trigger-In:11	38	fixation_point_on	staircase	10	red	right	unaware	1	0
167.610	0.000	trigger_21	21	167610	Trigger-In:21	38	grating_on	staircase	10	red	right	unaware	1	0
167.660	0.000	trigger_20	20	167660	Trigger-In:20	38	grating_off	staircase	10	red	right	unaware	1	0
168.260	0.000	trigger_31	31	168260	Trigger-In:31	38	targets_on_fp_color_change	staircase	10	red	right	unaware	1	0
169.005	0.000	trigger_201	201	169005	Trigger-In:201	38	trial_end_completed	staircase	10	red	right	unaware	1	0
170.075	0.000	trigger_101	101	170075	Trigger-In:101	39	trial_start	staircase	11	green	right	aware	1	0
170.330	0.000	trigger_11	11	170330	Trigger-In:11	39	fixation_point_on	staircase	11	green	right	aware	1	0
170.930	0.000	trigger_21	21	170930	Trigger-In:21	39	grating_on	staircase	11	green	right	aware	1	0
170.980	0.000	trigger_20	20	170980	Trigger-In:20	39	grating_off	staircase	11	green	right	aware	1	0
171.580	0.000	trigger_31	31	171580	Trigger-In:31	39	targets_on_fp_color_change	staircase	11	green	right	aware	1	0
172.380	0.000	trigger_201	201	172380	Trigger-In:201	39	trial_end_completed	staircase	11	green	right	aware	1	0
173.445	0.000	trigger_101	101	173445	Trigger-In:101	40	trial_start	staircase	10	red	left	aware	1	0
173.555	0.000	trigger_11	11	173555	Trigger-In:11	40	fixation_point_on	staircase	10	red	left	aware	1	0
174.155	0.000	trigger_21	21	174155	Trigger-In:21	40	grating_on	staircase	10	red	left	aware	1	0
174.205	0.000	trigger_20	20	174205	Trigger-In:20	40	grating_off	staircase	10	red	left	aware	1	0
174.805	0.000	trigger_31	31	174805	Trigger-In:31	40	targets_on_fp_color_change	staircase	10	red	left	aware	1	0
175.465	0.000	trigger_201	201	175465	Trigger-In:201	40	trial_end_completed	staircase	10	red	left	aware	1	0
176.535	0.000	trigger_101	101	176535	Trigger-In:101	41	trial_start	staircase	9	red	left	aware	1	0
176.640	0.000	trigger_11	11	176640	Trigger-In:11	41	fixation_point_on	staircase	9	red	left	aware	1	0
177.240	0.000	trigger_21	21	177240	Trigger-In:21	41	grating_on	staircase	9	red	left	aware	1	0
177.290	0.000	trigger_20	20	177290	Trigger-In:20	41	grating_off	staircase	9	red	left	aware	1	0
177.890	0.000	trigger_31	31	177890	Trigger-In:31	41	targets_on_fp_color_change	staircase	9	red	left	aware	1	0
178.750	0.000	trigger_201	201	178750	Trigger-In:201	41	trial_end_completed	staircase	9	red	left	aware	1	0
179.815	0.000	trigger_101	101	179815	Trigger-In:101	42	trial_start	staircase	8	red	left	aware	1	0
179.920	0.000	trigger_11	11	179920	Trigger-In:11	42	fixation_point_on	staircase	8	red	left	aware	1	0
180.520	0.000	trigger_21	21	180520	Trigger-In:21	42	grating_on	staircase	8	red	left	aware	1	0
180.570	0.000	trigger_20	20	180570	Trigger-In:20	42	grating_off	staircase	8	red	left	aware	1	0
181.170	0.000	trigger_31	31	181170	Trigger-In:31	42	targets_on_fp_color_change	staircase	8	red	left	aware	1	0
182.155	0.000	trigger_201	201	182155	Trigger-In:201	42	trial_end_completed	staircase	8	red	left	aware	1	0
183.220	0.000	trigger_101	101	183220	Trigger-In:101	43	trial_start	staircase	7	green	left	unaware	1	0
183.325	0.000	trigger_11	11	183325	Trigger-In:11	43	fixation_point_on	staircase	7	green	left	unaware	1	0
183.925	0.000	trigger_21	21	183925	Trigger-In:21	43	grating_on	staircase	7	green	left	unaware	1	0
183.975	0.000	trigger_20	20	183975	Trigger-In:20	43	grating_off	staircase	7	green	left	unaware	1	0
184.580	0.000	trigger_31	31	184580	Trigger-In:31	43	targets_on_fp_color_change	staircase	7	green	left	unaware	1	0
185.305	0.000	trigger_201	201	185305	Trigger-In:201	43	trial_end_completed	staircase	7	green	left	unaware	1	0
186.375	0.000	trigger_101	101	186375	Trigger-In:101	44	trial_start	salient	0	red	right	unaware	1	0
186.480	0.000	trigger_11	11	186480	Trigger-In:11	44	fixation_point_on	salient	0	red	right	unaware	1	0
187.080	0.000	trigger_21	21	187080	Trigger-In:21	44	grating_on	salient	0	red	right	unaware	1	0
187.130	0.000	trigger_20	20	187130	Trigger-In:20	44	grating_off	salient	0	red	right	unaware	1	0
187.730	0.000	trigger_31	31	187730	Trigger-In:31	44	targets_on_fp_color_change	salient	0	red	right	unaware	1	0
188.435	0.000	trigger_201	201	188435	Trigger-In:201	44	trial_end_completed	salient	0	red	right	unaware	1	0
189.500	0.000	trigger_101	101	189500	Trigger-In:101	45	trial_start	salient	0	red	right	unaware	1	0
189.605	0.000	trigger_11	11	189605	Trigger-In:11	45	fixation_point_on	salient	0	red	right	unaware	1	0
190.205	0.000	trigger_21	21	190205	Trigger-In:21	45	grating_on	salient	0	red	right	unaware	1	0
190.255	0.000	trigger_20	20	190255	Trigger-In:20	45	grating_off	salient	0	red	right	unaware	1	0
190.855	0.000	trigger_31	31	190855	Trigger-In:31	45	targets_on_fp_color_change	salient	0	red	right	unaware	1	0
191.680	0.000	trigger_201	201	191680	Trigger-In:201	45	trial_end_completed	salient	0	red	right	unaware	1	0
192.745	0.000	trigger_101	101	192745	Trigger-In:101	46	trial_start	staircase	8	red	right	unaware	1	0
192.855	0.000	trigger_11	11	192855	Trigger-In:11	46	fixation_point_on	staircase	8	red	right	unaware	1	0
193.455	0.000	trigger_21	21	193455	Trigger-In:21	46	grating_on	staircase	8	red	right	unaware	1	0
193.505	0.000	trigger_20	20	193505	Trigger-In:20	46	grating_off	staircase	8	red	right	unaware	1	0
194.105	0.000	trigger_31	31	194105	Trigger-In:31	46	targets_on_fp_color_change	staircase	8	red	right	unaware	1	0
194.805	0.000	trigger_201	201	194805	Trigger-In:201	46	trial_end_completed	staircase	8	red	right	unaware	1	0
195.875	0.000	trigger_101	101	195875	Trigger-In:101	47	trial_start	staircase	9	red	right	unaware	1	0
195.975	0.000	trigger_11	11	195975	Trigger-In:11	47	fixation_point_on	staircase	9	red	right	unaware	1	0
196.575	0.000	trigger_21	21	196575	Trigger-In:21	47	grating_on	staircase	9	red	right	unaware	1	0
196.630	0.000	trigger_20	20	196630	Trigger-In:20	47	grating_off	staircase	9	red	right	unaware	1	0
197.230	0.000	trigger_31	31	197230	Trigger-In:31	47	targets_on_fp_color_change	staircase	9	red	right	unaware	1	0
197.865	0.000	trigger_201	201	197865	Trigger-In:201	47	trial_end_completed	staircase	9	red	right	unaware	1	0
198.930	0.000	trigger_101	101	198930	Trigger-In:101	48	trial_start	staircase	10	red	right	unaware	1	0
199.035	0.000	trigger_11	11	199035	Trigger-In:11	48	fixation_point_on	staircase	10	red	right	unaware	1	0
199.640	0.000	trigger_21	21	199640	Trigger-In:21	48	grating_on	staircase	10	red	right	unaware	1	0
199.700	0.000	trigger_20	20	199700	Trigger-In:20	48	grating_off	staircase	10	red	right	unaware	1	0
200.300	0.000	trigger_31	31	200300	Trigger-In:31	48	targets_on_fp_color_change	staircase	10	red	right	unaware	1	0
201.010	0.000	trigger_201	201	201010	Trigger-In:201	48	trial_end_completed	staircase	10	red	right	unaware	1	0
202.080	0.000	trigger_101	101	202080	Trigger-In:101	49	trial_start	staircase	11	green	left	unaware	1	0
202.330	0.000	trigger_11	11	202330	Trigger-In:11	49	fixation_point_on	staircase	11	green	left	unaware	1	0
202.930	0.000	trigger_21	21	202930	Trigger-In:21	49	grating_on	staircase	11	green	left	unaware	1	0
202.980	0.000	trigger_20	20	202980	Trigger-In:20	49	grating_off	staircase	11	green	left	unaware	1	0
203.580	0.000	trigger_31	31	203580	Trigger-In:31	49	targets_on_fp_color_change	staircase	11	green	left	unaware	1	0
204.280	0.000	trigger_201	201	204280	Trigger-In:201	49	trial_end_completed	staircase	11	green	left	unaware	1	0
205.350	0.000	trigger_101	101	205350	Trigger-In:101	50	trial_start	absent	70	green	right	aware	1	0
205.455	0.000	trigger_11	11	205455	Trigger-In:11	50	fixation_point_on	absent	70	green	right	aware	1	0
206.055	0.000	trigger_21	21	206055	Trigger-In:21	50	grating_on	absent	70	green	right	aware	1	0
206.105	0.000	trigger_20	20	206105	Trigger-In:20	50	grating_off	absent	70	green	right	aware	1	0
206.705	0.000	trigger_31	31	206705	Trigger-In:31	50	targets_on_fp_color_change	absent	70	green	right	aware	1	0
207.385	0.000	trigger_201	201	207385	Trigger-In:201	50	trial_end_completed	absent	70	green	right	aware	1	0
208.455	0.000	trigger_101	101	208455	Trigger-In:101	51	trial_start	staircase	12	green	left	unaware	1	0
208.555	0.000	trigger_11	11	208555	Trigger-In:11	51	fixation_point_on	staircase	12	green	left	unaware	1	0
209.155	0.000	trigger_21	21	209155	Trigger-In:21	51	grating_on	staircase	12	green	left	unaware	1	0
209.205	0.000	trigger_20	20	209205	Trigger-In:20	51	grating_off	staircase	12	green	left	unaware	1	0
209.810	0.000	trigger_31	31	209810	Trigger-In:31	51	targets_on_fp_color_change	staircase	12	green	left	unaware	1	0
210.495	0.000	trigger_201	201	210495	Trigger-In:201	51	trial_end_completed	staircase	12	green	left	unaware	1	0
211.565	0.000	trigger_101	101	211565	Trigger-In:101	52	trial_start	absent	70	red	left	aware	1	0
211.670	0.000	trigger_11	11	211670	Trigger-In:11	52	fixation_point_on	absent	70	red	left	aware	1	0
212.270	0.000	trigger_21	21	212270	Trigger-In:21	52	grating_on	absent	70	red	left	aware	1	0
212.320	0.000	trigger_20	20	212320	Trigger-In:20	52	grating_off	absent	70	red	left	aware	1	0
212.920	0.000	trigger_31	31	212920	Trigger-In:31	52	targets_on_fp_color_change	absent	70	red	left	aware	1	0
213.565	0.000	trigger_201	201	213565	Trigger-In:201	52	trial_end_completed	absent	70	red	left	aware	1	0
214.635	0.000	trigger_101	101	214635	Trigger-In:101	53	trial_start	staircase	13	green	right	aware	1	0
214.735	0.000	trigger_11	11	214735	Trigger-In:11	53	fixation_point_on	staircase	13	green	right	aware	1	0
215.335	0.000	trigger_21	21	215335	Trigger-In:21	53	grating_on	staircase	13	green	right	aware	1	0
215.385	0.000	trigger_20	20	215385	Trigger-In:20	53	grating_off	staircase	13	green	right	aware	1	0
215.985	0.000	trigger_31	31	215985	Trigger-In:31	53	targets_on_fp_color_change	staircase	13	green	right	aware	1	0
216.930	0.000	trigger_201	201	216930	Trigger-In:201	53	trial_end_completed	staircase	13	green	right	aware	1	0
218.000	0.000	trigger_101	101	218000	Trigger-In:101	54	trial_start	salient	0	red	right	unaware	1	0
218.100	0.000	trigger_11	11	218100	Trigger-In:11	54	fixation_point_on	salient	0	red	right	unaware	1	0
218.705	0.000	trigger_21	21	218705	Trigger-In:21	54	grating_on	salient	0	red	right	unaware	1	0
218.755	0.000	trigger_20	20	218755	Trigger-In:20	54	grating_off	salient	0	red	right	unaware	1	0
219.355	0.000	trigger_31	31	219355	Trigger-In:31	54	targets_on_fp_color_change	salient	0	red	right	unaware	1	0
220.240	0.000	trigger_201	201	220240	Trigger-In:201	54	trial_end_completed	salient	0	red	right	unaware	1	0
221.310	0.000	trigger_101	101	221310	Trigger-In:101	55	trial_start	staircase	12	green	right	aware	1	0
221.415	0.000	trigger_11	11	221415	Trigger-In:11	55	fixation_point_on	staircase	12	green	right	aware	1	0
222.015	0.000	trigger_21	21	222015	Trigger-In:21	55	grating_on	staircase	12	green	right	aware	1	0
222.065	0.000	trigger_20	20	222065	Trigger-In:20	55	grating_off	staircase	12	green	right	aware	1	0
222.665	0.000	trigger_31	31	222665	Trigger-In:31	55	targets_on_fp_color_change	staircase	12	green	right	aware	1	0
223.455	0.000	trigger_201	201	223455	Trigger-In:201	55	trial_end_completed	staircase	12	green	right	aware	1	0
224.525	0.000	trigger_101	101	224525	Trigger-In:101	56	trial_start	staircase	11	red	left	aware	1	0
224.625	0.000	trigger_11	11	224625	Trigger-In:11	56	fixation_point_on	staircase	11	red	left	aware	1	0
225.225	0.000	trigger_21	21	225225	Trigger-In:21	56	grating_on	staircase	11	red	left	aware	1	0
225.280	0.000	trigger_20	20	225280	Trigger-In:20	56	grating_off	staircase	11	red	left	aware	1	0
225.880	0.000	trigger_31	31	225880	Trigger-In:31	56	targets_on_fp_color_change	staircase	11	red	left	aware	1	0
226.640	0.000	trigger_201	201	226640	Trigger-In:201	56	trial_end_completed	staircase	11	red	left	aware	1	0
227.710	0.000	trigger_101	101	227710	Trigger-In:101	57	trial_start	staircase	10	green	left	unaware	1	0
227.815	0.000	trigger_11	11	227815	Trigger-In:11	57	fixation_point_on	staircase	10	green	left	unaware	1	0
228.415	0.000	trigger_21	21	228415	Trigger-In:21	57	grating_on	staircase	10	green	left	unaware	1	0
228.465	0.000	trigger_20	20	228465	Trigger-In:20	57	grating_off	staircase	10	green	left	unaware	1	0
229.065	0.000	trigger_31	31	229065	Trigger-In:31	57	targets_on_fp_color_change	staircase	10	green	left	unaware	1	0
229.905	0.000	trigger_201	201	229905	Trigger-In:201	57	trial_end_completed	staircase	10	green	left	unaware	1	0
230.970	0.000	trigger_101	101	230970	Trigger-In:101	58	trial_start	staircase	11	green	left	unaware	1	0
231.080	0.000	trigger_11	11	231080	Trigger-In:11	58	fixation_point_on	staircase	11	green	left	unaware	1	0
231.680	0.000	trigger_21	21	231680	Trigger-In:21	58	grating_on	staircase	11	green	left	unaware	1	0
231.730	0.000	trigger_20	20	231730	Trigger-In:20	58	grating_off	staircase	11	green	left	unaware	1	0
232.330	0.000	trigger_31	31	232330	Trigger-In:31	58	targets_on_fp_color_change	staircase	11	green	left	unaware	1	0
233.445	0.000	trigger_201	201	233445	Trigger-In:201	58	trial_end_completed	staircase	11	green	left	unaware	1	0
234.515	0.000	trigger_101	101	234515	Trigger-In:101	59	trial_start	staircase	12	red	left	aware	1	0
234.620	0.000	trigger_11	11	234620	Trigger-In:11	59	fixation_point_on	staircase	12	red	left	aware	1	0
235.220	0.000	trigger_21	21	235220	Trigger-In:21	59	grating_on	staircase	12	red	left	aware	1	0
235.270	0.000	trigger_20	20	235270	Trigger-In:20	59	grating_off	staircase	12	red	left	aware	1	0
235.870	0.000	trigger_31	31	235870	Trigger-In:31	59	targets_on_fp_color_change	staircase	12	red	left	aware	1	0
236.540	0.000	trigger_201	201	236540	Trigger-In:201	59	trial_end_completed	staircase	12	red	left	aware	1	0
237.605	0.000	trigger_101	101	237605	Trigger-In:101	60	trial_start	staircase	11	red	left	aware	1	0
237.760	0.000	trigger_11	11	237760	Trigger-In:11	60	fixation_point_on	staircase	11	red	left	aware	1	0
238.360	0.000	trigger_21	21	238360	Trigger-In:21	60	grating_on	staircase	11	red	left	aware	1	0
238.410	0.000	trigger_20	20	238410	Trigger-In:20	60	grating_off	staircase	11	red	left	aware	1	0
239.010	0.000	trigger_31	31	239010	Trigger-In:31	60	targets_on_fp_color_change	staircase	11	red	left	aware	1	0
239.735	0.000	trigger_201	201	239735	Trigger-In:201	60	trial_end_completed	staircase	11	red	left	aware	1	0
240.805	0.000	trigger_101	101	240805	Trigger-In:101	61	trial_start	salient	0	red	right	unaware	1	0
240.905	0.000	trigger_11	11	240905	Trigger-In:11	61	fixation_point_on	salient	0	red	right	unaware	1	0
241.505	0.000	trigger_21	21	241505	Trigger-In:21	61	grating_on	salient	0	red	right	unaware	1	0
241.560	0.000	trigger_20	20	241560	Trigger-In:20	61	grating_off	salient	0	red	right	unaware	1	0
242.160	0.000	trigger_31	31	242160	Trigger-In:31	61	targets_on_fp_color_change	salient	0	red	right	unaware	1	0
242.865	0.000	trigger_201	201	242865	Trigger-In:201	61	trial_end_completed	salient	0	red	right	unaware	1	0
243.930	0.000	trigger_101	101	243930	Trigger-In:101	62	trial_start	salient	0	green	left	unaware	1	0
244.090	0.000	trigger_11	11	244090	Trigger-In:11	62	fixation_point_on	salient	0	green	left	unaware	1	0
244.690	0.000	trigger_21	21	244690	Trigger-In:21	62	grating_on	salient	0	green	left	unaware	1	0
244.745	0.000	trigger_20	20	244745	Trigger-In:20	62	grating_off	salient	0	green	left	unaware	1	0
245.345	0.000	trigger_31	31	245345	Trigger-In:31	62	targets_on_fp_color_change	salient	0	green	left	unaware	1	0
246.120	0.000	trigger_201	201	246120	Trigger-In:201	62	trial_end_completed	salient	0	green	left	unaware	1	0
247.185	0.000	trigger_101	101	247185	Trigger-In:101	63	trial_start	staircase	10	red	right	unaware	1	0
247.295	0.000	trigger_11	11	247295	Trigger-In:11	63	fixation_point_on	staircase	10	red	right	unaware	1	0
247.895	0.000	trigger_21	21	247895	Trigger-In:21	63	grating_on	staircase	10	red	right	unaware	1	0
247.945	0.000	trigger_20	20	247945	Trigger-In:20	63	grating_off	staircase	10	red	right	unaware	1	0
248.545	0.000	trigger_31	31	248545	Trigger-In:31	63	targets_on_fp_color_change	staircase	10	red	right	unaware	1	0
249.315	0.000	trigger_201	201	249315	Trigger-In:201	63	trial_end_completed	staircase	10	red	right	unaware	1	0
250.385	0.000	trigger_101	101	250385	Trigger-In:101	64	trial_start	absent	70	green	right	aware	1	0
250.490	0.000	trigger_11	11	250490	Trigger-In:11	64	fixation_point_on	absent	70	green	right	aware	1	0
251.090	0.000	trigger_21	21	251090	Trigger-In:21	64	grating_on	absent	70	green	right	aware	1	0
251.140	0.000	trigger_20	20	251140	Trigger-In:20	64	grating_off	absent	70	green	right	aware	1	0
251.740	0.000	trigger_31	31	251740	Trigger-In:31	64	targets_on_fp_color_change	absent	70	green	right	aware	1	0
252.360	0.000	trigger_201	201	252360	Trigger-In:201	64	trial_end_completed	absent	70	green	right	aware	1	0
253.425	0.000	trigger_101	101	253425	Trigger-In:101	65	trial_start	salient	0	red	right	unaware	1	0
253.530	0.000	trigger_11	11	253530	Trigger-In:11	65	fixation_point_on	salient	0	red	right	unaware	1	0
254.130	0.000	trigger_21	21	254130	Trigger-In:21	65	grating_on	salient	0	red	right	unaware	1	0
254.180	0.000	trigger_20	20	254180	Trigger-In:20	65	grating_off	salient	0	red	right	unaware	1	0
254.780	0.000	trigger_31	31	254780	Trigger-In:31	65	targets_on_fp_color_change	salient	0	red	right	unaware	1	0
255.715	0.000	trigger_201	201	255715	Trigger-In:201	65	trial_end_completed	salient	0	red	right	unaware	1	0
256.785	0.000	trigger_101	101	256785	Trigger-In:101	66	trial_start	staircase	11	red	left	aware	1	0
256.885	0.000	trigger_11	11	256885	Trigger-In:11	66	fixation_point_on	staircase	11	red	left	aware	1	0
257.485	0.000	trigger_21	21	257485	Trigger-In:21	66	grating_on	staircase	11	red	left	aware	1	0
257.540	0.000	trigger_20	20	257540	Trigger-In:20	66	grating_off	staircase	11	red	left	aware	1	0
258.140	0.000	trigger_31	31	258140	Trigger-In:31	66	targets_on_fp_color_change	staircase	11	red	left	aware	1	0
259.145	0.000	trigger_201	201	259145	Trigger-In:201	66	trial_end_completed	staircase	11	red	left	aware	1	0
260.210	0.000	trigger_101	101	260210	Trigger-In:101	67	trial_start	staircase	10	green	left	unaware	1	0
260.315	0.000	trigger_11	11	260315	Trigger-In:11	67	fixation_point_on	staircase	10	green	left	unaware	1	0
260.920	0.000	trigger_21	21	260920	Trigger-In:21	67	grating_on	staircase	10	green	left	unaware	1	0
260.970	0.000	trigger_20	20	260970	Trigger-In:20	67	grating_off	staircase	10	green	left	unaware	1	0
261.570	0.000	trigger_31	31	261570	Trigger-In:31	67	targets_on_fp_color_change	staircase	10	green	left	unaware	1	0
262.425	0.000	trigger_201	201	262425	Trigger-In:201	67	trial_end_completed	staircase	10	green	left	unaware	1	0
263.490	0.000	trigger_101	101	263490	Trigger-In:101	68	trial_start	staircase	11	green	right	aware	1	0
263.595	0.000	trigger_11	11	263595	Trigger-In:11	68	fixation_point_on	staircase	11	green	right	aware	1	0
264.195	0.000	trigger_21	21	264195	Trigger-In:21	68	grating_on	staircase	11	green	right	aware	1	0
264.245	0.000	trigger_20	20	264245	Trigger-In:20	68	grating_off	staircase	11	green	right	aware	1	0
264.845	0.000	trigger_31	31	264845	Trigger-In:31	68	targets_on_fp_color_change	staircase	11	green	right	aware	1	0
265.455	0.000	trigger_201	201	265455	Trigger-In:201	68	trial_end_completed	staircase	11	green	right	aware	1	0
266.520	0.000	trigger_101	101	266520	Trigger-In:101	69	trial_start	staircase	10	green	left	unaware	1	0
266.625	0.000	trigger_11	11	266625	Trigger-In:11	69	fixation_point_on	staircase	10	green	left	unaware	1	0
267.225	0.000	trigger_21	21	267225	Trigger-In:21	69	grating_on	staircase	10	green	left	unaware	1	0
267.275	0.000	trigger_20	20	267275	Trigger-In:20	69	grating_off	staircase	10	green	left	unaware	1	0
267.875	0.000	trigger_31	31	267875	Trigger-In:31	69	targets_on_fp_color_change	staircase	10	green	left	unaware	1	0
268.540	0.000	trigger_201	201	268540	Trigger-In:201	69	trial_end_completed	staircase	10	green	left	unaware	1	0
269.610	0.000	trigger_101	101	269610	Trigger-In:101	70	trial_start	salient	0	green	left	unaware	1	0
269.715	0.000	trigger_11	11	269715	Trigger-In:11	70	fixation_point_on	salient	0	green	left	unaware	1	0
270.315	0.000	trigger_21	21	270315	Trigger-In:21	70	grating_on	salient	0	green	left	unaware	1	0
270.370	0.000	trigger_20	20	270370	Trigger-In:20	70	grating_off	salient	0	green	left	unaware	1	0
270.970	0.000	trigger_31	31	270970	Trigger-In:31	70	targets_on_fp_color_change	salient	0	green	left	unaware	1	0
271.775	0.000	trigger_201	201	271775	Trigger-In:201	70	trial_end_completed	salient	0	green	left	unaware	1	0
272.840	0.000	trigger_101	101	272840	Trigger-In:101	71	trial_start	salient	0	red	right	unaware	1	0
272.945	0.000	trigger_11	11	272945	Trigger-In:11	71	fixation_point_on	salient	0	red	right	unaware	1	0
273.545	0.000	trigger_21	21	273545	Trigger-In:21	71	grating_on	salient	0	red	right	unaware	1	0
273.595	0.000	trigger_20	20	273595	Trigger-In:20	71	grating_off	salient	0	red	right	unaware	1	0
274.195	0.000	trigger_31	31	274195	Trigger-In:31	71	targets_on_fp_color_change	salient	0	red	right	unaware	1	0
274.850	0.000	trigger_201	201	274850	Trigger-In:201	71	trial_end_completed	salient	0	red	right	unaware	1	0
275.920	0.000	trigger_101	101	275920	Trigger-In:101	72	trial_start	staircase	11	red	left	aware	1	0
276.025	0.000	trigger_11	11	276025	Trigger-In:11	72	fixation_point_on	staircase	11	red	left	aware	1	0
276.625	0.000	trigger_21	21	276625	Trigger-In:21	72	grating_on	staircase	11	red	left	aware	1	0
276.675	0.000	trigger_20	20	276675	Trigger-In:20	72	grating_off	staircase	11	red	left	aware	1	0
277.275	0.000	trigger_31	31	277275	Trigger-In:31	72	targets_on_fp_color_change	staircase	11	red	left	aware	1	0
277.935	0.000	trigger_201	201	277935	Trigger-In:201	72	trial_end_completed	staircase	11	red	left	aware	1	0
279.005	0.000	trigger_101	101	279005	Trigger-In:101	73	trial_start	staircase	10	green	left	unaware	1	0
279.110	0.000	trigger_11	11	279110	Trigger-In:11	73	fixation_point_on	staircase	10	green	left	unaware	1	0
279.710	0.000	trigger_21	21	279710	Trigger-In:21	73	grating_on	staircase	10	green	left	unaware	1	0
279.765	0.000	trigger_20	20	279765	Trigger-In:20	73	grating_off	staircase	10	green	left	unaware	1	0
280.365	0.000	trigger_31	31	280365	Trigger-In:31	73	targets_on_fp_color_change	staircase	10	green	left	unaware	1	0
281.105	0.000	trigger_201	201	281105	Trigger-In:201	73	trial_end_completed	staircase	10	green	left	unaware	1	0
282.175	0.000	trigger_101	101	282175	Trigger-In:101	74	trial_start	absent	70	green	right	aware	1	0
282.280	0.000	trigger_11	11	282280	Trigger-In:11	74	fixation_point_on	absent	70	green	right	aware	1	0
282.880	0.000	trigger_21	21	282880	Trigger-In:21	74	grating_on	absent	70	green	right	aware	1	0
282.930	0.000	trigger_20	20	282930	Trigger-In:20	74	grating_off	absent	70	green	right	aware	1	0
283.530	0.000	trigger_31	31	283530	Trigger-In:31	74	targets_on_fp_color_change	absent	70	green	right	aware	1	0
284.280	0.000	trigger_201	201	284280	Trigger-In:201	74	trial_end_completed	absent	70	green	right	aware	1	0
285.350	0.000	trigger_101	101	285350	Trigger-In:101	75	trial_start	staircase	11	green	right	aware	1	0
285.455	0.000	trigger_11	11	285455	Trigger-In:11	75	fixation_point_on	staircase	11	green	right	aware	1	0
286.055	0.000	trigger_21	21	286055	Trigger-In:21	75	grating_on	staircase	11	green	right	aware	1	0
286.105	0.000	trigger_20	20	286105	Trigger-In:20	75	grating_off	staircase	11	green	right	aware	1	0
286.710	0.000	trigger_31	31	286710	Trigger-In:31	75	targets_on_fp_color_change	staircase	11	green	right	aware	1	0
287.495	0.000	trigger_201	201	287495	Trigger-In:201	75	trial_end_completed	staircase	11	green	right	aware	1	0
288.560	0.000	trigger_101	101	288560	Trigger-In:101	76	trial_start	staircase	10	green	left	unaware	1	0
288.670	0.000	trigger_11	11	288670	Trigger-In:11	76	fixation_point_on	staircase	10	green	left	unaware	1	0
289.270	0.000	trigger_21	21	289270	Trigger-In:21	76	grating_on	staircase	10	green	left	unaware	1	0
289.320	0.000	trigger_20	20	289320	Trigger-In:20	76	grating_off	staircase	10	green	left	unaware	1	0
289.920	0.000	trigger_31	31	289920	Trigger-In:31	76	targets_on_fp_color_change	staircase	10	green	left	unaware	1	0
290.740	0.000	trigger_201	201	290740	Trigger-In:201	76	trial_end_completed	staircase	10	green	left	unaware	1	0
291.810	0.000	trigger_101	101	291810	Trigger-In:101	77	trial_start	staircase	11	red	right	unaware	1	0
291.915	0.000	trigger_11	11	291915	Trigger-In:11	77	fixation_point_on	staircase	11	red	right	unaware	1	0
292.515	0.000	trigger_21	21	292515	Trigger-In:21	77	grating_on	staircase	11	red	right	unaware	1	0
292.565	0.000	trigger_20	20	292565	Trigger-In:20	77	grating_off	staircase	11	red	right	unaware	1	0
293.165	0.000	trigger_31	31	293165	Trigger-In:31	77	targets_on_fp_color_change	staircase	11	red	right	unaware	1	0
293.865	0.000	trigger_201	201	293865	Trigger-In:201	77	trial_end_completed	staircase	11	red	right	unaware	1	0
294.930	0.000	trigger_101	101	294930	Trigger-In:101	78	trial_start	staircase	12	red	right	unaware	1	0
295.035	0.000	trigger_11	11	295035	Trigger-In:11	78	fixation_point_on	staircase	12	red	right	unaware	1	0
295.635	0.000	trigger_21	21	295635	Trigger-In:21	78	grating_on	staircase	12	red	right	unaware	1	0
295.685	0.000	trigger_20	20	295685	Trigger-In:20	78	grating_off	staircase	12	red	right	unaware	1	0
296.285	0.000	trigger_31	31	296285	Trigger-In:31	78	targets_on_fp_color_change	staircase	12	red	right	unaware	1	0
296.875	0.000	trigger_201	201	296875	Trigger-In:201	78	trial_end_completed	staircase	12	red	right	unaware	1	0
297.940	0.000	trigger_101	101	297940	Trigger-In:101	79	trial_start	salient	0	red	right	unaware	1	0
298.050	0.000	trigger_11	11	298050	Trigger-In:11	79	fixation_point_on	salient	0	red	right	unaware	1	0
298.650	0.000	trigger_21	21	298650	Trigger-In:21	79	grating_on	salient	0	red	right	unaware	1	0
298.700	0.000	trigger_20	20	298700	Trigger-In:20	79	grating_off	salient	0	red	right	unaware	1	0
299.300	0.000	trigger_31	31	299300	Trigger-In:31	79	targets_on_fp_color_change	salient	0	red	right	unaware	1	0
299.960	0.000	trigger_201	201	299960	Trigger-In:201	79	trial_end_completed	salient	0	red	right	unaware	1	0
301.025	0.000	trigger_101	101	301025	Trigger-In:101	80	trial_start	staircase	13	green	right	aware	1	0
301.130	0.000	trigger_11	11	301130	Trigger-In:11	80	fixation_point_on	staircase	13	green	right	aware	1	0
301.730	0.000	trigger_21	21	301730	Trigger-In:21	80	grating_on	staircase	13	green	right	aware	1	0
301.780	0.000	trigger_20	20	301780	Trigger-In:20	80	grating_off	staircase	13	green	right	aware	1	0
302.380	0.000	trigger_31	31	302380	Trigger-In:31	80	targets_on_fp_color_change	staircase	13	green	right	aware	1	0
303.010	0.000	trigger_201	201	303010	Trigger-In:201	80	trial_end_completed	staircase	13	green	right	aware	1	0
304.080	0.000	trigger_101	101	304080	Trigger-In:101	81	trial_start	staircase	12	red	left	aware	1	0
304.185	0.000	trigger_11	11	304185	Trigger-In:11	81	fixation_point_on	staircase	12	red	left	aware	1	0
304.785	0.000	trigger_21	21	304785	Trigger-In:21	81	grating_on	staircase	12	red	left	aware	1	0
304.835	0.000	trigger_20	20	304835	Trigger-In:20	81	grating_off	staircase	12	red	left	aware	1	0
305.440	0.000	trigger_31	31	305440	Trigger-In:31	81	targets_on_fp_color_change	staircase	12	red	left	aware	1	0
306.135	0.000	trigger_201	201	306135	Trigger-In:201	81	trial_end_completed	staircase	12	red	left	aware	1	0
307.200	0.000	trigger_101	101	307200	Trigger-In:101	82	trial_start	staircase	11	green	right	aware	1	0
307.305	0.000	trigger_11	11	307305	Trigger-In:11	82	fixation_point_on	staircase	11	green	right	aware	1	0
307.910	0.000	trigger_21	21	307910	Trigger-In:21	82	grating_on	staircase	11	green	right	aware	1	0
307.960	0.000	trigger_20	20	307960	Trigger-In:20	82	grating_off	staircase	11	green	right	aware	1	0
308.560	0.000	trigger_31	31	308560	Trigger-In:31	82	targets_on_fp_color_change	staircase	11	green	right	aware	1	0
309.215	0.000	trigger_201	201	309215	Trigger-In:201	82	trial_end_completed	staircase	11	green	right	aware	1	0
310.280	0.000	trigger_101	101	310280	Trigger-In:101	83	trial_start	salient	0	green	left	unaware	1	0
310.385	0.000	trigger_11	11	310385	Trigger-In:11	83	fixation_point_on	salient	0	green	left	unaware	1	0
310.985	0.000	trigger_21	21	310985	Trigger-In:21	83	grating_on	salient	0	green	left	unaware	1	0
311.035	0.000	trigger_20	20	311035	Trigger-In:20	83	grating_off	salient	0	green	left	unaware	1	0
311.635	0.000	trigger_31	31	311635	Trigger-In:31	83	targets_on_fp_color_change	salient	0	green	left	unaware	1	0
312.350	0.000	trigger_201	201	312350	Trigger-In:201	83	trial_end_completed	salient	0	green	left	unaware	1	0
313.415	0.000	trigger_101	101	313415	Trigger-In:101	84	trial_start	staircase	10	red	right	unaware	1	0
313.520	0.000	trigger_11	11	313520	Trigger-In:11	84	fixation_point_on	staircase	10	red	right	unaware	1	0
314.120	0.000	trigger_21	21	314120	Trigger-In:21	84	grating_on	staircase	10	red	right	unaware	1	0
314.170	0.000	trigger_20	20	314170	Trigger-In:20	84	grating_off	staircase	10	red	right	unaware	1	0
314.770	0.000	trigger_31	31	314770	Trigger-In:31	84	targets_on_fp_color_change	staircase	10	red	right	unaware	1	0
315.455	0.000	trigger_201	201	315455	Trigger-In:201	84	trial_end_completed	staircase	10	red	right	unaware	1	0
316.525	0.000	trigger_101	101	316525	Trigger-In:101	85	trial_start	salient	0	green	left	unaware	1	0
316.630	0.000	trigger_11	11	316630	Trigger-In:11	85	fixation_point_on	salient	0	green	left	unaware	1	0
317.230	0.000	trigger_21	21	317230	Trigger-In:21	85	grating_on	salient	0	green	left	unaware	1	0
317.280	0.000	trigger_20	20	317280	Trigger-In:20	85	grating_off	salient	0	green	left	unaware	1	0
317.885	0.000	trigger_31	31	317885	Trigger-In:31	85	targets_on_fp_color_change	salient	0	green	left	unaware	1	0
319.165	0.000	trigger_201	201	319165	Trigger-In:201	85	trial_end_completed	salient	0	green	left	unaware	1	0
320.230	0.000	trigger_101	101	320230	Trigger-In:101	86	trial_start	staircase	11	red	left	aware	1	0
320.340	0.000	trigger_11	11	320340	Trigger-In:11	86	fixation_point_on	staircase	11	red	left	aware	1	0
320.940	0.000	trigger_21	21	320940	Trigger-In:21	86	grating_on	staircase	11	red	left	aware	1	0
320.990	0.000	trigger_20	20	320990	Trigger-In:20	86	grating_off	staircase	11	red	left	aware	1	0
321.590	0.000	trigger_31	31	321590	Trigger-In:31	86	targets_on_fp_color_change	staircase	11	red	left	aware	1	0
322.415	0.000	trigger_201	201	322415	Trigger-In:201	86	trial_end_completed	staircase	11	red	left	aware	1	0
323.480	0.000	trigger_101	101	323480	Trigger-In:101	87	trial_start	staircase	10	green	left	unaware	1	0
323.585	0.000	trigger_11	11	323585	Trigger-In:11	87	fixation_point_on	staircase	10	green	left	unaware	1	0
324.185	0.000	trigger_21	21	324185	Trigger-In:21	87	grating_on	staircase	10	green	left	unaware	1	0
324.235	0.000	trigger_20	20	324235	Trigger-In:20	87	grating_off	staircase	10	green	left	unaware	1	0
324.835	0.000	trigger_31	31	324835	Trigger-In:31	87	targets_on_fp_color_change	staircase	10	green	left	unaware	1	0
325.630	0.000	trigger_201	201	325630	Trigger-In:201	87	trial_end_completed	staircase	10	green	left	unaware	1	0
326.695	0.000	trigger_101	101	326695	Trigger-In:101	88	trial_start	staircase	11	red	left	aware	1	0
326.805	0.000	trigger_11	11	326805	Trigger-In:11	88	fixation_point_on	staircase	11	red	left	aware	1	0
327.405	0.000	trigger_21	21	327405	Trigger-In:21	88	grating_on	staircase	11	red	left	aware	1	0
327.455	0.000	trigger_20	20	327455	Trigger-In:20	88	grating_off	staircase	11	red	left	aware	1	0
328.055	0.000	trigger_31	31	328055	Trigger-In:31	88	targets_on_fp_color_change	staircase	11	red	left	aware	1	0
328.985	0.000	trigger_201	201	328985	Trigger-In:201	88	trial_end_completed	staircase	11	red	left	aware	1	0
330.050	0.000	trigger_101	101	330050	Trigger-In:101	89	trial_start	staircase	10	green	right	aware	1	0
330.150	0.000	trigger_11	11	330150	Trigger-In:11	89	fixation_point_on	staircase	10	green	right	aware	1	0
330.750	0.000	trigger_21	21	330750	Trigger-In:21	89	grating_on	staircase	10	green	right	aware	1	0
330.800	0.000	trigger_20	20	330800	Trigger-In:20	89	grating_off	staircase	10	green	right	aware	1	0
331.405	0.000	trigger_31	31	331405	Trigger-In:31	89	targets_on_fp_color_change	staircase	10	green	right	aware	1	0
332.000	0.000	trigger_201	201	332000	Trigger-In:201	89	trial_end_completed	staircase	10	green	right	aware	1	0
333.070	0.000	trigger_101	101	333070	Trigger-In:101	90	trial_start	salient	0	green	left	unaware	1	0
333.175	0.000	trigger_11	11	333175	Trigger-In:11	90	fixation_point_on	salient	0	green	left	unaware	1	0
333.775	0.000	trigger_21	21	333775	Trigger-In:21	90	grating_on	salient	0	green	left	unaware	1	0
333.825	0.000	trigger_20	20	333825	Trigger-In:20	90	grating_off	salient	0	green	left	unaware	1	0
334.425	0.000	trigger_31	31	334425	Trigger-In:31	90	targets_on_fp_color_change	salient	0	green	left	unaware	1	0
335.060	0.000	trigger_201	201	335060	Trigger-In:201	90	trial_end_completed	salient	0	green	left	unaware	1	0
336.130	0.000	trigger_101	101	336130	Trigger-In:101	91	trial_start	staircase	9	red	left	aware	1	0
336.230	0.000	trigger_11	11	336230	Trigger-In:11	91	fixation_point_on	staircase	9	red	left	aware	1	0
336.830	0.000	trigger_21	21	336830	Trigger-In:21	91	grating_on	staircase	9	red	left	aware	1	0
336.880	0.000	trigger_20	20	336880	Trigger-In:20	91	grating_off	staircase	9	red	left	aware	1	0
337.480	0.000	trigger_31	31	337480	Trigger-In:31	91	targets_on_fp_color_change	staircase	9	red	left	aware	1	0
338.480	0.000	trigger_201	201	338480	Trigger-In:201	91	trial_end_completed	staircase	9	red	left	aware	1	0
339.550	0.000	trigger_101	101	339550	Trigger-In:101	92	trial_start	staircase	8	red	right	unaware	1	0
339.660	0.000	trigger_11	11	339660	Trigger-In:11	92	fixation_point_on	staircase	8	red	right	unaware	1	0
340.260	0.000	trigger_21	21	340260	Trigger-In:21	92	grating_on	staircase	8	red	right	unaware	1	0
340.310	0.000	trigger_20	20	340310	Trigger-In:20	92	grating_off	staircase	8	red	right	unaware	1	0
340.910	0.000	trigger_31	31	340910	Trigger-In:31	92	targets_on_fp_color_change	staircase	8	red	right	unaware	1	0
341.515	0.000	trigger_201	201	341515	Trigger-In:201	92	trial_end_completed	staircase	8	red	right	unaware	1	0
342.580	0.000	trigger_101	101	342580	Trigger-In:101	93	trial_start	staircase	9	green	left	unaware	1	0
342.690	0.000	trigger_11	11	342690	Trigger-In:11	93	fixation_point_on	staircase	9	green	left	unaware	1	0
343.290	0.000	trigger_21	21	343290	Trigger-In:21	93	grating_on	staircase	9	green	left	unaware	1	0
343.340	0.000	trigger_20	20	343340	Trigger-In:20	93	grating_off	staircase	9	green	left	unaware	1	0
343.940	0.000	trigger_31	31	343940	Trigger-In:31	93	targets_on_fp_color_change	staircase	9	green	left	unaware	1	0
344.755	0.000	trigger_201	201	344755	Trigger-In:201	93	trial_end_completed	staircase	9	green	left	unaware	1	0
345.825	0.000	trigger_101	101	345825	Trigger-In:101	94	trial_start	salient	0	green	left	unaware	1	0
345.935	0.000	trigger_11	11	345935	Trigger-In:11	94	fixation_point_on	salient	0	green	left	unaware	1	0
346.535	0.000	trigger_21	21	346535	Trigger-In:21	94	grating_on	salient	0	green	left	unaware	1	0
346.585	0.000	trigger_20	20	346585	Trigger-In:20	94	grating_off	salient	0	green	left	unaware	1	0
347.185	0.000	trigger_31	31	347185	Trigger-In:31	94	targets_on_fp_color_change	salient	0	green	left	unaware	1	0
347.895	0.000	trigger_201	201	347895	Trigger-In:201	94	trial_end_completed	salient	0	green	left	unaware	1	0
348.960	0.000	trigger_101	101	348960	Trigger-In:101	95	trial_start	staircase	10	green	left	unaware	1	0
349.065	0.000	trigger_11	11	349065	Trigger-In:11	95	fixation_point_on	staircase	10	green	left	unaware	1	0
349.665	0.000	trigger_21	21	349665	Trigger-In:21	95	grating_on	staircase	10	green	left	unaware	1	0
349.715	0.000	trigger_20	20	349715	Trigger-In:20	95	grating_off	staircase	10	green	left	unaware	1	0
350.315	0.000	trigger_31	31	350315	Trigger-In:31	95	targets_on_fp_color_change	staircase	10	green	left	unaware	1	0
350.980	0.000	trigger_201	201	350980	Trigger-In:201	95	trial_end_completed	staircase	10	green	left	unaware	1	0
352.045	0.000	trigger_101	101	352045	Trigger-In:101	96	trial_start	staircase	11	green	left	unaware	1	0
352.150	0.000	trigger_11	11	352150	Trigger-In:11	96	fixation_point_on	staircase	11	green	left	unaware	1	0
352.750	0.000	trigger_21	21	352750	Trigger-In:21	96	grating_on	staircase	11	green	left	unaware	1	0
352.805	0.000	trigger_20	20	352805	Trigger-In:20	96	grating_off	staircase	11	green	left	unaware	1	0
353.405	0.000	trigger_31	31	353405	Trigger-In:31	96	targets_on_fp_color_change	staircase	11	green	left	unaware	1	0
354.045	0.000	trigger_201	201	354045	Trigger-In:201	96	trial_end_completed	staircase	11	green	left	unaware	1	0
355.115	0.000	trigger_101	101	355115	Trigger-In:101	97	trial_start	staircase	12	red	left	aware	1	0
355.215	0.000	trigger_11	11	355215	Trigger-In:11	97	fixation_point_on	staircase	12	red	left	aware	1	0
355.815	0.000	trigger_21	21	355815	Trigger-In:21	97	grating_on	staircase	12	red	left	aware	1	0
355.870	0.000	trigger_20	20	355870	Trigger-In:20	97	grating_off	staircase	12	red	left	aware	1	0
356.470	0.000	trigger_31	31	356470	Trigger-In:31	97	targets_on_fp_color_change	staircase	12	red	left	aware	1	0
357.320	0.000	trigger_201	201	357320	Trigger-In:201	97	trial_end_completed	staircase	12	red	left	aware	1	0
358.390	0.000	trigger_101	101	358390	Trigger-In:101	98	trial_start	absent	70	red	left	aware	1	0
358.490	0.000	trigger_11	11	358490	Trigger-In:11	98	fixation_point_on	absent	70	red	left	aware	1	0
359.090	0.000	trigger_21	21	359090	Trigger-In:21	98	grating_on	absent	70	red	left	aware	1	0
359.140	0.000	trigger_20	20	359140	Trigger-In:20	98	grating_off	absent	70	red	left	aware	1	0
359.740	0.000	trigger_31	31	359740	Trigger-In:31	98	targets_on_fp_color_change	absent	70	red	left	aware	1	0
360.350	0.000	trigger_201	201	360350	Trigger-In:201	98	trial_end_completed	absent	70	red	left	aware	1	0
361.415	0.000	trigger_101	101	361415	Trigger-In:101	99	trial_start	staircase	11	green	right	aware	1	0
361.525	0.000	trigger_11	11	361525	Trigger-In:11	99	fixation_point_on	staircase	11	green	right	aware	1	0
362.125	0.000	trigger_21	21	362125	Trigger-In:21	99	grating_on	staircase	11	green	right	aware	1	0
362.175	0.000	trigger_20	20	362175	Trigger-In:20	99	grating_off	staircase	11	green	right	aware	1	0
362.775	0.000	trigger_31	31	362775	Trigger-In:31	99	targets_on_fp_color_change	staircase	11	green	right	aware	1	0
363.365	0.000	trigger_201	201	363365	Trigger-In:201	99	trial_end_completed	staircase	11	green	right	aware	1	0
364.430	0.000	trigger_101	101	364430	Trigger-In:101	100	trial_start	salient	0	green	left	unaware	1	0
364.535	0.000	trigger_11	11	364535	Trigger-In:11	100	fixation_point_on	salient	0	green	left	unaware	1	0
365.140	0.000	trigger_21	21	365140	Trigger-In:21	100	grating_on	salient	0	green	left	unaware	1	0
365.190	0.000	trigger_20	20	365190	Trigger-In:20	100	grating_off	salient	0	green	left	unaware	1	0
365.790	0.000	trigger_31	31	365790	Trigger-In:31	100	targets_on_fp_color_change	salient	0	green	left	unaware	1	0
366.610	0.000	trigger_201	201	366610	Trigger-In:201	100	trial_end_completed	salient	0	green	left	unaware	1	0
367.680	0.000	trigger_101	101	367680	Trigger-In:101	101	trial_start	staircase	10	red	left	aware	1	0
367.785	0.000	trigger_11	11	367785	Trigger-In:11	101	fixation_point_on	staircase	10	red	left	aware	1	0
368.385	0.000	trigger_21	21	368385	Trigger-In:21	101	grating_on	staircase	10	red	left	aware	1	0
368.440	0.000	trigger_20	20	368440	Trigger-In:20	101	grating_off	staircase	10	red	left	aware	1	0
369.040	0.000	trigger_31	31	369040	Trigger-In:31	101	targets_on_fp_color_change	staircase	10	red	left	aware	1	0
369.750	0.000	trigger_201	201	369750	Trigger-In:201	101	trial_end_completed	staircase	10	red	left	aware	1	0
370.820	0.000	trigger_101	101	370820	Trigger-In:101	102	trial_start	staircase	9	red	right	unaware	1	0
370.925	0.000	trigger_11	11	370925	Trigger-In:11	102	fixation_point_on	staircase	9	red	right	unaware	1	0
371.525	0.000	trigger_21	21	371525	Trigger-In:21	102	grating_on	staircase	9	red	right	unaware	1	0
371.580	0.000	trigger_20	20	371580	Trigger-In:20	102	grating_off	staircase	9	red	right	unaware	1	0
372.180	0.000	trigger_31	31	372180	Trigger-In:31	102	targets_on_fp_color_change	staircase	9	red	right	unaware	1	0
372.990	0.000	trigger_201	201	372990	Trigger-In:201	102	trial_end_completed	staircase	9	red	right	unaware	1	0
374.055	0.000	trigger_101	101	374055	Trigger-In:101	103	trial_start	staircase	10	red	right	unaware	1	0
374.160	0.000	trigger_11	11	374160	Trigger-In:11	103	fixation_point_on	staircase	10	red	right	unaware	1	0
374.760	0.000	trigger_21	21	374760	Trigger-In:21	103	grating_on	staircase	10	red	right	unaware	1	0
374.815	0.000	trigger_20	20	374815	Trigger-In:20	103	grating_off	staircase	10	red	right	unaware	1	0
375.415	0.000	trigger_31	31	375415	Trigger-In:31	103	targets_on_fp_color_change	staircase	10	red	right	unaware	1	0
376.210	0.000	trigger_201	201	376210	Trigger-In:201	103	trial_end_completed	staircase	10	red	right	unaware	1	0
377.280	0.000	trigger_101	101	377280	Trigger-In:101	104	trial_start	salient	0	green	left	unaware	1	0
377.385	0.000	trigger_11	11	377385	Trigger-In:11	104	fixation_point_on	salient	0	green	left	unaware	1	0
377.985	0.000	trigger_21	21	377985	Trigger-In:21	104	grating_on	salient	0	green	left	unaware	1	0
378.035	0.000	trigger_20	20	378035	Trigger-In:20	104	grating_off	salient	0	green	left	unaware	1	0
378.635	0.000	trigger_31	31	378635	Trigger-In:31	104	targets_on_fp_color_change	salient	0	green	left	unaware	1	0
379.330	0.000	trigger_201	201	379330	Trigger-In:201	104	trial_end_completed	salient	0	green	left	unaware	1	0
380.400	0.000	trigger_101	101	380400	Trigger-In:101	105	trial_start	salient	0	green	left	unaware	1	0
380.505	0.000	trigger_11	11	380505	Trigger-In:11	105	fixation_point_on	salient	0	green	left	unaware	1	0
381.105	0.000	trigger_21	21	381105	Trigger-In:21	105	grating_on	salient	0	green	left	unaware	1	0
381.155	0.000	trigger_20	20	381155	Trigger-In:20	105	grating_off	salient	0	green	left	unaware	1	0
381.755	0.000	trigger_31	31	381755	Trigger-In:31	105	targets_on_fp_color_change	salient	0	green	left	unaware	1	0
382.615	0.000	trigger_201	201	382615	Trigger-In:201	105	trial_end_completed	salient	0	green	left	unaware	1	0
383.685	0.000	trigger_101	101	383685	Trigger-In:101	106	trial_start	salient	0	green	left	unaware	1	0
383.790	0.000	trigger_11	11	383790	Trigger-In:11	106	fixation_point_on	salient	0	green	left	unaware	1	0
384.390	0.000	trigger_21	21	384390	Trigger-In:21	106	grating_on	salient	0	green	left	unaware	1	0
384.440	0.000	trigger_20	20	384440	Trigger-In:20	106	grating_off	salient	0	green	left	unaware	1	0
385.040	0.000	trigger_31	31	385040	Trigger-In:31	106	targets_on_fp_color_change	salient	0	green	left	unaware	1	0
385.850	0.000	trigger_201	201	385850	Trigger-In:201	106	trial_end_completed	salient	0	green	left	unaware	1	0
386.915	0.000	trigger_101	101	386915	Trigger-In:101	107	trial_start	staircase	11	red	left	aware	1	0
387.020	0.000	trigger_11	11	387020	Trigger-In:11	107	fixation_point_on	staircase	11	red	left	aware	1	0
387.620	0.000	trigger_21	21	387620	Trigger-In:21	107	grating_on	staircase	11	red	left	aware	1	0
387.675	0.000	trigger_20	20	387675	Trigger-In:20	107	grating_off	staircase	11	red	left	aware	1	0
388.275	0.000	trigger_31	31	388275	Trigger-In:31	107	targets_on_fp_color_change	staircase	11	red	left	aware	1	0
389.045	0.000	trigger_201	201	389045	Trigger-In:201	107	trial_end_completed	staircase	11	red	left	aware	1	0
390.110	0.000	trigger_101	101	390110	Trigger-In:101	108	trial_start	staircase	10	green	left	unaware	1	0
390.435	0.000	trigger_11	11	390435	Trigger-In:11	108	fixation_point_on	staircase	10	green	left	unaware	1	0
391.035	0.000	trigger_21	21	391035	Trigger-In:21	108	grating_on	staircase	10	green	left	unaware	1	0
391.085	0.000	trigger_20	20	391085	Trigger-In:20	108	grating_off	staircase	10	green	left	unaware	1	0
391.685	0.000	trigger_31	31	391685	Trigger-In:31	108	targets_on_fp_color_change	staircase	10	green	left	unaware	1	0
392.530	0.000	trigger_201	201	392530	Trigger-In:201	108	trial_end_completed	staircase	10	green	left	unaware	1	0
393.600	0.000	trigger_101	101	393600	Trigger-In:101	109	trial_start	staircase	11	red	right	unaware	1	0
393.705	0.000	trigger_11	11	393705	Trigger-In:11	109	fixation_point_on	staircase	11	red	right	unaware	1	0
394.305	0.000	trigger_21	21	394305	Trigger-In:21	109	grating_on	staircase	11	red	right	unaware	1	0
394.355	0.000	trigger_20	20	394355	Trigger-In:20	109	grating_off	staircase	11	red	right	unaware	1	0
394.960	0.000	trigger_31	31	394960	Trigger-In:31	109	targets_on_fp_color_change	staircase	11	red	right	unaware	1	0
395.620	0.000	trigger_201	201	395620	Trigger-In:201	109	trial_end_completed	staircase	11	red	right	unaware	1	0
396.690	0.000	trigger_101	101	396690	Trigger-In:101	110	trial_start	staircase	12	green	left	unaware	1	0
396.795	0.000	trigger_11	11	396795	Trigger-In:11	110	fixation_point_on	staircase	12	green	left	unaware	1	0
397.395	0.000	trigger_21	21	397395	Trigger-In:21	110	grating_on	staircase	12	green	left	unaware	1	0
397.445	0.000	trigger_20	20	397445	Trigger-In:20	110	grating_off	staircase	12	green	left	unaware	1	0
398.045	0.000	trigger_31	31	398045	Trigger-In:31	110	targets_on_fp_color_change	staircase	12	green	left	unaware	1	0
398.705	0.000	trigger_201	201	398705	Trigger-In:201	110	trial_end_completed	staircase	12	green	left	unaware	1	0
399.775	0.000	trigger_101	101	399775	Trigger-In:101	111	trial_start	staircase	13	green	left	unaware	1	0
399.880	0.000	trigger_11	11	399880	Trigger-In:11	111	fixation_point_on	staircase	13	green	left	unaware	1	0
400.480	0.000	trigger_21	21	400480	Trigger-In:21	111	grating_on	staircase	13	green	left	unaware	1	0
400.530	0.000	trigger_20	20	400530	Trigger-In:20	111	grating_off	staircase	13	green	left	unaware	1	0
401.130	0.000	trigger_31	31	401130	Trigger-In:31	111	targets_on_fp_color_change	staircase	13	green	left	unaware	1	0
401.970	0.000	trigger_201	201	401970	Trigger-In:201	111	trial_end_completed	staircase	13	green	left	unaware	1	0
403.035	0.000	trigger_101	101	403035	Trigger-In:101	112	trial_start	staircase	14	red	left	aware	1	0
403.275	0.000	trigger_11	11	403275	Trigger-In:11	112	fixation_point_on	staircase	14	red	left	aware	1	0
403.875	0.000	trigger_21	21	403875	Trigger-In:21	112	grating_on	staircase	14	red	left	aware	1	0
403.925	0.000	trigger_20	20	403925	Trigger-In:20	112	grating_off	staircase	14	red	left	aware	1	0
404.525	0.000	trigger_31	31	404525	Trigger-In:31	112	targets_on_fp_color_change	staircase	14	red	left	aware	1	0
405.165	0.000	trigger_201	201	405165	Trigger-In:201	112	trial_end_completed	staircase	14	red	left	aware	1	0
406.235	0.000	trigger_101	101	406235	Trigger-In:101	113	trial_start	staircase	13	red	left	aware	1	0
406.340	0.000	trigger_11	11	406340	Trigger-In:11	113	fixation_point_on	staircase	13	red	left	aware	1	0
406.940	0.000	trigger_21	21	406940	Trigger-In:21	113	grating_on	staircase	13	red	left	aware	1	0
406.990	0.000	trigger_20	20	406990	Trigger-In:20	113	grating_off	staircase	13	red	left	aware	1	0
407.590	0.000	trigger_31	31	407590	Trigger-In:31	113	targets_on_fp_color_change	staircase	13	red	left	aware	1	0
408.290	0.000	trigger_201	201	408290	Trigger-In:201	113	trial_end_completed	staircase	13	red	left	aware	1	0
409.360	0.000	trigger_101	101	409360	Trigger-In:101	114	trial_start	staircase	12	red	left	aware	1	0
409.465	0.000	trigger_11	11	409465	Trigger-In:11	114	fixation_point_on	staircase	12	red	left	aware	1	0
410.065	0.000	trigger_21	21	410065	Trigger-In:21	114	grating_on	staircase	12	red	left	aware	1	0
410.115	0.000	trigger_20	20	410115	Trigger-In:20	114	grating_off	staircase	12	red	left	aware	1	0
410.715	0.000	trigger_31	31	410715	Trigger-In:31	114	targets_on_fp_color_change	staircase	12	red	left	aware	1	0
411.385	0.000	trigger_201	201	411385	Trigger-In:201	114	trial_end_completed	staircase	12	red	left	aware	1	0
412.450	0.000	trigger_101	101	412450	Trigger-In:101	115	trial_start	staircase	11	red	left	aware	1	0
412.555	0.000	trigger_11	11	412555	Trigger-In:11	115	fixation_point_on	staircase	11	red	left	aware	1	0
413.160	0.000	trigger_21	21	413160	Trigger-In:21	115	grating_on	staircase	11	red	left	aware	1	0
413.210	0.000	trigger_20	20	413210	Trigger-In:20	115	grating_off	staircase	11	red	left	aware	1	0
413.810	0.000	trigger_31	31	413810	Trigger-In:31	115	targets_on_fp_color_change	staircase	11	red	left	aware	1	0
414.495	0.000	trigger_201	201	414495	Trigger-In:201	115	trial_end_completed	staircase	11	red	left	aware	1	0
415.560	0.000	trigger_101	101	415560	Trigger-In:101	116	trial_start	staircase	10	green	left	unaware	1	0
415.665	0.000	trigger_11	11	415665	Trigger-In:11	116	fixation_point_on	staircase	10	green	left	unaware	1	0
416.265	0.000	trigger_21	21	416265	Trigger-In:21	116	grating_on	staircase	10	green	left	unaware	1	0
416.315	0.000	trigger_20	20	416315	Trigger-In:20	116	grating_off	staircase	10	green	left	unaware	1	0
416.920	0.000	trigger_31	31	416920	Trigger-In:31	116	targets_on_fp_color_change	staircase	10	green	left	unaware	1	0
417.685	0.000	trigger_201	201	417685	Trigger-In:201	116	trial_end_completed	staircase	10	green	left	unaware	1	0
418.750	0.000	trigger_101	101	418750	Trigger-In:101	117	trial_start	staircase	11	red	left	aware	1	0
418.855	0.000	trigger_11	11	418855	Trigger-In:11	117	fixation_point_on	staircase	11	red	left	aware	1	0
419.455	0.000	trigger_21	21	419455	Trigger-In:21	117	grating_on	staircase	11	red	left	aware	1	0
419.505	0.000	trigger_20	20	419505	Trigger-In:20	117	grating_off	staircase	11	red	left	aware	1	0
420.105	0.000	trigger_31	31	420105	Trigger-In:31	117	targets_on_fp_color_change	staircase	11	red	left	aware	1	0
420.760	0.000	trigger_201	201	420760	Trigger-In:201	117	trial_end_completed	staircase	11	red	left	aware	1	0
421.830	0.000	trigger_101	101	421830	Trigger-In:101	118	trial_start	absent	70	red	left	aware	1	0
421.935	0.000	trigger_11	11	421935	Trigger-In:11	118	fixation_point_on	absent	70	red	left	aware	1	0
422.535	0.000	trigger_21	21	422535	Trigger-In:21	118	grating_on	absent	70	red	left	aware	1	0
422.585	0.000	trigger_20	20	422585	Trigger-In:20	118	grating_off	absent	70	red	left	aware	1	0
423.190	0.000	trigger_31	31	423190	Trigger-In:31	118	targets_on_fp_color_change	absent	70	red	left	aware	1	0
423.870	0.000	trigger_201	201	423870	Trigger-In:201	118	trial_end_completed	absent	70	red	left	aware	1	0
424.935	0.000	trigger_101	101	424935	Trigger-In:101	119	trial_start	salient	0	green	left	unaware	1	0
425.040	0.000	trigger_11	11	425040	Trigger-In:11	119	fixation_point_on	salient	0	green	left	unaware	1	0
425.640	0.000	trigger_21	21	425640	Trigger-In:21	119	grating_on	salient	0	green	left	unaware	1	0
425.690	0.000	trigger_20	20	425690	Trigger-In:20	119	grating_off	salient	0	green	left	unaware	1	0
426.295	0.000	trigger_31	31	426295	Trigger-In:31	119	targets_on_fp_color_change	salient	0	green	left	unaware	1	0
427.445	0.000	trigger_201	201	427445	Trigger-In:201	119	trial_end_completed	salient	0	green	left	unaware	1	0
428.515	0.000	trigger_101	101	428515	Trigger-In:101	120	trial_start	staircase	10	red	left	aware	1	0
428.620	0.000	trigger_11	11	428620	Trigger-In:11	120	fixation_point_on	staircase	10	red	left	aware	1	0
429.220	0.000	trigger_21	21	429220	Trigger-In:21	120	grating_on	staircase	10	red	left	aware	1	0
429.270	0.000	trigger_20	20	429270	Trigger-In:20	120	grating_off	staircase	10	red	left	aware	1	0
429.870	0.000	trigger_31	31	429870	Trigger-In:31	120	targets_on_fp_color_change	staircase	10	red	left	aware	1	0
430.555	0.000	trigger_201	201	430555	Trigger-In:201	120	trial_end_completed	staircase	10	red	left	aware	1	0
431.625	0.000	trigger_101	101	431625	Trigger-In:101	121	trial_start	salient	0	green	left	unaware	1	0
431.730	0.000	trigger_11	11	431730	Trigger-In:11	121	fixation_point_on	salient	0	green	left	unaware	1	0
432.330	0.000	trigger_21	21	432330	Trigger-In:21	121	grating_on	salient	0	green	left	unaware	1	0
432.380	0.000	trigger_20	20	432380	Trigger-In:20	121	grating_off	salient	0	green	left	unaware	1	0
432.980	0.000	trigger_31	31	432980	Trigger-In:31	121	targets_on_fp_color_change	salient	0	green	left	unaware	1	0
433.645	0.000	trigger_201	201	433645	Trigger-In:201	121	trial_end_completed	salient	0	green	left	unaware	1	0
434.715	0.000	trigger_101	101	434715	Trigger-In:101	122	trial_start	absent	70	red	left	aware	1	0
434.820	0.000	trigger_11	11	434820	Trigger-In:11	122	fixation_point_on	absent	70	red	left	aware	1	0
435.420	0.000	trigger_21	21	435420	Trigger-In:21	122	grating_on	absent	70	red	left	aware	1	0
435.470	0.000	trigger_20	20	435470	Trigger-In:20	122	grating_off	absent	70	red	left	aware	1	0
436.075	0.000	trigger_31	31	436075	Trigger-In:31	122	targets_on_fp_color_change	absent	70	red	left	aware	1	0
436.705	0.000	trigger_201	201	436705	Trigger-In:201	122	trial_end_completed	absent	70	red	left	aware	1	0
437.770	0.000	trigger_101	101	437770	Trigger-In:101	123	trial_start	staircase	9	green	left	unaware	1	0
437.880	0.000	trigger_11	11	437880	Trigger-In:11	123	fixation_point_on	staircase	9	green	left	unaware	1	0
438.480	0.000	trigger_21	21	438480	Trigger-In:21	123	grating_on	staircase	9	green	left	unaware	1	0
438.530	0.000	trigger_20	20	438530	Trigger-In:20	123	grating_off	staircase	9	green	left	unaware	1	0
439.130	0.000	trigger_31	31	439130	Trigger-In:31	123	targets_on_fp_color_change	staircase	9	green	left	unaware	1	0
439.890	0.000	trigger_201	201	439890	Trigger-In:201	123	trial_end_completed	staircase	9	green	left	unaware	1	0
440.955	0.000	trigger_101	101	440955	Trigger-In:101	124	trial_start	staircase	10	red	left	aware	1	0
441.060	0.000	trigger_11	11	441060	Trigger-In:11	124	fixation_point_on	staircase	10	red	left	aware	1	0
441.660	0.000	trigger_21	21	441660	Trigger-In:21	124	grating_on	staircase	10	red	left	aware	1	0
441.710	0.000	trigger_20	20	441710	Trigger-In:20	124	grating_off	staircase	10	red	left	aware	1	0
442.315	0.000	trigger_31	31	442315	Trigger-In:31	124	targets_on_fp_color_change	staircase	10	red	left	aware	1	0
443.125	0.000	trigger_201	201	443125	Trigger-In:201	124	trial_end_completed	staircase	10	red	left	aware	1	0
444.190	0.000	trigger_101	101	444190	Trigger-In:101	125	trial_start	salient	0	red	right	unaware	1	0
444.325	0.000	trigger_11	11	444325	Trigger-In:11	125	fixation_point_on	salient	0	red	right	unaware	1	0
444.925	0.000	trigger_21	21	444925	Trigger-In:21	125	grating_on	salient	0	red	right	unaware	1	0
444.975	0.000	trigger_20	20	444975	Trigger-In:20	125	grating_off	salient	0	red	right	unaware	1	0
445.580	0.000	trigger_31	31	445580	Trigger-In:31	125	targets_on_fp_color_change	salient	0	red	right	unaware	1	0
446.185	0.000	trigger_201	201	446185	Trigger-In:201	125	trial_end_completed	salient	0	red	right	unaware	1	0
447.255	0.000	trigger_101	101	447255	Trigger-In:101	126	trial_start	staircase	9	green	left	unaware	1	0
447.360	0.000	trigger_11	11	447360	Trigger-In:11	126	fixation_point_on	staircase	9	green	left	unaware	1	0
447.960	0.000	trigger_21	21	447960	Trigger-In:21	126	grating_on	staircase	9	green	left	unaware	1	0
448.010	0.000	trigger_20	20	448010	Trigger-In:20	126	grating_off	staircase	9	green	left	unaware	1	0
448.615	0.000	trigger_31	31	448615	Trigger-In:31	126	targets_on_fp_color_change	staircase	9	green	left	unaware	1	0
449.370	0.000	trigger_201	201	449370	Trigger-In:201	126	trial_end_completed	staircase	9	green	left	unaware	1	0
450.435	0.000	trigger_101	101	450435	Trigger-In:101	127	trial_start	staircase	10	red	right	unaware	1	0
450.540	0.000	trigger_11	11	450540	Trigger-In:11	127	fixation_point_on	staircase	10	red	right	unaware	1	0
451.140	0.000	trigger_21	21	451140	Trigger-In:21	127	grating_on	staircase	10	red	right	unaware	1	0
451.195	0.000	trigger_20	20	451195	Trigger-In:20	127	grating_off	staircase	10	red	right	unaware	1	0
451.795	0.000	trigger_31	31	451795	Trigger-In:31	127	targets_on_fp_color_change	staircase	10	red	right	unaware	1	0
452.580	0.000	trigger_201	201	452580	Trigger-In:201	127	trial_end_completed	staircase	10	red	right	unaware	1	0
453.645	0.000	trigger_101	101	453645	Trigger-In:101	128	trial_start	staircase	11	red	right	unaware	1	0
453.750	0.000	trigger_11	11	453750	Trigger-In:11	128	fixation_point_on	staircase	11	red	right	unaware	1	0
454.350	0.000	trigger_21	21	454350	Trigger-In:21	128	grating_on	staircase	11	red	right	unaware	1	0
454.400	0.000	trigger_20	20	454400	Trigger-In:20	128	grating_off	staircase	11	red	right	unaware	1	0
455.005	0.000	trigger_31	31	455005	Trigger-In:31	128	targets_on_fp_color_change	staircase	11	red	right	unaware	1	0
455.735	0.000	trigger_201	201	455735	Trigger-In:201	128	trial_end_completed	staircase	11	red	right	unaware	1	0
456.800	0.000	trigger_101	101	456800	Trigger-In:101	129	trial_start	salient	0	green	left	unaware	1	0
456.905	0.000	trigger_11	11	456905	Trigger-In:11	129	fixation_point_on	salient	0	green	left	unaware	1	0
457.505	0.000	trigger_21	21	457505	Trigger-In:21	129	grating_on	salient	0	green	left	unaware	1	0
457.560	0.000	trigger_20	20	457560	Trigger-In:20	129	grating_off	salient	0	green	left	unaware	1	0
458.160	0.000	trigger_31	31	458160	Trigger-In:31	129	targets_on_fp_color_change	salient	0	green	left	unaware	1	0
458.930	0.000	trigger_201	201	458930	Trigger-In:201	129	trial_end_completed	salient	0	green	left	unaware	1	0
460.000	0.000	trigger_101	101	460000	Trigger-In:101	130	trial_start	absent	70	green	right	aware	1	0
460.165	0.000	trigger_11	11	460165	Trigger-In:11	130	fixation_point_on	absent	70	green	right	aware	1	0
460.765	0.000	trigger_21	21	460765	Trigger-In:21	130	grating_on	absent	70	green	right	aware	1	0
460.815	0.000	trigger_20	20	460815	Trigger-In:20	130	grating_off	absent	70	green	right	aware	1	0
461.415	0.000	trigger_31	31	461415	Trigger-In:31	130	targets_on_fp_color_change	absent	70	green	right	aware	1	0
462.010	0.000	trigger_201	201	462010	Trigger-In:201	130	trial_end_completed	absent	70	green	right	aware	1	0
463.080	0.000	trigger_101	101	463080	Trigger-In:101	131	trial_start	staircase	12	green	right	aware	1	0
463.185	0.000	trigger_11	11	463185	Trigger-In:11	131	fixation_point_on	staircase	12	green	right	aware	1	0
463.785	0.000	trigger_21	21	463785	Trigger-In:21	131	grating_on	staircase	12	green	right	aware	1	0
463.835	0.000	trigger_20	20	463835	Trigger-In:20	131	grating_off	staircase	12	green	right	aware	1	0
464.435	0.000	trigger_31	31	464435	Trigger-In:31	131	targets_on_fp_color_change	staircase	12	green	right	aware	1	0
465.070	0.000	trigger_201	201	465070	Trigger-In:201	131	trial_end_completed	staircase	12	green	right	aware	1	0
466.140	0.000	trigger_101	101	466140	Trigger-In:101	132	trial_start	staircase	11	red	left	aware	1	0
466.245	0.000	trigger_11	11	466245	Trigger-In:11	132	fixation_point_on	staircase	11	red	left	aware	1	0
466.845	0.000	trigger_21	21	466845	Trigger-In:21	132	grating_on	staircase	11	red	left	aware	1	0
466.895	0.000	trigger_20	20	466895	Trigger-In:20	132	grating_off	staircase	11	red	left	aware	1	0
467.495	0.000	trigger_31	31	467495	Trigger-In:31	132	targets_on_fp_color_change	staircase	11	red	left	aware	1	0
468.330	0.000	trigger_201	201	468330	Trigger-In:201	132	trial_end_completed	staircase	11	red	left	aware	1	0
469.400	0.000	trigger_101	101	469400	Trigger-In:101	133	trial_start	absent	70	red	left	aware	1	0
469.505	0.000	trigger_11	11	469505	Trigger-In:11	133	fixation_point_on	absent	70	red	left	aware	1	0
470.105	0.000	trigger_21	21	470105	Trigger-In:21	133	grating_on	absent	70	red	left	aware	1	0
470.155	0.000	trigger_20	20	470155	Trigger-In:20	133	grating_off	absent	70	red	left	aware	1	0
470.755	0.000	trigger_31	31	470755	Trigger-In:31	133	targets_on_fp_color_change	absent	70	red	left	aware	1	0
471.630	0.000	trigger_201	201	471630	Trigger-In:201	133	trial_end_completed	absent	70	red	left	aware	1	0
472.700	0.000	trigger_101	101	472700	Trigger-In:101	134	trial_start	staircase	10	red	right	unaware	1	0
472.805	0.000	trigger_11	11	472805	Trigger-In:11	134	fixation_point_on	staircase	10	red	right	unaware	1	0
473.405	0.000	trigger_21	21	473405	Trigger-In:21	134	grating_on	staircase	10	red	right	unaware	1	0
473.455	0.000	trigger_20	20	473455	Trigger-In:20	134	grating_off	staircase	10	red	right	unaware	1	0
474.055	0.000	trigger_31	31	474055	Trigger-In:31	134	targets_on_fp_color_change	staircase	10	red	right	unaware	1	0
475.030	0.000	trigger_201	201	475030	Trigger-In:201	134	trial_end_completed	staircase	10	red	right	unaware	1	0
476.095	0.000	trigger_101	101	476095	Trigger-In:101	135	trial_start	absent	70	red	left	aware	1	0
476.200	0.000	trigger_11	11	476200	Trigger-In:11	135	fixation_point_on	absent	70	red	left	aware	1	0
476.805	0.000	trigger_21	21	476805	Trigger-In:21	135	grating_on	absent	70	red	left	aware	1	0
476.855	0.000	trigger_20	20	476855	Trigger-In:20	135	grating_off	absent	70	red	left	aware	1	0
477.455	0.000	trigger_31	31	477455	Trigger-In:31	135	targets_on_fp_color_change	absent	70	red	left	aware	1	0
478.170	0.000	trigger_201	201	478170	Trigger-In:201	135	trial_end_completed	absent	70	red	left	aware	1	0
479.240	0.000	trigger_101	101	479240	Trigger-In:101	136	trial_start	staircase	11	green	right	aware	1	0
479.345	0.000	trigger_11	11	479345	Trigger-In:11	136	fixation_point_on	staircase	11	green	right	aware	1	0
479.945	0.000	trigger_21	21	479945	Trigger-In:21	136	grating_on	staircase	11	green	right	aware	1	0
479.995	0.000	trigger_20	20	479995	Trigger-In:20	136	grating_off	staircase	11	green	right	aware	1	0
480.595	0.000	trigger_31	31	480595	Trigger-In:31	136	targets_on_fp_color_change	staircase	11	green	right	aware	1	0
481.310	0.000	trigger_201	201	481310	Trigger-In:201	136	trial_end_completed	staircase	11	green	right	aware	1	0
482.375	0.000	trigger_101	101	482375	Trigger-In:101	137	trial_start	staircase	10	green	left	unaware	1	0
482.480	0.000	trigger_11	11	482480	Trigger-In:11	137	fixation_point_on	staircase	10	green	left	unaware	1	0
483.080	0.000	trigger_21	21	483080	Trigger-In:21	137	grating_on	staircase	10	green	left	unaware	1	0
483.135	0.000	trigger_20	20	483135	Trigger-In:20	137	grating_off	staircase	10	green	left	unaware	1	0
483.735	0.000	trigger_31	31	483735	Trigger-In:31	137	targets_on_fp_color_change	staircase	10	green	left	unaware	1	0
484.405	0.000	trigger_201	201	484405	Trigger-In:201	137	trial_end_completed	staircase	10	green	left	unaware	1	0
485.475	0.000	trigger_101	101	485475	Trigger-In:101	138	trial_start	staircase	11	green	right	aware	1	0
485.580	0.000	trigger_11	11	485580	Trigger-In:11	138	fixation_point_on	staircase	11	green	right	aware	1	0
486.180	0.000	trigger_21	21	486180	Trigger-In:21	138	grating_on	staircase	11	green	right	aware	1	0
486.230	0.000	trigger_20	20	486230	Trigger-In:20	138	grating_off	staircase	11	green	right	aware	1	0
486.830	0.000	trigger_31	31	486830	Trigger-In:31	138	targets_on_fp_color_change	staircase	11	green	right	aware	1	0
487.415	0.000	trigger_201	201	487415	Trigger-In:201	138	trial_end_completed	staircase	11	green	right	aware	1	0
488.480	0.000	trigger_101	101	488480	Trigger-In:101	139	trial_start	staircase	10	green	left	unaware	1	0
488.585	0.000	trigger_11	11	488585	Trigger-In:11	139	fixation_point_on	staircase	10	green	left	unaware	1	0
489.190	0.000	trigger_21	21	489190	Trigger-In:21	139	grating_on	staircase	10	green	left	unaware	1	0
489.240	0.000	trigger_20	20	489240	Trigger-In:20	139	grating_off	staircase	10	green	left	unaware	1	0
489.840	0.000	trigger_31	31	489840	Trigger-In:31	139	targets_on_fp_color_change	staircase	10	green	left	unaware	1	0
490.590	0.000	trigger_201	201	490590	Trigger-In:201	139	trial_end_completed	staircase	10	green	left	unaware	1	0
491.655	0.000	trigger_101	101	491655	Trigger-In:101	140	trial_start	staircase	11	green	left	unaware	1	0
491.765	0.000	trigger_11	11	491765	Trigger-In:11	140	fixation_point_on	staircase	11	green	left	unaware	1	0
492.365	0.000	trigger_21	21	492365	Trigger-In:21	140	grating_on	staircase	11	green	left	unaware	1	0
492.415	0.000	trigger_20	20	492415	Trigger-In:20	140	grating_off	staircase	11	green	left	unaware	1	0
493.015	0.000	trigger_31	31	493015	Trigger-In:31	140	targets_on_fp_color_change	staircase	11	green	left	unaware	1	0
493.770	0.000	trigger_201	201	493770	Trigger-In:201	140	trial_end_completed	staircase	11	green	left	unaware	1	0
494.840	0.000	trigger_101	101	494840	Trigger-In:101	141	trial_start	salient	0	green	left	unaware	1	0
494.945	0.000	trigger_11	11	494945	Trigger-In:11	141	fixation_point_on	salient	0	green	left	unaware	1	0
495.545	0.000	trigger_21	21	495545	Trigger-In:21	141	grating_on	salient	0	green	left	unaware	1	0
495.595	0.000	trigger_20	20	495595	Trigger-In:20	141	grating_off	salient	0	green	left	unaware	1	0
496.195	0.000	trigger_31	31	496195	Trigger-In:31	141	targets_on_fp_color_change	salient	0	green	left	unaware	1	0
497.040	0.000	trigger_201	201	497040	Trigger-In:201	141	trial_end_completed	salient	0	green	left	unaware	1	0
498.105	0.000	trigger_101	101	498105	Trigger-In:101	142	trial_start	salient	0	green	left	unaware	1	0
498.210	0.000	trigger_11	11	498210	Trigger-In:11	142	fixation_point_on	salient	0	green	left	unaware	1	0
498.815	0.000	trigger_21	21	498815	Trigger-In:21	142	grating_on	salient	0	green	left	unaware	1	0
498.865	0.000	trigger_20	20	498865	Trigger-In:20	142	grating_off	salient	0	green	left	unaware	1	0
499.465	0.000	trigger_31	31	499465	Trigger-In:31	142	targets_on_fp_color_change	salient	0	green	left	unaware	1	0
500.165	0.000	trigger_201	201	500165	Trigger-In:201	142	trial_end_completed	salient	0	green	left	unaware	1	0
501.235	0.000	trigger_101	101	501235	Trigger-In:101	143	trial_start	staircase	12	red	left	aware	1	0
501.340	0.000	trigger_11	11	501340	Trigger-In:11	143	fixation_point_on	staircase	12	red	left	aware	1	0
501.940	0.000	trigger_21	21	501940	Trigger-In:21	143	grating_on	staircase	12	red	left	aware	1	0
501.990	0.000	trigger_20	20	501990	Trigger-In:20	143	grating_off	staircase	12	red	left	aware	1	0
502.590	0.000	trigger_31	31	502590	Trigger-In:31	143	targets_on_fp_color_change	staircase	12	red	left	aware	1	0
503.255	0.000	trigger_201	201	503255	Trigger-In:201	143	trial_end_completed	staircase	12	red	left	aware	1	0
504.320	0.000	trigger_101	101	504320	Trigger-In:101	144	trial_start	salient	0	red	right	unaware	1	0
504.430	0.000	trigger_11	11	504430	Trigger-In:11	144	fixation_point_on	salient	0	red	right	unaware	1	0
505.030	0.000	trigger_21	21	505030	Trigger-In:21	144	grating_on	salient	0	red	right	unaware	1	0
505.080	0.000	trigger_20	20	505080	Trigger-In:20	144	grating_off	salient	0	red	right	unaware	1	0
505.680	0.000	trigger_31	31	505680	Trigger-In:31	144	targets_on_fp_color_change	salient	0	red	right	unaware	1	0
506.350	0.000	trigger_201	201	506350	Trigger-In:201	144	trial_end_completed	salient	0	red	right	unaware	1	0
507.420	0.000	trigger_101	101	507420	Trigger-In:101	145	trial_start	staircase	11	red	right	unaware	1	0
507.525	0.000	trigger_11	11	507525	Trigger-In:11	145	fixation_point_on	staircase	11	red	right	unaware	1	0
508.125	0.000	trigger_21	21	508125	Trigger-In:21	145	grating_on	staircase	11	red	right	unaware	1	0
508.175	0.000	trigger_20	20	508175	Trigger-In:20	145	grating_off	staircase	11	red	right	unaware	1	0
508.775	0.000	trigger_31	31	508775	Trigger-In:31	145	targets_on_fp_color_change	staircase	11	red	right	unaware	1	0
509.660	0.000	trigger_201	201	509660	Trigger-In:201	145	trial_end_completed	staircase	11	red	right	unaware	1	0
510.725	0.000	trigger_101	101	510725	Trigger-In:101	146	trial_start	staircase	12	red	right	unaware	1	0
510.830	0.000	trigger_11	11	510830	Trigger-In:11	146	fixation_point_on	staircase	12	red	right	unaware	1	0
511.430	0.000	trigger_21	21	511430	Trigger-In:21	146	grating_on	staircase	12	red	right	unaware	1	0
511.485	0.000	trigger_20	20	511485	Trigger-In:20	146	grating_off	staircase	12	red	right	unaware	1	0
512.085	0.000	trigger_31	31	512085	Trigger-In:31	146	targets_on_fp_color_change	staircase	12	red	right	unaware	1	0
512.760	0.000	trigger_201	201	512760	Trigger-In:201	146	trial_end_completed	staircase	12	red	right	unaware	1	0
513.830	0.000	trigger_101	101	513830	Trigger-In:101	147	trial_start	absent	70	green	right	aware	1	0
513.935	0.000	trigger_11	11	513935	Trigger-In:11	147	fixation_point_on	absent	70	green	right	aware	1	0
514.535	0.000	trigger_21	21	514535	Trigger-In:21	147	grating_on	absent	70	green	right	aware	1	0
514.585	0.000	trigger_20	20	514585	Trigger-In:20	147	grating_off	absent	70	green	right	aware	1	0
515.185	0.000	trigger_31	31	515185	Trigger-In:31	147	targets_on_fp_color_change	absent	70	green	right	aware	1	0
515.975	0.000	trigger_201	201	515975	Trigger-In:201	147	trial_end_completed	absent	70	green	right	aware	1	0
517.045	0.000	trigger_101	101	517045	Trigger-In:101	148	trial_start	staircase	13	green	left	unaware	1	0
517.295	0.000	trigger_11	11	517295	Trigger-In:11	148	fixation_point_on	staircase	13	green	left	unaware	1	0
517.895	0.000	trigger_21	21	517895	Trigger-In:21	148	grating_on	staircase	13	green	left	unaware	1	0
517.945	0.000	trigger_20	20	517945	Trigger-In:20	148	grating_off	staircase	13	green	left	unaware	1	0
518.545	0.000	trigger_31	31	518545	Trigger-In:31	148	targets_on_fp_color_change	staircase	13	green	left	unaware	1	0
519.180	0.000	trigger_201	201	519180	Trigger-In:201	148	trial_end_completed	staircase	13	green	left	unaware	1	0
520.250	0.000	trigger_101	101	520250	Trigger-In:101	149	trial_start	salient	0	green	left	unaware	1	0
520.355	0.000	trigger_11	11	520355	Trigger-In:11	149	fixation_point_on	salient	0	green	left	unaware	1	0
520.955	0.000	trigger_21	21	520955	Trigger-In:21	149	grating_on	salient	0	green	left	unaware	1	0
521.005	0.000	trigger_20	20	521005	Trigger-In:20	149	grating_off	salient	0	green	left	unaware	1	0
521.605	0.000	trigger_31	31	521605	Trigger-In:31	149	targets_on_fp_color_change	salient	0	green	left	unaware	1	0
522.310	0.000	trigger_201	201	522310	Trigger-In:201	149	trial_end_completed	salient	0	green	left	unaware	1	0
523.380	0.000	trigger_101	101	523380	Trigger-In:101	150	trial_start	staircase	14	green	right	aware	1	0
523.485	0.000	trigger_11	11	523485	Trigger-In:11	150	fixation_point_on	staircase	14	green	right	aware	1	0
524.085	0.000	trigger_21	21	524085	Trigger-In:21	150	grating_on	staircase	14	green	right	aware	1	0
524.135	0.000	trigger_20	20	524135	Trigger-In:20	150	grating_off	staircase	14	green	right	aware	1	0
524.735	0.000	trigger_31	31	524735	Trigger-In:31	150	targets_on_fp_color_change	staircase	14	green	right	aware	1	0
525.335	0.000	trigger_201	201	525335	Trigger-In:201	150	trial_end_completed	staircase	14	green	right	aware	1	0
526.400	0.000	trigger_101	101	526400	Trigger-In:101	151	trial_start	staircase	13	red	left	aware	1	0
526.505	0.000	trigger_11	11	526505	Trigger-In:11	151	fixation_point_on	staircase	13	red	left	aware	1	0
527.105	0.000	trigger_21	21	527105	Trigger-In:21	151	grating_on	staircase	13	red	left	aware	1	0
527.160	0.000	trigger_20	20	527160	Trigger-In:20	151	grating_off	staircase	13	red	left	aware	1	0
527.760	0.000	trigger_31	31	527760	Trigger-In:31	151	targets_on_fp_color_change	staircase	13	red	left	aware	1	0
528.375	0.000	trigger_201	201	528375	Trigger-In:201	151	trial_end_completed	staircase	13	red	left	aware	1	0
529.445	0.000	trigger_101	101	529445	Trigger-In:101	152	trial_start	absent	70	red	left	aware	1	0
529.545	0.000	trigger_11	11	529545	Trigger-In:11	152	fixation_point_on	absent	70	red	left	aware	1	0
530.150	0.000	trigger_21	21	530150	Trigger-In:21	152	grating_on	absent	70	red	left	aware	1	0
530.200	0.000	trigger_20	20	530200	Trigger-In:20	152	grating_off	absent	70	red	left	aware	1	0
530.800	0.000	trigger_31	31	530800	Trigger-In:31	152	targets_on_fp_color_change	absent	70	red	left	aware	1	0
531.690	0.000	trigger_201	201	531690	Trigger-In:201	152	trial_end_completed	absent	70	red	left	aware	1	0
532.755	0.000	trigger_101	101	532755	Trigger-In:101	153	trial_start	staircase	12	red	right	unaware	1	0
532.860	0.000	trigger_11	11	532860	Trigger-In:11	153	fixation_point_on	staircase	12	red	right	unaware	1	0
533.465	0.000	trigger_21	21	533465	Trigger-In:21	153	grating_on	staircase	12	red	right	unaware	1	0
533.515	0.000	trigger_20	20	533515	Trigger-In:20	153	grating_off	staircase	12	red	right	unaware	1	0
534.115	0.000	trigger_31	31	534115	Trigger-In:31	153	targets_on_fp_color_change	staircase	12	red	right	unaware	1	0
534.890	0.000	trigger_201	201	534890	Trigger-In:201	153	trial_end_completed	staircase	12	red	right	unaware	1	0
535.955	0.000	trigger_101	101	535955	Trigger-In:101	154	trial_start	staircase	13	green	right	aware	1	0
536.060	0.000	trigger_11	11	536060	Trigger-In:11	154	fixation_point_on	staircase	13	green	right	aware	1	0
536.660	0.000	trigger_21	21	536660	Trigger-In:21	154	grating_on	staircase	13	green	right	aware	1	0
536.710	0.000	trigger_20	20	536710	Trigger-In:20	154	grating_off	staircase	13	green	right	aware	1	0
537.315	0.000	trigger_31	31	537315	Trigger-In:31	154	targets_on_fp_color_change	staircase	13	green	right	aware	1	0
538.380	0.000	trigger_201	201	538380	Trigger-In:201	154	trial_end_completed	staircase	13	green	right	aware	1	0
539.450	0.000	trigger_101	101	539450	Trigger-In:101	155	trial_start	staircase	12	red	left	aware	1	0
539.555	0.000	trigger_11	11	539555	Trigger-In:11	155	fixation_point_on	staircase	12	red	left	aware	1	0
540.155	0.000	trigger_21	21	540155	Trigger-In:21	155	grating_on	staircase	12	red	left	aware	1	0
540.210	0.000	trigger_20	20	540210	Trigger-In:20	155	grating_off	staircase	12	red	left	aware	1	0
540.810	0.000	trigger_31	31	540810	Trigger-In:31	155	targets_on_fp_color_change	staircase	12	red	left	aware	1	0
541.460	0.000	trigger_201	201	541460	Trigger-In:201	155	trial_end_completed	staircase	12	red	left	aware	1	0
542.530	0.000	trigger_101	101	542530	Trigger-In:101	156	trial_start	staircase	11	red	right	unaware	1	0
542.635	0.000	trigger_11	11	542635	Trigger-In:11	156	fixation_point_on	staircase	11	red	right	unaware	1	0
543.235	0.000	trigger_21	21	543235	Trigger-In:21	156	grating_on	staircase	11	red	right	unaware	1	0
543.285	0.000	trigger_20	20	543285	Trigger-In:20	156	grating_off	staircase	11	red	right	unaware	1	0
543.885	0.000	trigger_31	31	543885	Trigger-In:31	156	targets_on_fp_color_change	staircase	11	red	right	unaware	1	0
545.075	0.000	trigger_201	201	545075	Trigger-In:201	156	trial_end_completed	staircase	11	red	right	unaware	1	0
546.145	0.000	trigger_101	101	546145	Trigger-In:101	157	trial_start	staircase	12	red	right	unaware	1	0
546.250	0.000	trigger_11	11	546250	Trigger-In:11	157	fixation_point_on	staircase	12	red	right	unaware	1	0
546.850	0.000	trigger_21	21	546850	Trigger-In:21	157	grating_on	staircase	12	red	right	unaware	1	0
546.900	0.000	trigger_20	20	546900	Trigger-In:20	157	grating_off	staircase	12	red	right	unaware	1	0
547.500	0.000	trigger_31	31	547500	Trigger-In:31	157	targets_on_fp_color_change	staircase	12	red	right	unaware	1	0
548.065	0.000	trigger_201	201	548065	Trigger-In:201	157	trial_end_completed	staircase	12	red	right	unaware	1	0
549.130	0.000	trigger_101	101	549130	Trigger-In:101	158	trial_start	staircase	13	red	left	aware	1	0
549.240	0.000	trigger_11	11	549240	Trigger-In:11	158	fixation_point_on	staircase	13	red	left	aware	1	0
549.840	0.000	trigger_21	21	549840	Trigger-In:21	158	grating_on	staircase	13	red	left	aware	1	0
549.890	0.000	trigger_20	20	549890	Trigger-In:20	158	grating_off	staircase	13	red	left	aware	1	0
550.490	0.000	trigger_31	31	550490	Trigger-In:31	158	targets_on_fp_color_change	staircase	13	red	left	aware	1	0
551.230	0.000	trigger_201	201	551230	Trigger-In:201	158	trial_end_completed	staircase	13	red	left	aware	1	0
552.295	0.000	trigger_101	101	552295	Trigger-In:101	159	trial_start	salient	0	green	left	unaware	1	0
552.405	0.000	trigger_11	11	552405	Trigger-In:11	159	fixation_point_on	salient	0	green	left	unaware	1	0
553.005	0.000	trigger_21	21	553005	Trigger-In:21	159	grating_on	salient	0	green	left	unaware	1	0
553.060	0.000	trigger_20	20	553060	Trigger-In:20	159	grating_off	salient	0	green	left	unaware	1	0
553.740	0.000	trigger_31	31	553740	Trigger-In:31	159	targets_on_fp_color_change	salient	0	green	left	unaware	1	0
554.445	0.000	trigger_201	201	554445	Trigger-In:201	159	trial_end_completed	salient	0	green	left	unaware	1	0
555.520	0.000	trigger_101	101	555520	Trigger-In:101	160	trial_start	salient	0	red	right	unaware	1	0
555.625	0.000	trigger_11	11	555625	Trigger-In:11	160	fixation_point_on	salient	0	red	right	unaware	1	0
556.225	0.000	trigger_21	21	556225	Trigger-In:21	160	grating_on	salient	0	red	right	unaware	1	0
556.275	0.000	trigger_20	20	556275	Trigger-In:20	160	grating_off	salient	0	red	right	unaware	1	0
556.875	0.000	trigger_31	31	556875	Trigger-In:31	160	targets_on_fp_color_change	salient	0	red	right	unaware	1	0
557.595	0.000	trigger_201	201	557595	Trigger-In:201	160	trial_end_completed	salient	0	red	right	unaware	1	0
558.660	0.000	trigger_101	101	558660	Trigger-In:101	161	trial_start	staircase	12	green	left	unaware	1	0
558.765	0.000	trigger_11	11	558765	Trigger-In:11	161	fixation_point_on	staircase	12	green	left	unaware	1	0
559.365	0.000	trigger_21	21	559365	Trigger-In:21	161	grating_on	staircase	12	green	left	unaware	1	0
559.415	0.000	trigger_20	20	559415	Trigger-In:20	161	grating_off	staircase	12	green	left	unaware	1	0
560.015	0.000	trigger_31	31	560015	Trigger-In:31	161	targets_on_fp_color_change	staircase	12	green	left	unaware	1	0
560.760	0.000	trigger_201	201	560760	Trigger-In:201	161	trial_end_completed	staircase	12	green	left	unaware	1	0
561.825	0.000	trigger_101	101	561825	Trigger-In:101	162	trial_start	staircase	13	green	left	unaware	1	0
561.930	0.000	trigger_11	11	561930	Trigger-In:11	162	fixation_point_on	staircase	13	green	left	unaware	1	0
562.535	0.000	trigger_21	21	562535	Trigger-In:21	162	grating_on	staircase	13	green	left	unaware	1	0
562.585	0.000	trigger_20	20	562585	Trigger-In:20	162	grating_off	staircase	13	green	left	unaware	1	0
563.185	0.000	trigger_31	31	563185	Trigger-In:31	162	targets_on_fp_color_change	staircase	13	green	left	unaware	1	0
563.785	0.000	trigger_201	201	563785	Trigger-In:201	162	trial_end_completed	staircase	13	green	left	unaware	1	0
564.855	0.000	trigger_101	101	564855	Trigger-In:101	163	trial_start	salient	0	green	left	unaware	1	0
564.955	0.000	trigger_11	11	564955	Trigger-In:11	163	fixation_point_on	salient	0	green	left	unaware	1	0
565.555	0.000	trigger_21	21	565555	Trigger-In:21	163	grating_on	salient	0	green	left	unaware	1	0
565.610	0.000	trigger_20	20	565610	Trigger-In:20	163	grating_off	salient	0	green	left	unaware	1	0
566.210	0.000	trigger_31	31	566210	Trigger-In:31	163	targets_on_fp_color_change	salient	0	green	left	unaware	1	0
566.920	0.000	trigger_201	201	566920	Trigger-In:201	163	trial_end_completed	salient	0	green	left	unaware	1	0
567.990	0.000	trigger_101	101	567990	Trigger-In:101	164	trial_start	staircase	14	green	left	unaware	1	0
568.095	0.000	trigger_11	11	568095	Trigger-In:11	164	fixation_point_on	staircase	14	green	left	unaware	1	0
568.695	0.000	trigger_21	21	568695	Trigger-In:21	164	grating_on	staircase	14	green	left	unaware	1	0
568.745	0.000	trigger_20	20	568745	Trigger-In:20	164	grating_off	staircase	14	green	left	unaware	1	0
569.345	0.000	trigger_31	31	569345	Trigger-In:31	164	targets_on_fp_color_change	staircase	14	green	left	unaware	1	0
570.000	0.000	trigger_201	201	570000	Trigger-In:201	164	trial_end_completed	staircase	14	green	left	unaware	1	0
571.070	0.000	trigger_101	101	571070	Trigger-In:101	165	trial_start	staircase	15	green	right	aware	1	0
571.170	0.000	trigger_11	11	571170	Trigger-In:11	165	fixation_point_on	staircase	15	green	right	aware	1	0
571.775	0.000	trigger_21	21	571775	Trigger-In:21	165	grating_on	staircase	15	green	right	aware	1	0
571.825	0.000	trigger_20	20	571825	Trigger-In:20	165	grating_off	staircase	15	green	right	aware	1	0
572.425	0.000	trigger_31	31	572425	Trigger-In:31	165	targets_on_fp_color_change	staircase	15	green	right	aware	1	0
572.985	0.000	trigger_201	201	572985	Trigger-In:201	165	trial_end_completed	staircase	15	green	right	aware	1	0
574.050	0.000	trigger_101	101	574050	Trigger-In:101	166	trial_start	staircase	14	red	left	aware	1	0
574.155	0.000	trigger_11	11	574155	Trigger-In:11	166	fixation_point_on	staircase	14	red	left	aware	1	0
574.755	0.000	trigger_21	21	574755	Trigger-In:21	166	grating_on	staircase	14	red	left	aware	1	0
574.810	0.000	trigger_20	20	574810	Trigger-In:20	166	grating_off	staircase	14	red	left	aware	1	0
575.410	0.000	trigger_31	31	575410	Trigger-In:31	166	targets_on_fp_color_change	staircase	14	red	left	aware	1	0
575.985	0.000	trigger_201	201	575985	Trigger-In:201	166	trial_end_completed	staircase	14	red	left	aware	1	0
577.055	0.000	trigger_101	101	577055	Trigger-In:101	167	trial_start	salient	0	green	left	unaware	1	0
577.160	0.000	trigger_11	11	577160	Trigger-In:11	167	fixation_point_on	salient	0	green	left	unaware	1	0
577.760	0.000	trigger_21	21	577760	Trigger-In:21	167	grating_on	salient	0	green	left	unaware	1	0
577.810	0.000	trigger_20	20	577810	Trigger-In:20	167	grating_off	salient	0	green	left	unaware	1	0
578.410	0.000	trigger_31	31	578410	Trigger-In:31	167	targets_on_fp_color_change	salient	0	green	left	unaware	1	0
579.170	0.000	trigger_201	201	579170	Trigger-In:201	167	trial_end_completed	salient	0	green	left	unaware	1	0
580.240	0.000	trigger_101	101	580240	Trigger-In:101	168	trial_start	staircase	13	red	left	aware	1	0
580.345	0.000	trigger_11	11	580345	Trigger-In:11	168	fixation_point_on	staircase	13	red	left	aware	1	0
580.945	0.000	trigger_21	21	580945	Trigger-In:21	168	grating_on	staircase	13	red	left	aware	1	0
580.995	0.000	trigger_20	20	580995	Trigger-In:20	168	grating_off	staircase	13	red	left	aware	1	0
581.595	0.000	trigger_31	31	581595	Trigger-In:31	168	targets_on_fp_color_change	staircase	13	red	left	aware	1	0
582.875	0.000	trigger_201	201	582875	Trigger-In:201	168	trial_end_completed	staircase	13	red	left	aware	1	0
583.940	0.000	trigger_101	101	583940	Trigger-In:101	169	trial_start	staircase	12	green	right	aware	1	0
584.045	0.000	trigger_11	11	584045	Trigger-In:11	169	fixation_point_on	staircase	12	green	right	aware	1	0
584.650	0.000	trigger_21	21	584650	Trigger-In:21	169	grating_on	staircase	12	green	right	aware	1	0
584.700	0.000	trigger_20	20	584700	Trigger-In:20	169	grating_off	staircase	12	green	right	aware	1	0
585.300	0.000	trigger_31	31	585300	Trigger-In:31	169	targets_on_fp_color_change	staircase	12	green	right	aware	1	0
586.030	0.000	trigger_201	201	586030	Trigger-In:201	169	trial_end_completed	staircase	12	green	right	aware	1	0
587.100	0.000	trigger_101	101	587100	Trigger-In:101	170	trial_start	staircase	11	green	left	unaware	1	0
587.210	0.000	trigger_11	11	587210	Trigger-In:11	170	fixation_point_on	staircase	11	green	left	unaware	1	0
587.810	0.000	trigger_21	21	587810	Trigger-In:21	170	grating_on	staircase	11	green	left	unaware	1	0
587.860	0.000	trigger_20	20	587860	Trigger-In:20	170	grating_off	staircase	11	green	left	unaware	1	0
588.460	0.000	trigger_31	31	588460	Trigger-In:31	170	targets_on_fp_color_change	staircase	11	green	left	unaware	1	0
589.110	0.000	trigger_201	201	589110	Trigger-In:201	170	trial_end_completed	staircase	11	green	left	unaware	1	0
590.180	0.000	trigger_101	101	590180	Trigger-In:101	171	trial_start	staircase	12	red	left	aware	1	0
590.285	0.000	trigger_11	11	590285	Trigger-In:11	171	fixation_point_on	staircase	12	red	left	aware	1	0
590.890	0.000	trigger_21	21	590890	Trigger-In:21	171	grating_on	staircase	12	red	left	aware	1	0
590.940	0.000	trigger_20	20	590940	Trigger-In:20	171	grating_off	staircase	12	red	left	aware	1	0
591.540	0.000	trigger_31	31	591540	Trigger-In:31	171	targets_on_fp_color_change	staircase	12	red	left	aware	1	0
592.215	0.000	trigger_201	201	592215	Trigger-In:201	171	trial_end_completed	staircase	12	red	left	aware	1	0
593.280	0.000	trigger_101	101	593280	Trigger-In:101	172	trial_start	staircase	11	red	right	unaware	1	0
593.385	0.000	trigger_11	11	593385	Trigger-In:11	172	fixation_point_on	staircase	11	red	right	unaware	1	0
593.990	0.000	trigger_21	21	593990	Trigger-In:21	172	grating_on	staircase	11	red	right	unaware	1	0
594.040	0.000	trigger_20	20	594040	Trigger-In:20	172	grating_off	staircase	11	red	right	unaware	1	0
594.640	0.000	trigger_31	31	594640	Trigger-In:31	172	targets_on_fp_color_change	staircase	11	red	right	unaware	1	0
595.400	0.000	trigger_201	201	595400	Trigger-In:201	172	trial_end_completed	staircase	11	red	right	unaware	1	0
596.470	0.000	trigger_101	101	596470	Trigger-In:101	173	trial_start	absent	70	green	right	aware	1	0
596.575	0.000	trigger_11	11	596575	Trigger-In:11	173	fixation_point_on	absent	70	green	right	aware	1	0
597.175	0.000	trigger_21	21	597175	Trigger-In:21	173	grating_on	absent	70	green	right	aware	1	0
597.225	0.000	trigger_20	20	597225	Trigger-In:20	173	grating_off	absent	70	green	right	aware	1	0
597.825	0.000	trigger_31	31	597825	Trigger-In:31	173	targets_on_fp_color_change	absent	70	green	right	aware	1	0
598.530	0.000	trigger_201	201	598530	Trigger-In:201	173	trial_end_completed	absent	70	green	right	aware	1	0
599.600	0.000	trigger_101	101	599600	Trigger-In:101	174	trial_start	staircase	12	red	left	aware	1	0
599.705	0.000	trigger_11	11	599705	Trigger-In:11	174	fixation_point_on	staircase	12	red	left	aware	1	0
600.305	0.000	trigger_21	21	600305	Trigger-In:21	174	grating_on	staircase	12	red	left	aware	1	0
600.355	0.000	trigger_20	20	600355	Trigger-In:20	174	grating_off	staircase	12	red	left	aware	1	0
600.955	0.000	trigger_31	31	600955	Trigger-In:31	174	targets_on_fp_color_change	staircase	12	red	left	aware	1	0
601.600	0.000	trigger_201	201	601600	Trigger-In:201	174	trial_end_completed	staircase	12	red	left	aware	1	0
602.670	0.000	trigger_101	101	602670	Trigger-In:101	175	trial_start	salient	0	red	right	unaware	1	0
602.905	0.000	trigger_11	11	602905	Trigger-In:11	175	fixation_point_on	salient	0	red	right	unaware	1	0
603.505	0.000	trigger_21	21	603505	Trigger-In:21	175	grating_on	salient	0	red	right	unaware	1	0
603.555	0.000	trigger_20	20	603555	Trigger-In:20	175	grating_off	salient	0	red	right	unaware	1	0
604.155	0.000	trigger_31	31	604155	Trigger-In:31	175	targets_on_fp_color_change	salient	0	red	right	unaware	1	0
604.940	0.000	trigger_201	201	604940	Trigger-In:201	175	trial_end_completed	salient	0	red	right	unaware	1	0
606.005	0.000	trigger_101	101	606005	Trigger-In:101	176	trial_start	staircase	11	red	left	aware	1	0
606.115	0.000	trigger_11	11	606115	Trigger-In:11	176	fixation_point_on	staircase	11	red	left	aware	1	0
606.715	0.000	trigger_21	21	606715	Trigger-In:21	176	grating_on	staircase	11	red	left	aware	1	0
606.765	0.000	trigger_20	20	606765	Trigger-In:20	176	grating_off	staircase	11	red	left	aware	1	0
607.365	0.000	trigger_31	31	607365	Trigger-In:31	176	targets_on_fp_color_change	staircase	11	red	left	aware	1	0
607.915	0.000	trigger_201	201	607915	Trigger-In:201	176	trial_end_completed	staircase	11	red	left	aware	1	0
608.985	0.000	trigger_101	101	608985	Trigger-In:101	177	trial_start	staircase	10	green	left	unaware	1	0
609.090	0.000	trigger_11	11	609090	Trigger-In:11	177	fixation_point_on	staircase	10	green	left	unaware	1	0
609.690	0.000	trigger_21	21	609690	Trigger-In:21	177	grating_on	staircase	10	green	left	unaware	1	0
609.740	0.000	trigger_20	20	609740	Trigger-In:20	177	grating_off	staircase	10	green	left	unaware	1	0
610.340	0.000	trigger_31	31	610340	Trigger-In:31	177	targets_on_fp_color_change	staircase	10	green	left	unaware	1	0
611.225	0.000	trigger_201	201	611225	Trigger-In:201	177	trial_end_completed	staircase	10	green	left	unaware	1	0
612.295	0.000	trigger_101	101	612295	Trigger-In:101	178	trial_start	staircase	11	red	left	aware	1	0
612.400	0.000	trigger_11	11	612400	Trigger-In:11	178	fixation_point_on	staircase	11	red	left	aware	1	0
613.005	0.000	trigger_21	21	613005	Trigger-In:21	178	grating_on	staircase	11	red	left	aware	1	0
613.055	0.000	trigger_20	20	613055	Trigger-In:20	178	grating_off	staircase	11	red	left	aware	1	0
613.655	0.000	trigger_31	31	613655	Trigger-In:31	178	targets_on_fp_color_change	staircase	11	red	left	aware	1	0
614.430	0.000	trigger_201	201	614430	Trigger-In:201	178	trial_end_completed	staircase	11	red	left	aware	1	0
615.500	0.000	trigger_101	101	615500	Trigger-In:101	179	trial_start	staircase	10	green	left	unaware	1	0
615.605	0.000	trigger_11	11	615605	Trigger-In:11	179	fixation_point_on	staircase	10	green	left	unaware	1	0
616.205	0.000	trigger_21	21	616205	Trigger-In:21	179	grating_on	staircase	10	green	left	unaware	1	0
616.260	0.000	trigger_20	20	616260	Trigger-In:20	179	grating_off	staircase	10	green	left	unaware	1	0
616.860	0.000	trigger_31	31	616860	Trigger-In:31	179	targets_on_fp_color_change	staircase	10	green	left	unaware	1	0
617.840	0.000	trigger_201	201	617840	Trigger-In:201	179	trial_end_completed	staircase	10	green	left	unaware	1	0
618.910	0.000	trigger_101	101	618910	Trigger-In:101	180	trial_start	staircase	11	green	left	unaware	1	0
619.015	0.000	trigger_11	11	619015	Trigger-In:11	180	fixation_point_on	staircase	11	green	left	unaware	1	0
619.615	0.000	trigger_21	21	619615	Trigger-In:21	180	grating_on	staircase	11	green	left	unaware	1	0
619.670	0.000	trigger_20	20	619670	Trigger-In:20	180	grating_off	staircase	11	green	left	unaware	1	0
620.270	0.000	trigger_31	31	620270	Trigger-In:31	180	targets_on_fp_color_change	staircase	11	green	left	unaware	1	0
620.940	0.000	trigger_201	201	620940	Trigger-In:201	180	trial_end_completed	staircase	11	green	left	unaware	1	0
