onset	duration	trial_type	value	sample	source_annotation	trial	event_name	stim_presence	contrast	fp_color	response	awareness	trial_complete	fixation_break
54.775	0.000	trigger_101	101	54775	Trigger-In:101	1	trial_start	staircase	20	green	left	unaware	1	0
54.885	0.000	trigger_11	11	54885	Trigger-In:11	1	fixation_point_on	staircase	20	green	left	unaware	1	0
55.490	0.000	trigger_21	21	55490	Trigger-In:21	1	grating_on	staircase	20	green	left	unaware	1	0
55.555	0.000	trigger_20	20	55555	Trigger-In:20	1	grating_off	staircase	20	green	left	unaware	1	0
56.165	0.000	trigger_31	31	56165	Trigger-In:31	1	targets_on_fp_color_change	staircase	20	green	left	unaware	1	0
57.950	0.000	trigger_201	201	57950	Trigger-In:201	1	trial_end_completed	staircase	20	green	left	unaware	1	0
59.240	0.000	trigger_101	101	59240	Trigger-In:101	2	trial_start	staircase	21	red	left	aware	1	0
59.345	0.000	trigger_11	11	59345	Trigger-In:11	2	fixation_point_on	staircase	21	red	left	aware	1	0
59.945	0.000	trigger_21	21	59945	Trigger-In:21	2	grating_on	staircase	21	red	left	aware	1	0
59.995	0.000	trigger_20	20	59995	Trigger-In:20	2	grating_off	staircase	21	red	left	aware	1	0
60.595	0.000	trigger_31	31	60595	Trigger-In:31	2	targets_on_fp_color_change	staircase	21	red	left	aware	1	0
62.095	0.000	trigger_201	201	62095	Trigger-In:201	2	trial_end_completed	staircase	21	red	left	aware	1	0
63.175	0.000	trigger_101	101	63175	Trigger-In:101	3	trial_start	staircase	20	red	left	aware	1	0
63.285	0.000	trigger_11	11	63285	Trigger-In:11	3	fixation_point_on	staircase	20	red	left	aware	1	0
63.885	0.000	trigger_21	21	63885	Trigger-In:21	3	grating_on	staircase	20	red	left	aware	1	0
63.935	0.000	trigger_20	20	63935	Trigger-In:20	3	grating_off	staircase	20	red	left	aware	1	0
64.535	0.000	trigger_31	31	64535	Trigger-In:31	3	targets_on_fp_color_change	staircase	20	red	left	aware	1	0
65.305	0.000	trigger_201	201	65305	Trigger-In:201	3	trial_end_completed	staircase	20	red	left	aware	1	0
66.375	0.000	trigger_101	101	66375	Trigger-In:101	4	trial_start	staircase	19	green	left	unaware	1	0
66.480	0.000	trigger_11	11	66480	Trigger-In:11	4	fixation_point_on	staircase	19	green	left	unaware	1	0
67.080	0.000	trigger_21	21	67080	Trigger-In:21	4	grating_on	staircase	19	green	left	unaware	1	0
67.130	0.000	trigger_20	20	67130	Trigger-In:20	4	grating_off	staircase	19	green	left	unaware	1	0
67.730	0.000	trigger_31	31	67730	Trigger-In:31	4	targets_on_fp_color_change	staircase	19	green	left	unaware	1	0
68.905	0.000	trigger_201	201	68905	Trigger-In:201	4	trial_end_completed	staircase	19	green	left	unaware	1	0
69.975	0.000	trigger_101	101	69975	Trigger-In:101	5	trial_start	staircase	20	red	left	aware	1	0
70.080	0.000	trigger_11	11	70080	Trigger-In:11	5	fixation_point_on	staircase	20	red	left	aware	1	0
70.680	0.000	trigger_21	21	70680	Trigger-In:21	5	grating_on	staircase	20	red	left	aware	1	0
70.730	0.000	trigger_20	20	70730	Trigger-In:20	5	grating_off	staircase	20	red	left	aware	1	0
71.330	0.000	trigger_31	31	71330	Trigger-In:31	5	targets_on_fp_color_change	staircase	20	red	left	aware	1	0
72.770	0.000	trigger_201	201	72770	Trigger-In:201	5	trial_end_completed	staircase	20	red	left	aware	1	0
73.840	0.000	trigger_101	101	73840	Trigger-In:101	6	trial_start	staircase	19	red	left	aware	1	0
73.945	0.000	trigger_11	11	73945	Trigger-In:11	6	fixation_point_on	staircase	19	red	left	aware	1	0
74.545	0.000	trigger_21	21	74545	Trigger-In:21	6	grating_on	staircase	19	red	left	aware	1	0
74.595	0.000	trigger_20	20	74595	Trigger-In:20	6	grating_off	staircase	19	red	left	aware	1	0
75.195	0.000	trigger_31	31	75195	Trigger-In:31	6	targets_on_fp_color_change	staircase	19	red	left	aware	1	0
76.195	0.000	trigger_201	201	76195	Trigger-In:201	6	trial_end_completed	staircase	19	red	left	aware	1	0
77.260	0.000	trigger_101	101	77260	Trigger-In:101	7	trial_start	staircase	18	red	left	aware	1	0
77.655	0.000	trigger_11	11	77655	Trigger-In:11	7	fixation_point_on	staircase	18	red	left	aware	1	0
78.255	0.000	trigger_21	21	78255	Trigger-In:21	7	grating_on	staircase	18	red	left	aware	1	0
78.305	0.000	trigger_20	20	78305	Trigger-In:20	7	grating_off	staircase	18	red	left	aware	1	0
78.910	0.000	trigger_31	31	78910	Trigger-In:31	7	targets_on_fp_color_change	staircase	18	red	left	aware	1	0
80.215	0.000	trigger_201	201	80215	Trigger-In:201	7	trial_end_completed	staircase	18	red	left	aware	1	0
81.280	0.000	trigger_101	101	81280	Trigger-In:101	8	trial_start	staircase	17	green	right	aware	1	0
81.385	0.000	trigger_11	11	81385	Trigger-In:11	8	fixation_point_on	staircase	17	green	right	aware	1	0
81.985	0.000	trigger_21	21	81985	Trigger-In:21	8	grating_on	staircase	17	green	right	aware	1	0
82.035	0.000	trigger_20	20	82035	Trigger-In:20	8	grating_off	staircase	17	green	right	aware	1	0
82.635	0.000	trigger_31	31	82635	Trigger-In:31	8	targets_on_fp_color_change	staircase	17	green	right	aware	1	0
83.320	0.000	trigger_201	201	83320	Trigger-In:201	8	trial_end_completed	staircase	17	green	right	aware	1	0
84.390	0.000	trigger_101	101	84390	Trigger-In:101	9	trial_start	staircase	16	green	right	aware	1	0
84.490	0.000	trigger_11	11	84490	Trigger-In:11	9	fixation_point_on	staircase	16	green	right	aware	1	0
85.095	0.000	trigger_21	21	85095	Trigger-In:21	9	grating_on	staircase	16	green	right	aware	1	0
85.145	0.000	trigger_20	20	85145	Trigger-In:20	9	grating_off	staircase	16	green	right	aware	1	0
85.745	0.000	trigger_31	31	85745	Trigger-In:31	9	targets_on_fp_color_change	staircase	16	green	right	aware	1	0
86.495	0.000	trigger_201	201	86495	Trigger-In:201	9	trial_end_completed	staircase	16	green	right	aware	1	0
87.565	0.000	trigger_101	101	87565	Trigger-In:101	10	trial_start	salient	0	red	right	unaware	1	0
87.665	0.000	trigger_11	11	87665	Trigger-In:11	10	fixation_point_on	salient	0	red	right	unaware	1	0
88.270	0.000	trigger_21	21	88270	Trigger-In:21	10	grating_on	salient	0	red	right	unaware	1	0
88.320	0.000	trigger_20	20	88320	Trigger-In:20	10	grating_off	salient	0	red	right	unaware	1	0
88.920	0.000	trigger_31	31	88920	Trigger-In:31	10	targets_on_fp_color_change	salient	0	red	right	unaware	1	0
90.085	0.000	trigger_201	201	90085	Trigger-In:201	10	trial_end_completed	salient	0	red	right	unaware	1	0
91.150	0.000	trigger_101	101	91150	Trigger-In:101	11	trial_start	salient	0	red	right	unaware	1	0
91.255	0.000	trigger_11	11	91255	Trigger-In:11	11	fixation_point_on	salient	0	red	right	unaware	1	0
91.855	0.000	trigger_21	21	91855	Trigger-In:21	11	grating_on	salient	0	red	right	unaware	1	0
91.905	0.000	trigger_20	20	91905	Trigger-In:20	11	grating_off	salient	0	red	right	unaware	1	0
92.510	0.000	trigger_31	31	92510	Trigger-In:31	11	targets_on_fp_color_change	salient	0	red	right	unaware	1	0
93.340	0.000	trigger_201	201	93340	Trigger-In:201	11	trial_end_completed	salient	0	red	right	unaware	1	0
94.405	0.000	trigger_101	101	94405	Trigger-In:101	12	trial_start	staircase	15	red	left	aware	1	0
94.505	0.000	trigger_11	11	94505	Trigger-In:11	12	fixation_point_on	staircase	15	red	left	aware	1	0
95.110	0.000	trigger_21	21	95110	Trigger-In:21	12	grating_on	staircase	15	red	left	aware	1	0
95.160	0.000	trigger_20	20	95160	Trigger-In:20	12	grating_off	staircase	15	red	left	aware	1	0
95.760	0.000	trigger_31	31	95760	Trigger-In:31	12	targets_on_fp_color_change	staircase	15	red	left	aware	1	0
96.650	0.000	trigger_201	201	96650	Trigger-In:201	12	trial_end_completed	staircase	15	red	left	aware	1	0
97.715	0.000	trigger_101	101	97715	Trigger-In:101	13	trial_start	absent	70	green	right	aware	1	0
97.820	0.000	trigger_11	11	97820	Trigger-In:11	13	fixation_point_on	absent	70	green	right	aware	1	0
98.420	0.000	trigger_21	21	98420	Trigger-In:21	13	grating_on	absent	70	green	right	aware	1	0
98.470	0.000	trigger_20	20	98470	Trigger-In:20	13	grating_off	absent	70	green	right	aware	1	0
99.070	0.000	trigger_31	31	99070	Trigger-In:31	13	targets_on_fp_color_change	absent	70	green	right	aware	1	0
100.305	0.000	trigger_201	201	100305	Trigger-In:201	13	trial_end_completed	absent	70	green	right	aware	1	0
101.370	0.000	trigger_101	101	101370	Trigger-In:101	14	trial_start	salient	0	green	right	aware	1	0
101.475	0.000	trigger_11	11	101475	Trigger-In:11	14	fixation_point_on	salient	0	green	right	aware	1	0
102.075	0.000	trigger_21	21	102075	Trigger-In:21	14	grating_on	salient	0	green	right	aware	1	0
102.125	0.000	trigger_20	20	102125	Trigger-In:20	14	grating_off	salient	0	green	right	aware	1	0
102.730	0.000	trigger_31	31	102730	Trigger-In:31	14	targets_on_fp_color_change	salient	0	green	right	aware	1	0
103.685	0.000	trigger_201	201	103685	Trigger-In:201	14	trial_end_completed	salient	0	green	right	aware	1	0
105.015	0.000	trigger_101	101	105015	Trigger-In:101	15	trial_start	staircase	14	green	left	unaware	1	0
105.115	0.000	trigger_11	11	105115	Trigger-In:11	15	fixation_point_on	staircase	14	green	left	unaware	1	0
105.715	0.000	trigger_21	21	105715	Trigger-In:21	15	grating_on	staircase	14	green	left	unaware	1	0
105.765	0.000	trigger_20	20	105765	Trigger-In:20	15	grating_off	staircase	14	green	left	unaware	1	0
106.370	0.000	trigger_31	31	106370	Trigger-In:31	15	targets_on_fp_color_change	staircase	14	green	left	unaware	1	0
107.885	0.000	trigger_201	201	107885	Trigger-In:201	15	trial_end_completed	staircase	14	green	left	unaware	1	0
108.955	0.000	trigger_101	101	108955	Trigger-In:101	16	trial_start	salient	0	green	left	unaware	1	0
109.055	0.000	trigger_11	11	109055	Trigger-In:11	16	fixation_point_on	salient	0	green	left	unaware	1	0
109.655	0.000	trigger_21	21	109655	Trigger-In:21	16	grating_on	salient	0	green	left	unaware	1	0
109.705	0.000	trigger_20	20	109705	Trigger-In:20	16	grating_off	salient	0	green	left	unaware	1	0
110.305	0.000	trigger_31	31	110305	Trigger-In:31	16	targets_on_fp_color_change	salient	0	green	left	unaware	1	0
111.370	0.000	trigger_201	201	111370	Trigger-In:201	16	trial_end_completed	salient	0	green	left	unaware	1	0
112.440	0.000	trigger_101	101	112440	Trigger-In:101	17	trial_start	staircase	15	red	left	aware	1	0
112.540	0.000	trigger_11	11	112540	Trigger-In:11	17	fixation_point_on	staircase	15	red	left	aware	1	0
113.140	0.000	trigger_21	21	113140	Trigger-In:21	17	grating_on	staircase	15	red	left	aware	1	0
113.190	0.000	trigger_20	20	113190	Trigger-In:20	17	grating_off	staircase	15	red	left	aware	1	0
113.795	0.000	trigger_31	31	113795	Trigger-In:31	17	targets_on_fp_color_change	staircase	15	red	left	aware	1	0
114.780	0.000	trigger_201	201	114780	Trigger-In:201	17	trial_end_completed	staircase	15	red	left	aware	1	0
115.845	0.000	trigger_101	101	115845	Trigger-In:101	18	trial_start	staircase	14	red	right	unaware	1	0
115.945	0.000	trigger_11	11	115945	Trigger-In:11	18	fixation_point_on	staircase	14	red	right	unaware	1	0
116.545	0.000	trigger_21	21	116545	Trigger-In:21	18	grating_on	staircase	14	red	right	unaware	1	0
116.600	0.000	trigger_20	20	116600	Trigger-In:20	18	grating_off	staircase	14	red	right	unaware	1	0
117.200	0.000	trigger_31	31	117200	Trigger-In:31	18	targets_on_fp_color_change	staircase	14	red	right	unaware	1	0
118.845	0.000	trigger_201	201	118845	Trigger-In:201	18	trial_end_completed	staircase	14	red	right	unaware	1	0
119.910	0.000	trigger_101	101	119910	Trigger-In:101	19	trial_start	staircase	15	red	right	unaware	1	0
120.015	0.000	trigger_11	11	120015	Trigger-In:11	19	fixation_point_on	staircase	15	red	right	unaware	1	0
120.615	0.000	trigger_21	21	120615	Trigger-In:21	19	grating_on	staircase	15	red	right	unaware	1	0
120.665	0.000	trigger_20	20	120665	Trigger-In:20	19	grating_off	staircase	15	red	right	unaware	1	0
121.265	0.000	trigger_31	31	121265	Trigger-In:31	19	targets_on_fp_color_change	staircase	15	red	right	unaware	1	0
122.310	0.000	trigger_201	201	122310	Trigger-In:201	19	trial_end_completed	staircase	15	red	right	unaware	1	0
123.380	0.000	trigger_101	101	123380	Trigger-In:101	20	trial_start	absent	70	green	right	aware	1	0
123.480	0.000	trigger_11	11	123480	Trigger-In:11	20	fixation_point_on	absent	70	green	right	aware	1	0
124.085	0.000	trigger_21	21	124085	Trigger-In:21	20	grating_on	absent	70	green	right	aware	1	0
124.135	0.000	trigger_20	20	124135	Trigger-In:20	20	grating_off	absent	70	green	right	aware	1	0
124.735	0.000	trigger_31	31	124735	Trigger-In:31	20	targets_on_fp_color_change	absent	70	green	right	aware	1	0
125.720	0.000	trigger_201	201	125720	Trigger-In:201	20	trial_end_completed	absent	70	green	right	aware	1	0
126.785	0.000	trigger_101	101	126785	Trigger-In:101	21	trial_start	staircase	16	green	right	aware	1	0
126.890	0.000	trigger_11	11	126890	Trigger-In:11	21	fixation_point_on	staircase	16	green	right	aware	1	0
127.490	0.000	trigger_21	21	127490	Trigger-In:21	21	grating_on	staircase	16	green	right	aware	1	0
127.540	0.000	trigger_20	20	127540	Trigger-In:20	21	grating_off	staircase	16	green	right	aware	1	0
128.140	0.000	trigger_31	31	128140	Trigger-In:31	21	targets_on_fp_color_change	staircase	16	green	right	aware	1	0
129.000	0.000	trigger_201	201	129000	Trigger-In:201	21	trial_end_completed	staircase	16	green	right	aware	1	0
130.065	0.000	trigger_101	101	130065	Trigger-In:101	22	trial_start	staircase	15	red	left	aware	1	0
130.170	0.000	trigger_11	11	130170	Trigger-In:11	22	fixation_point_on	staircase	15	red	left	aware	1	0
130.770	0.000	trigger_21	21	130770	Trigger-In:21	22	grating_on	staircase	15	red	left	aware	1	0
130.820	0.000	trigger_20	20	130820	Trigger-In:20	22	grating_off	staircase	15	red	left	aware	1	0
131.420	0.000	trigger_31	31	131420	Trigger-In:31	22	targets_on_fp_color_change	staircase	15	red	left	aware	1	0
132.330	0.000	trigger_201	201	132330	Trigger-In:201	22	trial_end_completed	staircase	15	red	left	aware	1	0
133.395	0.000	trigger_101	101	133395	Trigger-In:101	23	trial_start	absent	70	green	right	aware	1	0
133.500	0.000	trigger_11	11	133500	Trigger-In:11	23	fixation_point_on	absent	70	green	right	aware	1	0
134.100	0.000	trigger_21	21	134100	Trigger-In:21	23	grating_on	absent	70	green	right	aware	1	0
134.150	0.000	trigger_20	20	134150	Trigger-In:20	23	grating_off	absent	70	green	right	aware	1	0
134.750	0.000	trigger_31	31	134750	Trigger-In:31	23	targets_on_fp_color_change	absent	70	green	right	aware	1	0
135.675	0.000	trigger_201	201	135675	Trigger-In:201	23	trial_end_completed	absent	70	green	right	aware	1	0
136.740	0.000	trigger_101	101	136740	Trigger-In:101	24	trial_start	staircase	14	red	left	aware	1	0
136.845	0.000	trigger_11	11	136845	Trigger-In:11	24	fixation_point_on	staircase	14	red	left	aware	1	0
137.445	0.000	trigger_21	21	137445	Trigger-In:21	24	grating_on	staircase	14	red	left	aware	1	0
137.495	0.000	trigger_20	20	137495	Trigger-In:20	24	grating_off	staircase	14	red	left	aware	1	0
138.095	0.000	trigger_31	31	138095	Trigger-In:31	24	targets_on_fp_color_change	staircase	14	red	left	aware	1	0
139.205	0.000	trigger_201	201	139205	Trigger-In:201	24	trial_end_completed	staircase	14	red	left	aware	1	0
140.275	0.000	trigger_101	101	140275	Trigger-In:101	25	trial_start	staircase	13	red	left	aware	1	0
140.380	0.000	trigger_11	11	140380	Trigger-In:11	25	fixation_point_on	staircase	13	red	left	aware	1	0
140.980	0.000	trigger_21	21	140980	Trigger-In:21	25	grating_on	staircase	13	red	left	aware	1	0
141.030	0.000	trigger_20	20	141030	Trigger-In:20	25	grating_off	staircase	13	red	left	aware	1	0
141.630	0.000	trigger_31	31	141630	Trigger-In:31	25	targets_on_fp_color_change	staircase	13	red	left	aware	1	0
143.245	0.000	trigger_201	201	143245	Trigger-In:201	25	trial_end_completed	staircase	13	red	left	aware	1	0
144.315	0.000	trigger_101	101	144315	Trigger-In:101	26	trial_start	staircase	12	green	left	unaware	1	0
144.420	0.000	trigger_11	11	144420	Trigger-In:11	26	fixation_point_on	staircase	12	green	left	unaware	1	0
145.020	0.000	trigger_21	21	145020	Trigger-In:21	26	grating_on	staircase	12	green	left	unaware	1	0
145.070	0.000	trigger_20	20	145070	Trigger-In:20	26	grating_off	staircase	12	green	left	unaware	1	0
145.670	0.000	trigger_31	31	145670	Trigger-In:31	26	targets_on_fp_color_change	staircase	12	green	left	unaware	1	0
146.800	0.000	trigger_201	201	146800	Trigger-In:201	26	trial_end_completed	staircase	12	green	left	unaware	1	0
147.870	0.000	trigger_101	101	147870	Trigger-In:101	27	trial_start	staircase	13	green	right	aware	1	0
147.970	0.000	trigger_11	11	147970	Trigger-In:11	27	fixation_point_on	staircase	13	green	right	aware	1	0
148.570	0.000	trigger_21	21	148570	Trigger-In:21	27	grating_on	staircase	13	green	right	aware	1	0
148.630	0.000	trigger_20	20	148630	Trigger-In:20	27	grating_off	staircase	13	green	right	aware	1	0
149.230	0.000	trigger_31	31	149230	Trigger-In:31	27	targets_on_fp_color_change	staircase	13	green	right	aware	1	0
150.055	0.000	trigger_201	201	150055	Trigger-In:201	27	trial_end_completed	staircase	13	green	right	aware	1	0
151.120	0.000	trigger_101	101	151120	Trigger-In:101	28	trial_start	staircase	12	red	right	unaware	1	0
151.225	0.000	trigger_11	11	151225	Trigger-In:11	28	fixation_point_on	staircase	12	red	right	unaware	1	0
151.825	0.000	trigger_21	21	151825	Trigger-In:21	28	grating_on	staircase	12	red	right	unaware	1	0
151.875	0.000	trigger_20	20	151875	Trigger-In:20	28	grating_off	staircase	12	red	right	unaware	1	0
152.475	0.000	trigger_31	31	152475	Trigger-In:31	28	targets_on_fp_color_change	staircase	12	red	right	unaware	1	0
153.585	0.000	trigger_201	201	153585	Trigger-In:201	28	trial_end_completed	staircase	12	red	right	unaware	1	0
154.650	0.000	trigger_101	101	154650	Trigger-In:101	29	trial_start	staircase	13	green	left	unaware	1	0
154.755	0.000	trigger_11	11	154755	Trigger-In:11	29	fixation_point_on	staircase	13	green	left	unaware	1	0
155.355	0.000	trigger_21	21	155355	Trigger-In:21	29	grating_on	staircase	13	green	left	unaware	1	0
155.405	0.000	trigger_20	20	155405	Trigger-In:20	29	grating_off	staircase	13	green	left	unaware	1	0
156.010	0.000	trigger_31	31	156010	Trigger-In:31	29	targets_on_fp_color_change	staircase	13	green	left	unaware	1	0
157.160	0.000	trigger_201	201	157160	Trigger-In:201	29	trial_end_completed	staircase	13	green	left	unaware	1	0
158.230	0.000	trigger_101	101	158230	Trigger-In:101	30	trial_start	salient	0	red	right	unaware	1	0
158.330	0.000	trigger_11	11	158330	Trigger-In:11	30	fixation_point_on	salient	0	red	right	unaware	1	0
158.935	0.000	trigger_21	21	158935	Trigger-In:21	30	grating_on	salient	0	red	right	unaware	1	0
158.985	0.000	trigger_20	20	158985	Trigger-In:20	30	grating_off	salient	0	red	right	unaware	1	0
159.585	0.000	trigger_31	31	159585	Trigger-In:31	30	targets_on_fp_color_change	salient	0	red	right	unaware	1	0
161.020	0.000	trigger_201	201	161020	Trigger-In:201	30	trial_end_completed	salient	0	red	right	unaware	1	0
162.090	0.000	trigger_101	101	162090	Trigger-In:101	31	trial_start	salient	0	red	right	unaware	1	0
162.190	0.000	trigger_11	11	162190	Trigger-In:11	31	fixation_point_on	salient	0	red	right	unaware	1	0
162.790	0.000	trigger_21	21	162790	Trigger-In:21	31	grating_on	salient	0	red	right	unaware	1	0
162.845	0.000	trigger_20	20	162845	Trigger-In:20	31	grating_off	salient	0	red	right	unaware	1	0
163.445	0.000	trigger_31	31	163445	Trigger-In:31	31	targets_on_fp_color_change	salient	0	red	right	unaware	1	0
164.435	0.000	trigger_201	201	164435	Trigger-In:201	31	trial_end_completed	salient	0	red	right	unaware	1	0
165.500	0.000	trigger_101	101	165500	Trigger-In:101	32	trial_start	salient	0	red	right	unaware	1	0
165.605	0.000	trigger_11	11	165605	Trigger-In:11	32	fixation_point_on	salient	0	red	right	unaware	1	0
166.205	0.000	trigger_21	21	166205	Trigger-In:21	32	grating_on	salient	0	red	right	unaware	1	0
166.255	0.000	trigger_20	20	166255	Trigger-In:20	32	grating_off	salient	0	red	right	unaware	1	0
166.855	0.000	trigger_31	31	166855	Trigger-In:31	32	targets_on_fp_color_change	salient	0	red	right	unaware	1	0
167.790	0.000	trigger_201	201	167790	Trigger-In:201	32	trial_end_completed	salient	0	red	right	unaware	1	0
168.855	0.000	trigger_101	101	168855	Trigger-In:101	33	trial_start	staircase	14	red	left	aware	1	0
168.955	0.000	trigger_11	11	168955	Trigger-In:11	33	fixation_point_on	staircase	14	red	left	aware	1	0
169.555	0.000	trigger_21	21	169555	Trigger-In:21	33	grating_on	staircase	14	red	left	aware	1	0
169.610	0.000	trigger_20	20	169610	Trigger-In:20	33	grating_off	staircase	14	red	left	aware	1	0
170.210	0.000	trigger_31	31	170210	Trigger-In:31	33	targets_on_fp_color_change	staircase	14	red	left	aware	1	0
171.050	0.000	trigger_201	201	171050	Trigger-In:201	33	trial_end_completed	staircase	14	red	left	aware	1	0
172.120	0.000	trigger_101	101	172120	Trigger-In:101	34	trial_start	staircase	13	red	left	aware	1	0
172.220	0.000	trigger_11	11	172220	Trigger-In:11	34	fixation_point_on	staircase	13	red	left	aware	1	0
172.820	0.000	trigger_21	21	172820	Trigger-In:21	34	grating_on	staircase	13	red	left	aware	1	0
172.870	0.000	trigger_20	20	172870	Trigger-In:20	34	grating_off	staircase	13	red	left	aware	1	0
173.475	0.000	trigger_31	31	173475	Trigger-In:31	34	targets_on_fp_color_change	staircase	13	red	left	aware	1	0
174.845	0.000	trigger_201	201	174845	Trigger-In:201	34	trial_end_completed	staircase	13	red	left	aware	1	0
175.915	0.000	trigger_101	101	175915	Trigger-In:101	35	trial_start	staircase	12	green	left	unaware	1	0
176.015	0.000	trigger_11	11	176015	Trigger-In:11	35	fixation_point_on	staircase	12	green	left	unaware	1	0
176.615	0.000	trigger_21	21	176615	Trigger-In:21	35	grating_on	staircase	12	green	left	unaware	1	0
176.665	0.000	trigger_20	20	176665	Trigger-In:20	35	grating_off	staircase	12	green	left	unaware	1	0
177.265	0.000	trigger_31	31	177265	Trigger-In:31	35	targets_on_fp_color_change	staircase	12	green	left	unaware	1	0
178.400	0.000	trigger_201	201	178400	Trigger-In:201	35	trial_end_completed	staircase	12	green	left	unaware	1	0
179.470	0.000	trigger_101	101	179470	Trigger-In:101	36	trial_start	staircase	13	red	left	aware	1	0
179.570	0.000	trigger_11	11	179570	Trigger-In:11	36	fixation_point_on	staircase	13	red	left	aware	1	0
180.170	0.000	trigger_21	21	180170	Trigger-In:21	36	grating_on	staircase	13	red	left	aware	1	0
180.220	0.000	trigger_20	20	180220	Trigger-In:20	36	grating_off	staircase	13	red	left	aware	1	0
180.825	0.000	trigger_31	31	180825	Trigger-In:31	36	targets_on_fp_color_change	staircase	13	red	left	aware	1	0
181.875	0.000	trigger_201	201	181875	Trigger-In:201	36	trial_end_completed	staircase	13	red	left	aware	1	0
182.940	0.000	trigger_101	101	182940	Trigger-In:101	37	trial_start	salient	0	green	left	unaware	1	0
183.045	0.000	trigger_11	11	183045	Trigger-In:11	37	fixation_point_on	salient	0	green	left	unaware	1	0
183.645	0.000	trigger_21	21	183645	Trigger-In:21	37	grating_on	salient	0	green	left	unaware	1	0
183.695	0.000	trigger_20	20	183695	Trigger-In:20	37	grating_off	salient	0	green	left	unaware	1	0
184.295	0.000	trigger_31	31	184295	Trigger-In:31	37	targets_on_fp_color_change	salient	0	green	left	unaware	1	0
185.375	0.000	trigger_201	201	185375	Trigger-In:201	37	trial_end_completed	salient	0	green	left	unaware	1	0
186.440	0.000	trigger_101	101	186440	Trigger-In:101	38	trial_start	staircase	12	red	left	aware	1	0
186.545	0.000	trigger_11	11	186545	Trigger-In:11	38	fixation_point_on	staircase	12	red	left	aware	1	0
187.145	0.000	trigger_21	21	187145	Trigger-In:21	38	grating_on	staircase	12	red	left	aware	1	0
187.195	0.000	trigger_20	20	187195	Trigger-In:20	38	grating_off	staircase	12	red	left	aware	1	0
187.795	0.000	trigger_31	31	187795	Trigger-In:31	38	targets_on_fp_color_change	staircase	12	red	left	aware	1	0
188.935	0.000	trigger_201	201	188935	Trigger-In:201	38	trial_end_completed	staircase	12	red	left	aware	1	0
190.005	0.000	trigger_101	101	190005	Trigger-In:101	39	trial_start	salient	0	red	right	unaware	1	0
190.105	0.000	trigger_11	11	190105	Trigger-In:11	39	fixation_point_on	salient	0	red	right	unaware	1	0
190.710	0.000	trigger_21	21	190710	Trigger-In:21	39	grating_on	salient	0	red	right	unaware	1	0
190.760	0.000	trigger_20	20	190760	Trigger-In:20	39	grating_off	salient	0	red	right	unaware	1	0
191.360	0.000	trigger_31	31	191360	Trigger-In:31	39	targets_on_fp_color_change	salient	0	red	right	unaware	1	0
192.330	0.000	trigger_201	201	192330	Trigger-In:201	39	trial_end_completed	salient	0	red	right	unaware	1	0
193.400	0.000	trigger_101	101	193400	Trigger-In:101	40	trial_start	staircase	11	red	right	unaware	1	0
193.505	0.000	trigger_11	11	193505	Trigger-In:11	40	fixation_point_on	staircase	11	red	right	unaware	1	0
194.105	0.000	trigger_21	21	194105	Trigger-In:21	40	grating_on	staircase	11	red	right	unaware	1	0
194.155	0.000	trigger_20	20	194155	Trigger-In:20	40	grating_off	staircase	11	red	right	unaware	1	0
194.755	0.000	trigger_31	31	194755	Trigger-In:31	40	targets_on_fp_color_change	staircase	11	red	right	unaware	1	0
195.850	0.000	trigger_201	201	195850	Trigger-In:201	40	trial_end_completed	staircase	11	red	right	unaware	1	0
196.915	0.000	trigger_101	101	196915	Trigger-In:101	41	trial_start	absent	70	green	right	aware	1	0
197.020	0.000	trigger_11	11	197020	Trigger-In:11	41	fixation_point_on	absent	70	green	right	aware	1	0
197.620	0.000	trigger_21	21	197620	Trigger-In:21	41	grating_on	absent	70	green	right	aware	1	0
197.670	0.000	trigger_20	20	197670	Trigger-In:20	41	grating_off	absent	70	green	right	aware	1	0
198.270	0.000	trigger_31	31	198270	Trigger-In:31	41	targets_on_fp_color_change	absent	70	green	right	aware	1	0
198.935	0.000	trigger_201	201	198935	Trigger-In:201	41	trial_end_completed	absent	70	green	right	aware	1	0
200.000	0.000	trigger_101	101	200000	Trigger-In:101	42	trial_start	staircase	12	red	n/a	n/a	0	0
200.170	0.000	trigger_11	11	200170	Trigger-In:11	42	fixation_point_on	staircase	12	red	n/a	n/a	0	0
200.770	0.000	trigger_21	21	200770	Trigger-In:21	42	grating_on	staircase	12	red	n/a	n/a	0	0
200.820	0.000	trigger_20	20	200820	Trigger-In:20	42	grating_off	staircase	12	red	n/a	n/a	0	0
201.420	0.000	trigger_31	31	201420	Trigger-In:31	42	targets_on_fp_color_change	staircase	12	red	n/a	n/a	0	0
203.395	0.000	trigger_203	203	203395	Trigger-In:203	42	trial_end_not_completed	staircase	12	red	n/a	n/a	0	0
204.495	0.000	trigger_101	101	204495	Trigger-In:101	43	trial_start	salient	0	green	left	unaware	1	0
204.600	0.000	trigger_11	11	204600	Trigger-In:11	43	fixation_point_on	salient	0	green	left	unaware	1	0
205.200	0.000	trigger_21	21	205200	Trigger-In:21	43	grating_on	salient	0	green	left	unaware	1	0
205.250	0.000	trigger_20	20	205250	Trigger-In:20	43	grating_off	salient	0	green	left	unaware	1	0
205.850	0.000	trigger_31	31	205850	Trigger-In:31	43	targets_on_fp_color_change	salient	0	green	left	unaware	1	0
207.695	0.000	trigger_201	201	207695	Trigger-In:201	43	trial_end_completed	salient	0	green	left	unaware	1	0
208.765	0.000	trigger_101	101	208765	Trigger-In:101	44	trial_start	staircase	12	green	left	unaware	1	0
208.870	0.000	trigger_11	11	208870	Trigger-In:11	44	fixation_point_on	staircase	12	green	left	unaware	1	0
209.470	0.000	trigger_21	21	209470	Trigger-In:21	44	grating_on	staircase	12	green	left	unaware	1	0
209.520	0.000	trigger_20	20	209520	Trigger-In:20	44	grating_off	staircase	12	green	left	unaware	1	0
210.120	0.000	trigger_31	31	210120	Trigger-In:31	44	targets_on_fp_color_change	staircase	12	green	left	unaware	1	0
211.000	0.000	trigger_201	201	211000	Trigger-In:201	44	trial_end_completed	staircase	12	green	left	unaware	1	0
212.065	0.000	trigger_101	101	212065	Trigger-In:101	45	trial_start	salient	0	red	right	unaware	1	0
212.170	0.000	trigger_11	11	212170	Trigger-In:11	45	fixation_point_on	salient	0	red	right	unaware	1	0
212.770	0.000	trigger_21	21	212770	Trigger-In:21	45	grating_on	salient	0	red	right	unaware	1	0
212.820	0.000	trigger_20	20	212820	Trigger-In:20	45	grating_off	salient	0	red	right	unaware	1	0
213.420	0.000	trigger_31	31	213420	Trigger-In:31	45	targets_on_fp_color_change	salient	0	red	right	unaware	1	0
214.870	0.000	trigger_201	201	214870	Trigger-In:201	45	trial_end_completed	salient	0	red	right	unaware	1	0
215.940	0.000	trigger_101	101	215940	Trigger-In:101	46	trial_start	staircase	13	green	left	unaware	1	0
216.040	0.000	trigger_11	11	216040	Trigger-In:11	46	fixation_point_on	staircase	13	green	left	unaware	1	0
216.645	0.000	trigger_21	21	216645	Trigger-In:21	46	grating_on	staircase	13	green	left	unaware	1	0
216.695	0.000	trigger_20	20	216695	Trigger-In:20	46	grating_off	staircase	13	green	left	unaware	1	0
217.295	0.000	trigger_31	31	217295	Trigger-In:31	46	targets_on_fp_color_change	staircase	13	green	left	unaware	1	0
218.465	0.000	trigger_201	201	218465	Trigger-In:201	46	trial_end_completed	staircase	13	green	left	unaware	1	0
219.530	0.000	trigger_101	101	219530	Trigger-In:101	47	trial_start	staircase	14	green	left	unaware	1	0
219.635	0.000	trigger_11	11	219635	Trigger-In:11	47	fixation_point_on	staircase	14	green	left	unaware	1	0
220.235	0.000	trigger_21	21	220235	Trigger-In:21	47	grating_on	staircase	14	green	left	unaware	1	0
220.285	0.000	trigger_20	20	220285	Trigger-In:20	47	grating_off	staircase	14	green	left	unaware	1	0
220.885	0.000	trigger_31	31	220885	Trigger-In:31	47	targets_on_fp_color_change	staircase	14	green	left	unaware	1	0
221.890	0.000	trigger_201	201	221890	Trigger-In:201	47	trial_end_completed	staircase	14	green	left	unaware	1	0
222.955	0.000	trigger_101	101	222955	Trigger-In:101	48	trial_start	staircase	15	red	right	unaware	1	0
223.060	0.000	trigger_11	11	223060	Trigger-In:11	48	fixation_point_on	staircase	15	red	right	unaware	1	0
223.660	0.000	trigger_21	21	223660	Trigger-In:21	48	grating_on	staircase	15	red	right	unaware	1	0
223.710	0.000	trigger_20	20	223710	Trigger-In:20	48	grating_off	staircase	15	red	right	unaware	1	0
224.310	0.000	trigger_31	31	224310	Trigger-In:31	48	targets_on_fp_color_change	staircase	15	red	right	unaware	1	0
225.490	0.000	trigger_201	201	225490	Trigger-In:201	48	trial_end_completed	staircase	15	red	right	unaware	1	0
226.560	0.000	trigger_101	101	226560	Trigger-In:101	49	trial_start	staircase	16	red	left	aware	1	0
226.660	0.000	trigger_11	11	226660	Trigger-In:11	49	fixation_point_on	staircase	16	red	left	aware	1	0
227.260	0.000	trigger_21	21	227260	Trigger-In:21	49	grating_on	staircase	16	red	left	aware	1	0
227.310	0.000	trigger_20	20	227310	Trigger-In:20	49	grating_off	staircase	16	red	left	aware	1	0
227.915	0.000	trigger_31	31	227915	Trigger-In:31	49	targets_on_fp_color_change	staircase	16	red	left	aware	1	0
228.955	0.000	trigger_201	201	228955	Trigger-In:201	49	trial_end_completed	staircase	16	red	left	aware	1	0
230.020	0.000	trigger_101	101	230020	Trigger-In:101	50	trial_start	staircase	15	red	right	unaware	1	0
230.125	0.000	trigger_11	11	230125	Trigger-In:11	50	fixation_point_on	staircase	15	red	right	unaware	1	0
230.725	0.000	trigger_21	21	230725	Trigger-In:21	50	grating_on	staircase	15	red	right	unaware	1	0
230.780	0.000	trigger_20	20	230780	Trigger-In:20	50	grating_off	staircase	15	red	right	unaware	1	0
231.380	0.000	trigger_31	31	231380	Trigger-In:31	50	targets_on_fp_color_change	staircase	15	red	right	unaware	1	0
232.630	0.000	trigger_201	201	232630	Trigger-In:201	50	trial_end_completed	staircase	15	red	right	unaware	1	0
233.700	0.000	trigger_101	101	233700	Trigger-In:101	51	trial_start	salient	0	green	left	unaware	1	0
233.805	0.000	trigger_11	11	233805	Trigger-In:11	51	fixation_point_on	salient	0	green	left	unaware	1	0
234.405	0.000	trigger_21	21	234405	Trigger-In:21	51	grating_on	salient	0	green	left	unaware	1	0
234.455	0.000	trigger_20	20	234455	Trigger-In:20	51	grating_off	salient	0	green	left	unaware	1	0
235.055	0.000	trigger_31	31	235055	Trigger-In:31	51	targets_on_fp_color_change	salient	0	green	left	unaware	1	0
236.150	0.000	trigger_201	201	236150	Trigger-In:201	51	trial_end_completed	salient	0	green	left	unaware	1	0
237.215	0.000	trigger_101	101	237215	Trigger-In:101	52	trial_start	salient	0	red	right	unaware	1	0
237.320	0.000	trigger_11	11	237320	Trigger-In:11	52	fixation_point_on	salient	0	red	right	unaware	1	0
237.920	0.000	trigger_21	21	237920	Trigger-In:21	52	grating_on	salient	0	red	right	unaware	1	0
237.970	0.000	trigger_20	20	237970	Trigger-In:20	52	grating_off	salient	0	red	right	unaware	1	0
238.570	0.000	trigger_31	31	238570	Trigger-In:31	52	targets_on_fp_color_change	salient	0	red	right	unaware	1	0
240.275	0.000	trigger_201	201	240275	Trigger-In:201	52	trial_end_completed	salient	0	red	right	unaware	1	0
241.340	0.000	trigger_101	101	241340	Trigger-In:101	53	trial_start	staircase	16	red	left	aware	1	0
241.440	0.000	trigger_11	11	241440	Trigger-In:11	53	fixation_point_on	staircase	16	red	left	aware	1	0
242.045	0.000	trigger_21	21	242045	Trigger-In:21	53	grating_on	staircase	16	red	left	aware	1	0
242.095	0.000	trigger_20	20	242095	Trigger-In:20	53	grating_off	staircase	16	red	left	aware	1	0
242.695	0.000	trigger_31	31	242695	Trigger-In:31	53	targets_on_fp_color_change	staircase	16	red	left	aware	1	0
244.055	0.000	trigger_201	201	244055	Trigger-In:201	53	trial_end_completed	staircase	16	red	left	aware	1	0
245.120	0.000	trigger_101	101	245120	Trigger-In:101	54	trial_start	staircase	15	green	right	aware	1	0
245.230	0.000	trigger_11	11	245230	Trigger-In:11	54	fixation_point_on	staircase	15	green	right	aware	1	0
245.830	0.000	trigger_21	21	245830	Trigger-In:21	54	grating_on	staircase	15	green	right	aware	1	0
245.880	0.000	trigger_20	20	245880	Trigger-In:20	54	grating_off	staircase	15	green	right	aware	1	0
246.480	0.000	trigger_31	31	246480	Trigger-In:31	54	targets_on_fp_color_change	staircase	15	green	right	aware	1	0
247.575	0.000	trigger_201	201	247575	Trigger-In:201	54	trial_end_completed	staircase	15	green	right	aware	1	0
248.645	0.000	trigger_101	101	248645	Trigger-In:101	55	trial_start	staircase	14	red	right	unaware	1	0
248.745	0.000	trigger_11	11	248745	Trigger-In:11	55	fixation_point_on	staircase	14	red	right	unaware	1	0
249.345	0.000	trigger_21	21	249345	Trigger-In:21	55	grating_on	staircase	14	red	right	unaware	1	0
249.395	0.000	trigger_20	20	249395	Trigger-In:20	55	grating_off	staircase	14	red	right	unaware	1	0
249.995	0.000	trigger_31	31	249995	Trigger-In:31	55	targets_on_fp_color_change	staircase	14	red	right	unaware	1	0
251.375	0.000	trigger_201	201	251375	Trigger-In:201	55	trial_end_completed	staircase	14	red	right	unaware	1	0
252.440	0.000	trigger_101	101	252440	Trigger-In:101	56	trial_start	salient	0	green	left	unaware	1	0
252.545	0.000	trigger_11	11	252545	Trigger-In:11	56	fixation_point_on	salient	0	green	left	unaware	1	0
253.145	0.000	trigger_21	21	253145	Trigger-In:21	56	grating_on	salient	0	green	left	unaware	1	0
253.200	0.000	trigger_20	20	253200	Trigger-In:20	56	grating_off	salient	0	green	left	unaware	1	0
253.800	0.000	trigger_31	31	253800	Trigger-In:31	56	targets_on_fp_color_change	salient	0	green	left	unaware	1	0
255.310	0.000	trigger_201	201	255310	Trigger-In:201	56	trial_end_completed	salient	0	green	left	unaware	1	0
256.375	0.000	trigger_101	101	256375	Trigger-In:101	57	trial_start	staircase	15	green	left	unaware	1	0
256.480	0.000	trigger_11	11	256480	Trigger-In:11	57	fixation_point_on	staircase	15	green	left	unaware	1	0
257.080	0.000	trigger_21	21	257080	Trigger-In:21	57	grating_on	staircase	15	green	left	unaware	1	0
257.130	0.000	trigger_20	20	257130	Trigger-In:20	57	grating_off	staircase	15	green	left	unaware	1	0
257.730	0.000	trigger_31	31	257730	Trigger-In:31	57	targets_on_fp_color_change	staircase	15	green	left	unaware	1	0
259.330	0.000	trigger_201	201	259330	Trigger-In:201	57	trial_end_completed	staircase	15	green	left	unaware	1	0
260.395	0.000	trigger_101	101	260395	Trigger-In:101	58	trial_start	staircase	16	green	right	aware	1	0
260.500	0.000	trigger_11	11	260500	Trigger-In:11	58	fixation_point_on	staircase	16	green	right	aware	1	0
261.100	0.000	trigger_21	21	261100	Trigger-In:21	58	grating_on	staircase	16	green	right	aware	1	0
261.150	0.000	trigger_20	20	261150	Trigger-In:20	58	grating_off	staircase	16	green	right	aware	1	0
261.750	0.000	trigger_31	31	261750	Trigger-In:31	58	targets_on_fp_color_change	staircase	16	green	right	aware	1	0
262.820	0.000	trigger_201	201	262820	Trigger-In:201	58	trial_end_completed	staircase	16	green	right	aware	1	0
263.885	0.000	trigger_101	101	263885	Trigger-In:101	59	trial_start	staircase	15	red	left	aware	1	0
263.990	0.000	trigger_11	11	263990	Trigger-In:11	59	fixation_point_on	staircase	15	red	left	aware	1	0
264.590	0.000	trigger_21	21	264590	Trigger-In:21	59	grating_on	staircase	15	red	left	aware	1	0
264.640	0.000	trigger_20	20	264640	Trigger-In:20	59	grating_off	staircase	15	red	left	aware	1	0
265.240	0.000	trigger_31	31	265240	Trigger-In:31	59	targets_on_fp_color_change	staircase	15	red	left	aware	1	0
266.630	0.000	trigger_201	201	266630	Trigger-In:201	59	trial_end_completed	staircase	15	red	left	aware	1	0
267.700	0.000	trigger_101	101	267700	Trigger-In:101	60	trial_start	staircase	14	green	right	aware	1	0
267.805	0.000	trigger_11	11	267805	Trigger-In:11	60	fixation_point_on	staircase	14	green	right	aware	1	0
268.405	0.000	trigger_21	21	268405	Trigger-In:21	60	grating_on	staircase	14	green	right	aware	1	0
268.455	0.000	trigger_20	20	268455	Trigger-In:20	60	grating_off	staircase	14	green	right	aware	1	0
269.055	0.000	trigger_31	31	269055	Trigger-In:31	60	targets_on_fp_color_change	staircase	14	green	right	aware	1	0
270.015	0.000	trigger_201	201	270015	Trigger-In:201	60	trial_end_completed	staircase	14	green	right	aware	1	0
271.085	0.000	trigger_101	101	271085	Trigger-In:101	61	trial_start	absent	70	green	right	aware	1	0
271.190	0.000	trigger_11	11	271190	Trigger-In:11	61	fixation_point_on	absent	70	green	right	aware	1	0
271.790	0.000	trigger_21	21	271790	Trigger-In:21	61	grating_on	absent	70	green	right	aware	1	0
271.840	0.000	trigger_20	20	271840	Trigger-In:20	61	grating_off	absent	70	green	right	aware	1	0
272.440	0.000	trigger_31	31	272440	Trigger-In:31	61	targets_on_fp_color_change	absent	70	green	right	aware	1	0
273.160	0.000	trigger_201	201	273160	Trigger-In:201	61	trial_end_completed	absent	70	green	right	aware	1	0
274.230	0.000	trigger_101	101	274230	Trigger-In:101	62	trial_start	salient	0	red	right	unaware	1	0
274.330	0.000	trigger_11	11	274330	Trigger-In:11	62	fixation_point_on	salient	0	red	right	unaware	1	0
274.930	0.000	trigger_21	21	274930	Trigger-In:21	62	grating_on	salient	0	red	right	unaware	1	0
274.980	0.000	trigger_20	20	274980	Trigger-In:20	62	grating_off	salient	0	red	right	unaware	1	0
275.580	0.000	trigger_31	31	275580	Trigger-In:31	62	targets_on_fp_color_change	salient	0	red	right	unaware	1	0
277.345	0.000	trigger_201	201	277345	Trigger-In:201	62	trial_end_completed	salient	0	red	right	unaware	1	0
278.410	0.000	trigger_101	101	278410	Trigger-In:101	63	trial_start	staircase	13	green	left	unaware	1	0
278.515	0.000	trigger_11	11	278515	Trigger-In:11	63	fixation_point_on	staircase	13	green	left	unaware	1	0
279.115	0.000	trigger_21	21	279115	Trigger-In:21	63	grating_on	staircase	13	green	left	unaware	1	0
279.165	0.000	trigger_20	20	279165	Trigger-In:20	63	grating_off	staircase	13	green	left	unaware	1	0
279.765	0.000	trigger_31	31	279765	Trigger-In:31	63	targets_on_fp_color_change	staircase	13	green	left	unaware	1	0
280.890	0.000	trigger_201	201	280890	Trigger-In:201	63	trial_end_completed	staircase	13	green	left	unaware	1	0
281.960	0.000	trigger_101	101	281960	Trigger-In:101	64	trial_start	absent	70	red	left	aware	1	0
282.060	0.000	trigger_11	11	282060	Trigger-In:11	64	fixation_point_on	absent	70	red	left	aware	1	0
282.660	0.000	trigger_21	21	282660	Trigger-In:21	64	grating_on	absent	70	red	left	aware	1	0
282.715	0.000	trigger_20	20	282715	Trigger-In:20	64	grating_off	absent	70	red	left	aware	1	0
283.315	0.000	trigger_31	31	283315	Trigger-In:31	64	targets_on_fp_color_change	absent	70	red	left	aware	1	0
284.620	0.000	trigger_201	201	284620	Trigger-In:201	64	trial_end_completed	absent	70	red	left	aware	1	0
285.690	0.000	trigger_101	101	285690	Trigger-In:101	65	trial_start	staircase	14	green	left	unaware	1	0
285.795	0.000	trigger_11	11	285795	Trigger-In:11	65	fixation_point_on	staircase	14	green	left	unaware	1	0
286.395	0.000	trigger_21	21	286395	Trigger-In:21	65	grating_on	staircase	14	green	left	unaware	1	0
286.445	0.000	trigger_20	20	286445	Trigger-In:20	65	grating_off	staircase	14	green	left	unaware	1	0
287.045	0.000	trigger_31	31	287045	Trigger-In:31	65	targets_on_fp_color_change	staircase	14	green	left	unaware	1	0
288.505	0.000	trigger_201	201	288505	Trigger-In:201	65	trial_end_completed	staircase	14	green	left	unaware	1	0
289.570	0.000	trigger_101	101	289570	Trigger-In:101	66	trial_start	salient	0	red	right	unaware	1	0
289.675	0.000	trigger_11	11	289675	Trigger-In:11	66	fixation_point_on	salient	0	red	right	unaware	1	0
290.275	0.000	trigger_21	21	290275	Trigger-In:21	66	grating_on	salient	0	red	right	unaware	1	0
290.325	0.000	trigger_20	20	290325	Trigger-In:20	66	grating_off	salient	0	red	right	unaware	1	0
290.925	0.000	trigger_31	31	290925	Trigger-In:31	66	targets_on_fp_color_change	salient	0	red	right	unaware	1	0
291.890	0.000	trigger_201	201	291890	Trigger-In:201	66	trial_end_completed	salient	0	red	right	unaware	1	0
292.960	0.000	trigger_101	101	292960	Trigger-In:101	67	trial_start	salient	0	green	left	unaware	1	0
293.060	0.000	trigger_11	11	293060	Trigger-In:11	67	fixation_point_on	salient	0	green	left	unaware	1	0
293.660	0.000	trigger_21	21	293660	Trigger-In:21	67	grating_on	salient	0	green	left	unaware	1	0
293.710	0.000	trigger_20	20	293710	Trigger-In:20	67	grating_off	salient	0	green	left	unaware	1	0
294.315	0.000	trigger_31	31	294315	Trigger-In:31	67	targets_on_fp_color_change	salient	0	green	left	unaware	1	0
295.670	0.000	trigger_201	201	295670	Trigger-In:201	67	trial_end_completed	salient	0	green	left	unaware	1	0
296.740	0.000	trigger_101	101	296740	Trigger-In:101	68	trial_start	staircase	15	red	left	aware	1	0
296.845	0.000	trigger_11	11	296845	Trigger-In:11	68	fixation_point_on	staircase	15	red	left	aware	1	0
297.445	0.000	trigger_21	21	297445	Trigger-In:21	68	grating_on	staircase	15	red	left	aware	1	0
297.495	0.000	trigger_20	20	297495	Trigger-In:20	68	grating_off	staircase	15	red	left	aware	1	0
298.095	0.000	trigger_31	31	298095	Trigger-In:31	68	targets_on_fp_color_change	staircase	15	red	left	aware	1	0
299.115	0.000	trigger_201	201	299115	Trigger-In:201	68	trial_end_completed	staircase	15	red	left	aware	1	0
300.185	0.000	trigger_101	101	300185	Trigger-In:101	69	trial_start	staircase	14	green	left	unaware	1	0
300.290	0.000	trigger_11	11	300290	Trigger-In:11	69	fixation_point_on	staircase	14	green	left	unaware	1	0
300.890	0.000	trigger_21	21	300890	Trigger-In:21	69	grating_on	staircase	14	green	left	unaware	1	0
300.940	0.000	trigger_20	20	300940	Trigger-In:20	69	grating_off	staircase	14	green	left	unaware	1	0
301.540	0.000	trigger_31	31	301540	Trigger-In:31	69	targets_on_fp_color_change	staircase	14	green	left	unaware	1	0
302.845	0.000	trigger_201	201	302845	Trigger-In:201	69	trial_end_completed	staircase	14	green	left	unaware	1	0
303.915	0.000	trigger_101	101	303915	Trigger-In:101	70	trial_start	staircase	15	green	left	unaware	1	0
304.020	0.000	trigger_11	11	304020	Trigger-In:11	70	fixation_point_on	staircase	15	green	left	unaware	1	0
304.620	0.000	trigger_21	21	304620	Trigger-In:21	70	grating_on	staircase	15	green	left	unaware	1	0
304.670	0.000	trigger_20	20	304670	Trigger-In:20	70	grating_off	staircase	15	green	left	unaware	1	0
305.270	0.000	trigger_31	31	305270	Trigger-In:31	70	targets_on_fp_color_change	staircase	15	green	left	unaware	1	0
306.430	0.000	trigger_201	201	306430	Trigger-In:201	70	trial_end_completed	staircase	15	green	left	unaware	1	0
307.500	0.000	trigger_101	101	307500	Trigger-In:101	71	trial_start	salient	0	green	left	unaware	1	0
307.605	0.000	trigger_11	11	307605	Trigger-In:11	71	fixation_point_on	salient	0	green	left	unaware	1	0
308.205	0.000	trigger_21	21	308205	Trigger-In:21	71	grating_on	salient	0	green	left	unaware	1	0
308.255	0.000	trigger_20	20	308255	Trigger-In:20	71	grating_off	salient	0	green	left	unaware	1	0
308.855	0.000	trigger_31	31	308855	Trigger-In:31	71	targets_on_fp_color_change	salient	0	green	left	unaware	1	0
309.815	0.000	trigger_201	201	309815	Trigger-In:201	71	trial_end_completed	salient	0	green	left	unaware	1	0
310.885	0.000	trigger_101	101	310885	Trigger-In:101	72	trial_start	absent	70	green	right	aware	1	0
310.990	0.000	trigger_11	11	310990	Trigger-In:11	72	fixation_point_on	absent	70	green	right	aware	1	0
311.590	0.000	trigger_21	21	311590	Trigger-In:21	72	grating_on	absent	70	green	right	aware	1	0
311.640	0.000	trigger_20	20	311640	Trigger-In:20	72	grating_off	absent	70	green	right	aware	1	0
312.245	0.000	trigger_31	31	312245	Trigger-In:31	72	targets_on_fp_color_change	absent	70	green	right	aware	1	0
312.970	0.000	trigger_201	201	312970	Trigger-In:201	72	trial_end_completed	absent	70	green	right	aware	1	0
314.040	0.000	trigger_101	101	314040	Trigger-In:101	73	trial_start	staircase	16	green	right	aware	1	0
314.140	0.000	trigger_11	11	314140	Trigger-In:11	73	fixation_point_on	staircase	16	green	right	aware	1	0
314.740	0.000	trigger_21	21	314740	Trigger-In:21	73	grating_on	staircase	16	green	right	aware	1	0
314.790	0.000	trigger_20	20	314790	Trigger-In:20	73	grating_off	staircase	16	green	right	aware	1	0
315.395	0.000	trigger_31	31	315395	Trigger-In:31	73	targets_on_fp_color_change	staircase	16	green	right	aware	1	0
316.155	0.000	trigger_201	201	316155	Trigger-In:201	73	trial_end_completed	staircase	16	green	right	aware	1	0
317.220	0.000	trigger_101	101	317220	Trigger-In:101	74	trial_start	salient	0	red	right	unaware	1	0
317.325	0.000	trigger_11	11	317325	Trigger-In:11	74	fixation_point_on	salient	0	red	right	unaware	1	0
317.925	0.000	trigger_21	21	317925	Trigger-In:21	74	grating_on	salient	0	red	right	unaware	1	0
317.980	0.000	trigger_20	20	317980	Trigger-In:20	74	grating_off	salient	0	red	right	unaware	1	0
318.580	0.000	trigger_31	31	318580	Trigger-In:31	74	targets_on_fp_color_change	salient	0	red	right	unaware	1	0
319.845	0.000	trigger_201	201	319845	Trigger-In:201	74	trial_end_completed	salient	0	red	right	unaware	1	0
320.910	0.000	trigger_101	101	320910	Trigger-In:101	75	trial_start	staircase	15	green	right	aware	1	0
321.015	0.000	trigger_11	11	321015	Trigger-In:11	75	fixation_point_on	staircase	15	green	right	aware	1	0
321.615	0.000	trigger_21	21	321615	Trigger-In:21	75	grating_on	staircase	15	green	right	aware	1	0
321.665	0.000	trigger_20	20	321665	Trigger-In:20	75	grating_off	staircase	15	green	right	aware	1	0
322.265	0.000	trigger_31	31	322265	Trigger-In:31	75	targets_on_fp_color_change	staircase	15	green	right	aware	1	0
323.215	0.000	trigger_201	201	323215	Trigger-In:201	75	trial_end_completed	staircase	15	green	right	aware	1	0
324.285	0.000	trigger_101	101	324285	Trigger-In:101	76	trial_start	staircase	14	green	left	unaware	1	0
324.390	0.000	trigger_11	11	324390	Trigger-In:11	76	fixation_point_on	staircase	14	green	left	unaware	1	0
324.990	0.000	trigger_21	21	324990	Trigger-In:21	76	grating_on	staircase	14	green	left	unaware	1	0
325.040	0.000	trigger_20	20	325040	Trigger-In:20	76	grating_off	staircase	14	green	left	unaware	1	0
325.640	0.000	trigger_31	31	325640	Trigger-In:31	76	targets_on_fp_color_change	staircase	14	green	left	unaware	1	0
326.900	0.000	trigger_201	201	326900	Trigger-In:201	76	trial_end_completed	staircase	14	green	left	unaware	1	0
327.970	0.000	trigger_101	101	327970	Trigger-In:101	77	trial_start	staircase	15	red	left	aware	1	0
328.075	0.000	trigger_11	11	328075	Trigger-In:11	77	fixation_point_on	staircase	15	red	left	aware	1	0
328.675	0.000	trigger_21	21	328675	Trigger-In:21	77	grating_on	staircase	15	red	left	aware	1	0
328.725	0.000	trigger_20	20	328725	Trigger-In:20	77	grating_off	staircase	15	red	left	aware	1	0
329.325	0.000	trigger_31	31	329325	Trigger-In:31	77	targets_on_fp_color_change	staircase	15	red	left	aware	1	0
330.635	0.000	trigger_201	201	330635	Trigger-In:201	77	trial_end_completed	staircase	15	red	left	aware	1	0
331.705	0.000	trigger_101	101	331705	Trigger-In:101	78	trial_start	staircase	14	green	left	unaware	1	0
331.810	0.000	trigger_11	11	331810	Trigger-In:11	78	fixation_point_on	staircase	14	green	left	unaware	1	0
332.410	0.000	trigger_21	21	332410	Trigger-In:21	78	grating_on	staircase	14	green	left	unaware	1	0
332.460	0.000	trigger_20	20	332460	Trigger-In:20	78	grating_off	staircase	14	green	left	unaware	1	0
333.060	0.000	trigger_31	31	333060	Trigger-In:31	78	targets_on_fp_color_change	staircase	14	green	left	unaware	1	0
334.275	0.000	trigger_201	201	334275	Trigger-In:201	78	trial_end_completed	staircase	14	green	left	unaware	1	0
335.340	0.000	trigger_101	101	335340	Trigger-In:101	79	trial_start	staircase	15	green	left	unaware	1	0
335.445	0.000	trigger_11	11	335445	Trigger-In:11	79	fixation_point_on	staircase	15	green	left	unaware	1	0
336.045	0.000	trigger_21	21	336045	Trigger-In:21	79	grating_on	staircase	15	green	left	unaware	1	0
336.095	0.000	trigger_20	20	336095	Trigger-In:20	79	grating_off	staircase	15	green	left	unaware	1	0
336.700	0.000	trigger_31	31	336700	Trigger-In:31	79	targets_on_fp_color_change	staircase	15	green	left	unaware	1	0
337.655	0.000	trigger_201	201	337655	Trigger-In:201	79	trial_end_completed	staircase	15	green	left	unaware	1	0
338.725	0.000	trigger_101	101	338725	Trigger-In:101	80	trial_start	absent	70	red	left	aware	1	0
338.830	0.000	trigger_11	11	338830	Trigger-In:11	80	fixation_point_on	absent	70	red	left	aware	1	0
339.430	0.000	trigger_21	21	339430	Trigger-In:21	80	grating_on	absent	70	red	left	aware	1	0
339.480	0.000	trigger_20	20	339480	Trigger-In:20	80	grating_off	absent	70	red	left	aware	1	0
340.080	0.000	trigger_31	31	340080	Trigger-In:31	80	targets_on_fp_color_change	absent	70	red	left	aware	1	0
341.125	0.000	trigger_201	201	341125	Trigger-In:201	80	trial_end_completed	absent	70	red	left	aware	1	0
342.195	0.000	trigger_101	101	342195	Trigger-In:101	81	trial_start	absent	70	red	left	aware	1	0
342.300	0.000	trigger_11	11	342300	Trigger-In:11	81	fixation_point_on	absent	70	red	left	aware	1	0
342.900	0.000	trigger_21	21	342900	Trigger-In:21	81	grating_on	absent	70	red	left	aware	1	0
342.950	0.000	trigger_20	20	342950	Trigger-In:20	81	grating_off	absent	70	red	left	aware	1	0
343.550	0.000	trigger_31	31	343550	Trigger-In:31	81	targets_on_fp_color_change	absent	70	red	left	aware	1	0
344.525	0.000	trigger_201	201	344525	Trigger-In:201	81	trial_end_completed	absent	70	red	left	aware	1	0
345.590	0.000	trigger_101	101	345590	Trigger-In:101	82	trial_start	staircase	16	green	left	unaware	1	0
345.695	0.000	trigger_11	11	345695	Trigger-In:11	82	fixation_point_on	staircase	16	green	left	unaware	1	0
346.295	0.000	trigger_21	21	346295	Trigger-In:21	82	grating_on	staircase	16	green	left	unaware	1	0
346.350	0.000	trigger_20	20	346350	Trigger-In:20	82	grating_off	staircase	16	green	left	unaware	1	0
346.950	0.000	trigger_31	31	346950	Trigger-In:31	82	targets_on_fp_color_change	staircase	16	green	left	unaware	1	0
348.385	0.000	trigger_201	201	348385	Trigger-In:201	82	trial_end_completed	staircase	16	green	left	unaware	1	0
349.450	0.000	trigger_101	101	349450	Trigger-In:101	83	trial_start	staircase	17	green	left	unaware	1	0
349.555	0.000	trigger_11	11	349555	Trigger-In:11	83	fixation_point_on	staircase	17	green	left	unaware	1	0
350.155	0.000	trigger_21	21	350155	Trigger-In:21	83	grating_on	staircase	17	green	left	unaware	1	0
350.205	0.000	trigger_20	20	350205	Trigger-In:20	83	grating_off	staircase	17	green	left	unaware	1	0
350.805	0.000	trigger_31	31	350805	Trigger-In:31	83	targets_on_fp_color_change	staircase	17	green	left	unaware	1	0
351.800	0.000	trigger_201	201	351800	Trigger-In:201	83	trial_end_completed	staircase	17	green	left	unaware	1	0
352.870	0.000	trigger_101	101	352870	Trigger-In:101	84	trial_start	staircase	18	green	right	aware	1	0
352.970	0.000	trigger_11	11	352970	Trigger-In:11	84	fixation_point_on	staircase	18	green	right	aware	1	0
353.570	0.000	trigger_21	21	353570	Trigger-In:21	84	grating_on	staircase	18	green	right	aware	1	0
353.625	0.000	trigger_20	20	353625	Trigger-In:20	84	grating_off	staircase	18	green	right	aware	1	0
354.225	0.000	trigger_31	31	354225	Trigger-In:31	84	targets_on_fp_color_change	staircase	18	green	right	aware	1	0
355.005	0.000	trigger_201	201	355005	Trigger-In:201	84	trial_end_completed	staircase	18	green	right	aware	1	0
356.075	0.000	trigger_101	101	356075	Trigger-In:101	85	trial_start	staircase	17	red	left	aware	1	0
356.180	0.000	trigger_11	11	356180	Trigger-In:11	85	fixation_point_on	staircase	17	red	left	aware	1	0
356.780	0.000	trigger_21	21	356780	Trigger-In:21	85	grating_on	staircase	17	red	left	aware	1	0
356.830	0.000	trigger_20	20	356830	Trigger-In:20	85	grating_off	staircase	17	red	left	aware	1	0
357.430	0.000	trigger_31	31	357430	Trigger-In:31	85	targets_on_fp_color_change	staircase	17	red	left	aware	1	0
358.570	0.000	trigger_201	201	358570	Trigger-In:201	85	trial_end_completed	staircase	17	red	left	aware	1	0
359.635	0.000	trigger_101	101	359635	Trigger-In:101	86	trial_start	staircase	16	green	right	aware	1	0
359.740	0.000	trigger_11	11	359740	Trigger-In:11	86	fixation_point_on	staircase	16	green	right	aware	1	0
360.340	0.000	trigger_21	21	360340	Trigger-In:21	86	grating_on	staircase	16	green	right	aware	1	0
360.395	0.000	trigger_20	20	360395	Trigger-In:20	86	grating_off	staircase	16	green	right	aware	1	0
360.990	0.000	trigger_31	31	360990	Trigger-In:31	86	targets_on_fp_color_change	staircase	16	green	right	aware	1	0
362.135	0.000	trigger_201	201	362135	Trigger-In:201	86	trial_end_completed	staircase	16	green	right	aware	1	0
363.205	0.000	trigger_101	101	363205	Trigger-In:101	87	trial_start	staircase	15	red	left	aware	1	0
363.310	0.000	trigger_11	11	363310	Trigger-In:11	87	fixation_point_on	staircase	15	red	left	aware	1	0
363.910	0.000	trigger_21	21	363910	Trigger-In:21	87	grating_on	staircase	15	red	left	aware	1	0
363.960	0.000	trigger_20	20	363960	Trigger-In:20	87	grating_off	staircase	15	red	left	aware	1	0
364.560	0.000	trigger_31	31	364560	Trigger-In:31	87	targets_on_fp_color_change	staircase	15	red	left	aware	1	0
365.610	0.000	trigger_201	201	365610	Trigger-In:201	87	trial_end_completed	staircase	15	red	left	aware	1	0
366.680	0.000	trigger_101	101	366680	Trigger-In:101	88	trial_start	staircase	14	red	right	unaware	1	0
366.790	0.000	trigger_11	11	366790	Trigger-In:11	88	fixation_point_on	staircase	14	red	right	unaware	1	0
367.390	0.000	trigger_21	21	367390	Trigger-In:21	88	grating_on	staircase	14	red	right	unaware	1	0
367.440	0.000	trigger_20	20	367440	Trigger-In:20	88	grating_off	staircase	14	red	right	unaware	1	0
368.040	0.000	trigger_31	31	368040	Trigger-In:31	88	targets_on_fp_color_change	staircase	14	red	right	unaware	1	0
369.295	0.000	trigger_201	201	369295	Trigger-In:201	88	trial_end_completed	staircase	14	red	right	unaware	1	0
370.360	0.000	trigger_101	101	370360	Trigger-In:101	89	trial_start	staircase	15	red	right	unaware	1	0
370.465	0.000	trigger_11	11	370465	Trigger-In:11	89	fixation_point_on	staircase	15	red	right	unaware	1	0
371.065	0.000	trigger_21	21	371065	Trigger-In:21	89	grating_on	staircase	15	red	right	unaware	1	0
371.115	0.000	trigger_20	20	371115	Trigger-In:20	89	grating_off	staircase	15	red	right	unaware	1	0
371.715	0.000	trigger_31	31	371715	Trigger-In:31	89	targets_on_fp_color_change	staircase	15	red	right	unaware	1	0
373.375	0.000	trigger_201	201	373375	Trigger-In:201	89	trial_end_completed	staircase	15	red	right	unaware	1	0
374.445	0.000	trigger_101	101	374445	Trigger-In:101	90	trial_start	staircase	16	green	left	unaware	1	0
374.550	0.000	trigger_11	11	374550	Trigger-In:11	90	fixation_point_on	staircase	16	green	left	unaware	1	0
375.150	0.000	trigger_21	21	375150	Trigger-In:21	90	grating_on	staircase	16	green	left	unaware	1	0
375.200	0.000	trigger_20	20	375200	Trigger-In:20	90	grating_off	staircase	16	green	left	unaware	1	0
375.800	0.000	trigger_31	31	375800	Trigger-In:31	90	targets_on_fp_color_change	staircase	16	green	left	unaware	1	0
376.785	0.000	trigger_201	201	376785	Trigger-In:201	90	trial_end_completed	staircase	16	green	left	unaware	1	0
377.850	0.000	trigger_101	101	377850	Trigger-In:101	91	trial_start	staircase	17	green	left	unaware	1	0
377.955	0.000	trigger_11	11	377955	Trigger-In:11	91	fixation_point_on	staircase	17	green	left	unaware	1	0
378.555	0.000	trigger_21	21	378555	Trigger-In:21	91	grating_on	staircase	17	green	left	unaware	1	0
378.605	0.000	trigger_20	20	378605	Trigger-In:20	91	grating_off	staircase	17	green	left	unaware	1	0
379.210	0.000	trigger_31	31	379210	Trigger-In:31	91	targets_on_fp_color_change	staircase	17	green	left	unaware	1	0
380.585	0.000	trigger_201	201	380585	Trigger-In:201	91	trial_end_completed	staircase	17	green	left	unaware	1	0
381.655	0.000	trigger_101	101	381655	Trigger-In:101	92	trial_start	staircase	18	green	right	aware	1	0
381.760	0.000	trigger_11	11	381760	Trigger-In:11	92	fixation_point_on	staircase	18	green	right	aware	1	0
382.360	0.000	trigger_21	21	382360	Trigger-In:21	92	grating_on	staircase	18	green	right	aware	1	0
382.410	0.000	trigger_20	20	382410	Trigger-In:20	92	grating_off	staircase	18	green	right	aware	1	0
383.010	0.000	trigger_31	31	383010	Trigger-In:31	92	targets_on_fp_color_change	staircase	18	green	right	aware	1	0
383.765	0.000	trigger_201	201	383765	Trigger-In:201	92	trial_end_completed	staircase	18	green	right	aware	1	0
384.835	0.000	trigger_101	101	384835	Trigger-In:101	93	trial_start	staircase	17	green	left	unaware	1	0
384.940	0.000	trigger_11	11	384940	Trigger-In:11	93	fixation_point_on	staircase	17	green	left	unaware	1	0
385.540	0.000	trigger_21	21	385540	Trigger-In:21	93	grating_on	staircase	17	green	left	unaware	1	0
385.590	0.000	trigger_20	20	385590	Trigger-In:20	93	grating_off	staircase	17	green	left	unaware	1	0
386.190	0.000	trigger_31	31	386190	Trigger-In:31	93	targets_on_fp_color_change	staircase	17	green	left	unaware	1	0
387.800	0.000	trigger_201	201	387800	Trigger-In:201	93	trial_end_completed	staircase	17	green	left	unaware	1	0
388.870	0.000	trigger_101	101	388870	Trigger-In:101	94	trial_start	absent	70	green	right	aware	1	0
388.975	0.000	trigger_11	11	388975	Trigger-In:11	94	fixation_point_on	absent	70	green	right	aware	1	0
389.575	0.000	trigger_21	21	389575	Trigger-In:21	94	grating_on	absent	70	green	right	aware	1	0
389.625	0.000	trigger_20	20	389625	Trigger-In:20	94	grating_off	absent	70	green	right	aware	1	0
390.225	0.000	trigger_31	31	390225	Trigger-In:31	94	targets_on_fp_color_change	absent	70	green	right	aware	1	0
391.095	0.000	trigger_201	201	391095	Trigger-In:201	94	trial_end_completed	absent	70	green	right	aware	1	0
392.160	0.000	trigger_101	101	392160	Trigger-In:101	95	trial_start	staircase	18	green	right	aware	1	0
392.270	0.000	trigger_11	11	392270	Trigger-In:11	95	fixation_point_on	staircase	18	green	right	aware	1	0
392.870	0.000	trigger_21	21	392870	Trigger-In:21	95	grating_on	staircase	18	green	right	aware	1	0
392.920	0.000	trigger_20	20	392920	Trigger-In:20	95	grating_off	staircase	18	green	right	aware	1	0
393.520	0.000	trigger_31	31	393520	Trigger-In:31	95	targets_on_fp_color_change	staircase	18	green	right	aware	1	0
394.185	0.000	trigger_201	201	394185	Trigger-In:201	95	trial_end_completed	staircase	18	green	right	aware	1	0
395.250	0.000	trigger_101	101	395250	Trigger-In:101	96	trial_start	salient	0	red	right	unaware	1	0
395.360	0.000	trigger_11	11	395360	Trigger-In:11	96	fixation_point_on	salient	0	red	right	unaware	1	0
395.960	0.000	trigger_21	21	395960	Trigger-In:21	96	grating_on	salient	0	red	right	unaware	1	0
396.010	0.000	trigger_20	20	396010	Trigger-In:20	96	grating_off	salient	0	red	right	unaware	1	0
396.610	0.000	trigger_31	31	396610	Trigger-In:31	96	targets_on_fp_color_change	salient	0	red	right	unaware	1	0
397.620	0.000	trigger_201	201	397620	Trigger-In:201	96	trial_end_completed	salient	0	red	right	unaware	1	0
398.690	0.000	trigger_101	101	398690	Trigger-In:101	97	trial_start	staircase	17	red	left	aware	1	0
398.795	0.000	trigger_11	11	398795	Trigger-In:11	97	fixation_point_on	staircase	17	red	left	aware	1	0
399.395	0.000	trigger_21	21	399395	Trigger-In:21	97	grating_on	staircase	17	red	left	aware	1	0
399.445	0.000	trigger_20	20	399445	Trigger-In:20	97	grating_off	staircase	17	red	left	aware	1	0
400.045	0.000	trigger_31	31	400045	Trigger-In:31	97	targets_on_fp_color_change	staircase	17	red	left	aware	1	0
400.910	0.000	trigger_201	201	400910	Trigger-In:201	97	trial_end_completed	staircase	17	red	left	aware	1	0
401.975	0.000	trigger_101	101	401975	Trigger-In:101	98	trial_start	staircase	16	green	right	aware	1	0
402.080	0.000	trigger_11	11	402080	Trigger-In:11	98	fixation_point_on	staircase	16	green	right	aware	1	0
402.680	0.000	trigger_21	21	402680	Trigger-In:21	98	grating_on	staircase	16	green	right	aware	1	0
402.730	0.000	trigger_20	20	402730	Trigger-In:20	98	grating_off	staircase	16	green	right	aware	1	0
403.330	0.000	trigger_31	31	403330	Trigger-In:31	98	targets_on_fp_color_change	staircase	16	green	right	aware	1	0
404.295	0.000	trigger_201	201	404295	Trigger-In:201	98	trial_end_completed	staircase	16	green	right	aware	1	0
405.365	0.000	trigger_101	101	405365	Trigger-In:101	99	trial_start	absent	70	green	right	aware	1	0
405.470	0.000	trigger_11	11	405470	Trigger-In:11	99	fixation_point_on	absent	70	green	right	aware	1	0
406.070	0.000	trigger_21	21	406070	Trigger-In:21	99	grating_on	absent	70	green	right	aware	1	0
406.120	0.000	trigger_20	20	406120	Trigger-In:20	99	grating_off	absent	70	green	right	aware	1	0
406.720	0.000	trigger_31	31	406720	Trigger-In:31	99	targets_on_fp_color_change	absent	70	green	right	aware	1	0
407.715	0.000	trigger_201	201	407715	Trigger-In:201	99	trial_end_completed	absent	70	green	right	aware	1	0
408.780	0.000	trigger_101	101	408780	Trigger-In:101	100	trial_start	staircase	15	green	right	aware	1	0
408.885	0.000	trigger_11	11	408885	Trigger-In:11	100	fixation_point_on	staircase	15	green	right	aware	1	0
409.485	0.000	trigger_21	21	409485	Trigger-In:21	100	grating_on	staircase	15	green	right	aware	1	0
409.540	0.000	trigger_20	20	409540	Trigger-In:20	100	grating_off	staircase	15	green	right	aware	1	0
410.140	0.000	trigger_31	31	410140	Trigger-In:31	100	targets_on_fp_color_change	staircase	15	green	right	aware	1	0
410.795	0.000	trigger_201	201	410795	Trigger-In:201	100	trial_end_completed	staircase	15	green	right	aware	1	0
411.865	0.000	trigger_101	101	411865	Trigger-In:101	101	trial_start	staircase	14	green	left	unaware	1	0
411.970	0.000	trigger_11	11	411970	Trigger-In:11	101	fixation_point_on	staircase	14	green	left	unaware	1	0
412.570	0.000	trigger_21	21	412570	Trigger-In:21	101	grating_on	staircase	14	green	left	unaware	1	0
412.625	0.000	trigger_20	20	412625	Trigger-In:20	101	grating_off	staircase	14	green	left	unaware	1	0
413.225	0.000	trigger_31	31	413225	Trigger-In:31	101	targets_on_fp_color_change	staircase	14	green	left	unaware	1	0
414.175	0.000	trigger_201	201	414175	Trigger-In:201	101	trial_end_completed	staircase	14	green	left	unaware	1	0
415.245	0.000	trigger_101	101	415245	Trigger-In:101	102	trial_start	staircase	15	red	left	aware	1	0
415.350	0.000	trigger_11	11	415350	Trigger-In:11	102	fixation_point_on	staircase	15	red	left	aware	1	0
415.950	0.000	trigger_21	21	415950	Trigger-In:21	102	grating_on	staircase	15	red	left	aware	1	0
416.000	0.000	trigger_20	20	416000	Trigger-In:20	102	grating_off	staircase	15	red	left	aware	1	0
416.600	0.000	trigger_31	31	416600	Trigger-In:31	102	targets_on_fp_color_change	staircase	15	red	left	aware	1	0
417.655	0.000	trigger_201	201	417655	Trigger-In:201	102	trial_end_completed	staircase	15	red	left	aware	1	0
418.720	0.000	trigger_101	101	418720	Trigger-In:101	103	trial_start	staircase	14	green	left	unaware	1	0
418.825	0.000	trigger_11	11	418825	Trigger-In:11	103	fixation_point_on	staircase	14	green	left	unaware	1	0
419.425	0.000	trigger_21	21	419425	Trigger-In:21	103	grating_on	staircase	14	green	left	unaware	1	0
419.475	0.000	trigger_20	20	419475	Trigger-In:20	103	grating_off	staircase	14	green	left	unaware	1	0
420.080	0.000	trigger_31	31	420080	Trigger-In:31	103	targets_on_fp_color_change	staircase	14	green	left	unaware	1	0
421.250	0.000	trigger_201	201	421250	Trigger-In:201	103	trial_end_completed	staircase	14	green	left	unaware	1	0
422.315	0.000	trigger_101	101	422315	Trigger-In:101	104	trial_start	salient	0	green	left	unaware	1	0
422.425	0.000	trigger_11	11	422425	Trigger-In:11	104	fixation_point_on	salient	0	green	left	unaware	1	0
423.025	0.000	trigger_21	21	423025	Trigger-In:21	104	grating_on	salient	0	green	left	unaware	1	0
423.075	0.000	trigger_20	20	423075	Trigger-In:20	104	grating_off	salient	0	green	left	unaware	1	0
423.675	0.000	trigger_31	31	423675	Trigger-In:31	104	targets_on_fp_color_change	salient	0	green	left	unaware	1	0
424.675	0.000	trigger_201	201	424675	Trigger-In:201	104	trial_end_completed	salient	0	green	left	unaware	1	0
425.745	0.000	trigger_101	101	425745	Trigger-In:101	105	trial_start	staircase	15	red	left	aware	1	0
425.850	0.000	trigger_11	11	425850	Trigger-In:11	105	fixation_point_on	staircase	15	red	left	aware	1	0
426.450	0.000	trigger_21	21	426450	Trigger-In:21	105	grating_on	staircase	15	red	left	aware	1	0
426.500	0.000	trigger_20	20	426500	Trigger-In:20	105	grating_off	staircase	15	red	left	aware	1	0
427.100	0.000	trigger_31	31	427100	Trigger-In:31	105	targets_on_fp_color_change	staircase	15	red	left	aware	1	0
428.165	0.000	trigger_201	201	428165	Trigger-In:201	105	trial_end_completed	staircase	15	red	left	aware	1	0
429.235	0.000	trigger_101	101	429235	Trigger-In:101	106	trial_start	absent	70	green	right	aware	1	0
429.340	0.000	trigger_11	11	429340	Trigger-In:11	106	fixation_point_on	absent	70	green	right	aware	1	0
429.940	0.000	trigger_21	21	429940	Trigger-In:21	106	grating_on	absent	70	green	right	aware	1	0
429.990	0.000	trigger_20	20	429990	Trigger-In:20	106	grating_off	absent	70	green	right	aware	1	0
430.590	0.000	trigger_31	31	430590	Trigger-In:31	106	targets_on_fp_color_change	absent	70	green	right	aware	1	0
431.955	0.000	trigger_201	201	431955	Trigger-In:201	106	trial_end_completed	absent	70	green	right	aware	1	0
433.025	0.000	trigger_101	101	433025	Trigger-In:101	107	trial_start	staircase	14	green	right	aware	1	0
433.125	0.000	trigger_11	11	433125	Trigger-In:11	107	fixation_point_on	staircase	14	green	right	aware	1	0
433.790	0.000	trigger_21	21	433790	Trigger-In:21	107	grating_on	staircase	14	green	right	aware	1	0
433.840	0.000	trigger_20	20	433840	Trigger-In:20	107	grating_off	staircase	14	green	right	aware	1	0
434.440	0.000	trigger_31	31	434440	Trigger-In:31	107	targets_on_fp_color_change	staircase	14	green	right	aware	1	0
435.300	0.000	trigger_201	201	435300	Trigger-In:201	107	trial_end_completed	staircase	14	green	right	aware	1	0
436.365	0.000	trigger_101	101	436365	Trigger-In:101	108	trial_start	staircase	13	red	left	aware	1	0
436.470	0.000	trigger_11	11	436470	Trigger-In:11	108	fixation_point_on	staircase	13	red	left	aware	1	0
437.075	0.000	trigger_21	21	437075	Trigger-In:21	108	grating_on	staircase	13	red	left	aware	1	0
437.125	0.000	trigger_20	20	437125	Trigger-In:20	108	grating_off	staircase	13	red	left	aware	1	0
437.725	0.000	trigger_31	31	437725	Trigger-In:31	108	targets_on_fp_color_change	staircase	13	red	left	aware	1	0
439.005	0.000	trigger_201	201	439005	Trigger-In:201	108	trial_end_completed	staircase	13	red	left	aware	1	0
440.075	0.000	trigger_101	101	440075	Trigger-In:101	109	trial_start	staircase	12	green	left	unaware	1	0
440.180	0.000	trigger_11	11	440180	Trigger-In:11	109	fixation_point_on	staircase	12	green	left	unaware	1	0
440.780	0.000	trigger_21	21	440780	Trigger-In:21	109	grating_on	staircase	12	green	left	unaware	1	0
440.830	0.000	trigger_20	20	440830	Trigger-In:20	109	grating_off	staircase	12	green	left	unaware	1	0
441.430	0.000	trigger_31	31	441430	Trigger-In:31	109	targets_on_fp_color_change	staircase	12	green	left	unaware	1	0
443.280	0.000	trigger_201	201	443280	Trigger-In:201	109	trial_end_completed	staircase	12	green	left	unaware	1	0
444.345	0.000	trigger_101	101	444345	Trigger-In:101	110	trial_start	staircase	13	green	left	unaware	1	0
444.450	0.000	trigger_11	11	444450	Trigger-In:11	110	fixation_point_on	staircase	13	green	left	unaware	1	0
445.055	0.000	trigger_21	21	445055	Trigger-In:21	110	grating_on	staircase	13	green	left	unaware	1	0
445.105	0.000	trigger_20	20	445105	Trigger-In:20	110	grating_off	staircase	13	green	left	unaware	1	0
445.705	0.000	trigger_31	31	445705	Trigger-In:31	110	targets_on_fp_color_change	staircase	13	green	left	unaware	1	0
446.660	0.000	trigger_201	201	446660	Trigger-In:201	110	trial_end_completed	staircase	13	green	left	unaware	1	0
447.730	0.000	trigger_101	101	447730	Trigger-In:101	111	trial_start	absent	70	red	left	aware	1	0
447.830	0.000	trigger_11	11	447830	Trigger-In:11	111	fixation_point_on	absent	70	red	left	aware	1	0
448.430	0.000	trigger_21	21	448430	Trigger-In:21	111	grating_on	absent	70	red	left	aware	1	0
448.480	0.000	trigger_20	20	448480	Trigger-In:20	111	grating_off	absent	70	red	left	aware	1	0
449.085	0.000	trigger_31	31	449085	Trigger-In:31	111	targets_on_fp_color_change	absent	70	red	left	aware	1	0
450.880	0.000	trigger_201	201	450880	Trigger-In:201	111	trial_end_completed	absent	70	red	left	aware	1	0
451.945	0.000	trigger_101	101	451945	Trigger-In:101	112	trial_start	salient	0	green	left	unaware	1	0
452.050	0.000	trigger_11	11	452050	Trigger-In:11	112	fixation_point_on	salient	0	green	left	unaware	1	0
452.655	0.000	trigger_21	21	452655	Trigger-In:21	112	grating_on	salient	0	green	left	unaware	1	0
452.705	0.000	trigger_20	20	452705	Trigger-In:20	112	grating_off	salient	0	green	left	unaware	1	0
453.305	0.000	trigger_31	31	453305	Trigger-In:31	112	targets_on_fp_color_change	salient	0	green	left	unaware	1	0
454.325	0.000	trigger_201	201	454325	Trigger-In:201	112	trial_end_completed	salient	0	green	left	unaware	1	0
455.390	0.000	trigger_101	101	455390	Trigger-In:101	113	trial_start	absent	70	red	left	aware	1	0
455.495	0.000	trigger_11	11	455495	Trigger-In:11	113	fixation_point_on	absent	70	red	left	aware	1	0
456.095	0.000	trigger_21	21	456095	Trigger-In:21	113	grating_on	absent	70	red	left	aware	1	0
456.150	0.000	trigger_20	20	456150	Trigger-In:20	113	grating_off	absent	70	red	left	aware	1	0
456.750	0.000	trigger_31	31	456750	Trigger-In:31	113	targets_on_fp_color_change	absent	70	red	left	aware	1	0
457.660	0.000	trigger_201	201	457660	Trigger-In:201	113	trial_end_completed	absent	70	red	left	aware	1	0
458.725	0.000	trigger_101	101	458725	Trigger-In:101	114	trial_start	salient	0	red	right	unaware	1	0
458.835	0.000	trigger_11	11	458835	Trigger-In:11	114	fixation_point_on	salient	0	red	right	unaware	1	0
459.435	0.000	trigger_21	21	459435	Trigger-In:21	114	grating_on	salient	0	red	right	unaware	1	0
459.485	0.000	trigger_20	20	459485	Trigger-In:20	114	grating_off	salient	0	red	right	unaware	1	0
460.085	0.000	trigger_31	31	460085	Trigger-In:31	114	targets_on_fp_color_change	salient	0	red	right	unaware	1	0
460.980	0.000	trigger_201	201	460980	Trigger-In:201	114	trial_end_completed	salient	0	red	right	unaware	1	0
462.050	0.000	trigger_101	101	462050	Trigger-In:101	115	trial_start	salient	0	green	right	aware	1	0
462.150	0.000	trigger_11	11	462150	Trigger-In:11	115	fixation_point_on	salient	0	green	right	aware	1	0
462.750	0.000	trigger_21	21	462750	Trigger-In:21	115	grating_on	salient	0	green	right	aware	1	0
462.805	0.000	trigger_20	20	462805	Trigger-In:20	115	grating_off	salient	0	green	right	aware	1	0
463.405	0.000	trigger_31	31	463405	Trigger-In:31	115	targets_on_fp_color_change	salient	0	green	right	aware	1	0
464.515	0.000	trigger_201	201	464515	Trigger-In:201	115	trial_end_completed	salient	0	green	right	aware	1	0
465.835	0.000	trigger_101	101	465835	Trigger-In:101	116	trial_start	staircase	14	green	left	unaware	1	0
465.940	0.000	trigger_11	11	465940	Trigger-In:11	116	fixation_point_on	staircase	14	green	left	unaware	1	0
466.540	0.000	trigger_21	21	466540	Trigger-In:21	116	grating_on	staircase	14	green	left	unaware	1	0
466.590	0.000	trigger_20	20	466590	Trigger-In:20	116	grating_off	staircase	14	green	left	unaware	1	0
467.190	0.000	trigger_31	31	467190	Trigger-In:31	116	targets_on_fp_color_change	staircase	14	green	left	unaware	1	0
468.070	0.000	trigger_201	201	468070	Trigger-In:201	116	trial_end_completed	staircase	14	green	left	unaware	1	0
469.140	0.000	trigger_101	101	469140	Trigger-In:101	117	trial_start	staircase	15	green	left	unaware	1	0
469.245	0.000	trigger_11	11	469245	Trigger-In:11	117	fixation_point_on	staircase	15	green	left	unaware	1	0
469.845	0.000	trigger_21	21	469845	Trigger-In:21	117	grating_on	staircase	15	green	left	unaware	1	0
469.895	0.000	trigger_20	20	469895	Trigger-In:20	117	grating_off	staircase	15	green	left	unaware	1	0
470.495	0.000	trigger_31	31	470495	Trigger-In:31	117	targets_on_fp_color_change	staircase	15	green	left	unaware	1	0
471.465	0.000	trigger_201	201	471465	Trigger-In:201	117	trial_end_completed	staircase	15	green	left	unaware	1	0
472.530	0.000	trigger_101	101	472530	Trigger-In:101	118	trial_start	staircase	16	green	right	aware	1	0
472.640	0.000	trigger_11	11	472640	Trigger-In:11	118	fixation_point_on	staircase	16	green	right	aware	1	0
473.240	0.000	trigger_21	21	473240	Trigger-In:21	118	grating_on	staircase	16	green	right	aware	1	0
473.290	0.000	trigger_20	20	473290	Trigger-In:20	118	grating_off	staircase	16	green	right	aware	1	0
473.890	0.000	trigger_31	31	473890	Trigger-In:31	118	targets_on_fp_color_change	staircase	16	green	right	aware	1	0
474.905	0.000	trigger_201	201	474905	Trigger-In:201	118	trial_end_completed	staircase	16	green	right	aware	1	0
475.975	0.000	trigger_101	101	475975	Trigger-In:101	119	trial_start	staircase	15	green	left	unaware	1	0
476.080	0.000	trigger_11	11	476080	Trigger-In:11	119	fixation_point_on	staircase	15	green	left	unaware	1	0
476.680	0.000	trigger_21	21	476680	Trigger-In:21	119	grating_on	staircase	15	green	left	unaware	1	0
476.730	0.000	trigger_20	20	476730	Trigger-In:20	119	grating_off	staircase	15	green	left	unaware	1	0
477.330	0.000	trigger_31	31	477330	Trigger-In:31	119	targets_on_fp_color_change	staircase	15	green	left	unaware	1	0
478.225	0.000	trigger_201	201	478225	Trigger-In:201	119	trial_end_completed	staircase	15	green	left	unaware	1	0
479.295	0.000	trigger_101	101	479295	Trigger-In:101	120	trial_start	staircase	16	red	left	aware	1	0
479.395	0.000	trigger_11	11	479395	Trigger-In:11	120	fixation_point_on	staircase	16	red	left	aware	1	0
479.995	0.000	trigger_21	21	479995	Trigger-In:21	120	grating_on	staircase	16	red	left	aware	1	0
480.045	0.000	trigger_20	20	480045	Trigger-In:20	120	grating_off	staircase	16	red	left	aware	1	0
480.645	0.000	trigger_31	31	480645	Trigger-In:31	120	targets_on_fp_color_change	staircase	16	red	left	aware	1	0
482.000	0.000	trigger_201	201	482000	Trigger-In:201	120	trial_end_completed	staircase	16	red	left	aware	1	0
483.070	0.000	trigger_101	101	483070	Trigger-In:101	121	trial_start	absent	70	red	left	aware	1	0
483.175	0.000	trigger_11	11	483175	Trigger-In:11	121	fixation_point_on	absent	70	red	left	aware	1	0
483.775	0.000	trigger_21	21	483775	Trigger-In:21	121	grating_on	absent	70	red	left	aware	1	0
483.825	0.000	trigger_20	20	483825	Trigger-In:20	121	grating_off	absent	70	red	left	aware	1	0
484.425	0.000	trigger_31	31	484425	Trigger-In:31	121	targets_on_fp_color_change	absent	70	red	left	aware	1	0
485.190	0.000	trigger_201	201	485190	Trigger-In:201	121	trial_end_completed	absent	70	red	left	aware	1	0
486.260	0.000	trigger_101	101	486260	Trigger-In:101	122	trial_start	staircase	15	green	left	unaware	1	0
486.365	0.000	trigger_11	11	486365	Trigger-In:11	122	fixation_point_on	staircase	15	green	left	unaware	1	0
486.970	0.000	trigger_21	21	486970	Trigger-In:21	122	grating_on	staircase	15	green	left	unaware	1	0
487.020	0.000	trigger_20	20	487020	Trigger-In:20	122	grating_off	staircase	15	green	left	unaware	1	0
487.620	0.000	trigger_31	31	487620	Trigger-In:31	122	targets_on_fp_color_change	staircase	15	green	left	unaware	1	0
488.685	0.000	trigger_201	201	488685	Trigger-In:201	122	trial_end_completed	staircase	15	green	left	unaware	1	0
489.755	0.000	trigger_101	101	489755	Trigger-In:101	123	trial_start	staircase	16	green	right	aware	1	0
489.860	0.000	trigger_11	11	489860	Trigger-In:11	123	fixation_point_on	staircase	16	green	right	aware	1	0
490.460	0.000	trigger_21	21	490460	Trigger-In:21	123	grating_on	staircase	16	green	right	aware	1	0
490.515	0.000	trigger_20	20	490515	Trigger-In:20	123	grating_off	staircase	16	green	right	aware	1	0
491.115	0.000	trigger_31	31	491115	Trigger-In:31	123	targets_on_fp_color_change	staircase	16	green	right	aware	1	0
492.165	0.000	trigger_201	201	492165	Trigger-In:201	123	trial_end_completed	staircase	16	green	right	aware	1	0
493.235	0.000	trigger_101	101	493235	Trigger-In:101	124	trial_start	salient	0	green	left	unaware	1	0
493.335	0.000	trigger_11	11	493335	Trigger-In:11	124	fixation_point_on	salient	0	green	left	unaware	1	0
493.940	0.000	trigger_21	21	493940	Trigger-In:21	124	grating_on	salient	0	green	left	unaware	1	0
493.990	0.000	trigger_20	20	493990	Trigger-In:20	124	grating_off	salient	0	green	left	unaware	1	0
494.590	0.000	trigger_31	31	494590	Trigger-In:31	124	targets_on_fp_color_change	salient	0	green	left	unaware	1	0
495.760	0.000	trigger_201	201	495760	Trigger-In:201	124	trial_end_completed	salient	0	green	left	unaware	1	0
496.830	0.000	trigger_101	101	496830	Trigger-In:101	125	trial_start	staircase	15	red	n/a	n/a	0	0
496.930	0.000	trigger_11	11	496930	Trigger-In:11	125	fixation_point_on	staircase	15	red	n/a	n/a	0	0
497.530	0.000	trigger_21	21	497530	Trigger-In:21	125	grating_on	staircase	15	red	n/a	n/a	0	0
497.580	0.000	trigger_20	20	497580	Trigger-In:20	125	grating_off	staircase	15	red	n/a	n/a	0	0
498.185	0.000	trigger_31	31	498185	Trigger-In:31	125	targets_on_fp_color_change	staircase	15	red	n/a	n/a	0	0
500.150	0.000	trigger_203	203	500150	Trigger-In:203	125	trial_end_not_completed	staircase	15	red	n/a	n/a	0	0
501.250	0.000	trigger_101	101	501250	Trigger-In:101	126	trial_start	salient	0	red	right	unaware	1	0
501.355	0.000	trigger_11	11	501355	Trigger-In:11	126	fixation_point_on	salient	0	red	right	unaware	1	0
501.955	0.000	trigger_21	21	501955	Trigger-In:21	126	grating_on	salient	0	red	right	unaware	1	0
502.005	0.000	trigger_20	20	502005	Trigger-In:20	126	grating_off	salient	0	red	right	unaware	1	0
502.605	0.000	trigger_31	31	502605	Trigger-In:31	126	targets_on_fp_color_change	salient	0	red	right	unaware	1	0
503.615	0.000	trigger_201	201	503615	Trigger-In:201	126	trial_end_completed	salient	0	red	right	unaware	1	0
504.685	0.000	trigger_101	101	504685	Trigger-In:101	127	trial_start	staircase	15	red	right	unaware	1	0
504.790	0.000	trigger_11	11	504790	Trigger-In:11	127	fixation_point_on	staircase	15	red	right	unaware	1	0
505.390	0.000	trigger_21	21	505390	Trigger-In:21	127	grating_on	staircase	15	red	right	unaware	1	0
505.440	0.000	trigger_20	20	505440	Trigger-In:20	127	grating_off	staircase	15	red	right	unaware	1	0
506.040	0.000	trigger_31	31	506040	Trigger-In:31	127	targets_on_fp_color_change	staircase	15	red	right	unaware	1	0
506.965	0.000	trigger_201	201	506965	Trigger-In:201	127	trial_end_completed	staircase	15	red	right	unaware	1	0
508.035	0.000	trigger_101	101	508035	Trigger-In:101	128	trial_start	staircase	16	red	left	aware	1	0
508.140	0.000	trigger_11	11	508140	Trigger-In:11	128	fixation_point_on	staircase	16	red	left	aware	1	0
508.740	0.000	trigger_21	21	508740	Trigger-In:21	128	grating_on	staircase	16	red	left	aware	1	0
508.795	0.000	trigger_20	20	508795	Trigger-In:20	128	grating_off	staircase	16	red	left	aware	1	0
509.395	0.000	trigger_31	31	509395	Trigger-In:31	128	targets_on_fp_color_change	staircase	16	red	left	aware	1	0
510.325	0.000	trigger_201	201	510325	Trigger-In:201	128	trial_end_completed	staircase	16	red	left	aware	1	0
511.390	0.000	trigger_101	101	511390	Trigger-In:101	129	trial_start	salient	0	green	right	aware	1	0
511.495	0.000	trigger_11	11	511495	Trigger-In:11	129	fixation_point_on	salient	0	green	right	aware	1	0
512.100	0.000	trigger_21	21	512100	Trigger-In:21	129	grating_on	salient	0	green	right	aware	1	0
512.150	0.000	trigger_20	20	512150	Trigger-In:20	129	grating_off	salient	0	green	right	aware	1	0
512.750	0.000	trigger_31	31	512750	Trigger-In:31	129	targets_on_fp_color_change	salient	0	green	right	aware	1	0
514.360	0.000	trigger_201	201	514360	Trigger-In:201	129	trial_end_completed	salient	0	green	right	aware	1	0
515.685	0.000	trigger_101	101	515685	Trigger-In:101	130	trial_start	staircase	15	green	left	unaware	1	0
515.790	0.000	trigger_11	11	515790	Trigger-In:11	130	fixation_point_on	staircase	15	green	left	unaware	1	0
516.390	0.000	trigger_21	21	516390	Trigger-In:21	130	grating_on	staircase	15	green	left	unaware	1	0
516.440	0.000	trigger_20	20	516440	Trigger-In:20	130	grating_off	staircase	15	green	left	unaware	1	0
517.040	0.000	trigger_31	31	517040	Trigger-In:31	130	targets_on_fp_color_change	staircase	15	green	left	unaware	1	0
517.880	0.000	trigger_201	201	517880	Trigger-In:201	130	trial_end_completed	staircase	15	green	left	unaware	1	0
518.945	0.000	trigger_101	101	518945	Trigger-In:101	131	trial_start	staircase	16	red	right	unaware	1	0
519.050	0.000	trigger_11	11	519050	Trigger-In:11	131	fixation_point_on	staircase	16	red	right	unaware	1	0
519.655	0.000	trigger_21	21	519655	Trigger-In:21	131	grating_on	staircase	16	red	right	unaware	1	0
519.705	0.000	trigger_20	20	519705	Trigger-In:20	131	grating_off	staircase	16	red	right	unaware	1	0
520.305	0.000	trigger_31	31	520305	Trigger-In:31	131	targets_on_fp_color_change	staircase	16	red	right	unaware	1	0
521.720	0.000	trigger_201	201	521720	Trigger-In:201	131	trial_end_completed	staircase	16	red	right	unaware	1	0
522.790	0.000	trigger_101	101	522790	Trigger-In:101	132	trial_start	staircase	17	green	left	unaware	1	0
522.895	0.000	trigger_11	11	522895	Trigger-In:11	132	fixation_point_on	staircase	17	green	left	unaware	1	0
523.495	0.000	trigger_21	21	523495	Trigger-In:21	132	grating_on	staircase	17	green	left	unaware	1	0
523.545	0.000	trigger_20	20	523545	Trigger-In:20	132	grating_off	staircase	17	green	left	unaware	1	0
524.145	0.000	trigger_31	31	524145	Trigger-In:31	132	targets_on_fp_color_change	staircase	17	green	left	unaware	1	0
525.505	0.000	trigger_201	201	525505	Trigger-In:201	132	trial_end_completed	staircase	17	green	left	unaware	1	0
526.575	0.000	trigger_101	101	526575	Trigger-In:101	133	trial_start	staircase	18	green	left	unaware	1	0
526.675	0.000	trigger_11	11	526675	Trigger-In:11	133	fixation_point_on	staircase	18	green	left	unaware	1	0
527.280	0.000	trigger_21	21	527280	Trigger-In:21	133	grating_on	staircase	18	green	left	unaware	1	0
527.330	0.000	trigger_20	20	527330	Trigger-In:20	133	grating_off	staircase	18	green	left	unaware	1	0
527.930	0.000	trigger_31	31	527930	Trigger-In:31	133	targets_on_fp_color_change	staircase	18	green	left	unaware	1	0
528.700	0.000	trigger_201	201	528700	Trigger-In:201	133	trial_end_completed	staircase	18	green	left	unaware	1	0
529.765	0.000	trigger_101	101	529765	Trigger-In:101	134	trial_start	staircase	19	green	left	unaware	1	0
529.870	0.000	trigger_11	11	529870	Trigger-In:11	134	fixation_point_on	staircase	19	green	left	unaware	1	0
530.470	0.000	trigger_21	21	530470	Trigger-In:21	134	grating_on	staircase	19	green	left	unaware	1	0
530.520	0.000	trigger_20	20	530520	Trigger-In:20	134	grating_off	staircase	19	green	left	unaware	1	0
531.125	0.000	trigger_31	31	531125	Trigger-In:31	134	targets_on_fp_color_change	staircase	19	green	left	unaware	1	0
532.035	0.000	trigger_201	201	532035	Trigger-In:201	134	trial_end_completed	staircase	19	green	left	unaware	1	0
533.100	0.000	trigger_101	101	533100	Trigger-In:101	135	trial_start	staircase	20	green	right	aware	1	0
533.205	0.000	trigger_11	11	533205	Trigger-In:11	135	fixation_point_on	staircase	20	green	right	aware	1	0
533.805	0.000	trigger_21	21	533805	Trigger-In:21	135	grating_on	staircase	20	green	right	aware	1	0
533.860	0.000	trigger_20	20	533860	Trigger-In:20	135	grating_off	staircase	20	green	right	aware	1	0
534.460	0.000	trigger_31	31	534460	Trigger-In:31	135	targets_on_fp_color_change	staircase	20	green	right	aware	1	0
535.310	0.000	trigger_201	201	535310	Trigger-In:201	135	trial_end_completed	staircase	20	green	right	aware	1	0
536.380	0.000	trigger_101	101	536380	Trigger-In:101	136	trial_start	absent	70	red	left	aware	1	0
536.485	0.000	trigger_11	11	536485	Trigger-In:11	136	fixation_point_on	absent	70	red	left	aware	1	0
537.085	0.000	trigger_21	21	537085	Trigger-In:21	136	grating_on	absent	70	red	left	aware	1	0
537.135	0.000	trigger_20	20	537135	Trigger-In:20	136	grating_off	absent	70	red	left	aware	1	0
537.735	0.000	trigger_31	31	537735	Trigger-In:31	136	targets_on_fp_color_change	absent	70	red	left	aware	1	0
538.890	0.000	trigger_201	201	538890	Trigger-In:201	136	trial_end_completed	absent	70	red	left	aware	1	0
539.960	0.000	trigger_101	101	539960	Trigger-In:101	137	trial_start	staircase	19	red	right	unaware	1	0
540.065	0.000	trigger_11	11	540065	Trigger-In:11	137	fixation_point_on	staircase	19	red	right	unaware	1	0
540.665	0.000	trigger_21	21	540665	Trigger-In:21	137	grating_on	staircase	19	red	right	unaware	1	0
540.715	0.000	trigger_20	20	540715	Trigger-In:20	137	grating_off	staircase	19	red	right	unaware	1	0
541.315	0.000	trigger_31	31	541315	Trigger-In:31	137	targets_on_fp_color_change	staircase	19	red	right	unaware	1	0
542.925	0.000	trigger_201	201	542925	Trigger-In:201	137	trial_end_completed	staircase	19	red	right	unaware	1	0
543.995	0.000	trigger_101	101	543995	Trigger-In:101	138	trial_start	staircase	20	red	left	aware	1	0
544.100	0.000	trigger_11	11	544100	Trigger-In:11	138	fixation_point_on	staircase	20	red	left	aware	1	0
544.700	0.000	trigger_21	21	544700	Trigger-In:21	138	grating_on	staircase	20	red	left	aware	1	0
544.755	0.000	trigger_20	20	544755	Trigger-In:20	138	grating_off	staircase	20	red	left	aware	1	0
545.355	0.000	trigger_31	31	545355	Trigger-In:31	138	targets_on_fp_color_change	staircase	20	red	left	aware	1	0
546.625	0.000	trigger_201	201	546625	Trigger-In:201	138	trial_end_completed	staircase	20	red	left	aware	1	0
547.690	0.000	trigger_101	101	547690	Trigger-In:101	139	trial_start	staircase	19	green	left	unaware	1	0
547.795	0.000	trigger_11	11	547795	Trigger-In:11	139	fixation_point_on	staircase	19	green	left	unaware	1	0
548.395	0.000	trigger_21	21	548395	Trigger-In:21	139	grating_on	staircase	19	green	left	unaware	1	0
548.445	0.000	trigger_20	20	548445	Trigger-In:20	139	grating_off	staircase	19	green	left	unaware	1	0
549.045	0.000	trigger_31	31	549045	Trigger-In:31	139	targets_on_fp_color_change	staircase	19	green	left	unaware	1	0
550.240	0.000	trigger_201	201	550240	Trigger-In:201	139	trial_end_completed	staircase	19	green	left	unaware	1	0
551.310	0.000	trigger_101	101	551310	Trigger-In:101	140	trial_start	staircase	20	red	left	aware	1	0
551.415	0.000	trigger_11	11	551415	Trigger-In:11	140	fixation_point_on	staircase	20	red	left	aware	1	0
552.015	0.000	trigger_21	21	552015	Trigger-In:21	140	grating_on	staircase	20	red	left	aware	1	0
552.065	0.000	trigger_20	20	552065	Trigger-In:20	140	grating_off	staircase	20	red	left	aware	1	0
552.665	0.000	trigger_31	31	552665	Trigger-In:31	140	targets_on_fp_color_change	staircase	20	red	left	aware	1	0
553.645	0.000	trigger_201	201	553645	Trigger-In:201	140	trial_end_completed	staircase	20	red	left	aware	1	0
554.710	0.000	trigger_101	101	554710	Trigger-In:101	141	trial_start	staircase	19	green	right	aware	1	0
554.815	0.000	trigger_11	11	554815	Trigger-In:11	141	fixation_point_on	staircase	19	green	right	aware	1	0
555.415	0.000	trigger_21	21	555415	Trigger-In:21	141	grating_on	staircase	19	green	right	aware	1	0
555.465	0.000	trigger_20	20	555465	Trigger-In:20	141	grating_off	staircase	19	green	right	aware	1	0
556.065	0.000	trigger_31	31	556065	Trigger-In:31	141	targets_on_fp_color_change	staircase	19	green	right	aware	1	0
556.790	0.000	trigger_201	201	556790	Trigger-In:201	141	trial_end_completed	staircase	19	green	right	aware	1	0
557.860	0.000	trigger_101	101	557860	Trigger-In:101	142	trial_start	staircase	18	green	right	aware	1	0
557.965	0.000	trigger_11	11	557965	Trigger-In:11	142	fixation_point_on	staircase	18	green	right	aware	1	0
558.565	0.000	trigger_21	21	558565	Trigger-In:21	142	grating_on	staircase	18	green	right	aware	1	0
558.615	0.000	trigger_20	20	558615	Trigger-In:20	142	grating_off	staircase	18	green	right	aware	1	0
559.220	0.000	trigger_31	31	559220	Trigger-In:31	142	targets_on_fp_color_change	staircase	18	green	right	aware	1	0
559.945	0.000	trigger_201	201	559945	Trigger-In:201	142	trial_end_completed	staircase	18	green	right	aware	1	0
561.020	0.000	trigger_101	101	561020	Trigger-In:101	143	trial_start	staircase	17	red	right	unaware	1	0
561.125	0.000	trigger_11	11	561125	Trigger-In:11	143	fixation_point_on	staircase	17	red	right	unaware	1	0
561.725	0.000	trigger_21	21	561725	Trigger-In:21	143	grating_on	staircase	17	red	right	unaware	1	0
561.775	0.000	trigger_20	20	561775	Trigger-In:20	143	grating_off	staircase	17	red	right	unaware	1	0
562.375	0.000	trigger_31	31	562375	Trigger-In:31	143	targets_on_fp_color_change	staircase	17	red	right	unaware	1	0
563.125	0.000	trigger_201	201	563125	Trigger-In:201	143	trial_end_completed	staircase	17	red	right	unaware	1	0
564.195	0.000	trigger_101	101	564195	Trigger-In:101	144	trial_start	salient	0	red	right	unaware	1	0
564.300	0.000	trigger_11	11	564300	Trigger-In:11	144	fixation_point_on	salient	0	red	right	unaware	1	0
564.900	0.000	trigger_21	21	564900	Trigger-In:21	144	grating_on	salient	0	red	right	unaware	1	0
564.950	0.000	trigger_20	20	564950	Trigger-In:20	144	grating_off	salient	0	red	right	unaware	1	0
565.555	0.000	trigger_31	31	565555	Trigger-In:31	144	targets_on_fp_color_change	salient	0	red	right	unaware	1	0
566.370	0.000	trigger_201	201	566370	Trigger-In:201	144	trial_end_completed	salient	0	red	right	unaware	1	0
567.440	0.000	trigger_101	101	567440	Trigger-In:101	145	trial_start	staircase	18	red	left	aware	1	0
567.545	0.000	trigger_11	11	567545	Trigger-In:11	145	fixation_point_on	staircase	18	red	left	aware	1	0
568.145	0.000	trigger_21	21	568145	Trigger-In:21	145	grating_on	staircase	18	red	left	aware	1	0
568.195	0.000	trigger_20	20	568195	Trigger-In:20	145	grating_off	staircase	18	red	left	aware	1	0
568.795	0.000	trigger_31	31	568795	Trigger-In:31	145	targets_on_fp_color_change	staircase	18	red	left	aware	1	0
569.930	0.000	trigger_201	201	569930	Trigger-In:201	145	trial_end_completed	staircase	18	red	left	aware	1	0
571.000	0.000	trigger_101	101	571000	Trigger-In:101	146	trial_start	staircase	17	red	right	unaware	1	0
571.100	0.000	trigger_11	11	571100	Trigger-In:11	146	fixation_point_on	staircase	17	red	right	unaware	1	0
571.700	0.000	trigger_21	21	571700	Trigger-In:21	146	grating_on	staircase	17	red	right	unaware	1	0
571.755	0.000	trigger_20	20	571755	Trigger-In:20	146	grating_off	staircase	17	red	right	unaware	1	0
572.355	0.000	trigger_31	31	572355	Trigger-In:31	146	targets_on_fp_color_change	staircase	17	red	right	unaware	1	0
573.505	0.000	trigger_201	201	573505	Trigger-In:201	146	trial_end_completed	staircase	17	red	right	unaware	1	0
574.575	0.000	trigger_101	101	574575	Trigger-In:101	147	trial_start	staircase	18	red	right	unaware	1	0
574.680	0.000	trigger_11	11	574680	Trigger-In:11	147	fixation_point_on	staircase	18	red	right	unaware	1	0
575.280	0.000	trigger_21	21	575280	Trigger-In:21	147	grating_on	staircase	18	red	right	unaware	1	0
575.330	0.000	trigger_20	20	575330	Trigger-In:20	147	grating_off	staircase	18	red	right	unaware	1	0
575.930	0.000	trigger_31	31	575930	Trigger-In:31	147	targets_on_fp_color_change	staircase	18	red	right	unaware	1	0
577.625	0.000	trigger_201	201	577625	Trigger-In:201	147	trial_end_completed	staircase	18	red	right	unaware	1	0
578.695	0.000	trigger_101	101	578695	Trigger-In:101	148	trial_start	staircase	19	red	left	aware	1	0
578.800	0.000	trigger_11	11	578800	Trigger-In:11	148	fixation_point_on	staircase	19	red	left	aware	1	0
579.400	0.000	trigger_21	21	579400	Trigger-In:21	148	grating_on	staircase	19	red	left	aware	1	0
579.450	0.000	trigger_20	20	579450	Trigger-In:20	148	grating_off	staircase	19	red	left	aware	1	0
580.055	0.000	trigger_31	31	580055	Trigger-In:31	148	targets_on_fp_color_change	staircase	19	red	left	aware	1	0
580.935	0.000	trigger_201	201	580935	Trigger-In:201	148	trial_end_completed	staircase	19	red	left	aware	1	0
582.005	0.000	trigger_101	101	582005	Trigger-In:101	149	trial_start	absent	70	red	left	aware	1	0
582.110	0.000	trigger_11	11	582110	Trigger-In:11	149	fixation_point_on	absent	70	red	left	aware	1	0
582.710	0.000	trigger_21	21	582710	Trigger-In:21	149	grating_on	absent	70	red	left	aware	1	0
582.760	0.000	trigger_20	20	582760	Trigger-In:20	149	grating_off	absent	70	red	left	aware	1	0
583.360	0.000	trigger_31	31	583360	Trigger-In:31	149	targets_on_fp_color_change	absent	70	red	left	aware	1	0
584.285	0.000	trigger_201	201	584285	Trigger-In:201	149	trial_end_completed	absent	70	red	left	aware	1	0
585.355	0.000	trigger_101	101	585355	Trigger-In:101	150	trial_start	staircase	18	red	left	aware	1	0
585.460	0.000	trigger_11	11	585460	Trigger-In:11	150	fixation_point_on	staircase	18	red	left	aware	1	0
586.060	0.000	trigger_21	21	586060	Trigger-In:21	150	grating_on	staircase	18	red	left	aware	1	0
586.110	0.000	trigger_20	20	586110	Trigger-In:20	150	grating_off	staircase	18	red	left	aware	1	0
586.710	0.000	trigger_31	31	586710	Trigger-In:31	150	targets_on_fp_color_change	staircase	18	red	left	aware	1	0
587.680	0.000	trigger_201	201	587680	Trigger-In:201	150	trial_end_completed	staircase	18	red	left	aware	1	0
588.750	0.000	trigger_101	101	588750	Trigger-In:101	151	trial_start	absent	70	red	left	aware	1	0
588.855	0.000	trigger_11	11	588855	Trigger-In:11	151	fixation_point_on	absent	70	red	left	aware	1	0
589.455	0.000	trigger_21	21	589455	Trigger-In:21	151	grating_on	absent	70	red	left	aware	1	0
589.505	0.000	trigger_20	20	589505	Trigger-In:20	151	grating_off	absent	70	red	left	aware	1	0
590.110	0.000	trigger_31	31	590110	Trigger-In:31	151	targets_on_fp_color_change	absent	70	red	left	aware	1	0
591.515	0.000	trigger_201	201	591515	Trigger-In:201	151	trial_end_completed	absent	70	red	left	aware	1	0
592.580	0.000	trigger_101	101	592580	Trigger-In:101	152	trial_start	staircase	17	red	right	unaware	1	0
592.685	0.000	trigger_11	11	592685	Trigger-In:11	152	fixation_point_on	staircase	17	red	right	unaware	1	0
593.285	0.000	trigger_21	21	593285	Trigger-In:21	152	grating_on	staircase	17	red	right	unaware	1	0
593.335	0.000	trigger_20	20	593335	Trigger-In:20	152	grating_off	staircase	17	red	right	unaware	1	0
593.935	0.000	trigger_31	31	593935	Trigger-In:31	152	targets_on_fp_color_change	staircase	17	red	right	unaware	1	0
594.820	0.000	trigger_201	201	594820	Trigger-In:201	152	trial_end_completed	staircase	17	red	right	unaware	1	0
595.885	0.000	trigger_101	101	595885	Trigger-In:101	153	trial_start	salient	0	green	left	unaware	1	0
595.990	0.000	trigger_11	11	595990	Trigger-In:11	153	fixation_point_on	salient	0	green	left	unaware	1	0
596.590	0.000	trigger_21	21	596590	Trigger-In:21	153	grating_on	salient	0	green	left	unaware	1	0
596.640	0.000	trigger_20	20	596640	Trigger-In:20	153	grating_off	salient	0	green	left	unaware	1	0
597.240	0.000	trigger_31	31	597240	Trigger-In:31	153	targets_on_fp_color_change	salient	0	green	left	unaware	1	0
598.330	0.000	trigger_201	201	598330	Trigger-In:201	153	trial_end_completed	salient	0	green	left	unaware	1	0
599.395	0.000	trigger_101	101	599395	Trigger-In:101	154	trial_start	staircase	18	red	left	aware	1	0
599.500	0.000	trigger_11	11	599500	Trigger-In:11	154	fixation_point_on	staircase	18	red	left	aware	1	0
600.100	0.000	trigger_21	21	600100	Trigger-In:21	154	grating_on	staircase	18	red	left	aware	1	0
600.150	0.000	trigger_20	20	600150	Trigger-In:20	154	grating_off	staircase	18	red	left	aware	1	0
600.750	0.000	trigger_31	31	600750	Trigger-In:31	154	targets_on_fp_color_change	staircase	18	red	left	aware	1	0
601.735	0.000	trigger_201	201	601735	Trigger-In:201	154	trial_end_completed	staircase	18	red	left	aware	1	0
602.805	0.000	trigger_101	101	602805	Trigger-In:101	155	trial_start	staircase	17	green	right	aware	1	0
602.910	0.000	trigger_11	11	602910	Trigger-In:11	155	fixation_point_on	staircase	17	green	right	aware	1	0
603.510	0.000	trigger_21	21	603510	Trigger-In:21	155	grating_on	staircase	17	green	right	aware	1	0
603.560	0.000	trigger_20	20	603560	Trigger-In:20	155	grating_off	staircase	17	green	right	aware	1	0
604.160	0.000	trigger_31	31	604160	Trigger-In:31	155	targets_on_fp_color_change	staircase	17	green	right	aware	1	0
604.945	0.000	trigger_201	201	604945	Trigger-In:201	155	trial_end_completed	staircase	17	green	right	aware	1	0
606.015	0.000	trigger_101	101	606015	Trigger-In:101	156	trial_start	staircase	16	red	right	unaware	1	0
606.120	0.000	trigger_11	11	606120	Trigger-In:11	156	fixation_point_on	staircase	16	red	right	unaware	1	0
606.720	0.000	trigger_21	21	606720	Trigger-In:21	156	grating_on	staircase	16	red	right	unaware	1	0
606.770	0.000	trigger_20	20	606770	Trigger-In:20	156	grating_off	staircase	16	red	right	unaware	1	0
607.375	0.000	trigger_31	31	607375	Trigger-In:31	156	targets_on_fp_color_change	staircase	16	red	right	unaware	1	0
608.555	0.000	trigger_201	201	608555	Trigger-In:201	156	trial_end_completed	staircase	16	red	right	unaware	1	0
609.625	0.000	trigger_101	101	609625	Trigger-In:101	157	trial_start	salient	0	green	left	unaware	1	0
609.730	0.000	trigger_11	11	609730	Trigger-In:11	157	fixation_point_on	salient	0	green	left	unaware	1	0
610.330	0.000	trigger_21	21	610330	Trigger-In:21	157	grating_on	salient	0	green	left	unaware	1	0
610.380	0.000	trigger_20	20	610380	Trigger-In:20	157	grating_off	salient	0	green	left	unaware	1	0
610.985	0.000	trigger_31	31	610985	Trigger-In:31	157	targets_on_fp_color_change	salient	0	green	left	unaware	1	0
611.970	0.000	trigger_201	201	611970	Trigger-In:201	157	trial_end_completed	salient	0	green	left	unaware	1	0
613.045	0.000	trigger_101	101	613045	Trigger-In:101	158	trial_start	salient	0	red	left	aware	1	0
613.150	0.000	trigger_11	11	613150	Trigger-In:11	158	fixation_point_on	salient	0	red	left	aware	1	0
613.750	0.000	trigger_21	21	613750	Trigger-In:21	158	grating_on	salient	0	red	left	aware	1	0
613.800	0.000	trigger_20	20	613800	Trigger-In:20	158	grating_off	salient	0	red	left	aware	1	0
614.400	0.000	trigger_31	31	614400	Trigger-In:31	158	targets_on_fp_color_change	salient	0	red	left	aware	1	0
615.940	0.000	trigger_201	201	615940	Trigger-In:201	158	trial_end_completed	salient	0	red	left	aware	1	0
617.265	0.000	trigger_101	101	617265	Trigger-In:101	159	trial_start	staircase	17	red	right	unaware	1	0
617.370	0.000	trigger_11	11	617370	Trigger-In:11	159	fixation_point_on	staircase	17	red	right	unaware	1	0
617.970	0.000	trigger_21	21	617970	Trigger-In:21	159	grating_on	staircase	17	red	right	unaware	1	0
618.020	0.000	trigger_20	20	618020	Trigger-In:20	159	grating_off	staircase	17	red	right	unaware	1	0
618.620	0.000	trigger_31	31	618620	Trigger-In:31	159	targets_on_fp_color_change	staircase	17	red	right	unaware	1	0
619.480	0.000	trigger_201	201	619480	Trigger-In:201	159	trial_end_completed	staircase	17	red	right	unaware	1	0
620.550	0.000	trigger_101	101	620550	Trigger-In:101	160	trial_start	staircase	18	green	right	aware	1	0
620.650	0.000	trigger_11	11	620650	Trigger-In:11	160	fixation_point_on	staircase	18	green	right	aware	1	0
621.250	0.000	trigger_21	21	621250	Trigger-In:21	160	grating_on	staircase	18	green	right	aware	1	0
621.300	0.000	trigger_20	20	621300	Trigger-In:20	160	grating_off	staircase	18	green	right	aware	1	0
621.900	0.000	trigger_31	31	621900	Trigger-In:31	160	targets_on_fp_color_change	staircase	18	green	right	aware	1	0
623.455	0.000	trigger_201	201	623455	Trigger-In:201	160	trial_end_completed	staircase	18	green	right	aware	1	0
624.525	0.000	trigger_101	101	624525	Trigger-In:101	161	trial_start	staircase	17	red	left	aware	1	0
624.625	0.000	trigger_11	11	624625	Trigger-In:11	161	fixation_point_on	staircase	17	red	left	aware	1	0
625.225	0.000	trigger_21	21	625225	Trigger-In:21	161	grating_on	staircase	17	red	left	aware	1	0
625.275	0.000	trigger_20	20	625275	Trigger-In:20	161	grating_off	staircase	17	red	left	aware	1	0
625.880	0.000	trigger_31	31	625880	Trigger-In:31	161	targets_on_fp_color_change	staircase	17	red	left	aware	1	0
626.915	0.000	trigger_201	201	626915	Trigger-In:201	161	trial_end_completed	staircase	17	red	left	aware	1	0
627.985	0.000	trigger_101	101	627985	Trigger-In:101	162	trial_start	staircase	16	red	left	aware	1	0
628.090	0.000	trigger_11	11	628090	Trigger-In:11	162	fixation_point_on	staircase	16	red	left	aware	1	0
628.690	0.000	trigger_21	21	628690	Trigger-In:21	162	grating_on	staircase	16	red	left	aware	1	0
628.740	0.000	trigger_20	20	628740	Trigger-In:20	162	grating_off	staircase	16	red	left	aware	1	0
629.340	0.000	trigger_31	31	629340	Trigger-In:31	162	targets_on_fp_color_change	staircase	16	red	left	aware	1	0
630.250	0.000	trigger_201	201	630250	Trigger-In:201	162	trial_end_completed	staircase	16	red	left	aware	1	0
631.320	0.000	trigger_101	101	631320	Trigger-In:101	163	trial_start	staircase	15	green	right	aware	1	0
631.425	0.000	trigger_11	11	631425	Trigger-In:11	163	fixation_point_on	staircase	15	green	right	aware	1	0
632.025	0.000	trigger_21	21	632025	Trigger-In:21	163	grating_on	staircase	15	green	right	aware	1	0
632.075	0.000	trigger_20	20	632075	Trigger-In:20	163	grating_off	staircase	15	green	right	aware	1	0
632.675	0.000	trigger_31	31	632675	Trigger-In:31	163	targets_on_fp_color_change	staircase	15	green	right	aware	1	0
633.645	0.000	trigger_201	201	633645	Trigger-In:201	163	trial_end_completed	staircase	15	green	right	aware	1	0
634.715	0.000	trigger_101	101	634715	Trigger-In:101	164	trial_start	staircase	14	green	left	unaware	1	0
634.820	0.000	trigger_11	11	634820	Trigger-In:11	164	fixation_point_on	staircase	14	green	left	unaware	1	0
635.420	0.000	trigger_21	21	635420	Trigger-In:21	164	grating_on	staircase	14	green	left	unaware	1	0
635.470	0.000	trigger_20	20	635470	Trigger-In:20	164	grating_off	staircase	14	green	left	unaware	1	0
636.070	0.000	trigger_31	31	636070	Trigger-In:31	164	targets_on_fp_color_change	staircase	14	green	left	unaware	1	0
636.920	0.000	trigger_201	201	636920	Trigger-In:201	164	trial_end_completed	staircase	14	green	left	unaware	1	0
637.990	0.000	trigger_101	101	637990	Trigger-In:101	165	trial_start	staircase	15	red	left	aware	1	0
638.095	0.000	trigger_11	11	638095	Trigger-In:11	165	fixation_point_on	staircase	15	red	left	aware	1	0
638.695	0.000	trigger_21	21	638695	Trigger-In:21	165	grating_on	staircase	15	red	left	aware	1	0
638.745	0.000	trigger_20	20	638745	Trigger-In:20	165	grating_off	staircase	15	red	left	aware	1	0
639.345	0.000	trigger_31	31	639345	Trigger-In:31	165	targets_on_fp_color_change	staircase	15	red	left	aware	1	0
640.595	0.000	trigger_201	201	640595	Trigger-In:201	165	trial_end_completed	staircase	15	red	left	aware	1	0
641.665	0.000	trigger_101	101	641665	Trigger-In:101	166	trial_start	staircase	14	green	right	aware	1	0
641.770	0.000	trigger_11	11	641770	Trigger-In:11	166	fixation_point_on	staircase	14	green	right	aware	1	0
642.370	0.000	trigger_21	21	642370	Trigger-In:21	166	grating_on	staircase	14	green	right	aware	1	0
642.420	0.000	trigger_20	20	642420	Trigger-In:20	166	grating_off	staircase	14	green	right	aware	1	0
643.020	0.000	trigger_31	31	643020	Trigger-In:31	166	targets_on_fp_color_change	staircase	14	green	right	aware	1	0
644.025	0.000	trigger_201	201	644025	Trigger-In:201	166	trial_end_completed	staircase	14	green	right	aware	1	0
645.090	0.000	trigger_101	101	645090	Trigger-In:101	167	trial_start	staircase	13	red	right	unaware	1	0
645.195	0.000	trigger_11	11	645195	Trigger-In:11	167	fixation_point_on	staircase	13	red	right	unaware	1	0
645.795	0.000	trigger_21	21	645795	Trigger-In:21	167	grating_on	staircase	13	red	right	unaware	1	0
645.845	0.000	trigger_20	20	645845	Trigger-In:20	167	grating_off	staircase	13	red	right	unaware	1	0
646.445	0.000	trigger_31	31	646445	Trigger-In:31	167	targets_on_fp_color_change	staircase	13	red	right	unaware	1	0
647.660	0.000	trigger_201	201	647660	Trigger-In:201	167	trial_end_completed	staircase	13	red	right	unaware	1	0
648.730	0.000	trigger_101	101	648730	Trigger-In:101	168	trial_start	salient	0	green	left	unaware	1	0
648.830	0.000	trigger_11	11	648830	Trigger-In:11	168	fixation_point_on	salient	0	green	left	unaware	1	0
649.430	0.000	trigger_21	21	649430	Trigger-In:21	168	grating_on	salient	0	green	left	unaware	1	0
649.480	0.000	trigger_20	20	649480	Trigger-In:20	168	grating_off	salient	0	green	left	unaware	1	0
650.085	0.000	trigger_31	31	650085	Trigger-In:31	168	targets_on_fp_color_change	salient	0	green	left	unaware	1	0
651.215	0.000	trigger_201	201	651215	Trigger-In:201	168	trial_end_completed	salient	0	green	left	unaware	1	0
652.285	0.000	trigger_101	101	652285	Trigger-In:101	169	trial_start	staircase	14	red	n/a	n/a	0	1
652.390	0.000	trigger_11	11	652390	Trigger-In:11	169	fixation_point_on	staircase	14	red	n/a	n/a	0	1
652.660	0.000	trigger_204	204	652660	Trigger-In:204	169	trial_end_fixation_break	staircase	14	red	n/a	n/a	0	1
654.400	0.000	trigger_101	101	654400	Trigger-In:101	170	trial_start	staircase	14	green	left	unaware	1	0
654.505	0.000	trigger_11	11	654505	Trigger-In:11	170	fixation_point_on	staircase	14	green	left	unaware	1	0
655.105	0.000	trigger_21	21	655105	Trigger-In:21	170	grating_on	staircase	14	green	left	unaware	1	0
655.155	0.000	trigger_20	20	655155	Trigger-In:20	170	grating_off	staircase	14	green	left	unaware	1	0
655.755	0.000	trigger_31	31	655755	Trigger-In:31	170	targets_on_fp_color_change	staircase	14	green	left	unaware	1	0
657.360	0.000	trigger_201	201	657360	Trigger-In:201	170	trial_end_completed	staircase	14	green	left	unaware	1	0
658.430	0.000	trigger_101	101	658430	Trigger-In:101	171	trial_start	salient	0	red	right	unaware	1	0
658.535	0.000	trigger_11	11	658535	Trigger-In:11	171	fixation_point_on	salient	0	red	right	unaware	1	0
659.135	0.000	trigger_21	21	659135	Trigger-In:21	171	grating_on	salient	0	red	right	unaware	1	0
659.185	0.000	trigger_20	20	659185	Trigger-In:20	171	grating_off	salient	0	red	right	unaware	1	0
659.785	0.000	trigger_31	31	659785	Trigger-In:31	171	targets_on_fp_color_change	salient	0	red	right	unaware	1	0
660.775	0.000	trigger_201	201	660775	Trigger-In:201	171	trial_end_completed	salient	0	red	right	unaware	1	0
661.845	0.000	trigger_101	101	661845	Trigger-In:101	172	trial_start	staircase	15	red	right	unaware	1	0
661.950	0.000	trigger_11	11	661950	Trigger-In:11	172	fixation_point_on	staircase	15	red	right	unaware	1	0
662.550	0.000	trigger_21	21	662550	Trigger-In:21	172	grating_on	staircase	15	red	right	unaware	1	0
662.600	0.000	trigger_20	20	662600	Trigger-In:20	172	grating_off	staircase	15	red	right	unaware	1	0
663.200	0.000	trigger_31	31	663200	Trigger-In:31	172	targets_on_fp_color_change	staircase	15	red	right	unaware	1	0
664.805	0.000	trigger_201	201	664805	Trigger-In:201	172	trial_end_completed	staircase	15	red	right	unaware	1	0
665.880	0.000	trigger_101	101	665880	Trigger-In:101	173	trial_start	staircase	16	green	left	unaware	1	0
665.985	0.000	trigger_11	11	665985	Trigger-In:11	173	fixation_point_on	staircase	16	green	left	unaware	1	0
666.585	0.000	trigger_21	21	666585	Trigger-In:21	173	grating_on	staircase	16	green	left	unaware	1	0
666.635	0.000	trigger_20	20	666635	Trigger-In:20	173	grating_off	staircase	16	green	left	unaware	1	0
667.235	0.000	trigger_31	31	667235	Trigger-In:31	173	targets_on_fp_color_change	staircase	16	green	left	unaware	1	0
668.200	0.000	trigger_201	201	668200	Trigger-In:201	173	trial_end_completed	staircase	16	green	left	unaware	1	0
669.265	0.000	trigger_101	101	669265	Trigger-In:101	174	trial_start	salient	0	red	right	unaware	1	0
669.370	0.000	trigger_11	11	669370	Trigger-In:11	174	fixation_point_on	salient	0	red	right	unaware	1	0
669.970	0.000	trigger_21	21	669970	Trigger-In:21	174	grating_on	salient	0	red	right	unaware	1	0
670.020	0.000	trigger_20	20	670020	Trigger-In:20	174	grating_off	salient	0	red	right	unaware	1	0
670.620	0.000	trigger_31	31	670620	Trigger-In:31	174	targets_on_fp_color_change	salient	0	red	right	unaware	1	0
672.290	0.000	trigger_201	201	672290	Trigger-In:201	174	trial_end_completed	salient	0	red	right	unaware	1	0
673.360	0.000	trigger_101	101	673360	Trigger-In:101	175	trial_start	staircase	17	green	left	unaware	1	0
673.465	0.000	trigger_11	11	673465	Trigger-In:11	175	fixation_point_on	staircase	17	green	left	unaware	1	0
674.065	0.000	trigger_21	21	674065	Trigger-In:21	175	grating_on	staircase	17	green	left	unaware	1	0
674.115	0.000	trigger_20	20	674115	Trigger-In:20	175	grating_off	staircase	17	green	left	unaware	1	0
674.720	0.000	trigger_31	31	674720	Trigger-In:31	175	targets_on_fp_color_change	staircase	17	green	left	unaware	1	0
675.695	0.000	trigger_201	201	675695	Trigger-In:201	175	trial_end_completed	staircase	17	green	left	unaware	1	0
676.760	0.000	trigger_101	101	676760	Trigger-In:101	176	trial_start	salient	0	red	right	unaware	1	0
676.865	0.000	trigger_11	11	676865	Trigger-In:11	176	fixation_point_on	salient	0	red	right	unaware	1	0
677.465	0.000	trigger_21	21	677465	Trigger-In:21	176	grating_on	salient	0	red	right	unaware	1	0
677.515	0.000	trigger_20	20	677515	Trigger-In:20	176	grating_off	salient	0	red	right	unaware	1	0
678.115	0.000	trigger_31	31	678115	Trigger-In:31	176	targets_on_fp_color_change	salient	0	red	right	unaware	1	0
679.075	0.000	trigger_201	201	679075	Trigger-In:201	176	trial_end_completed	salient	0	red	right	unaware	1	0
680.140	0.000	trigger_101	101	680140	Trigger-In:101	177	trial_start	salient	0	red	right	unaware	1	0
680.245	0.000	trigger_11	11	680245	Trigger-In:11	177	fixation_point_on	salient	0	red	right	unaware	1	0
680.845	0.000	trigger_21	21	680845	Trigger-In:21	177	grating_on	salient	0	red	right	unaware	1	0
680.900	0.000	trigger_20	20	680900	Trigger-In:20	177	grating_off	salient	0	red	right	unaware	1	0
681.500	0.000	trigger_31	31	681500	Trigger-In:31	177	targets_on_fp_color_change	salient	0	red	right	unaware	1	0
682.315	0.000	trigger_201	201	682315	Trigger-In:201	177	trial_end_completed	salient	0	red	right	unaware	1	0
683.385	0.000	trigger_101	101	683385	Trigger-In:101	178	trial_start	staircase	18	red	right	unaware	1	0
683.490	0.000	trigger_11	11	683490	Trigger-In:11	178	fixation_point_on	staircase	18	red	right	unaware	1	0
684.090	0.000	trigger_21	21	684090	Trigger-In:21	178	grating_on	staircase	18	red	right	unaware	1	0
684.140	0.000	trigger_20	20	684140	Trigger-In:20	178	grating_off	staircase	18	red	right	unaware	1	0
684.740	0.000	trigger_31	31	684740	Trigger-In:31	178	targets_on_fp_color_change	staircase	18	red	right	unaware	1	0
685.565	0.000	trigger_201	201	685565	Trigger-In:201	178	trial_end_completed	staircase	18	red	right	unaware	1	0
686.635	0.000	trigger_101	101	686635	Trigger-In:101	179	trial_start	staircase	19	green	left	unaware	1	0
686.745	0.000	trigger_11	11	686745	Trigger-In:11	179	fixation_point_on	staircase	19	green	left	unaware	1	0
687.345	0.000	trigger_21	21	687345	Trigger-In:21	179	grating_on	staircase	19	green	left	unaware	1	0
687.395	0.000	trigger_20	20	687395	Trigger-In:20	179	grating_off	staircase	19	green	left	unaware	1	0
687.995	0.000	trigger_31	31	687995	Trigger-In:31	179	targets_on_fp_color_change	staircase	19	green	left	unaware	1	0
689.005	0.000	trigger_201	201	689005	Trigger-In:201	179	trial_end_completed	staircase	19	green	left	unaware	1	0
690.075	0.000	trigger_101	101	690075	Trigger-In:101	180	trial_start	staircase	20	red	left	aware	1	0
690.180	0.000	trigger_11	11	690180	Trigger-In:11	180	fixation_point_on	staircase	20	red	left	aware	1	0
690.780	0.000	trigger_21	21	690780	Trigger-In:21	180	grating_on	staircase	20	red	left	aware	1	0
690.830	0.000	trigger_20	20	690830	Trigger-In:20	180	grating_off	staircase	20	red	left	aware	1	0
691.430	0.000	trigger_31	31	691430	Trigger-In:31	180	targets_on_fp_color_change	staircase	20	red	left	aware	1	0
692.440	0.000	trigger_201	201	692440	Trigger-In:201	180	trial_end_completed	staircase	20	red	left	aware	1	0
