onset	duration	trial_type	value	sample	source_annotation	trial	event_name	stim_presence	contrast	fp_color	response	awareness	trial_complete	fixation_break
53.935	0.000	trigger_101	101	53935	Trigger-In:101	1	trial_start	salient	0	green	left	unaware	1	0
53.940	0.000	trigger_255	255	53940	Trigger-In:255	1	n/a	salient	0	green	left	unaware	1	0
54.045	0.000	trigger_11	11	54045	Trigger-In:11	1	fixation_point_on	salient	0	green	left	unaware	1	0
54.645	0.000	trigger_21	21	54645	Trigger-In:21	1	grating_on	salient	0	green	left	unaware	1	0
54.710	0.000	trigger_20	20	54710	Trigger-In:20	1	grating_off	salient	0	green	left	unaware	1	0
55.310	0.000	trigger_31	31	55310	Trigger-In:31	1	targets_on_fp_color_change	salient	0	green	left	unaware	1	0
56.815	0.000	trigger_201	201	56815	Trigger-In:201	1	trial_end_completed	salient	0	green	left	unaware	1	0
58.105	0.000	trigger_101	101	58105	Trigger-In:101	2	trial_start	staircase	20	red	left	aware	1	0
58.210	0.000	trigger_11	11	58210	Trigger-In:11	2	fixation_point_on	staircase	20	red	left	aware	1	0
58.810	0.000	trigger_21	21	58810	Trigger-In:21	2	grating_on	staircase	20	red	left	aware	1	0
58.860	0.000	trigger_20	20	58860	Trigger-In:20	2	grating_off	staircase	20	red	left	aware	1	0
59.465	0.000	trigger_31	31	59465	Trigger-In:31	2	targets_on_fp_color_change	staircase	20	red	left	aware	1	0
60.255	0.000	trigger_201	201	60255	Trigger-In:201	2	trial_end_completed	staircase	20	red	left	aware	1	0
61.335	0.000	trigger_101	101	61335	Trigger-In:101	3	trial_start	staircase	19	green	right	aware	1	0
61.445	0.000	trigger_11	11	61445	Trigger-In:11	3	fixation_point_on	staircase	19	green	right	aware	1	0
62.045	0.000	trigger_21	21	62045	Trigger-In:21	3	grating_on	staircase	19	green	right	aware	1	0
62.095	0.000	trigger_20	20	62095	Trigger-In:20	3	grating_off	staircase	19	green	right	aware	1	0
62.695	0.000	trigger_31	31	62695	Trigger-In:31	3	targets_on_fp_color_change	staircase	19	green	right	aware	1	0
63.520	0.000	trigger_201	201	63520	Trigger-In:201	3	trial_end_completed	staircase	19	green	right	aware	1	0
64.590	0.000	trigger_101	101	64590	Trigger-In:101	4	trial_start	salient	0	red	right	unaware	1	0
64.700	0.000	trigger_11	11	64700	Trigger-In:11	4	fixation_point_on	salient	0	red	right	unaware	1	0
65.300	0.000	trigger_21	21	65300	Trigger-In:21	4	grating_on	salient	0	red	right	unaware	1	0
65.350	0.000	trigger_20	20	65350	Trigger-In:20	4	grating_off	salient	0	red	right	unaware	1	0
65.950	0.000	trigger_31	31	65950	Trigger-In:31	4	targets_on_fp_color_change	salient	0	red	right	unaware	1	0
66.730	0.000	trigger_201	201	66730	Trigger-In:201	4	trial_end_completed	salient	0	red	right	unaware	1	0
67.795	0.000	trigger_101	101	67795	Trigger-In:101	5	trial_start	staircase	18	red	left	aware	1	0
67.900	0.000	trigger_11	11	67900	Trigger-In:11	5	fixation_point_on	staircase	18	red	left	aware	1	0
68.500	0.000	trigger_21	21	68500	Trigger-In:21	5	grating_on	staircase	18	red	left	aware	1	0
68.550	0.000	trigger_20	20	68550	Trigger-In:20	5	grating_off	staircase	18	red	left	aware	1	0
69.150	0.000	trigger_31	31	69150	Trigger-In:31	5	targets_on_fp_color_change	staircase	18	red	left	aware	1	0
70.030	0.000	trigger_201	201	70030	Trigger-In:201	5	trial_end_completed	staircase	18	red	left	aware	1	0
71.100	0.000	trigger_101	101	71100	Trigger-In:101	6	trial_start	staircase	17	red	left	aware	1	0
71.210	0.000	trigger_11	11	71210	Trigger-In:11	6	fixation_point_on	staircase	17	red	left	aware	1	0
71.810	0.000	trigger_21	21	71810	Trigger-In:21	6	grating_on	staircase	17	red	left	aware	1	0
71.860	0.000	trigger_20	20	71860	Trigger-In:20	6	grating_off	staircase	17	red	left	aware	1	0
72.460	0.000	trigger_31	31	72460	Trigger-In:31	6	targets_on_fp_color_change	staircase	17	red	left	aware	1	0
73.355	0.000	trigger_201	201	73355	Trigger-In:201	6	trial_end_completed	staircase	17	red	left	aware	1	0
74.425	0.000	trigger_101	101	74425	Trigger-In:101	7	trial_start	staircase	16	red	left	aware	1	0
74.530	0.000	trigger_11	11	74530	Trigger-In:11	7	fixation_point_on	staircase	16	red	left	aware	1	0
75.130	0.000	trigger_21	21	75130	Trigger-In:21	7	grating_on	staircase	16	red	left	aware	1	0
75.180	0.000	trigger_20	20	75180	Trigger-In:20	7	grating_off	staircase	16	red	left	aware	1	0
75.780	0.000	trigger_31	31	75780	Trigger-In:31	7	targets_on_fp_color_change	staircase	16	red	left	aware	1	0
76.415	0.000	trigger_201	201	76415	Trigger-In:201	7	trial_end_completed	staircase	16	red	left	aware	1	0
77.480	0.000	trigger_101	101	77480	Trigger-In:101	8	trial_start	staircase	15	green	right	aware	1	0
77.585	0.000	trigger_11	11	77585	Trigger-In:11	8	fixation_point_on	staircase	15	green	right	aware	1	0
78.185	0.000	trigger_21	21	78185	Trigger-In:21	8	grating_on	staircase	15	green	right	aware	1	0
78.235	0.000	trigger_20	20	78235	Trigger-In:20	8	grating_off	staircase	15	green	right	aware	1	0
78.835	0.000	trigger_31	31	78835	Trigger-In:31	8	targets_on_fp_color_change	staircase	15	green	right	aware	1	0
79.575	0.000	trigger_201	201	79575	Trigger-In:201	8	trial_end_completed	staircase	15	green	right	aware	1	0
80.645	0.000	trigger_101	101	80645	Trigger-In:101	9	trial_start	staircase	14	red	right	unaware	1	0
80.745	0.000	trigger_11	11	80745	Trigger-In:11	9	fixation_point_on	staircase	14	red	right	unaware	1	0
81.345	0.000	trigger_21	21	81345	Trigger-In:21	9	grating_on	staircase	14	red	right	unaware	1	0
81.400	0.000	trigger_20	20	81400	Trigger-In:20	9	grating_off	staircase	14	red	right	unaware	1	0
82.000	0.000	trigger_31	31	82000	Trigger-In:31	9	targets_on_fp_color_change	staircase	14	red	right	unaware	1	0
82.890	0.000	trigger_201	201	82890	Trigger-In:201	9	trial_end_completed	staircase	14	red	right	unaware	1	0
83.955	0.000	trigger_101	101	83955	Trigger-In:101	10	trial_start	salient	0	red	right	unaware	1	0
84.060	0.000	trigger_11	11	84060	Trigger-In:11	10	fixation_point_on	salient	0	red	right	unaware	1	0
84.660	0.000	trigger_21	21	84660	Trigger-In:21	10	grating_on	salient	0	red	right	unaware	1	0
84.710	0.000	trigger_20	20	84710	Trigger-In:20	10	grating_off	salient	0	red	right	unaware	1	0
85.310	0.000	trigger_31	31	85310	Trigger-In:31	10	targets_on_fp_color_change	salient	0	red	right	unaware	1	0
85.990	0.000	trigger_201	201	85990	Trigger-In:201	10	trial_end_completed	salient	0	red	right	unaware	1	0
87.055	0.000	trigger_101	101	87055	Trigger-In:101	11	trial_start	staircase	15	red	left	aware	1	0
87.165	0.000	trigger_11	11	87165	Trigger-In:11	11	fixation_point_on	staircase	15	red	left	aware	1	0
87.765	0.000	trigger_21	21	87765	Trigger-In:21	11	grating_on	staircase	15	red	left	aware	1	0
87.815	0.000	trigger_20	20	87815	Trigger-In:20	11	grating_off	staircase	15	red	left	aware	1	0
88.415	0.000	trigger_31	31	88415	Trigger-In:31	11	targets_on_fp_color_change	staircase	15	red	left	aware	1	0
89.250	0.000	trigger_201	201	89250	Trigger-In:201	11	trial_end_completed	staircase	15	red	left	aware	1	0
90.320	0.000	trigger_101	101	90320	Trigger-In:101	12	trial_start	staircase	14	green	right	aware	1	0
90.425	0.000	trigger_11	11	90425	Trigger-In:11	12	fixation_point_on	staircase	14	green	right	aware	1	0
91.025	0.000	trigger_21	21	91025	Trigger-In:21	12	grating_on	staircase	14	green	right	aware	1	0
91.075	0.000	trigger_20	20	91075	Trigger-In:20	12	grating_off	staircase	14	green	right	aware	1	0
91.675	0.000	trigger_31	31	91675	Trigger-In:31	12	targets_on_fp_color_change	staircase	14	green	right	aware	1	0
92.435	0.000	trigger_201	201	92435	Trigger-In:201	12	trial_end_completed	staircase	14	green	right	aware	1	0
93.500	0.000	trigger_101	101	93500	Trigger-In:101	13	trial_start	staircase	13	red	n/a	n/a	0	1
93.610	0.000	trigger_11	11	93610	Trigger-In:11	13	fixation_point_on	staircase	13	red	n/a	n/a	0	1
94.210	0.000	trigger_21	21	94210	Trigger-In:21	13	grating_on	staircase	13	red	n/a	n/a	0	1
94.220	0.000	trigger_204	204	94220	Trigger-In:204	13	trial_end_fixation_break	staircase	13	red	n/a	n/a	0	1
95.955	0.000	trigger_101	101	95955	Trigger-In:101	14	trial_start	staircase	13	red	left	aware	1	0
96.060	0.000	trigger_11	11	96060	Trigger-In:11	14	fixation_point_on	staircase	13	red	left	aware	1	0
96.660	0.000	trigger_21	21	96660	Trigger-In:21	14	grating_on	staircase	13	red	left	aware	1	0
96.710	0.000	trigger_20	20	96710	Trigger-In:20	14	grating_off	staircase	13	red	left	aware	1	0
97.310	0.000	trigger_31	31	97310	Trigger-In:31	14	targets_on_fp_color_change	staircase	13	red	left	aware	1	0
98.125	0.000	trigger_201	201	98125	Trigger-In:201	14	trial_end_completed	staircase	13	red	left	aware	1	0
99.190	0.000	trigger_101	101	99190	Trigger-In:101	15	trial_start	absent	70	green	right	aware	1	0
99.300	0.000	trigger_11	11	99300	Trigger-In:11	15	fixation_point_on	absent	70	green	right	aware	1	0
99.900	0.000	trigger_21	21	99900	Trigger-In:21	15	grating_on	absent	70	green	right	aware	1	0
99.950	0.000	trigger_20	20	99950	Trigger-In:20	15	grating_off	absent	70	green	right	aware	1	0
100.550	0.000	trigger_31	31	100550	Trigger-In:31	15	targets_on_fp_color_change	absent	70	green	right	aware	1	0
101.440	0.000	trigger_201	201	101440	Trigger-In:201	15	trial_end_completed	absent	70	green	right	aware	1	0
102.510	0.000	trigger_101	101	102510	Trigger-In:101	16	trial_start	staircase	12	green	left	unaware	1	0
102.610	0.000	trigger_11	11	102610	Trigger-In:11	16	fixation_point_on	staircase	12	green	left	unaware	1	0
103.210	0.000	trigger_21	21	103210	Trigger-In:21	16	grating_on	staircase	12	green	left	unaware	1	0
103.260	0.000	trigger_20	20	103260	Trigger-In:20	16	grating_off	staircase	12	green	left	unaware	1	0
103.865	0.000	trigger_31	31	103865	Trigger-In:31	16	targets_on_fp_color_change	staircase	12	green	left	unaware	1	0
104.895	0.000	trigger_201	201	104895	Trigger-In:201	16	trial_end_completed	staircase	12	green	left	unaware	1	0
105.965	0.000	trigger_101	101	105965	Trigger-In:101	17	trial_start	staircase	13	red	right	unaware	1	0
106.070	0.000	trigger_11	11	106070	Trigger-In:11	17	fixation_point_on	staircase	13	red	right	unaware	1	0
106.670	0.000	trigger_21	21	106670	Trigger-In:21	17	grating_on	staircase	13	red	right	unaware	1	0
106.720	0.000	trigger_20	20	106720	Trigger-In:20	17	grating_off	staircase	13	red	right	unaware	1	0
107.320	0.000	trigger_31	31	107320	Trigger-In:31	17	targets_on_fp_color_change	staircase	13	red	right	unaware	1	0
108.635	0.000	trigger_201	201	108635	Trigger-In:201	17	trial_end_completed	staircase	13	red	right	unaware	1	0
109.705	0.000	trigger_101	101	109705	Trigger-In:101	18	trial_start	staircase	14	red	left	aware	1	0
109.810	0.000	trigger_11	11	109810	Trigger-In:11	18	fixation_point_on	staircase	14	red	left	aware	1	0
110.410	0.000	trigger_21	21	110410	Trigger-In:21	18	grating_on	staircase	14	red	left	aware	1	0
110.465	0.000	trigger_20	20	110465	Trigger-In:20	18	grating_off	staircase	14	red	left	aware	1	0
111.065	0.000	trigger_31	31	111065	Trigger-In:31	18	targets_on_fp_color_change	staircase	14	red	left	aware	1	0
111.805	0.000	trigger_201	201	111805	Trigger-In:201	18	trial_end_completed	staircase	14	red	left	aware	1	0
112.870	0.000	trigger_101	101	112870	Trigger-In:101	19	trial_start	staircase	13	green	right	aware	1	0
112.980	0.000	trigger_11	11	112980	Trigger-In:11	19	fixation_point_on	staircase	13	green	right	aware	1	0
113.580	0.000	trigger_21	21	113580	Trigger-In:21	19	grating_on	staircase	13	green	right	aware	1	0
113.630	0.000	trigger_20	20	113630	Trigger-In:20	19	grating_off	staircase	13	green	right	aware	1	0
114.230	0.000	trigger_31	31	114230	Trigger-In:31	19	targets_on_fp_color_change	staircase	13	green	right	aware	1	0
115.140	0.000	trigger_201	201	115140	Trigger-In:201	19	trial_end_completed	staircase	13	green	right	aware	1	0
116.205	0.000	trigger_101	101	116205	Trigger-In:101	20	trial_start	staircase	12	red	left	aware	1	0
116.310	0.000	trigger_11	11	116310	Trigger-In:11	20	fixation_point_on	staircase	12	red	left	aware	1	0
116.910	0.000	trigger_21	21	116910	Trigger-In:21	20	grating_on	staircase	12	red	left	aware	1	0
116.960	0.000	trigger_20	20	116960	Trigger-In:20	20	grating_off	staircase	12	red	left	aware	1	0
117.560	0.000	trigger_31	31	117560	Trigger-In:31	20	targets_on_fp_color_change	staircase	12	red	left	aware	1	0
118.450	0.000	trigger_201	201	118450	Trigger-In:201	20	trial_end_completed	staircase	12	red	left	aware	1	0
119.520	0.000	trigger_101	101	119520	Trigger-In:101	21	trial_start	staircase	11	red	left	aware	1	0
119.620	0.000	trigger_11	11	119620	Trigger-In:11	21	fixation_point_on	staircase	11	red	left	aware	1	0
120.220	0.000	trigger_21	21	120220	Trigger-In:21	21	grating_on	staircase	11	red	left	aware	1	0
120.275	0.000	trigger_20	20	120275	Trigger-In:20	21	grating_off	staircase	11	red	left	aware	1	0
120.875	0.000	trigger_31	31	120875	Trigger-In:31	21	targets_on_fp_color_change	staircase	11	red	left	aware	1	0
121.515	0.000	trigger_201	201	121515	Trigger-In:201	21	trial_end_completed	staircase	11	red	left	aware	1	0
122.580	0.000	trigger_101	101	122580	Trigger-In:101	22	trial_start	salient	0	red	n/a	n/a	0	1
122.685	0.000	trigger_11	11	122685	Trigger-In:11	22	fixation_point_on	salient	0	red	n/a	n/a	0	1
123.285	0.000	trigger_21	21	123285	Trigger-In:21	22	grating_on	salient	0	red	n/a	n/a	0	1
123.335	0.000	trigger_20	20	123335	Trigger-In:20	22	grating_off	salient	0	red	n/a	n/a	0	1
123.700	0.000	trigger_204	204	123700	Trigger-In:204	22	trial_end_fixation_break	salient	0	red	n/a	n/a	0	1
125.410	0.000	trigger_101	101	125410	Trigger-In:101	23	trial_start	staircase	10	red	right	unaware	1	0
125.515	0.000	trigger_11	11	125515	Trigger-In:11	23	fixation_point_on	staircase	10	red	right	unaware	1	0
126.115	0.000	trigger_21	21	126115	Trigger-In:21	23	grating_on	staircase	10	red	right	unaware	1	0
126.165	0.000	trigger_20	20	126165	Trigger-In:20	23	grating_off	staircase	10	red	right	unaware	1	0
126.765	0.000	trigger_31	31	126765	Trigger-In:31	23	targets_on_fp_color_change	staircase	10	red	right	unaware	1	0
128.485	0.000	trigger_201	201	128485	Trigger-In:201	23	trial_end_completed	staircase	10	red	right	unaware	1	0
129.550	0.000	trigger_101	101	129550	Trigger-In:101	24	trial_start	salient	0	red	right	unaware	1	0
129.660	0.000	trigger_11	11	129660	Trigger-In:11	24	fixation_point_on	salient	0	red	right	unaware	1	0
130.255	0.000	trigger_21	21	130255	Trigger-In:21	24	grating_on	salient	0	red	right	unaware	1	0
130.310	0.000	trigger_20	20	130310	Trigger-In:20	24	grating_off	salient	0	red	right	unaware	1	0
130.910	0.000	trigger_31	31	130910	Trigger-In:31	24	targets_on_fp_color_change	salient	0	red	right	unaware	1	0
131.775	0.000	trigger_201	201	131775	Trigger-In:201	24	trial_end_completed	salient	0	red	right	unaware	1	0
132.845	0.000	trigger_101	101	132845	Trigger-In:101	25	trial_start	staircase	11	green	left	unaware	1	0
132.950	0.000	trigger_11	11	132950	Trigger-In:11	25	fixation_point_on	staircase	11	green	left	unaware	1	0
133.550	0.000	trigger_21	21	133550	Trigger-In:21	25	grating_on	staircase	11	green	left	unaware	1	0
133.600	0.000	trigger_20	20	133600	Trigger-In:20	25	grating_off	staircase	11	green	left	unaware	1	0
134.200	0.000	trigger_31	31	134200	Trigger-In:31	25	targets_on_fp_color_change	staircase	11	green	left	unaware	1	0
135.225	0.000	trigger_201	201	135225	Trigger-In:201	25	trial_end_completed	staircase	11	green	left	unaware	1	0
136.290	0.000	trigger_101	101	136290	Trigger-In:101	26	trial_start	staircase	12	red	left	aware	1	0
136.390	0.000	trigger_11	11	136390	Trigger-In:11	26	fixation_point_on	staircase	12	red	left	aware	1	0
136.990	0.000	trigger_21	21	136990	Trigger-In:21	26	grating_on	staircase	12	red	left	aware	1	0
137.040	0.000	trigger_20	20	137040	Trigger-In:20	26	grating_off	staircase	12	red	left	aware	1	0
137.640	0.000	trigger_31	31	137640	Trigger-In:31	26	targets_on_fp_color_change	staircase	12	red	left	aware	1	0
138.940	0.000	trigger_201	201	138940	Trigger-In:201	26	trial_end_completed	staircase	12	red	left	aware	1	0
140.005	0.000	trigger_101	101	140005	Trigger-In:101	27	trial_start	staircase	11	red	right	unaware	1	0
140.110	0.000	trigger_11	11	140110	Trigger-In:11	27	fixation_point_on	staircase	11	red	right	unaware	1	0
140.715	0.000	trigger_21	21	140715	Trigger-In:21	27	grating_on	staircase	11	red	right	unaware	1	0
140.765	0.000	trigger_20	20	140765	Trigger-In:20	27	grating_off	staircase	11	red	right	unaware	1	0
141.365	0.000	trigger_31	31	141365	Trigger-In:31	27	targets_on_fp_color_change	staircase	11	red	right	unaware	1	0
142.895	0.000	trigger_201	201	142895	Trigger-In:201	27	trial_end_completed	staircase	11	red	right	unaware	1	0
143.960	0.000	trigger_101	101	143960	Trigger-In:101	28	trial_start	staircase	12	green	right	aware	1	0
144.065	0.000	trigger_11	11	144065	Trigger-In:11	28	fixation_point_on	staircase	12	green	right	aware	1	0
144.665	0.000	trigger_21	21	144665	Trigger-In:21	28	grating_on	staircase	12	green	right	aware	1	0
144.720	0.000	trigger_20	20	144720	Trigger-In:20	28	grating_off	staircase	12	green	right	aware	1	0
145.320	0.000	trigger_31	31	145320	Trigger-In:31	28	targets_on_fp_color_change	staircase	12	green	right	aware	1	0
146.520	0.000	trigger_201	201	146520	Trigger-In:201	28	trial_end_completed	staircase	12	green	right	aware	1	0
147.590	0.000	trigger_101	101	147590	Trigger-In:101	29	trial_start	staircase	11	green	left	unaware	1	0
147.695	0.000	trigger_11	11	147695	Trigger-In:11	29	fixation_point_on	staircase	11	green	left	unaware	1	0
148.295	0.000	trigger_21	21	148295	Trigger-In:21	29	grating_on	staircase	11	green	left	unaware	1	0
148.345	0.000	trigger_20	20	148345	Trigger-In:20	29	grating_off	staircase	11	green	left	unaware	1	0
148.945	0.000	trigger_31	31	148945	Trigger-In:31	29	targets_on_fp_color_change	staircase	11	green	left	unaware	1	0
149.995	0.000	trigger_201	201	149995	Trigger-In:201	29	trial_end_completed	staircase	11	green	left	unaware	1	0
151.060	0.000	trigger_101	101	151060	Trigger-In:101	30	trial_start	salient	0	green	left	unaware	1	0
151.165	0.000	trigger_11	11	151165	Trigger-In:11	30	fixation_point_on	salient	0	green	left	unaware	1	0
151.765	0.000	trigger_21	21	151765	Trigger-In:21	30	grating_on	salient	0	green	left	unaware	1	0
151.815	0.000	trigger_20	20	151815	Trigger-In:20	30	grating_off	salient	0	green	left	unaware	1	0
152.415	0.000	trigger_31	31	152415	Trigger-In:31	30	targets_on_fp_color_change	salient	0	green	left	unaware	1	0
153.490	0.000	trigger_201	201	153490	Trigger-In:201	30	trial_end_completed	salient	0	green	left	unaware	1	0
154.555	0.000	trigger_101	101	154555	Trigger-In:101	31	trial_start	staircase	12	red	right	unaware	1	0
154.660	0.000	trigger_11	11	154660	Trigger-In:11	31	fixation_point_on	staircase	12	red	right	unaware	1	0
155.260	0.000	trigger_21	21	155260	Trigger-In:21	31	grating_on	staircase	12	red	right	unaware	1	0
155.315	0.000	trigger_20	20	155315	Trigger-In:20	31	grating_off	staircase	12	red	right	unaware	1	0
155.915	0.000	trigger_31	31	155915	Trigger-In:31	31	targets_on_fp_color_change	staircase	12	red	right	unaware	1	0
157.180	0.000	trigger_201	201	157180	Trigger-In:201	31	trial_end_completed	staircase	12	red	right	unaware	1	0
158.250	0.000	trigger_101	101	158250	Trigger-In:101	32	trial_start	salient	0	green	left	unaware	1	0
158.350	0.000	trigger_11	11	158350	Trigger-In:11	32	fixation_point_on	salient	0	green	left	unaware	1	0
158.950	0.000	trigger_21	21	158950	Trigger-In:21	32	grating_on	salient	0	green	left	unaware	1	0
159.000	0.000	trigger_20	20	159000	Trigger-In:20	32	grating_off	salient	0	green	left	unaware	1	0
159.600	0.000	trigger_31	31	159600	Trigger-In:31	32	targets_on_fp_color_change	salient	0	green	left	unaware	1	0
160.975	0.000	trigger_201	201	160975	Trigger-In:201	32	trial_end_completed	salient	0	green	left	unaware	1	0
162.040	0.000	trigger_101	101	162040	Trigger-In:101	33	trial_start	staircase	13	red	right	unaware	1	0
162.140	0.000	trigger_11	11	162140	Trigger-In:11	33	fixation_point_on	staircase	13	red	right	unaware	1	0
162.745	0.000	trigger_21	21	162745	Trigger-In:21	33	grating_on	staircase	13	red	right	unaware	1	0
162.795	0.000	trigger_20	20	162795	Trigger-In:20	33	grating_off	staircase	13	red	right	unaware	1	0
163.395	0.000	trigger_31	31	163395	Trigger-In:31	33	targets_on_fp_color_change	staircase	13	red	right	unaware	1	0
164.460	0.000	trigger_201	201	164460	Trigger-In:201	33	trial_end_completed	staircase	13	red	right	unaware	1	0
165.525	0.000	trigger_101	101	165525	Trigger-In:101	34	trial_start	staircase	14	red	left	aware	1	0
165.650	0.000	trigger_11	11	165650	Trigger-In:11	34	fixation_point_on	staircase	14	red	left	aware	1	0
166.250	0.000	trigger_21	21	166250	Trigger-In:21	34	grating_on	staircase	14	red	left	aware	1	0
166.300	0.000	trigger_20	20	166300	Trigger-In:20	34	grating_off	staircase	14	red	left	aware	1	0
166.900	0.000	trigger_31	31	166900	Trigger-In:31	34	targets_on_fp_color_change	staircase	14	red	left	aware	1	0
168.090	0.000	trigger_201	201	168090	Trigger-In:201	34	trial_end_completed	staircase	14	red	left	aware	1	0
169.155	0.000	trigger_101	101	169155	Trigger-In:101	35	trial_start	staircase	13	red	right	unaware	1	0
169.260	0.000	trigger_11	11	169260	Trigger-In:11	35	fixation_point_on	staircase	13	red	right	unaware	1	0
169.860	0.000	trigger_21	21	169860	Trigger-In:21	35	grating_on	staircase	13	red	right	unaware	1	0
169.910	0.000	trigger_20	20	169910	Trigger-In:20	35	grating_off	staircase	13	red	right	unaware	1	0
170.510	0.000	trigger_31	31	170510	Trigger-In:31	35	targets_on_fp_color_change	staircase	13	red	right	unaware	1	0
171.460	0.000	trigger_201	201	171460	Trigger-In:201	35	trial_end_completed	staircase	13	red	right	unaware	1	0
172.525	0.000	trigger_101	101	172525	Trigger-In:101	36	trial_start	salient	0	green	left	unaware	1	0
172.630	0.000	trigger_11	11	172630	Trigger-In:11	36	fixation_point_on	salient	0	green	left	unaware	1	0
173.230	0.000	trigger_21	21	173230	Trigger-In:21	36	grating_on	salient	0	green	left	unaware	1	0
173.285	0.000	trigger_20	20	173285	Trigger-In:20	36	grating_off	salient	0	green	left	unaware	1	0
173.885	0.000	trigger_31	31	173885	Trigger-In:31	36	targets_on_fp_color_change	salient	0	green	left	unaware	1	0
175.090	0.000	trigger_201	201	175090	Trigger-In:201	36	trial_end_completed	salient	0	green	left	unaware	1	0
176.155	0.000	trigger_101	101	176155	Trigger-In:101	37	trial_start	salient	0	red	right	unaware	1	0
176.260	0.000	trigger_11	11	176260	Trigger-In:11	37	fixation_point_on	salient	0	red	right	unaware	1	0
176.860	0.000	trigger_21	21	176860	Trigger-In:21	37	grating_on	salient	0	red	right	unaware	1	0
176.915	0.000	trigger_20	20	176915	Trigger-In:20	37	grating_off	salient	0	red	right	unaware	1	0
177.515	0.000	trigger_31	31	177515	Trigger-In:31	37	targets_on_fp_color_change	salient	0	red	right	unaware	1	0
179.025	0.000	trigger_201	201	179025	Trigger-In:201	37	trial_end_completed	salient	0	red	right	unaware	1	0
180.090	0.000	trigger_101	101	180090	Trigger-In:101	38	trial_start	staircase	14	green	right	aware	1	0
180.195	0.000	trigger_11	11	180195	Trigger-In:11	38	fixation_point_on	staircase	14	green	right	aware	1	0
180.795	0.000	trigger_21	21	180795	Trigger-In:21	38	grating_on	staircase	14	green	right	aware	1	0
180.845	0.000	trigger_20	20	180845	Trigger-In:20	38	grating_off	staircase	14	green	right	aware	1	0
181.450	0.000	trigger_31	31	181450	Trigger-In:31	38	targets_on_fp_color_change	staircase	14	green	right	aware	1	0
182.450	0.000	trigger_201	201	182450	Trigger-In:201	38	trial_end_completed	staircase	14	green	right	aware	1	0
183.515	0.000	trigger_101	101	183515	Trigger-In:101	39	trial_start	salient	0	green	left	unaware	1	0
183.620	0.000	trigger_11	11	183620	Trigger-In:11	39	fixation_point_on	salient	0	green	left	unaware	1	0
184.220	0.000	trigger_21	21	184220	Trigger-In:21	39	grating_on	salient	0	green	left	unaware	1	0
184.270	0.000	trigger_20	20	184270	Trigger-In:20	39	grating_off	salient	0	green	left	unaware	1	0
184.870	0.000	trigger_31	31	184870	Trigger-In:31	39	targets_on_fp_color_change	salient	0	green	left	unaware	1	0
186.025	0.000	trigger_201	201	186025	Trigger-In:201	39	trial_end_completed	salient	0	green	left	unaware	1	0
187.090	0.000	trigger_101	101	187090	Trigger-In:101	40	trial_start	staircase	13	red	right	unaware	1	0
187.200	0.000	trigger_11	11	187200	Trigger-In:11	40	fixation_point_on	staircase	13	red	right	unaware	1	0
187.800	0.000	trigger_21	21	187800	Trigger-In:21	40	grating_on	staircase	13	red	right	unaware	1	0
187.850	0.000	trigger_20	20	187850	Trigger-In:20	40	grating_off	staircase	13	red	right	unaware	1	0
188.450	0.000	trigger_31	31	188450	Trigger-In:31	40	targets_on_fp_color_change	staircase	13	red	right	unaware	1	0
190.070	0.000	trigger_201	201	190070	Trigger-In:201	40	trial_end_completed	staircase	13	red	right	unaware	1	0
191.135	0.000	trigger_101	101	191135	Trigger-In:101	41	trial_start	staircase	14	red	right	unaware	1	0
191.240	0.000	trigger_11	11	191240	Trigger-In:11	41	fixation_point_on	staircase	14	red	right	unaware	1	0
191.840	0.000	trigger_21	21	191840	Trigger-In:21	41	grating_on	staircase	14	red	right	unaware	1	0
191.890	0.000	trigger_20	20	191890	Trigger-In:20	41	grating_off	staircase	14	red	right	unaware	1	0
192.495	0.000	trigger_31	31	192495	Trigger-In:31	41	targets_on_fp_color_change	staircase	14	red	right	unaware	1	0
193.475	0.000	trigger_201	201	193475	Trigger-In:201	41	trial_end_completed	staircase	14	red	right	unaware	1	0
194.545	0.000	trigger_101	101	194545	Trigger-In:101	42	trial_start	salient	0	red	right	unaware	1	0
194.650	0.000	trigger_11	11	194650	Trigger-In:11	42	fixation_point_on	salient	0	red	right	unaware	1	0
195.250	0.000	trigger_21	21	195250	Trigger-In:21	42	grating_on	salient	0	red	right	unaware	1	0
195.300	0.000	trigger_20	20	195300	Trigger-In:20	42	grating_off	salient	0	red	right	unaware	1	0
195.900	0.000	trigger_31	31	195900	Trigger-In:31	42	targets_on_fp_color_change	salient	0	red	right	unaware	1	0
196.880	0.000	trigger_201	201	196880	Trigger-In:201	42	trial_end_completed	salient	0	red	right	unaware	1	0
197.945	0.000	trigger_101	101	197945	Trigger-In:101	43	trial_start	salient	0	red	right	unaware	1	0
198.055	0.000	trigger_11	11	198055	Trigger-In:11	43	fixation_point_on	salient	0	red	right	unaware	1	0
198.655	0.000	trigger_21	21	198655	Trigger-In:21	43	grating_on	salient	0	red	right	unaware	1	0
198.710	0.000	trigger_20	20	198710	Trigger-In:20	43	grating_off	salient	0	red	right	unaware	1	0
199.310	0.000	trigger_31	31	199310	Trigger-In:31	43	targets_on_fp_color_change	salient	0	red	right	unaware	1	0
200.060	0.000	trigger_201	201	200060	Trigger-In:201	43	trial_end_completed	salient	0	red	right	unaware	1	0
201.125	0.000	trigger_101	101	201125	Trigger-In:101	44	trial_start	staircase	15	green	right	aware	1	0
201.230	0.000	trigger_11	11	201230	Trigger-In:11	44	fixation_point_on	staircase	15	green	right	aware	1	0
201.830	0.000	trigger_21	21	201830	Trigger-In:21	44	grating_on	staircase	15	green	right	aware	1	0
201.880	0.000	trigger_20	20	201880	Trigger-In:20	44	grating_off	staircase	15	green	right	aware	1	0
202.485	0.000	trigger_31	31	202485	Trigger-In:31	44	targets_on_fp_color_change	staircase	15	green	right	aware	1	0
203.260	0.000	trigger_201	201	203260	Trigger-In:201	44	trial_end_completed	staircase	15	green	right	aware	1	0
204.330	0.000	trigger_101	101	204330	Trigger-In:101	45	trial_start	absent	70	green	right	aware	1	0
204.435	0.000	trigger_11	11	204435	Trigger-In:11	45	fixation_point_on	absent	70	green	right	aware	1	0
205.035	0.000	trigger_21	21	205035	Trigger-In:21	45	grating_on	absent	70	green	right	aware	1	0
205.085	0.000	trigger_20	20	205085	Trigger-In:20	45	grating_off	absent	70	green	right	aware	1	0
205.685	0.000	trigger_31	31	205685	Trigger-In:31	45	targets_on_fp_color_change	absent	70	green	right	aware	1	0
206.535	0.000	trigger_201	201	206535	Trigger-In:201	45	trial_end_completed	absent	70	green	right	aware	1	0
207.600	0.000	trigger_101	101	207600	Trigger-In:101	46	trial_start	absent	70	green	right	aware	1	0
207.705	0.000	trigger_11	11	207705	Trigger-In:11	46	fixation_point_on	absent	70	green	right	aware	1	0
208.305	0.000	trigger_21	21	208305	Trigger-In:21	46	grating_on	absent	70	green	right	aware	1	0
208.360	0.000	trigger_20	20	208360	Trigger-In:20	46	grating_off	absent	70	green	right	aware	1	0
208.960	0.000	trigger_31	31	208960	Trigger-In:31	46	targets_on_fp_color_change	absent	70	green	right	aware	1	0
209.665	0.000	trigger_201	201	209665	Trigger-In:201	46	trial_end_completed	absent	70	green	right	aware	1	0
210.730	0.000	trigger_101	101	210730	Trigger-In:101	47	trial_start	staircase	14	green	right	aware	1	0
210.835	0.000	trigger_11	11	210835	Trigger-In:11	47	fixation_point_on	staircase	14	green	right	aware	1	0
211.435	0.000	trigger_21	21	211435	Trigger-In:21	47	grating_on	staircase	14	green	right	aware	1	0
211.485	0.000	trigger_20	20	211485	Trigger-In:20	47	grating_off	staircase	14	green	right	aware	1	0
212.085	0.000	trigger_31	31	212085	Trigger-In:31	47	targets_on_fp_color_change	staircase	14	green	right	aware	1	0
212.725	0.000	trigger_201	201	212725	Trigger-In:201	47	trial_end_completed	staircase	14	green	right	aware	1	0
213.795	0.000	trigger_101	101	213795	Trigger-In:101	48	trial_start	staircase	13	green	right	aware	1	0
213.900	0.000	trigger_11	11	213900	Trigger-In:11	48	fixation_point_on	staircase	13	green	right	aware	1	0
214.500	0.000	trigger_21	21	214500	Trigger-In:21	48	grating_on	staircase	13	green	right	aware	1	0
214.550	0.000	trigger_20	20	214550	Trigger-In:20	48	grating_off	staircase	13	green	right	aware	1	0
215.150	0.000	trigger_31	31	215150	Trigger-In:31	48	targets_on_fp_color_change	staircase	13	green	right	aware	1	0
215.810	0.000	trigger_201	201	215810	Trigger-In:201	48	trial_end_completed	staircase	13	green	right	aware	1	0
216.880	0.000	trigger_101	101	216880	Trigger-In:101	49	trial_start	staircase	12	green	left	unaware	1	0
216.990	0.000	trigger_11	11	216990	Trigger-In:11	49	fixation_point_on	staircase	12	green	left	unaware	1	0
217.590	0.000	trigger_21	21	217590	Trigger-In:21	49	grating_on	staircase	12	green	left	unaware	1	0
217.640	0.000	trigger_20	20	217640	Trigger-In:20	49	grating_off	staircase	12	green	left	unaware	1	0
218.240	0.000	trigger_31	31	218240	Trigger-In:31	49	targets_on_fp_color_change	staircase	12	green	left	unaware	1	0
219.075	0.000	trigger_201	201	219075	Trigger-In:201	49	trial_end_completed	staircase	12	green	left	unaware	1	0
220.140	0.000	trigger_101	101	220140	Trigger-In:101	50	trial_start	absent	70	red	left	aware	1	0
220.245	0.000	trigger_11	11	220245	Trigger-In:11	50	fixation_point_on	absent	70	red	left	aware	1	0
220.845	0.000	trigger_21	21	220845	Trigger-In:21	50	grating_on	absent	70	red	left	aware	1	0
220.895	0.000	trigger_20	20	220895	Trigger-In:20	50	grating_off	absent	70	red	left	aware	1	0
221.495	0.000	trigger_31	31	221495	Trigger-In:31	50	targets_on_fp_color_change	absent	70	red	left	aware	1	0
222.690	0.000	trigger_201	201	222690	Trigger-In:201	50	trial_end_completed	absent	70	red	left	aware	1	0
223.760	0.000	trigger_101	101	223760	Trigger-In:101	51	trial_start	salient	0	red	right	unaware	1	0
223.865	0.000	trigger_11	11	223865	Trigger-In:11	51	fixation_point_on	salient	0	red	right	unaware	1	0
224.465	0.000	trigger_21	21	224465	Trigger-In:21	51	grating_on	salient	0	red	right	unaware	1	0
224.515	0.000	trigger_20	20	224515	Trigger-In:20	51	grating_off	salient	0	red	right	unaware	1	0
225.115	0.000	trigger_31	31	225115	Trigger-In:31	51	targets_on_fp_color_change	salient	0	red	right	unaware	1	0
226.020	0.000	trigger_201	201	226020	Trigger-In:201	51	trial_end_completed	salient	0	red	right	unaware	1	0
227.090	0.000	trigger_101	101	227090	Trigger-In:101	52	trial_start	absent	70	red	left	aware	1	0
227.195	0.000	trigger_11	11	227195	Trigger-In:11	52	fixation_point_on	absent	70	red	left	aware	1	0
227.795	0.000	trigger_21	21	227795	Trigger-In:21	52	grating_on	absent	70	red	left	aware	1	0
227.845	0.000	trigger_20	20	227845	Trigger-In:20	52	grating_off	absent	70	red	left	aware	1	0
228.445	0.000	trigger_31	31	228445	Trigger-In:31	52	targets_on_fp_color_change	absent	70	red	left	aware	1	0
229.495	0.000	trigger_201	201	229495	Trigger-In:201	52	trial_end_completed	absent	70	red	left	aware	1	0
230.565	0.000	trigger_101	101	230565	Trigger-In:101	53	trial_start	staircase	13	red	left	aware	1	0
230.670	0.000	trigger_11	11	230670	Trigger-In:11	53	fixation_point_on	staircase	13	red	left	aware	1	0
231.270	0.000	trigger_21	21	231270	Trigger-In:21	53	grating_on	staircase	13	red	left	aware	1	0
231.320	0.000	trigger_20	20	231320	Trigger-In:20	53	grating_off	staircase	13	red	left	aware	1	0
231.920	0.000	trigger_31	31	231920	Trigger-In:31	53	targets_on_fp_color_change	staircase	13	red	left	aware	1	0
233.210	0.000	trigger_201	201	233210	Trigger-In:201	53	trial_end_completed	staircase	13	red	left	aware	1	0
234.280	0.000	trigger_101	101	234280	Trigger-In:101	54	trial_start	staircase	12	red	left	aware	1	0
234.385	0.000	trigger_11	11	234385	Trigger-In:11	54	fixation_point_on	staircase	12	red	left	aware	1	0
234.985	0.000	trigger_21	21	234985	Trigger-In:21	54	grating_on	staircase	12	red	left	aware	1	0
235.035	0.000	trigger_20	20	235035	Trigger-In:20	54	grating_off	staircase	12	red	left	aware	1	0
235.635	0.000	trigger_31	31	235635	Trigger-In:31	54	targets_on_fp_color_change	staircase	12	red	left	aware	1	0
236.660	0.000	trigger_201	201	236660	Trigger-In:201	54	trial_end_completed	staircase	12	red	left	aware	1	0
237.730	0.000	trigger_101	101	237730	Trigger-In:101	55	trial_start	staircase	11	green	left	unaware	1	0
237.835	0.000	trigger_11	11	237835	Trigger-In:11	55	fixation_point_on	staircase	11	green	left	unaware	1	0
238.435	0.000	trigger_21	21	238435	Trigger-In:21	55	grating_on	staircase	11	green	left	unaware	1	0
238.485	0.000	trigger_20	20	238485	Trigger-In:20	55	grating_off	staircase	11	green	left	unaware	1	0
239.085	0.000	trigger_31	31	239085	Trigger-In:31	55	targets_on_fp_color_change	staircase	11	green	left	unaware	1	0
240.465	0.000	trigger_201	201	240465	Trigger-In:201	55	trial_end_completed	staircase	11	green	left	unaware	1	0
241.535	0.000	trigger_101	101	241535	Trigger-In:101	56	trial_start	staircase	12	green	left	unaware	1	0
241.640	0.000	trigger_11	11	241640	Trigger-In:11	56	fixation_point_on	staircase	12	green	left	unaware	1	0
242.240	0.000	trigger_21	21	242240	Trigger-In:21	56	grating_on	staircase	12	green	left	unaware	1	0
242.290	0.000	trigger_20	20	242290	Trigger-In:20	56	grating_off	staircase	12	green	left	unaware	1	0
242.890	0.000	trigger_31	31	242890	Trigger-In:31	56	targets_on_fp_color_change	staircase	12	green	left	unaware	1	0
243.790	0.000	trigger_201	201	243790	Trigger-In:201	56	trial_end_completed	staircase	12	green	left	unaware	1	0
244.855	0.000	trigger_101	101	244855	Trigger-In:101	57	trial_start	absent	70	red	left	aware	1	0
244.960	0.000	trigger_11	11	244960	Trigger-In:11	57	fixation_point_on	absent	70	red	left	aware	1	0
245.560	0.000	trigger_21	21	245560	Trigger-In:21	57	grating_on	absent	70	red	left	aware	1	0
245.610	0.000	trigger_20	20	245610	Trigger-In:20	57	grating_off	absent	70	red	left	aware	1	0
246.210	0.000	trigger_31	31	246210	Trigger-In:31	57	targets_on_fp_color_change	absent	70	red	left	aware	1	0
247.280	0.000	trigger_201	201	247280	Trigger-In:201	57	trial_end_completed	absent	70	red	left	aware	1	0
248.350	0.000	trigger_101	101	248350	Trigger-In:101	58	trial_start	staircase	13	green	left	unaware	1	0
248.455	0.000	trigger_11	11	248455	Trigger-In:11	58	fixation_point_on	staircase	13	green	left	unaware	1	0
249.055	0.000	trigger_21	21	249055	Trigger-In:21	58	grating_on	staircase	13	green	left	unaware	1	0
249.105	0.000	trigger_20	20	249105	Trigger-In:20	58	grating_off	staircase	13	green	left	unaware	1	0
249.710	0.000	trigger_31	31	249710	Trigger-In:31	58	targets_on_fp_color_change	staircase	13	green	left	unaware	1	0
250.655	0.000	trigger_201	201	250655	Trigger-In:201	58	trial_end_completed	staircase	13	green	left	unaware	1	0
251.725	0.000	trigger_101	101	251725	Trigger-In:101	59	trial_start	absent	70	red	left	aware	1	0
251.830	0.000	trigger_11	11	251830	Trigger-In:11	59	fixation_point_on	absent	70	red	left	aware	1	0
252.430	0.000	trigger_21	21	252430	Trigger-In:21	59	grating_on	absent	70	red	left	aware	1	0
252.480	0.000	trigger_20	20	252480	Trigger-In:20	59	grating_off	absent	70	red	left	aware	1	0
253.080	0.000	trigger_31	31	253080	Trigger-In:31	59	targets_on_fp_color_change	absent	70	red	left	aware	1	0
254.035	0.000	trigger_201	201	254035	Trigger-In:201	59	trial_end_completed	absent	70	red	left	aware	1	0
255.105	0.000	trigger_101	101	255105	Trigger-In:101	60	trial_start	staircase	14	green	right	aware	1	0
255.210	0.000	trigger_11	11	255210	Trigger-In:11	60	fixation_point_on	staircase	14	green	right	aware	1	0
255.810	0.000	trigger_21	21	255810	Trigger-In:21	60	grating_on	staircase	14	green	right	aware	1	0
255.860	0.000	trigger_20	20	255860	Trigger-In:20	60	grating_off	staircase	14	green	right	aware	1	0
256.460	0.000	trigger_31	31	256460	Trigger-In:31	60	targets_on_fp_color_change	staircase	14	green	right	aware	1	0
257.160	0.000	trigger_201	201	257160	Trigger-In:201	60	trial_end_completed	staircase	14	green	right	aware	1	0
258.225	0.000	trigger_101	101	258225	Trigger-In:101	61	trial_start	staircase	13	red	left	aware	1	0
258.330	0.000	trigger_11	11	258330	Trigger-In:11	61	fixation_point_on	staircase	13	red	left	aware	1	0
258.930	0.000	trigger_21	21	258930	Trigger-In:21	61	grating_on	staircase	13	red	left	aware	1	0
258.980	0.000	trigger_20	20	258980	Trigger-In:20	61	grating_off	staircase	13	red	left	aware	1	0
259.580	0.000	trigger_31	31	259580	Trigger-In:31	61	targets_on_fp_color_change	staircase	13	red	left	aware	1	0
260.425	0.000	trigger_201	201	260425	Trigger-In:201	61	trial_end_completed	staircase	13	red	left	aware	1	0
261.490	0.000	trigger_101	101	261490	Trigger-In:101	62	trial_start	staircase	12	green	right	aware	1	0
261.595	0.000	trigger_11	11	261595	Trigger-In:11	62	fixation_point_on	staircase	12	green	right	aware	1	0
262.195	0.000	trigger_21	21	262195	Trigger-In:21	62	grating_on	staircase	12	green	right	aware	1	0
262.250	0.000	trigger_20	20	262250	Trigger-In:20	62	grating_off	staircase	12	green	right	aware	1	0
262.850	0.000	trigger_31	31	262850	Trigger-In:31	62	targets_on_fp_color_change	staircase	12	green	right	aware	1	0
263.775	0.000	trigger_201	201	263775	Trigger-In:201	62	trial_end_completed	staircase	12	green	right	aware	1	0
264.840	0.000	trigger_101	101	264840	Trigger-In:101	63	trial_start	staircase	11	red	right	unaware	1	0
264.945	0.000	trigger_11	11	264945	Trigger-In:11	63	fixation_point_on	staircase	11	red	right	unaware	1	0
265.545	0.000	trigger_21	21	265545	Trigger-In:21	63	grating_on	staircase	11	red	right	unaware	1	0
265.595	0.000	trigger_20	20	265595	Trigger-In:20	63	grating_off	staircase	11	red	right	unaware	1	0
266.195	0.000	trigger_31	31	266195	Trigger-In:31	63	targets_on_fp_color_change	staircase	11	red	right	unaware	1	0
266.995	0.000	trigger_201	201	266995	Trigger-In:201	63	trial_end_completed	staircase	11	red	right	unaware	1	0
268.060	0.000	trigger_101	101	268060	Trigger-In:101	64	trial_start	absent	70	green	right	aware	1	0
268.165	0.000	trigger_11	11	268165	Trigger-In:11	64	fixation_point_on	absent	70	green	right	aware	1	0
268.765	0.000	trigger_21	21	268765	Trigger-In:21	64	grating_on	absent	70	green	right	aware	1	0
268.815	0.000	trigger_20	20	268815	Trigger-In:20	64	grating_off	absent	70	green	right	aware	1	0
269.415	0.000	trigger_31	31	269415	Trigger-In:31	64	targets_on_fp_color_change	absent	70	green	right	aware	1	0
270.175	0.000	trigger_201	201	270175	Trigger-In:201	64	trial_end_completed	absent	70	green	right	aware	1	0
271.240	0.000	trigger_101	101	271240	Trigger-In:101	65	trial_start	salient	0	green	left	unaware	1	0
271.345	0.000	trigger_11	11	271345	Trigger-In:11	65	fixation_point_on	salient	0	green	left	unaware	1	0
271.945	0.000	trigger_21	21	271945	Trigger-In:21	65	grating_on	salient	0	green	left	unaware	1	0
271.995	0.000	trigger_20	20	271995	Trigger-In:20	65	grating_off	salient	0	green	left	unaware	1	0
272.595	0.000	trigger_31	31	272595	Trigger-In:31	65	targets_on_fp_color_change	salient	0	green	left	unaware	1	0
273.480	0.000	trigger_201	201	273480	Trigger-In:201	65	trial_end_completed	salient	0	green	left	unaware	1	0
274.545	0.000	trigger_101	101	274545	Trigger-In:101	66	trial_start	salient	0	green	left	unaware	1	0
274.650	0.000	trigger_11	11	274650	Trigger-In:11	66	fixation_point_on	salient	0	green	left	unaware	1	0
275.250	0.000	trigger_21	21	275250	Trigger-In:21	66	grating_on	salient	0	green	left	unaware	1	0
275.300	0.000	trigger_20	20	275300	Trigger-In:20	66	grating_off	salient	0	green	left	unaware	1	0
275.905	0.000	trigger_31	31	275905	Trigger-In:31	66	targets_on_fp_color_change	salient	0	green	left	unaware	1	0
277.065	0.000	trigger_201	201	277065	Trigger-In:201	66	trial_end_completed	salient	0	green	left	unaware	1	0
278.130	0.000	trigger_101	101	278130	Trigger-In:101	67	trial_start	staircase	12	green	right	aware	1	0
278.235	0.000	trigger_11	11	278235	Trigger-In:11	67	fixation_point_on	staircase	12	green	right	aware	1	0
278.835	0.000	trigger_21	21	278835	Trigger-In:21	67	grating_on	staircase	12	green	right	aware	1	0
278.890	0.000	trigger_20	20	278890	Trigger-In:20	67	grating_off	staircase	12	green	right	aware	1	0
279.490	0.000	trigger_31	31	279490	Trigger-In:31	67	targets_on_fp_color_change	staircase	12	green	right	aware	1	0
280.460	0.000	trigger_201	201	280460	Trigger-In:201	67	trial_end_completed	staircase	12	green	right	aware	1	0
281.525	0.000	trigger_101	101	281525	Trigger-In:101	68	trial_start	staircase	11	red	right	unaware	1	0
281.630	0.000	trigger_11	11	281630	Trigger-In:11	68	fixation_point_on	staircase	11	red	right	unaware	1	0
282.230	0.000	trigger_21	21	282230	Trigger-In:21	68	grating_on	staircase	11	red	right	unaware	1	0
282.285	0.000	trigger_20	20	282285	Trigger-In:20	68	grating_off	staircase	11	red	right	unaware	1	0
282.885	0.000	trigger_31	31	282885	Trigger-In:31	68	targets_on_fp_color_change	staircase	11	red	right	unaware	1	0
283.660	0.000	trigger_201	201	283660	Trigger-In:201	68	trial_end_completed	staircase	11	red	right	unaware	1	0
284.725	0.000	trigger_101	101	284725	Trigger-In:101	69	trial_start	staircase	12	green	left	unaware	1	0
284.830	0.000	trigger_11	11	284830	Trigger-In:11	69	fixation_point_on	staircase	12	green	left	unaware	1	0
285.430	0.000	trigger_21	21	285430	Trigger-In:21	69	grating_on	staircase	12	green	left	unaware	1	0
285.480	0.000	trigger_20	20	285480	Trigger-In:20	69	grating_off	staircase	12	green	left	unaware	1	0
286.080	0.000	trigger_31	31	286080	Trigger-In:31	69	targets_on_fp_color_change	staircase	12	green	left	unaware	1	0
286.915	0.000	trigger_201	201	286915	Trigger-In:201	69	trial_end_completed	staircase	12	green	left	unaware	1	0
287.985	0.000	trigger_101	101	287985	Trigger-In:101	70	trial_start	staircase	13	red	right	unaware	1	0
288.090	0.000	trigger_11	11	288090	Trigger-In:11	70	fixation_point_on	staircase	13	red	right	unaware	1	0
288.690	0.000	trigger_21	21	288690	Trigger-In:21	70	grating_on	staircase	13	red	right	unaware	1	0
288.740	0.000	trigger_20	20	288740	Trigger-In:20	70	grating_off	staircase	13	red	right	unaware	1	0
289.345	0.000	trigger_31	31	289345	Trigger-In:31	70	targets_on_fp_color_change	staircase	13	red	right	unaware	1	0
290.370	0.000	trigger_201	201	290370	Trigger-In:201	70	trial_end_completed	staircase	13	red	right	unaware	1	0
291.435	0.000	trigger_101	101	291435	Trigger-In:101	71	trial_start	staircase	14	red	left	aware	1	0
291.540	0.000	trigger_11	11	291540	Trigger-In:11	71	fixation_point_on	staircase	14	red	left	aware	1	0
292.140	0.000	trigger_21	21	292140	Trigger-In:21	71	grating_on	staircase	14	red	left	aware	1	0
292.195	0.000	trigger_20	20	292195	Trigger-In:20	71	grating_off	staircase	14	red	left	aware	1	0
292.795	0.000	trigger_31	31	292795	Trigger-In:31	71	targets_on_fp_color_change	staircase	14	red	left	aware	1	0
293.635	0.000	trigger_201	201	293635	Trigger-In:201	71	trial_end_completed	staircase	14	red	left	aware	1	0
294.705	0.000	trigger_101	101	294705	Trigger-In:101	72	trial_start	staircase	13	green	right	aware	1	0
294.805	0.000	trigger_11	11	294805	Trigger-In:11	72	fixation_point_on	staircase	13	green	right	aware	1	0
295.410	0.000	trigger_21	21	295410	Trigger-In:21	72	grating_on	staircase	13	green	right	aware	1	0
295.460	0.000	trigger_20	20	295460	Trigger-In:20	72	grating_off	staircase	13	green	right	aware	1	0
296.060	0.000	trigger_31	31	296060	Trigger-In:31	72	targets_on_fp_color_change	staircase	13	green	right	aware	1	0
297.000	0.000	trigger_201	201	297000	Trigger-In:201	72	trial_end_completed	staircase	13	green	right	aware	1	0
298.070	0.000	trigger_101	101	298070	Trigger-In:101	73	trial_start	staircase	12	green	left	unaware	1	0
298.175	0.000	trigger_11	11	298175	Trigger-In:11	73	fixation_point_on	staircase	12	green	left	unaware	1	0
298.775	0.000	trigger_21	21	298775	Trigger-In:21	73	grating_on	staircase	12	green	left	unaware	1	0
298.825	0.000	trigger_20	20	298825	Trigger-In:20	73	grating_off	staircase	12	green	left	unaware	1	0
299.425	0.000	trigger_31	31	299425	Trigger-In:31	73	targets_on_fp_color_change	staircase	12	green	left	unaware	1	0
300.340	0.000	trigger_201	201	300340	Trigger-In:201	73	trial_end_completed	staircase	12	green	left	unaware	1	0
301.410	0.000	trigger_101	101	301410	Trigger-In:101	74	trial_start	staircase	13	green	right	aware	1	0
301.515	0.000	trigger_11	11	301515	Trigger-In:11	74	fixation_point_on	staircase	13	green	right	aware	1	0
302.115	0.000	trigger_21	21	302115	Trigger-In:21	74	grating_on	staircase	13	green	right	aware	1	0
302.165	0.000	trigger_20	20	302165	Trigger-In:20	74	grating_off	staircase	13	green	right	aware	1	0
302.765	0.000	trigger_31	31	302765	Trigger-In:31	74	targets_on_fp_color_change	staircase	13	green	right	aware	1	0
303.445	0.000	trigger_201	201	303445	Trigger-In:201	74	trial_end_completed	staircase	13	green	right	aware	1	0
304.515	0.000	trigger_101	101	304515	Trigger-In:101	75	trial_start	absent	70	green	right	aware	1	0
304.620	0.000	trigger_11	11	304620	Trigger-In:11	75	fixation_point_on	absent	70	green	right	aware	1	0
305.220	0.000	trigger_21	21	305220	Trigger-In:21	75	grating_on	absent	70	green	right	aware	1	0
305.270	0.000	trigger_20	20	305270	Trigger-In:20	75	grating_off	absent	70	green	right	aware	1	0
305.870	0.000	trigger_31	31	305870	Trigger-In:31	75	targets_on_fp_color_change	absent	70	green	right	aware	1	0
306.590	0.000	trigger_201	201	306590	Trigger-In:201	75	trial_end_completed	absent	70	green	right	aware	1	0
307.660	0.000	trigger_101	101	307660	Trigger-In:101	76	trial_start	salient	0	green	left	unaware	1	0
307.765	0.000	trigger_11	11	307765	Trigger-In:11	76	fixation_point_on	salient	0	green	left	unaware	1	0
308.365	0.000	trigger_21	21	308365	Trigger-In:21	76	grating_on	salient	0	green	left	unaware	1	0
308.415	0.000	trigger_20	20	308415	Trigger-In:20	76	grating_off	salient	0	green	left	unaware	1	0
309.015	0.000	trigger_31	31	309015	Trigger-In:31	76	targets_on_fp_color_change	salient	0	green	left	unaware	1	0
309.915	0.000	trigger_201	201	309915	Trigger-In:201	76	trial_end_completed	salient	0	green	left	unaware	1	0
310.980	0.000	trigger_101	101	310980	Trigger-In:101	77	trial_start	absent	70	red	left	aware	1	0
311.085	0.000	trigger_11	11	311085	Trigger-In:11	77	fixation_point_on	absent	70	red	left	aware	1	0
311.690	0.000	trigger_21	21	311690	Trigger-In:21	77	grating_on	absent	70	red	left	aware	1	0
311.740	0.000	trigger_20	20	311740	Trigger-In:20	77	grating_off	absent	70	red	left	aware	1	0
312.340	0.000	trigger_31	31	312340	Trigger-In:31	77	targets_on_fp_color_change	absent	70	red	left	aware	1	0
313.095	0.000	trigger_201	201	313095	Trigger-In:201	77	trial_end_completed	absent	70	red	left	aware	1	0
314.160	0.000	trigger_101	101	314160	Trigger-In:101	78	trial_start	absent	70	red	left	aware	1	0
314.265	0.000	trigger_11	11	314265	Trigger-In:11	78	fixation_point_on	absent	70	red	left	aware	1	0
314.870	0.000	trigger_21	21	314870	Trigger-In:21	78	grating_on	absent	70	red	left	aware	1	0
314.920	0.000	trigger_20	20	314920	Trigger-In:20	78	grating_off	absent	70	red	left	aware	1	0
315.520	0.000	trigger_31	31	315520	Trigger-In:31	78	targets_on_fp_color_change	absent	70	red	left	aware	1	0
316.355	0.000	trigger_201	201	316355	Trigger-In:201	78	trial_end_completed	absent	70	red	left	aware	1	0
317.425	0.000	trigger_101	101	317425	Trigger-In:101	79	trial_start	staircase	12	red	left	aware	1	0
317.530	0.000	trigger_11	11	317530	Trigger-In:11	79	fixation_point_on	staircase	12	red	left	aware	1	0
318.130	0.000	trigger_21	21	318130	Trigger-In:21	79	grating_on	staircase	12	red	left	aware	1	0
318.180	0.000	trigger_20	20	318180	Trigger-In:20	79	grating_off	staircase	12	red	left	aware	1	0
318.780	0.000	trigger_31	31	318780	Trigger-In:31	79	targets_on_fp_color_change	staircase	12	red	left	aware	1	0
319.685	0.000	trigger_201	201	319685	Trigger-In:201	79	trial_end_completed	staircase	12	red	left	aware	1	0
320.755	0.000	trigger_101	101	320755	Trigger-In:101	80	trial_start	staircase	11	red	left	aware	1	0
320.860	0.000	trigger_11	11	320860	Trigger-In:11	80	fixation_point_on	staircase	11	red	left	aware	1	0
321.460	0.000	trigger_21	21	321460	Trigger-In:21	80	grating_on	staircase	11	red	left	aware	1	0
321.510	0.000	trigger_20	20	321510	Trigger-In:20	80	grating_off	staircase	11	red	left	aware	1	0
322.110	0.000	trigger_31	31	322110	Trigger-In:31	80	targets_on_fp_color_change	staircase	11	red	left	aware	1	0
322.910	0.000	trigger_201	201	322910	Trigger-In:201	80	trial_end_completed	staircase	11	red	left	aware	1	0
323.980	0.000	trigger_101	101	323980	Trigger-In:101	81	trial_start	staircase	10	green	right	aware	1	0
324.085	0.000	trigger_11	11	324085	Trigger-In:11	81	fixation_point_on	staircase	10	green	right	aware	1	0
324.685	0.000	trigger_21	21	324685	Trigger-In:21	81	grating_on	staircase	10	green	right	aware	1	0
324.735	0.000	trigger_20	20	324735	Trigger-In:20	81	grating_off	staircase	10	green	right	aware	1	0
325.340	0.000	trigger_31	31	325340	Trigger-In:31	81	targets_on_fp_color_change	staircase	10	green	right	aware	1	0
326.265	0.000	trigger_201	201	326265	Trigger-In:201	81	trial_end_completed	staircase	10	green	right	aware	1	0
327.330	0.000	trigger_101	101	327330	Trigger-In:101	82	trial_start	staircase	9	red	left	aware	1	0
327.435	0.000	trigger_11	11	327435	Trigger-In:11	82	fixation_point_on	staircase	9	red	left	aware	1	0
328.035	0.000	trigger_21	21	328035	Trigger-In:21	82	grating_on	staircase	9	red	left	aware	1	0
328.085	0.000	trigger_20	20	328085	Trigger-In:20	82	grating_off	staircase	9	red	left	aware	1	0
328.685	0.000	trigger_31	31	328685	Trigger-In:31	82	targets_on_fp_color_change	staircase	9	red	left	aware	1	0
329.590	0.000	trigger_201	201	329590	Trigger-In:201	82	trial_end_completed	staircase	9	red	left	aware	1	0
330.660	0.000	trigger_101	101	330660	Trigger-In:101	83	trial_start	staircase	8	red	right	unaware	1	0
330.765	0.000	trigger_11	11	330765	Trigger-In:11	83	fixation_point_on	staircase	8	red	right	unaware	1	0
331.365	0.000	trigger_21	21	331365	Trigger-In:21	83	grating_on	staircase	8	red	right	unaware	1	0
331.415	0.000	trigger_20	20	331415	Trigger-In:20	83	grating_off	staircase	8	red	right	unaware	1	0
332.015	0.000	trigger_31	31	332015	Trigger-In:31	83	targets_on_fp_color_change	staircase	8	red	right	unaware	1	0
333.460	0.000	trigger_201	201	333460	Trigger-In:201	83	trial_end_completed	staircase	8	red	right	unaware	1	0
334.525	0.000	trigger_101	101	334525	Trigger-In:101	84	trial_start	staircase	9	red	right	unaware	1	0
334.630	0.000	trigger_11	11	334630	Trigger-In:11	84	fixation_point_on	staircase	9	red	right	unaware	1	0
335.230	0.000	trigger_21	21	335230	Trigger-In:21	84	grating_on	staircase	9	red	right	unaware	1	0
335.280	0.000	trigger_20	20	335280	Trigger-In:20	84	grating_off	staircase	9	red	right	unaware	1	0
335.885	0.000	trigger_31	31	335885	Trigger-In:31	84	targets_on_fp_color_change	staircase	9	red	right	unaware	1	0
336.610	0.000	trigger_201	201	336610	Trigger-In:201	84	trial_end_completed	staircase	9	red	right	unaware	1	0
337.675	0.000	trigger_101	101	337675	Trigger-In:101	85	trial_start	staircase	10	green	n/a	n/a	0	0
337.780	0.000	trigger_11	11	337780	Trigger-In:11	85	fixation_point_on	staircase	10	green	n/a	n/a	0	0
338.380	0.000	trigger_21	21	338380	Trigger-In:21	85	grating_on	staircase	10	green	n/a	n/a	0	0
338.430	0.000	trigger_20	20	338430	Trigger-In:20	85	grating_off	staircase	10	green	n/a	n/a	0	0
339.030	0.000	trigger_31	31	339030	Trigger-In:31	85	targets_on_fp_color_change	staircase	10	green	n/a	n/a	0	0
340.970	0.000	trigger_203	203	340970	Trigger-In:203	85	trial_end_not_completed	staircase	10	green	n/a	n/a	0	0
342.070	0.000	trigger_101	101	342070	Trigger-In:101	86	trial_start	staircase	10	green	left	unaware	1	0
342.175	0.000	trigger_11	11	342175	Trigger-In:11	86	fixation_point_on	staircase	10	green	left	unaware	1	0
342.775	0.000	trigger_21	21	342775	Trigger-In:21	86	grating_on	staircase	10	green	left	unaware	1	0
342.825	0.000	trigger_20	20	342825	Trigger-In:20	86	grating_off	staircase	10	green	left	unaware	1	0
343.425	0.000	trigger_31	31	343425	Trigger-In:31	86	targets_on_fp_color_change	staircase	10	green	left	unaware	1	0
344.420	0.000	trigger_201	201	344420	Trigger-In:201	86	trial_end_completed	staircase	10	green	left	unaware	1	0
345.485	0.000	trigger_101	101	345485	Trigger-In:101	87	trial_start	staircase	11	green	left	unaware	1	0
345.590	0.000	trigger_11	11	345590	Trigger-In:11	87	fixation_point_on	staircase	11	green	left	unaware	1	0
346.190	0.000	trigger_21	21	346190	Trigger-In:21	87	grating_on	staircase	11	green	left	unaware	1	0
346.240	0.000	trigger_20	20	346240	Trigger-In:20	87	grating_off	staircase	11	green	left	unaware	1	0
346.840	0.000	trigger_31	31	346840	Trigger-In:31	87	targets_on_fp_color_change	staircase	11	green	left	unaware	1	0
347.670	0.000	trigger_201	201	347670	Trigger-In:201	87	trial_end_completed	staircase	11	green	left	unaware	1	0
348.735	0.000	trigger_101	101	348735	Trigger-In:101	88	trial_start	staircase	12	red	right	unaware	1	0
348.840	0.000	trigger_11	11	348840	Trigger-In:11	88	fixation_point_on	staircase	12	red	right	unaware	1	0
349.440	0.000	trigger_21	21	349440	Trigger-In:21	88	grating_on	staircase	12	red	right	unaware	1	0
349.490	0.000	trigger_20	20	349490	Trigger-In:20	88	grating_off	staircase	12	red	right	unaware	1	0
350.090	0.000	trigger_31	31	350090	Trigger-In:31	88	targets_on_fp_color_change	staircase	12	red	right	unaware	1	0
351.060	0.000	trigger_201	201	351060	Trigger-In:201	88	trial_end_completed	staircase	12	red	right	unaware	1	0
352.125	0.000	trigger_101	101	352125	Trigger-In:101	89	trial_start	salient	0	red	right	unaware	1	0
352.230	0.000	trigger_11	11	352230	Trigger-In:11	89	fixation_point_on	salient	0	red	right	unaware	1	0
352.830	0.000	trigger_21	21	352830	Trigger-In:21	89	grating_on	salient	0	red	right	unaware	1	0
352.880	0.000	trigger_20	20	352880	Trigger-In:20	89	grating_off	salient	0	red	right	unaware	1	0
353.480	0.000	trigger_31	31	353480	Trigger-In:31	89	targets_on_fp_color_change	salient	0	red	right	unaware	1	0
354.445	0.000	trigger_201	201	354445	Trigger-In:201	89	trial_end_completed	salient	0	red	right	unaware	1	0
355.515	0.000	trigger_101	101	355515	Trigger-In:101	90	trial_start	staircase	13	green	right	aware	1	0
355.620	0.000	trigger_11	11	355620	Trigger-In:11	90	fixation_point_on	staircase	13	green	right	aware	1	0
356.220	0.000	trigger_21	21	356220	Trigger-In:21	90	grating_on	staircase	13	green	right	aware	1	0
356.270	0.000	trigger_20	20	356270	Trigger-In:20	90	grating_off	staircase	13	green	right	aware	1	0
356.870	0.000	trigger_31	31	356870	Trigger-In:31	90	targets_on_fp_color_change	staircase	13	green	right	aware	1	0
357.805	0.000	trigger_201	201	357805	Trigger-In:201	90	trial_end_completed	staircase	13	green	right	aware	1	0
358.875	0.000	trigger_101	101	358875	Trigger-In:101	91	trial_start	staircase	12	green	right	aware	1	0
358.980	0.000	trigger_11	11	358980	Trigger-In:11	91	fixation_point_on	staircase	12	green	right	aware	1	0
359.580	0.000	trigger_21	21	359580	Trigger-In:21	91	grating_on	staircase	12	green	right	aware	1	0
359.630	0.000	trigger_20	20	359630	Trigger-In:20	91	grating_off	staircase	12	green	right	aware	1	0
360.230	0.000	trigger_31	31	360230	Trigger-In:31	91	targets_on_fp_color_change	staircase	12	green	right	aware	1	0
361.065	0.000	trigger_201	201	361065	Trigger-In:201	91	trial_end_completed	staircase	12	green	right	aware	1	0
362.135	0.000	trigger_101	101	362135	Trigger-In:101	92	trial_start	salient	0	green	left	unaware	1	0
362.240	0.000	trigger_11	11	362240	Trigger-In:11	92	fixation_point_on	salient	0	green	left	unaware	1	0
362.840	0.000	trigger_21	21	362840	Trigger-In:21	92	grating_on	salient	0	green	left	unaware	1	0
362.890	0.000	trigger_20	20	362890	Trigger-In:20	92	grating_off	salient	0	green	left	unaware	1	0
363.490	0.000	trigger_31	31	363490	Trigger-In:31	92	targets_on_fp_color_change	salient	0	green	left	unaware	1	0
364.870	0.000	trigger_201	201	364870	Trigger-In:201	92	trial_end_completed	salient	0	green	left	unaware	1	0
365.940	0.000	trigger_101	101	365940	Trigger-In:101	93	trial_start	salient	0	red	right	unaware	1	0
366.045	0.000	trigger_11	11	366045	Trigger-In:11	93	fixation_point_on	salient	0	red	right	unaware	1	0
366.645	0.000	trigger_21	21	366645	Trigger-In:21	93	grating_on	salient	0	red	right	unaware	1	0
366.695	0.000	trigger_20	20	366695	Trigger-In:20	93	grating_off	salient	0	red	right	unaware	1	0
367.295	0.000	trigger_31	31	367295	Trigger-In:31	93	targets_on_fp_color_change	salient	0	red	right	unaware	1	0
368.710	0.000	trigger_201	201	368710	Trigger-In:201	93	trial_end_completed	salient	0	red	right	unaware	1	0
369.775	0.000	trigger_101	101	369775	Trigger-In:101	94	trial_start	staircase	11	red	right	unaware	1	0
369.880	0.000	trigger_11	11	369880	Trigger-In:11	94	fixation_point_on	staircase	11	red	right	unaware	1	0
370.480	0.000	trigger_21	21	370480	Trigger-In:21	94	grating_on	staircase	11	red	right	unaware	1	0
370.535	0.000	trigger_20	20	370535	Trigger-In:20	94	grating_off	staircase	11	red	right	unaware	1	0
371.135	0.000	trigger_31	31	371135	Trigger-In:31	94	targets_on_fp_color_change	staircase	11	red	right	unaware	1	0
371.885	0.000	trigger_201	201	371885	Trigger-In:201	94	trial_end_completed	staircase	11	red	right	unaware	1	0
372.950	0.000	trigger_101	101	372950	Trigger-In:101	95	trial_start	salient	0	red	right	unaware	1	0
373.055	0.000	trigger_11	11	373055	Trigger-In:11	95	fixation_point_on	salient	0	red	right	unaware	1	0
373.655	0.000	trigger_21	21	373655	Trigger-In:21	95	grating_on	salient	0	red	right	unaware	1	0
373.705	0.000	trigger_20	20	373705	Trigger-In:20	95	grating_off	salient	0	red	right	unaware	1	0
374.305	0.000	trigger_31	31	374305	Trigger-In:31	95	targets_on_fp_color_change	salient	0	red	right	unaware	1	0
375.160	0.000	trigger_201	201	375160	Trigger-In:201	95	trial_end_completed	salient	0	red	right	unaware	1	0
376.230	0.000	trigger_101	101	376230	Trigger-In:101	96	trial_start	staircase	12	red	left	aware	1	0
376.330	0.000	trigger_11	11	376330	Trigger-In:11	96	fixation_point_on	staircase	12	red	left	aware	1	0
376.935	0.000	trigger_21	21	376935	Trigger-In:21	96	grating_on	staircase	12	red	left	aware	1	0
376.985	0.000	trigger_20	20	376985	Trigger-In:20	96	grating_off	staircase	12	red	left	aware	1	0
377.585	0.000	trigger_31	31	377585	Trigger-In:31	96	targets_on_fp_color_change	staircase	12	red	left	aware	1	0
378.360	0.000	trigger_201	201	378360	Trigger-In:201	96	trial_end_completed	staircase	12	red	left	aware	1	0
379.425	0.000	trigger_101	101	379425	Trigger-In:101	97	trial_start	salient	0	red	right	unaware	1	0
379.530	0.000	trigger_11	11	379530	Trigger-In:11	97	fixation_point_on	salient	0	red	right	unaware	1	0
380.130	0.000	trigger_21	21	380130	Trigger-In:21	97	grating_on	salient	0	red	right	unaware	1	0
380.180	0.000	trigger_20	20	380180	Trigger-In:20	97	grating_off	salient	0	red	right	unaware	1	0
380.780	0.000	trigger_31	31	380780	Trigger-In:31	97	targets_on_fp_color_change	salient	0	red	right	unaware	1	0
381.725	0.000	trigger_201	201	381725	Trigger-In:201	97	trial_end_completed	salient	0	red	right	unaware	1	0
382.795	0.000	trigger_101	101	382795	Trigger-In:101	98	trial_start	staircase	11	green	left	unaware	1	0
382.900	0.000	trigger_11	11	382900	Trigger-In:11	98	fixation_point_on	staircase	11	green	left	unaware	1	0
383.500	0.000	trigger_21	21	383500	Trigger-In:21	98	grating_on	staircase	11	green	left	unaware	1	0
383.550	0.000	trigger_20	20	383550	Trigger-In:20	98	grating_off	staircase	11	green	left	unaware	1	0
384.150	0.000	trigger_31	31	384150	Trigger-In:31	98	targets_on_fp_color_change	staircase	11	green	left	unaware	1	0
385.520	0.000	trigger_201	201	385520	Trigger-In:201	98	trial_end_completed	staircase	11	green	left	unaware	1	0
386.590	0.000	trigger_101	101	386590	Trigger-In:101	99	trial_start	staircase	12	red	right	unaware	1	0
386.695	0.000	trigger_11	11	386695	Trigger-In:11	99	fixation_point_on	staircase	12	red	right	unaware	1	0
387.295	0.000	trigger_21	21	387295	Trigger-In:21	99	grating_on	staircase	12	red	right	unaware	1	0
387.345	0.000	trigger_20	20	387345	Trigger-In:20	99	grating_off	staircase	12	red	right	unaware	1	0
387.945	0.000	trigger_31	31	387945	Trigger-In:31	99	targets_on_fp_color_change	staircase	12	red	right	unaware	1	0
388.945	0.000	trigger_201	201	388945	Trigger-In:201	99	trial_end_completed	staircase	12	red	right	unaware	1	0
390.010	0.000	trigger_101	101	390010	Trigger-In:101	100	trial_start	staircase	13	red	left	aware	1	0
390.115	0.000	trigger_11	11	390115	Trigger-In:11	100	fixation_point_on	staircase	13	red	left	aware	1	0
390.715	0.000	trigger_21	21	390715	Trigger-In:21	100	grating_on	staircase	13	red	left	aware	1	0
390.770	0.000	trigger_20	20	390770	Trigger-In:20	100	grating_off	staircase	13	red	left	aware	1	0
391.370	0.000	trigger_31	31	391370	Trigger-In:31	100	targets_on_fp_color_change	staircase	13	red	left	aware	1	0
392.320	0.000	trigger_201	201	392320	Trigger-In:201	100	trial_end_completed	staircase	13	red	left	aware	1	0
393.390	0.000	trigger_101	101	393390	Trigger-In:101	101	trial_start	staircase	12	green	right	aware	1	0
393.495	0.000	trigger_11	11	393495	Trigger-In:11	101	fixation_point_on	staircase	12	green	right	aware	1	0
394.095	0.000	trigger_21	21	394095	Trigger-In:21	101	grating_on	staircase	12	green	right	aware	1	0
394.145	0.000	trigger_20	20	394145	Trigger-In:20	101	grating_off	staircase	12	green	right	aware	1	0
394.750	0.000	trigger_31	31	394750	Trigger-In:31	101	targets_on_fp_color_change	staircase	12	green	right	aware	1	0
395.435	0.000	trigger_201	201	395435	Trigger-In:201	101	trial_end_completed	staircase	12	green	right	aware	1	0
396.505	0.000	trigger_101	101	396505	Trigger-In:101	102	trial_start	salient	0	red	right	unaware	1	0
396.610	0.000	trigger_11	11	396610	Trigger-In:11	102	fixation_point_on	salient	0	red	right	unaware	1	0
397.210	0.000	trigger_21	21	397210	Trigger-In:21	102	grating_on	salient	0	red	right	unaware	1	0
397.260	0.000	trigger_20	20	397260	Trigger-In:20	102	grating_off	salient	0	red	right	unaware	1	0
397.865	0.000	trigger_31	31	397865	Trigger-In:31	102	targets_on_fp_color_change	salient	0	red	right	unaware	1	0
398.795	0.000	trigger_201	201	398795	Trigger-In:201	102	trial_end_completed	salient	0	red	right	unaware	1	0
399.865	0.000	trigger_101	101	399865	Trigger-In:101	103	trial_start	staircase	11	red	left	aware	1	0
399.970	0.000	trigger_11	11	399970	Trigger-In:11	103	fixation_point_on	staircase	11	red	left	aware	1	0
400.570	0.000	trigger_21	21	400570	Trigger-In:21	103	grating_on	staircase	11	red	left	aware	1	0
400.620	0.000	trigger_20	20	400620	Trigger-In:20	103	grating_off	staircase	11	red	left	aware	1	0
401.220	0.000	trigger_31	31	401220	Trigger-In:31	103	targets_on_fp_color_change	staircase	11	red	left	aware	1	0
402.150	0.000	trigger_201	201	402150	Trigger-In:201	103	trial_end_completed	staircase	11	red	left	aware	1	0
403.215	0.000	trigger_101	101	403215	Trigger-In:101	104	trial_start	staircase	10	green	left	unaware	1	0
403.320	0.000	trigger_11	11	403320	Trigger-In:11	104	fixation_point_on	staircase	10	green	left	unaware	1	0
403.925	0.000	trigger_21	21	403925	Trigger-In:21	104	grating_on	staircase	10	green	left	unaware	1	0
403.975	0.000	trigger_20	20	403975	Trigger-In:20	104	grating_off	staircase	10	green	left	unaware	1	0
404.575	0.000	trigger_31	31	404575	Trigger-In:31	104	targets_on_fp_color_change	staircase	10	green	left	unaware	1	0
405.550	0.000	trigger_201	201	405550	Trigger-In:201	104	trial_end_completed	staircase	10	green	left	unaware	1	0
406.620	0.000	trigger_101	101	406620	Trigger-In:101	105	trial_start	staircase	11	green	right	aware	1	0
406.725	0.000	trigger_11	11	406725	Trigger-In:11	105	fixation_point_on	staircase	11	green	right	aware	1	0
407.325	0.000	trigger_21	21	407325	Trigger-In:21	105	grating_on	staircase	11	green	right	aware	1	0
407.375	0.000	trigger_20	20	407375	Trigger-In:20	105	grating_off	staircase	11	green	right	aware	1	0
407.975	0.000	trigger_31	31	407975	Trigger-In:31	105	targets_on_fp_color_change	staircase	11	green	right	aware	1	0
408.640	0.000	trigger_201	201	408640	Trigger-In:201	105	trial_end_completed	staircase	11	green	right	aware	1	0
409.710	0.000	trigger_101	101	409710	Trigger-In:101	106	trial_start	staircase	10	green	left	unaware	1	0
409.815	0.000	trigger_11	11	409815	Trigger-In:11	106	fixation_point_on	staircase	10	green	left	unaware	1	0
410.415	0.000	trigger_21	21	410415	Trigger-In:21	106	grating_on	staircase	10	green	left	unaware	1	0
410.465	0.000	trigger_20	20	410465	Trigger-In:20	106	grating_off	staircase	10	green	left	unaware	1	0
411.065	0.000	trigger_31	31	411065	Trigger-In:31	106	targets_on_fp_color_change	staircase	10	green	left	unaware	1	0
412.335	0.000	trigger_201	201	412335	Trigger-In:201	106	trial_end_completed	staircase	10	green	left	unaware	1	0
413.400	0.000	trigger_101	101	413400	Trigger-In:101	107	trial_start	salient	0	green	left	unaware	1	0
413.505	0.000	trigger_11	11	413505	Trigger-In:11	107	fixation_point_on	salient	0	green	left	unaware	1	0
414.105	0.000	trigger_21	21	414105	Trigger-In:21	107	grating_on	salient	0	green	left	unaware	1	0
414.155	0.000	trigger_20	20	414155	Trigger-In:20	107	grating_off	salient	0	green	left	unaware	1	0
414.755	0.000	trigger_31	31	414755	Trigger-In:31	107	targets_on_fp_color_change	salient	0	green	left	unaware	1	0
415.705	0.000	trigger_201	201	415705	Trigger-In:201	107	trial_end_completed	salient	0	green	left	unaware	1	0
416.775	0.000	trigger_101	101	416775	Trigger-In:101	108	trial_start	staircase	11	green	left	unaware	1	0
416.880	0.000	trigger_11	11	416880	Trigger-In:11	108	fixation_point_on	staircase	11	green	left	unaware	1	0
417.480	0.000	trigger_21	21	417480	Trigger-In:21	108	grating_on	staircase	11	green	left	unaware	1	0
417.530	0.000	trigger_20	20	417530	Trigger-In:20	108	grating_off	staircase	11	green	left	unaware	1	0
418.130	0.000	trigger_31	31	418130	Trigger-In:31	108	targets_on_fp_color_change	staircase	11	green	left	unaware	1	0
418.995	0.000	trigger_201	201	418995	Trigger-In:201	108	trial_end_completed	staircase	11	green	left	unaware	1	0
420.060	0.000	trigger_101	101	420060	Trigger-In:101	109	trial_start	staircase	12	red	n/a	n/a	0	1
420.165	0.000	trigger_11	11	420165	Trigger-In:11	109	fixation_point_on	staircase	12	red	n/a	n/a	0	1
420.625	0.000	trigger_204	204	420625	Trigger-In:204	109	trial_end_fixation_break	staircase	12	red	n/a	n/a	0	1
422.360	0.000	trigger_101	101	422360	Trigger-In:101	110	trial_start	staircase	12	red	right	unaware	1	0
422.470	0.000	trigger_11	11	422470	Trigger-In:11	110	fixation_point_on	staircase	12	red	right	unaware	1	0
423.070	0.000	trigger_21	21	423070	Trigger-In:21	110	grating_on	staircase	12	red	right	unaware	1	0
423.120	0.000	trigger_20	20	423120	Trigger-In:20	110	grating_off	staircase	12	red	right	unaware	1	0
423.720	0.000	trigger_31	31	423720	Trigger-In:31	110	targets_on_fp_color_change	staircase	12	red	right	unaware	1	0
424.920	0.000	trigger_201	201	424920	Trigger-In:201	110	trial_end_completed	staircase	12	red	right	unaware	1	0
425.990	0.000	trigger_101	101	425990	Trigger-In:101	111	trial_start	absent	70	green	right	aware	1	0
426.095	0.000	trigger_11	11	426095	Trigger-In:11	111	fixation_point_on	absent	70	green	right	aware	1	0
426.700	0.000	trigger_21	21	426700	Trigger-In:21	111	grating_on	absent	70	green	right	aware	1	0
426.750	0.000	trigger_20	20	426750	Trigger-In:20	111	grating_off	absent	70	green	right	aware	1	0
427.350	0.000	trigger_31	31	427350	Trigger-In:31	111	targets_on_fp_color_change	absent	70	green	right	aware	1	0
428.205	0.000	trigger_201	201	428205	Trigger-In:201	111	trial_end_completed	absent	70	green	right	aware	1	0
429.275	0.000	trigger_101	101	429275	Trigger-In:101	112	trial_start	staircase	13	red	left	aware	1	0
429.380	0.000	trigger_11	11	429380	Trigger-In:11	112	fixation_point_on	staircase	13	red	left	aware	1	0
429.980	0.000	trigger_21	21	429980	Trigger-In:21	112	grating_on	staircase	13	red	left	aware	1	0
430.030	0.000	trigger_20	20	430030	Trigger-In:20	112	grating_off	staircase	13	red	left	aware	1	0
430.635	0.000	trigger_31	31	430635	Trigger-In:31	112	targets_on_fp_color_change	staircase	13	red	left	aware	1	0
431.605	0.000	trigger_201	201	431605	Trigger-In:201	112	trial_end_completed	staircase	13	red	left	aware	1	0
432.675	0.000	trigger_101	101	432675	Trigger-In:101	113	trial_start	absent	70	red	left	aware	1	0
432.780	0.000	trigger_11	11	432780	Trigger-In:11	113	fixation_point_on	absent	70	red	left	aware	1	0
433.400	0.000	trigger_21	21	433400	Trigger-In:21	113	grating_on	absent	70	red	left	aware	1	0
433.450	0.000	trigger_20	20	433450	Trigger-In:20	113	grating_off	absent	70	red	left	aware	1	0
434.050	0.000	trigger_31	31	434050	Trigger-In:31	113	targets_on_fp_color_change	absent	70	red	left	aware	1	0
434.735	0.000	trigger_201	201	434735	Trigger-In:201	113	trial_end_completed	absent	70	red	left	aware	1	0
435.805	0.000	trigger_101	101	435805	Trigger-In:101	114	trial_start	staircase	12	red	right	unaware	1	0
435.905	0.000	trigger_11	11	435905	Trigger-In:11	114	fixation_point_on	staircase	12	red	right	unaware	1	0
436.505	0.000	trigger_21	21	436505	Trigger-In:21	114	grating_on	staircase	12	red	right	unaware	1	0
436.555	0.000	trigger_20	20	436555	Trigger-In:20	114	grating_off	staircase	12	red	right	unaware	1	0
437.155	0.000	trigger_31	31	437155	Trigger-In:31	114	targets_on_fp_color_change	staircase	12	red	right	unaware	1	0
437.915	0.000	trigger_201	201	437915	Trigger-In:201	114	trial_end_completed	staircase	12	red	right	unaware	1	0
438.985	0.000	trigger_101	101	438985	Trigger-In:101	115	trial_start	staircase	13	red	left	aware	1	0
439.090	0.000	trigger_11	11	439090	Trigger-In:11	115	fixation_point_on	staircase	13	red	left	aware	1	0
439.690	0.000	trigger_21	21	439690	Trigger-In:21	115	grating_on	staircase	13	red	left	aware	1	0
439.740	0.000	trigger_20	20	439740	Trigger-In:20	115	grating_off	staircase	13	red	left	aware	1	0
440.340	0.000	trigger_31	31	440340	Trigger-In:31	115	targets_on_fp_color_change	staircase	13	red	left	aware	1	0
441.235	0.000	trigger_201	201	441235	Trigger-In:201	115	trial_end_completed	staircase	13	red	left	aware	1	0
442.305	0.000	trigger_101	101	442305	Trigger-In:101	116	trial_start	staircase	12	green	right	aware	1	0
442.410	0.000	trigger_11	11	442410	Trigger-In:11	116	fixation_point_on	staircase	12	green	right	aware	1	0
443.010	0.000	trigger_21	21	443010	Trigger-In:21	116	grating_on	staircase	12	green	right	aware	1	0
443.060	0.000	trigger_20	20	443060	Trigger-In:20	116	grating_off	staircase	12	green	right	aware	1	0
443.660	0.000	trigger_31	31	443660	Trigger-In:31	116	targets_on_fp_color_change	staircase	12	green	right	aware	1	0
444.840	0.000	trigger_201	201	444840	Trigger-In:201	116	trial_end_completed	staircase	12	green	right	aware	1	0
445.905	0.000	trigger_101	101	445905	Trigger-In:101	117	trial_start	staircase	11	red	right	unaware	1	0
446.010	0.000	trigger_11	11	446010	Trigger-In:11	117	fixation_point_on	staircase	11	red	right	unaware	1	0
446.610	0.000	trigger_21	21	446610	Trigger-In:21	117	grating_on	staircase	11	red	right	unaware	1	0
446.660	0.000	trigger_20	20	446660	Trigger-In:20	117	grating_off	staircase	11	red	right	unaware	1	0
447.265	0.000	trigger_31	31	447265	Trigger-In:31	117	targets_on_fp_color_change	staircase	11	red	right	unaware	1	0
448.050	0.000	trigger_201	201	448050	Trigger-In:201	117	trial_end_completed	staircase	11	red	right	unaware	1	0
449.115	0.000	trigger_101	101	449115	Trigger-In:101	118	trial_start	staircase	12	green	right	aware	1	0
449.220	0.000	trigger_11	11	449220	Trigger-In:11	118	fixation_point_on	staircase	12	green	right	aware	1	0
449.825	0.000	trigger_21	21	449825	Trigger-In:21	118	grating_on	staircase	12	green	right	aware	1	0
449.875	0.000	trigger_20	20	449875	Trigger-In:20	118	grating_off	staircase	12	green	right	aware	1	0
450.475	0.000	trigger_31	31	450475	Trigger-In:31	118	targets_on_fp_color_change	staircase	12	green	right	aware	1	0
451.330	0.000	trigger_201	201	451330	Trigger-In:201	118	trial_end_completed	staircase	12	green	right	aware	1	0
452.400	0.000	trigger_101	101	452400	Trigger-In:101	119	trial_start	staircase	11	green	right	aware	1	0
452.505	0.000	trigger_11	11	452505	Trigger-In:11	119	fixation_point_on	staircase	11	green	right	aware	1	0
453.105	0.000	trigger_21	21	453105	Trigger-In:21	119	grating_on	staircase	11	green	right	aware	1	0
453.155	0.000	trigger_20	20	453155	Trigger-In:20	119	grating_off	staircase	11	green	right	aware	1	0
453.755	0.000	trigger_31	31	453755	Trigger-In:31	119	targets_on_fp_color_change	staircase	11	green	right	aware	1	0
454.430	0.000	trigger_201	201	454430	Trigger-In:201	119	trial_end_completed	staircase	11	green	right	aware	1	0
455.500	0.000	trigger_101	101	455500	Trigger-In:101	120	trial_start	staircase	10	green	left	unaware	1	0
455.605	0.000	trigger_11	11	455605	Trigger-In:11	120	fixation_point_on	staircase	10	green	left	unaware	1	0
456.205	0.000	trigger_21	21	456205	Trigger-In:21	120	grating_on	staircase	10	green	left	unaware	1	0
456.255	0.000	trigger_20	20	456255	Trigger-In:20	120	grating_off	staircase	10	green	left	unaware	1	0
456.855	0.000	trigger_31	31	456855	Trigger-In:31	120	targets_on_fp_color_change	staircase	10	green	left	unaware	1	0
457.625	0.000	trigger_201	201	457625	Trigger-In:201	120	trial_end_completed	staircase	10	green	left	unaware	1	0
458.690	0.000	trigger_101	101	458690	Trigger-In:101	121	trial_start	salient	0	green	left	unaware	1	0
458.795	0.000	trigger_11	11	458795	Trigger-In:11	121	fixation_point_on	salient	0	green	left	unaware	1	0
459.395	0.000	trigger_21	21	459395	Trigger-In:21	121	grating_on	salient	0	green	left	unaware	1	0
459.445	0.000	trigger_20	20	459445	Trigger-In:20	121	grating_off	salient	0	green	left	unaware	1	0
460.045	0.000	trigger_31	31	460045	Trigger-In:31	121	targets_on_fp_color_change	salient	0	green	left	unaware	1	0
461.485	0.000	trigger_201	201	461485	Trigger-In:201	121	trial_end_completed	salient	0	green	left	unaware	1	0
462.555	0.000	trigger_101	101	462555	Trigger-In:101	122	trial_start	absent	70	green	right	aware	1	0
462.660	0.000	trigger_11	11	462660	Trigger-In:11	122	fixation_point_on	absent	70	green	right	aware	1	0
463.260	0.000	trigger_21	21	463260	Trigger-In:21	122	grating_on	absent	70	green	right	aware	1	0
463.310	0.000	trigger_20	20	463310	Trigger-In:20	122	grating_off	absent	70	green	right	aware	1	0
463.910	0.000	trigger_31	31	463910	Trigger-In:31	122	targets_on_fp_color_change	absent	70	green	right	aware	1	0
464.640	0.000	trigger_201	201	464640	Trigger-In:201	122	trial_end_completed	absent	70	green	right	aware	1	0
465.710	0.000	trigger_101	101	465710	Trigger-In:101	123	trial_start	staircase	11	red	right	unaware	1	0
465.985	0.000	trigger_11	11	465985	Trigger-In:11	123	fixation_point_on	staircase	11	red	right	unaware	1	0
466.585	0.000	trigger_21	21	466585	Trigger-In:21	123	grating_on	staircase	11	red	right	unaware	1	0
466.635	0.000	trigger_20	20	466635	Trigger-In:20	123	grating_off	staircase	11	red	right	unaware	1	0
467.235	0.000	trigger_31	31	467235	Trigger-In:31	123	targets_on_fp_color_change	staircase	11	red	right	unaware	1	0
468.120	0.000	trigger_201	201	468120	Trigger-In:201	123	trial_end_completed	staircase	11	red	right	unaware	1	0
469.190	0.000	trigger_101	101	469190	Trigger-In:101	124	trial_start	salient	0	green	left	unaware	1	0
469.295	0.000	trigger_11	11	469295	Trigger-In:11	124	fixation_point_on	salient	0	green	left	unaware	1	0
469.895	0.000	trigger_21	21	469895	Trigger-In:21	124	grating_on	salient	0	green	left	unaware	1	0
469.945	0.000	trigger_20	20	469945	Trigger-In:20	124	grating_off	salient	0	green	left	unaware	1	0
470.545	0.000	trigger_31	31	470545	Trigger-In:31	124	targets_on_fp_color_change	salient	0	green	left	unaware	1	0
471.355	0.000	trigger_201	201	471355	Trigger-In:201	124	trial_end_completed	salient	0	green	left	unaware	1	0
472.425	0.000	trigger_101	101	472425	Trigger-In:101	125	trial_start	staircase	12	green	right	aware	1	0
472.530	0.000	trigger_11	11	472530	Trigger-In:11	125	fixation_point_on	staircase	12	green	right	aware	1	0
473.130	0.000	trigger_21	21	473130	Trigger-In:21	125	grating_on	staircase	12	green	right	aware	1	0
473.185	0.000	trigger_20	20	473185	Trigger-In:20	125	grating_off	staircase	12	green	right	aware	1	0
473.785	0.000	trigger_31	31	473785	Trigger-In:31	125	targets_on_fp_color_change	staircase	12	green	right	aware	1	0
474.570	0.000	trigger_201	201	474570	Trigger-In:201	125	trial_end_completed	staircase	12	green	right	aware	1	0
475.640	0.000	trigger_101	101	475640	Trigger-In:101	126	trial_start	staircase	11	red	left	aware	1	0
475.745	0.000	trigger_11	11	475745	Trigger-In:11	126	fixation_point_on	staircase	11	red	left	aware	1	0
476.345	0.000	trigger_21	21	476345	Trigger-In:21	126	grating_on	staircase	11	red	left	aware	1	0
476.395	0.000	trigger_20	20	476395	Trigger-In:20	126	grating_off	staircase	11	red	left	aware	1	0
476.995	0.000	trigger_31	31	476995	Trigger-In:31	126	targets_on_fp_color_change	staircase	11	red	left	aware	1	0
477.980	0.000	trigger_201	201	477980	Trigger-In:201	126	trial_end_completed	staircase	11	red	left	aware	1	0
479.050	0.000	trigger_101	101	479050	Trigger-In:101	127	trial_start	staircase	10	red	left	aware	1	0
479.155	0.000	trigger_11	11	479155	Trigger-In:11	127	fixation_point_on	staircase	10	red	left	aware	1	0
479.755	0.000	trigger_21	21	479755	Trigger-In:21	127	grating_on	staircase	10	red	left	aware	1	0
479.805	0.000	trigger_20	20	479805	Trigger-In:20	127	grating_off	staircase	10	red	left	aware	1	0
480.405	0.000	trigger_31	31	480405	Trigger-In:31	127	targets_on_fp_color_change	staircase	10	red	left	aware	1	0
481.335	0.000	trigger_201	201	481335	Trigger-In:201	127	trial_end_completed	staircase	10	red	left	aware	1	0
482.405	0.000	trigger_101	101	482405	Trigger-In:101	128	trial_start	salient	0	green	left	unaware	1	0
482.505	0.000	trigger_11	11	482505	Trigger-In:11	128	fixation_point_on	salient	0	green	left	unaware	1	0
483.110	0.000	trigger_21	21	483110	Trigger-In:21	128	grating_on	salient	0	green	left	unaware	1	0
483.160	0.000	trigger_20	20	483160	Trigger-In:20	128	grating_off	salient	0	green	left	unaware	1	0
483.760	0.000	trigger_31	31	483760	Trigger-In:31	128	targets_on_fp_color_change	salient	0	green	left	unaware	1	0
484.745	0.000	trigger_201	201	484745	Trigger-In:201	128	trial_end_completed	salient	0	green	left	unaware	1	0
485.810	0.000	trigger_101	101	485810	Trigger-In:101	129	trial_start	salient	0	green	left	unaware	1	0
485.915	0.000	trigger_11	11	485915	Trigger-In:11	129	fixation_point_on	salient	0	green	left	unaware	1	0
486.515	0.000	trigger_21	21	486515	Trigger-In:21	129	grating_on	salient	0	green	left	unaware	1	0
486.570	0.000	trigger_20	20	486570	Trigger-In:20	129	grating_off	salient	0	green	left	unaware	1	0
487.170	0.000	trigger_31	31	487170	Trigger-In:31	129	targets_on_fp_color_change	salient	0	green	left	unaware	1	0
488.075	0.000	trigger_201	201	488075	Trigger-In:201	129	trial_end_completed	salient	0	green	left	unaware	1	0
489.145	0.000	trigger_101	101	489145	Trigger-In:101	130	trial_start	staircase	9	red	right	unaware	1	0
489.645	0.000	trigger_11	11	489645	Trigger-In:11	130	fixation_point_on	staircase	9	red	right	unaware	1	0
490.245	0.000	trigger_21	21	490245	Trigger-In:21	130	grating_on	staircase	9	red	right	unaware	1	0
490.295	0.000	trigger_20	20	490295	Trigger-In:20	130	grating_off	staircase	9	red	right	unaware	1	0
490.895	0.000	trigger_31	31	490895	Trigger-In:31	130	targets_on_fp_color_change	staircase	9	red	right	unaware	1	0
491.835	0.000	trigger_201	201	491835	Trigger-In:201	130	trial_end_completed	staircase	9	red	right	unaware	1	0
492.905	0.000	trigger_101	101	492905	Trigger-In:101	131	trial_start	salient	0	green	left	unaware	1	0
493.010	0.000	trigger_11	11	493010	Trigger-In:11	131	fixation_point_on	salient	0	green	left	unaware	1	0
493.610	0.000	trigger_21	21	493610	Trigger-In:21	131	grating_on	salient	0	green	left	unaware	1	0
493.660	0.000	trigger_20	20	493660	Trigger-In:20	131	grating_off	salient	0	green	left	unaware	1	0
494.260	0.000	trigger_31	31	494260	Trigger-In:31	131	targets_on_fp_color_change	salient	0	green	left	unaware	1	0
495.185	0.000	trigger_201	201	495185	Trigger-In:201	131	trial_end_completed	salient	0	green	left	unaware	1	0
496.250	0.000	trigger_101	101	496250	Trigger-In:101	132	trial_start	staircase	10	green	left	unaware	1	0
496.495	0.000	trigger_11	11	496495	Trigger-In:11	132	fixation_point_on	staircase	10	green	left	unaware	1	0
497.095	0.000	trigger_21	21	497095	Trigger-In:21	132	grating_on	staircase	10	green	left	unaware	1	0
497.145	0.000	trigger_20	20	497145	Trigger-In:20	132	grating_off	staircase	10	green	left	unaware	1	0
497.745	0.000	trigger_31	31	497745	Trigger-In:31	132	targets_on_fp_color_change	staircase	10	green	left	unaware	1	0
498.785	0.000	trigger_201	201	498785	Trigger-In:201	132	trial_end_completed	staircase	10	green	left	unaware	1	0
499.860	0.000	trigger_101	101	499860	Trigger-In:101	133	trial_start	staircase	11	green	left	unaware	1	0
499.965	0.000	trigger_11	11	499965	Trigger-In:11	133	fixation_point_on	staircase	11	green	left	unaware	1	0
500.565	0.000	trigger_21	21	500565	Trigger-In:21	133	grating_on	staircase	11	green	left	unaware	1	0
500.615	0.000	trigger_20	20	500615	Trigger-In:20	133	grating_off	staircase	11	green	left	unaware	1	0
501.215	0.000	trigger_31	31	501215	Trigger-In:31	133	targets_on_fp_color_change	staircase	11	green	left	unaware	1	0
502.070	0.000	trigger_201	201	502070	Trigger-In:201	133	trial_end_completed	staircase	11	green	left	unaware	1	0
503.140	0.000	trigger_101	101	503140	Trigger-In:101	134	trial_start	staircase	12	green	left	unaware	1	0
503.245	0.000	trigger_11	11	503245	Trigger-In:11	134	fixation_point_on	staircase	12	green	left	unaware	1	0
503.845	0.000	trigger_21	21	503845	Trigger-In:21	134	grating_on	staircase	12	green	left	unaware	1	0
503.895	0.000	trigger_20	20	503895	Trigger-In:20	134	grating_off	staircase	12	green	left	unaware	1	0
504.495	0.000	trigger_31	31	504495	Trigger-In:31	134	targets_on_fp_color_change	staircase	12	green	left	unaware	1	0
505.670	0.000	trigger_201	201	505670	Trigger-In:201	134	trial_end_completed	staircase	12	green	left	unaware	1	0
506.740	0.000	trigger_101	101	506740	Trigger-In:101	135	trial_start	staircase	13	red	right	unaware	1	0
506.885	0.000	trigger_11	11	506885	Trigger-In:11	135	fixation_point_on	staircase	13	red	right	unaware	1	0
507.485	0.000	trigger_21	21	507485	Trigger-In:21	135	grating_on	staircase	13	red	right	unaware	1	0
507.535	0.000	trigger_20	20	507535	Trigger-In:20	135	grating_off	staircase	13	red	right	unaware	1	0
508.135	0.000	trigger_31	31	508135	Trigger-In:31	135	targets_on_fp_color_change	staircase	13	red	right	unaware	1	0
509.030	0.000	trigger_201	201	509030	Trigger-In:201	135	trial_end_completed	staircase	13	red	right	unaware	1	0
510.100	0.000	trigger_101	101	510100	Trigger-In:101	136	trial_start	salient	0	green	left	unaware	1	0
510.205	0.000	trigger_11	11	510205	Trigger-In:11	136	fixation_point_on	salient	0	green	left	unaware	1	0
510.805	0.000	trigger_21	21	510805	Trigger-In:21	136	grating_on	salient	0	green	left	unaware	1	0
510.860	0.000	trigger_20	20	510860	Trigger-In:20	136	grating_off	salient	0	green	left	unaware	1	0
511.460	0.000	trigger_31	31	511460	Trigger-In:31	136	targets_on_fp_color_change	salient	0	green	left	unaware	1	0
512.260	0.000	trigger_201	201	512260	Trigger-In:201	136	trial_end_completed	salient	0	green	left	unaware	1	0
513.325	0.000	trigger_101	101	513325	Trigger-In:101	137	trial_start	salient	0	red	right	unaware	1	0
513.430	0.000	trigger_11	11	513430	Trigger-In:11	137	fixation_point_on	salient	0	red	right	unaware	1	0
514.035	0.000	trigger_21	21	514035	Trigger-In:21	137	grating_on	salient	0	red	right	unaware	1	0
514.085	0.000	trigger_20	20	514085	Trigger-In:20	137	grating_off	salient	0	red	right	unaware	1	0
514.685	0.000	trigger_31	31	514685	Trigger-In:31	137	targets_on_fp_color_change	salient	0	red	right	unaware	1	0
515.660	0.000	trigger_201	201	515660	Trigger-In:201	137	trial_end_completed	salient	0	red	right	unaware	1	0
516.725	0.000	trigger_101	101	516725	Trigger-In:101	138	trial_start	absent	70	green	right	aware	1	0
516.830	0.000	trigger_11	11	516830	Trigger-In:11	138	fixation_point_on	absent	70	green	right	aware	1	0
517.430	0.000	trigger_21	21	517430	Trigger-In:21	138	grating_on	absent	70	green	right	aware	1	0
517.480	0.000	trigger_20	20	517480	Trigger-In:20	138	grating_off	absent	70	green	right	aware	1	0
518.080	0.000	trigger_31	31	518080	Trigger-In:31	138	targets_on_fp_color_change	absent	70	green	right	aware	1	0
518.705	0.000	trigger_201	201	518705	Trigger-In:201	138	trial_end_completed	absent	70	green	right	aware	1	0
519.775	0.000	trigger_101	101	519775	Trigger-In:101	139	trial_start	absent	70	red	left	aware	1	0
519.880	0.000	trigger_11	11	519880	Trigger-In:11	139	fixation_point_on	absent	70	red	left	aware	1	0
520.480	0.000	trigger_21	21	520480	Trigger-In:21	139	grating_on	absent	70	red	left	aware	1	0
520.530	0.000	trigger_20	20	520530	Trigger-In:20	139	grating_off	absent	70	red	left	aware	1	0
521.130	0.000	trigger_31	31	521130	Trigger-In:31	139	targets_on_fp_color_change	absent	70	red	left	aware	1	0
522.130	0.000	trigger_201	201	522130	Trigger-In:201	139	trial_end_completed	absent	70	red	left	aware	1	0
523.195	0.000	trigger_101	101	523195	Trigger-In:101	140	trial_start	staircase	14	green	right	aware	1	0
523.300	0.000	trigger_11	11	523300	Trigger-In:11	140	fixation_point_on	staircase	14	green	right	aware	1	0
523.900	0.000	trigger_21	21	523900	Trigger-In:21	140	grating_on	staircase	14	green	right	aware	1	0
523.950	0.000	trigger_20	20	523950	Trigger-In:20	140	grating_off	staircase	14	green	right	aware	1	0
524.550	0.000	trigger_31	31	524550	Trigger-In:31	140	targets_on_fp_color_change	staircase	14	green	right	aware	1	0
525.435	0.000	trigger_201	201	525435	Trigger-In:201	140	trial_end_completed	staircase	14	green	right	aware	1	0
526.500	0.000	trigger_101	101	526500	Trigger-In:101	141	trial_start	staircase	13	green	right	aware	1	0
526.635	0.000	trigger_11	11	526635	Trigger-In:11	141	fixation_point_on	staircase	13	green	right	aware	1	0
527.235	0.000	trigger_21	21	527235	Trigger-In:21	141	grating_on	staircase	13	green	right	aware	1	0
527.285	0.000	trigger_20	20	527285	Trigger-In:20	141	grating_off	staircase	13	green	right	aware	1	0
527.885	0.000	trigger_31	31	527885	Trigger-In:31	141	targets_on_fp_color_change	staircase	13	green	right	aware	1	0
528.770	0.000	trigger_201	201	528770	Trigger-In:201	141	trial_end_completed	staircase	13	green	right	aware	1	0
529.840	0.000	trigger_101	101	529840	Trigger-In:101	142	trial_start	salient	0	green	left	unaware	1	0
529.940	0.000	trigger_11	11	529940	Trigger-In:11	142	fixation_point_on	salient	0	green	left	unaware	1	0
530.540	0.000	trigger_21	21	530540	Trigger-In:21	142	grating_on	salient	0	green	left	unaware	1	0
530.590	0.000	trigger_20	20	530590	Trigger-In:20	142	grating_off	salient	0	green	left	unaware	1	0
531.190	0.000	trigger_31	31	531190	Trigger-In:31	142	targets_on_fp_color_change	salient	0	green	left	unaware	1	0
532.045	0.000	trigger_201	201	532045	Trigger-In:201	142	trial_end_completed	salient	0	green	left	unaware	1	0
533.115	0.000	trigger_101	101	533115	Trigger-In:101	143	trial_start	staircase	12	green	right	aware	1	0
533.220	0.000	trigger_11	11	533220	Trigger-In:11	143	fixation_point_on	staircase	12	green	right	aware	1	0
533.820	0.000	trigger_21	21	533820	Trigger-In:21	143	grating_on	staircase	12	green	right	aware	1	0
533.870	0.000	trigger_20	20	533870	Trigger-In:20	143	grating_off	staircase	12	green	right	aware	1	0
534.470	0.000	trigger_31	31	534470	Trigger-In:31	143	targets_on_fp_color_change	staircase	12	green	right	aware	1	0
535.160	0.000	trigger_201	201	535160	Trigger-In:201	143	trial_end_completed	staircase	12	green	right	aware	1	0
536.230	0.000	trigger_101	101	536230	Trigger-In:101	144	trial_start	staircase	11	green	left	unaware	1	0
536.335	0.000	trigger_11	11	536335	Trigger-In:11	144	fixation_point_on	staircase	11	green	left	unaware	1	0
536.935	0.000	trigger_21	21	536935	Trigger-In:21	144	grating_on	staircase	11	green	left	unaware	1	0
536.985	0.000	trigger_20	20	536985	Trigger-In:20	144	grating_off	staircase	11	green	left	unaware	1	0
537.585	0.000	trigger_31	31	537585	Trigger-In:31	144	targets_on_fp_color_change	staircase	11	green	left	unaware	1	0
538.375	0.000	trigger_201	201	538375	Trigger-In:201	144	trial_end_completed	staircase	11	green	left	unaware	1	0
539.440	0.000	trigger_101	101	539440	Trigger-In:101	145	trial_start	staircase	12	red	left	aware	1	0
539.545	0.000	trigger_11	11	539545	Trigger-In:11	145	fixation_point_on	staircase	12	red	left	aware	1	0
540.145	0.000	trigger_21	21	540145	Trigger-In:21	145	grating_on	staircase	12	red	left	aware	1	0
540.195	0.000	trigger_20	20	540195	Trigger-In:20	145	grating_off	staircase	12	red	left	aware	1	0
540.800	0.000	trigger_31	31	540800	Trigger-In:31	145	targets_on_fp_color_change	staircase	12	red	left	aware	1	0
541.685	0.000	trigger_201	201	541685	Trigger-In:201	145	trial_end_completed	staircase	12	red	left	aware	1	0
542.755	0.000	trigger_101	101	542755	Trigger-In:101	146	trial_start	staircase	11	green	left	unaware	1	0
542.860	0.000	trigger_11	11	542860	Trigger-In:11	146	fixation_point_on	staircase	11	green	left	unaware	1	0
543.460	0.000	trigger_21	21	543460	Trigger-In:21	146	grating_on	staircase	11	green	left	unaware	1	0
543.510	0.000	trigger_20	20	543510	Trigger-In:20	146	grating_off	staircase	11	green	left	unaware	1	0
544.110	0.000	trigger_31	31	544110	Trigger-In:31	146	targets_on_fp_color_change	staircase	11	green	left	unaware	1	0
545.015	0.000	trigger_201	201	545015	Trigger-In:201	146	trial_end_completed	staircase	11	green	left	unaware	1	0
546.080	0.000	trigger_101	101	546080	Trigger-In:101	147	trial_start	staircase	12	green	right	aware	1	0
546.185	0.000	trigger_11	11	546185	Trigger-In:11	147	fixation_point_on	staircase	12	green	right	aware	1	0
546.785	0.000	trigger_21	21	546785	Trigger-In:21	147	grating_on	staircase	12	green	right	aware	1	0
546.840	0.000	trigger_20	20	546840	Trigger-In:20	147	grating_off	staircase	12	green	right	aware	1	0
547.440	0.000	trigger_31	31	547440	Trigger-In:31	147	targets_on_fp_color_change	staircase	12	green	right	aware	1	0
548.025	0.000	trigger_201	201	548025	Trigger-In:201	147	trial_end_completed	staircase	12	green	right	aware	1	0
549.095	0.000	trigger_101	101	549095	Trigger-In:101	148	trial_start	staircase	11	green	right	aware	1	0
549.200	0.000	trigger_11	11	549200	Trigger-In:11	148	fixation_point_on	staircase	11	green	right	aware	1	0
549.800	0.000	trigger_21	21	549800	Trigger-In:21	148	grating_on	staircase	11	green	right	aware	1	0
549.855	0.000	trigger_20	20	549855	Trigger-In:20	148	grating_off	staircase	11	green	right	aware	1	0
550.455	0.000	trigger_31	31	550455	Trigger-In:31	148	targets_on_fp_color_change	staircase	11	green	right	aware	1	0
551.085	0.000	trigger_201	201	551085	Trigger-In:201	148	trial_end_completed	staircase	11	green	right	aware	1	0
552.150	0.000	trigger_101	101	552150	Trigger-In:101	149	trial_start	staircase	10	red	right	unaware	1	0
552.260	0.000	trigger_11	11	552260	Trigger-In:11	149	fixation_point_on	staircase	10	red	right	unaware	1	0
552.860	0.000	trigger_21	21	552860	Trigger-In:21	149	grating_on	staircase	10	red	right	unaware	1	0
552.910	0.000	trigger_20	20	552910	Trigger-In:20	149	grating_off	staircase	10	red	right	unaware	1	0
553.510	0.000	trigger_31	31	553510	Trigger-In:31	149	targets_on_fp_color_change	staircase	10	red	right	unaware	1	0
554.435	0.000	trigger_201	201	554435	Trigger-In:201	149	trial_end_completed	staircase	10	red	right	unaware	1	0
555.505	0.000	trigger_101	101	555505	Trigger-In:101	150	trial_start	staircase	11	red	right	unaware	1	0
555.610	0.000	trigger_11	11	555610	Trigger-In:11	150	fixation_point_on	staircase	11	red	right	unaware	1	0
556.210	0.000	trigger_21	21	556210	Trigger-In:21	150	grating_on	staircase	11	red	right	unaware	1	0
556.260	0.000	trigger_20	20	556260	Trigger-In:20	150	grating_off	staircase	11	red	right	unaware	1	0
556.860	0.000	trigger_31	31	556860	Trigger-In:31	150	targets_on_fp_color_change	staircase	11	red	right	unaware	1	0
557.580	0.000	trigger_201	201	557580	Trigger-In:201	150	trial_end_completed	staircase	11	red	right	unaware	1	0
558.650	0.000	trigger_101	101	558650	Trigger-In:101	151	trial_start	staircase	12	green	left	unaware	1	0
558.870	0.000	trigger_11	11	558870	Trigger-In:11	151	fixation_point_on	staircase	12	green	left	unaware	1	0
559.470	0.000	trigger_21	21	559470	Trigger-In:21	151	grating_on	staircase	12	green	left	unaware	1	0
559.520	0.000	trigger_20	20	559520	Trigger-In:20	151	grating_off	staircase	12	green	left	unaware	1	0
560.125	0.000	trigger_31	31	560125	Trigger-In:31	151	targets_on_fp_color_change	staircase	12	green	left	unaware	1	0
561.150	0.000	trigger_201	201	561150	Trigger-In:201	151	trial_end_completed	staircase	12	green	left	unaware	1	0
562.215	0.000	trigger_101	101	562215	Trigger-In:101	152	trial_start	salient	0	green	left	unaware	1	0
562.325	0.000	trigger_11	11	562325	Trigger-In:11	152	fixation_point_on	salient	0	green	left	unaware	1	0
562.925	0.000	trigger_21	21	562925	Trigger-In:21	152	grating_on	salient	0	green	left	unaware	1	0
562.975	0.000	trigger_20	20	562975	Trigger-In:20	152	grating_off	salient	0	green	left	unaware	1	0
563.575	0.000	trigger_31	31	563575	Trigger-In:31	152	targets_on_fp_color_change	salient	0	green	left	unaware	1	0
564.570	0.000	trigger_201	201	564570	Trigger-In:201	152	trial_end_completed	salient	0	green	left	unaware	1	0
565.640	0.000	trigger_101	101	565640	Trigger-In:101	153	trial_start	staircase	13	red	right	unaware	1	0
565.745	0.000	trigger_11	11	565745	Trigger-In:11	153	fixation_point_on	staircase	13	red	right	unaware	1	0
566.345	0.000	trigger_21	21	566345	Trigger-In:21	153	grating_on	staircase	13	red	right	unaware	1	0
566.395	0.000	trigger_20	20	566395	Trigger-In:20	153	grating_off	staircase	13	red	right	unaware	1	0
566.995	0.000	trigger_31	31	566995	Trigger-In:31	153	targets_on_fp_color_change	staircase	13	red	right	unaware	1	0
567.785	0.000	trigger_201	201	567785	Trigger-In:201	153	trial_end_completed	staircase	13	red	right	unaware	1	0
568.850	0.000	trigger_101	101	568850	Trigger-In:101	154	trial_start	salient	0	red	right	unaware	1	0
568.955	0.000	trigger_11	11	568955	Trigger-In:11	154	fixation_point_on	salient	0	red	right	unaware	1	0
569.555	0.000	trigger_21	21	569555	Trigger-In:21	154	grating_on	salient	0	red	right	unaware	1	0
569.610	0.000	trigger_20	20	569610	Trigger-In:20	154	grating_off	salient	0	red	right	unaware	1	0
570.210	0.000	trigger_31	31	570210	Trigger-In:31	154	targets_on_fp_color_change	salient	0	red	right	unaware	1	0
571.250	0.000	trigger_201	201	571250	Trigger-In:201	154	trial_end_completed	salient	0	red	right	unaware	1	0
572.320	0.000	trigger_101	101	572320	Trigger-In:101	155	trial_start	staircase	14	red	left	aware	1	0
572.425	0.000	trigger_11	11	572425	Trigger-In:11	155	fixation_point_on	staircase	14	red	left	aware	1	0
573.025	0.000	trigger_21	21	573025	Trigger-In:21	155	grating_on	staircase	14	red	left	aware	1	0
573.075	0.000	trigger_20	20	573075	Trigger-In:20	155	grating_off	staircase	14	red	left	aware	1	0
573.675	0.000	trigger_31	31	573675	Trigger-In:31	155	targets_on_fp_color_change	staircase	14	red	left	aware	1	0
574.495	0.000	trigger_201	201	574495	Trigger-In:201	155	trial_end_completed	staircase	14	red	left	aware	1	0
575.565	0.000	trigger_101	101	575565	Trigger-In:101	156	trial_start	salient	0	red	right	unaware	1	0
575.670	0.000	trigger_11	11	575670	Trigger-In:11	156	fixation_point_on	salient	0	red	right	unaware	1	0
576.270	0.000	trigger_21	21	576270	Trigger-In:21	156	grating_on	salient	0	red	right	unaware	1	0
576.320	0.000	trigger_20	20	576320	Trigger-In:20	156	grating_off	salient	0	red	right	unaware	1	0
576.925	0.000	trigger_31	31	576925	Trigger-In:31	156	targets_on_fp_color_change	salient	0	red	right	unaware	1	0
577.900	0.000	trigger_201	201	577900	Trigger-In:201	156	trial_end_completed	salient	0	red	right	unaware	1	0
578.970	0.000	trigger_101	101	578970	Trigger-In:101	157	trial_start	staircase	13	green	right	aware	1	0
579.075	0.000	trigger_11	11	579075	Trigger-In:11	157	fixation_point_on	staircase	13	green	right	aware	1	0
579.675	0.000	trigger_21	21	579675	Trigger-In:21	157	grating_on	staircase	13	green	right	aware	1	0
579.725	0.000	trigger_20	20	579725	Trigger-In:20	157	grating_off	staircase	13	green	right	aware	1	0
580.325	0.000	trigger_31	31	580325	Trigger-In:31	157	targets_on_fp_color_change	staircase	13	green	right	aware	1	0
581.170	0.000	trigger_201	201	581170	Trigger-In:201	157	trial_end_completed	staircase	13	green	right	aware	1	0
582.240	0.000	trigger_101	101	582240	Trigger-In:101	158	trial_start	staircase	12	red	right	unaware	1	0
582.340	0.000	trigger_11	11	582340	Trigger-In:11	158	fixation_point_on	staircase	12	red	right	unaware	1	0
582.945	0.000	trigger_21	21	582945	Trigger-In:21	158	grating_on	staircase	12	red	right	unaware	1	0
582.995	0.000	trigger_20	20	582995	Trigger-In:20	158	grating_off	staircase	12	red	right	unaware	1	0
583.595	0.000	trigger_31	31	583595	Trigger-In:31	158	targets_on_fp_color_change	staircase	12	red	right	unaware	1	0
585.080	0.000	trigger_201	201	585080	Trigger-In:201	158	trial_end_completed	staircase	12	red	right	unaware	1	0
586.150	0.000	trigger_101	101	586150	Trigger-In:101	159	trial_start	staircase	13	green	right	aware	1	0
586.255	0.000	trigger_11	11	586255	Trigger-In:11	159	fixation_point_on	staircase	13	green	right	aware	1	0
586.855	0.000	trigger_21	21	586855	Trigger-In:21	159	grating_on	staircase	13	green	right	aware	1	0
586.905	0.000	trigger_20	20	586905	Trigger-In:20	159	grating_off	staircase	13	green	right	aware	1	0
587.505	0.000	trigger_31	31	587505	Trigger-In:31	159	targets_on_fp_color_change	staircase	13	green	right	aware	1	0
588.335	0.000	trigger_201	201	588335	Trigger-In:201	159	trial_end_completed	staircase	13	green	right	aware	1	0
589.405	0.000	trigger_101	101	589405	Trigger-In:101	160	trial_start	staircase	12	red	left	aware	1	0
589.515	0.000	trigger_11	11	589515	Trigger-In:11	160	fixation_point_on	staircase	12	red	left	aware	1	0
590.115	0.000	trigger_21	21	590115	Trigger-In:21	160	grating_on	staircase	12	red	left	aware	1	0
590.165	0.000	trigger_20	20	590165	Trigger-In:20	160	grating_off	staircase	12	red	left	aware	1	0
590.765	0.000	trigger_31	31	590765	Trigger-In:31	160	targets_on_fp_color_change	staircase	12	red	left	aware	1	0
591.820	0.000	trigger_201	201	591820	Trigger-In:201	160	trial_end_completed	staircase	12	red	left	aware	1	0
592.895	0.000	trigger_101	101	592895	Trigger-In:101	161	trial_start	staircase	11	green	left	unaware	1	0
593.000	0.000	trigger_11	11	593000	Trigger-In:11	161	fixation_point_on	staircase	11	green	left	unaware	1	0
593.600	0.000	trigger_21	21	593600	Trigger-In:21	161	grating_on	staircase	11	green	left	unaware	1	0
593.650	0.000	trigger_20	20	593650	Trigger-In:20	161	grating_off	staircase	11	green	left	unaware	1	0
594.250	0.000	trigger_31	31	594250	Trigger-In:31	161	targets_on_fp_color_change	staircase	11	green	left	unaware	1	0
595.695	0.000	trigger_201	201	595695	Trigger-In:201	161	trial_end_completed	staircase	11	green	left	unaware	1	0
596.765	0.000	trigger_101	101	596765	Trigger-In:101	162	trial_start	staircase	12	green	left	unaware	1	0
596.870	0.000	trigger_11	11	596870	Trigger-In:11	162	fixation_point_on	staircase	12	green	left	unaware	1	0
597.470	0.000	trigger_21	21	597470	Trigger-In:21	162	grating_on	staircase	12	green	left	unaware	1	0
597.520	0.000	trigger_20	20	597520	Trigger-In:20	162	grating_off	staircase	12	green	left	unaware	1	0
598.120	0.000	trigger_31	31	598120	Trigger-In:31	162	targets_on_fp_color_change	staircase	12	green	left	unaware	1	0
599.170	0.000	trigger_201	201	599170	Trigger-In:201	162	trial_end_completed	staircase	12	green	left	unaware	1	0
600.240	0.000	trigger_101	101	600240	Trigger-In:101	163	trial_start	salient	0	green	left	unaware	1	0
600.345	0.000	trigger_11	11	600345	Trigger-In:11	163	fixation_point_on	salient	0	green	left	unaware	1	0
600.945	0.000	trigger_21	21	600945	Trigger-In:21	163	grating_on	salient	0	green	left	unaware	1	0
600.995	0.000	trigger_20	20	600995	Trigger-In:20	163	grating_off	salient	0	green	left	unaware	1	0
601.600	0.000	trigger_31	31	601600	Trigger-In:31	163	targets_on_fp_color_change	salient	0	green	left	unaware	1	0
602.695	0.000	trigger_201	201	602695	Trigger-In:201	163	trial_end_completed	salient	0	green	left	unaware	1	0
603.765	0.000	trigger_101	101	603765	Trigger-In:101	164	trial_start	staircase	13	green	left	unaware	1	0
603.890	0.000	trigger_11	11	603890	Trigger-In:11	164	fixation_point_on	staircase	13	green	left	unaware	1	0
604.490	0.000	trigger_21	21	604490	Trigger-In:21	164	grating_on	staircase	13	green	left	unaware	1	0
604.540	0.000	trigger_20	20	604540	Trigger-In:20	164	grating_off	staircase	13	green	left	unaware	1	0
605.140	0.000	trigger_31	31	605140	Trigger-In:31	164	targets_on_fp_color_change	staircase	13	green	left	unaware	1	0
606.590	0.000	trigger_201	201	606590	Trigger-In:201	164	trial_end_completed	staircase	13	green	left	unaware	1	0
607.660	0.000	trigger_101	101	607660	Trigger-In:101	165	trial_start	staircase	14	red	left	aware	1	0
607.765	0.000	trigger_11	11	607765	Trigger-In:11	165	fixation_point_on	staircase	14	red	left	aware	1	0
608.370	0.000	trigger_21	21	608370	Trigger-In:21	165	grating_on	staircase	14	red	left	aware	1	0
608.420	0.000	trigger_20	20	608420	Trigger-In:20	165	grating_off	staircase	14	red	left	aware	1	0
609.020	0.000	trigger_31	31	609020	Trigger-In:31	165	targets_on_fp_color_change	staircase	14	red	left	aware	1	0
610.220	0.000	trigger_201	201	610220	Trigger-In:201	165	trial_end_completed	staircase	14	red	left	aware	1	0
611.290	0.000	trigger_101	101	611290	Trigger-In:101	166	trial_start	staircase	13	green	left	unaware	1	0
611.395	0.000	trigger_11	11	611395	Trigger-In:11	166	fixation_point_on	staircase	13	green	left	unaware	1	0
611.995	0.000	trigger_21	21	611995	Trigger-In:21	166	grating_on	staircase	13	green	left	unaware	1	0
612.045	0.000	trigger_20	20	612045	Trigger-In:20	166	grating_off	staircase	13	green	left	unaware	1	0
612.645	0.000	trigger_31	31	612645	Trigger-In:31	166	targets_on_fp_color_change	staircase	13	green	left	unaware	1	0
613.675	0.000	trigger_201	201	613675	Trigger-In:201	166	trial_end_completed	staircase	13	green	left	unaware	1	0
614.745	0.000	trigger_101	101	614745	Trigger-In:101	167	trial_start	staircase	14	red	right	unaware	1	0
614.845	0.000	trigger_11	11	614845	Trigger-In:11	167	fixation_point_on	staircase	14	red	right	unaware	1	0
615.445	0.000	trigger_21	21	615445	Trigger-In:21	167	grating_on	staircase	14	red	right	unaware	1	0
615.495	0.000	trigger_20	20	615495	Trigger-In:20	167	grating_off	staircase	14	red	right	unaware	1	0
616.100	0.000	trigger_31	31	616100	Trigger-In:31	167	targets_on_fp_color_change	staircase	14	red	right	unaware	1	0
617.125	0.000	trigger_201	201	617125	Trigger-In:201	167	trial_end_completed	staircase	14	red	right	unaware	1	0
618.195	0.000	trigger_101	101	618195	Trigger-In:101	168	trial_start	staircase	15	green	right	aware	1	0
618.295	0.000	trigger_11	11	618295	Trigger-In:11	168	fixation_point_on	staircase	15	green	right	aware	1	0
618.895	0.000	trigger_21	21	618895	Trigger-In:21	168	grating_on	staircase	15	green	right	aware	1	0
618.945	0.000	trigger_20	20	618945	Trigger-In:20	168	grating_off	staircase	15	green	right	aware	1	0
619.580	0.000	trigger_31	31	619580	Trigger-In:31	168	targets_on_fp_color_change	staircase	15	green	right	aware	1	0
620.190	0.000	trigger_201	201	620190	Trigger-In:201	168	trial_end_completed	staircase	15	green	right	aware	1	0
621.260	0.000	trigger_101	101	621260	Trigger-In:101	169	trial_start	absent	70	red	left	aware	1	0
621.365	0.000	trigger_11	11	621365	Trigger-In:11	169	fixation_point_on	absent	70	red	left	aware	1	0
621.965	0.000	trigger_21	21	621965	Trigger-In:21	169	grating_on	absent	70	red	left	aware	1	0
622.015	0.000	trigger_20	20	622015	Trigger-In:20	169	grating_off	absent	70	red	left	aware	1	0
622.615	0.000	trigger_31	31	622615	Trigger-In:31	169	targets_on_fp_color_change	absent	70	red	left	aware	1	0
623.760	0.000	trigger_201	201	623760	Trigger-In:201	169	trial_end_completed	absent	70	red	left	aware	1	0
624.830	0.000	trigger_101	101	624830	Trigger-In:101	170	trial_start	staircase	14	red	left	aware	1	0
624.930	0.000	trigger_11	11	624930	Trigger-In:11	170	fixation_point_on	staircase	14	red	left	aware	1	0
625.535	0.000	trigger_21	21	625535	Trigger-In:21	170	grating_on	staircase	14	red	left	aware	1	0
625.585	0.000	trigger_20	20	625585	Trigger-In:20	170	grating_off	staircase	14	red	left	aware	1	0
626.185	0.000	trigger_31	31	626185	Trigger-In:31	170	targets_on_fp_color_change	staircase	14	red	left	aware	1	0
627.060	0.000	trigger_201	201	627060	Trigger-In:201	170	trial_end_completed	staircase	14	red	left	aware	1	0
628.130	0.000	trigger_101	101	628130	Trigger-In:101	171	trial_start	staircase	13	red	left	aware	1	0
628.235	0.000	trigger_11	11	628235	Trigger-In:11	171	fixation_point_on	staircase	13	red	left	aware	1	0
628.835	0.000	trigger_21	21	628835	Trigger-In:21	171	grating_on	staircase	13	red	left	aware	1	0
628.885	0.000	trigger_20	20	628885	Trigger-In:20	171	grating_off	staircase	13	red	left	aware	1	0
629.485	0.000	trigger_31	31	629485	Trigger-In:31	171	targets_on_fp_color_change	staircase	13	red	left	aware	1	0
630.230	0.000	trigger_201	201	630230	Trigger-In:201	171	trial_end_completed	staircase	13	red	left	aware	1	0
631.295	0.000	trigger_101	101	631295	Trigger-In:101	172	trial_start	staircase	12	red	right	unaware	1	0
631.415	0.000	trigger_11	11	631415	Trigger-In:11	172	fixation_point_on	staircase	12	red	right	unaware	1	0
632.020	0.000	trigger_21	21	632020	Trigger-In:21	172	grating_on	staircase	12	red	right	unaware	1	0
632.070	0.000	trigger_20	20	632070	Trigger-In:20	172	grating_off	staircase	12	red	right	unaware	1	0
632.670	0.000	trigger_31	31	632670	Trigger-In:31	172	targets_on_fp_color_change	staircase	12	red	right	unaware	1	0
633.555	0.000	trigger_201	201	633555	Trigger-In:201	172	trial_end_completed	staircase	12	red	right	unaware	1	0
634.625	0.000	trigger_101	101	634625	Trigger-In:101	173	trial_start	staircase	13	green	right	aware	1	0
634.730	0.000	trigger_11	11	634730	Trigger-In:11	173	fixation_point_on	staircase	13	green	right	aware	1	0
635.330	0.000	trigger_21	21	635330	Trigger-In:21	173	grating_on	staircase	13	green	right	aware	1	0
635.380	0.000	trigger_20	20	635380	Trigger-In:20	173	grating_off	staircase	13	green	right	aware	1	0
635.985	0.000	trigger_31	31	635985	Trigger-In:31	173	targets_on_fp_color_change	staircase	13	green	right	aware	1	0
636.725	0.000	trigger_201	201	636725	Trigger-In:201	173	trial_end_completed	staircase	13	green	right	aware	1	0
637.795	0.000	trigger_101	101	637795	Trigger-In:101	174	trial_start	staircase	12	green	right	aware	1	0
637.900	0.000	trigger_11	11	637900	Trigger-In:11	174	fixation_point_on	staircase	12	green	right	aware	1	0
638.500	0.000	trigger_21	21	638500	Trigger-In:21	174	grating_on	staircase	12	green	right	aware	1	0
638.550	0.000	trigger_20	20	638550	Trigger-In:20	174	grating_off	staircase	12	green	right	aware	1	0
639.155	0.000	trigger_31	31	639155	Trigger-In:31	174	targets_on_fp_color_change	staircase	12	green	right	aware	1	0
639.960	0.000	trigger_201	201	639960	Trigger-In:201	174	trial_end_completed	staircase	12	green	right	aware	1	0
641.030	0.000	trigger_101	101	641030	Trigger-In:101	175	trial_start	absent	70	red	left	aware	1	0
641.135	0.000	trigger_11	11	641135	Trigger-In:11	175	fixation_point_on	absent	70	red	left	aware	1	0
641.735	0.000	trigger_21	21	641735	Trigger-In:21	175	grating_on	absent	70	red	left	aware	1	0
641.785	0.000	trigger_20	20	641785	Trigger-In:20	175	grating_off	absent	70	red	left	aware	1	0
642.385	0.000	trigger_31	31	642385	Trigger-In:31	175	targets_on_fp_color_change	absent	70	red	left	aware	1	0
643.320	0.000	trigger_201	201	643320	Trigger-In:201	175	trial_end_completed	absent	70	red	left	aware	1	0
644.395	0.000	trigger_101	101	644395	Trigger-In:101	176	trial_start	salient	0	red	right	unaware	1	0
644.500	0.000	trigger_11	11	644500	Trigger-In:11	176	fixation_point_on	salient	0	red	right	unaware	1	0
645.100	0.000	trigger_21	21	645100	Trigger-In:21	176	grating_on	salient	0	red	right	unaware	1	0
645.150	0.000	trigger_20	20	645150	Trigger-In:20	176	grating_off	salient	0	red	right	unaware	1	0
645.750	0.000	trigger_31	31	645750	Trigger-In:31	176	targets_on_fp_color_change	salient	0	red	right	unaware	1	0
646.625	0.000	trigger_201	201	646625	Trigger-In:201	176	trial_end_completed	salient	0	red	right	unaware	1	0
647.695	0.000	trigger_101	101	647695	Trigger-In:101	177	trial_start	staircase	11	green	left	unaware	1	0
647.800	0.000	trigger_11	11	647800	Trigger-In:11	177	fixation_point_on	staircase	11	green	left	unaware	1	0
648.400	0.000	trigger_21	21	648400	Trigger-In:21	177	grating_on	staircase	11	green	left	unaware	1	0
648.450	0.000	trigger_20	20	648450	Trigger-In:20	177	grating_off	staircase	11	green	left	unaware	1	0
649.050	0.000	trigger_31	31	649050	Trigger-In:31	177	targets_on_fp_color_change	staircase	11	green	left	unaware	1	0
650.030	0.000	trigger_201	201	650030	Trigger-In:201	177	trial_end_completed	staircase	11	green	left	unaware	1	0
651.100	0.000	trigger_101	101	651100	Trigger-In:101	178	trial_start	staircase	12	green	left	unaware	1	0
651.205	0.000	trigger_11	11	651205	Trigger-In:11	178	fixation_point_on	staircase	12	green	left	unaware	1	0
651.805	0.000	trigger_21	21	651805	Trigger-In:21	178	grating_on	staircase	12	green	left	unaware	1	0
651.855	0.000	trigger_20	20	651855	Trigger-In:20	178	grating_off	staircase	12	green	left	unaware	1	0
652.455	0.000	trigger_31	31	652455	Trigger-In:31	178	targets_on_fp_color_change	staircase	12	green	left	unaware	1	0
653.325	0.000	trigger_201	201	653325	Trigger-In:201	178	trial_end_completed	staircase	12	green	left	unaware	1	0
654.395	0.000	trigger_101	101	654395	Trigger-In:101	179	trial_start	staircase	13	green	right	aware	1	0
654.500	0.000	trigger_11	11	654500	Trigger-In:11	179	fixation_point_on	staircase	13	green	right	aware	1	0
655.100	0.000	trigger_21	21	655100	Trigger-In:21	179	grating_on	staircase	13	green	right	aware	1	0
655.150	0.000	trigger_20	20	655150	Trigger-In:20	179	grating_off	staircase	13	green	right	aware	1	0
655.750	0.000	trigger_31	31	655750	Trigger-In:31	179	targets_on_fp_color_change	staircase	13	green	right	aware	1	0
656.595	0.000	trigger_201	201	656595	Trigger-In:201	179	trial_end_completed	staircase	13	green	right	aware	1	0
657.665	0.000	trigger_101	101	657665	Trigger-In:101	180	trial_start	staircase	12	red	right	unaware	1	0
657.770	0.000	trigger_11	11	657770	Trigger-In:11	180	fixation_point_on	staircase	12	red	right	unaware	1	0
658.370	0.000	trigger_21	21	658370	Trigger-In:21	180	grating_on	staircase	12	red	right	unaware	1	0
658.420	0.000	trigger_20	20	658420	Trigger-In:20	180	grating_off	staircase	12	red	right	unaware	1	0
659.020	0.000	trigger_31	31	659020	Trigger-In:31	180	targets_on_fp_color_change	staircase	12	red	right	unaware	1	0
659.995	0.000	trigger_201	201	659995	Trigger-In:201	180	trial_end_completed	staircase	12	red	right	unaware	1	0
