onset	duration	trial_type	value	sample	source_annotation	trial	event_name	stim_presence	contrast	fp_color	response	awareness	trial_complete	fixation_break
81.526	0.000	trigger_101	101	81526	Trigger-In:101	1	trial_start	salient	0	red	right	unaware	1	0
81.526	0.000	trigger_255	255	81526	Trigger-In:255	1	n/a	salient	0	red	right	unaware	1	0
81.636	0.000	trigger_11	11	81636	Trigger-In:11	1	fixation_point_on	salient	0	red	right	unaware	1	0
82.256	0.000	trigger_21	21	82256	Trigger-In:21	1	grating_on	salient	0	red	right	unaware	1	0
82.321	0.000	trigger_20	20	82321	Trigger-In:20	1	grating_off	salient	0	red	right	unaware	1	0
82.916	0.000	trigger_31	31	82916	Trigger-In:31	1	targets_on_fp_color_change	salient	0	red	right	unaware	1	0
84.691	0.000	trigger_201	201	84691	Trigger-In:201	1	trial_end_completed	salient	0	red	right	unaware	1	0
85.951	0.000	trigger_101	101	85951	Trigger-In:101	2	trial_start	staircase	15	red	left	aware	1	0
86.056	0.000	trigger_11	11	86056	Trigger-In:11	2	fixation_point_on	staircase	15	red	left	aware	1	0
86.656	0.000	trigger_21	21	86656	Trigger-In:21	2	grating_on	staircase	15	red	left	aware	1	0
86.706	0.000	trigger_20	20	86706	Trigger-In:20	2	grating_off	staircase	15	red	left	aware	1	0
87.311	0.000	trigger_31	31	87311	Trigger-In:31	2	targets_on_fp_color_change	staircase	15	red	left	aware	1	0
88.011	0.000	trigger_201	201	88011	Trigger-In:201	2	trial_end_completed	staircase	15	red	left	aware	1	0
89.086	0.000	trigger_101	101	89086	Trigger-In:101	3	trial_start	staircase	14	red	left	aware	1	0
89.191	0.000	trigger_11	11	89191	Trigger-In:11	3	fixation_point_on	staircase	14	red	left	aware	1	0
89.791	0.000	trigger_21	21	89791	Trigger-In:21	3	grating_on	staircase	14	red	left	aware	1	0
89.846	0.000	trigger_20	20	89846	Trigger-In:20	3	grating_off	staircase	14	red	left	aware	1	0
90.446	0.000	trigger_31	31	90446	Trigger-In:31	3	targets_on_fp_color_change	staircase	14	red	left	aware	1	0
91.196	0.000	trigger_201	201	91196	Trigger-In:201	3	trial_end_completed	staircase	14	red	left	aware	1	0
92.271	0.000	trigger_101	101	92271	Trigger-In:101	4	trial_start	staircase	13	green	right	aware	1	0
92.376	0.000	trigger_11	11	92376	Trigger-In:11	4	fixation_point_on	staircase	13	green	right	aware	1	0
92.976	0.000	trigger_21	21	92976	Trigger-In:21	4	grating_on	staircase	13	green	right	aware	1	0
93.031	0.000	trigger_20	20	93031	Trigger-In:20	4	grating_off	staircase	13	green	right	aware	1	0
93.631	0.000	trigger_31	31	93631	Trigger-In:31	4	targets_on_fp_color_change	staircase	13	green	right	aware	1	0
94.261	0.000	trigger_201	201	94261	Trigger-In:201	4	trial_end_completed	staircase	13	green	right	aware	1	0
95.331	0.000	trigger_101	101	95331	Trigger-In:101	5	trial_start	staircase	12	green	right	aware	1	0
95.441	0.000	trigger_11	11	95441	Trigger-In:11	5	fixation_point_on	staircase	12	green	right	aware	1	0
96.041	0.000	trigger_21	21	96041	Trigger-In:21	5	grating_on	staircase	12	green	right	aware	1	0
96.096	0.000	trigger_20	20	96096	Trigger-In:20	5	grating_off	staircase	12	green	right	aware	1	0
96.696	0.000	trigger_31	31	96696	Trigger-In:31	5	targets_on_fp_color_change	staircase	12	green	right	aware	1	0
97.346	0.000	trigger_201	201	97346	Trigger-In:201	5	trial_end_completed	staircase	12	green	right	aware	1	0
98.441	0.000	trigger_101	101	98441	Trigger-In:101	6	trial_start	staircase	11	green	right	aware	1	0
98.546	0.000	trigger_11	11	98546	Trigger-In:11	6	fixation_point_on	staircase	11	green	right	aware	1	0
99.146	0.000	trigger_21	21	99146	Trigger-In:21	6	grating_on	staircase	11	green	right	aware	1	0
99.196	0.000	trigger_20	20	99196	Trigger-In:20	6	grating_off	staircase	11	green	right	aware	1	0
99.796	0.000	trigger_31	31	99796	Trigger-In:31	6	targets_on_fp_color_change	staircase	11	green	right	aware	1	0
100.461	0.000	trigger_201	201	100461	Trigger-In:201	6	trial_end_completed	staircase	11	green	right	aware	1	0
101.531	0.000	trigger_101	101	101531	Trigger-In:101	7	trial_start	absent	70	red	left	aware	1	0
101.636	0.000	trigger_11	11	101636	Trigger-In:11	7	fixation_point_on	absent	70	red	left	aware	1	0
102.236	0.000	trigger_21	21	102236	Trigger-In:21	7	grating_on	absent	70	red	left	aware	1	0
102.286	0.000	trigger_20	20	102286	Trigger-In:20	7	grating_off	absent	70	red	left	aware	1	0
102.886	0.000	trigger_31	31	102886	Trigger-In:31	7	targets_on_fp_color_change	absent	70	red	left	aware	1	0
103.711	0.000	trigger_201	201	103711	Trigger-In:201	7	trial_end_completed	absent	70	red	left	aware	1	0
104.776	0.000	trigger_101	101	104776	Trigger-In:101	8	trial_start	staircase	10	green	right	aware	1	0
104.886	0.000	trigger_11	11	104886	Trigger-In:11	8	fixation_point_on	staircase	10	green	right	aware	1	0
105.486	0.000	trigger_21	21	105486	Trigger-In:21	8	grating_on	staircase	10	green	right	aware	1	0
105.536	0.000	trigger_20	20	105536	Trigger-In:20	8	grating_off	staircase	10	green	right	aware	1	0
106.136	0.000	trigger_31	31	106136	Trigger-In:31	8	targets_on_fp_color_change	staircase	10	green	right	aware	1	0
106.796	0.000	trigger_201	201	106796	Trigger-In:201	8	trial_end_completed	staircase	10	green	right	aware	1	0
107.866	0.000	trigger_101	101	107866	Trigger-In:101	9	trial_start	salient	0	red	right	unaware	1	0
107.971	0.000	trigger_11	11	107971	Trigger-In:11	9	fixation_point_on	salient	0	red	right	unaware	1	0
108.571	0.000	trigger_21	21	108571	Trigger-In:21	9	grating_on	salient	0	red	right	unaware	1	0
108.621	0.000	trigger_20	20	108621	Trigger-In:20	9	grating_off	salient	0	red	right	unaware	1	0
109.221	0.000	trigger_31	31	109221	Trigger-In:31	9	targets_on_fp_color_change	salient	0	red	right	unaware	1	0
109.966	0.000	trigger_201	201	109966	Trigger-In:201	9	trial_end_completed	salient	0	red	right	unaware	1	0
111.036	0.000	trigger_101	101	111036	Trigger-In:101	10	trial_start	staircase	9	red	left	aware	1	0
111.141	0.000	trigger_11	11	111141	Trigger-In:11	10	fixation_point_on	staircase	9	red	left	aware	1	0
111.746	0.000	trigger_21	21	111746	Trigger-In:21	10	grating_on	staircase	9	red	left	aware	1	0
111.796	0.000	trigger_20	20	111796	Trigger-In:20	10	grating_off	staircase	9	red	left	aware	1	0
112.396	0.000	trigger_31	31	112396	Trigger-In:31	10	targets_on_fp_color_change	staircase	9	red	left	aware	1	0
113.001	0.000	trigger_201	201	113001	Trigger-In:201	10	trial_end_completed	staircase	9	red	left	aware	1	0
114.066	0.000	trigger_101	101	114066	Trigger-In:101	11	trial_start	staircase	8	red	left	aware	1	0
114.226	0.000	trigger_11	11	114226	Trigger-In:11	11	fixation_point_on	staircase	8	red	left	aware	1	0
114.831	0.000	trigger_21	21	114831	Trigger-In:21	11	grating_on	staircase	8	red	left	aware	1	0
114.881	0.000	trigger_20	20	114881	Trigger-In:20	11	grating_off	staircase	8	red	left	aware	1	0
115.481	0.000	trigger_31	31	115481	Trigger-In:31	11	targets_on_fp_color_change	staircase	8	red	left	aware	1	0
116.266	0.000	trigger_201	201	116266	Trigger-In:201	11	trial_end_completed	staircase	8	red	left	aware	1	0
117.336	0.000	trigger_101	101	117336	Trigger-In:101	12	trial_start	salient	0	red	right	unaware	1	0
117.441	0.000	trigger_11	11	117441	Trigger-In:11	12	fixation_point_on	salient	0	red	right	unaware	1	0
118.041	0.000	trigger_21	21	118041	Trigger-In:21	12	grating_on	salient	0	red	right	unaware	1	0
118.091	0.000	trigger_20	20	118091	Trigger-In:20	12	grating_off	salient	0	red	right	unaware	1	0
118.691	0.000	trigger_31	31	118691	Trigger-In:31	12	targets_on_fp_color_change	salient	0	red	right	unaware	1	0
119.466	0.000	trigger_201	201	119466	Trigger-In:201	12	trial_end_completed	salient	0	red	right	unaware	1	0
120.531	0.000	trigger_101	101	120531	Trigger-In:101	13	trial_start	staircase	7	red	right	unaware	1	0
120.636	0.000	trigger_11	11	120636	Trigger-In:11	13	fixation_point_on	staircase	7	red	right	unaware	1	0
121.236	0.000	trigger_21	21	121236	Trigger-In:21	13	grating_on	staircase	7	red	right	unaware	1	0
121.286	0.000	trigger_20	20	121286	Trigger-In:20	13	grating_off	staircase	7	red	right	unaware	1	0
121.886	0.000	trigger_31	31	121886	Trigger-In:31	13	targets_on_fp_color_change	staircase	7	red	right	unaware	1	0
122.656	0.000	trigger_201	201	122656	Trigger-In:201	13	trial_end_completed	staircase	7	red	right	unaware	1	0
123.726	0.000	trigger_101	101	123726	Trigger-In:101	14	trial_start	staircase	8	red	right	unaware	1	0
123.831	0.000	trigger_11	11	123831	Trigger-In:11	14	fixation_point_on	staircase	8	red	right	unaware	1	0
124.431	0.000	trigger_21	21	124431	Trigger-In:21	14	grating_on	staircase	8	red	right	unaware	1	0
124.481	0.000	trigger_20	20	124481	Trigger-In:20	14	grating_off	staircase	8	red	right	unaware	1	0
125.086	0.000	trigger_31	31	125086	Trigger-In:31	14	targets_on_fp_color_change	staircase	8	red	right	unaware	1	0
126.131	0.000	trigger_201	201	126131	Trigger-In:201	14	trial_end_completed	staircase	8	red	right	unaware	1	0
127.196	0.000	trigger_101	101	127196	Trigger-In:101	15	trial_start	staircase	9	red	left	aware	1	0
127.301	0.000	trigger_11	11	127301	Trigger-In:11	15	fixation_point_on	staircase	9	red	left	aware	1	0
127.901	0.000	trigger_21	21	127901	Trigger-In:21	15	grating_on	staircase	9	red	left	aware	1	0
127.951	0.000	trigger_20	20	127951	Trigger-In:20	15	grating_off	staircase	9	red	left	aware	1	0
128.556	0.000	trigger_31	31	128556	Trigger-In:31	15	targets_on_fp_color_change	staircase	9	red	left	aware	1	0
129.271	0.000	trigger_201	201	129271	Trigger-In:201	15	trial_end_completed	staircase	9	red	left	aware	1	0
130.336	0.000	trigger_101	101	130336	Trigger-In:101	16	trial_start	salient	0	red	right	unaware	1	0
130.441	0.000	trigger_11	11	130441	Trigger-In:11	16	fixation_point_on	salient	0	red	right	unaware	1	0
131.046	0.000	trigger_21	21	131046	Trigger-In:21	16	grating_on	salient	0	red	right	unaware	1	0
131.096	0.000	trigger_20	20	131096	Trigger-In:20	16	grating_off	salient	0	red	right	unaware	1	0
131.696	0.000	trigger_31	31	131696	Trigger-In:31	16	targets_on_fp_color_change	salient	0	red	right	unaware	1	0
132.606	0.000	trigger_201	201	132606	Trigger-In:201	16	trial_end_completed	salient	0	red	right	unaware	1	0
133.676	0.000	trigger_101	101	133676	Trigger-In:101	17	trial_start	staircase	8	red	left	aware	1	0
133.781	0.000	trigger_11	11	133781	Trigger-In:11	17	fixation_point_on	staircase	8	red	left	aware	1	0
134.381	0.000	trigger_21	21	134381	Trigger-In:21	17	grating_on	staircase	8	red	left	aware	1	0
134.431	0.000	trigger_20	20	134431	Trigger-In:20	17	grating_off	staircase	8	red	left	aware	1	0
135.036	0.000	trigger_31	31	135036	Trigger-In:31	17	targets_on_fp_color_change	staircase	8	red	left	aware	1	0
135.726	0.000	trigger_201	201	135726	Trigger-In:201	17	trial_end_completed	staircase	8	red	left	aware	1	0
136.796	0.000	trigger_101	101	136796	Trigger-In:101	18	trial_start	staircase	7	green	left	unaware	1	0
136.901	0.000	trigger_11	11	136901	Trigger-In:11	18	fixation_point_on	staircase	7	green	left	unaware	1	0
137.501	0.000	trigger_21	21	137501	Trigger-In:21	18	grating_on	staircase	7	green	left	unaware	1	0
137.551	0.000	trigger_20	20	137551	Trigger-In:20	18	grating_off	staircase	7	green	left	unaware	1	0
138.151	0.000	trigger_31	31	138151	Trigger-In:31	18	targets_on_fp_color_change	staircase	7	green	left	unaware	1	0
139.311	0.000	trigger_201	201	139311	Trigger-In:201	18	trial_end_completed	staircase	7	green	left	unaware	1	0
140.381	0.000	trigger_101	101	140381	Trigger-In:101	19	trial_start	staircase	8	green	left	unaware	1	0
140.486	0.000	trigger_11	11	140486	Trigger-In:11	19	fixation_point_on	staircase	8	green	left	unaware	1	0
141.086	0.000	trigger_21	21	141086	Trigger-In:21	19	grating_on	staircase	8	green	left	unaware	1	0
141.136	0.000	trigger_20	20	141136	Trigger-In:20	19	grating_off	staircase	8	green	left	unaware	1	0
141.736	0.000	trigger_31	31	141736	Trigger-In:31	19	targets_on_fp_color_change	staircase	8	green	left	unaware	1	0
142.581	0.000	trigger_201	201	142581	Trigger-In:201	19	trial_end_completed	staircase	8	green	left	unaware	1	0
143.646	0.000	trigger_101	101	143646	Trigger-In:101	20	trial_start	absent	70	red	left	aware	1	0
143.751	0.000	trigger_11	11	143751	Trigger-In:11	20	fixation_point_on	absent	70	red	left	aware	1	0
144.351	0.000	trigger_21	21	144351	Trigger-In:21	20	grating_on	absent	70	red	left	aware	1	0
144.401	0.000	trigger_20	20	144401	Trigger-In:20	20	grating_off	absent	70	red	left	aware	1	0
145.001	0.000	trigger_31	31	145001	Trigger-In:31	20	targets_on_fp_color_change	absent	70	red	left	aware	1	0
145.761	0.000	trigger_201	201	145761	Trigger-In:201	20	trial_end_completed	absent	70	red	left	aware	1	0
146.826	0.000	trigger_101	101	146826	Trigger-In:101	21	trial_start	salient	0	red	right	unaware	1	0
147.091	0.000	trigger_11	11	147091	Trigger-In:11	21	fixation_point_on	salient	0	red	right	unaware	1	0
147.691	0.000	trigger_21	21	147691	Trigger-In:21	21	grating_on	salient	0	red	right	unaware	1	0
147.741	0.000	trigger_20	20	147741	Trigger-In:20	21	grating_off	salient	0	red	right	unaware	1	0
148.341	0.000	trigger_31	31	148341	Trigger-In:31	21	targets_on_fp_color_change	salient	0	red	right	unaware	1	0
149.241	0.000	trigger_201	201	149241	Trigger-In:201	21	trial_end_completed	salient	0	red	right	unaware	1	0
150.311	0.000	trigger_101	101	150311	Trigger-In:101	22	trial_start	staircase	9	green	left	unaware	1	0
150.416	0.000	trigger_11	11	150416	Trigger-In:11	22	fixation_point_on	staircase	9	green	left	unaware	1	0
151.016	0.000	trigger_21	21	151016	Trigger-In:21	22	grating_on	staircase	9	green	left	unaware	1	0
151.066	0.000	trigger_20	20	151066	Trigger-In:20	22	grating_off	staircase	9	green	left	unaware	1	0
151.666	0.000	trigger_31	31	151666	Trigger-In:31	22	targets_on_fp_color_change	staircase	9	green	left	unaware	1	0
152.491	0.000	trigger_201	201	152491	Trigger-In:201	22	trial_end_completed	staircase	9	green	left	unaware	1	0
153.556	0.000	trigger_101	101	153556	Trigger-In:101	23	trial_start	salient	0	red	right	unaware	1	0
153.666	0.000	trigger_11	11	153666	Trigger-In:11	23	fixation_point_on	salient	0	red	right	unaware	1	0
154.266	0.000	trigger_21	21	154266	Trigger-In:21	23	grating_on	salient	0	red	right	unaware	1	0
154.316	0.000	trigger_20	20	154316	Trigger-In:20	23	grating_off	salient	0	red	right	unaware	1	0
154.921	0.000	trigger_31	31	154921	Trigger-In:31	23	targets_on_fp_color_change	salient	0	red	right	unaware	1	0
156.036	0.000	trigger_201	201	156036	Trigger-In:201	23	trial_end_completed	salient	0	red	right	unaware	1	0
157.106	0.000	trigger_101	101	157106	Trigger-In:101	24	trial_start	salient	0	green	left	unaware	1	0
157.456	0.000	trigger_11	11	157456	Trigger-In:11	24	fixation_point_on	salient	0	green	left	unaware	1	0
158.056	0.000	trigger_21	21	158056	Trigger-In:21	24	grating_on	salient	0	green	left	unaware	1	0
158.106	0.000	trigger_20	20	158106	Trigger-In:20	24	grating_off	salient	0	green	left	unaware	1	0
158.706	0.000	trigger_31	31	158706	Trigger-In:31	24	targets_on_fp_color_change	salient	0	green	left	unaware	1	0
159.486	0.000	trigger_201	201	159486	Trigger-In:201	24	trial_end_completed	salient	0	green	left	unaware	1	0
160.556	0.000	trigger_101	101	160556	Trigger-In:101	25	trial_start	staircase	10	red	left	aware	1	0
160.741	0.000	trigger_11	11	160741	Trigger-In:11	25	fixation_point_on	staircase	10	red	left	aware	1	0
161.341	0.000	trigger_21	21	161341	Trigger-In:21	25	grating_on	staircase	10	red	left	aware	1	0
161.391	0.000	trigger_20	20	161391	Trigger-In:20	25	grating_off	staircase	10	red	left	aware	1	0
161.996	0.000	trigger_31	31	161996	Trigger-In:31	25	targets_on_fp_color_change	staircase	10	red	left	aware	1	0
162.961	0.000	trigger_201	201	162961	Trigger-In:201	25	trial_end_completed	staircase	10	red	left	aware	1	0
164.026	0.000	trigger_101	101	164026	Trigger-In:101	26	trial_start	staircase	9	red	left	aware	1	0
164.131	0.000	trigger_11	11	164131	Trigger-In:11	26	fixation_point_on	staircase	9	red	left	aware	1	0
164.731	0.000	trigger_21	21	164731	Trigger-In:21	26	grating_on	staircase	9	red	left	aware	1	0
164.786	0.000	trigger_20	20	164786	Trigger-In:20	26	grating_off	staircase	9	red	left	aware	1	0
165.386	0.000	trigger_31	31	165386	Trigger-In:31	26	targets_on_fp_color_change	staircase	9	red	left	aware	1	0
166.326	0.000	trigger_201	201	166326	Trigger-In:201	26	trial_end_completed	staircase	9	red	left	aware	1	0
167.396	0.000	trigger_101	101	167396	Trigger-In:101	27	trial_start	absent	70	red	left	aware	1	0
167.501	0.000	trigger_11	11	167501	Trigger-In:11	27	fixation_point_on	absent	70	red	left	aware	1	0
168.101	0.000	trigger_21	21	168101	Trigger-In:21	27	grating_on	absent	70	red	left	aware	1	0
168.151	0.000	trigger_20	20	168151	Trigger-In:20	27	grating_off	absent	70	red	left	aware	1	0
168.751	0.000	trigger_31	31	168751	Trigger-In:31	27	targets_on_fp_color_change	absent	70	red	left	aware	1	0
169.566	0.000	trigger_201	201	169566	Trigger-In:201	27	trial_end_completed	absent	70	red	left	aware	1	0
170.636	0.000	trigger_101	101	170636	Trigger-In:101	28	trial_start	salient	0	green	left	unaware	1	0
170.741	0.000	trigger_11	11	170741	Trigger-In:11	28	fixation_point_on	salient	0	green	left	unaware	1	0
171.346	0.000	trigger_21	21	171346	Trigger-In:21	28	grating_on	salient	0	green	left	unaware	1	0
171.396	0.000	trigger_20	20	171396	Trigger-In:20	28	grating_off	salient	0	green	left	unaware	1	0
171.996	0.000	trigger_31	31	171996	Trigger-In:31	28	targets_on_fp_color_change	salient	0	green	left	unaware	1	0
172.831	0.000	trigger_201	201	172831	Trigger-In:201	28	trial_end_completed	salient	0	green	left	unaware	1	0
173.896	0.000	trigger_101	101	173896	Trigger-In:101	29	trial_start	absent	70	green	right	aware	1	0
174.006	0.000	trigger_11	11	174006	Trigger-In:11	29	fixation_point_on	absent	70	green	right	aware	1	0
174.606	0.000	trigger_21	21	174606	Trigger-In:21	29	grating_on	absent	70	green	right	aware	1	0
174.656	0.000	trigger_20	20	174656	Trigger-In:20	29	grating_off	absent	70	green	right	aware	1	0
175.256	0.000	trigger_31	31	175256	Trigger-In:31	29	targets_on_fp_color_change	absent	70	green	right	aware	1	0
175.996	0.000	trigger_201	201	175996	Trigger-In:201	29	trial_end_completed	absent	70	green	right	aware	1	0
177.066	0.000	trigger_101	101	177066	Trigger-In:101	30	trial_start	staircase	8	red	left	aware	1	0
177.221	0.000	trigger_11	11	177221	Trigger-In:11	30	fixation_point_on	staircase	8	red	left	aware	1	0
177.821	0.000	trigger_21	21	177821	Trigger-In:21	30	grating_on	staircase	8	red	left	aware	1	0
177.876	0.000	trigger_20	20	177876	Trigger-In:20	30	grating_off	staircase	8	red	left	aware	1	0
178.476	0.000	trigger_31	31	178476	Trigger-In:31	30	targets_on_fp_color_change	staircase	8	red	left	aware	1	0
179.316	0.000	trigger_201	201	179316	Trigger-In:201	30	trial_end_completed	staircase	8	red	left	aware	1	0
180.386	0.000	trigger_101	101	180386	Trigger-In:101	31	trial_start	staircase	7	red	left	aware	1	0
180.486	0.000	trigger_11	11	180486	Trigger-In:11	31	fixation_point_on	staircase	7	red	left	aware	1	0
181.086	0.000	trigger_21	21	181086	Trigger-In:21	31	grating_on	staircase	7	red	left	aware	1	0
181.136	0.000	trigger_20	20	181136	Trigger-In:20	31	grating_off	staircase	7	red	left	aware	1	0
181.741	0.000	trigger_31	31	181741	Trigger-In:31	31	targets_on_fp_color_change	staircase	7	red	left	aware	1	0
182.536	0.000	trigger_201	201	182536	Trigger-In:201	31	trial_end_completed	staircase	7	red	left	aware	1	0
183.606	0.000	trigger_101	101	183606	Trigger-In:101	32	trial_start	staircase	6	green	left	unaware	1	0
183.711	0.000	trigger_11	11	183711	Trigger-In:11	32	fixation_point_on	staircase	6	green	left	unaware	1	0
184.311	0.000	trigger_21	21	184311	Trigger-In:21	32	grating_on	staircase	6	green	left	unaware	1	0
184.361	0.000	trigger_20	20	184361	Trigger-In:20	32	grating_off	staircase	6	green	left	unaware	1	0
184.961	0.000	trigger_31	31	184961	Trigger-In:31	32	targets_on_fp_color_change	staircase	6	green	left	unaware	1	0
185.786	0.000	trigger_201	201	185786	Trigger-In:201	32	trial_end_completed	staircase	6	green	left	unaware	1	0
186.851	0.000	trigger_101	101	186851	Trigger-In:101	33	trial_start	staircase	7	red	right	unaware	1	0
186.961	0.000	trigger_11	11	186961	Trigger-In:11	33	fixation_point_on	staircase	7	red	right	unaware	1	0
187.561	0.000	trigger_21	21	187561	Trigger-In:21	33	grating_on	staircase	7	red	right	unaware	1	0
187.611	0.000	trigger_20	20	187611	Trigger-In:20	33	grating_off	staircase	7	red	right	unaware	1	0
188.211	0.000	trigger_31	31	188211	Trigger-In:31	33	targets_on_fp_color_change	staircase	7	red	right	unaware	1	0
189.211	0.000	trigger_201	201	189211	Trigger-In:201	33	trial_end_completed	staircase	7	red	right	unaware	1	0
190.276	0.000	trigger_101	101	190276	Trigger-In:101	34	trial_start	staircase	8	green	left	unaware	1	0
190.396	0.000	trigger_11	11	190396	Trigger-In:11	34	fixation_point_on	staircase	8	green	left	unaware	1	0
190.996	0.000	trigger_21	21	190996	Trigger-In:21	34	grating_on	staircase	8	green	left	unaware	1	0
191.046	0.000	trigger_20	20	191046	Trigger-In:20	34	grating_off	staircase	8	green	left	unaware	1	0
191.646	0.000	trigger_31	31	191646	Trigger-In:31	34	targets_on_fp_color_change	staircase	8	green	left	unaware	1	0
192.441	0.000	trigger_201	201	192441	Trigger-In:201	34	trial_end_completed	staircase	8	green	left	unaware	1	0
193.511	0.000	trigger_101	101	193511	Trigger-In:101	35	trial_start	staircase	9	red	right	unaware	1	0
193.616	0.000	trigger_11	11	193616	Trigger-In:11	35	fixation_point_on	staircase	9	red	right	unaware	1	0
194.216	0.000	trigger_21	21	194216	Trigger-In:21	35	grating_on	staircase	9	red	right	unaware	1	0
194.266	0.000	trigger_20	20	194266	Trigger-In:20	35	grating_off	staircase	9	red	right	unaware	1	0
194.871	0.000	trigger_31	31	194871	Trigger-In:31	35	targets_on_fp_color_change	staircase	9	red	right	unaware	1	0
195.686	0.000	trigger_201	201	195686	Trigger-In:201	35	trial_end_completed	staircase	9	red	right	unaware	1	0
196.751	0.000	trigger_101	101	196751	Trigger-In:101	36	trial_start	salient	0	green	left	unaware	1	0
196.856	0.000	trigger_11	11	196856	Trigger-In:11	36	fixation_point_on	salient	0	green	left	unaware	1	0
197.456	0.000	trigger_21	21	197456	Trigger-In:21	36	grating_on	salient	0	green	left	unaware	1	0
197.506	0.000	trigger_20	20	197506	Trigger-In:20	36	grating_off	salient	0	green	left	unaware	1	0
198.106	0.000	trigger_31	31	198106	Trigger-In:31	36	targets_on_fp_color_change	salient	0	green	left	unaware	1	0
198.901	0.000	trigger_201	201	198901	Trigger-In:201	36	trial_end_completed	salient	0	green	left	unaware	1	0
199.966	0.000	trigger_101	101	199966	Trigger-In:101	37	trial_start	staircase	10	red	left	aware	1	0
200.071	0.000	trigger_11	11	200071	Trigger-In:11	37	fixation_point_on	staircase	10	red	left	aware	1	0
200.671	0.000	trigger_21	21	200671	Trigger-In:21	37	grating_on	staircase	10	red	left	aware	1	0
200.726	0.000	trigger_20	20	200726	Trigger-In:20	37	grating_off	staircase	10	red	left	aware	1	0
201.331	0.000	trigger_31	31	201331	Trigger-In:31	37	targets_on_fp_color_change	staircase	10	red	left	aware	1	0
202.051	0.000	trigger_201	201	202051	Trigger-In:201	37	trial_end_completed	staircase	10	red	left	aware	1	0
203.116	0.000	trigger_101	101	203116	Trigger-In:101	38	trial_start	staircase	9	red	left	aware	1	0
203.221	0.000	trigger_11	11	203221	Trigger-In:11	38	fixation_point_on	staircase	9	red	left	aware	1	0
203.821	0.000	trigger_21	21	203821	Trigger-In:21	38	grating_on	staircase	9	red	left	aware	1	0
203.876	0.000	trigger_20	20	203876	Trigger-In:20	38	grating_off	staircase	9	red	left	aware	1	0
204.476	0.000	trigger_31	31	204476	Trigger-In:31	38	targets_on_fp_color_change	staircase	9	red	left	aware	1	0
205.186	0.000	trigger_201	201	205186	Trigger-In:201	38	trial_end_completed	staircase	9	red	left	aware	1	0
206.251	0.000	trigger_101	101	206251	Trigger-In:101	39	trial_start	staircase	8	green	left	unaware	1	0
206.356	0.000	trigger_11	11	206356	Trigger-In:11	39	fixation_point_on	staircase	8	green	left	unaware	1	0
206.956	0.000	trigger_21	21	206956	Trigger-In:21	39	grating_on	staircase	8	green	left	unaware	1	0
207.011	0.000	trigger_20	20	207011	Trigger-In:20	39	grating_off	staircase	8	green	left	unaware	1	0
207.611	0.000	trigger_31	31	207611	Trigger-In:31	39	targets_on_fp_color_change	staircase	8	green	left	unaware	1	0
208.336	0.000	trigger_201	201	208336	Trigger-In:201	39	trial_end_completed	staircase	8	green	left	unaware	1	0
209.406	0.000	trigger_101	101	209406	Trigger-In:101	40	trial_start	staircase	9	red	left	aware	1	0
209.511	0.000	trigger_11	11	209511	Trigger-In:11	40	fixation_point_on	staircase	9	red	left	aware	1	0
210.111	0.000	trigger_21	21	210111	Trigger-In:21	40	grating_on	staircase	9	red	left	aware	1	0
210.161	0.000	trigger_20	20	210161	Trigger-In:20	40	grating_off	staircase	9	red	left	aware	1	0
210.761	0.000	trigger_31	31	210761	Trigger-In:31	40	targets_on_fp_color_change	staircase	9	red	left	aware	1	0
211.666	0.000	trigger_201	201	211666	Trigger-In:201	40	trial_end_completed	staircase	9	red	left	aware	1	0
212.736	0.000	trigger_101	101	212736	Trigger-In:101	41	trial_start	staircase	8	red	left	aware	1	0
213.216	0.000	trigger_11	11	213216	Trigger-In:11	41	fixation_point_on	staircase	8	red	left	aware	1	0
213.816	0.000	trigger_21	21	213816	Trigger-In:21	41	grating_on	staircase	8	red	left	aware	1	0
213.866	0.000	trigger_20	20	213866	Trigger-In:20	41	grating_off	staircase	8	red	left	aware	1	0
214.466	0.000	trigger_31	31	214466	Trigger-In:31	41	targets_on_fp_color_change	staircase	8	red	left	aware	1	0
215.326	0.000	trigger_201	201	215326	Trigger-In:201	41	trial_end_completed	staircase	8	red	left	aware	1	0
216.391	0.000	trigger_101	101	216391	Trigger-In:101	42	trial_start	staircase	7	green	right	aware	1	0
216.496	0.000	trigger_11	11	216496	Trigger-In:11	42	fixation_point_on	staircase	7	green	right	aware	1	0
217.101	0.000	trigger_21	21	217101	Trigger-In:21	42	grating_on	staircase	7	green	right	aware	1	0
217.151	0.000	trigger_20	20	217151	Trigger-In:20	42	grating_off	staircase	7	green	right	aware	1	0
217.751	0.000	trigger_31	31	217751	Trigger-In:31	42	targets_on_fp_color_change	staircase	7	green	right	aware	1	0
218.561	0.000	trigger_201	201	218561	Trigger-In:201	42	trial_end_completed	staircase	7	green	right	aware	1	0
219.626	0.000	trigger_101	101	219626	Trigger-In:101	43	trial_start	staircase	6	green	left	unaware	1	0
220.021	0.000	trigger_11	11	220021	Trigger-In:11	43	fixation_point_on	staircase	6	green	left	unaware	1	0
220.626	0.000	trigger_21	21	220626	Trigger-In:21	43	grating_on	staircase	6	green	left	unaware	1	0
220.676	0.000	trigger_20	20	220676	Trigger-In:20	43	grating_off	staircase	6	green	left	unaware	1	0
221.276	0.000	trigger_31	31	221276	Trigger-In:31	43	targets_on_fp_color_change	staircase	6	green	left	unaware	1	0
222.171	0.000	trigger_201	201	222171	Trigger-In:201	43	trial_end_completed	staircase	6	green	left	unaware	1	0
223.236	0.000	trigger_101	101	223236	Trigger-In:101	44	trial_start	staircase	7	green	left	unaware	1	0
223.696	0.000	trigger_11	11	223696	Trigger-In:11	44	fixation_point_on	staircase	7	green	left	unaware	1	0
224.296	0.000	trigger_21	21	224296	Trigger-In:21	44	grating_on	staircase	7	green	left	unaware	1	0
224.346	0.000	trigger_20	20	224346	Trigger-In:20	44	grating_off	staircase	7	green	left	unaware	1	0
224.946	0.000	trigger_31	31	224946	Trigger-In:31	44	targets_on_fp_color_change	staircase	7	green	left	unaware	1	0
225.661	0.000	trigger_201	201	225661	Trigger-In:201	44	trial_end_completed	staircase	7	green	left	unaware	1	0
226.731	0.000	trigger_101	101	226731	Trigger-In:101	45	trial_start	staircase	8	red	left	aware	1	0
226.836	0.000	trigger_11	11	226836	Trigger-In:11	45	fixation_point_on	staircase	8	red	left	aware	1	0
227.436	0.000	trigger_21	21	227436	Trigger-In:21	45	grating_on	staircase	8	red	left	aware	1	0
227.486	0.000	trigger_20	20	227486	Trigger-In:20	45	grating_off	staircase	8	red	left	aware	1	0
228.086	0.000	trigger_31	31	228086	Trigger-In:31	45	targets_on_fp_color_change	staircase	8	red	left	aware	1	0
228.921	0.000	trigger_201	201	228921	Trigger-In:201	45	trial_end_completed	staircase	8	red	left	aware	1	0
229.986	0.000	trigger_101	101	229986	Trigger-In:101	46	trial_start	staircase	7	red	right	unaware	1	0
230.091	0.000	trigger_11	11	230091	Trigger-In:11	46	fixation_point_on	staircase	7	red	right	unaware	1	0
230.691	0.000	trigger_21	21	230691	Trigger-In:21	46	grating_on	staircase	7	red	right	unaware	1	0
230.746	0.000	trigger_20	20	230746	Trigger-In:20	46	grating_off	staircase	7	red	right	unaware	1	0
231.346	0.000	trigger_31	31	231346	Trigger-In:31	46	targets_on_fp_color_change	staircase	7	red	right	unaware	1	0
232.186	0.000	trigger_201	201	232186	Trigger-In:201	46	trial_end_completed	staircase	7	red	right	unaware	1	0
233.256	0.000	trigger_101	101	233256	Trigger-In:101	47	trial_start	staircase	8	red	right	unaware	1	0
233.361	0.000	trigger_11	11	233361	Trigger-In:11	47	fixation_point_on	staircase	8	red	right	unaware	1	0
233.961	0.000	trigger_21	21	233961	Trigger-In:21	47	grating_on	staircase	8	red	right	unaware	1	0
234.016	0.000	trigger_20	20	234016	Trigger-In:20	47	grating_off	staircase	8	red	right	unaware	1	0
234.616	0.000	trigger_31	31	234616	Trigger-In:31	47	targets_on_fp_color_change	staircase	8	red	right	unaware	1	0
235.511	0.000	trigger_201	201	235511	Trigger-In:201	47	trial_end_completed	staircase	8	red	right	unaware	1	0
236.581	0.000	trigger_101	101	236581	Trigger-In:101	48	trial_start	staircase	9	red	left	aware	1	0
236.686	0.000	trigger_11	11	236686	Trigger-In:11	48	fixation_point_on	staircase	9	red	left	aware	1	0
237.286	0.000	trigger_21	21	237286	Trigger-In:21	48	grating_on	staircase	9	red	left	aware	1	0
237.341	0.000	trigger_20	20	237341	Trigger-In:20	48	grating_off	staircase	9	red	left	aware	1	0
237.941	0.000	trigger_31	31	237941	Trigger-In:31	48	targets_on_fp_color_change	staircase	9	red	left	aware	1	0
238.821	0.000	trigger_201	201	238821	Trigger-In:201	48	trial_end_completed	staircase	9	red	left	aware	1	0
239.891	0.000	trigger_101	101	239891	Trigger-In:101	49	trial_start	absent	70	red	left	aware	1	0
239.991	0.000	trigger_11	11	239991	Trigger-In:11	49	fixation_point_on	absent	70	red	left	aware	1	0
240.591	0.000	trigger_21	21	240591	Trigger-In:21	49	grating_on	absent	70	red	left	aware	1	0
240.641	0.000	trigger_20	20	240641	Trigger-In:20	49	grating_off	absent	70	red	left	aware	1	0
241.246	0.000	trigger_31	31	241246	Trigger-In:31	49	targets_on_fp_color_change	absent	70	red	left	aware	1	0
242.216	0.000	trigger_201	201	242216	Trigger-In:201	49	trial_end_completed	absent	70	red	left	aware	1	0
243.286	0.000	trigger_101	101	243286	Trigger-In:101	50	trial_start	salient	0	green	left	unaware	1	0
243.391	0.000	trigger_11	11	243391	Trigger-In:11	50	fixation_point_on	salient	0	green	left	unaware	1	0
243.991	0.000	trigger_21	21	243991	Trigger-In:21	50	grating_on	salient	0	green	left	unaware	1	0
244.041	0.000	trigger_20	20	244041	Trigger-In:20	50	grating_off	salient	0	green	left	unaware	1	0
244.641	0.000	trigger_31	31	244641	Trigger-In:31	50	targets_on_fp_color_change	salient	0	green	left	unaware	1	0
245.666	0.000	trigger_201	201	245666	Trigger-In:201	50	trial_end_completed	salient	0	green	left	unaware	1	0
246.736	0.000	trigger_101	101	246736	Trigger-In:101	51	trial_start	staircase	8	green	left	unaware	1	0
246.841	0.000	trigger_11	11	246841	Trigger-In:11	51	fixation_point_on	staircase	8	green	left	unaware	1	0
247.441	0.000	trigger_21	21	247441	Trigger-In:21	51	grating_on	staircase	8	green	left	unaware	1	0
247.491	0.000	trigger_20	20	247491	Trigger-In:20	51	grating_off	staircase	8	green	left	unaware	1	0
248.091	0.000	trigger_31	31	248091	Trigger-In:31	51	targets_on_fp_color_change	staircase	8	green	left	unaware	1	0
248.881	0.000	trigger_201	201	248881	Trigger-In:201	51	trial_end_completed	staircase	8	green	left	unaware	1	0
249.951	0.000	trigger_101	101	249951	Trigger-In:101	52	trial_start	staircase	9	green	right	aware	1	0
250.201	0.000	trigger_11	11	250201	Trigger-In:11	52	fixation_point_on	staircase	9	green	right	aware	1	0
250.801	0.000	trigger_21	21	250801	Trigger-In:21	52	grating_on	staircase	9	green	right	aware	1	0
250.856	0.000	trigger_20	20	250856	Trigger-In:20	52	grating_off	staircase	9	green	right	aware	1	0
251.456	0.000	trigger_31	31	251456	Trigger-In:31	52	targets_on_fp_color_change	staircase	9	green	right	aware	1	0
252.086	0.000	trigger_201	201	252086	Trigger-In:201	52	trial_end_completed	staircase	9	green	right	aware	1	0
253.156	0.000	trigger_101	101	253156	Trigger-In:101	53	trial_start	staircase	8	green	left	unaware	1	0
253.301	0.000	trigger_11	11	253301	Trigger-In:11	53	fixation_point_on	staircase	8	green	left	unaware	1	0
253.901	0.000	trigger_21	21	253901	Trigger-In:21	53	grating_on	staircase	8	green	left	unaware	1	0
253.956	0.000	trigger_20	20	253956	Trigger-In:20	53	grating_off	staircase	8	green	left	unaware	1	0
254.556	0.000	trigger_31	31	254556	Trigger-In:31	53	targets_on_fp_color_change	staircase	8	green	left	unaware	1	0
255.611	0.000	trigger_201	201	255611	Trigger-In:201	53	trial_end_completed	staircase	8	green	left	unaware	1	0
256.676	0.000	trigger_101	101	256676	Trigger-In:101	54	trial_start	absent	70	green	right	aware	1	0
257.021	0.000	trigger_11	11	257021	Trigger-In:11	54	fixation_point_on	absent	70	green	right	aware	1	0
257.621	0.000	trigger_21	21	257621	Trigger-In:21	54	grating_on	absent	70	green	right	aware	1	0
257.671	0.000	trigger_20	20	257671	Trigger-In:20	54	grating_off	absent	70	green	right	aware	1	0
258.276	0.000	trigger_31	31	258276	Trigger-In:31	54	targets_on_fp_color_change	absent	70	green	right	aware	1	0
258.891	0.000	trigger_201	201	258891	Trigger-In:201	54	trial_end_completed	absent	70	green	right	aware	1	0
259.956	0.000	trigger_101	101	259956	Trigger-In:101	55	trial_start	staircase	9	red	left	aware	1	0
260.066	0.000	trigger_11	11	260066	Trigger-In:11	55	fixation_point_on	staircase	9	red	left	aware	1	0
260.666	0.000	trigger_21	21	260666	Trigger-In:21	55	grating_on	staircase	9	red	left	aware	1	0
260.716	0.000	trigger_20	20	260716	Trigger-In:20	55	grating_off	staircase	9	red	left	aware	1	0
261.316	0.000	trigger_31	31	261316	Trigger-In:31	55	targets_on_fp_color_change	staircase	9	red	left	aware	1	0
262.121	0.000	trigger_201	201	262121	Trigger-In:201	55	trial_end_completed	staircase	9	red	left	aware	1	0
263.186	0.000	trigger_101	101	263186	Trigger-In:101	56	trial_start	staircase	8	red	right	unaware	1	0
263.291	0.000	trigger_11	11	263291	Trigger-In:11	56	fixation_point_on	staircase	8	red	right	unaware	1	0
263.891	0.000	trigger_21	21	263891	Trigger-In:21	56	grating_on	staircase	8	red	right	unaware	1	0
263.941	0.000	trigger_20	20	263941	Trigger-In:20	56	grating_off	staircase	8	red	right	unaware	1	0
264.546	0.000	trigger_31	31	264546	Trigger-In:31	56	targets_on_fp_color_change	staircase	8	red	right	unaware	1	0
265.191	0.000	trigger_201	201	265191	Trigger-In:201	56	trial_end_completed	staircase	8	red	right	unaware	1	0
266.261	0.000	trigger_101	101	266261	Trigger-In:101	57	trial_start	staircase	9	red	left	aware	1	0
266.366	0.000	trigger_11	11	266366	Trigger-In:11	57	fixation_point_on	staircase	9	red	left	aware	1	0
266.966	0.000	trigger_21	21	266966	Trigger-In:21	57	grating_on	staircase	9	red	left	aware	1	0
267.016	0.000	trigger_20	20	267016	Trigger-In:20	57	grating_off	staircase	9	red	left	aware	1	0
267.616	0.000	trigger_31	31	267616	Trigger-In:31	57	targets_on_fp_color_change	staircase	9	red	left	aware	1	0
268.446	0.000	trigger_201	201	268446	Trigger-In:201	57	trial_end_completed	staircase	9	red	left	aware	1	0
269.516	0.000	trigger_101	101	269516	Trigger-In:101	58	trial_start	staircase	8	green	right	aware	1	0
269.866	0.000	trigger_11	11	269866	Trigger-In:11	58	fixation_point_on	staircase	8	green	right	aware	1	0
270.466	0.000	trigger_21	21	270466	Trigger-In:21	58	grating_on	staircase	8	green	right	aware	1	0
270.516	0.000	trigger_20	20	270516	Trigger-In:20	58	grating_off	staircase	8	green	right	aware	1	0
271.121	0.000	trigger_31	31	271121	Trigger-In:31	58	targets_on_fp_color_change	staircase	8	green	right	aware	1	0
271.796	0.000	trigger_201	201	271796	Trigger-In:201	58	trial_end_completed	staircase	8	green	right	aware	1	0
272.866	0.000	trigger_101	101	272866	Trigger-In:101	59	trial_start	staircase	7	green	left	unaware	1	0
272.966	0.000	trigger_11	11	272966	Trigger-In:11	59	fixation_point_on	staircase	7	green	left	unaware	1	0
273.566	0.000	trigger_21	21	273566	Trigger-In:21	59	grating_on	staircase	7	green	left	unaware	1	0
273.616	0.000	trigger_20	20	273616	Trigger-In:20	59	grating_off	staircase	7	green	left	unaware	1	0
274.216	0.000	trigger_31	31	274216	Trigger-In:31	59	targets_on_fp_color_change	staircase	7	green	left	unaware	1	0
275.016	0.000	trigger_201	201	275016	Trigger-In:201	59	trial_end_completed	staircase	7	green	left	unaware	1	0
276.081	0.000	trigger_101	101	276081	Trigger-In:101	60	trial_start	salient	0	green	left	unaware	1	0
276.186	0.000	trigger_11	11	276186	Trigger-In:11	60	fixation_point_on	salient	0	green	left	unaware	1	0
276.786	0.000	trigger_21	21	276786	Trigger-In:21	60	grating_on	salient	0	green	left	unaware	1	0
276.836	0.000	trigger_20	20	276836	Trigger-In:20	60	grating_off	salient	0	green	left	unaware	1	0
277.436	0.000	trigger_31	31	277436	Trigger-In:31	60	targets_on_fp_color_change	salient	0	green	left	unaware	1	0
278.716	0.000	trigger_201	201	278716	Trigger-In:201	60	trial_end_completed	salient	0	green	left	unaware	1	0
279.786	0.000	trigger_101	101	279786	Trigger-In:101	61	trial_start	staircase	8	green	right	aware	1	0
279.891	0.000	trigger_11	11	279891	Trigger-In:11	61	fixation_point_on	staircase	8	green	right	aware	1	0
280.491	0.000	trigger_21	21	280491	Trigger-In:21	61	grating_on	staircase	8	green	right	aware	1	0
280.541	0.000	trigger_20	20	280541	Trigger-In:20	61	grating_off	staircase	8	green	right	aware	1	0
281.141	0.000	trigger_31	31	281141	Trigger-In:31	61	targets_on_fp_color_change	staircase	8	green	right	aware	1	0
281.711	0.000	trigger_201	201	281711	Trigger-In:201	61	trial_end_completed	staircase	8	green	right	aware	1	0
282.776	0.000	trigger_101	101	282776	Trigger-In:101	62	trial_start	staircase	7	red	right	unaware	1	0
282.956	0.000	trigger_11	11	282956	Trigger-In:11	62	fixation_point_on	staircase	7	red	right	unaware	1	0
283.556	0.000	trigger_21	21	283556	Trigger-In:21	62	grating_on	staircase	7	red	right	unaware	1	0
283.606	0.000	trigger_20	20	283606	Trigger-In:20	62	grating_off	staircase	7	red	right	unaware	1	0
284.206	0.000	trigger_31	31	284206	Trigger-In:31	62	targets_on_fp_color_change	staircase	7	red	right	unaware	1	0
285.286	0.000	trigger_201	201	285286	Trigger-In:201	62	trial_end_completed	staircase	7	red	right	unaware	1	0
286.356	0.000	trigger_101	101	286356	Trigger-In:101	63	trial_start	staircase	8	green	left	unaware	1	0
286.461	0.000	trigger_11	11	286461	Trigger-In:11	63	fixation_point_on	staircase	8	green	left	unaware	1	0
287.061	0.000	trigger_21	21	287061	Trigger-In:21	63	grating_on	staircase	8	green	left	unaware	1	0
287.111	0.000	trigger_20	20	287111	Trigger-In:20	63	grating_off	staircase	8	green	left	unaware	1	0
287.716	0.000	trigger_31	31	287716	Trigger-In:31	63	targets_on_fp_color_change	staircase	8	green	left	unaware	1	0
288.786	0.000	trigger_201	201	288786	Trigger-In:201	63	trial_end_completed	staircase	8	green	left	unaware	1	0
289.851	0.000	trigger_101	101	289851	Trigger-In:101	64	trial_start	salient	0	red	right	unaware	1	0
289.956	0.000	trigger_11	11	289956	Trigger-In:11	64	fixation_point_on	salient	0	red	right	unaware	1	0
290.561	0.000	trigger_21	21	290561	Trigger-In:21	64	grating_on	salient	0	red	right	unaware	1	0
290.611	0.000	trigger_20	20	290611	Trigger-In:20	64	grating_off	salient	0	red	right	unaware	1	0
291.211	0.000	trigger_31	31	291211	Trigger-In:31	64	targets_on_fp_color_change	salient	0	red	right	unaware	1	0
292.266	0.000	trigger_201	201	292266	Trigger-In:201	64	trial_end_completed	salient	0	red	right	unaware	1	0
293.336	0.000	trigger_101	101	293336	Trigger-In:101	65	trial_start	staircase	9	red	right	unaware	1	0
293.441	0.000	trigger_11	11	293441	Trigger-In:11	65	fixation_point_on	staircase	9	red	right	unaware	1	0
294.041	0.000	trigger_21	21	294041	Trigger-In:21	65	grating_on	staircase	9	red	right	unaware	1	0
294.091	0.000	trigger_20	20	294091	Trigger-In:20	65	grating_off	staircase	9	red	right	unaware	1	0
294.691	0.000	trigger_31	31	294691	Trigger-In:31	65	targets_on_fp_color_change	staircase	9	red	right	unaware	1	0
295.956	0.000	trigger_201	201	295956	Trigger-In:201	65	trial_end_completed	staircase	9	red	right	unaware	1	0
297.021	0.000	trigger_101	101	297021	Trigger-In:101	66	trial_start	salient	0	green	left	unaware	1	0
297.126	0.000	trigger_11	11	297126	Trigger-In:11	66	fixation_point_on	salient	0	green	left	unaware	1	0
297.726	0.000	trigger_21	21	297726	Trigger-In:21	66	grating_on	salient	0	green	left	unaware	1	0
297.776	0.000	trigger_20	20	297776	Trigger-In:20	66	grating_off	salient	0	green	left	unaware	1	0
298.376	0.000	trigger_31	31	298376	Trigger-In:31	66	targets_on_fp_color_change	salient	0	green	left	unaware	1	0
299.316	0.000	trigger_201	201	299316	Trigger-In:201	66	trial_end_completed	salient	0	green	left	unaware	1	0
300.381	0.000	trigger_101	101	300381	Trigger-In:101	67	trial_start	staircase	10	green	right	aware	1	0
300.486	0.000	trigger_11	11	300486	Trigger-In:11	67	fixation_point_on	staircase	10	green	right	aware	1	0
301.086	0.000	trigger_21	21	301086	Trigger-In:21	67	grating_on	staircase	10	green	right	aware	1	0
301.136	0.000	trigger_20	20	301136	Trigger-In:20	67	grating_off	staircase	10	green	right	aware	1	0
301.741	0.000	trigger_31	31	301741	Trigger-In:31	67	targets_on_fp_color_change	staircase	10	green	right	aware	1	0
303.126	0.000	trigger_201	201	303126	Trigger-In:201	67	trial_end_completed	staircase	10	green	right	aware	1	0
304.191	0.000	trigger_101	101	304191	Trigger-In:101	68	trial_start	salient	0	red	right	unaware	1	0
304.296	0.000	trigger_11	11	304296	Trigger-In:11	68	fixation_point_on	salient	0	red	right	unaware	1	0
304.896	0.000	trigger_21	21	304896	Trigger-In:21	68	grating_on	salient	0	red	right	unaware	1	0
304.946	0.000	trigger_20	20	304946	Trigger-In:20	68	grating_off	salient	0	red	right	unaware	1	0
305.546	0.000	trigger_31	31	305546	Trigger-In:31	68	targets_on_fp_color_change	salient	0	red	right	unaware	1	0
306.466	0.000	trigger_201	201	306466	Trigger-In:201	68	trial_end_completed	salient	0	red	right	unaware	1	0
307.536	0.000	trigger_101	101	307536	Trigger-In:101	69	trial_start	staircase	9	green	right	aware	1	0
307.641	0.000	trigger_11	11	307641	Trigger-In:11	69	fixation_point_on	staircase	9	green	right	aware	1	0
308.241	0.000	trigger_21	21	308241	Trigger-In:21	69	grating_on	staircase	9	green	right	aware	1	0
308.291	0.000	trigger_20	20	308291	Trigger-In:20	69	grating_off	staircase	9	green	right	aware	1	0
308.891	0.000	trigger_31	31	308891	Trigger-In:31	69	targets_on_fp_color_change	staircase	9	green	right	aware	1	0
310.186	0.000	trigger_201	201	310186	Trigger-In:201	69	trial_end_completed	staircase	9	green	right	aware	1	0
311.251	0.000	trigger_101	101	311251	Trigger-In:101	70	trial_start	salient	0	red	right	unaware	1	0
311.361	0.000	trigger_11	11	311361	Trigger-In:11	70	fixation_point_on	salient	0	red	right	unaware	1	0
311.961	0.000	trigger_21	21	311961	Trigger-In:21	70	grating_on	salient	0	red	right	unaware	1	0
312.011	0.000	trigger_20	20	312011	Trigger-In:20	70	grating_off	salient	0	red	right	unaware	1	0
312.611	0.000	trigger_31	31	312611	Trigger-In:31	70	targets_on_fp_color_change	salient	0	red	right	unaware	1	0
313.501	0.000	trigger_201	201	313501	Trigger-In:201	70	trial_end_completed	salient	0	red	right	unaware	1	0
314.566	0.000	trigger_101	101	314566	Trigger-In:101	71	trial_start	absent	70	red	left	aware	1	0
314.671	0.000	trigger_11	11	314671	Trigger-In:11	71	fixation_point_on	absent	70	red	left	aware	1	0
315.276	0.000	trigger_21	21	315276	Trigger-In:21	71	grating_on	absent	70	red	left	aware	1	0
315.326	0.000	trigger_20	20	315326	Trigger-In:20	71	grating_off	absent	70	red	left	aware	1	0
315.926	0.000	trigger_31	31	315926	Trigger-In:31	71	targets_on_fp_color_change	absent	70	red	left	aware	1	0
316.631	0.000	trigger_201	201	316631	Trigger-In:201	71	trial_end_completed	absent	70	red	left	aware	1	0
317.701	0.000	trigger_101	101	317701	Trigger-In:101	72	trial_start	absent	70	green	right	aware	1	0
317.801	0.000	trigger_11	11	317801	Trigger-In:11	72	fixation_point_on	absent	70	green	right	aware	1	0
318.406	0.000	trigger_21	21	318406	Trigger-In:21	72	grating_on	absent	70	green	right	aware	1	0
318.456	0.000	trigger_20	20	318456	Trigger-In:20	72	grating_off	absent	70	green	right	aware	1	0
319.056	0.000	trigger_31	31	319056	Trigger-In:31	72	targets_on_fp_color_change	absent	70	green	right	aware	1	0
320.346	0.000	trigger_201	201	320346	Trigger-In:201	72	trial_end_completed	absent	70	green	right	aware	1	0
321.411	0.000	trigger_101	101	321411	Trigger-In:101	73	trial_start	staircase	8	green	right	aware	1	0
321.546	0.000	trigger_11	11	321546	Trigger-In:11	73	fixation_point_on	staircase	8	green	right	aware	1	0
322.146	0.000	trigger_21	21	322146	Trigger-In:21	73	grating_on	staircase	8	green	right	aware	1	0
322.201	0.000	trigger_20	20	322201	Trigger-In:20	73	grating_off	staircase	8	green	right	aware	1	0
322.801	0.000	trigger_31	31	322801	Trigger-In:31	73	targets_on_fp_color_change	staircase	8	green	right	aware	1	0
323.531	0.000	trigger_201	201	323531	Trigger-In:201	73	trial_end_completed	staircase	8	green	right	aware	1	0
324.601	0.000	trigger_101	101	324601	Trigger-In:101	74	trial_start	staircase	7	red	left	aware	1	0
324.706	0.000	trigger_11	11	324706	Trigger-In:11	74	fixation_point_on	staircase	7	red	left	aware	1	0
325.451	0.000	trigger_21	21	325451	Trigger-In:21	74	grating_on	staircase	7	red	left	aware	1	0
325.506	0.000	trigger_20	20	325506	Trigger-In:20	74	grating_off	staircase	7	red	left	aware	1	0
326.106	0.000	trigger_31	31	326106	Trigger-In:31	74	targets_on_fp_color_change	staircase	7	red	left	aware	1	0
327.246	0.000	trigger_201	201	327246	Trigger-In:201	74	trial_end_completed	staircase	7	red	left	aware	1	0
328.311	0.000	trigger_101	101	328311	Trigger-In:101	75	trial_start	salient	0	green	left	unaware	1	0
328.416	0.000	trigger_11	11	328416	Trigger-In:11	75	fixation_point_on	salient	0	green	left	unaware	1	0
329.016	0.000	trigger_21	21	329016	Trigger-In:21	75	grating_on	salient	0	green	left	unaware	1	0
329.071	0.000	trigger_20	20	329071	Trigger-In:20	75	grating_off	salient	0	green	left	unaware	1	0
329.671	0.000	trigger_31	31	329671	Trigger-In:31	75	targets_on_fp_color_change	salient	0	green	left	unaware	1	0
330.871	0.000	trigger_201	201	330871	Trigger-In:201	75	trial_end_completed	salient	0	green	left	unaware	1	0
331.936	0.000	trigger_101	101	331936	Trigger-In:101	76	trial_start	salient	0	red	right	unaware	1	0
332.041	0.000	trigger_11	11	332041	Trigger-In:11	76	fixation_point_on	salient	0	red	right	unaware	1	0
332.641	0.000	trigger_21	21	332641	Trigger-In:21	76	grating_on	salient	0	red	right	unaware	1	0
332.691	0.000	trigger_20	20	332691	Trigger-In:20	76	grating_off	salient	0	red	right	unaware	1	0
333.296	0.000	trigger_31	31	333296	Trigger-In:31	76	targets_on_fp_color_change	salient	0	red	right	unaware	1	0
334.311	0.000	trigger_201	201	334311	Trigger-In:201	76	trial_end_completed	salient	0	red	right	unaware	1	0
335.376	0.000	trigger_101	101	335376	Trigger-In:101	77	trial_start	staircase	6	red	right	unaware	1	0
335.481	0.000	trigger_11	11	335481	Trigger-In:11	77	fixation_point_on	staircase	6	red	right	unaware	1	0
336.081	0.000	trigger_21	21	336081	Trigger-In:21	77	grating_on	staircase	6	red	right	unaware	1	0
336.131	0.000	trigger_20	20	336131	Trigger-In:20	77	grating_off	staircase	6	red	right	unaware	1	0
336.736	0.000	trigger_31	31	336736	Trigger-In:31	77	targets_on_fp_color_change	staircase	6	red	right	unaware	1	0
337.686	0.000	trigger_201	201	337686	Trigger-In:201	77	trial_end_completed	staircase	6	red	right	unaware	1	0
338.756	0.000	trigger_101	101	338756	Trigger-In:101	78	trial_start	staircase	7	red	right	unaware	1	0
338.861	0.000	trigger_11	11	338861	Trigger-In:11	78	fixation_point_on	staircase	7	red	right	unaware	1	0
339.461	0.000	trigger_21	21	339461	Trigger-In:21	78	grating_on	staircase	7	red	right	unaware	1	0
339.511	0.000	trigger_20	20	339511	Trigger-In:20	78	grating_off	staircase	7	red	right	unaware	1	0
340.116	0.000	trigger_31	31	340116	Trigger-In:31	78	targets_on_fp_color_change	staircase	7	red	right	unaware	1	0
340.886	0.000	trigger_201	201	340886	Trigger-In:201	78	trial_end_completed	staircase	7	red	right	unaware	1	0
341.951	0.000	trigger_101	101	341951	Trigger-In:101	79	trial_start	staircase	8	red	right	unaware	1	0
342.056	0.000	trigger_11	11	342056	Trigger-In:11	79	fixation_point_on	staircase	8	red	right	unaware	1	0
342.661	0.000	trigger_21	21	342661	Trigger-In:21	79	grating_on	staircase	8	red	right	unaware	1	0
342.711	0.000	trigger_20	20	342711	Trigger-In:20	79	grating_off	staircase	8	red	right	unaware	1	0
343.311	0.000	trigger_31	31	343311	Trigger-In:31	79	targets_on_fp_color_change	staircase	8	red	right	unaware	1	0
344.146	0.000	trigger_201	201	344146	Trigger-In:201	79	trial_end_completed	staircase	8	red	right	unaware	1	0
345.216	0.000	trigger_101	101	345216	Trigger-In:101	80	trial_start	staircase	9	green	right	aware	1	0
345.321	0.000	trigger_11	11	345321	Trigger-In:11	80	fixation_point_on	staircase	9	green	right	aware	1	0
345.921	0.000	trigger_21	21	345921	Trigger-In:21	80	grating_on	staircase	9	green	right	aware	1	0
345.971	0.000	trigger_20	20	345971	Trigger-In:20	80	grating_off	staircase	9	green	right	aware	1	0
346.576	0.000	trigger_31	31	346576	Trigger-In:31	80	targets_on_fp_color_change	staircase	9	green	right	aware	1	0
347.466	0.000	trigger_201	201	347466	Trigger-In:201	80	trial_end_completed	staircase	9	green	right	aware	1	0
348.536	0.000	trigger_101	101	348536	Trigger-In:101	81	trial_start	salient	0	red	right	unaware	1	0
348.641	0.000	trigger_11	11	348641	Trigger-In:11	81	fixation_point_on	salient	0	red	right	unaware	1	0
349.241	0.000	trigger_21	21	349241	Trigger-In:21	81	grating_on	salient	0	red	right	unaware	1	0
349.291	0.000	trigger_20	20	349291	Trigger-In:20	81	grating_off	salient	0	red	right	unaware	1	0
349.891	0.000	trigger_31	31	349891	Trigger-In:31	81	targets_on_fp_color_change	salient	0	red	right	unaware	1	0
350.561	0.000	trigger_201	201	350561	Trigger-In:201	81	trial_end_completed	salient	0	red	right	unaware	1	0
351.626	0.000	trigger_101	101	351626	Trigger-In:101	82	trial_start	staircase	8	green	right	aware	1	0
351.731	0.000	trigger_11	11	351731	Trigger-In:11	82	fixation_point_on	staircase	8	green	right	aware	1	0
352.331	0.000	trigger_21	21	352331	Trigger-In:21	82	grating_on	staircase	8	green	right	aware	1	0
352.381	0.000	trigger_20	20	352381	Trigger-In:20	82	grating_off	staircase	8	green	right	aware	1	0
352.986	0.000	trigger_31	31	352986	Trigger-In:31	82	targets_on_fp_color_change	staircase	8	green	right	aware	1	0
353.726	0.000	trigger_201	201	353726	Trigger-In:201	82	trial_end_completed	staircase	8	green	right	aware	1	0
354.796	0.000	trigger_101	101	354796	Trigger-In:101	83	trial_start	staircase	7	red	right	unaware	1	0
354.946	0.000	trigger_11	11	354946	Trigger-In:11	83	fixation_point_on	staircase	7	red	right	unaware	1	0
355.546	0.000	trigger_21	21	355546	Trigger-In:21	83	grating_on	staircase	7	red	right	unaware	1	0
355.596	0.000	trigger_20	20	355596	Trigger-In:20	83	grating_off	staircase	7	red	right	unaware	1	0
356.196	0.000	trigger_31	31	356196	Trigger-In:31	83	targets_on_fp_color_change	staircase	7	red	right	unaware	1	0
357.051	0.000	trigger_201	201	357051	Trigger-In:201	83	trial_end_completed	staircase	7	red	right	unaware	1	0
358.121	0.000	trigger_101	101	358121	Trigger-In:101	84	trial_start	staircase	8	green	left	unaware	1	0
358.226	0.000	trigger_11	11	358226	Trigger-In:11	84	fixation_point_on	staircase	8	green	left	unaware	1	0
358.826	0.000	trigger_21	21	358826	Trigger-In:21	84	grating_on	staircase	8	green	left	unaware	1	0
358.876	0.000	trigger_20	20	358876	Trigger-In:20	84	grating_off	staircase	8	green	left	unaware	1	0
359.481	0.000	trigger_31	31	359481	Trigger-In:31	84	targets_on_fp_color_change	staircase	8	green	left	unaware	1	0
360.301	0.000	trigger_201	201	360301	Trigger-In:201	84	trial_end_completed	staircase	8	green	left	unaware	1	0
361.371	0.000	trigger_101	101	361371	Trigger-In:101	85	trial_start	staircase	9	red	right	unaware	1	0
361.626	0.000	trigger_11	11	361626	Trigger-In:11	85	fixation_point_on	staircase	9	red	right	unaware	1	0
362.226	0.000	trigger_21	21	362226	Trigger-In:21	85	grating_on	staircase	9	red	right	unaware	1	0
362.276	0.000	trigger_20	20	362276	Trigger-In:20	85	grating_off	staircase	9	red	right	unaware	1	0
362.876	0.000	trigger_31	31	362876	Trigger-In:31	85	targets_on_fp_color_change	staircase	9	red	right	unaware	1	0
364.086	0.000	trigger_201	201	364086	Trigger-In:201	85	trial_end_completed	staircase	9	red	right	unaware	1	0
365.156	0.000	trigger_101	101	365156	Trigger-In:101	86	trial_start	staircase	10	red	left	aware	1	0
365.261	0.000	trigger_11	11	365261	Trigger-In:11	86	fixation_point_on	staircase	10	red	left	aware	1	0
365.861	0.000	trigger_21	21	365861	Trigger-In:21	86	grating_on	staircase	10	red	left	aware	1	0
365.911	0.000	trigger_20	20	365911	Trigger-In:20	86	grating_off	staircase	10	red	left	aware	1	0
366.511	0.000	trigger_31	31	366511	Trigger-In:31	86	targets_on_fp_color_change	staircase	10	red	left	aware	1	0
367.231	0.000	trigger_201	201	367231	Trigger-In:201	86	trial_end_completed	staircase	10	red	left	aware	1	0
368.296	0.000	trigger_101	101	368296	Trigger-In:101	87	trial_start	staircase	9	red	right	unaware	1	0
368.396	0.000	trigger_11	11	368396	Trigger-In:11	87	fixation_point_on	staircase	9	red	right	unaware	1	0
368.996	0.000	trigger_21	21	368996	Trigger-In:21	87	grating_on	staircase	9	red	right	unaware	1	0
369.051	0.000	trigger_20	20	369051	Trigger-In:20	87	grating_off	staircase	9	red	right	unaware	1	0
369.651	0.000	trigger_31	31	369651	Trigger-In:31	87	targets_on_fp_color_change	staircase	9	red	right	unaware	1	0
370.546	0.000	trigger_201	201	370546	Trigger-In:201	87	trial_end_completed	staircase	9	red	right	unaware	1	0
371.616	0.000	trigger_101	101	371616	Trigger-In:101	88	trial_start	staircase	10	green	right	aware	1	0
371.721	0.000	trigger_11	11	371721	Trigger-In:11	88	fixation_point_on	staircase	10	green	right	aware	1	0
372.321	0.000	trigger_21	21	372321	Trigger-In:21	88	grating_on	staircase	10	green	right	aware	1	0
372.371	0.000	trigger_20	20	372371	Trigger-In:20	88	grating_off	staircase	10	green	right	aware	1	0
372.971	0.000	trigger_31	31	372971	Trigger-In:31	88	targets_on_fp_color_change	staircase	10	green	right	aware	1	0
373.756	0.000	trigger_201	201	373756	Trigger-In:201	88	trial_end_completed	staircase	10	green	right	aware	1	0
374.826	0.000	trigger_101	101	374826	Trigger-In:101	89	trial_start	salient	0	green	left	unaware	1	0
374.931	0.000	trigger_11	11	374931	Trigger-In:11	89	fixation_point_on	salient	0	green	left	unaware	1	0
375.531	0.000	trigger_21	21	375531	Trigger-In:21	89	grating_on	salient	0	green	left	unaware	1	0
375.581	0.000	trigger_20	20	375581	Trigger-In:20	89	grating_off	salient	0	green	left	unaware	1	0
376.181	0.000	trigger_31	31	376181	Trigger-In:31	89	targets_on_fp_color_change	salient	0	green	left	unaware	1	0
376.956	0.000	trigger_201	201	376956	Trigger-In:201	89	trial_end_completed	salient	0	green	left	unaware	1	0
378.026	0.000	trigger_101	101	378026	Trigger-In:101	90	trial_start	staircase	9	red	right	unaware	1	0
378.131	0.000	trigger_11	11	378131	Trigger-In:11	90	fixation_point_on	staircase	9	red	right	unaware	1	0
378.731	0.000	trigger_21	21	378731	Trigger-In:21	90	grating_on	staircase	9	red	right	unaware	1	0
378.781	0.000	trigger_20	20	378781	Trigger-In:20	90	grating_off	staircase	9	red	right	unaware	1	0
379.381	0.000	trigger_31	31	379381	Trigger-In:31	90	targets_on_fp_color_change	staircase	9	red	right	unaware	1	0
380.261	0.000	trigger_201	201	380261	Trigger-In:201	90	trial_end_completed	staircase	9	red	right	unaware	1	0
381.326	0.000	trigger_101	101	381326	Trigger-In:101	91	trial_start	staircase	10	green	right	aware	1	0
381.431	0.000	trigger_11	11	381431	Trigger-In:11	91	fixation_point_on	staircase	10	green	right	aware	1	0
382.031	0.000	trigger_21	21	382031	Trigger-In:21	91	grating_on	staircase	10	green	right	aware	1	0
382.081	0.000	trigger_20	20	382081	Trigger-In:20	91	grating_off	staircase	10	green	right	aware	1	0
382.681	0.000	trigger_31	31	382681	Trigger-In:31	91	targets_on_fp_color_change	staircase	10	green	right	aware	1	0
383.606	0.000	trigger_201	201	383606	Trigger-In:201	91	trial_end_completed	staircase	10	green	right	aware	1	0
384.671	0.000	trigger_101	101	384671	Trigger-In:101	92	trial_start	staircase	9	red	right	unaware	1	0
384.776	0.000	trigger_11	11	384776	Trigger-In:11	92	fixation_point_on	staircase	9	red	right	unaware	1	0
385.376	0.000	trigger_21	21	385376	Trigger-In:21	92	grating_on	staircase	9	red	right	unaware	1	0
385.431	0.000	trigger_20	20	385431	Trigger-In:20	92	grating_off	staircase	9	red	right	unaware	1	0
386.031	0.000	trigger_31	31	386031	Trigger-In:31	92	targets_on_fp_color_change	staircase	9	red	right	unaware	1	0
387.011	0.000	trigger_201	201	387011	Trigger-In:201	92	trial_end_completed	staircase	9	red	right	unaware	1	0
388.081	0.000	trigger_101	101	388081	Trigger-In:101	93	trial_start	staircase	10	green	left	unaware	1	0
388.186	0.000	trigger_11	11	388186	Trigger-In:11	93	fixation_point_on	staircase	10	green	left	unaware	1	0
388.786	0.000	trigger_21	21	388786	Trigger-In:21	93	grating_on	staircase	10	green	left	unaware	1	0
388.836	0.000	trigger_20	20	388836	Trigger-In:20	93	grating_off	staircase	10	green	left	unaware	1	0
389.436	0.000	trigger_31	31	389436	Trigger-In:31	93	targets_on_fp_color_change	staircase	10	green	left	unaware	1	0
390.181	0.000	trigger_201	201	390181	Trigger-In:201	93	trial_end_completed	staircase	10	green	left	unaware	1	0
391.251	0.000	trigger_101	101	391251	Trigger-In:101	94	trial_start	staircase	11	green	right	aware	1	0
391.356	0.000	trigger_11	11	391356	Trigger-In:11	94	fixation_point_on	staircase	11	green	right	aware	1	0
391.956	0.000	trigger_21	21	391956	Trigger-In:21	94	grating_on	staircase	11	green	right	aware	1	0
392.006	0.000	trigger_20	20	392006	Trigger-In:20	94	grating_off	staircase	11	green	right	aware	1	0
392.606	0.000	trigger_31	31	392606	Trigger-In:31	94	targets_on_fp_color_change	staircase	11	green	right	aware	1	0
393.196	0.000	trigger_201	201	393196	Trigger-In:201	94	trial_end_completed	staircase	11	green	right	aware	1	0
394.261	0.000	trigger_101	101	394261	Trigger-In:101	95	trial_start	staircase	10	red	right	unaware	1	0
394.366	0.000	trigger_11	11	394366	Trigger-In:11	95	fixation_point_on	staircase	10	red	right	unaware	1	0
394.966	0.000	trigger_21	21	394966	Trigger-In:21	95	grating_on	staircase	10	red	right	unaware	1	0
395.016	0.000	trigger_20	20	395016	Trigger-In:20	95	grating_off	staircase	10	red	right	unaware	1	0
395.621	0.000	trigger_31	31	395621	Trigger-In:31	95	targets_on_fp_color_change	staircase	10	red	right	unaware	1	0
396.471	0.000	trigger_201	201	396471	Trigger-In:201	95	trial_end_completed	staircase	10	red	right	unaware	1	0
397.536	0.000	trigger_101	101	397536	Trigger-In:101	96	trial_start	staircase	11	red	left	aware	1	0
397.756	0.000	trigger_11	11	397756	Trigger-In:11	96	fixation_point_on	staircase	11	red	left	aware	1	0
398.356	0.000	trigger_21	21	398356	Trigger-In:21	96	grating_on	staircase	11	red	left	aware	1	0
398.406	0.000	trigger_20	20	398406	Trigger-In:20	96	grating_off	staircase	11	red	left	aware	1	0
399.006	0.000	trigger_31	31	399006	Trigger-In:31	96	targets_on_fp_color_change	staircase	11	red	left	aware	1	0
399.801	0.000	trigger_201	201	399801	Trigger-In:201	96	trial_end_completed	staircase	11	red	left	aware	1	0
400.871	0.000	trigger_101	101	400871	Trigger-In:101	97	trial_start	salient	0	red	right	unaware	1	0
400.976	0.000	trigger_11	11	400976	Trigger-In:11	97	fixation_point_on	salient	0	red	right	unaware	1	0
401.576	0.000	trigger_21	21	401576	Trigger-In:21	97	grating_on	salient	0	red	right	unaware	1	0
401.626	0.000	trigger_20	20	401626	Trigger-In:20	97	grating_off	salient	0	red	right	unaware	1	0
402.226	0.000	trigger_31	31	402226	Trigger-In:31	97	targets_on_fp_color_change	salient	0	red	right	unaware	1	0
403.006	0.000	trigger_201	201	403006	Trigger-In:201	97	trial_end_completed	salient	0	red	right	unaware	1	0
404.076	0.000	trigger_101	101	404076	Trigger-In:101	98	trial_start	staircase	10	red	left	aware	1	0
404.181	0.000	trigger_11	11	404181	Trigger-In:11	98	fixation_point_on	staircase	10	red	left	aware	1	0
404.781	0.000	trigger_21	21	404781	Trigger-In:21	98	grating_on	staircase	10	red	left	aware	1	0
404.831	0.000	trigger_20	20	404831	Trigger-In:20	98	grating_off	staircase	10	red	left	aware	1	0
405.431	0.000	trigger_31	31	405431	Trigger-In:31	98	targets_on_fp_color_change	staircase	10	red	left	aware	1	0
406.236	0.000	trigger_201	201	406236	Trigger-In:201	98	trial_end_completed	staircase	10	red	left	aware	1	0
407.306	0.000	trigger_101	101	407306	Trigger-In:101	99	trial_start	staircase	9	green	left	unaware	1	0
407.411	0.000	trigger_11	11	407411	Trigger-In:11	99	fixation_point_on	staircase	9	green	left	unaware	1	0
408.011	0.000	trigger_21	21	408011	Trigger-In:21	99	grating_on	staircase	9	green	left	unaware	1	0
408.061	0.000	trigger_20	20	408061	Trigger-In:20	99	grating_off	staircase	9	green	left	unaware	1	0
408.661	0.000	trigger_31	31	408661	Trigger-In:31	99	targets_on_fp_color_change	staircase	9	green	left	unaware	1	0
410.026	0.000	trigger_201	201	410026	Trigger-In:201	99	trial_end_completed	staircase	9	green	left	unaware	1	0
411.091	0.000	trigger_101	101	411091	Trigger-In:101	100	trial_start	salient	0	green	left	unaware	1	0
411.196	0.000	trigger_11	11	411196	Trigger-In:11	100	fixation_point_on	salient	0	green	left	unaware	1	0
411.801	0.000	trigger_21	21	411801	Trigger-In:21	100	grating_on	salient	0	green	left	unaware	1	0
411.851	0.000	trigger_20	20	411851	Trigger-In:20	100	grating_off	salient	0	green	left	unaware	1	0
412.451	0.000	trigger_31	31	412451	Trigger-In:31	100	targets_on_fp_color_change	salient	0	green	left	unaware	1	0
413.311	0.000	trigger_201	201	413311	Trigger-In:201	100	trial_end_completed	salient	0	green	left	unaware	1	0
414.381	0.000	trigger_101	101	414381	Trigger-In:101	101	trial_start	staircase	10	green	right	aware	1	0
414.486	0.000	trigger_11	11	414486	Trigger-In:11	101	fixation_point_on	staircase	10	green	right	aware	1	0
415.086	0.000	trigger_21	21	415086	Trigger-In:21	101	grating_on	staircase	10	green	right	aware	1	0
415.136	0.000	trigger_20	20	415136	Trigger-In:20	101	grating_off	staircase	10	green	right	aware	1	0
415.741	0.000	trigger_31	31	415741	Trigger-In:31	101	targets_on_fp_color_change	staircase	10	green	right	aware	1	0
416.481	0.000	trigger_201	201	416481	Trigger-In:201	101	trial_end_completed	staircase	10	green	right	aware	1	0
417.551	0.000	trigger_101	101	417551	Trigger-In:101	102	trial_start	absent	70	red	left	aware	1	0
417.656	0.000	trigger_11	11	417656	Trigger-In:11	102	fixation_point_on	absent	70	red	left	aware	1	0
418.256	0.000	trigger_21	21	418256	Trigger-In:21	102	grating_on	absent	70	red	left	aware	1	0
418.306	0.000	trigger_20	20	418306	Trigger-In:20	102	grating_off	absent	70	red	left	aware	1	0
418.906	0.000	trigger_31	31	418906	Trigger-In:31	102	targets_on_fp_color_change	absent	70	red	left	aware	1	0
419.706	0.000	trigger_201	201	419706	Trigger-In:201	102	trial_end_completed	absent	70	red	left	aware	1	0
420.776	0.000	trigger_101	101	420776	Trigger-In:101	103	trial_start	staircase	9	green	right	aware	1	0
420.881	0.000	trigger_11	11	420881	Trigger-In:11	103	fixation_point_on	staircase	9	green	right	aware	1	0
421.481	0.000	trigger_21	21	421481	Trigger-In:21	103	grating_on	staircase	9	green	right	aware	1	0
421.531	0.000	trigger_20	20	421531	Trigger-In:20	103	grating_off	staircase	9	green	right	aware	1	0
422.131	0.000	trigger_31	31	422131	Trigger-In:31	103	targets_on_fp_color_change	staircase	9	green	right	aware	1	0
422.851	0.000	trigger_201	201	422851	Trigger-In:201	103	trial_end_completed	staircase	9	green	right	aware	1	0
423.921	0.000	trigger_101	101	423921	Trigger-In:101	104	trial_start	staircase	8	red	right	unaware	1	0
424.026	0.000	trigger_11	11	424026	Trigger-In:11	104	fixation_point_on	staircase	8	red	right	unaware	1	0
424.626	0.000	trigger_21	21	424626	Trigger-In:21	104	grating_on	staircase	8	red	right	unaware	1	0
424.676	0.000	trigger_20	20	424676	Trigger-In:20	104	grating_off	staircase	8	red	right	unaware	1	0
425.276	0.000	trigger_31	31	425276	Trigger-In:31	104	targets_on_fp_color_change	staircase	8	red	right	unaware	1	0
426.606	0.000	trigger_201	201	426606	Trigger-In:201	104	trial_end_completed	staircase	8	red	right	unaware	1	0
427.676	0.000	trigger_101	101	427676	Trigger-In:101	105	trial_start	absent	70	red	left	aware	1	0
427.791	0.000	trigger_11	11	427791	Trigger-In:11	105	fixation_point_on	absent	70	red	left	aware	1	0
428.391	0.000	trigger_21	21	428391	Trigger-In:21	105	grating_on	absent	70	red	left	aware	1	0
428.446	0.000	trigger_20	20	428446	Trigger-In:20	105	grating_off	absent	70	red	left	aware	1	0
429.046	0.000	trigger_31	31	429046	Trigger-In:31	105	targets_on_fp_color_change	absent	70	red	left	aware	1	0
429.876	0.000	trigger_201	201	429876	Trigger-In:201	105	trial_end_completed	absent	70	red	left	aware	1	0
430.941	0.000	trigger_101	101	430941	Trigger-In:101	106	trial_start	staircase	9	red	right	unaware	1	0
431.046	0.000	trigger_11	11	431046	Trigger-In:11	106	fixation_point_on	staircase	9	red	right	unaware	1	0
431.646	0.000	trigger_21	21	431646	Trigger-In:21	106	grating_on	staircase	9	red	right	unaware	1	0
431.696	0.000	trigger_20	20	431696	Trigger-In:20	106	grating_off	staircase	9	red	right	unaware	1	0
432.296	0.000	trigger_31	31	432296	Trigger-In:31	106	targets_on_fp_color_change	staircase	9	red	right	unaware	1	0
433.041	0.000	trigger_201	201	433041	Trigger-In:201	106	trial_end_completed	staircase	9	red	right	unaware	1	0
434.116	0.000	trigger_101	101	434116	Trigger-In:101	107	trial_start	staircase	10	green	right	aware	1	0
434.221	0.000	trigger_11	11	434221	Trigger-In:11	107	fixation_point_on	staircase	10	green	right	aware	1	0
434.821	0.000	trigger_21	21	434821	Trigger-In:21	107	grating_on	staircase	10	green	right	aware	1	0
434.871	0.000	trigger_20	20	434871	Trigger-In:20	107	grating_off	staircase	10	green	right	aware	1	0
435.471	0.000	trigger_31	31	435471	Trigger-In:31	107	targets_on_fp_color_change	staircase	10	green	right	aware	1	0
436.161	0.000	trigger_201	201	436161	Trigger-In:201	107	trial_end_completed	staircase	10	green	right	aware	1	0
437.231	0.000	trigger_101	101	437231	Trigger-In:101	108	trial_start	staircase	9	green	right	aware	1	0
437.336	0.000	trigger_11	11	437336	Trigger-In:11	108	fixation_point_on	staircase	9	green	right	aware	1	0
437.936	0.000	trigger_21	21	437936	Trigger-In:21	108	grating_on	staircase	9	green	right	aware	1	0
437.986	0.000	trigger_20	20	437986	Trigger-In:20	108	grating_off	staircase	9	green	right	aware	1	0
438.586	0.000	trigger_31	31	438586	Trigger-In:31	108	targets_on_fp_color_change	staircase	9	green	right	aware	1	0
439.436	0.000	trigger_201	201	439436	Trigger-In:201	108	trial_end_completed	staircase	9	green	right	aware	1	0
440.501	0.000	trigger_101	101	440501	Trigger-In:101	109	trial_start	staircase	8	red	right	unaware	1	0
440.611	0.000	trigger_11	11	440611	Trigger-In:11	109	fixation_point_on	staircase	8	red	right	unaware	1	0
441.211	0.000	trigger_21	21	441211	Trigger-In:21	109	grating_on	staircase	8	red	right	unaware	1	0
441.261	0.000	trigger_20	20	441261	Trigger-In:20	109	grating_off	staircase	8	red	right	unaware	1	0
441.861	0.000	trigger_31	31	441861	Trigger-In:31	109	targets_on_fp_color_change	staircase	8	red	right	unaware	1	0
442.631	0.000	trigger_201	201	442631	Trigger-In:201	109	trial_end_completed	staircase	8	red	right	unaware	1	0
443.701	0.000	trigger_101	101	443701	Trigger-In:101	110	trial_start	staircase	9	green	right	aware	1	0
443.806	0.000	trigger_11	11	443806	Trigger-In:11	110	fixation_point_on	staircase	9	green	right	aware	1	0
444.406	0.000	trigger_21	21	444406	Trigger-In:21	110	grating_on	staircase	9	green	right	aware	1	0
444.456	0.000	trigger_20	20	444456	Trigger-In:20	110	grating_off	staircase	9	green	right	aware	1	0
445.056	0.000	trigger_31	31	445056	Trigger-In:31	110	targets_on_fp_color_change	staircase	9	green	right	aware	1	0
445.716	0.000	trigger_201	201	445716	Trigger-In:201	110	trial_end_completed	staircase	9	green	right	aware	1	0
446.781	0.000	trigger_101	101	446781	Trigger-In:101	111	trial_start	staircase	8	red	right	unaware	1	0
447.191	0.000	trigger_11	11	447191	Trigger-In:11	111	fixation_point_on	staircase	8	red	right	unaware	1	0
447.791	0.000	trigger_21	21	447791	Trigger-In:21	111	grating_on	staircase	8	red	right	unaware	1	0
447.841	0.000	trigger_20	20	447841	Trigger-In:20	111	grating_off	staircase	8	red	right	unaware	1	0
448.441	0.000	trigger_31	31	448441	Trigger-In:31	111	targets_on_fp_color_change	staircase	8	red	right	unaware	1	0
449.316	0.000	trigger_201	201	449316	Trigger-In:201	111	trial_end_completed	staircase	8	red	right	unaware	1	0
450.381	0.000	trigger_101	101	450381	Trigger-In:101	112	trial_start	staircase	9	green	left	unaware	1	0
450.486	0.000	trigger_11	11	450486	Trigger-In:11	112	fixation_point_on	staircase	9	green	left	unaware	1	0
451.086	0.000	trigger_21	21	451086	Trigger-In:21	112	grating_on	staircase	9	green	left	unaware	1	0
451.136	0.000	trigger_20	20	451136	Trigger-In:20	112	grating_off	staircase	9	green	left	unaware	1	0
451.736	0.000	trigger_31	31	451736	Trigger-In:31	112	targets_on_fp_color_change	staircase	9	green	left	unaware	1	0
452.491	0.000	trigger_201	201	452491	Trigger-In:201	112	trial_end_completed	staircase	9	green	left	unaware	1	0
453.561	0.000	trigger_101	101	453561	Trigger-In:101	113	trial_start	staircase	10	green	left	unaware	1	0
453.666	0.000	trigger_11	11	453666	Trigger-In:11	113	fixation_point_on	staircase	10	green	left	unaware	1	0
454.266	0.000	trigger_21	21	454266	Trigger-In:21	113	grating_on	staircase	10	green	left	unaware	1	0
454.316	0.000	trigger_20	20	454316	Trigger-In:20	113	grating_off	staircase	10	green	left	unaware	1	0
454.916	0.000	trigger_31	31	454916	Trigger-In:31	113	targets_on_fp_color_change	staircase	10	green	left	unaware	1	0
455.991	0.000	trigger_201	201	455991	Trigger-In:201	113	trial_end_completed	staircase	10	green	left	unaware	1	0
457.056	0.000	trigger_101	101	457056	Trigger-In:101	114	trial_start	staircase	11	red	left	aware	1	0
457.411	0.000	trigger_11	11	457411	Trigger-In:11	114	fixation_point_on	staircase	11	red	left	aware	1	0
458.011	0.000	trigger_21	21	458011	Trigger-In:21	114	grating_on	staircase	11	red	left	aware	1	0
458.061	0.000	trigger_20	20	458061	Trigger-In:20	114	grating_off	staircase	11	red	left	aware	1	0
458.661	0.000	trigger_31	31	458661	Trigger-In:31	114	targets_on_fp_color_change	staircase	11	red	left	aware	1	0
459.471	0.000	trigger_201	201	459471	Trigger-In:201	114	trial_end_completed	staircase	11	red	left	aware	1	0
460.541	0.000	trigger_101	101	460541	Trigger-In:101	115	trial_start	staircase	10	red	left	aware	1	0
460.846	0.000	trigger_11	11	460846	Trigger-In:11	115	fixation_point_on	staircase	10	red	left	aware	1	0
461.451	0.000	trigger_21	21	461451	Trigger-In:21	115	grating_on	staircase	10	red	left	aware	1	0
461.501	0.000	trigger_20	20	461501	Trigger-In:20	115	grating_off	staircase	10	red	left	aware	1	0
462.101	0.000	trigger_31	31	462101	Trigger-In:31	115	targets_on_fp_color_change	staircase	10	red	left	aware	1	0
462.986	0.000	trigger_201	201	462986	Trigger-In:201	115	trial_end_completed	staircase	10	red	left	aware	1	0
464.051	0.000	trigger_101	101	464051	Trigger-In:101	116	trial_start	staircase	9	red	left	aware	1	0
464.156	0.000	trigger_11	11	464156	Trigger-In:11	116	fixation_point_on	staircase	9	red	left	aware	1	0
464.756	0.000	trigger_21	21	464756	Trigger-In:21	116	grating_on	staircase	9	red	left	aware	1	0
464.811	0.000	trigger_20	20	464811	Trigger-In:20	116	grating_off	staircase	9	red	left	aware	1	0
465.411	0.000	trigger_31	31	465411	Trigger-In:31	116	targets_on_fp_color_change	staircase	9	red	left	aware	1	0
466.066	0.000	trigger_201	201	466066	Trigger-In:201	116	trial_end_completed	staircase	9	red	left	aware	1	0
467.136	0.000	trigger_101	101	467136	Trigger-In:101	117	trial_start	salient	0	green	left	unaware	1	0
467.241	0.000	trigger_11	11	467241	Trigger-In:11	117	fixation_point_on	salient	0	green	left	unaware	1	0
467.841	0.000	trigger_21	21	467841	Trigger-In:21	117	grating_on	salient	0	green	left	unaware	1	0
467.891	0.000	trigger_20	20	467891	Trigger-In:20	117	grating_off	salient	0	green	left	unaware	1	0
468.491	0.000	trigger_31	31	468491	Trigger-In:31	117	targets_on_fp_color_change	salient	0	green	left	unaware	1	0
469.366	0.000	trigger_201	201	469366	Trigger-In:201	117	trial_end_completed	salient	0	green	left	unaware	1	0
470.431	0.000	trigger_101	101	470431	Trigger-In:101	118	trial_start	staircase	8	green	left	unaware	1	0
470.536	0.000	trigger_11	11	470536	Trigger-In:11	118	fixation_point_on	staircase	8	green	left	unaware	1	0
471.136	0.000	trigger_21	21	471136	Trigger-In:21	118	grating_on	staircase	8	green	left	unaware	1	0
471.186	0.000	trigger_20	20	471186	Trigger-In:20	118	grating_off	staircase	8	green	left	unaware	1	0
471.791	0.000	trigger_31	31	471791	Trigger-In:31	118	targets_on_fp_color_change	staircase	8	green	left	unaware	1	0
472.811	0.000	trigger_201	201	472811	Trigger-In:201	118	trial_end_completed	staircase	8	green	left	unaware	1	0
473.881	0.000	trigger_101	101	473881	Trigger-In:101	119	trial_start	salient	0	green	left	unaware	1	0
473.986	0.000	trigger_11	11	473986	Trigger-In:11	119	fixation_point_on	salient	0	green	left	unaware	1	0
474.586	0.000	trigger_21	21	474586	Trigger-In:21	119	grating_on	salient	0	green	left	unaware	1	0
474.636	0.000	trigger_20	20	474636	Trigger-In:20	119	grating_off	salient	0	green	left	unaware	1	0
475.236	0.000	trigger_31	31	475236	Trigger-In:31	119	targets_on_fp_color_change	salient	0	green	left	unaware	1	0
475.931	0.000	trigger_201	201	475931	Trigger-In:201	119	trial_end_completed	salient	0	green	left	unaware	1	0
477.001	0.000	trigger_101	101	477001	Trigger-In:101	120	trial_start	staircase	9	green	left	unaware	1	0
477.106	0.000	trigger_11	11	477106	Trigger-In:11	120	fixation_point_on	staircase	9	green	left	unaware	1	0
477.706	0.000	trigger_21	21	477706	Trigger-In:21	120	grating_on	staircase	9	green	left	unaware	1	0
477.756	0.000	trigger_20	20	477756	Trigger-In:20	120	grating_off	staircase	9	green	left	unaware	1	0
478.356	0.000	trigger_31	31	478356	Trigger-In:31	120	targets_on_fp_color_change	staircase	9	green	left	unaware	1	0
478.951	0.000	trigger_201	201	478951	Trigger-In:201	120	trial_end_completed	staircase	9	green	left	unaware	1	0
480.021	0.000	trigger_101	101	480021	Trigger-In:101	121	trial_start	salient	0	green	left	unaware	1	0
480.126	0.000	trigger_11	11	480126	Trigger-In:11	121	fixation_point_on	salient	0	green	left	unaware	1	0
480.726	0.000	trigger_21	21	480726	Trigger-In:21	121	grating_on	salient	0	green	left	unaware	1	0
480.776	0.000	trigger_20	20	480776	Trigger-In:20	121	grating_off	salient	0	green	left	unaware	1	0
481.376	0.000	trigger_31	31	481376	Trigger-In:31	121	targets_on_fp_color_change	salient	0	green	left	unaware	1	0
482.261	0.000	trigger_201	201	482261	Trigger-In:201	121	trial_end_completed	salient	0	green	left	unaware	1	0
483.331	0.000	trigger_101	101	483331	Trigger-In:101	122	trial_start	salient	0	red	right	unaware	1	0
483.436	0.000	trigger_11	11	483436	Trigger-In:11	122	fixation_point_on	salient	0	red	right	unaware	1	0
484.036	0.000	trigger_21	21	484036	Trigger-In:21	122	grating_on	salient	0	red	right	unaware	1	0
484.086	0.000	trigger_20	20	484086	Trigger-In:20	122	grating_off	salient	0	red	right	unaware	1	0
484.686	0.000	trigger_31	31	484686	Trigger-In:31	122	targets_on_fp_color_change	salient	0	red	right	unaware	1	0
485.666	0.000	trigger_201	201	485666	Trigger-In:201	122	trial_end_completed	salient	0	red	right	unaware	1	0
486.731	0.000	trigger_101	101	486731	Trigger-In:101	123	trial_start	absent	70	green	right	aware	1	0
486.836	0.000	trigger_11	11	486836	Trigger-In:11	123	fixation_point_on	absent	70	green	right	aware	1	0
487.436	0.000	trigger_21	21	487436	Trigger-In:21	123	grating_on	absent	70	green	right	aware	1	0
487.491	0.000	trigger_20	20	487491	Trigger-In:20	123	grating_off	absent	70	green	right	aware	1	0
488.091	0.000	trigger_31	31	488091	Trigger-In:31	123	targets_on_fp_color_change	absent	70	green	right	aware	1	0
488.791	0.000	trigger_201	201	488791	Trigger-In:201	123	trial_end_completed	absent	70	green	right	aware	1	0
489.861	0.000	trigger_101	101	489861	Trigger-In:101	124	trial_start	absent	70	green	right	aware	1	0
489.966	0.000	trigger_11	11	489966	Trigger-In:11	124	fixation_point_on	absent	70	green	right	aware	1	0
490.566	0.000	trigger_21	21	490566	Trigger-In:21	124	grating_on	absent	70	green	right	aware	1	0
490.621	0.000	trigger_20	20	490621	Trigger-In:20	124	grating_off	absent	70	green	right	aware	1	0
491.221	0.000	trigger_31	31	491221	Trigger-In:31	124	targets_on_fp_color_change	absent	70	green	right	aware	1	0
491.906	0.000	trigger_201	201	491906	Trigger-In:201	124	trial_end_completed	absent	70	green	right	aware	1	0
492.976	0.000	trigger_101	101	492976	Trigger-In:101	125	trial_start	staircase	10	green	right	aware	1	0
493.081	0.000	trigger_11	11	493081	Trigger-In:11	125	fixation_point_on	staircase	10	green	right	aware	1	0
493.681	0.000	trigger_21	21	493681	Trigger-In:21	125	grating_on	staircase	10	green	right	aware	1	0
493.731	0.000	trigger_20	20	493731	Trigger-In:20	125	grating_off	staircase	10	green	right	aware	1	0
494.331	0.000	trigger_31	31	494331	Trigger-In:31	125	targets_on_fp_color_change	staircase	10	green	right	aware	1	0
494.896	0.000	trigger_201	201	494896	Trigger-In:201	125	trial_end_completed	staircase	10	green	right	aware	1	0
495.966	0.000	trigger_101	101	495966	Trigger-In:101	126	trial_start	staircase	9	green	left	unaware	1	0
496.071	0.000	trigger_11	11	496071	Trigger-In:11	126	fixation_point_on	staircase	9	green	left	unaware	1	0
496.671	0.000	trigger_21	21	496671	Trigger-In:21	126	grating_on	staircase	9	green	left	unaware	1	0
496.721	0.000	trigger_20	20	496721	Trigger-In:20	126	grating_off	staircase	9	green	left	unaware	1	0
497.321	0.000	trigger_31	31	497321	Trigger-In:31	126	targets_on_fp_color_change	staircase	9	green	left	unaware	1	0
498.076	0.000	trigger_201	201	498076	Trigger-In:201	126	trial_end_completed	staircase	9	green	left	unaware	1	0
499.141	0.000	trigger_101	101	499141	Trigger-In:101	127	trial_start	staircase	10	red	left	aware	1	0
499.401	0.000	trigger_11	11	499401	Trigger-In:11	127	fixation_point_on	staircase	10	red	left	aware	1	0
500.001	0.000	trigger_21	21	500001	Trigger-In:21	127	grating_on	staircase	10	red	left	aware	1	0
500.051	0.000	trigger_20	20	500051	Trigger-In:20	127	grating_off	staircase	10	red	left	aware	1	0
500.651	0.000	trigger_31	31	500651	Trigger-In:31	127	targets_on_fp_color_change	staircase	10	red	left	aware	1	0
501.486	0.000	trigger_201	201	501486	Trigger-In:201	127	trial_end_completed	staircase	10	red	left	aware	1	0
502.556	0.000	trigger_101	101	502556	Trigger-In:101	128	trial_start	staircase	9	green	left	unaware	1	0
502.666	0.000	trigger_11	11	502666	Trigger-In:11	128	fixation_point_on	staircase	9	green	left	unaware	1	0
503.266	0.000	trigger_21	21	503266	Trigger-In:21	128	grating_on	staircase	9	green	left	unaware	1	0
503.316	0.000	trigger_20	20	503316	Trigger-In:20	128	grating_off	staircase	9	green	left	unaware	1	0
503.916	0.000	trigger_31	31	503916	Trigger-In:31	128	targets_on_fp_color_change	staircase	9	green	left	unaware	1	0
504.801	0.000	trigger_201	201	504801	Trigger-In:201	128	trial_end_completed	staircase	9	green	left	unaware	1	0
505.871	0.000	trigger_101	101	505871	Trigger-In:101	129	trial_start	absent	70	red	left	aware	1	0
505.971	0.000	trigger_11	11	505971	Trigger-In:11	129	fixation_point_on	absent	70	red	left	aware	1	0
506.571	0.000	trigger_21	21	506571	Trigger-In:21	129	grating_on	absent	70	red	left	aware	1	0
506.621	0.000	trigger_20	20	506621	Trigger-In:20	129	grating_off	absent	70	red	left	aware	1	0
507.226	0.000	trigger_31	31	507226	Trigger-In:31	129	targets_on_fp_color_change	absent	70	red	left	aware	1	0
508.241	0.000	trigger_201	201	508241	Trigger-In:201	129	trial_end_completed	absent	70	red	left	aware	1	0
509.311	0.000	trigger_101	101	509311	Trigger-In:101	130	trial_start	staircase	10	green	left	unaware	1	0
509.416	0.000	trigger_11	11	509416	Trigger-In:11	130	fixation_point_on	staircase	10	green	left	unaware	1	0
510.016	0.000	trigger_21	21	510016	Trigger-In:21	130	grating_on	staircase	10	green	left	unaware	1	0
510.066	0.000	trigger_20	20	510066	Trigger-In:20	130	grating_off	staircase	10	green	left	unaware	1	0
510.666	0.000	trigger_31	31	510666	Trigger-In:31	130	targets_on_fp_color_change	staircase	10	green	left	unaware	1	0
511.701	0.000	trigger_201	201	511701	Trigger-In:201	130	trial_end_completed	staircase	10	green	left	unaware	1	0
512.771	0.000	trigger_101	101	512771	Trigger-In:101	131	trial_start	absent	70	green	right	aware	1	0
512.876	0.000	trigger_11	11	512876	Trigger-In:11	131	fixation_point_on	absent	70	green	right	aware	1	0
513.476	0.000	trigger_21	21	513476	Trigger-In:21	131	grating_on	absent	70	green	right	aware	1	0
513.531	0.000	trigger_20	20	513531	Trigger-In:20	131	grating_off	absent	70	green	right	aware	1	0
514.131	0.000	trigger_31	31	514131	Trigger-In:31	131	targets_on_fp_color_change	absent	70	green	right	aware	1	0
514.796	0.000	trigger_201	201	514796	Trigger-In:201	131	trial_end_completed	absent	70	green	right	aware	1	0
515.866	0.000	trigger_101	101	515866	Trigger-In:101	132	trial_start	staircase	11	green	right	aware	1	0
515.971	0.000	trigger_11	11	515971	Trigger-In:11	132	fixation_point_on	staircase	11	green	right	aware	1	0
516.571	0.000	trigger_21	21	516571	Trigger-In:21	132	grating_on	staircase	11	green	right	aware	1	0
516.621	0.000	trigger_20	20	516621	Trigger-In:20	132	grating_off	staircase	11	green	right	aware	1	0
517.221	0.000	trigger_31	31	517221	Trigger-In:31	132	targets_on_fp_color_change	staircase	11	green	right	aware	1	0
517.931	0.000	trigger_201	201	517931	Trigger-In:201	132	trial_end_completed	staircase	11	green	right	aware	1	0
519.001	0.000	trigger_101	101	519001	Trigger-In:101	133	trial_start	staircase	10	green	right	aware	1	0
519.106	0.000	trigger_11	11	519106	Trigger-In:11	133	fixation_point_on	staircase	10	green	right	aware	1	0
519.706	0.000	trigger_21	21	519706	Trigger-In:21	133	grating_on	staircase	10	green	right	aware	1	0
519.756	0.000	trigger_20	20	519756	Trigger-In:20	133	grating_off	staircase	10	green	right	aware	1	0
520.356	0.000	trigger_31	31	520356	Trigger-In:31	133	targets_on_fp_color_change	staircase	10	green	right	aware	1	0
521.146	0.000	trigger_201	201	521146	Trigger-In:201	133	trial_end_completed	staircase	10	green	right	aware	1	0
522.216	0.000	trigger_101	101	522216	Trigger-In:101	134	trial_start	staircase	9	green	right	aware	1	0
522.321	0.000	trigger_11	11	522321	Trigger-In:11	134	fixation_point_on	staircase	9	green	right	aware	1	0
522.921	0.000	trigger_21	21	522921	Trigger-In:21	134	grating_on	staircase	9	green	right	aware	1	0
522.971	0.000	trigger_20	20	522971	Trigger-In:20	134	grating_off	staircase	9	green	right	aware	1	0
523.571	0.000	trigger_31	31	523571	Trigger-In:31	134	targets_on_fp_color_change	staircase	9	green	right	aware	1	0
524.271	0.000	trigger_201	201	524271	Trigger-In:201	134	trial_end_completed	staircase	9	green	right	aware	1	0
525.341	0.000	trigger_101	101	525341	Trigger-In:101	135	trial_start	staircase	8	green	left	unaware	1	0
525.446	0.000	trigger_11	11	525446	Trigger-In:11	135	fixation_point_on	staircase	8	green	left	unaware	1	0
526.046	0.000	trigger_21	21	526046	Trigger-In:21	135	grating_on	staircase	8	green	left	unaware	1	0
526.096	0.000	trigger_20	20	526096	Trigger-In:20	135	grating_off	staircase	8	green	left	unaware	1	0
526.696	0.000	trigger_31	31	526696	Trigger-In:31	135	targets_on_fp_color_change	staircase	8	green	left	unaware	1	0
527.486	0.000	trigger_201	201	527486	Trigger-In:201	135	trial_end_completed	staircase	8	green	left	unaware	1	0
528.551	0.000	trigger_101	101	528551	Trigger-In:101	136	trial_start	salient	0	red	right	unaware	1	0
528.656	0.000	trigger_11	11	528656	Trigger-In:11	136	fixation_point_on	salient	0	red	right	unaware	1	0
529.256	0.000	trigger_21	21	529256	Trigger-In:21	136	grating_on	salient	0	red	right	unaware	1	0
529.306	0.000	trigger_20	20	529306	Trigger-In:20	136	grating_off	salient	0	red	right	unaware	1	0
529.911	0.000	trigger_31	31	529911	Trigger-In:31	136	targets_on_fp_color_change	salient	0	red	right	unaware	1	0
531.456	0.000	trigger_201	201	531456	Trigger-In:201	136	trial_end_completed	salient	0	red	right	unaware	1	0
532.521	0.000	trigger_101	101	532521	Trigger-In:101	137	trial_start	staircase	9	red	left	aware	1	0
532.781	0.000	trigger_11	11	532781	Trigger-In:11	137	fixation_point_on	staircase	9	red	left	aware	1	0
533.381	0.000	trigger_21	21	533381	Trigger-In:21	137	grating_on	staircase	9	red	left	aware	1	0
533.431	0.000	trigger_20	20	533431	Trigger-In:20	137	grating_off	staircase	9	red	left	aware	1	0
534.031	0.000	trigger_31	31	534031	Trigger-In:31	137	targets_on_fp_color_change	staircase	9	red	left	aware	1	0
534.966	0.000	trigger_201	201	534966	Trigger-In:201	137	trial_end_completed	staircase	9	red	left	aware	1	0
536.036	0.000	trigger_101	101	536036	Trigger-In:101	138	trial_start	absent	70	red	left	aware	1	0
536.141	0.000	trigger_11	11	536141	Trigger-In:11	138	fixation_point_on	absent	70	red	left	aware	1	0
536.741	0.000	trigger_21	21	536741	Trigger-In:21	138	grating_on	absent	70	red	left	aware	1	0
536.796	0.000	trigger_20	20	536796	Trigger-In:20	138	grating_off	absent	70	red	left	aware	1	0
537.396	0.000	trigger_31	31	537396	Trigger-In:31	138	targets_on_fp_color_change	absent	70	red	left	aware	1	0
538.251	0.000	trigger_201	201	538251	Trigger-In:201	138	trial_end_completed	absent	70	red	left	aware	1	0
539.316	0.000	trigger_101	101	539316	Trigger-In:101	139	trial_start	staircase	8	green	left	unaware	1	0
539.421	0.000	trigger_11	11	539421	Trigger-In:11	139	fixation_point_on	staircase	8	green	left	unaware	1	0
540.021	0.000	trigger_21	21	540021	Trigger-In:21	139	grating_on	staircase	8	green	left	unaware	1	0
540.071	0.000	trigger_20	20	540071	Trigger-In:20	139	grating_off	staircase	8	green	left	unaware	1	0
540.671	0.000	trigger_31	31	540671	Trigger-In:31	139	targets_on_fp_color_change	staircase	8	green	left	unaware	1	0
541.401	0.000	trigger_201	201	541401	Trigger-In:201	139	trial_end_completed	staircase	8	green	left	unaware	1	0
542.471	0.000	trigger_101	101	542471	Trigger-In:101	140	trial_start	staircase	9	red	right	unaware	1	0
542.576	0.000	trigger_11	11	542576	Trigger-In:11	140	fixation_point_on	staircase	9	red	right	unaware	1	0
543.176	0.000	trigger_21	21	543176	Trigger-In:21	140	grating_on	staircase	9	red	right	unaware	1	0
543.226	0.000	trigger_20	20	543226	Trigger-In:20	140	grating_off	staircase	9	red	right	unaware	1	0
543.826	0.000	trigger_31	31	543826	Trigger-In:31	140	targets_on_fp_color_change	staircase	9	red	right	unaware	1	0
544.531	0.000	trigger_201	201	544531	Trigger-In:201	140	trial_end_completed	staircase	9	red	right	unaware	1	0
545.596	0.000	trigger_101	101	545596	Trigger-In:101	141	trial_start	staircase	10	green	right	aware	1	0
545.701	0.000	trigger_11	11	545701	Trigger-In:11	141	fixation_point_on	staircase	10	green	right	aware	1	0
546.301	0.000	trigger_21	21	546301	Trigger-In:21	141	grating_on	staircase	10	green	right	aware	1	0
546.356	0.000	trigger_20	20	546356	Trigger-In:20	141	grating_off	staircase	10	green	right	aware	1	0
546.956	0.000	trigger_31	31	546956	Trigger-In:31	141	targets_on_fp_color_change	staircase	10	green	right	aware	1	0
547.766	0.000	trigger_201	201	547766	Trigger-In:201	141	trial_end_completed	staircase	10	green	right	aware	1	0
548.836	0.000	trigger_101	101	548836	Trigger-In:101	142	trial_start	staircase	9	red	right	unaware	1	0
548.941	0.000	trigger_11	11	548941	Trigger-In:11	142	fixation_point_on	staircase	9	red	right	unaware	1	0
549.541	0.000	trigger_21	21	549541	Trigger-In:21	142	grating_on	staircase	9	red	right	unaware	1	0
549.591	0.000	trigger_20	20	549591	Trigger-In:20	142	grating_off	staircase	9	red	right	unaware	1	0
550.191	0.000	trigger_31	31	550191	Trigger-In:31	142	targets_on_fp_color_change	staircase	9	red	right	unaware	1	0
551.411	0.000	trigger_201	201	551411	Trigger-In:201	142	trial_end_completed	staircase	9	red	right	unaware	1	0
552.481	0.000	trigger_101	101	552481	Trigger-In:101	143	trial_start	staircase	10	green	left	unaware	1	0
552.586	0.000	trigger_11	11	552586	Trigger-In:11	143	fixation_point_on	staircase	10	green	left	unaware	1	0
553.186	0.000	trigger_21	21	553186	Trigger-In:21	143	grating_on	staircase	10	green	left	unaware	1	0
553.236	0.000	trigger_20	20	553236	Trigger-In:20	143	grating_off	staircase	10	green	left	unaware	1	0
553.836	0.000	trigger_31	31	553836	Trigger-In:31	143	targets_on_fp_color_change	staircase	10	green	left	unaware	1	0
554.696	0.000	trigger_201	201	554696	Trigger-In:201	143	trial_end_completed	staircase	10	green	left	unaware	1	0
555.761	0.000	trigger_101	101	555761	Trigger-In:101	144	trial_start	staircase	11	green	left	unaware	1	0
555.866	0.000	trigger_11	11	555866	Trigger-In:11	144	fixation_point_on	staircase	11	green	left	unaware	1	0
556.466	0.000	trigger_21	21	556466	Trigger-In:21	144	grating_on	staircase	11	green	left	unaware	1	0
556.521	0.000	trigger_20	20	556521	Trigger-In:20	144	grating_off	staircase	11	green	left	unaware	1	0
557.121	0.000	trigger_31	31	557121	Trigger-In:31	144	targets_on_fp_color_change	staircase	11	green	left	unaware	1	0
558.161	0.000	trigger_201	201	558161	Trigger-In:201	144	trial_end_completed	staircase	11	green	left	unaware	1	0
559.231	0.000	trigger_101	101	559231	Trigger-In:101	145	trial_start	staircase	12	green	right	aware	1	0
559.536	0.000	trigger_11	11	559536	Trigger-In:11	145	fixation_point_on	staircase	12	green	right	aware	1	0
560.136	0.000	trigger_21	21	560136	Trigger-In:21	145	grating_on	staircase	12	green	right	aware	1	0
560.186	0.000	trigger_20	20	560186	Trigger-In:20	145	grating_off	staircase	12	green	right	aware	1	0
560.791	0.000	trigger_31	31	560791	Trigger-In:31	145	targets_on_fp_color_change	staircase	12	green	right	aware	1	0
561.396	0.000	trigger_201	201	561396	Trigger-In:201	145	trial_end_completed	staircase	12	green	right	aware	1	0
562.461	0.000	trigger_101	101	562461	Trigger-In:101	146	trial_start	salient	0	red	right	unaware	1	0
562.566	0.000	trigger_11	11	562566	Trigger-In:11	146	fixation_point_on	salient	0	red	right	unaware	1	0
563.166	0.000	trigger_21	21	563166	Trigger-In:21	146	grating_on	salient	0	red	right	unaware	1	0
563.216	0.000	trigger_20	20	563216	Trigger-In:20	146	grating_off	salient	0	red	right	unaware	1	0
563.816	0.000	trigger_31	31	563816	Trigger-In:31	146	targets_on_fp_color_change	salient	0	red	right	unaware	1	0
564.611	0.000	trigger_201	201	564611	Trigger-In:201	146	trial_end_completed	salient	0	red	right	unaware	1	0
565.681	0.000	trigger_101	101	565681	Trigger-In:101	147	trial_start	staircase	11	red	left	aware	1	0
565.786	0.000	trigger_11	11	565786	Trigger-In:11	147	fixation_point_on	staircase	11	red	left	aware	1	0
566.386	0.000	trigger_21	21	566386	Trigger-In:21	147	grating_on	staircase	11	red	left	aware	1	0
566.436	0.000	trigger_20	20	566436	Trigger-In:20	147	grating_off	staircase	11	red	left	aware	1	0
567.036	0.000	trigger_31	31	567036	Trigger-In:31	147	targets_on_fp_color_change	staircase	11	red	left	aware	1	0
567.691	0.000	trigger_201	201	567691	Trigger-In:201	147	trial_end_completed	staircase	11	red	left	aware	1	0
568.756	0.000	trigger_101	101	568756	Trigger-In:101	148	trial_start	salient	0	green	right	aware	1	0
569.041	0.000	trigger_11	11	569041	Trigger-In:11	148	fixation_point_on	salient	0	green	right	aware	1	0
569.641	0.000	trigger_21	21	569641	Trigger-In:21	148	grating_on	salient	0	green	right	aware	1	0
569.691	0.000	trigger_20	20	569691	Trigger-In:20	148	grating_off	salient	0	green	right	aware	1	0
570.291	0.000	trigger_31	31	570291	Trigger-In:31	148	targets_on_fp_color_change	salient	0	green	right	aware	1	0
571.466	0.000	trigger_201	201	571466	Trigger-In:201	148	trial_end_completed	salient	0	green	right	aware	1	0
572.796	0.000	trigger_101	101	572796	Trigger-In:101	149	trial_start	staircase	10	red	left	aware	1	0
572.906	0.000	trigger_11	11	572906	Trigger-In:11	149	fixation_point_on	staircase	10	red	left	aware	1	0
573.506	0.000	trigger_21	21	573506	Trigger-In:21	149	grating_on	staircase	10	red	left	aware	1	0
573.556	0.000	trigger_20	20	573556	Trigger-In:20	149	grating_off	staircase	10	red	left	aware	1	0
574.156	0.000	trigger_31	31	574156	Trigger-In:31	149	targets_on_fp_color_change	staircase	10	red	left	aware	1	0
574.931	0.000	trigger_201	201	574931	Trigger-In:201	149	trial_end_completed	staircase	10	red	left	aware	1	0
576.006	0.000	trigger_101	101	576006	Trigger-In:101	150	trial_start	staircase	9	green	left	unaware	1	0
576.111	0.000	trigger_11	11	576111	Trigger-In:11	150	fixation_point_on	staircase	9	green	left	unaware	1	0
576.711	0.000	trigger_21	21	576711	Trigger-In:21	150	grating_on	staircase	9	green	left	unaware	1	0
576.761	0.000	trigger_20	20	576761	Trigger-In:20	150	grating_off	staircase	9	green	left	unaware	1	0
577.361	0.000	trigger_31	31	577361	Trigger-In:31	150	targets_on_fp_color_change	staircase	9	green	left	unaware	1	0
578.216	0.000	trigger_201	201	578216	Trigger-In:201	150	trial_end_completed	staircase	9	green	left	unaware	1	0
579.286	0.000	trigger_101	101	579286	Trigger-In:101	151	trial_start	salient	0	green	left	unaware	1	0
579.391	0.000	trigger_11	11	579391	Trigger-In:11	151	fixation_point_on	salient	0	green	left	unaware	1	0
579.991	0.000	trigger_21	21	579991	Trigger-In:21	151	grating_on	salient	0	green	left	unaware	1	0
580.041	0.000	trigger_20	20	580041	Trigger-In:20	151	grating_off	salient	0	green	left	unaware	1	0
580.641	0.000	trigger_31	31	580641	Trigger-In:31	151	targets_on_fp_color_change	salient	0	green	left	unaware	1	0
581.516	0.000	trigger_201	201	581516	Trigger-In:201	151	trial_end_completed	salient	0	green	left	unaware	1	0
582.586	0.000	trigger_101	101	582586	Trigger-In:101	152	trial_start	staircase	10	green	left	unaware	1	0
582.691	0.000	trigger_11	11	582691	Trigger-In:11	152	fixation_point_on	staircase	10	green	left	unaware	1	0
583.291	0.000	trigger_21	21	583291	Trigger-In:21	152	grating_on	staircase	10	green	left	unaware	1	0
583.341	0.000	trigger_20	20	583341	Trigger-In:20	152	grating_off	staircase	10	green	left	unaware	1	0
583.941	0.000	trigger_31	31	583941	Trigger-In:31	152	targets_on_fp_color_change	staircase	10	green	left	unaware	1	0
584.786	0.000	trigger_201	201	584786	Trigger-In:201	152	trial_end_completed	staircase	10	green	left	unaware	1	0
585.856	0.000	trigger_101	101	585856	Trigger-In:101	153	trial_start	salient	0	red	right	unaware	1	0
585.961	0.000	trigger_11	11	585961	Trigger-In:11	153	fixation_point_on	salient	0	red	right	unaware	1	0
586.561	0.000	trigger_21	21	586561	Trigger-In:21	153	grating_on	salient	0	red	right	unaware	1	0
586.611	0.000	trigger_20	20	586611	Trigger-In:20	153	grating_off	salient	0	red	right	unaware	1	0
587.211	0.000	trigger_31	31	587211	Trigger-In:31	153	targets_on_fp_color_change	salient	0	red	right	unaware	1	0
588.411	0.000	trigger_201	201	588411	Trigger-In:201	153	trial_end_completed	salient	0	red	right	unaware	1	0
589.476	0.000	trigger_101	101	589476	Trigger-In:101	154	trial_start	salient	0	red	right	unaware	1	0
589.581	0.000	trigger_11	11	589581	Trigger-In:11	154	fixation_point_on	salient	0	red	right	unaware	1	0
590.181	0.000	trigger_21	21	590181	Trigger-In:21	154	grating_on	salient	0	red	right	unaware	1	0
590.231	0.000	trigger_20	20	590231	Trigger-In:20	154	grating_off	salient	0	red	right	unaware	1	0
590.831	0.000	trigger_31	31	590831	Trigger-In:31	154	targets_on_fp_color_change	salient	0	red	right	unaware	1	0
591.896	0.000	trigger_201	201	591896	Trigger-In:201	154	trial_end_completed	salient	0	red	right	unaware	1	0
592.966	0.000	trigger_101	101	592966	Trigger-In:101	155	trial_start	salient	0	red	right	unaware	1	0
593.071	0.000	trigger_11	11	593071	Trigger-In:11	155	fixation_point_on	salient	0	red	right	unaware	1	0
593.671	0.000	trigger_21	21	593671	Trigger-In:21	155	grating_on	salient	0	red	right	unaware	1	0
593.721	0.000	trigger_20	20	593721	Trigger-In:20	155	grating_off	salient	0	red	right	unaware	1	0
594.321	0.000	trigger_31	31	594321	Trigger-In:31	155	targets_on_fp_color_change	salient	0	red	right	unaware	1	0
595.286	0.000	trigger_201	201	595286	Trigger-In:201	155	trial_end_completed	salient	0	red	right	unaware	1	0
596.356	0.000	trigger_101	101	596356	Trigger-In:101	156	trial_start	staircase	11	green	left	unaware	1	0
596.461	0.000	trigger_11	11	596461	Trigger-In:11	156	fixation_point_on	staircase	11	green	left	unaware	1	0
597.061	0.000	trigger_21	21	597061	Trigger-In:21	156	grating_on	staircase	11	green	left	unaware	1	0
597.111	0.000	trigger_20	20	597111	Trigger-In:20	156	grating_off	staircase	11	green	left	unaware	1	0
597.711	0.000	trigger_31	31	597711	Trigger-In:31	156	targets_on_fp_color_change	staircase	11	green	left	unaware	1	0
598.581	0.000	trigger_201	201	598581	Trigger-In:201	156	trial_end_completed	staircase	11	green	left	unaware	1	0
599.646	0.000	trigger_101	101	599646	Trigger-In:101	157	trial_start	staircase	12	red	left	aware	1	0
599.756	0.000	trigger_11	11	599756	Trigger-In:11	157	fixation_point_on	staircase	12	red	left	aware	1	0
600.356	0.000	trigger_21	21	600356	Trigger-In:21	157	grating_on	staircase	12	red	left	aware	1	0
600.406	0.000	trigger_20	20	600406	Trigger-In:20	157	grating_off	staircase	12	red	left	aware	1	0
601.006	0.000	trigger_31	31	601006	Trigger-In:31	157	targets_on_fp_color_change	staircase	12	red	left	aware	1	0
602.131	0.000	trigger_201	201	602131	Trigger-In:201	157	trial_end_completed	staircase	12	red	left	aware	1	0
603.201	0.000	trigger_101	101	603201	Trigger-In:101	158	trial_start	staircase	11	red	left	aware	1	0
603.301	0.000	trigger_11	11	603301	Trigger-In:11	158	fixation_point_on	staircase	11	red	left	aware	1	0
603.901	0.000	trigger_21	21	603901	Trigger-In:21	158	grating_on	staircase	11	red	left	aware	1	0
603.951	0.000	trigger_20	20	603951	Trigger-In:20	158	grating_off	staircase	11	red	left	aware	1	0
604.556	0.000	trigger_31	31	604556	Trigger-In:31	158	targets_on_fp_color_change	staircase	11	red	left	aware	1	0
605.306	0.000	trigger_201	201	605306	Trigger-In:201	158	trial_end_completed	staircase	11	red	left	aware	1	0
606.376	0.000	trigger_101	101	606376	Trigger-In:101	159	trial_start	staircase	10	green	right	aware	1	0
606.476	0.000	trigger_11	11	606476	Trigger-In:11	159	fixation_point_on	staircase	10	green	right	aware	1	0
607.076	0.000	trigger_21	21	607076	Trigger-In:21	159	grating_on	staircase	10	green	right	aware	1	0
607.126	0.000	trigger_20	20	607126	Trigger-In:20	159	grating_off	staircase	10	green	right	aware	1	0
607.726	0.000	trigger_31	31	607726	Trigger-In:31	159	targets_on_fp_color_change	staircase	10	green	right	aware	1	0
608.671	0.000	trigger_201	201	608671	Trigger-In:201	159	trial_end_completed	staircase	10	green	right	aware	1	0
609.741	0.000	trigger_101	101	609741	Trigger-In:101	160	trial_start	staircase	9	red	right	unaware	1	0
609.846	0.000	trigger_11	11	609846	Trigger-In:11	160	fixation_point_on	staircase	9	red	right	unaware	1	0
610.446	0.000	trigger_21	21	610446	Trigger-In:21	160	grating_on	staircase	9	red	right	unaware	1	0
610.496	0.000	trigger_20	20	610496	Trigger-In:20	160	grating_off	staircase	9	red	right	unaware	1	0
611.096	0.000	trigger_31	31	611096	Trigger-In:31	160	targets_on_fp_color_change	staircase	9	red	right	unaware	1	0
612.016	0.000	trigger_201	201	612016	Trigger-In:201	160	trial_end_completed	staircase	9	red	right	unaware	1	0
613.081	0.000	trigger_101	101	613081	Trigger-In:101	161	trial_start	staircase	10	red	left	aware	1	0
613.191	0.000	trigger_11	11	613191	Trigger-In:11	161	fixation_point_on	staircase	10	red	left	aware	1	0
613.791	0.000	trigger_21	21	613791	Trigger-In:21	161	grating_on	staircase	10	red	left	aware	1	0
613.841	0.000	trigger_20	20	613841	Trigger-In:20	161	grating_off	staircase	10	red	left	aware	1	0
614.441	0.000	trigger_31	31	614441	Trigger-In:31	161	targets_on_fp_color_change	staircase	10	red	left	aware	1	0
615.391	0.000	trigger_201	201	615391	Trigger-In:201	161	trial_end_completed	staircase	10	red	left	aware	1	0
616.461	0.000	trigger_101	101	616461	Trigger-In:101	162	trial_start	staircase	9	green	right	aware	1	0
616.566	0.000	trigger_11	11	616566	Trigger-In:11	162	fixation_point_on	staircase	9	green	right	aware	1	0
617.166	0.000	trigger_21	21	617166	Trigger-In:21	162	grating_on	staircase	9	green	right	aware	1	0
617.216	0.000	trigger_20	20	617216	Trigger-In:20	162	grating_off	staircase	9	green	right	aware	1	0
617.816	0.000	trigger_31	31	617816	Trigger-In:31	162	targets_on_fp_color_change	staircase	9	green	right	aware	1	0
618.466	0.000	trigger_201	201	618466	Trigger-In:201	162	trial_end_completed	staircase	9	green	right	aware	1	0
619.531	0.000	trigger_101	101	619531	Trigger-In:101	163	trial_start	staircase	8	green	left	unaware	1	0
619.636	0.000	trigger_11	11	619636	Trigger-In:11	163	fixation_point_on	staircase	8	green	left	unaware	1	0
620.236	0.000	trigger_21	21	620236	Trigger-In:21	163	grating_on	staircase	8	green	left	unaware	1	0
620.291	0.000	trigger_20	20	620291	Trigger-In:20	163	grating_off	staircase	8	green	left	unaware	1	0
620.891	0.000	trigger_31	31	620891	Trigger-In:31	163	targets_on_fp_color_change	staircase	8	green	left	unaware	1	0
621.971	0.000	trigger_201	201	621971	Trigger-In:201	163	trial_end_completed	staircase	8	green	left	unaware	1	0
623.036	0.000	trigger_101	101	623036	Trigger-In:101	164	trial_start	staircase	9	green	left	unaware	1	0
623.296	0.000	trigger_11	11	623296	Trigger-In:11	164	fixation_point_on	staircase	9	green	left	unaware	1	0
623.896	0.000	trigger_21	21	623896	Trigger-In:21	164	grating_on	staircase	9	green	left	unaware	1	0
623.946	0.000	trigger_20	20	623946	Trigger-In:20	164	grating_off	staircase	9	green	left	unaware	1	0
624.546	0.000	trigger_31	31	624546	Trigger-In:31	164	targets_on_fp_color_change	staircase	9	green	left	unaware	1	0
625.431	0.000	trigger_201	201	625431	Trigger-In:201	164	trial_end_completed	staircase	9	green	left	unaware	1	0
626.501	0.000	trigger_101	101	626501	Trigger-In:101	165	trial_start	staircase	10	green	left	unaware	1	0
626.606	0.000	trigger_11	11	626606	Trigger-In:11	165	fixation_point_on	staircase	10	green	left	unaware	1	0
627.206	0.000	trigger_21	21	627206	Trigger-In:21	165	grating_on	staircase	10	green	left	unaware	1	0
627.256	0.000	trigger_20	20	627256	Trigger-In:20	165	grating_off	staircase	10	green	left	unaware	1	0
627.856	0.000	trigger_31	31	627856	Trigger-In:31	165	targets_on_fp_color_change	staircase	10	green	left	unaware	1	0
628.791	0.000	trigger_201	201	628791	Trigger-In:201	165	trial_end_completed	staircase	10	green	left	unaware	1	0
629.861	0.000	trigger_101	101	629861	Trigger-In:101	166	trial_start	salient	0	green	left	unaware	1	0
629.961	0.000	trigger_11	11	629961	Trigger-In:11	166	fixation_point_on	salient	0	green	left	unaware	1	0
630.566	0.000	trigger_21	21	630566	Trigger-In:21	166	grating_on	salient	0	green	left	unaware	1	0
630.616	0.000	trigger_20	20	630616	Trigger-In:20	166	grating_off	salient	0	green	left	unaware	1	0
631.216	0.000	trigger_31	31	631216	Trigger-In:31	166	targets_on_fp_color_change	salient	0	green	left	unaware	1	0
632.486	0.000	trigger_201	201	632486	Trigger-In:201	166	trial_end_completed	salient	0	green	left	unaware	1	0
633.556	0.000	trigger_101	101	633556	Trigger-In:101	167	trial_start	staircase	11	red	right	unaware	1	0
633.706	0.000	trigger_11	11	633706	Trigger-In:11	167	fixation_point_on	staircase	11	red	right	unaware	1	0
634.306	0.000	trigger_21	21	634306	Trigger-In:21	167	grating_on	staircase	11	red	right	unaware	1	0
634.356	0.000	trigger_20	20	634356	Trigger-In:20	167	grating_off	staircase	11	red	right	unaware	1	0
634.956	0.000	trigger_31	31	634956	Trigger-In:31	167	targets_on_fp_color_change	staircase	11	red	right	unaware	1	0
636.111	0.000	trigger_201	201	636111	Trigger-In:201	167	trial_end_completed	staircase	11	red	right	unaware	1	0
637.176	0.000	trigger_101	101	637176	Trigger-In:101	168	trial_start	staircase	12	red	left	aware	1	0
637.281	0.000	trigger_11	11	637281	Trigger-In:11	168	fixation_point_on	staircase	12	red	left	aware	1	0
637.881	0.000	trigger_21	21	637881	Trigger-In:21	168	grating_on	staircase	12	red	left	aware	1	0
637.931	0.000	trigger_20	20	637931	Trigger-In:20	168	grating_off	staircase	12	red	left	aware	1	0
638.531	0.000	trigger_31	31	638531	Trigger-In:31	168	targets_on_fp_color_change	staircase	12	red	left	aware	1	0
639.316	0.000	trigger_201	201	639316	Trigger-In:201	168	trial_end_completed	staircase	12	red	left	aware	1	0
640.386	0.000	trigger_101	101	640386	Trigger-In:101	169	trial_start	staircase	11	red	left	aware	1	0
640.496	0.000	trigger_11	11	640496	Trigger-In:11	169	fixation_point_on	staircase	11	red	left	aware	1	0
641.096	0.000	trigger_21	21	641096	Trigger-In:21	169	grating_on	staircase	11	red	left	aware	1	0
641.146	0.000	trigger_20	20	641146	Trigger-In:20	169	grating_off	staircase	11	red	left	aware	1	0
641.746	0.000	trigger_31	31	641746	Trigger-In:31	169	targets_on_fp_color_change	staircase	11	red	left	aware	1	0
642.501	0.000	trigger_201	201	642501	Trigger-In:201	169	trial_end_completed	staircase	11	red	left	aware	1	0
643.571	0.000	trigger_101	101	643571	Trigger-In:101	170	trial_start	staircase	10	green	right	aware	1	0
643.671	0.000	trigger_11	11	643671	Trigger-In:11	170	fixation_point_on	staircase	10	green	right	aware	1	0
644.271	0.000	trigger_21	21	644271	Trigger-In:21	170	grating_on	staircase	10	green	right	aware	1	0
644.321	0.000	trigger_20	20	644321	Trigger-In:20	170	grating_off	staircase	10	green	right	aware	1	0
644.921	0.000	trigger_31	31	644921	Trigger-In:31	170	targets_on_fp_color_change	staircase	10	green	right	aware	1	0
645.551	0.000	trigger_201	201	645551	Trigger-In:201	170	trial_end_completed	staircase	10	green	right	aware	1	0
646.621	0.000	trigger_101	101	646621	Trigger-In:101	171	trial_start	absent	70	red	left	aware	1	0
646.861	0.000	trigger_11	11	646861	Trigger-In:11	171	fixation_point_on	absent	70	red	left	aware	1	0
647.461	0.000	trigger_21	21	647461	Trigger-In:21	171	grating_on	absent	70	red	left	aware	1	0
647.511	0.000	trigger_20	20	647511	Trigger-In:20	171	grating_off	absent	70	red	left	aware	1	0
648.111	0.000	trigger_31	31	648111	Trigger-In:31	171	targets_on_fp_color_change	absent	70	red	left	aware	1	0
648.866	0.000	trigger_201	201	648866	Trigger-In:201	171	trial_end_completed	absent	70	red	left	aware	1	0
649.936	0.000	trigger_101	101	649936	Trigger-In:101	172	trial_start	salient	0	green	left	unaware	1	0
650.201	0.000	trigger_11	11	650201	Trigger-In:11	172	fixation_point_on	salient	0	green	left	unaware	1	0
650.801	0.000	trigger_21	21	650801	Trigger-In:21	172	grating_on	salient	0	green	left	unaware	1	0
650.851	0.000	trigger_20	20	650851	Trigger-In:20	172	grating_off	salient	0	green	left	unaware	1	0
651.451	0.000	trigger_31	31	651451	Trigger-In:31	172	targets_on_fp_color_change	salient	0	green	left	unaware	1	0
652.286	0.000	trigger_201	201	652286	Trigger-In:201	172	trial_end_completed	salient	0	green	left	unaware	1	0
653.356	0.000	trigger_101	101	653356	Trigger-In:101	173	trial_start	staircase	9	green	left	unaware	1	0
653.461	0.000	trigger_11	11	653461	Trigger-In:11	173	fixation_point_on	staircase	9	green	left	unaware	1	0
654.061	0.000	trigger_21	21	654061	Trigger-In:21	173	grating_on	staircase	9	green	left	unaware	1	0
654.111	0.000	trigger_20	20	654111	Trigger-In:20	173	grating_off	staircase	9	green	left	unaware	1	0
654.711	0.000	trigger_31	31	654711	Trigger-In:31	173	targets_on_fp_color_change	staircase	9	green	left	unaware	1	0
655.496	0.000	trigger_201	201	655496	Trigger-In:201	173	trial_end_completed	staircase	9	green	left	unaware	1	0
656.566	0.000	trigger_101	101	656566	Trigger-In:101	174	trial_start	salient	0	green	left	unaware	1	0
656.671	0.000	trigger_11	11	656671	Trigger-In:11	174	fixation_point_on	salient	0	green	left	unaware	1	0
657.271	0.000	trigger_21	21	657271	Trigger-In:21	174	grating_on	salient	0	green	left	unaware	1	0
657.321	0.000	trigger_20	20	657321	Trigger-In:20	174	grating_off	salient	0	green	left	unaware	1	0
657.921	0.000	trigger_31	31	657921	Trigger-In:31	174	targets_on_fp_color_change	salient	0	green	left	unaware	1	0
658.811	0.000	trigger_201	201	658811	Trigger-In:201	174	trial_end_completed	salient	0	green	left	unaware	1	0
659.881	0.000	trigger_101	101	659881	Trigger-In:101	175	trial_start	staircase	10	green	left	unaware	1	0
659.986	0.000	trigger_11	11	659986	Trigger-In:11	175	fixation_point_on	staircase	10	green	left	unaware	1	0
660.586	0.000	trigger_21	21	660586	Trigger-In:21	175	grating_on	staircase	10	green	left	unaware	1	0
660.636	0.000	trigger_20	20	660636	Trigger-In:20	175	grating_off	staircase	10	green	left	unaware	1	0
661.236	0.000	trigger_31	31	661236	Trigger-In:31	175	targets_on_fp_color_change	staircase	10	green	left	unaware	1	0
662.126	0.000	trigger_201	201	662126	Trigger-In:201	175	trial_end_completed	staircase	10	green	left	unaware	1	0
663.196	0.000	trigger_101	101	663196	Trigger-In:101	176	trial_start	staircase	11	green	n/a	n/a	0	0
663.301	0.000	trigger_11	11	663301	Trigger-In:11	176	fixation_point_on	staircase	11	green	n/a	n/a	0	0
663.901	0.000	trigger_21	21	663901	Trigger-In:21	176	grating_on	staircase	11	green	n/a	n/a	0	0
663.951	0.000	trigger_20	20	663951	Trigger-In:20	176	grating_off	staircase	11	green	n/a	n/a	0	0
664.551	0.000	trigger_31	31	664551	Trigger-In:31	176	targets_on_fp_color_change	staircase	11	green	n/a	n/a	0	0
666.516	0.000	trigger_203	203	666516	Trigger-In:203	176	trial_end_not_completed	staircase	11	green	n/a	n/a	0	0
667.621	0.000	trigger_101	101	667621	Trigger-In:101	177	trial_start	absent	70	red	left	aware	1	0
667.721	0.000	trigger_11	11	667721	Trigger-In:11	177	fixation_point_on	absent	70	red	left	aware	1	0
668.321	0.000	trigger_21	21	668321	Trigger-In:21	177	grating_on	absent	70	red	left	aware	1	0
668.376	0.000	trigger_20	20	668376	Trigger-In:20	177	grating_off	absent	70	red	left	aware	1	0
668.976	0.000	trigger_31	31	668976	Trigger-In:31	177	targets_on_fp_color_change	absent	70	red	left	aware	1	0
669.776	0.000	trigger_201	201	669776	Trigger-In:201	177	trial_end_completed	absent	70	red	left	aware	1	0
670.846	0.000	trigger_101	101	670846	Trigger-In:101	178	trial_start	salient	0	green	left	unaware	1	0
670.951	0.000	trigger_11	11	670951	Trigger-In:11	178	fixation_point_on	salient	0	green	left	unaware	1	0
671.551	0.000	trigger_21	21	671551	Trigger-In:21	178	grating_on	salient	0	green	left	unaware	1	0
671.601	0.000	trigger_20	20	671601	Trigger-In:20	178	grating_off	salient	0	green	left	unaware	1	0
672.201	0.000	trigger_31	31	672201	Trigger-In:31	178	targets_on_fp_color_change	salient	0	green	left	unaware	1	0
673.241	0.000	trigger_201	201	673241	Trigger-In:201	178	trial_end_completed	salient	0	green	left	unaware	1	0
674.311	0.000	trigger_101	101	674311	Trigger-In:101	179	trial_start	staircase	11	green	right	aware	1	0
674.416	0.000	trigger_11	11	674416	Trigger-In:11	179	fixation_point_on	staircase	11	green	right	aware	1	0
675.016	0.000	trigger_21	21	675016	Trigger-In:21	179	grating_on	staircase	11	green	right	aware	1	0
675.066	0.000	trigger_20	20	675066	Trigger-In:20	179	grating_off	staircase	11	green	right	aware	1	0
675.666	0.000	trigger_31	31	675666	Trigger-In:31	179	targets_on_fp_color_change	staircase	11	green	right	aware	1	0
676.706	0.000	trigger_201	201	676706	Trigger-In:201	179	trial_end_completed	staircase	11	green	right	aware	1	0
677.776	0.000	trigger_101	101	677776	Trigger-In:101	180	trial_start	absent	70	red	left	aware	1	0
677.881	0.000	trigger_11	11	677881	Trigger-In:11	180	fixation_point_on	absent	70	red	left	aware	1	0
678.481	0.000	trigger_21	21	678481	Trigger-In:21	180	grating_on	absent	70	red	left	aware	1	0
678.531	0.000	trigger_20	20	678531	Trigger-In:20	180	grating_off	absent	70	red	left	aware	1	0
679.131	0.000	trigger_31	31	679131	Trigger-In:31	180	targets_on_fp_color_change	absent	70	red	left	aware	1	0
679.941	0.000	trigger_201	201	679941	Trigger-In:201	180	trial_end_completed	absent	70	red	left	aware	1	0
