onset	duration	trial_type	value	sample	source_annotation	trial	event_name	stim_presence	contrast	fp_color	response	awareness	trial_complete	fixation_break
48.570	0.000	trigger_101	101	48570	Trigger-In:101	1	trial_start	absent	70	green	right	aware	1	0
48.570	0.000	trigger_255	255	48570	Trigger-In:255	1	n/a	absent	70	green	right	aware	1	0
48.680	0.000	trigger_11	11	48680	Trigger-In:11	1	fixation_point_on	absent	70	green	right	aware	1	0
49.280	0.000	trigger_21	21	49280	Trigger-In:21	1	grating_on	absent	70	green	right	aware	1	0
49.350	0.000	trigger_20	20	49350	Trigger-In:20	1	grating_off	absent	70	green	right	aware	1	0
49.950	0.000	trigger_31	31	49950	Trigger-In:31	1	targets_on_fp_color_change	absent	70	green	right	aware	1	0
50.920	0.000	trigger_201	201	50920	Trigger-In:201	1	trial_end_completed	absent	70	green	right	aware	1	0
52.205	0.000	trigger_101	101	52205	Trigger-In:101	2	trial_start	staircase	15	red	left	aware	1	0
52.305	0.000	trigger_11	11	52305	Trigger-In:11	2	fixation_point_on	staircase	15	red	left	aware	1	0
52.910	0.000	trigger_21	21	52910	Trigger-In:21	2	grating_on	staircase	15	red	left	aware	1	0
52.960	0.000	trigger_20	20	52960	Trigger-In:20	2	grating_off	staircase	15	red	left	aware	1	0
53.560	0.000	trigger_31	31	53560	Trigger-In:31	2	targets_on_fp_color_change	staircase	15	red	left	aware	1	0
54.195	0.000	trigger_201	201	54195	Trigger-In:201	2	trial_end_completed	staircase	15	red	left	aware	1	0
55.275	0.000	trigger_101	101	55275	Trigger-In:101	3	trial_start	staircase	14	red	left	aware	1	0
55.380	0.000	trigger_11	11	55380	Trigger-In:11	3	fixation_point_on	staircase	14	red	left	aware	1	0
55.985	0.000	trigger_21	21	55985	Trigger-In:21	3	grating_on	staircase	14	red	left	aware	1	0
56.035	0.000	trigger_20	20	56035	Trigger-In:20	3	grating_off	staircase	14	red	left	aware	1	0
56.635	0.000	trigger_31	31	56635	Trigger-In:31	3	targets_on_fp_color_change	staircase	14	red	left	aware	1	0
57.320	0.000	trigger_201	201	57320	Trigger-In:201	3	trial_end_completed	staircase	14	red	left	aware	1	0
58.390	0.000	trigger_101	101	58390	Trigger-In:101	4	trial_start	staircase	13	red	left	aware	1	0
58.495	0.000	trigger_11	11	58495	Trigger-In:11	4	fixation_point_on	staircase	13	red	left	aware	1	0
59.095	0.000	trigger_21	21	59095	Trigger-In:21	4	grating_on	staircase	13	red	left	aware	1	0
59.145	0.000	trigger_20	20	59145	Trigger-In:20	4	grating_off	staircase	13	red	left	aware	1	0
59.745	0.000	trigger_31	31	59745	Trigger-In:31	4	targets_on_fp_color_change	staircase	13	red	left	aware	1	0
60.680	0.000	trigger_201	201	60680	Trigger-In:201	4	trial_end_completed	staircase	13	red	left	aware	1	0
61.750	0.000	trigger_101	101	61750	Trigger-In:101	5	trial_start	staircase	12	red	left	aware	1	0
61.850	0.000	trigger_11	11	61850	Trigger-In:11	5	fixation_point_on	staircase	12	red	left	aware	1	0
62.450	0.000	trigger_21	21	62450	Trigger-In:21	5	grating_on	staircase	12	red	left	aware	1	0
62.500	0.000	trigger_20	20	62500	Trigger-In:20	5	grating_off	staircase	12	red	left	aware	1	0
63.100	0.000	trigger_31	31	63100	Trigger-In:31	5	targets_on_fp_color_change	staircase	12	red	left	aware	1	0
63.715	0.000	trigger_201	201	63715	Trigger-In:201	5	trial_end_completed	staircase	12	red	left	aware	1	0
64.790	0.000	trigger_101	101	64790	Trigger-In:101	6	trial_start	staircase	11	red	left	aware	1	0
64.890	0.000	trigger_11	11	64890	Trigger-In:11	6	fixation_point_on	staircase	11	red	left	aware	1	0
65.490	0.000	trigger_21	21	65490	Trigger-In:21	6	grating_on	staircase	11	red	left	aware	1	0
65.545	0.000	trigger_20	20	65545	Trigger-In:20	6	grating_off	staircase	11	red	left	aware	1	0
66.145	0.000	trigger_31	31	66145	Trigger-In:31	6	targets_on_fp_color_change	staircase	11	red	left	aware	1	0
66.915	0.000	trigger_201	201	66915	Trigger-In:201	6	trial_end_completed	staircase	11	red	left	aware	1	0
67.985	0.000	trigger_101	101	67985	Trigger-In:101	7	trial_start	staircase	10	green	left	unaware	1	0
68.085	0.000	trigger_11	11	68085	Trigger-In:11	7	fixation_point_on	staircase	10	green	left	unaware	1	0
68.685	0.000	trigger_21	21	68685	Trigger-In:21	7	grating_on	staircase	10	green	left	unaware	1	0
68.735	0.000	trigger_20	20	68735	Trigger-In:20	7	grating_off	staircase	10	green	left	unaware	1	0
69.340	0.000	trigger_31	31	69340	Trigger-In:31	7	targets_on_fp_color_change	staircase	10	green	left	unaware	1	0
70.245	0.000	trigger_201	201	70245	Trigger-In:201	7	trial_end_completed	staircase	10	green	left	unaware	1	0
71.315	0.000	trigger_101	101	71315	Trigger-In:101	8	trial_start	salient	0	green	left	unaware	1	0
71.420	0.000	trigger_11	11	71420	Trigger-In:11	8	fixation_point_on	salient	0	green	left	unaware	1	0
72.020	0.000	trigger_21	21	72020	Trigger-In:21	8	grating_on	salient	0	green	left	unaware	1	0
72.070	0.000	trigger_20	20	72070	Trigger-In:20	8	grating_off	salient	0	green	left	unaware	1	0
72.670	0.000	trigger_31	31	72670	Trigger-In:31	8	targets_on_fp_color_change	salient	0	green	left	unaware	1	0
73.785	0.000	trigger_201	201	73785	Trigger-In:201	8	trial_end_completed	salient	0	green	left	unaware	1	0
74.850	0.000	trigger_101	101	74850	Trigger-In:101	9	trial_start	staircase	11	green	left	unaware	1	0
74.955	0.000	trigger_11	11	74955	Trigger-In:11	9	fixation_point_on	staircase	11	green	left	unaware	1	0
75.555	0.000	trigger_21	21	75555	Trigger-In:21	9	grating_on	staircase	11	green	left	unaware	1	0
75.605	0.000	trigger_20	20	75605	Trigger-In:20	9	grating_off	staircase	11	green	left	unaware	1	0
76.205	0.000	trigger_31	31	76205	Trigger-In:31	9	targets_on_fp_color_change	staircase	11	green	left	unaware	1	0
76.940	0.000	trigger_201	201	76940	Trigger-In:201	9	trial_end_completed	staircase	11	green	left	unaware	1	0
78.010	0.000	trigger_101	101	78010	Trigger-In:101	10	trial_start	staircase	12	green	right	aware	1	0
78.110	0.000	trigger_11	11	78110	Trigger-In:11	10	fixation_point_on	staircase	12	green	right	aware	1	0
78.710	0.000	trigger_21	21	78710	Trigger-In:21	10	grating_on	staircase	12	green	right	aware	1	0
78.760	0.000	trigger_20	20	78760	Trigger-In:20	10	grating_off	staircase	12	green	right	aware	1	0
79.360	0.000	trigger_31	31	79360	Trigger-In:31	10	targets_on_fp_color_change	staircase	12	green	right	aware	1	0
80.080	0.000	trigger_201	201	80080	Trigger-In:201	10	trial_end_completed	staircase	12	green	right	aware	1	0
81.145	0.000	trigger_101	101	81145	Trigger-In:101	11	trial_start	staircase	11	red	left	aware	1	0
81.255	0.000	trigger_11	11	81255	Trigger-In:11	11	fixation_point_on	staircase	11	red	left	aware	1	0
81.855	0.000	trigger_21	21	81855	Trigger-In:21	11	grating_on	staircase	11	red	left	aware	1	0
81.905	0.000	trigger_20	20	81905	Trigger-In:20	11	grating_off	staircase	11	red	left	aware	1	0
82.505	0.000	trigger_31	31	82505	Trigger-In:31	11	targets_on_fp_color_change	staircase	11	red	left	aware	1	0
83.205	0.000	trigger_201	201	83205	Trigger-In:201	11	trial_end_completed	staircase	11	red	left	aware	1	0
84.270	0.000	trigger_101	101	84270	Trigger-In:101	12	trial_start	absent	70	red	left	aware	1	0
84.380	0.000	trigger_11	11	84380	Trigger-In:11	12	fixation_point_on	absent	70	red	left	aware	1	0
84.980	0.000	trigger_21	21	84980	Trigger-In:21	12	grating_on	absent	70	red	left	aware	1	0
85.030	0.000	trigger_20	20	85030	Trigger-In:20	12	grating_off	absent	70	red	left	aware	1	0
85.635	0.000	trigger_31	31	85635	Trigger-In:31	12	targets_on_fp_color_change	absent	70	red	left	aware	1	0
86.390	0.000	trigger_201	201	86390	Trigger-In:201	12	trial_end_completed	absent	70	red	left	aware	1	0
87.460	0.000	trigger_101	101	87460	Trigger-In:101	13	trial_start	staircase	10	green	right	aware	1	0
87.560	0.000	trigger_11	11	87560	Trigger-In:11	13	fixation_point_on	staircase	10	green	right	aware	1	0
88.160	0.000	trigger_21	21	88160	Trigger-In:21	13	grating_on	staircase	10	green	right	aware	1	0
88.215	0.000	trigger_20	20	88215	Trigger-In:20	13	grating_off	staircase	10	green	right	aware	1	0
88.815	0.000	trigger_31	31	88815	Trigger-In:31	13	targets_on_fp_color_change	staircase	10	green	right	aware	1	0
89.960	0.000	trigger_201	201	89960	Trigger-In:201	13	trial_end_completed	staircase	10	green	right	aware	1	0
91.025	0.000	trigger_101	101	91025	Trigger-In:101	14	trial_start	staircase	9	green	left	unaware	1	0
91.125	0.000	trigger_11	11	91125	Trigger-In:11	14	fixation_point_on	staircase	9	green	left	unaware	1	0
91.725	0.000	trigger_21	21	91725	Trigger-In:21	14	grating_on	staircase	9	green	left	unaware	1	0
91.775	0.000	trigger_20	20	91775	Trigger-In:20	14	grating_off	staircase	9	green	left	unaware	1	0
92.380	0.000	trigger_31	31	92380	Trigger-In:31	14	targets_on_fp_color_change	staircase	9	green	left	unaware	1	0
93.185	0.000	trigger_201	201	93185	Trigger-In:201	14	trial_end_completed	staircase	9	green	left	unaware	1	0
94.255	0.000	trigger_101	101	94255	Trigger-In:101	15	trial_start	staircase	10	green	left	unaware	1	0
94.360	0.000	trigger_11	11	94360	Trigger-In:11	15	fixation_point_on	staircase	10	green	left	unaware	1	0
94.960	0.000	trigger_21	21	94960	Trigger-In:21	15	grating_on	staircase	10	green	left	unaware	1	0
95.015	0.000	trigger_20	20	95015	Trigger-In:20	15	grating_off	staircase	10	green	left	unaware	1	0
95.615	0.000	trigger_31	31	95615	Trigger-In:31	15	targets_on_fp_color_change	staircase	10	green	left	unaware	1	0
96.365	0.000	trigger_201	201	96365	Trigger-In:201	15	trial_end_completed	staircase	10	green	left	unaware	1	0
97.435	0.000	trigger_101	101	97435	Trigger-In:101	16	trial_start	staircase	11	green	right	aware	1	0
97.540	0.000	trigger_11	11	97540	Trigger-In:11	16	fixation_point_on	staircase	11	green	right	aware	1	0
98.140	0.000	trigger_21	21	98140	Trigger-In:21	16	grating_on	staircase	11	green	right	aware	1	0
98.190	0.000	trigger_20	20	98190	Trigger-In:20	16	grating_off	staircase	11	green	right	aware	1	0
98.790	0.000	trigger_31	31	98790	Trigger-In:31	16	targets_on_fp_color_change	staircase	11	green	right	aware	1	0
99.525	0.000	trigger_201	201	99525	Trigger-In:201	16	trial_end_completed	staircase	11	green	right	aware	1	0
100.590	0.000	trigger_101	101	100590	Trigger-In:101	17	trial_start	salient	0	green	left	unaware	1	0
100.915	0.000	trigger_11	11	100915	Trigger-In:11	17	fixation_point_on	salient	0	green	left	unaware	1	0
101.515	0.000	trigger_21	21	101515	Trigger-In:21	17	grating_on	salient	0	green	left	unaware	1	0
101.565	0.000	trigger_20	20	101565	Trigger-In:20	17	grating_off	salient	0	green	left	unaware	1	0
102.165	0.000	trigger_31	31	102165	Trigger-In:31	17	targets_on_fp_color_change	salient	0	green	left	unaware	1	0
102.935	0.000	trigger_201	201	102935	Trigger-In:201	17	trial_end_completed	salient	0	green	left	unaware	1	0
104.000	0.000	trigger_101	101	104000	Trigger-In:101	18	trial_start	absent	70	green	right	aware	1	0
104.100	0.000	trigger_11	11	104100	Trigger-In:11	18	fixation_point_on	absent	70	green	right	aware	1	0
104.700	0.000	trigger_21	21	104700	Trigger-In:21	18	grating_on	absent	70	green	right	aware	1	0
104.750	0.000	trigger_20	20	104750	Trigger-In:20	18	grating_off	absent	70	green	right	aware	1	0
105.355	0.000	trigger_31	31	105355	Trigger-In:31	18	targets_on_fp_color_change	absent	70	green	right	aware	1	0
106.510	0.000	trigger_201	201	106510	Trigger-In:201	18	trial_end_completed	absent	70	green	right	aware	1	0
107.575	0.000	trigger_101	101	107575	Trigger-In:101	19	trial_start	staircase	10	red	right	unaware	1	0
107.685	0.000	trigger_11	11	107685	Trigger-In:11	19	fixation_point_on	staircase	10	red	right	unaware	1	0
108.285	0.000	trigger_21	21	108285	Trigger-In:21	19	grating_on	staircase	10	red	right	unaware	1	0
108.335	0.000	trigger_20	20	108335	Trigger-In:20	19	grating_off	staircase	10	red	right	unaware	1	0
108.935	0.000	trigger_31	31	108935	Trigger-In:31	19	targets_on_fp_color_change	staircase	10	red	right	unaware	1	0
110.400	0.000	trigger_201	201	110400	Trigger-In:201	19	trial_end_completed	staircase	10	red	right	unaware	1	0
111.470	0.000	trigger_101	101	111470	Trigger-In:101	20	trial_start	staircase	11	green	left	unaware	1	0
111.575	0.000	trigger_11	11	111575	Trigger-In:11	20	fixation_point_on	staircase	11	green	left	unaware	1	0
112.175	0.000	trigger_21	21	112175	Trigger-In:21	20	grating_on	staircase	11	green	left	unaware	1	0
112.225	0.000	trigger_20	20	112225	Trigger-In:20	20	grating_off	staircase	11	green	left	unaware	1	0
112.825	0.000	trigger_31	31	112825	Trigger-In:31	20	targets_on_fp_color_change	staircase	11	green	left	unaware	1	0
113.620	0.000	trigger_201	201	113620	Trigger-In:201	20	trial_end_completed	staircase	11	green	left	unaware	1	0
114.690	0.000	trigger_101	101	114690	Trigger-In:101	21	trial_start	staircase	12	green	right	aware	1	0
114.790	0.000	trigger_11	11	114790	Trigger-In:11	21	fixation_point_on	staircase	12	green	right	aware	1	0
115.390	0.000	trigger_21	21	115390	Trigger-In:21	21	grating_on	staircase	12	green	right	aware	1	0
115.440	0.000	trigger_20	20	115440	Trigger-In:20	21	grating_off	staircase	12	green	right	aware	1	0
116.040	0.000	trigger_31	31	116040	Trigger-In:31	21	targets_on_fp_color_change	staircase	12	green	right	aware	1	0
116.750	0.000	trigger_201	201	116750	Trigger-In:201	21	trial_end_completed	staircase	12	green	right	aware	1	0
117.815	0.000	trigger_101	101	117815	Trigger-In:101	22	trial_start	staircase	11	red	left	aware	1	0
118.165	0.000	trigger_11	11	118165	Trigger-In:11	22	fixation_point_on	staircase	11	red	left	aware	1	0
118.765	0.000	trigger_21	21	118765	Trigger-In:21	22	grating_on	staircase	11	red	left	aware	1	0
118.815	0.000	trigger_20	20	118815	Trigger-In:20	22	grating_off	staircase	11	red	left	aware	1	0
119.415	0.000	trigger_31	31	119415	Trigger-In:31	22	targets_on_fp_color_change	staircase	11	red	left	aware	1	0
120.280	0.000	trigger_201	201	120280	Trigger-In:201	22	trial_end_completed	staircase	11	red	left	aware	1	0
121.345	0.000	trigger_101	101	121345	Trigger-In:101	23	trial_start	staircase	10	red	left	aware	1	0
121.450	0.000	trigger_11	11	121450	Trigger-In:11	23	fixation_point_on	staircase	10	red	left	aware	1	0
122.050	0.000	trigger_21	21	122050	Trigger-In:21	23	grating_on	staircase	10	red	left	aware	1	0
122.100	0.000	trigger_20	20	122100	Trigger-In:20	23	grating_off	staircase	10	red	left	aware	1	0
122.700	0.000	trigger_31	31	122700	Trigger-In:31	23	targets_on_fp_color_change	staircase	10	red	left	aware	1	0
123.515	0.000	trigger_201	201	123515	Trigger-In:201	23	trial_end_completed	staircase	10	red	left	aware	1	0
124.580	0.000	trigger_101	101	124580	Trigger-In:101	24	trial_start	salient	0	red	right	unaware	1	0
124.685	0.000	trigger_11	11	124685	Trigger-In:11	24	fixation_point_on	salient	0	red	right	unaware	1	0
125.285	0.000	trigger_21	21	125285	Trigger-In:21	24	grating_on	salient	0	red	right	unaware	1	0
125.335	0.000	trigger_20	20	125335	Trigger-In:20	24	grating_off	salient	0	red	right	unaware	1	0
125.935	0.000	trigger_31	31	125935	Trigger-In:31	24	targets_on_fp_color_change	salient	0	red	right	unaware	1	0
126.680	0.000	trigger_201	201	126680	Trigger-In:201	24	trial_end_completed	salient	0	red	right	unaware	1	0
127.745	0.000	trigger_101	101	127745	Trigger-In:101	25	trial_start	salient	0	green	left	unaware	1	0
127.850	0.000	trigger_11	11	127850	Trigger-In:11	25	fixation_point_on	salient	0	green	left	unaware	1	0
128.450	0.000	trigger_21	21	128450	Trigger-In:21	25	grating_on	salient	0	green	left	unaware	1	0
128.500	0.000	trigger_20	20	128500	Trigger-In:20	25	grating_off	salient	0	green	left	unaware	1	0
129.100	0.000	trigger_31	31	129100	Trigger-In:31	25	targets_on_fp_color_change	salient	0	green	left	unaware	1	0
130.040	0.000	trigger_201	201	130040	Trigger-In:201	25	trial_end_completed	salient	0	green	left	unaware	1	0
131.105	0.000	trigger_101	101	131105	Trigger-In:101	26	trial_start	staircase	9	red	right	unaware	1	0
131.210	0.000	trigger_11	11	131210	Trigger-In:11	26	fixation_point_on	staircase	9	red	right	unaware	1	0
131.810	0.000	trigger_21	21	131810	Trigger-In:21	26	grating_on	staircase	9	red	right	unaware	1	0
131.860	0.000	trigger_20	20	131860	Trigger-In:20	26	grating_off	staircase	9	red	right	unaware	1	0
132.460	0.000	trigger_31	31	132460	Trigger-In:31	26	targets_on_fp_color_change	staircase	9	red	right	unaware	1	0
133.285	0.000	trigger_201	201	133285	Trigger-In:201	26	trial_end_completed	staircase	9	red	right	unaware	1	0
134.350	0.000	trigger_101	101	134350	Trigger-In:101	27	trial_start	staircase	10	red	right	unaware	1	0
134.455	0.000	trigger_11	11	134455	Trigger-In:11	27	fixation_point_on	staircase	10	red	right	unaware	1	0
135.055	0.000	trigger_21	21	135055	Trigger-In:21	27	grating_on	staircase	10	red	right	unaware	1	0
135.105	0.000	trigger_20	20	135105	Trigger-In:20	27	grating_off	staircase	10	red	right	unaware	1	0
135.710	0.000	trigger_31	31	135710	Trigger-In:31	27	targets_on_fp_color_change	staircase	10	red	right	unaware	1	0
136.570	0.000	trigger_201	201	136570	Trigger-In:201	27	trial_end_completed	staircase	10	red	right	unaware	1	0
137.635	0.000	trigger_101	101	137635	Trigger-In:101	28	trial_start	staircase	11	green	right	aware	1	0
137.745	0.000	trigger_11	11	137745	Trigger-In:11	28	fixation_point_on	staircase	11	green	right	aware	1	0
138.345	0.000	trigger_21	21	138345	Trigger-In:21	28	grating_on	staircase	11	green	right	aware	1	0
138.400	0.000	trigger_20	20	138400	Trigger-In:20	28	grating_off	staircase	11	green	right	aware	1	0
139.000	0.000	trigger_31	31	139000	Trigger-In:31	28	targets_on_fp_color_change	staircase	11	green	right	aware	1	0
139.890	0.000	trigger_201	201	139890	Trigger-In:201	28	trial_end_completed	staircase	11	green	right	aware	1	0
140.955	0.000	trigger_101	101	140955	Trigger-In:101	29	trial_start	salient	0	red	right	unaware	1	0
141.060	0.000	trigger_11	11	141060	Trigger-In:11	29	fixation_point_on	salient	0	red	right	unaware	1	0
141.660	0.000	trigger_21	21	141660	Trigger-In:21	29	grating_on	salient	0	red	right	unaware	1	0
141.710	0.000	trigger_20	20	141710	Trigger-In:20	29	grating_off	salient	0	red	right	unaware	1	0
142.310	0.000	trigger_31	31	142310	Trigger-In:31	29	targets_on_fp_color_change	salient	0	red	right	unaware	1	0
143.190	0.000	trigger_201	201	143190	Trigger-In:201	29	trial_end_completed	salient	0	red	right	unaware	1	0
144.255	0.000	trigger_101	101	144255	Trigger-In:101	30	trial_start	staircase	10	green	left	unaware	1	0
144.360	0.000	trigger_11	11	144360	Trigger-In:11	30	fixation_point_on	staircase	10	green	left	unaware	1	0
144.960	0.000	trigger_21	21	144960	Trigger-In:21	30	grating_on	staircase	10	green	left	unaware	1	0
145.010	0.000	trigger_20	20	145010	Trigger-In:20	30	grating_off	staircase	10	green	left	unaware	1	0
145.615	0.000	trigger_31	31	145615	Trigger-In:31	30	targets_on_fp_color_change	staircase	10	green	left	unaware	1	0
146.520	0.000	trigger_201	201	146520	Trigger-In:201	30	trial_end_completed	staircase	10	green	left	unaware	1	0
147.585	0.000	trigger_101	101	147585	Trigger-In:101	31	trial_start	staircase	11	red	left	aware	1	0
147.690	0.000	trigger_11	11	147690	Trigger-In:11	31	fixation_point_on	staircase	11	red	left	aware	1	0
148.290	0.000	trigger_21	21	148290	Trigger-In:21	31	grating_on	staircase	11	red	left	aware	1	0
148.340	0.000	trigger_20	20	148340	Trigger-In:20	31	grating_off	staircase	11	red	left	aware	1	0
148.940	0.000	trigger_31	31	148940	Trigger-In:31	31	targets_on_fp_color_change	staircase	11	red	left	aware	1	0
150.385	0.000	trigger_201	201	150385	Trigger-In:201	31	trial_end_completed	staircase	11	red	left	aware	1	0
151.450	0.000	trigger_101	101	151450	Trigger-In:101	32	trial_start	staircase	10	green	left	unaware	1	0
151.555	0.000	trigger_11	11	151555	Trigger-In:11	32	fixation_point_on	staircase	10	green	left	unaware	1	0
152.155	0.000	trigger_21	21	152155	Trigger-In:21	32	grating_on	staircase	10	green	left	unaware	1	0
152.205	0.000	trigger_20	20	152205	Trigger-In:20	32	grating_off	staircase	10	green	left	unaware	1	0
152.805	0.000	trigger_31	31	152805	Trigger-In:31	32	targets_on_fp_color_change	staircase	10	green	left	unaware	1	0
153.845	0.000	trigger_201	201	153845	Trigger-In:201	32	trial_end_completed	staircase	10	green	left	unaware	1	0
154.915	0.000	trigger_101	101	154915	Trigger-In:101	33	trial_start	salient	0	green	left	unaware	1	0
155.020	0.000	trigger_11	11	155020	Trigger-In:11	33	fixation_point_on	salient	0	green	left	unaware	1	0
155.620	0.000	trigger_21	21	155620	Trigger-In:21	33	grating_on	salient	0	green	left	unaware	1	0
155.670	0.000	trigger_20	20	155670	Trigger-In:20	33	grating_off	salient	0	green	left	unaware	1	0
156.270	0.000	trigger_31	31	156270	Trigger-In:31	33	targets_on_fp_color_change	salient	0	green	left	unaware	1	0
157.215	0.000	trigger_201	201	157215	Trigger-In:201	33	trial_end_completed	salient	0	green	left	unaware	1	0
158.280	0.000	trigger_101	101	158280	Trigger-In:101	34	trial_start	staircase	11	red	right	unaware	1	0
158.385	0.000	trigger_11	11	158385	Trigger-In:11	34	fixation_point_on	staircase	11	red	right	unaware	1	0
158.985	0.000	trigger_21	21	158985	Trigger-In:21	34	grating_on	staircase	11	red	right	unaware	1	0
159.040	0.000	trigger_20	20	159040	Trigger-In:20	34	grating_off	staircase	11	red	right	unaware	1	0
159.640	0.000	trigger_31	31	159640	Trigger-In:31	34	targets_on_fp_color_change	staircase	11	red	right	unaware	1	0
160.620	0.000	trigger_201	201	160620	Trigger-In:201	34	trial_end_completed	staircase	11	red	right	unaware	1	0
161.690	0.000	trigger_101	101	161690	Trigger-In:101	35	trial_start	staircase	12	red	left	aware	1	0
161.795	0.000	trigger_11	11	161795	Trigger-In:11	35	fixation_point_on	staircase	12	red	left	aware	1	0
162.395	0.000	trigger_21	21	162395	Trigger-In:21	35	grating_on	staircase	12	red	left	aware	1	0
162.445	0.000	trigger_20	20	162445	Trigger-In:20	35	grating_off	staircase	12	red	left	aware	1	0
163.045	0.000	trigger_31	31	163045	Trigger-In:31	35	targets_on_fp_color_change	staircase	12	red	left	aware	1	0
163.830	0.000	trigger_201	201	163830	Trigger-In:201	35	trial_end_completed	staircase	12	red	left	aware	1	0
164.900	0.000	trigger_101	101	164900	Trigger-In:101	36	trial_start	staircase	11	red	right	unaware	1	0
165.005	0.000	trigger_11	11	165005	Trigger-In:11	36	fixation_point_on	staircase	11	red	right	unaware	1	0
165.605	0.000	trigger_21	21	165605	Trigger-In:21	36	grating_on	staircase	11	red	right	unaware	1	0
165.655	0.000	trigger_20	20	165655	Trigger-In:20	36	grating_off	staircase	11	red	right	unaware	1	0
166.255	0.000	trigger_31	31	166255	Trigger-In:31	36	targets_on_fp_color_change	staircase	11	red	right	unaware	1	0
167.075	0.000	trigger_201	201	167075	Trigger-In:201	36	trial_end_completed	staircase	11	red	right	unaware	1	0
168.145	0.000	trigger_101	101	168145	Trigger-In:101	37	trial_start	absent	70	green	right	aware	1	0
168.250	0.000	trigger_11	11	168250	Trigger-In:11	37	fixation_point_on	absent	70	green	right	aware	1	0
168.850	0.000	trigger_21	21	168850	Trigger-In:21	37	grating_on	absent	70	green	right	aware	1	0
168.900	0.000	trigger_20	20	168900	Trigger-In:20	37	grating_off	absent	70	green	right	aware	1	0
169.500	0.000	trigger_31	31	169500	Trigger-In:31	37	targets_on_fp_color_change	absent	70	green	right	aware	1	0
170.160	0.000	trigger_201	201	170160	Trigger-In:201	37	trial_end_completed	absent	70	green	right	aware	1	0
171.230	0.000	trigger_101	101	171230	Trigger-In:101	38	trial_start	staircase	12	green	right	aware	1	0
171.335	0.000	trigger_11	11	171335	Trigger-In:11	38	fixation_point_on	staircase	12	green	right	aware	1	0
171.935	0.000	trigger_21	21	171935	Trigger-In:21	38	grating_on	staircase	12	green	right	aware	1	0
171.985	0.000	trigger_20	20	171985	Trigger-In:20	38	grating_off	staircase	12	green	right	aware	1	0
172.585	0.000	trigger_31	31	172585	Trigger-In:31	38	targets_on_fp_color_change	staircase	12	green	right	aware	1	0
173.385	0.000	trigger_201	201	173385	Trigger-In:201	38	trial_end_completed	staircase	12	green	right	aware	1	0
174.455	0.000	trigger_101	101	174455	Trigger-In:101	39	trial_start	staircase	11	red	left	aware	1	0
174.555	0.000	trigger_11	11	174555	Trigger-In:11	39	fixation_point_on	staircase	11	red	left	aware	1	0
175.155	0.000	trigger_21	21	175155	Trigger-In:21	39	grating_on	staircase	11	red	left	aware	1	0
175.205	0.000	trigger_20	20	175205	Trigger-In:20	39	grating_off	staircase	11	red	left	aware	1	0
175.805	0.000	trigger_31	31	175805	Trigger-In:31	39	targets_on_fp_color_change	staircase	11	red	left	aware	1	0
176.855	0.000	trigger_201	201	176855	Trigger-In:201	39	trial_end_completed	staircase	11	red	left	aware	1	0
177.920	0.000	trigger_101	101	177920	Trigger-In:101	40	trial_start	absent	70	green	right	aware	1	0
178.030	0.000	trigger_11	11	178030	Trigger-In:11	40	fixation_point_on	absent	70	green	right	aware	1	0
178.630	0.000	trigger_21	21	178630	Trigger-In:21	40	grating_on	absent	70	green	right	aware	1	0
178.680	0.000	trigger_20	20	178680	Trigger-In:20	40	grating_off	absent	70	green	right	aware	1	0
179.280	0.000	trigger_31	31	179280	Trigger-In:31	40	targets_on_fp_color_change	absent	70	green	right	aware	1	0
179.970	0.000	trigger_201	201	179970	Trigger-In:201	40	trial_end_completed	absent	70	green	right	aware	1	0
181.035	0.000	trigger_101	101	181035	Trigger-In:101	41	trial_start	staircase	10	green	left	unaware	1	0
181.140	0.000	trigger_11	11	181140	Trigger-In:11	41	fixation_point_on	staircase	10	green	left	unaware	1	0
181.745	0.000	trigger_21	21	181745	Trigger-In:21	41	grating_on	staircase	10	green	left	unaware	1	0
181.795	0.000	trigger_20	20	181795	Trigger-In:20	41	grating_off	staircase	10	green	left	unaware	1	0
182.395	0.000	trigger_31	31	182395	Trigger-In:31	41	targets_on_fp_color_change	staircase	10	green	left	unaware	1	0
183.360	0.000	trigger_201	201	183360	Trigger-In:201	41	trial_end_completed	staircase	10	green	left	unaware	1	0
184.430	0.000	trigger_101	101	184430	Trigger-In:101	42	trial_start	staircase	11	green	right	aware	1	0
184.535	0.000	trigger_11	11	184535	Trigger-In:11	42	fixation_point_on	staircase	11	green	right	aware	1	0
185.140	0.000	trigger_21	21	185140	Trigger-In:21	42	grating_on	staircase	11	green	right	aware	1	0
185.190	0.000	trigger_20	20	185190	Trigger-In:20	42	grating_off	staircase	11	green	right	aware	1	0
185.790	0.000	trigger_31	31	185790	Trigger-In:31	42	targets_on_fp_color_change	staircase	11	green	right	aware	1	0
186.510	0.000	trigger_201	201	186510	Trigger-In:201	42	trial_end_completed	staircase	11	green	right	aware	1	0
187.580	0.000	trigger_101	101	187580	Trigger-In:101	43	trial_start	staircase	10	green	right	aware	1	0
187.680	0.000	trigger_11	11	187680	Trigger-In:11	43	fixation_point_on	staircase	10	green	right	aware	1	0
188.280	0.000	trigger_21	21	188280	Trigger-In:21	43	grating_on	staircase	10	green	right	aware	1	0
188.330	0.000	trigger_20	20	188330	Trigger-In:20	43	grating_off	staircase	10	green	right	aware	1	0
188.935	0.000	trigger_31	31	188935	Trigger-In:31	43	targets_on_fp_color_change	staircase	10	green	right	aware	1	0
189.700	0.000	trigger_201	201	189700	Trigger-In:201	43	trial_end_completed	staircase	10	green	right	aware	1	0
190.770	0.000	trigger_101	101	190770	Trigger-In:101	44	trial_start	salient	0	red	right	unaware	1	0
190.875	0.000	trigger_11	11	190875	Trigger-In:11	44	fixation_point_on	salient	0	red	right	unaware	1	0
191.475	0.000	trigger_21	21	191475	Trigger-In:21	44	grating_on	salient	0	red	right	unaware	1	0
191.525	0.000	trigger_20	20	191525	Trigger-In:20	44	grating_off	salient	0	red	right	unaware	1	0
192.125	0.000	trigger_31	31	192125	Trigger-In:31	44	targets_on_fp_color_change	salient	0	red	right	unaware	1	0
193.000	0.000	trigger_201	201	193000	Trigger-In:201	44	trial_end_completed	salient	0	red	right	unaware	1	0
194.065	0.000	trigger_101	101	194065	Trigger-In:101	45	trial_start	salient	0	red	right	unaware	1	0
194.170	0.000	trigger_11	11	194170	Trigger-In:11	45	fixation_point_on	salient	0	red	right	unaware	1	0
194.770	0.000	trigger_21	21	194770	Trigger-In:21	45	grating_on	salient	0	red	right	unaware	1	0
194.820	0.000	trigger_20	20	194820	Trigger-In:20	45	grating_off	salient	0	red	right	unaware	1	0
195.420	0.000	trigger_31	31	195420	Trigger-In:31	45	targets_on_fp_color_change	salient	0	red	right	unaware	1	0
196.125	0.000	trigger_201	201	196125	Trigger-In:201	45	trial_end_completed	salient	0	red	right	unaware	1	0
197.190	0.000	trigger_101	101	197190	Trigger-In:101	46	trial_start	absent	70	green	right	aware	1	0
197.295	0.000	trigger_11	11	197295	Trigger-In:11	46	fixation_point_on	absent	70	green	right	aware	1	0
197.895	0.000	trigger_21	21	197895	Trigger-In:21	46	grating_on	absent	70	green	right	aware	1	0
197.950	0.000	trigger_20	20	197950	Trigger-In:20	46	grating_off	absent	70	green	right	aware	1	0
198.550	0.000	trigger_31	31	198550	Trigger-In:31	46	targets_on_fp_color_change	absent	70	green	right	aware	1	0
199.160	0.000	trigger_201	201	199160	Trigger-In:201	46	trial_end_completed	absent	70	green	right	aware	1	0
200.230	0.000	trigger_101	101	200230	Trigger-In:101	47	trial_start	staircase	9	green	left	unaware	1	0
200.335	0.000	trigger_11	11	200335	Trigger-In:11	47	fixation_point_on	staircase	9	green	left	unaware	1	0
200.940	0.000	trigger_21	21	200940	Trigger-In:21	47	grating_on	staircase	9	green	left	unaware	1	0
200.990	0.000	trigger_20	20	200990	Trigger-In:20	47	grating_off	staircase	9	green	left	unaware	1	0
201.590	0.000	trigger_31	31	201590	Trigger-In:31	47	targets_on_fp_color_change	staircase	9	green	left	unaware	1	0
202.360	0.000	trigger_201	201	202360	Trigger-In:201	47	trial_end_completed	staircase	9	green	left	unaware	1	0
203.425	0.000	trigger_101	101	203425	Trigger-In:101	48	trial_start	salient	0	red	right	unaware	1	0
203.530	0.000	trigger_11	11	203530	Trigger-In:11	48	fixation_point_on	salient	0	red	right	unaware	1	0
204.130	0.000	trigger_21	21	204130	Trigger-In:21	48	grating_on	salient	0	red	right	unaware	1	0
204.190	0.000	trigger_20	20	204190	Trigger-In:20	48	grating_off	salient	0	red	right	unaware	1	0
204.790	0.000	trigger_31	31	204790	Trigger-In:31	48	targets_on_fp_color_change	salient	0	red	right	unaware	1	0
205.555	0.000	trigger_201	201	205555	Trigger-In:201	48	trial_end_completed	salient	0	red	right	unaware	1	0
206.620	0.000	trigger_101	101	206620	Trigger-In:101	49	trial_start	salient	0	green	left	unaware	1	0
206.725	0.000	trigger_11	11	206725	Trigger-In:11	49	fixation_point_on	salient	0	green	left	unaware	1	0
207.325	0.000	trigger_21	21	207325	Trigger-In:21	49	grating_on	salient	0	green	left	unaware	1	0
207.380	0.000	trigger_20	20	207380	Trigger-In:20	49	grating_off	salient	0	green	left	unaware	1	0
207.980	0.000	trigger_31	31	207980	Trigger-In:31	49	targets_on_fp_color_change	salient	0	green	left	unaware	1	0
208.735	0.000	trigger_201	201	208735	Trigger-In:201	49	trial_end_completed	salient	0	green	left	unaware	1	0
209.800	0.000	trigger_101	101	209800	Trigger-In:101	50	trial_start	staircase	10	green	left	unaware	1	0
209.905	0.000	trigger_11	11	209905	Trigger-In:11	50	fixation_point_on	staircase	10	green	left	unaware	1	0
210.505	0.000	trigger_21	21	210505	Trigger-In:21	50	grating_on	staircase	10	green	left	unaware	1	0
210.555	0.000	trigger_20	20	210555	Trigger-In:20	50	grating_off	staircase	10	green	left	unaware	1	0
211.160	0.000	trigger_31	31	211160	Trigger-In:31	50	targets_on_fp_color_change	staircase	10	green	left	unaware	1	0
212.025	0.000	trigger_201	201	212025	Trigger-In:201	50	trial_end_completed	staircase	10	green	left	unaware	1	0
213.095	0.000	trigger_101	101	213095	Trigger-In:101	51	trial_start	salient	0	green	left	unaware	1	0
213.200	0.000	trigger_11	11	213200	Trigger-In:11	51	fixation_point_on	salient	0	green	left	unaware	1	0
213.800	0.000	trigger_21	21	213800	Trigger-In:21	51	grating_on	salient	0	green	left	unaware	1	0
213.850	0.000	trigger_20	20	213850	Trigger-In:20	51	grating_off	salient	0	green	left	unaware	1	0
214.450	0.000	trigger_31	31	214450	Trigger-In:31	51	targets_on_fp_color_change	salient	0	green	left	unaware	1	0
215.235	0.000	trigger_201	201	215235	Trigger-In:201	51	trial_end_completed	salient	0	green	left	unaware	1	0
216.300	0.000	trigger_101	101	216300	Trigger-In:101	52	trial_start	salient	0	green	left	unaware	1	0
216.410	0.000	trigger_11	11	216410	Trigger-In:11	52	fixation_point_on	salient	0	green	left	unaware	1	0
217.010	0.000	trigger_21	21	217010	Trigger-In:21	52	grating_on	salient	0	green	left	unaware	1	0
217.060	0.000	trigger_20	20	217060	Trigger-In:20	52	grating_off	salient	0	green	left	unaware	1	0
217.660	0.000	trigger_31	31	217660	Trigger-In:31	52	targets_on_fp_color_change	salient	0	green	left	unaware	1	0
218.425	0.000	trigger_201	201	218425	Trigger-In:201	52	trial_end_completed	salient	0	green	left	unaware	1	0
219.495	0.000	trigger_101	101	219495	Trigger-In:101	53	trial_start	staircase	11	red	right	unaware	1	0
219.595	0.000	trigger_11	11	219595	Trigger-In:11	53	fixation_point_on	staircase	11	red	right	unaware	1	0
220.195	0.000	trigger_21	21	220195	Trigger-In:21	53	grating_on	staircase	11	red	right	unaware	1	0
220.245	0.000	trigger_20	20	220245	Trigger-In:20	53	grating_off	staircase	11	red	right	unaware	1	0
220.850	0.000	trigger_31	31	220850	Trigger-In:31	53	targets_on_fp_color_change	staircase	11	red	right	unaware	1	0
221.780	0.000	trigger_201	201	221780	Trigger-In:201	53	trial_end_completed	staircase	11	red	right	unaware	1	0
222.845	0.000	trigger_101	101	222845	Trigger-In:101	54	trial_start	salient	0	red	right	unaware	1	0
222.950	0.000	trigger_11	11	222950	Trigger-In:11	54	fixation_point_on	salient	0	red	right	unaware	1	0
223.550	0.000	trigger_21	21	223550	Trigger-In:21	54	grating_on	salient	0	red	right	unaware	1	0
223.600	0.000	trigger_20	20	223600	Trigger-In:20	54	grating_off	salient	0	red	right	unaware	1	0
224.200	0.000	trigger_31	31	224200	Trigger-In:31	54	targets_on_fp_color_change	salient	0	red	right	unaware	1	0
224.905	0.000	trigger_201	201	224905	Trigger-In:201	54	trial_end_completed	salient	0	red	right	unaware	1	0
225.970	0.000	trigger_101	101	225970	Trigger-In:101	55	trial_start	salient	0	green	left	unaware	1	0
226.075	0.000	trigger_11	11	226075	Trigger-In:11	55	fixation_point_on	salient	0	green	left	unaware	1	0
226.675	0.000	trigger_21	21	226675	Trigger-In:21	55	grating_on	salient	0	green	left	unaware	1	0
226.730	0.000	trigger_20	20	226730	Trigger-In:20	55	grating_off	salient	0	green	left	unaware	1	0
227.330	0.000	trigger_31	31	227330	Trigger-In:31	55	targets_on_fp_color_change	salient	0	green	left	unaware	1	0
228.095	0.000	trigger_201	201	228095	Trigger-In:201	55	trial_end_completed	salient	0	green	left	unaware	1	0
229.160	0.000	trigger_101	101	229160	Trigger-In:101	56	trial_start	salient	0	green	left	unaware	1	0
229.265	0.000	trigger_11	11	229265	Trigger-In:11	56	fixation_point_on	salient	0	green	left	unaware	1	0
229.865	0.000	trigger_21	21	229865	Trigger-In:21	56	grating_on	salient	0	green	left	unaware	1	0
229.920	0.000	trigger_20	20	229920	Trigger-In:20	56	grating_off	salient	0	green	left	unaware	1	0
230.520	0.000	trigger_31	31	230520	Trigger-In:31	56	targets_on_fp_color_change	salient	0	green	left	unaware	1	0
231.350	0.000	trigger_201	201	231350	Trigger-In:201	56	trial_end_completed	salient	0	green	left	unaware	1	0
232.415	0.000	trigger_101	101	232415	Trigger-In:101	57	trial_start	absent	70	red	left	aware	1	0
232.520	0.000	trigger_11	11	232520	Trigger-In:11	57	fixation_point_on	absent	70	red	left	aware	1	0
233.125	0.000	trigger_21	21	233125	Trigger-In:21	57	grating_on	absent	70	red	left	aware	1	0
233.175	0.000	trigger_20	20	233175	Trigger-In:20	57	grating_off	absent	70	red	left	aware	1	0
233.775	0.000	trigger_31	31	233775	Trigger-In:31	57	targets_on_fp_color_change	absent	70	red	left	aware	1	0
234.650	0.000	trigger_201	201	234650	Trigger-In:201	57	trial_end_completed	absent	70	red	left	aware	1	0
235.715	0.000	trigger_101	101	235715	Trigger-In:101	58	trial_start	staircase	12	green	right	aware	1	0
235.820	0.000	trigger_11	11	235820	Trigger-In:11	58	fixation_point_on	staircase	12	green	right	aware	1	0
236.425	0.000	trigger_21	21	236425	Trigger-In:21	58	grating_on	staircase	12	green	right	aware	1	0
236.475	0.000	trigger_20	20	236475	Trigger-In:20	58	grating_off	staircase	12	green	right	aware	1	0
237.075	0.000	trigger_31	31	237075	Trigger-In:31	58	targets_on_fp_color_change	staircase	12	green	right	aware	1	0
237.910	0.000	trigger_201	201	237910	Trigger-In:201	58	trial_end_completed	staircase	12	green	right	aware	1	0
238.975	0.000	trigger_101	101	238975	Trigger-In:101	59	trial_start	staircase	11	red	left	aware	1	0
239.080	0.000	trigger_11	11	239080	Trigger-In:11	59	fixation_point_on	staircase	11	red	left	aware	1	0
239.680	0.000	trigger_21	21	239680	Trigger-In:21	59	grating_on	staircase	11	red	left	aware	1	0
239.730	0.000	trigger_20	20	239730	Trigger-In:20	59	grating_off	staircase	11	red	left	aware	1	0
240.335	0.000	trigger_31	31	240335	Trigger-In:31	59	targets_on_fp_color_change	staircase	11	red	left	aware	1	0
241.105	0.000	trigger_201	201	241105	Trigger-In:201	59	trial_end_completed	staircase	11	red	left	aware	1	0
242.175	0.000	trigger_101	101	242175	Trigger-In:101	60	trial_start	staircase	10	green	left	unaware	1	0
242.280	0.000	trigger_11	11	242280	Trigger-In:11	60	fixation_point_on	staircase	10	green	left	unaware	1	0
242.880	0.000	trigger_21	21	242880	Trigger-In:21	60	grating_on	staircase	10	green	left	unaware	1	0
242.930	0.000	trigger_20	20	242930	Trigger-In:20	60	grating_off	staircase	10	green	left	unaware	1	0
243.530	0.000	trigger_31	31	243530	Trigger-In:31	60	targets_on_fp_color_change	staircase	10	green	left	unaware	1	0
244.510	0.000	trigger_201	201	244510	Trigger-In:201	60	trial_end_completed	staircase	10	green	left	unaware	1	0
245.575	0.000	trigger_101	101	245575	Trigger-In:101	61	trial_start	staircase	11	red	left	aware	1	0
245.680	0.000	trigger_11	11	245680	Trigger-In:11	61	fixation_point_on	staircase	11	red	left	aware	1	0
246.280	0.000	trigger_21	21	246280	Trigger-In:21	61	grating_on	staircase	11	red	left	aware	1	0
246.330	0.000	trigger_20	20	246330	Trigger-In:20	61	grating_off	staircase	11	red	left	aware	1	0
246.930	0.000	trigger_31	31	246930	Trigger-In:31	61	targets_on_fp_color_change	staircase	11	red	left	aware	1	0
247.785	0.000	trigger_201	201	247785	Trigger-In:201	61	trial_end_completed	staircase	11	red	left	aware	1	0
248.850	0.000	trigger_101	101	248850	Trigger-In:101	62	trial_start	staircase	10	red	left	aware	1	0
248.960	0.000	trigger_11	11	248960	Trigger-In:11	62	fixation_point_on	staircase	10	red	left	aware	1	0
249.560	0.000	trigger_21	21	249560	Trigger-In:21	62	grating_on	staircase	10	red	left	aware	1	0
249.610	0.000	trigger_20	20	249610	Trigger-In:20	62	grating_off	staircase	10	red	left	aware	1	0
250.210	0.000	trigger_31	31	250210	Trigger-In:31	62	targets_on_fp_color_change	staircase	10	red	left	aware	1	0
250.845	0.000	trigger_201	201	250845	Trigger-In:201	62	trial_end_completed	staircase	10	red	left	aware	1	0
251.910	0.000	trigger_101	101	251910	Trigger-In:101	63	trial_start	staircase	9	red	right	unaware	1	0
252.015	0.000	trigger_11	11	252015	Trigger-In:11	63	fixation_point_on	staircase	9	red	right	unaware	1	0
252.615	0.000	trigger_21	21	252615	Trigger-In:21	63	grating_on	staircase	9	red	right	unaware	1	0
252.670	0.000	trigger_20	20	252670	Trigger-In:20	63	grating_off	staircase	9	red	right	unaware	1	0
253.270	0.000	trigger_31	31	253270	Trigger-In:31	63	targets_on_fp_color_change	staircase	9	red	right	unaware	1	0
253.910	0.000	trigger_201	201	253910	Trigger-In:201	63	trial_end_completed	staircase	9	red	right	unaware	1	0
254.975	0.000	trigger_101	101	254975	Trigger-In:101	64	trial_start	staircase	10	green	right	aware	1	0
255.130	0.000	trigger_11	11	255130	Trigger-In:11	64	fixation_point_on	staircase	10	green	right	aware	1	0
255.730	0.000	trigger_21	21	255730	Trigger-In:21	64	grating_on	staircase	10	green	right	aware	1	0
255.780	0.000	trigger_20	20	255780	Trigger-In:20	64	grating_off	staircase	10	green	right	aware	1	0
256.380	0.000	trigger_31	31	256380	Trigger-In:31	64	targets_on_fp_color_change	staircase	10	green	right	aware	1	0
257.030	0.000	trigger_201	201	257030	Trigger-In:201	64	trial_end_completed	staircase	10	green	right	aware	1	0
258.100	0.000	trigger_101	101	258100	Trigger-In:101	65	trial_start	staircase	9	green	left	unaware	1	0
258.205	0.000	trigger_11	11	258205	Trigger-In:11	65	fixation_point_on	staircase	9	green	left	unaware	1	0
258.805	0.000	trigger_21	21	258805	Trigger-In:21	65	grating_on	staircase	9	green	left	unaware	1	0
258.855	0.000	trigger_20	20	258855	Trigger-In:20	65	grating_off	staircase	9	green	left	unaware	1	0
259.455	0.000	trigger_31	31	259455	Trigger-In:31	65	targets_on_fp_color_change	staircase	9	green	left	unaware	1	0
260.255	0.000	trigger_201	201	260255	Trigger-In:201	65	trial_end_completed	staircase	9	green	left	unaware	1	0
261.325	0.000	trigger_101	101	261325	Trigger-In:101	66	trial_start	staircase	10	red	right	unaware	1	0
261.430	0.000	trigger_11	11	261430	Trigger-In:11	66	fixation_point_on	staircase	10	red	right	unaware	1	0
262.030	0.000	trigger_21	21	262030	Trigger-In:21	66	grating_on	staircase	10	red	right	unaware	1	0
262.080	0.000	trigger_20	20	262080	Trigger-In:20	66	grating_off	staircase	10	red	right	unaware	1	0
262.680	0.000	trigger_31	31	262680	Trigger-In:31	66	targets_on_fp_color_change	staircase	10	red	right	unaware	1	0
263.570	0.000	trigger_201	201	263570	Trigger-In:201	66	trial_end_completed	staircase	10	red	right	unaware	1	0
264.640	0.000	trigger_101	101	264640	Trigger-In:101	67	trial_start	salient	0	green	left	unaware	1	0
264.750	0.000	trigger_11	11	264750	Trigger-In:11	67	fixation_point_on	salient	0	green	left	unaware	1	0
265.350	0.000	trigger_21	21	265350	Trigger-In:21	67	grating_on	salient	0	green	left	unaware	1	0
265.400	0.000	trigger_20	20	265400	Trigger-In:20	67	grating_off	salient	0	green	left	unaware	1	0
266.000	0.000	trigger_31	31	266000	Trigger-In:31	67	targets_on_fp_color_change	salient	0	green	left	unaware	1	0
267.060	0.000	trigger_201	201	267060	Trigger-In:201	67	trial_end_completed	salient	0	green	left	unaware	1	0
268.125	0.000	trigger_101	101	268125	Trigger-In:101	68	trial_start	salient	0	green	left	unaware	1	0
268.230	0.000	trigger_11	11	268230	Trigger-In:11	68	fixation_point_on	salient	0	green	left	unaware	1	0
268.830	0.000	trigger_21	21	268830	Trigger-In:21	68	grating_on	salient	0	green	left	unaware	1	0
268.880	0.000	trigger_20	20	268880	Trigger-In:20	68	grating_off	salient	0	green	left	unaware	1	0
269.480	0.000	trigger_31	31	269480	Trigger-In:31	68	targets_on_fp_color_change	salient	0	green	left	unaware	1	0
270.325	0.000	trigger_201	201	270325	Trigger-In:201	68	trial_end_completed	salient	0	green	left	unaware	1	0
271.390	0.000	trigger_101	101	271390	Trigger-In:101	69	trial_start	staircase	11	red	right	unaware	1	0
271.675	0.000	trigger_11	11	271675	Trigger-In:11	69	fixation_point_on	staircase	11	red	right	unaware	1	0
272.275	0.000	trigger_21	21	272275	Trigger-In:21	69	grating_on	staircase	11	red	right	unaware	1	0
272.330	0.000	trigger_20	20	272330	Trigger-In:20	69	grating_off	staircase	11	red	right	unaware	1	0
272.930	0.000	trigger_31	31	272930	Trigger-In:31	69	targets_on_fp_color_change	staircase	11	red	right	unaware	1	0
273.680	0.000	trigger_201	201	273680	Trigger-In:201	69	trial_end_completed	staircase	11	red	right	unaware	1	0
274.750	0.000	trigger_101	101	274750	Trigger-In:101	70	trial_start	salient	0	green	left	unaware	1	0
274.855	0.000	trigger_11	11	274855	Trigger-In:11	70	fixation_point_on	salient	0	green	left	unaware	1	0
275.455	0.000	trigger_21	21	275455	Trigger-In:21	70	grating_on	salient	0	green	left	unaware	1	0
275.505	0.000	trigger_20	20	275505	Trigger-In:20	70	grating_off	salient	0	green	left	unaware	1	0
276.105	0.000	trigger_31	31	276105	Trigger-In:31	70	targets_on_fp_color_change	salient	0	green	left	unaware	1	0
277.165	0.000	trigger_201	201	277165	Trigger-In:201	70	trial_end_completed	salient	0	green	left	unaware	1	0
278.230	0.000	trigger_101	101	278230	Trigger-In:101	71	trial_start	staircase	12	red	right	unaware	1	0
278.340	0.000	trigger_11	11	278340	Trigger-In:11	71	fixation_point_on	staircase	12	red	right	unaware	1	0
278.940	0.000	trigger_21	21	278940	Trigger-In:21	71	grating_on	staircase	12	red	right	unaware	1	0
278.990	0.000	trigger_20	20	278990	Trigger-In:20	71	grating_off	staircase	12	red	right	unaware	1	0
279.590	0.000	trigger_31	31	279590	Trigger-In:31	71	targets_on_fp_color_change	staircase	12	red	right	unaware	1	0
280.485	0.000	trigger_201	201	280485	Trigger-In:201	71	trial_end_completed	staircase	12	red	right	unaware	1	0
281.555	0.000	trigger_101	101	281555	Trigger-In:101	72	trial_start	salient	0	green	left	unaware	1	0
281.660	0.000	trigger_11	11	281660	Trigger-In:11	72	fixation_point_on	salient	0	green	left	unaware	1	0
282.260	0.000	trigger_21	21	282260	Trigger-In:21	72	grating_on	salient	0	green	left	unaware	1	0
282.310	0.000	trigger_20	20	282310	Trigger-In:20	72	grating_off	salient	0	green	left	unaware	1	0
282.910	0.000	trigger_31	31	282910	Trigger-In:31	72	targets_on_fp_color_change	salient	0	green	left	unaware	1	0
283.810	0.000	trigger_201	201	283810	Trigger-In:201	72	trial_end_completed	salient	0	green	left	unaware	1	0
284.880	0.000	trigger_101	101	284880	Trigger-In:101	73	trial_start	staircase	13	red	left	aware	1	0
284.985	0.000	trigger_11	11	284985	Trigger-In:11	73	fixation_point_on	staircase	13	red	left	aware	1	0
285.585	0.000	trigger_21	21	285585	Trigger-In:21	73	grating_on	staircase	13	red	left	aware	1	0
285.640	0.000	trigger_20	20	285640	Trigger-In:20	73	grating_off	staircase	13	red	left	aware	1	0
286.240	0.000	trigger_31	31	286240	Trigger-In:31	73	targets_on_fp_color_change	staircase	13	red	left	aware	1	0
287.070	0.000	trigger_201	201	287070	Trigger-In:201	73	trial_end_completed	staircase	13	red	left	aware	1	0
288.135	0.000	trigger_101	101	288135	Trigger-In:101	74	trial_start	staircase	12	red	right	unaware	1	0
288.240	0.000	trigger_11	11	288240	Trigger-In:11	74	fixation_point_on	staircase	12	red	right	unaware	1	0
288.840	0.000	trigger_21	21	288840	Trigger-In:21	74	grating_on	staircase	12	red	right	unaware	1	0
288.890	0.000	trigger_20	20	288890	Trigger-In:20	74	grating_off	staircase	12	red	right	unaware	1	0
289.490	0.000	trigger_31	31	289490	Trigger-In:31	74	targets_on_fp_color_change	staircase	12	red	right	unaware	1	0
290.410	0.000	trigger_201	201	290410	Trigger-In:201	74	trial_end_completed	staircase	12	red	right	unaware	1	0
291.475	0.000	trigger_101	101	291475	Trigger-In:101	75	trial_start	salient	0	red	right	unaware	1	0
291.580	0.000	trigger_11	11	291580	Trigger-In:11	75	fixation_point_on	salient	0	red	right	unaware	1	0
292.180	0.000	trigger_21	21	292180	Trigger-In:21	75	grating_on	salient	0	red	right	unaware	1	0
292.230	0.000	trigger_20	20	292230	Trigger-In:20	75	grating_off	salient	0	red	right	unaware	1	0
292.830	0.000	trigger_31	31	292830	Trigger-In:31	75	targets_on_fp_color_change	salient	0	red	right	unaware	1	0
293.525	0.000	trigger_201	201	293525	Trigger-In:201	75	trial_end_completed	salient	0	red	right	unaware	1	0
294.595	0.000	trigger_101	101	294595	Trigger-In:101	76	trial_start	absent	70	red	left	aware	1	0
294.700	0.000	trigger_11	11	294700	Trigger-In:11	76	fixation_point_on	absent	70	red	left	aware	1	0
295.300	0.000	trigger_21	21	295300	Trigger-In:21	76	grating_on	absent	70	red	left	aware	1	0
295.350	0.000	trigger_20	20	295350	Trigger-In:20	76	grating_off	absent	70	red	left	aware	1	0
295.950	0.000	trigger_31	31	295950	Trigger-In:31	76	targets_on_fp_color_change	absent	70	red	left	aware	1	0
296.710	0.000	trigger_201	201	296710	Trigger-In:201	76	trial_end_completed	absent	70	red	left	aware	1	0
297.785	0.000	trigger_101	101	297785	Trigger-In:101	77	trial_start	staircase	13	green	right	aware	1	0
297.890	0.000	trigger_11	11	297890	Trigger-In:11	77	fixation_point_on	staircase	13	green	right	aware	1	0
298.490	0.000	trigger_21	21	298490	Trigger-In:21	77	grating_on	staircase	13	green	right	aware	1	0
298.540	0.000	trigger_20	20	298540	Trigger-In:20	77	grating_off	staircase	13	green	right	aware	1	0
299.140	0.000	trigger_31	31	299140	Trigger-In:31	77	targets_on_fp_color_change	staircase	13	green	right	aware	1	0
300.320	0.000	trigger_201	201	300320	Trigger-In:201	77	trial_end_completed	staircase	13	green	right	aware	1	0
301.390	0.000	trigger_101	101	301390	Trigger-In:101	78	trial_start	staircase	12	green	right	aware	1	0
301.490	0.000	trigger_11	11	301490	Trigger-In:11	78	fixation_point_on	staircase	12	green	right	aware	1	0
302.095	0.000	trigger_21	21	302095	Trigger-In:21	78	grating_on	staircase	12	green	right	aware	1	0
302.145	0.000	trigger_20	20	302145	Trigger-In:20	78	grating_off	staircase	12	green	right	aware	1	0
302.745	0.000	trigger_31	31	302745	Trigger-In:31	78	targets_on_fp_color_change	staircase	12	green	right	aware	1	0
303.335	0.000	trigger_201	201	303335	Trigger-In:201	78	trial_end_completed	staircase	12	green	right	aware	1	0
304.400	0.000	trigger_101	101	304400	Trigger-In:101	79	trial_start	staircase	11	green	right	aware	1	0
304.505	0.000	trigger_11	11	304505	Trigger-In:11	79	fixation_point_on	staircase	11	green	right	aware	1	0
305.110	0.000	trigger_21	21	305110	Trigger-In:21	79	grating_on	staircase	11	green	right	aware	1	0
305.160	0.000	trigger_20	20	305160	Trigger-In:20	79	grating_off	staircase	11	green	right	aware	1	0
305.760	0.000	trigger_31	31	305760	Trigger-In:31	79	targets_on_fp_color_change	staircase	11	green	right	aware	1	0
306.420	0.000	trigger_201	201	306420	Trigger-In:201	79	trial_end_completed	staircase	11	green	right	aware	1	0
307.490	0.000	trigger_101	101	307490	Trigger-In:101	80	trial_start	staircase	10	red	left	aware	1	0
307.595	0.000	trigger_11	11	307595	Trigger-In:11	80	fixation_point_on	staircase	10	red	left	aware	1	0
308.195	0.000	trigger_21	21	308195	Trigger-In:21	80	grating_on	staircase	10	red	left	aware	1	0
308.245	0.000	trigger_20	20	308245	Trigger-In:20	80	grating_off	staircase	10	red	left	aware	1	0
308.845	0.000	trigger_31	31	308845	Trigger-In:31	80	targets_on_fp_color_change	staircase	10	red	left	aware	1	0
310.260	0.000	trigger_201	201	310260	Trigger-In:201	80	trial_end_completed	staircase	10	red	left	aware	1	0
311.330	0.000	trigger_101	101	311330	Trigger-In:101	81	trial_start	staircase	9	green	left	unaware	1	0
311.435	0.000	trigger_11	11	311435	Trigger-In:11	81	fixation_point_on	staircase	9	green	left	unaware	1	0
312.035	0.000	trigger_21	21	312035	Trigger-In:21	81	grating_on	staircase	9	green	left	unaware	1	0
312.085	0.000	trigger_20	20	312085	Trigger-In:20	81	grating_off	staircase	9	green	left	unaware	1	0
312.685	0.000	trigger_31	31	312685	Trigger-In:31	81	targets_on_fp_color_change	staircase	9	green	left	unaware	1	0
313.545	0.000	trigger_201	201	313545	Trigger-In:201	81	trial_end_completed	staircase	9	green	left	unaware	1	0
314.610	0.000	trigger_101	101	314610	Trigger-In:101	82	trial_start	staircase	10	red	left	aware	1	0
314.715	0.000	trigger_11	11	314715	Trigger-In:11	82	fixation_point_on	staircase	10	red	left	aware	1	0
315.315	0.000	trigger_21	21	315315	Trigger-In:21	82	grating_on	staircase	10	red	left	aware	1	0
315.365	0.000	trigger_20	20	315365	Trigger-In:20	82	grating_off	staircase	10	red	left	aware	1	0
315.965	0.000	trigger_31	31	315965	Trigger-In:31	82	targets_on_fp_color_change	staircase	10	red	left	aware	1	0
317.305	0.000	trigger_201	201	317305	Trigger-In:201	82	trial_end_completed	staircase	10	red	left	aware	1	0
318.375	0.000	trigger_101	101	318375	Trigger-In:101	83	trial_start	staircase	9	red	right	unaware	1	0
318.475	0.000	trigger_11	11	318475	Trigger-In:11	83	fixation_point_on	staircase	9	red	right	unaware	1	0
319.075	0.000	trigger_21	21	319075	Trigger-In:21	83	grating_on	staircase	9	red	right	unaware	1	0
319.130	0.000	trigger_20	20	319130	Trigger-In:20	83	grating_off	staircase	9	red	right	unaware	1	0
319.730	0.000	trigger_31	31	319730	Trigger-In:31	83	targets_on_fp_color_change	staircase	9	red	right	unaware	1	0
320.440	0.000	trigger_201	201	320440	Trigger-In:201	83	trial_end_completed	staircase	9	red	right	unaware	1	0
321.510	0.000	trigger_101	101	321510	Trigger-In:101	84	trial_start	salient	0	red	right	unaware	1	0
321.615	0.000	trigger_11	11	321615	Trigger-In:11	84	fixation_point_on	salient	0	red	right	unaware	1	0
322.215	0.000	trigger_21	21	322215	Trigger-In:21	84	grating_on	salient	0	red	right	unaware	1	0
322.265	0.000	trigger_20	20	322265	Trigger-In:20	84	grating_off	salient	0	red	right	unaware	1	0
322.865	0.000	trigger_31	31	322865	Trigger-In:31	84	targets_on_fp_color_change	salient	0	red	right	unaware	1	0
323.925	0.000	trigger_201	201	323925	Trigger-In:201	84	trial_end_completed	salient	0	red	right	unaware	1	0
324.995	0.000	trigger_101	101	324995	Trigger-In:101	85	trial_start	staircase	10	green	left	unaware	1	0
325.100	0.000	trigger_11	11	325100	Trigger-In:11	85	fixation_point_on	staircase	10	green	left	unaware	1	0
325.705	0.000	trigger_21	21	325705	Trigger-In:21	85	grating_on	staircase	10	green	left	unaware	1	0
325.755	0.000	trigger_20	20	325755	Trigger-In:20	85	grating_off	staircase	10	green	left	unaware	1	0
326.355	0.000	trigger_31	31	326355	Trigger-In:31	85	targets_on_fp_color_change	staircase	10	green	left	unaware	1	0
327.600	0.000	trigger_201	201	327600	Trigger-In:201	85	trial_end_completed	staircase	10	green	left	unaware	1	0
328.665	0.000	trigger_101	101	328665	Trigger-In:101	86	trial_start	staircase	11	red	left	aware	1	0
328.770	0.000	trigger_11	11	328770	Trigger-In:11	86	fixation_point_on	staircase	11	red	left	aware	1	0
329.370	0.000	trigger_21	21	329370	Trigger-In:21	86	grating_on	staircase	11	red	left	aware	1	0
329.420	0.000	trigger_20	20	329420	Trigger-In:20	86	grating_off	staircase	11	red	left	aware	1	0
330.020	0.000	trigger_31	31	330020	Trigger-In:31	86	targets_on_fp_color_change	staircase	11	red	left	aware	1	0
330.900	0.000	trigger_201	201	330900	Trigger-In:201	86	trial_end_completed	staircase	11	red	left	aware	1	0
331.975	0.000	trigger_101	101	331975	Trigger-In:101	87	trial_start	staircase	10	red	right	unaware	1	0
332.080	0.000	trigger_11	11	332080	Trigger-In:11	87	fixation_point_on	staircase	10	red	right	unaware	1	0
332.680	0.000	trigger_21	21	332680	Trigger-In:21	87	grating_on	staircase	10	red	right	unaware	1	0
332.730	0.000	trigger_20	20	332730	Trigger-In:20	87	grating_off	staircase	10	red	right	unaware	1	0
333.330	0.000	trigger_31	31	333330	Trigger-In:31	87	targets_on_fp_color_change	staircase	10	red	right	unaware	1	0
334.060	0.000	trigger_201	201	334060	Trigger-In:201	87	trial_end_completed	staircase	10	red	right	unaware	1	0
335.125	0.000	trigger_101	101	335125	Trigger-In:101	88	trial_start	staircase	11	green	left	unaware	1	0
335.230	0.000	trigger_11	11	335230	Trigger-In:11	88	fixation_point_on	staircase	11	green	left	unaware	1	0
335.830	0.000	trigger_21	21	335830	Trigger-In:21	88	grating_on	staircase	11	green	left	unaware	1	0
335.880	0.000	trigger_20	20	335880	Trigger-In:20	88	grating_off	staircase	11	green	left	unaware	1	0
336.480	0.000	trigger_31	31	336480	Trigger-In:31	88	targets_on_fp_color_change	staircase	11	green	left	unaware	1	0
337.665	0.000	trigger_201	201	337665	Trigger-In:201	88	trial_end_completed	staircase	11	green	left	unaware	1	0
338.735	0.000	trigger_101	101	338735	Trigger-In:101	89	trial_start	staircase	12	green	right	aware	1	0
338.840	0.000	trigger_11	11	338840	Trigger-In:11	89	fixation_point_on	staircase	12	green	right	aware	1	0
339.440	0.000	trigger_21	21	339440	Trigger-In:21	89	grating_on	staircase	12	green	right	aware	1	0
339.495	0.000	trigger_20	20	339495	Trigger-In:20	89	grating_off	staircase	12	green	right	aware	1	0
340.095	0.000	trigger_31	31	340095	Trigger-In:31	89	targets_on_fp_color_change	staircase	12	green	right	aware	1	0
340.790	0.000	trigger_201	201	340790	Trigger-In:201	89	trial_end_completed	staircase	12	green	right	aware	1	0
341.860	0.000	trigger_101	101	341860	Trigger-In:101	90	trial_start	staircase	11	red	left	aware	1	0
341.965	0.000	trigger_11	11	341965	Trigger-In:11	90	fixation_point_on	staircase	11	red	left	aware	1	0
342.565	0.000	trigger_21	21	342565	Trigger-In:21	90	grating_on	staircase	11	red	left	aware	1	0
342.615	0.000	trigger_20	20	342615	Trigger-In:20	90	grating_off	staircase	11	red	left	aware	1	0
343.215	0.000	trigger_31	31	343215	Trigger-In:31	90	targets_on_fp_color_change	staircase	11	red	left	aware	1	0
344.255	0.000	trigger_201	201	344255	Trigger-In:201	90	trial_end_completed	staircase	11	red	left	aware	1	0
345.325	0.000	trigger_101	101	345325	Trigger-In:101	91	trial_start	staircase	10	green	left	unaware	1	0
345.425	0.000	trigger_11	11	345425	Trigger-In:11	91	fixation_point_on	staircase	10	green	left	unaware	1	0
346.030	0.000	trigger_21	21	346030	Trigger-In:21	91	grating_on	staircase	10	green	left	unaware	1	0
346.080	0.000	trigger_20	20	346080	Trigger-In:20	91	grating_off	staircase	10	green	left	unaware	1	0
346.680	0.000	trigger_31	31	346680	Trigger-In:31	91	targets_on_fp_color_change	staircase	10	green	left	unaware	1	0
347.905	0.000	trigger_201	201	347905	Trigger-In:201	91	trial_end_completed	staircase	10	green	left	unaware	1	0
348.975	0.000	trigger_101	101	348975	Trigger-In:101	92	trial_start	staircase	11	green	left	unaware	1	0
349.080	0.000	trigger_11	11	349080	Trigger-In:11	92	fixation_point_on	staircase	11	green	left	unaware	1	0
349.680	0.000	trigger_21	21	349680	Trigger-In:21	92	grating_on	staircase	11	green	left	unaware	1	0
349.730	0.000	trigger_20	20	349730	Trigger-In:20	92	grating_off	staircase	11	green	left	unaware	1	0
350.330	0.000	trigger_31	31	350330	Trigger-In:31	92	targets_on_fp_color_change	staircase	11	green	left	unaware	1	0
351.395	0.000	trigger_201	201	351395	Trigger-In:201	92	trial_end_completed	staircase	11	green	left	unaware	1	0
352.465	0.000	trigger_101	101	352465	Trigger-In:101	93	trial_start	salient	0	red	right	unaware	1	0
352.565	0.000	trigger_11	11	352565	Trigger-In:11	93	fixation_point_on	salient	0	red	right	unaware	1	0
353.165	0.000	trigger_21	21	353165	Trigger-In:21	93	grating_on	salient	0	red	right	unaware	1	0
353.215	0.000	trigger_20	20	353215	Trigger-In:20	93	grating_off	salient	0	red	right	unaware	1	0
353.820	0.000	trigger_31	31	353820	Trigger-In:31	93	targets_on_fp_color_change	salient	0	red	right	unaware	1	0
354.755	0.000	trigger_201	201	354755	Trigger-In:201	93	trial_end_completed	salient	0	red	right	unaware	1	0
355.820	0.000	trigger_101	101	355820	Trigger-In:101	94	trial_start	absent	70	red	left	aware	1	0
355.925	0.000	trigger_11	11	355925	Trigger-In:11	94	fixation_point_on	absent	70	red	left	aware	1	0
356.530	0.000	trigger_21	21	356530	Trigger-In:21	94	grating_on	absent	70	red	left	aware	1	0
356.580	0.000	trigger_20	20	356580	Trigger-In:20	94	grating_off	absent	70	red	left	aware	1	0
357.180	0.000	trigger_31	31	357180	Trigger-In:31	94	targets_on_fp_color_change	absent	70	red	left	aware	1	0
358.000	0.000	trigger_201	201	358000	Trigger-In:201	94	trial_end_completed	absent	70	red	left	aware	1	0
359.065	0.000	trigger_101	101	359065	Trigger-In:101	95	trial_start	staircase	12	red	right	unaware	1	0
359.170	0.000	trigger_11	11	359170	Trigger-In:11	95	fixation_point_on	staircase	12	red	right	unaware	1	0
359.770	0.000	trigger_21	21	359770	Trigger-In:21	95	grating_on	staircase	12	red	right	unaware	1	0
359.820	0.000	trigger_20	20	359820	Trigger-In:20	95	grating_off	staircase	12	red	right	unaware	1	0
360.425	0.000	trigger_31	31	360425	Trigger-In:31	95	targets_on_fp_color_change	staircase	12	red	right	unaware	1	0
361.310	0.000	trigger_201	201	361310	Trigger-In:201	95	trial_end_completed	staircase	12	red	right	unaware	1	0
362.375	0.000	trigger_101	101	362375	Trigger-In:101	96	trial_start	salient	0	red	right	unaware	1	0
362.485	0.000	trigger_11	11	362485	Trigger-In:11	96	fixation_point_on	salient	0	red	right	unaware	1	0
363.085	0.000	trigger_21	21	363085	Trigger-In:21	96	grating_on	salient	0	red	right	unaware	1	0
363.135	0.000	trigger_20	20	363135	Trigger-In:20	96	grating_off	salient	0	red	right	unaware	1	0
363.735	0.000	trigger_31	31	363735	Trigger-In:31	96	targets_on_fp_color_change	salient	0	red	right	unaware	1	0
364.510	0.000	trigger_201	201	364510	Trigger-In:201	96	trial_end_completed	salient	0	red	right	unaware	1	0
365.580	0.000	trigger_101	101	365580	Trigger-In:101	97	trial_start	staircase	13	red	right	unaware	1	0
365.685	0.000	trigger_11	11	365685	Trigger-In:11	97	fixation_point_on	staircase	13	red	right	unaware	1	0
366.285	0.000	trigger_21	21	366285	Trigger-In:21	97	grating_on	staircase	13	red	right	unaware	1	0
366.335	0.000	trigger_20	20	366335	Trigger-In:20	97	grating_off	staircase	13	red	right	unaware	1	0
366.935	0.000	trigger_31	31	366935	Trigger-In:31	97	targets_on_fp_color_change	staircase	13	red	right	unaware	1	0
367.835	0.000	trigger_201	201	367835	Trigger-In:201	97	trial_end_completed	staircase	13	red	right	unaware	1	0
368.900	0.000	trigger_101	101	368900	Trigger-In:101	98	trial_start	absent	70	red	left	aware	1	0
369.010	0.000	trigger_11	11	369010	Trigger-In:11	98	fixation_point_on	absent	70	red	left	aware	1	0
369.610	0.000	trigger_21	21	369610	Trigger-In:21	98	grating_on	absent	70	red	left	aware	1	0
369.660	0.000	trigger_20	20	369660	Trigger-In:20	98	grating_off	absent	70	red	left	aware	1	0
370.260	0.000	trigger_31	31	370260	Trigger-In:31	98	targets_on_fp_color_change	absent	70	red	left	aware	1	0
370.950	0.000	trigger_201	201	370950	Trigger-In:201	98	trial_end_completed	absent	70	red	left	aware	1	0
372.015	0.000	trigger_101	101	372015	Trigger-In:101	99	trial_start	staircase	14	green	right	aware	1	0
372.120	0.000	trigger_11	11	372120	Trigger-In:11	99	fixation_point_on	staircase	14	green	right	aware	1	0
372.720	0.000	trigger_21	21	372720	Trigger-In:21	99	grating_on	staircase	14	green	right	aware	1	0
372.770	0.000	trigger_20	20	372770	Trigger-In:20	99	grating_off	staircase	14	green	right	aware	1	0
373.370	0.000	trigger_31	31	373370	Trigger-In:31	99	targets_on_fp_color_change	staircase	14	green	right	aware	1	0
374.180	0.000	trigger_201	201	374180	Trigger-In:201	99	trial_end_completed	staircase	14	green	right	aware	1	0
375.250	0.000	trigger_101	101	375250	Trigger-In:101	100	trial_start	staircase	13	red	left	aware	1	0
375.355	0.000	trigger_11	11	375355	Trigger-In:11	100	fixation_point_on	staircase	13	red	left	aware	1	0
375.955	0.000	trigger_21	21	375955	Trigger-In:21	100	grating_on	staircase	13	red	left	aware	1	0
376.010	0.000	trigger_20	20	376010	Trigger-In:20	100	grating_off	staircase	13	red	left	aware	1	0
376.610	0.000	trigger_31	31	376610	Trigger-In:31	100	targets_on_fp_color_change	staircase	13	red	left	aware	1	0
377.310	0.000	trigger_201	201	377310	Trigger-In:201	100	trial_end_completed	staircase	13	red	left	aware	1	0
378.380	0.000	trigger_101	101	378380	Trigger-In:101	101	trial_start	salient	0	red	right	unaware	1	0
378.485	0.000	trigger_11	11	378485	Trigger-In:11	101	fixation_point_on	salient	0	red	right	unaware	1	0
379.085	0.000	trigger_21	21	379085	Trigger-In:21	101	grating_on	salient	0	red	right	unaware	1	0
379.140	0.000	trigger_20	20	379140	Trigger-In:20	101	grating_off	salient	0	red	right	unaware	1	0
379.740	0.000	trigger_31	31	379740	Trigger-In:31	101	targets_on_fp_color_change	salient	0	red	right	unaware	1	0
380.435	0.000	trigger_201	201	380435	Trigger-In:201	101	trial_end_completed	salient	0	red	right	unaware	1	0
381.505	0.000	trigger_101	101	381505	Trigger-In:101	102	trial_start	staircase	12	green	right	aware	1	0
381.610	0.000	trigger_11	11	381610	Trigger-In:11	102	fixation_point_on	staircase	12	green	right	aware	1	0
382.210	0.000	trigger_21	21	382210	Trigger-In:21	102	grating_on	staircase	12	green	right	aware	1	0
382.260	0.000	trigger_20	20	382260	Trigger-In:20	102	grating_off	staircase	12	green	right	aware	1	0
382.865	0.000	trigger_31	31	382865	Trigger-In:31	102	targets_on_fp_color_change	staircase	12	green	right	aware	1	0
383.610	0.000	trigger_201	201	383610	Trigger-In:201	102	trial_end_completed	staircase	12	green	right	aware	1	0
384.675	0.000	trigger_101	101	384675	Trigger-In:101	103	trial_start	staircase	11	red	right	unaware	1	0
384.785	0.000	trigger_11	11	384785	Trigger-In:11	103	fixation_point_on	staircase	11	red	right	unaware	1	0
385.385	0.000	trigger_21	21	385385	Trigger-In:21	103	grating_on	staircase	11	red	right	unaware	1	0
385.435	0.000	trigger_20	20	385435	Trigger-In:20	103	grating_off	staircase	11	red	right	unaware	1	0
386.035	0.000	trigger_31	31	386035	Trigger-In:31	103	targets_on_fp_color_change	staircase	11	red	right	unaware	1	0
386.905	0.000	trigger_201	201	386905	Trigger-In:201	103	trial_end_completed	staircase	11	red	right	unaware	1	0
387.975	0.000	trigger_101	101	387975	Trigger-In:101	104	trial_start	staircase	12	green	right	aware	1	0
388.080	0.000	trigger_11	11	388080	Trigger-In:11	104	fixation_point_on	staircase	12	green	right	aware	1	0
388.680	0.000	trigger_21	21	388680	Trigger-In:21	104	grating_on	staircase	12	green	right	aware	1	0
388.730	0.000	trigger_20	20	388730	Trigger-In:20	104	grating_off	staircase	12	green	right	aware	1	0
389.330	0.000	trigger_31	31	389330	Trigger-In:31	104	targets_on_fp_color_change	staircase	12	green	right	aware	1	0
390.125	0.000	trigger_201	201	390125	Trigger-In:201	104	trial_end_completed	staircase	12	green	right	aware	1	0
391.190	0.000	trigger_101	101	391190	Trigger-In:101	105	trial_start	staircase	11	green	right	aware	1	0
391.295	0.000	trigger_11	11	391295	Trigger-In:11	105	fixation_point_on	staircase	11	green	right	aware	1	0
391.895	0.000	trigger_21	21	391895	Trigger-In:21	105	grating_on	staircase	11	green	right	aware	1	0
391.945	0.000	trigger_20	20	391945	Trigger-In:20	105	grating_off	staircase	11	green	right	aware	1	0
392.545	0.000	trigger_31	31	392545	Trigger-In:31	105	targets_on_fp_color_change	staircase	11	green	right	aware	1	0
393.230	0.000	trigger_201	201	393230	Trigger-In:201	105	trial_end_completed	staircase	11	green	right	aware	1	0
394.300	0.000	trigger_101	101	394300	Trigger-In:101	106	trial_start	staircase	10	red	right	unaware	1	0
394.405	0.000	trigger_11	11	394405	Trigger-In:11	106	fixation_point_on	staircase	10	red	right	unaware	1	0
395.005	0.000	trigger_21	21	395005	Trigger-In:21	106	grating_on	staircase	10	red	right	unaware	1	0
395.060	0.000	trigger_20	20	395060	Trigger-In:20	106	grating_off	staircase	10	red	right	unaware	1	0
395.660	0.000	trigger_31	31	395660	Trigger-In:31	106	targets_on_fp_color_change	staircase	10	red	right	unaware	1	0
396.545	0.000	trigger_201	201	396545	Trigger-In:201	106	trial_end_completed	staircase	10	red	right	unaware	1	0
397.615	0.000	trigger_101	101	397615	Trigger-In:101	107	trial_start	absent	70	green	right	aware	1	0
397.720	0.000	trigger_11	11	397720	Trigger-In:11	107	fixation_point_on	absent	70	green	right	aware	1	0
398.320	0.000	trigger_21	21	398320	Trigger-In:21	107	grating_on	absent	70	green	right	aware	1	0
398.370	0.000	trigger_20	20	398370	Trigger-In:20	107	grating_off	absent	70	green	right	aware	1	0
398.970	0.000	trigger_31	31	398970	Trigger-In:31	107	targets_on_fp_color_change	absent	70	green	right	aware	1	0
399.745	0.000	trigger_201	201	399745	Trigger-In:201	107	trial_end_completed	absent	70	green	right	aware	1	0
400.815	0.000	trigger_101	101	400815	Trigger-In:101	108	trial_start	salient	0	green	left	unaware	1	0
400.920	0.000	trigger_11	11	400920	Trigger-In:11	108	fixation_point_on	salient	0	green	left	unaware	1	0
401.520	0.000	trigger_21	21	401520	Trigger-In:21	108	grating_on	salient	0	green	left	unaware	1	0
401.570	0.000	trigger_20	20	401570	Trigger-In:20	108	grating_off	salient	0	green	left	unaware	1	0
402.170	0.000	trigger_31	31	402170	Trigger-In:31	108	targets_on_fp_color_change	salient	0	green	left	unaware	1	0
402.915	0.000	trigger_201	201	402915	Trigger-In:201	108	trial_end_completed	salient	0	green	left	unaware	1	0
403.980	0.000	trigger_101	101	403980	Trigger-In:101	109	trial_start	staircase	11	green	left	unaware	1	0
404.090	0.000	trigger_11	11	404090	Trigger-In:11	109	fixation_point_on	staircase	11	green	left	unaware	1	0
404.690	0.000	trigger_21	21	404690	Trigger-In:21	109	grating_on	staircase	11	green	left	unaware	1	0
404.740	0.000	trigger_20	20	404740	Trigger-In:20	109	grating_off	staircase	11	green	left	unaware	1	0
405.340	0.000	trigger_31	31	405340	Trigger-In:31	109	targets_on_fp_color_change	staircase	11	green	left	unaware	1	0
406.350	0.000	trigger_201	201	406350	Trigger-In:201	109	trial_end_completed	staircase	11	green	left	unaware	1	0
407.420	0.000	trigger_101	101	407420	Trigger-In:101	110	trial_start	salient	0	red	right	unaware	1	0
407.525	0.000	trigger_11	11	407525	Trigger-In:11	110	fixation_point_on	salient	0	red	right	unaware	1	0
408.125	0.000	trigger_21	21	408125	Trigger-In:21	110	grating_on	salient	0	red	right	unaware	1	0
408.175	0.000	trigger_20	20	408175	Trigger-In:20	110	grating_off	salient	0	red	right	unaware	1	0
408.775	0.000	trigger_31	31	408775	Trigger-In:31	110	targets_on_fp_color_change	salient	0	red	right	unaware	1	0
409.555	0.000	trigger_201	201	409555	Trigger-In:201	110	trial_end_completed	salient	0	red	right	unaware	1	0
410.625	0.000	trigger_101	101	410625	Trigger-In:101	111	trial_start	staircase	12	red	left	aware	1	0
410.730	0.000	trigger_11	11	410730	Trigger-In:11	111	fixation_point_on	staircase	12	red	left	aware	1	0
411.330	0.000	trigger_21	21	411330	Trigger-In:21	111	grating_on	staircase	12	red	left	aware	1	0
411.380	0.000	trigger_20	20	411380	Trigger-In:20	111	grating_off	staircase	12	red	left	aware	1	0
411.980	0.000	trigger_31	31	411980	Trigger-In:31	111	targets_on_fp_color_change	staircase	12	red	left	aware	1	0
413.095	0.000	trigger_201	201	413095	Trigger-In:201	111	trial_end_completed	staircase	12	red	left	aware	1	0
414.165	0.000	trigger_101	101	414165	Trigger-In:101	112	trial_start	staircase	11	green	right	aware	1	0
414.270	0.000	trigger_11	11	414270	Trigger-In:11	112	fixation_point_on	staircase	11	green	right	aware	1	0
414.870	0.000	trigger_21	21	414870	Trigger-In:21	112	grating_on	staircase	11	green	right	aware	1	0
414.920	0.000	trigger_20	20	414920	Trigger-In:20	112	grating_off	staircase	11	green	right	aware	1	0
415.520	0.000	trigger_31	31	415520	Trigger-In:31	112	targets_on_fp_color_change	staircase	11	green	right	aware	1	0
416.765	0.000	trigger_201	201	416765	Trigger-In:201	112	trial_end_completed	staircase	11	green	right	aware	1	0
417.835	0.000	trigger_101	101	417835	Trigger-In:101	113	trial_start	staircase	10	green	left	unaware	1	0
417.940	0.000	trigger_11	11	417940	Trigger-In:11	113	fixation_point_on	staircase	10	green	left	unaware	1	0
418.540	0.000	trigger_21	21	418540	Trigger-In:21	113	grating_on	staircase	10	green	left	unaware	1	0
418.590	0.000	trigger_20	20	418590	Trigger-In:20	113	grating_off	staircase	10	green	left	unaware	1	0
419.195	0.000	trigger_31	31	419195	Trigger-In:31	113	targets_on_fp_color_change	staircase	10	green	left	unaware	1	0
419.930	0.000	trigger_201	201	419930	Trigger-In:201	113	trial_end_completed	staircase	10	green	left	unaware	1	0
421.000	0.000	trigger_101	101	421000	Trigger-In:101	114	trial_start	staircase	11	green	right	aware	1	0
421.330	0.000	trigger_11	11	421330	Trigger-In:11	114	fixation_point_on	staircase	11	green	right	aware	1	0
421.935	0.000	trigger_21	21	421935	Trigger-In:21	114	grating_on	staircase	11	green	right	aware	1	0
421.985	0.000	trigger_20	20	421985	Trigger-In:20	114	grating_off	staircase	11	green	right	aware	1	0
422.585	0.000	trigger_31	31	422585	Trigger-In:31	114	targets_on_fp_color_change	staircase	11	green	right	aware	1	0
423.495	0.000	trigger_201	201	423495	Trigger-In:201	114	trial_end_completed	staircase	11	green	right	aware	1	0
424.565	0.000	trigger_101	101	424565	Trigger-In:101	115	trial_start	staircase	10	green	right	aware	1	0
424.670	0.000	trigger_11	11	424670	Trigger-In:11	115	fixation_point_on	staircase	10	green	right	aware	1	0
425.270	0.000	trigger_21	21	425270	Trigger-In:21	115	grating_on	staircase	10	green	right	aware	1	0
425.320	0.000	trigger_20	20	425320	Trigger-In:20	115	grating_off	staircase	10	green	right	aware	1	0
425.920	0.000	trigger_31	31	425920	Trigger-In:31	115	targets_on_fp_color_change	staircase	10	green	right	aware	1	0
426.750	0.000	trigger_201	201	426750	Trigger-In:201	115	trial_end_completed	staircase	10	green	right	aware	1	0
427.820	0.000	trigger_101	101	427820	Trigger-In:101	116	trial_start	staircase	9	green	left	unaware	1	0
427.930	0.000	trigger_11	11	427930	Trigger-In:11	116	fixation_point_on	staircase	9	green	left	unaware	1	0
428.530	0.000	trigger_21	21	428530	Trigger-In:21	116	grating_on	staircase	9	green	left	unaware	1	0
428.580	0.000	trigger_20	20	428580	Trigger-In:20	116	grating_off	staircase	9	green	left	unaware	1	0
429.180	0.000	trigger_31	31	429180	Trigger-In:31	116	targets_on_fp_color_change	staircase	9	green	left	unaware	1	0
430.100	0.000	trigger_201	201	430100	Trigger-In:201	116	trial_end_completed	staircase	9	green	left	unaware	1	0
431.165	0.000	trigger_101	101	431165	Trigger-In:101	117	trial_start	staircase	10	green	left	unaware	1	0
431.275	0.000	trigger_11	11	431275	Trigger-In:11	117	fixation_point_on	staircase	10	green	left	unaware	1	0
431.875	0.000	trigger_21	21	431875	Trigger-In:21	117	grating_on	staircase	10	green	left	unaware	1	0
431.925	0.000	trigger_20	20	431925	Trigger-In:20	117	grating_off	staircase	10	green	left	unaware	1	0
432.525	0.000	trigger_31	31	432525	Trigger-In:31	117	targets_on_fp_color_change	staircase	10	green	left	unaware	1	0
433.390	0.000	trigger_201	201	433390	Trigger-In:201	117	trial_end_completed	staircase	10	green	left	unaware	1	0
434.460	0.000	trigger_101	101	434460	Trigger-In:101	118	trial_start	staircase	11	red	right	unaware	1	0
434.565	0.000	trigger_11	11	434565	Trigger-In:11	118	fixation_point_on	staircase	11	red	right	unaware	1	0
435.165	0.000	trigger_21	21	435165	Trigger-In:21	118	grating_on	staircase	11	red	right	unaware	1	0
435.215	0.000	trigger_20	20	435215	Trigger-In:20	118	grating_off	staircase	11	red	right	unaware	1	0
435.815	0.000	trigger_31	31	435815	Trigger-In:31	118	targets_on_fp_color_change	staircase	11	red	right	unaware	1	0
436.530	0.000	trigger_201	201	436530	Trigger-In:201	118	trial_end_completed	staircase	11	red	right	unaware	1	0
437.595	0.000	trigger_101	101	437595	Trigger-In:101	119	trial_start	salient	0	red	right	unaware	1	0
437.700	0.000	trigger_11	11	437700	Trigger-In:11	119	fixation_point_on	salient	0	red	right	unaware	1	0
438.300	0.000	trigger_21	21	438300	Trigger-In:21	119	grating_on	salient	0	red	right	unaware	1	0
438.350	0.000	trigger_20	20	438350	Trigger-In:20	119	grating_off	salient	0	red	right	unaware	1	0
438.950	0.000	trigger_31	31	438950	Trigger-In:31	119	targets_on_fp_color_change	salient	0	red	right	unaware	1	0
439.700	0.000	trigger_201	201	439700	Trigger-In:201	119	trial_end_completed	salient	0	red	right	unaware	1	0
440.770	0.000	trigger_101	101	440770	Trigger-In:101	120	trial_start	staircase	12	red	left	aware	1	0
440.880	0.000	trigger_11	11	440880	Trigger-In:11	120	fixation_point_on	staircase	12	red	left	aware	1	0
441.480	0.000	trigger_21	21	441480	Trigger-In:21	120	grating_on	staircase	12	red	left	aware	1	0
441.530	0.000	trigger_20	20	441530	Trigger-In:20	120	grating_off	staircase	12	red	left	aware	1	0
442.130	0.000	trigger_31	31	442130	Trigger-In:31	120	targets_on_fp_color_change	staircase	12	red	left	aware	1	0
443.040	0.000	trigger_201	201	443040	Trigger-In:201	120	trial_end_completed	staircase	12	red	left	aware	1	0
444.110	0.000	trigger_101	101	444110	Trigger-In:101	121	trial_start	staircase	11	red	right	unaware	1	0
444.215	0.000	trigger_11	11	444215	Trigger-In:11	121	fixation_point_on	staircase	11	red	right	unaware	1	0
444.815	0.000	trigger_21	21	444815	Trigger-In:21	121	grating_on	staircase	11	red	right	unaware	1	0
444.865	0.000	trigger_20	20	444865	Trigger-In:20	121	grating_off	staircase	11	red	right	unaware	1	0
445.465	0.000	trigger_31	31	445465	Trigger-In:31	121	targets_on_fp_color_change	staircase	11	red	right	unaware	1	0
446.185	0.000	trigger_201	201	446185	Trigger-In:201	121	trial_end_completed	staircase	11	red	right	unaware	1	0
447.250	0.000	trigger_101	101	447250	Trigger-In:101	122	trial_start	salient	0	red	right	unaware	1	0
447.355	0.000	trigger_11	11	447355	Trigger-In:11	122	fixation_point_on	salient	0	red	right	unaware	1	0
447.955	0.000	trigger_21	21	447955	Trigger-In:21	122	grating_on	salient	0	red	right	unaware	1	0
448.005	0.000	trigger_20	20	448005	Trigger-In:20	122	grating_off	salient	0	red	right	unaware	1	0
448.605	0.000	trigger_31	31	448605	Trigger-In:31	122	targets_on_fp_color_change	salient	0	red	right	unaware	1	0
449.400	0.000	trigger_201	201	449400	Trigger-In:201	122	trial_end_completed	salient	0	red	right	unaware	1	0
450.470	0.000	trigger_101	101	450470	Trigger-In:101	123	trial_start	staircase	12	green	left	unaware	1	0
450.570	0.000	trigger_11	11	450570	Trigger-In:11	123	fixation_point_on	staircase	12	green	left	unaware	1	0
451.170	0.000	trigger_21	21	451170	Trigger-In:21	123	grating_on	staircase	12	green	left	unaware	1	0
451.225	0.000	trigger_20	20	451225	Trigger-In:20	123	grating_off	staircase	12	green	left	unaware	1	0
451.825	0.000	trigger_31	31	451825	Trigger-In:31	123	targets_on_fp_color_change	staircase	12	green	left	unaware	1	0
452.575	0.000	trigger_201	201	452575	Trigger-In:201	123	trial_end_completed	staircase	12	green	left	unaware	1	0
453.640	0.000	trigger_101	101	453640	Trigger-In:101	124	trial_start	staircase	13	red	left	aware	1	0
453.745	0.000	trigger_11	11	453745	Trigger-In:11	124	fixation_point_on	staircase	13	red	left	aware	1	0
454.345	0.000	trigger_21	21	454345	Trigger-In:21	124	grating_on	staircase	13	red	left	aware	1	0
454.400	0.000	trigger_20	20	454400	Trigger-In:20	124	grating_off	staircase	13	red	left	aware	1	0
455.000	0.000	trigger_31	31	455000	Trigger-In:31	124	targets_on_fp_color_change	staircase	13	red	left	aware	1	0
455.755	0.000	trigger_201	201	455755	Trigger-In:201	124	trial_end_completed	staircase	13	red	left	aware	1	0
456.820	0.000	trigger_101	101	456820	Trigger-In:101	125	trial_start	staircase	12	green	left	unaware	1	0
456.930	0.000	trigger_11	11	456930	Trigger-In:11	125	fixation_point_on	staircase	12	green	left	unaware	1	0
457.530	0.000	trigger_21	21	457530	Trigger-In:21	125	grating_on	staircase	12	green	left	unaware	1	0
457.580	0.000	trigger_20	20	457580	Trigger-In:20	125	grating_off	staircase	12	green	left	unaware	1	0
458.180	0.000	trigger_31	31	458180	Trigger-In:31	125	targets_on_fp_color_change	staircase	12	green	left	unaware	1	0
459.110	0.000	trigger_201	201	459110	Trigger-In:201	125	trial_end_completed	staircase	12	green	left	unaware	1	0
460.180	0.000	trigger_101	101	460180	Trigger-In:101	126	trial_start	staircase	13	red	left	aware	1	0
460.285	0.000	trigger_11	11	460285	Trigger-In:11	126	fixation_point_on	staircase	13	red	left	aware	1	0
460.885	0.000	trigger_21	21	460885	Trigger-In:21	126	grating_on	staircase	13	red	left	aware	1	0
460.935	0.000	trigger_20	20	460935	Trigger-In:20	126	grating_off	staircase	13	red	left	aware	1	0
461.535	0.000	trigger_31	31	461535	Trigger-In:31	126	targets_on_fp_color_change	staircase	13	red	left	aware	1	0
462.475	0.000	trigger_201	201	462475	Trigger-In:201	126	trial_end_completed	staircase	13	red	left	aware	1	0
463.545	0.000	trigger_101	101	463545	Trigger-In:101	127	trial_start	staircase	12	red	left	aware	1	0
463.650	0.000	trigger_11	11	463650	Trigger-In:11	127	fixation_point_on	staircase	12	red	left	aware	1	0
464.250	0.000	trigger_21	21	464250	Trigger-In:21	127	grating_on	staircase	12	red	left	aware	1	0
464.300	0.000	trigger_20	20	464300	Trigger-In:20	127	grating_off	staircase	12	red	left	aware	1	0
464.900	0.000	trigger_31	31	464900	Trigger-In:31	127	targets_on_fp_color_change	staircase	12	red	left	aware	1	0
465.575	0.000	trigger_201	201	465575	Trigger-In:201	127	trial_end_completed	staircase	12	red	left	aware	1	0
466.645	0.000	trigger_101	101	466645	Trigger-In:101	128	trial_start	salient	0	green	left	unaware	1	0
466.745	0.000	trigger_11	11	466745	Trigger-In:11	128	fixation_point_on	salient	0	green	left	unaware	1	0
467.345	0.000	trigger_21	21	467345	Trigger-In:21	128	grating_on	salient	0	green	left	unaware	1	0
467.400	0.000	trigger_20	20	467400	Trigger-In:20	128	grating_off	salient	0	green	left	unaware	1	0
468.000	0.000	trigger_31	31	468000	Trigger-In:31	128	targets_on_fp_color_change	salient	0	green	left	unaware	1	0
468.895	0.000	trigger_201	201	468895	Trigger-In:201	128	trial_end_completed	salient	0	green	left	unaware	1	0
469.965	0.000	trigger_101	101	469965	Trigger-In:101	129	trial_start	staircase	11	green	left	unaware	1	0
470.070	0.000	trigger_11	11	470070	Trigger-In:11	129	fixation_point_on	staircase	11	green	left	unaware	1	0
470.670	0.000	trigger_21	21	470670	Trigger-In:21	129	grating_on	staircase	11	green	left	unaware	1	0
470.720	0.000	trigger_20	20	470720	Trigger-In:20	129	grating_off	staircase	11	green	left	unaware	1	0
471.320	0.000	trigger_31	31	471320	Trigger-In:31	129	targets_on_fp_color_change	staircase	11	green	left	unaware	1	0
472.145	0.000	trigger_201	201	472145	Trigger-In:201	129	trial_end_completed	staircase	11	green	left	unaware	1	0
473.210	0.000	trigger_101	101	473210	Trigger-In:101	130	trial_start	salient	0	green	left	unaware	1	0
473.315	0.000	trigger_11	11	473315	Trigger-In:11	130	fixation_point_on	salient	0	green	left	unaware	1	0
473.915	0.000	trigger_21	21	473915	Trigger-In:21	130	grating_on	salient	0	green	left	unaware	1	0
473.970	0.000	trigger_20	20	473970	Trigger-In:20	130	grating_off	salient	0	green	left	unaware	1	0
474.570	0.000	trigger_31	31	474570	Trigger-In:31	130	targets_on_fp_color_change	salient	0	green	left	unaware	1	0
475.710	0.000	trigger_201	201	475710	Trigger-In:201	130	trial_end_completed	salient	0	green	left	unaware	1	0
476.780	0.000	trigger_101	101	476780	Trigger-In:101	131	trial_start	absent	70	red	left	aware	1	0
476.885	0.000	trigger_11	11	476885	Trigger-In:11	131	fixation_point_on	absent	70	red	left	aware	1	0
477.485	0.000	trigger_21	21	477485	Trigger-In:21	131	grating_on	absent	70	red	left	aware	1	0
477.535	0.000	trigger_20	20	477535	Trigger-In:20	131	grating_off	absent	70	red	left	aware	1	0
478.140	0.000	trigger_31	31	478140	Trigger-In:31	131	targets_on_fp_color_change	absent	70	red	left	aware	1	0
478.935	0.000	trigger_201	201	478935	Trigger-In:201	131	trial_end_completed	absent	70	red	left	aware	1	0
480.000	0.000	trigger_101	101	480000	Trigger-In:101	132	trial_start	staircase	12	green	right	aware	1	0
480.105	0.000	trigger_11	11	480105	Trigger-In:11	132	fixation_point_on	staircase	12	green	right	aware	1	0
480.705	0.000	trigger_21	21	480705	Trigger-In:21	132	grating_on	staircase	12	green	right	aware	1	0
480.755	0.000	trigger_20	20	480755	Trigger-In:20	132	grating_off	staircase	12	green	right	aware	1	0
481.355	0.000	trigger_31	31	481355	Trigger-In:31	132	targets_on_fp_color_change	staircase	12	green	right	aware	1	0
482.140	0.000	trigger_201	201	482140	Trigger-In:201	132	trial_end_completed	staircase	12	green	right	aware	1	0
483.205	0.000	trigger_101	101	483205	Trigger-In:101	133	trial_start	staircase	11	red	left	aware	1	0
483.315	0.000	trigger_11	11	483315	Trigger-In:11	133	fixation_point_on	staircase	11	red	left	aware	1	0
483.915	0.000	trigger_21	21	483915	Trigger-In:21	133	grating_on	staircase	11	red	left	aware	1	0
483.965	0.000	trigger_20	20	483965	Trigger-In:20	133	grating_off	staircase	11	red	left	aware	1	0
484.565	0.000	trigger_31	31	484565	Trigger-In:31	133	targets_on_fp_color_change	staircase	11	red	left	aware	1	0
485.885	0.000	trigger_201	201	485885	Trigger-In:201	133	trial_end_completed	staircase	11	red	left	aware	1	0
486.955	0.000	trigger_101	101	486955	Trigger-In:101	134	trial_start	absent	70	green	right	aware	1	0
487.055	0.000	trigger_11	11	487055	Trigger-In:11	134	fixation_point_on	absent	70	green	right	aware	1	0
487.655	0.000	trigger_21	21	487655	Trigger-In:21	134	grating_on	absent	70	green	right	aware	1	0
487.705	0.000	trigger_20	20	487705	Trigger-In:20	134	grating_off	absent	70	green	right	aware	1	0
488.305	0.000	trigger_31	31	488305	Trigger-In:31	134	targets_on_fp_color_change	absent	70	green	right	aware	1	0
489.090	0.000	trigger_201	201	489090	Trigger-In:201	134	trial_end_completed	absent	70	green	right	aware	1	0
490.160	0.000	trigger_101	101	490160	Trigger-In:101	135	trial_start	absent	70	red	left	aware	1	0
490.260	0.000	trigger_11	11	490260	Trigger-In:11	135	fixation_point_on	absent	70	red	left	aware	1	0
490.860	0.000	trigger_21	21	490860	Trigger-In:21	135	grating_on	absent	70	red	left	aware	1	0
490.910	0.000	trigger_20	20	490910	Trigger-In:20	135	grating_off	absent	70	red	left	aware	1	0
491.510	0.000	trigger_31	31	491510	Trigger-In:31	135	targets_on_fp_color_change	absent	70	red	left	aware	1	0
492.465	0.000	trigger_201	201	492465	Trigger-In:201	135	trial_end_completed	absent	70	red	left	aware	1	0
493.535	0.000	trigger_101	101	493535	Trigger-In:101	136	trial_start	staircase	10	red	right	unaware	1	0
493.640	0.000	trigger_11	11	493640	Trigger-In:11	136	fixation_point_on	staircase	10	red	right	unaware	1	0
494.245	0.000	trigger_21	21	494245	Trigger-In:21	136	grating_on	staircase	10	red	right	unaware	1	0
494.295	0.000	trigger_20	20	494295	Trigger-In:20	136	grating_off	staircase	10	red	right	unaware	1	0
494.895	0.000	trigger_31	31	494895	Trigger-In:31	136	targets_on_fp_color_change	staircase	10	red	right	unaware	1	0
495.785	0.000	trigger_201	201	495785	Trigger-In:201	136	trial_end_completed	staircase	10	red	right	unaware	1	0
496.855	0.000	trigger_101	101	496855	Trigger-In:101	137	trial_start	salient	0	red	right	unaware	1	0
496.955	0.000	trigger_11	11	496955	Trigger-In:11	137	fixation_point_on	salient	0	red	right	unaware	1	0
497.560	0.000	trigger_21	21	497560	Trigger-In:21	137	grating_on	salient	0	red	right	unaware	1	0
497.610	0.000	trigger_20	20	497610	Trigger-In:20	137	grating_off	salient	0	red	right	unaware	1	0
498.210	0.000	trigger_31	31	498210	Trigger-In:31	137	targets_on_fp_color_change	salient	0	red	right	unaware	1	0
498.860	0.000	trigger_201	201	498860	Trigger-In:201	137	trial_end_completed	salient	0	red	right	unaware	1	0
499.930	0.000	trigger_101	101	499930	Trigger-In:101	138	trial_start	staircase	11	red	right	unaware	1	0
500.030	0.000	trigger_11	11	500030	Trigger-In:11	138	fixation_point_on	staircase	11	red	right	unaware	1	0
500.630	0.000	trigger_21	21	500630	Trigger-In:21	138	grating_on	staircase	11	red	right	unaware	1	0
500.680	0.000	trigger_20	20	500680	Trigger-In:20	138	grating_off	staircase	11	red	right	unaware	1	0
501.285	0.000	trigger_31	31	501285	Trigger-In:31	138	targets_on_fp_color_change	staircase	11	red	right	unaware	1	0
502.105	0.000	trigger_201	201	502105	Trigger-In:201	138	trial_end_completed	staircase	11	red	right	unaware	1	0
503.175	0.000	trigger_101	101	503175	Trigger-In:101	139	trial_start	staircase	12	green	left	unaware	1	0
503.275	0.000	trigger_11	11	503275	Trigger-In:11	139	fixation_point_on	staircase	12	green	left	unaware	1	0
503.875	0.000	trigger_21	21	503875	Trigger-In:21	139	grating_on	staircase	12	green	left	unaware	1	0
503.925	0.000	trigger_20	20	503925	Trigger-In:20	139	grating_off	staircase	12	green	left	unaware	1	0
504.525	0.000	trigger_31	31	504525	Trigger-In:31	139	targets_on_fp_color_change	staircase	12	green	left	unaware	1	0
505.385	0.000	trigger_201	201	505385	Trigger-In:201	139	trial_end_completed	staircase	12	green	left	unaware	1	0
506.450	0.000	trigger_101	101	506450	Trigger-In:101	140	trial_start	staircase	13	red	left	aware	1	0
506.560	0.000	trigger_11	11	506560	Trigger-In:11	140	fixation_point_on	staircase	13	red	left	aware	1	0
507.160	0.000	trigger_21	21	507160	Trigger-In:21	140	grating_on	staircase	13	red	left	aware	1	0
507.210	0.000	trigger_20	20	507210	Trigger-In:20	140	grating_off	staircase	13	red	left	aware	1	0
507.810	0.000	trigger_31	31	507810	Trigger-In:31	140	targets_on_fp_color_change	staircase	13	red	left	aware	1	0
508.990	0.000	trigger_201	201	508990	Trigger-In:201	140	trial_end_completed	staircase	13	red	left	aware	1	0
510.060	0.000	trigger_101	101	510060	Trigger-In:101	141	trial_start	staircase	12	green	right	aware	1	0
510.160	0.000	trigger_11	11	510160	Trigger-In:11	141	fixation_point_on	staircase	12	green	right	aware	1	0
510.765	0.000	trigger_21	21	510765	Trigger-In:21	141	grating_on	staircase	12	green	right	aware	1	0
510.815	0.000	trigger_20	20	510815	Trigger-In:20	141	grating_off	staircase	12	green	right	aware	1	0
511.415	0.000	trigger_31	31	511415	Trigger-In:31	141	targets_on_fp_color_change	staircase	12	green	right	aware	1	0
512.390	0.000	trigger_201	201	512390	Trigger-In:201	141	trial_end_completed	staircase	12	green	right	aware	1	0
513.460	0.000	trigger_101	101	513460	Trigger-In:101	142	trial_start	salient	0	red	right	unaware	1	0
513.570	0.000	trigger_11	11	513570	Trigger-In:11	142	fixation_point_on	salient	0	red	right	unaware	1	0
514.170	0.000	trigger_21	21	514170	Trigger-In:21	142	grating_on	salient	0	red	right	unaware	1	0
514.220	0.000	trigger_20	20	514220	Trigger-In:20	142	grating_off	salient	0	red	right	unaware	1	0
514.820	0.000	trigger_31	31	514820	Trigger-In:31	142	targets_on_fp_color_change	salient	0	red	right	unaware	1	0
515.945	0.000	trigger_201	201	515945	Trigger-In:201	142	trial_end_completed	salient	0	red	right	unaware	1	0
517.015	0.000	trigger_101	101	517015	Trigger-In:101	143	trial_start	staircase	11	red	right	unaware	1	0
517.120	0.000	trigger_11	11	517120	Trigger-In:11	143	fixation_point_on	staircase	11	red	right	unaware	1	0
517.720	0.000	trigger_21	21	517720	Trigger-In:21	143	grating_on	staircase	11	red	right	unaware	1	0
517.775	0.000	trigger_20	20	517775	Trigger-In:20	143	grating_off	staircase	11	red	right	unaware	1	0
518.375	0.000	trigger_31	31	518375	Trigger-In:31	143	targets_on_fp_color_change	staircase	11	red	right	unaware	1	0
519.245	0.000	trigger_201	201	519245	Trigger-In:201	143	trial_end_completed	staircase	11	red	right	unaware	1	0
520.315	0.000	trigger_101	101	520315	Trigger-In:101	144	trial_start	staircase	12	red	right	unaware	1	0
520.420	0.000	trigger_11	11	520420	Trigger-In:11	144	fixation_point_on	staircase	12	red	right	unaware	1	0
521.020	0.000	trigger_21	21	521020	Trigger-In:21	144	grating_on	staircase	12	red	right	unaware	1	0
521.070	0.000	trigger_20	20	521070	Trigger-In:20	144	grating_off	staircase	12	red	right	unaware	1	0
521.670	0.000	trigger_31	31	521670	Trigger-In:31	144	targets_on_fp_color_change	staircase	12	red	right	unaware	1	0
522.520	0.000	trigger_201	201	522520	Trigger-In:201	144	trial_end_completed	staircase	12	red	right	unaware	1	0
523.590	0.000	trigger_101	101	523590	Trigger-In:101	145	trial_start	salient	0	red	right	unaware	1	0
523.695	0.000	trigger_11	11	523695	Trigger-In:11	145	fixation_point_on	salient	0	red	right	unaware	1	0
524.295	0.000	trigger_21	21	524295	Trigger-In:21	145	grating_on	salient	0	red	right	unaware	1	0
524.345	0.000	trigger_20	20	524345	Trigger-In:20	145	grating_off	salient	0	red	right	unaware	1	0
524.945	0.000	trigger_31	31	524945	Trigger-In:31	145	targets_on_fp_color_change	salient	0	red	right	unaware	1	0
525.660	0.000	trigger_201	201	525660	Trigger-In:201	145	trial_end_completed	salient	0	red	right	unaware	1	0
526.730	0.000	trigger_101	101	526730	Trigger-In:101	146	trial_start	salient	0	green	left	unaware	1	0
526.835	0.000	trigger_11	11	526835	Trigger-In:11	146	fixation_point_on	salient	0	green	left	unaware	1	0
527.435	0.000	trigger_21	21	527435	Trigger-In:21	146	grating_on	salient	0	green	left	unaware	1	0
527.485	0.000	trigger_20	20	527485	Trigger-In:20	146	grating_off	salient	0	green	left	unaware	1	0
528.085	0.000	trigger_31	31	528085	Trigger-In:31	146	targets_on_fp_color_change	salient	0	green	left	unaware	1	0
528.850	0.000	trigger_201	201	528850	Trigger-In:201	146	trial_end_completed	salient	0	green	left	unaware	1	0
529.920	0.000	trigger_101	101	529920	Trigger-In:101	147	trial_start	staircase	13	red	right	unaware	1	0
530.025	0.000	trigger_11	11	530025	Trigger-In:11	147	fixation_point_on	staircase	13	red	right	unaware	1	0
530.625	0.000	trigger_21	21	530625	Trigger-In:21	147	grating_on	staircase	13	red	right	unaware	1	0
530.680	0.000	trigger_20	20	530680	Trigger-In:20	147	grating_off	staircase	13	red	right	unaware	1	0
531.280	0.000	trigger_31	31	531280	Trigger-In:31	147	targets_on_fp_color_change	staircase	13	red	right	unaware	1	0
532.040	0.000	trigger_201	201	532040	Trigger-In:201	147	trial_end_completed	staircase	13	red	right	unaware	1	0
533.110	0.000	trigger_101	101	533110	Trigger-In:101	148	trial_start	salient	0	green	left	unaware	1	0
533.210	0.000	trigger_11	11	533210	Trigger-In:11	148	fixation_point_on	salient	0	green	left	unaware	1	0
533.810	0.000	trigger_21	21	533810	Trigger-In:21	148	grating_on	salient	0	green	left	unaware	1	0
533.860	0.000	trigger_20	20	533860	Trigger-In:20	148	grating_off	salient	0	green	left	unaware	1	0
534.460	0.000	trigger_31	31	534460	Trigger-In:31	148	targets_on_fp_color_change	salient	0	green	left	unaware	1	0
535.390	0.000	trigger_201	201	535390	Trigger-In:201	148	trial_end_completed	salient	0	green	left	unaware	1	0
536.460	0.000	trigger_101	101	536460	Trigger-In:101	149	trial_start	staircase	14	green	left	unaware	1	0
536.565	0.000	trigger_11	11	536565	Trigger-In:11	149	fixation_point_on	staircase	14	green	left	unaware	1	0
537.165	0.000	trigger_21	21	537165	Trigger-In:21	149	grating_on	staircase	14	green	left	unaware	1	0
537.220	0.000	trigger_20	20	537220	Trigger-In:20	149	grating_off	staircase	14	green	left	unaware	1	0
537.820	0.000	trigger_31	31	537820	Trigger-In:31	149	targets_on_fp_color_change	staircase	14	green	left	unaware	1	0
538.730	0.000	trigger_201	201	538730	Trigger-In:201	149	trial_end_completed	staircase	14	green	left	unaware	1	0
539.795	0.000	trigger_101	101	539795	Trigger-In:101	150	trial_start	staircase	15	green	left	unaware	1	0
539.900	0.000	trigger_11	11	539900	Trigger-In:11	150	fixation_point_on	staircase	15	green	left	unaware	1	0
540.500	0.000	trigger_21	21	540500	Trigger-In:21	150	grating_on	staircase	15	green	left	unaware	1	0
540.550	0.000	trigger_20	20	540550	Trigger-In:20	150	grating_off	staircase	15	green	left	unaware	1	0
541.150	0.000	trigger_31	31	541150	Trigger-In:31	150	targets_on_fp_color_change	staircase	15	green	left	unaware	1	0
541.905	0.000	trigger_201	201	541905	Trigger-In:201	150	trial_end_completed	staircase	15	green	left	unaware	1	0
542.975	0.000	trigger_101	101	542975	Trigger-In:101	151	trial_start	staircase	16	green	right	aware	1	0
543.080	0.000	trigger_11	11	543080	Trigger-In:11	151	fixation_point_on	staircase	16	green	right	aware	1	0
543.680	0.000	trigger_21	21	543680	Trigger-In:21	151	grating_on	staircase	16	green	right	aware	1	0
543.730	0.000	trigger_20	20	543730	Trigger-In:20	151	grating_off	staircase	16	green	right	aware	1	0
544.330	0.000	trigger_31	31	544330	Trigger-In:31	151	targets_on_fp_color_change	staircase	16	green	right	aware	1	0
545.105	0.000	trigger_201	201	545105	Trigger-In:201	151	trial_end_completed	staircase	16	green	right	aware	1	0
546.175	0.000	trigger_101	101	546175	Trigger-In:101	152	trial_start	staircase	15	green	right	aware	1	0
546.275	0.000	trigger_11	11	546275	Trigger-In:11	152	fixation_point_on	staircase	15	green	right	aware	1	0
546.875	0.000	trigger_21	21	546875	Trigger-In:21	152	grating_on	staircase	15	green	right	aware	1	0
546.925	0.000	trigger_20	20	546925	Trigger-In:20	152	grating_off	staircase	15	green	right	aware	1	0
547.530	0.000	trigger_31	31	547530	Trigger-In:31	152	targets_on_fp_color_change	staircase	15	green	right	aware	1	0
548.190	0.000	trigger_201	201	548190	Trigger-In:201	152	trial_end_completed	staircase	15	green	right	aware	1	0
549.255	0.000	trigger_101	101	549255	Trigger-In:101	153	trial_start	staircase	14	green	right	aware	1	0
549.355	0.000	trigger_11	11	549355	Trigger-In:11	153	fixation_point_on	staircase	14	green	right	aware	1	0
549.955	0.000	trigger_21	21	549955	Trigger-In:21	153	grating_on	staircase	14	green	right	aware	1	0
550.010	0.000	trigger_20	20	550010	Trigger-In:20	153	grating_off	staircase	14	green	right	aware	1	0
550.610	0.000	trigger_31	31	550610	Trigger-In:31	153	targets_on_fp_color_change	staircase	14	green	right	aware	1	0
551.180	0.000	trigger_201	201	551180	Trigger-In:201	153	trial_end_completed	staircase	14	green	right	aware	1	0
552.245	0.000	trigger_101	101	552245	Trigger-In:101	154	trial_start	absent	70	red	left	aware	1	0
552.350	0.000	trigger_11	11	552350	Trigger-In:11	154	fixation_point_on	absent	70	red	left	aware	1	0
552.950	0.000	trigger_21	21	552950	Trigger-In:21	154	grating_on	absent	70	red	left	aware	1	0
553.000	0.000	trigger_20	20	553000	Trigger-In:20	154	grating_off	absent	70	red	left	aware	1	0
553.600	0.000	trigger_31	31	553600	Trigger-In:31	154	targets_on_fp_color_change	absent	70	red	left	aware	1	0
554.270	0.000	trigger_201	201	554270	Trigger-In:201	154	trial_end_completed	absent	70	red	left	aware	1	0
555.335	0.000	trigger_101	101	555335	Trigger-In:101	155	trial_start	staircase	13	green	right	aware	1	0
555.445	0.000	trigger_11	11	555445	Trigger-In:11	155	fixation_point_on	staircase	13	green	right	aware	1	0
556.045	0.000	trigger_21	21	556045	Trigger-In:21	155	grating_on	staircase	13	green	right	aware	1	0
556.095	0.000	trigger_20	20	556095	Trigger-In:20	155	grating_off	staircase	13	green	right	aware	1	0
556.695	0.000	trigger_31	31	556695	Trigger-In:31	155	targets_on_fp_color_change	staircase	13	green	right	aware	1	0
557.345	0.000	trigger_201	201	557345	Trigger-In:201	155	trial_end_completed	staircase	13	green	right	aware	1	0
558.410	0.000	trigger_101	101	558410	Trigger-In:101	156	trial_start	staircase	12	green	right	aware	1	0
558.585	0.000	trigger_11	11	558585	Trigger-In:11	156	fixation_point_on	staircase	12	green	right	aware	1	0
559.185	0.000	trigger_21	21	559185	Trigger-In:21	156	grating_on	staircase	12	green	right	aware	1	0
559.235	0.000	trigger_20	20	559235	Trigger-In:20	156	grating_off	staircase	12	green	right	aware	1	0
559.835	0.000	trigger_31	31	559835	Trigger-In:31	156	targets_on_fp_color_change	staircase	12	green	right	aware	1	0
560.510	0.000	trigger_201	201	560510	Trigger-In:201	156	trial_end_completed	staircase	12	green	right	aware	1	0
561.580	0.000	trigger_101	101	561580	Trigger-In:101	157	trial_start	staircase	11	red	left	aware	1	0
561.685	0.000	trigger_11	11	561685	Trigger-In:11	157	fixation_point_on	staircase	11	red	left	aware	1	0
562.285	0.000	trigger_21	21	562285	Trigger-In:21	157	grating_on	staircase	11	red	left	aware	1	0
562.335	0.000	trigger_20	20	562335	Trigger-In:20	157	grating_off	staircase	11	red	left	aware	1	0
562.935	0.000	trigger_31	31	562935	Trigger-In:31	157	targets_on_fp_color_change	staircase	11	red	left	aware	1	0
563.595	0.000	trigger_201	201	563595	Trigger-In:201	157	trial_end_completed	staircase	11	red	left	aware	1	0
564.665	0.000	trigger_101	101	564665	Trigger-In:101	158	trial_start	staircase	10	red	right	unaware	1	0
564.770	0.000	trigger_11	11	564770	Trigger-In:11	158	fixation_point_on	staircase	10	red	right	unaware	1	0
565.370	0.000	trigger_21	21	565370	Trigger-In:21	158	grating_on	staircase	10	red	right	unaware	1	0
565.420	0.000	trigger_20	20	565420	Trigger-In:20	158	grating_off	staircase	10	red	right	unaware	1	0
566.025	0.000	trigger_31	31	566025	Trigger-In:31	158	targets_on_fp_color_change	staircase	10	red	right	unaware	1	0
566.770	0.000	trigger_201	201	566770	Trigger-In:201	158	trial_end_completed	staircase	10	red	right	unaware	1	0
567.840	0.000	trigger_101	101	567840	Trigger-In:101	159	trial_start	staircase	11	red	left	aware	1	0
567.940	0.000	trigger_11	11	567940	Trigger-In:11	159	fixation_point_on	staircase	11	red	left	aware	1	0
568.545	0.000	trigger_21	21	568545	Trigger-In:21	159	grating_on	staircase	11	red	left	aware	1	0
568.595	0.000	trigger_20	20	568595	Trigger-In:20	159	grating_off	staircase	11	red	left	aware	1	0
569.195	0.000	trigger_31	31	569195	Trigger-In:31	159	targets_on_fp_color_change	staircase	11	red	left	aware	1	0
569.975	0.000	trigger_201	201	569975	Trigger-In:201	159	trial_end_completed	staircase	11	red	left	aware	1	0
571.040	0.000	trigger_101	101	571040	Trigger-In:101	160	trial_start	staircase	10	red	right	unaware	1	0
571.150	0.000	trigger_11	11	571150	Trigger-In:11	160	fixation_point_on	staircase	10	red	right	unaware	1	0
571.750	0.000	trigger_21	21	571750	Trigger-In:21	160	grating_on	staircase	10	red	right	unaware	1	0
571.800	0.000	trigger_20	20	571800	Trigger-In:20	160	grating_off	staircase	10	red	right	unaware	1	0
572.400	0.000	trigger_31	31	572400	Trigger-In:31	160	targets_on_fp_color_change	staircase	10	red	right	unaware	1	0
573.535	0.000	trigger_201	201	573535	Trigger-In:201	160	trial_end_completed	staircase	10	red	right	unaware	1	0
574.615	0.000	trigger_101	101	574615	Trigger-In:101	161	trial_start	staircase	11	green	right	aware	1	0
574.910	0.000	trigger_11	11	574910	Trigger-In:11	161	fixation_point_on	staircase	11	green	right	aware	1	0
575.510	0.000	trigger_21	21	575510	Trigger-In:21	161	grating_on	staircase	11	green	right	aware	1	0
575.560	0.000	trigger_20	20	575560	Trigger-In:20	161	grating_off	staircase	11	green	right	aware	1	0
576.160	0.000	trigger_31	31	576160	Trigger-In:31	161	targets_on_fp_color_change	staircase	11	green	right	aware	1	0
576.930	0.000	trigger_201	201	576930	Trigger-In:201	161	trial_end_completed	staircase	11	green	right	aware	1	0
578.000	0.000	trigger_101	101	578000	Trigger-In:101	162	trial_start	staircase	10	green	left	unaware	1	0
578.105	0.000	trigger_11	11	578105	Trigger-In:11	162	fixation_point_on	staircase	10	green	left	unaware	1	0
578.705	0.000	trigger_21	21	578705	Trigger-In:21	162	grating_on	staircase	10	green	left	unaware	1	0
578.755	0.000	trigger_20	20	578755	Trigger-In:20	162	grating_off	staircase	10	green	left	unaware	1	0
579.355	0.000	trigger_31	31	579355	Trigger-In:31	162	targets_on_fp_color_change	staircase	10	green	left	unaware	1	0
580.135	0.000	trigger_201	201	580135	Trigger-In:201	162	trial_end_completed	staircase	10	green	left	unaware	1	0
581.205	0.000	trigger_101	101	581205	Trigger-In:101	163	trial_start	staircase	11	green	right	aware	1	0
581.310	0.000	trigger_11	11	581310	Trigger-In:11	163	fixation_point_on	staircase	11	green	right	aware	1	0
581.910	0.000	trigger_21	21	581910	Trigger-In:21	163	grating_on	staircase	11	green	right	aware	1	0
581.960	0.000	trigger_20	20	581960	Trigger-In:20	163	grating_off	staircase	11	green	right	aware	1	0
582.560	0.000	trigger_31	31	582560	Trigger-In:31	163	targets_on_fp_color_change	staircase	11	green	right	aware	1	0
583.230	0.000	trigger_201	201	583230	Trigger-In:201	163	trial_end_completed	staircase	11	green	right	aware	1	0
584.300	0.000	trigger_101	101	584300	Trigger-In:101	164	trial_start	staircase	10	red	right	unaware	1	0
584.400	0.000	trigger_11	11	584400	Trigger-In:11	164	fixation_point_on	staircase	10	red	right	unaware	1	0
585.005	0.000	trigger_21	21	585005	Trigger-In:21	164	grating_on	staircase	10	red	right	unaware	1	0
585.055	0.000	trigger_20	20	585055	Trigger-In:20	164	grating_off	staircase	10	red	right	unaware	1	0
585.655	0.000	trigger_31	31	585655	Trigger-In:31	164	targets_on_fp_color_change	staircase	10	red	right	unaware	1	0
586.460	0.000	trigger_201	201	586460	Trigger-In:201	164	trial_end_completed	staircase	10	red	right	unaware	1	0
587.530	0.000	trigger_101	101	587530	Trigger-In:101	165	trial_start	staircase	11	red	right	unaware	1	0
587.635	0.000	trigger_11	11	587635	Trigger-In:11	165	fixation_point_on	staircase	11	red	right	unaware	1	0
588.235	0.000	trigger_21	21	588235	Trigger-In:21	165	grating_on	staircase	11	red	right	unaware	1	0
588.285	0.000	trigger_20	20	588285	Trigger-In:20	165	grating_off	staircase	11	red	right	unaware	1	0
588.885	0.000	trigger_31	31	588885	Trigger-In:31	165	targets_on_fp_color_change	staircase	11	red	right	unaware	1	0
589.750	0.000	trigger_201	201	589750	Trigger-In:201	165	trial_end_completed	staircase	11	red	right	unaware	1	0
590.815	0.000	trigger_101	101	590815	Trigger-In:101	166	trial_start	staircase	12	green	left	unaware	1	0
590.920	0.000	trigger_11	11	590920	Trigger-In:11	166	fixation_point_on	staircase	12	green	left	unaware	1	0
591.520	0.000	trigger_21	21	591520	Trigger-In:21	166	grating_on	staircase	12	green	left	unaware	1	0
591.570	0.000	trigger_20	20	591570	Trigger-In:20	166	grating_off	staircase	12	green	left	unaware	1	0
592.170	0.000	trigger_31	31	592170	Trigger-In:31	166	targets_on_fp_color_change	staircase	12	green	left	unaware	1	0
592.995	0.000	trigger_201	201	592995	Trigger-In:201	166	trial_end_completed	staircase	12	green	left	unaware	1	0
594.065	0.000	trigger_101	101	594065	Trigger-In:101	167	trial_start	staircase	13	green	left	unaware	1	0
594.170	0.000	trigger_11	11	594170	Trigger-In:11	167	fixation_point_on	staircase	13	green	left	unaware	1	0
594.775	0.000	trigger_21	21	594775	Trigger-In:21	167	grating_on	staircase	13	green	left	unaware	1	0
594.825	0.000	trigger_20	20	594825	Trigger-In:20	167	grating_off	staircase	13	green	left	unaware	1	0
595.425	0.000	trigger_31	31	595425	Trigger-In:31	167	targets_on_fp_color_change	staircase	13	green	left	unaware	1	0
596.255	0.000	trigger_201	201	596255	Trigger-In:201	167	trial_end_completed	staircase	13	green	left	unaware	1	0
597.325	0.000	trigger_101	101	597325	Trigger-In:101	168	trial_start	absent	70	green	right	aware	1	0
597.435	0.000	trigger_11	11	597435	Trigger-In:11	168	fixation_point_on	absent	70	green	right	aware	1	0
598.035	0.000	trigger_21	21	598035	Trigger-In:21	168	grating_on	absent	70	green	right	aware	1	0
598.085	0.000	trigger_20	20	598085	Trigger-In:20	168	grating_off	absent	70	green	right	aware	1	0
598.685	0.000	trigger_31	31	598685	Trigger-In:31	168	targets_on_fp_color_change	absent	70	green	right	aware	1	0
599.380	0.000	trigger_201	201	599380	Trigger-In:201	168	trial_end_completed	absent	70	green	right	aware	1	0
600.445	0.000	trigger_101	101	600445	Trigger-In:101	169	trial_start	staircase	14	red	left	aware	1	0
600.550	0.000	trigger_11	11	600550	Trigger-In:11	169	fixation_point_on	staircase	14	red	left	aware	1	0
601.150	0.000	trigger_21	21	601150	Trigger-In:21	169	grating_on	staircase	14	red	left	aware	1	0
601.205	0.000	trigger_20	20	601205	Trigger-In:20	169	grating_off	staircase	14	red	left	aware	1	0
601.805	0.000	trigger_31	31	601805	Trigger-In:31	169	targets_on_fp_color_change	staircase	14	red	left	aware	1	0
602.525	0.000	trigger_201	201	602525	Trigger-In:201	169	trial_end_completed	staircase	14	red	left	aware	1	0
603.595	0.000	trigger_101	101	603595	Trigger-In:101	170	trial_start	staircase	13	red	left	aware	1	0
603.695	0.000	trigger_11	11	603695	Trigger-In:11	170	fixation_point_on	staircase	13	red	left	aware	1	0
604.300	0.000	trigger_21	21	604300	Trigger-In:21	170	grating_on	staircase	13	red	left	aware	1	0
604.350	0.000	trigger_20	20	604350	Trigger-In:20	170	grating_off	staircase	13	red	left	aware	1	0
604.950	0.000	trigger_31	31	604950	Trigger-In:31	170	targets_on_fp_color_change	staircase	13	red	left	aware	1	0
606.125	0.000	trigger_201	201	606125	Trigger-In:201	170	trial_end_completed	staircase	13	red	left	aware	1	0
607.195	0.000	trigger_101	101	607195	Trigger-In:101	171	trial_start	staircase	12	red	right	unaware	1	0
607.305	0.000	trigger_11	11	607305	Trigger-In:11	171	fixation_point_on	staircase	12	red	right	unaware	1	0
607.905	0.000	trigger_21	21	607905	Trigger-In:21	171	grating_on	staircase	12	red	right	unaware	1	0
607.955	0.000	trigger_20	20	607955	Trigger-In:20	171	grating_off	staircase	12	red	right	unaware	1	0
608.555	0.000	trigger_31	31	608555	Trigger-In:31	171	targets_on_fp_color_change	staircase	12	red	right	unaware	1	0
609.370	0.000	trigger_201	201	609370	Trigger-In:201	171	trial_end_completed	staircase	12	red	right	unaware	1	0
610.440	0.000	trigger_101	101	610440	Trigger-In:101	172	trial_start	staircase	13	green	right	aware	1	0
610.545	0.000	trigger_11	11	610545	Trigger-In:11	172	fixation_point_on	staircase	13	green	right	aware	1	0
611.145	0.000	trigger_21	21	611145	Trigger-In:21	172	grating_on	staircase	13	green	right	aware	1	0
611.195	0.000	trigger_20	20	611195	Trigger-In:20	172	grating_off	staircase	13	green	right	aware	1	0
611.795	0.000	trigger_31	31	611795	Trigger-In:31	172	targets_on_fp_color_change	staircase	13	green	right	aware	1	0
612.440	0.000	trigger_201	201	612440	Trigger-In:201	172	trial_end_completed	staircase	13	green	right	aware	1	0
613.510	0.000	trigger_101	101	613510	Trigger-In:101	173	trial_start	staircase	12	green	right	aware	1	0
613.610	0.000	trigger_11	11	613610	Trigger-In:11	173	fixation_point_on	staircase	12	green	right	aware	1	0
614.210	0.000	trigger_21	21	614210	Trigger-In:21	173	grating_on	staircase	12	green	right	aware	1	0
614.260	0.000	trigger_20	20	614260	Trigger-In:20	173	grating_off	staircase	12	green	right	aware	1	0
614.860	0.000	trigger_31	31	614860	Trigger-In:31	173	targets_on_fp_color_change	staircase	12	green	right	aware	1	0
615.600	0.000	trigger_201	201	615600	Trigger-In:201	173	trial_end_completed	staircase	12	green	right	aware	1	0
616.670	0.000	trigger_101	101	616670	Trigger-In:101	174	trial_start	staircase	11	red	right	unaware	1	0
616.775	0.000	trigger_11	11	616775	Trigger-In:11	174	fixation_point_on	staircase	11	red	right	unaware	1	0
617.375	0.000	trigger_21	21	617375	Trigger-In:21	174	grating_on	staircase	11	red	right	unaware	1	0
617.425	0.000	trigger_20	20	617425	Trigger-In:20	174	grating_off	staircase	11	red	right	unaware	1	0
618.025	0.000	trigger_31	31	618025	Trigger-In:31	174	targets_on_fp_color_change	staircase	11	red	right	unaware	1	0
618.815	0.000	trigger_201	201	618815	Trigger-In:201	174	trial_end_completed	staircase	11	red	right	unaware	1	0
619.885	0.000	trigger_101	101	619885	Trigger-In:101	175	trial_start	staircase	12	green	right	aware	1	0
619.990	0.000	trigger_11	11	619990	Trigger-In:11	175	fixation_point_on	staircase	12	green	right	aware	1	0
620.590	0.000	trigger_21	21	620590	Trigger-In:21	175	grating_on	staircase	12	green	right	aware	1	0
620.640	0.000	trigger_20	20	620640	Trigger-In:20	175	grating_off	staircase	12	green	right	aware	1	0
621.245	0.000	trigger_31	31	621245	Trigger-In:31	175	targets_on_fp_color_change	staircase	12	green	right	aware	1	0
621.835	0.000	trigger_201	201	621835	Trigger-In:201	175	trial_end_completed	staircase	12	green	right	aware	1	0
622.905	0.000	trigger_101	101	622905	Trigger-In:101	176	trial_start	absent	70	green	right	aware	1	0
623.010	0.000	trigger_11	11	623010	Trigger-In:11	176	fixation_point_on	absent	70	green	right	aware	1	0
623.610	0.000	trigger_21	21	623610	Trigger-In:21	176	grating_on	absent	70	green	right	aware	1	0
623.660	0.000	trigger_20	20	623660	Trigger-In:20	176	grating_off	absent	70	green	right	aware	1	0
624.260	0.000	trigger_31	31	624260	Trigger-In:31	176	targets_on_fp_color_change	absent	70	green	right	aware	1	0
625.050	0.000	trigger_201	201	625050	Trigger-In:201	176	trial_end_completed	absent	70	green	right	aware	1	0
626.120	0.000	trigger_101	101	626120	Trigger-In:101	177	trial_start	staircase	11	red	right	unaware	1	0
626.225	0.000	trigger_11	11	626225	Trigger-In:11	177	fixation_point_on	staircase	11	red	right	unaware	1	0
626.825	0.000	trigger_21	21	626825	Trigger-In:21	177	grating_on	staircase	11	red	right	unaware	1	0
626.875	0.000	trigger_20	20	626875	Trigger-In:20	177	grating_off	staircase	11	red	right	unaware	1	0
627.475	0.000	trigger_31	31	627475	Trigger-In:31	177	targets_on_fp_color_change	staircase	11	red	right	unaware	1	0
628.445	0.000	trigger_201	201	628445	Trigger-In:201	177	trial_end_completed	staircase	11	red	right	unaware	1	0
629.510	0.000	trigger_101	101	629510	Trigger-In:101	178	trial_start	absent	70	red	left	aware	1	0
629.615	0.000	trigger_11	11	629615	Trigger-In:11	178	fixation_point_on	absent	70	red	left	aware	1	0
630.215	0.000	trigger_21	21	630215	Trigger-In:21	178	grating_on	absent	70	red	left	aware	1	0
630.265	0.000	trigger_20	20	630265	Trigger-In:20	178	grating_off	absent	70	red	left	aware	1	0
630.865	0.000	trigger_31	31	630865	Trigger-In:31	178	targets_on_fp_color_change	absent	70	red	left	aware	1	0
631.545	0.000	trigger_201	201	631545	Trigger-In:201	178	trial_end_completed	absent	70	red	left	aware	1	0
632.615	0.000	trigger_101	101	632615	Trigger-In:101	179	trial_start	salient	0	red	right	unaware	1	0
632.715	0.000	trigger_11	11	632715	Trigger-In:11	179	fixation_point_on	salient	0	red	right	unaware	1	0
633.315	0.000	trigger_21	21	633315	Trigger-In:21	179	grating_on	salient	0	red	right	unaware	1	0
633.370	0.000	trigger_20	20	633370	Trigger-In:20	179	grating_off	salient	0	red	right	unaware	1	0
633.970	0.000	trigger_31	31	633970	Trigger-In:31	179	targets_on_fp_color_change	salient	0	red	right	unaware	1	0
635.010	0.000	trigger_201	201	635010	Trigger-In:201	179	trial_end_completed	salient	0	red	right	unaware	1	0
636.080	0.000	trigger_101	101	636080	Trigger-In:101	180	trial_start	staircase	12	red	right	unaware	1	0
636.185	0.000	trigger_11	11	636185	Trigger-In:11	180	fixation_point_on	staircase	12	red	right	unaware	1	0
636.785	0.000	trigger_21	21	636785	Trigger-In:21	180	grating_on	staircase	12	red	right	unaware	1	0
636.835	0.000	trigger_20	20	636835	Trigger-In:20	180	grating_off	staircase	12	red	right	unaware	1	0
637.435	0.000	trigger_31	31	637435	Trigger-In:31	180	targets_on_fp_color_change	staircase	12	red	right	unaware	1	0
638.225	0.000	trigger_201	201	638225	Trigger-In:201	180	trial_end_completed	staircase	12	red	right	unaware	1	0
