onset	duration	trial_type	value	sample	source_annotation	trial	event_name	stim_presence	contrast	fp_color	response	awareness	trial_complete	fixation_break
46.445	0.000	trigger_101	101	46445	Trigger-In:101	1	trial_start	salient	0	red	left	aware	1	0
46.555	0.000	trigger_11	11	46555	Trigger-In:11	1	fixation_point_on	salient	0	red	left	aware	1	0
47.155	0.000	trigger_21	21	47155	Trigger-In:21	1	grating_on	salient	0	red	left	aware	1	0
47.220	0.000	trigger_20	20	47220	Trigger-In:20	1	grating_off	salient	0	red	left	aware	1	0
47.825	0.000	trigger_31	31	47825	Trigger-In:31	1	targets_on_fp_color_change	salient	0	red	left	aware	1	0
49.645	0.000	trigger_201	201	49645	Trigger-In:201	1	trial_end_completed	salient	0	red	left	aware	1	0
51.180	0.000	trigger_101	101	51180	Trigger-In:101	2	trial_start	staircase	20	green	right	aware	1	0
51.285	0.000	trigger_11	11	51285	Trigger-In:11	2	fixation_point_on	staircase	20	green	right	aware	1	0
51.885	0.000	trigger_21	21	51885	Trigger-In:21	2	grating_on	staircase	20	green	right	aware	1	0
51.940	0.000	trigger_20	20	51940	Trigger-In:20	2	grating_off	staircase	20	green	right	aware	1	0
52.540	0.000	trigger_31	31	52540	Trigger-In:31	2	targets_on_fp_color_change	staircase	20	green	right	aware	1	0
53.315	0.000	trigger_201	201	53315	Trigger-In:201	2	trial_end_completed	staircase	20	green	right	aware	1	0
54.395	0.000	trigger_101	101	54395	Trigger-In:101	3	trial_start	staircase	19	green	left	unaware	1	0
54.500	0.000	trigger_11	11	54500	Trigger-In:11	3	fixation_point_on	staircase	19	green	left	unaware	1	0
55.100	0.000	trigger_21	21	55100	Trigger-In:21	3	grating_on	staircase	19	green	left	unaware	1	0
55.155	0.000	trigger_20	20	55155	Trigger-In:20	3	grating_off	staircase	19	green	left	unaware	1	0
55.755	0.000	trigger_31	31	55755	Trigger-In:31	3	targets_on_fp_color_change	staircase	19	green	left	unaware	1	0
56.655	0.000	trigger_201	201	56655	Trigger-In:201	3	trial_end_completed	staircase	19	green	left	unaware	1	0
57.725	0.000	trigger_101	101	57725	Trigger-In:101	4	trial_start	staircase	20	red	left	aware	1	0
57.830	0.000	trigger_11	11	57830	Trigger-In:11	4	fixation_point_on	staircase	20	red	left	aware	1	0
58.430	0.000	trigger_21	21	58430	Trigger-In:21	4	grating_on	staircase	20	red	left	aware	1	0
58.480	0.000	trigger_20	20	58480	Trigger-In:20	4	grating_off	staircase	20	red	left	aware	1	0
59.080	0.000	trigger_31	31	59080	Trigger-In:31	4	targets_on_fp_color_change	staircase	20	red	left	aware	1	0
60.615	0.000	trigger_201	201	60615	Trigger-In:201	4	trial_end_completed	staircase	20	red	left	aware	1	0
61.700	0.000	trigger_101	101	61700	Trigger-In:101	5	trial_start	staircase	19	green	n/a	n/a	0	1
61.805	0.000	trigger_11	11	61805	Trigger-In:11	5	fixation_point_on	staircase	19	green	n/a	n/a	0	1
62.150	0.000	trigger_204	204	62150	Trigger-In:204	5	trial_end_fixation_break	staircase	19	green	n/a	n/a	0	1
63.875	0.000	trigger_101	101	63875	Trigger-In:101	6	trial_start	staircase	19	red	left	aware	1	0
63.975	0.000	trigger_11	11	63975	Trigger-In:11	6	fixation_point_on	staircase	19	red	left	aware	1	0
64.575	0.000	trigger_21	21	64575	Trigger-In:21	6	grating_on	staircase	19	red	left	aware	1	0
64.625	0.000	trigger_20	20	64625	Trigger-In:20	6	grating_off	staircase	19	red	left	aware	1	0
65.225	0.000	trigger_31	31	65225	Trigger-In:31	6	targets_on_fp_color_change	staircase	19	red	left	aware	1	0
66.445	0.000	trigger_201	201	66445	Trigger-In:201	6	trial_end_completed	staircase	19	red	left	aware	1	0
67.515	0.000	trigger_101	101	67515	Trigger-In:101	7	trial_start	salient	0	green	left	unaware	1	0
67.620	0.000	trigger_11	11	67620	Trigger-In:11	7	fixation_point_on	salient	0	green	left	unaware	1	0
68.220	0.000	trigger_21	21	68220	Trigger-In:21	7	grating_on	salient	0	green	left	unaware	1	0
68.270	0.000	trigger_20	20	68270	Trigger-In:20	7	grating_off	salient	0	green	left	unaware	1	0
68.875	0.000	trigger_31	31	68875	Trigger-In:31	7	targets_on_fp_color_change	salient	0	green	left	unaware	1	0
70.295	0.000	trigger_201	201	70295	Trigger-In:201	7	trial_end_completed	salient	0	green	left	unaware	1	0
71.360	0.000	trigger_101	101	71360	Trigger-In:101	8	trial_start	staircase	18	green	right	aware	1	0
71.465	0.000	trigger_11	11	71465	Trigger-In:11	8	fixation_point_on	staircase	18	green	right	aware	1	0
72.065	0.000	trigger_21	21	72065	Trigger-In:21	8	grating_on	staircase	18	green	right	aware	1	0
72.115	0.000	trigger_20	20	72115	Trigger-In:20	8	grating_off	staircase	18	green	right	aware	1	0
72.715	0.000	trigger_31	31	72715	Trigger-In:31	8	targets_on_fp_color_change	staircase	18	green	right	aware	1	0
73.640	0.000	trigger_201	201	73640	Trigger-In:201	8	trial_end_completed	staircase	18	green	right	aware	1	0
74.710	0.000	trigger_101	101	74710	Trigger-In:101	9	trial_start	absent	70	green	right	aware	1	0
74.815	0.000	trigger_11	11	74815	Trigger-In:11	9	fixation_point_on	absent	70	green	right	aware	1	0
75.415	0.000	trigger_21	21	75415	Trigger-In:21	9	grating_on	absent	70	green	right	aware	1	0
75.465	0.000	trigger_20	20	75465	Trigger-In:20	9	grating_off	absent	70	green	right	aware	1	0
76.065	0.000	trigger_31	31	76065	Trigger-In:31	9	targets_on_fp_color_change	absent	70	green	right	aware	1	0
76.830	0.000	trigger_201	201	76830	Trigger-In:201	9	trial_end_completed	absent	70	green	right	aware	1	0
77.895	0.000	trigger_101	101	77895	Trigger-In:101	10	trial_start	staircase	17	green	right	aware	1	0
78.000	0.000	trigger_11	11	78000	Trigger-In:11	10	fixation_point_on	staircase	17	green	right	aware	1	0
78.600	0.000	trigger_21	21	78600	Trigger-In:21	10	grating_on	staircase	17	green	right	aware	1	0
78.650	0.000	trigger_20	20	78650	Trigger-In:20	10	grating_off	staircase	17	green	right	aware	1	0
79.250	0.000	trigger_31	31	79250	Trigger-In:31	10	targets_on_fp_color_change	staircase	17	green	right	aware	1	0
80.420	0.000	trigger_201	201	80420	Trigger-In:201	10	trial_end_completed	staircase	17	green	right	aware	1	0
81.485	0.000	trigger_101	101	81485	Trigger-In:101	11	trial_start	absent	70	red	left	aware	1	0
81.590	0.000	trigger_11	11	81590	Trigger-In:11	11	fixation_point_on	absent	70	red	left	aware	1	0
82.190	0.000	trigger_21	21	82190	Trigger-In:21	11	grating_on	absent	70	red	left	aware	1	0
82.240	0.000	trigger_20	20	82240	Trigger-In:20	11	grating_off	absent	70	red	left	aware	1	0
82.845	0.000	trigger_31	31	82845	Trigger-In:31	11	targets_on_fp_color_change	absent	70	red	left	aware	1	0
83.790	0.000	trigger_201	201	83790	Trigger-In:201	11	trial_end_completed	absent	70	red	left	aware	1	0
84.855	0.000	trigger_101	101	84855	Trigger-In:101	12	trial_start	staircase	16	red	left	aware	1	0
84.955	0.000	trigger_11	11	84955	Trigger-In:11	12	fixation_point_on	staircase	16	red	left	aware	1	0
85.560	0.000	trigger_21	21	85560	Trigger-In:21	12	grating_on	staircase	16	red	left	aware	1	0
85.610	0.000	trigger_20	20	85610	Trigger-In:20	12	grating_off	staircase	16	red	left	aware	1	0
86.210	0.000	trigger_31	31	86210	Trigger-In:31	12	targets_on_fp_color_change	staircase	16	red	left	aware	1	0
87.065	0.000	trigger_201	201	87065	Trigger-In:201	12	trial_end_completed	staircase	16	red	left	aware	1	0
88.135	0.000	trigger_101	101	88135	Trigger-In:101	13	trial_start	staircase	15	green	left	unaware	1	0
88.235	0.000	trigger_11	11	88235	Trigger-In:11	13	fixation_point_on	staircase	15	green	left	unaware	1	0
88.835	0.000	trigger_21	21	88835	Trigger-In:21	13	grating_on	staircase	15	green	left	unaware	1	0
88.890	0.000	trigger_20	20	88890	Trigger-In:20	13	grating_off	staircase	15	green	left	unaware	1	0
89.490	0.000	trigger_31	31	89490	Trigger-In:31	13	targets_on_fp_color_change	staircase	15	green	left	unaware	1	0
90.925	0.000	trigger_201	201	90925	Trigger-In:201	13	trial_end_completed	staircase	15	green	left	unaware	1	0
91.990	0.000	trigger_101	101	91990	Trigger-In:101	14	trial_start	staircase	16	red	left	aware	1	0
92.095	0.000	trigger_11	11	92095	Trigger-In:11	14	fixation_point_on	staircase	16	red	left	aware	1	0
92.695	0.000	trigger_21	21	92695	Trigger-In:21	14	grating_on	staircase	16	red	left	aware	1	0
92.750	0.000	trigger_20	20	92750	Trigger-In:20	14	grating_off	staircase	16	red	left	aware	1	0
93.350	0.000	trigger_31	31	93350	Trigger-In:31	14	targets_on_fp_color_change	staircase	16	red	left	aware	1	0
95.145	0.000	trigger_201	201	95145	Trigger-In:201	14	trial_end_completed	staircase	16	red	left	aware	1	0
96.215	0.000	trigger_101	101	96215	Trigger-In:101	15	trial_start	salient	0	green	right	aware	1	0
96.315	0.000	trigger_11	11	96315	Trigger-In:11	15	fixation_point_on	salient	0	green	right	aware	1	0
96.920	0.000	trigger_21	21	96920	Trigger-In:21	15	grating_on	salient	0	green	right	aware	1	0
96.970	0.000	trigger_20	20	96970	Trigger-In:20	15	grating_off	salient	0	green	right	aware	1	0
97.570	0.000	trigger_31	31	97570	Trigger-In:31	15	targets_on_fp_color_change	salient	0	green	right	aware	1	0
98.415	0.000	trigger_201	201	98415	Trigger-In:201	15	trial_end_completed	salient	0	green	right	aware	1	0
99.735	0.000	trigger_101	101	99735	Trigger-In:101	16	trial_start	staircase	15	red	n/a	n/a	0	0
99.835	0.000	trigger_11	11	99835	Trigger-In:11	16	fixation_point_on	staircase	15	red	n/a	n/a	0	0
100.435	0.000	trigger_21	21	100435	Trigger-In:21	16	grating_on	staircase	15	red	n/a	n/a	0	0
100.490	0.000	trigger_20	20	100490	Trigger-In:20	16	grating_off	staircase	15	red	n/a	n/a	0	0
101.090	0.000	trigger_31	31	101090	Trigger-In:31	16	targets_on_fp_color_change	staircase	15	red	n/a	n/a	0	0
103.055	0.000	trigger_203	203	103055	Trigger-In:203	16	trial_end_not_completed	staircase	15	red	n/a	n/a	0	0
104.155	0.000	trigger_101	101	104155	Trigger-In:101	17	trial_start	staircase	15	red	right	unaware	1	0
104.255	0.000	trigger_11	11	104255	Trigger-In:11	17	fixation_point_on	staircase	15	red	right	unaware	1	0
104.860	0.000	trigger_21	21	104860	Trigger-In:21	17	grating_on	staircase	15	red	right	unaware	1	0
104.910	0.000	trigger_20	20	104910	Trigger-In:20	17	grating_off	staircase	15	red	right	unaware	1	0
105.510	0.000	trigger_31	31	105510	Trigger-In:31	17	targets_on_fp_color_change	staircase	15	red	right	unaware	1	0
107.120	0.000	trigger_201	201	107120	Trigger-In:201	17	trial_end_completed	staircase	15	red	right	unaware	1	0
108.190	0.000	trigger_101	101	108190	Trigger-In:101	18	trial_start	staircase	16	red	left	aware	1	0
108.295	0.000	trigger_11	11	108295	Trigger-In:11	18	fixation_point_on	staircase	16	red	left	aware	1	0
108.895	0.000	trigger_21	21	108895	Trigger-In:21	18	grating_on	staircase	16	red	left	aware	1	0
108.945	0.000	trigger_20	20	108945	Trigger-In:20	18	grating_off	staircase	16	red	left	aware	1	0
109.545	0.000	trigger_31	31	109545	Trigger-In:31	18	targets_on_fp_color_change	staircase	16	red	left	aware	1	0
110.650	0.000	trigger_201	201	110650	Trigger-In:201	18	trial_end_completed	staircase	16	red	left	aware	1	0
111.715	0.000	trigger_101	101	111715	Trigger-In:101	19	trial_start	staircase	15	green	right	aware	1	0
111.820	0.000	trigger_11	11	111820	Trigger-In:11	19	fixation_point_on	staircase	15	green	right	aware	1	0
112.420	0.000	trigger_21	21	112420	Trigger-In:21	19	grating_on	staircase	15	green	right	aware	1	0
112.475	0.000	trigger_20	20	112475	Trigger-In:20	19	grating_off	staircase	15	green	right	aware	1	0
113.075	0.000	trigger_31	31	113075	Trigger-In:31	19	targets_on_fp_color_change	staircase	15	green	right	aware	1	0
113.935	0.000	trigger_201	201	113935	Trigger-In:201	19	trial_end_completed	staircase	15	green	right	aware	1	0
115.000	0.000	trigger_101	101	115000	Trigger-In:101	20	trial_start	staircase	14	green	left	unaware	1	0
115.105	0.000	trigger_11	11	115105	Trigger-In:11	20	fixation_point_on	staircase	14	green	left	unaware	1	0
115.705	0.000	trigger_21	21	115705	Trigger-In:21	20	grating_on	staircase	14	green	left	unaware	1	0
115.755	0.000	trigger_20	20	115755	Trigger-In:20	20	grating_off	staircase	14	green	left	unaware	1	0
116.355	0.000	trigger_31	31	116355	Trigger-In:31	20	targets_on_fp_color_change	staircase	14	green	left	unaware	1	0
117.370	0.000	trigger_201	201	117370	Trigger-In:201	20	trial_end_completed	staircase	14	green	left	unaware	1	0
118.440	0.000	trigger_101	101	118440	Trigger-In:101	21	trial_start	salient	0	red	right	unaware	1	0
118.545	0.000	trigger_11	11	118545	Trigger-In:11	21	fixation_point_on	salient	0	red	right	unaware	1	0
119.145	0.000	trigger_21	21	119145	Trigger-In:21	21	grating_on	salient	0	red	right	unaware	1	0
119.195	0.000	trigger_20	20	119195	Trigger-In:20	21	grating_off	salient	0	red	right	unaware	1	0
119.795	0.000	trigger_31	31	119795	Trigger-In:31	21	targets_on_fp_color_change	salient	0	red	right	unaware	1	0
121.230	0.000	trigger_201	201	121230	Trigger-In:201	21	trial_end_completed	salient	0	red	right	unaware	1	0
122.295	0.000	trigger_101	101	122295	Trigger-In:101	22	trial_start	salient	0	green	left	unaware	1	0
122.400	0.000	trigger_11	11	122400	Trigger-In:11	22	fixation_point_on	salient	0	green	left	unaware	1	0
123.000	0.000	trigger_21	21	123000	Trigger-In:21	22	grating_on	salient	0	green	left	unaware	1	0
123.050	0.000	trigger_20	20	123050	Trigger-In:20	22	grating_off	salient	0	green	left	unaware	1	0
123.650	0.000	trigger_31	31	123650	Trigger-In:31	22	targets_on_fp_color_change	salient	0	green	left	unaware	1	0
124.620	0.000	trigger_201	201	124620	Trigger-In:201	22	trial_end_completed	salient	0	green	left	unaware	1	0
125.685	0.000	trigger_101	101	125685	Trigger-In:101	23	trial_start	staircase	15	red	left	aware	1	0
125.790	0.000	trigger_11	11	125790	Trigger-In:11	23	fixation_point_on	staircase	15	red	left	aware	1	0
126.395	0.000	trigger_21	21	126395	Trigger-In:21	23	grating_on	staircase	15	red	left	aware	1	0
126.445	0.000	trigger_20	20	126445	Trigger-In:20	23	grating_off	staircase	15	red	left	aware	1	0
127.045	0.000	trigger_31	31	127045	Trigger-In:31	23	targets_on_fp_color_change	staircase	15	red	left	aware	1	0
128.365	0.000	trigger_201	201	128365	Trigger-In:201	23	trial_end_completed	staircase	15	red	left	aware	1	0
129.430	0.000	trigger_101	101	129430	Trigger-In:101	24	trial_start	staircase	14	green	right	aware	1	0
129.535	0.000	trigger_11	11	129535	Trigger-In:11	24	fixation_point_on	staircase	14	green	right	aware	1	0
130.135	0.000	trigger_21	21	130135	Trigger-In:21	24	grating_on	staircase	14	green	right	aware	1	0
130.190	0.000	trigger_20	20	130190	Trigger-In:20	24	grating_off	staircase	14	green	right	aware	1	0
130.790	0.000	trigger_31	31	130790	Trigger-In:31	24	targets_on_fp_color_change	staircase	14	green	right	aware	1	0
131.910	0.000	trigger_201	201	131910	Trigger-In:201	24	trial_end_completed	staircase	14	green	right	aware	1	0
132.980	0.000	trigger_101	101	132980	Trigger-In:101	25	trial_start	absent	70	green	right	aware	1	0
133.080	0.000	trigger_11	11	133080	Trigger-In:11	25	fixation_point_on	absent	70	green	right	aware	1	0
133.680	0.000	trigger_21	21	133680	Trigger-In:21	25	grating_on	absent	70	green	right	aware	1	0
133.730	0.000	trigger_20	20	133730	Trigger-In:20	25	grating_off	absent	70	green	right	aware	1	0
134.330	0.000	trigger_31	31	134330	Trigger-In:31	25	targets_on_fp_color_change	absent	70	green	right	aware	1	0
134.985	0.000	trigger_201	201	134985	Trigger-In:201	25	trial_end_completed	absent	70	green	right	aware	1	0
136.050	0.000	trigger_101	101	136050	Trigger-In:101	26	trial_start	staircase	13	red	left	aware	1	0
136.155	0.000	trigger_11	11	136155	Trigger-In:11	26	fixation_point_on	staircase	13	red	left	aware	1	0
136.755	0.000	trigger_21	21	136755	Trigger-In:21	26	grating_on	staircase	13	red	left	aware	1	0
136.805	0.000	trigger_20	20	136805	Trigger-In:20	26	grating_off	staircase	13	red	left	aware	1	0
137.405	0.000	trigger_31	31	137405	Trigger-In:31	26	targets_on_fp_color_change	staircase	13	red	left	aware	1	0
138.440	0.000	trigger_201	201	138440	Trigger-In:201	26	trial_end_completed	staircase	13	red	left	aware	1	0
139.505	0.000	trigger_101	101	139505	Trigger-In:101	27	trial_start	staircase	12	red	left	aware	1	0
139.610	0.000	trigger_11	11	139610	Trigger-In:11	27	fixation_point_on	staircase	12	red	left	aware	1	0
140.210	0.000	trigger_21	21	140210	Trigger-In:21	27	grating_on	staircase	12	red	left	aware	1	0
140.260	0.000	trigger_20	20	140260	Trigger-In:20	27	grating_off	staircase	12	red	left	aware	1	0
140.860	0.000	trigger_31	31	140860	Trigger-In:31	27	targets_on_fp_color_change	staircase	12	red	left	aware	1	0
142.140	0.000	trigger_201	201	142140	Trigger-In:201	27	trial_end_completed	staircase	12	red	left	aware	1	0
143.205	0.000	trigger_101	101	143205	Trigger-In:101	28	trial_start	staircase	11	green	right	aware	1	0
143.310	0.000	trigger_11	11	143310	Trigger-In:11	28	fixation_point_on	staircase	11	green	right	aware	1	0
143.910	0.000	trigger_21	21	143910	Trigger-In:21	28	grating_on	staircase	11	green	right	aware	1	0
143.960	0.000	trigger_20	20	143960	Trigger-In:20	28	grating_off	staircase	11	green	right	aware	1	0
144.560	0.000	trigger_31	31	144560	Trigger-In:31	28	targets_on_fp_color_change	staircase	11	green	right	aware	1	0
145.360	0.000	trigger_201	201	145360	Trigger-In:201	28	trial_end_completed	staircase	11	green	right	aware	1	0
146.425	0.000	trigger_101	101	146425	Trigger-In:101	29	trial_start	staircase	10	red	right	unaware	1	0
146.530	0.000	trigger_11	11	146530	Trigger-In:11	29	fixation_point_on	staircase	10	red	right	unaware	1	0
147.130	0.000	trigger_21	21	147130	Trigger-In:21	29	grating_on	staircase	10	red	right	unaware	1	0
147.180	0.000	trigger_20	20	147180	Trigger-In:20	29	grating_off	staircase	10	red	right	unaware	1	0
147.785	0.000	trigger_31	31	147785	Trigger-In:31	29	targets_on_fp_color_change	staircase	10	red	right	unaware	1	0
149.610	0.000	trigger_201	201	149610	Trigger-In:201	29	trial_end_completed	staircase	10	red	right	unaware	1	0
150.680	0.000	trigger_101	101	150680	Trigger-In:101	30	trial_start	staircase	11	green	right	aware	1	0
150.780	0.000	trigger_11	11	150780	Trigger-In:11	30	fixation_point_on	staircase	11	green	right	aware	1	0
151.385	0.000	trigger_21	21	151385	Trigger-In:21	30	grating_on	staircase	11	green	right	aware	1	0
151.435	0.000	trigger_20	20	151435	Trigger-In:20	30	grating_off	staircase	11	green	right	aware	1	0
152.035	0.000	trigger_31	31	152035	Trigger-In:31	30	targets_on_fp_color_change	staircase	11	green	right	aware	1	0
153.310	0.000	trigger_201	201	153310	Trigger-In:201	30	trial_end_completed	staircase	11	green	right	aware	1	0
154.380	0.000	trigger_101	101	154380	Trigger-In:101	31	trial_start	staircase	10	red	n/a	n/a	0	0
154.480	0.000	trigger_11	11	154480	Trigger-In:11	31	fixation_point_on	staircase	10	red	n/a	n/a	0	0
155.080	0.000	trigger_21	21	155080	Trigger-In:21	31	grating_on	staircase	10	red	n/a	n/a	0	0
155.135	0.000	trigger_20	20	155135	Trigger-In:20	31	grating_off	staircase	10	red	n/a	n/a	0	0
155.735	0.000	trigger_31	31	155735	Trigger-In:31	31	targets_on_fp_color_change	staircase	10	red	n/a	n/a	0	0
157.705	0.000	trigger_203	203	157705	Trigger-In:203	31	trial_end_not_completed	staircase	10	red	n/a	n/a	0	0
158.800	0.000	trigger_101	101	158800	Trigger-In:101	32	trial_start	staircase	10	red	right	unaware	1	0
158.905	0.000	trigger_11	11	158905	Trigger-In:11	32	fixation_point_on	staircase	10	red	right	unaware	1	0
159.505	0.000	trigger_21	21	159505	Trigger-In:21	32	grating_on	staircase	10	red	right	unaware	1	0
159.555	0.000	trigger_20	20	159555	Trigger-In:20	32	grating_off	staircase	10	red	right	unaware	1	0
160.155	0.000	trigger_31	31	160155	Trigger-In:31	32	targets_on_fp_color_change	staircase	10	red	right	unaware	1	0
161.195	0.000	trigger_201	201	161195	Trigger-In:201	32	trial_end_completed	staircase	10	red	right	unaware	1	0
162.265	0.000	trigger_101	101	162265	Trigger-In:101	33	trial_start	staircase	11	green	left	unaware	1	0
162.370	0.000	trigger_11	11	162370	Trigger-In:11	33	fixation_point_on	staircase	11	green	left	unaware	1	0
162.970	0.000	trigger_21	21	162970	Trigger-In:21	33	grating_on	staircase	11	green	left	unaware	1	0
163.020	0.000	trigger_20	20	163020	Trigger-In:20	33	grating_off	staircase	11	green	left	unaware	1	0
163.620	0.000	trigger_31	31	163620	Trigger-In:31	33	targets_on_fp_color_change	staircase	11	green	left	unaware	1	0
164.970	0.000	trigger_201	201	164970	Trigger-In:201	33	trial_end_completed	staircase	11	green	left	unaware	1	0
166.035	0.000	trigger_101	101	166035	Trigger-In:101	34	trial_start	absent	70	red	left	aware	1	0
166.140	0.000	trigger_11	11	166140	Trigger-In:11	34	fixation_point_on	absent	70	red	left	aware	1	0
166.740	0.000	trigger_21	21	166740	Trigger-In:21	34	grating_on	absent	70	red	left	aware	1	0
166.790	0.000	trigger_20	20	166790	Trigger-In:20	34	grating_off	absent	70	red	left	aware	1	0
167.390	0.000	trigger_31	31	167390	Trigger-In:31	34	targets_on_fp_color_change	absent	70	red	left	aware	1	0
168.325	0.000	trigger_201	201	168325	Trigger-In:201	34	trial_end_completed	absent	70	red	left	aware	1	0
169.395	0.000	trigger_101	101	169395	Trigger-In:101	35	trial_start	staircase	12	red	right	unaware	1	0
169.500	0.000	trigger_11	11	169500	Trigger-In:11	35	fixation_point_on	staircase	12	red	right	unaware	1	0
170.100	0.000	trigger_21	21	170100	Trigger-In:21	35	grating_on	staircase	12	red	right	unaware	1	0
170.150	0.000	trigger_20	20	170150	Trigger-In:20	35	grating_off	staircase	12	red	right	unaware	1	0
170.750	0.000	trigger_31	31	170750	Trigger-In:31	35	targets_on_fp_color_change	staircase	12	red	right	unaware	1	0
171.770	0.000	trigger_201	201	171770	Trigger-In:201	35	trial_end_completed	staircase	12	red	right	unaware	1	0
172.840	0.000	trigger_101	101	172840	Trigger-In:101	36	trial_start	staircase	13	red	right	unaware	1	0
172.945	0.000	trigger_11	11	172945	Trigger-In:11	36	fixation_point_on	staircase	13	red	right	unaware	1	0
173.545	0.000	trigger_21	21	173545	Trigger-In:21	36	grating_on	staircase	13	red	right	unaware	1	0
173.595	0.000	trigger_20	20	173595	Trigger-In:20	36	grating_off	staircase	13	red	right	unaware	1	0
174.195	0.000	trigger_31	31	174195	Trigger-In:31	36	targets_on_fp_color_change	staircase	13	red	right	unaware	1	0
175.705	0.000	trigger_201	201	175705	Trigger-In:201	36	trial_end_completed	staircase	13	red	right	unaware	1	0
176.775	0.000	trigger_101	101	176775	Trigger-In:101	37	trial_start	staircase	14	green	left	unaware	1	0
176.880	0.000	trigger_11	11	176880	Trigger-In:11	37	fixation_point_on	staircase	14	green	left	unaware	1	0
177.480	0.000	trigger_21	21	177480	Trigger-In:21	37	grating_on	staircase	14	green	left	unaware	1	0
177.530	0.000	trigger_20	20	177530	Trigger-In:20	37	grating_off	staircase	14	green	left	unaware	1	0
178.130	0.000	trigger_31	31	178130	Trigger-In:31	37	targets_on_fp_color_change	staircase	14	green	left	unaware	1	0
179.470	0.000	trigger_201	201	179470	Trigger-In:201	37	trial_end_completed	staircase	14	green	left	unaware	1	0
180.535	0.000	trigger_101	101	180535	Trigger-In:101	38	trial_start	staircase	15	green	n/a	n/a	0	0
180.640	0.000	trigger_11	11	180640	Trigger-In:11	38	fixation_point_on	staircase	15	green	n/a	n/a	0	0
181.240	0.000	trigger_21	21	181240	Trigger-In:21	38	grating_on	staircase	15	green	n/a	n/a	0	0
181.290	0.000	trigger_20	20	181290	Trigger-In:20	38	grating_off	staircase	15	green	n/a	n/a	0	0
181.890	0.000	trigger_31	31	181890	Trigger-In:31	38	targets_on_fp_color_change	staircase	15	green	n/a	n/a	0	0
183.855	0.000	trigger_203	203	183855	Trigger-In:203	38	trial_end_not_completed	staircase	15	green	n/a	n/a	0	0
184.955	0.000	trigger_101	101	184955	Trigger-In:101	39	trial_start	staircase	15	red	left	aware	1	0
185.055	0.000	trigger_11	11	185055	Trigger-In:11	39	fixation_point_on	staircase	15	red	left	aware	1	0
185.660	0.000	trigger_21	21	185660	Trigger-In:21	39	grating_on	staircase	15	red	left	aware	1	0
185.710	0.000	trigger_20	20	185710	Trigger-In:20	39	grating_off	staircase	15	red	left	aware	1	0
186.310	0.000	trigger_31	31	186310	Trigger-In:31	39	targets_on_fp_color_change	staircase	15	red	left	aware	1	0
187.660	0.000	trigger_201	201	187660	Trigger-In:201	39	trial_end_completed	staircase	15	red	left	aware	1	0
188.730	0.000	trigger_101	101	188730	Trigger-In:101	40	trial_start	staircase	14	green	left	unaware	1	0
188.995	0.000	trigger_11	11	188995	Trigger-In:11	40	fixation_point_on	staircase	14	green	left	unaware	1	0
189.595	0.000	trigger_21	21	189595	Trigger-In:21	40	grating_on	staircase	14	green	left	unaware	1	0
189.645	0.000	trigger_20	20	189645	Trigger-In:20	40	grating_off	staircase	14	green	left	unaware	1	0
190.245	0.000	trigger_31	31	190245	Trigger-In:31	40	targets_on_fp_color_change	staircase	14	green	left	unaware	1	0
191.680	0.000	trigger_201	201	191680	Trigger-In:201	40	trial_end_completed	staircase	14	green	left	unaware	1	0
192.750	0.000	trigger_101	101	192750	Trigger-In:101	41	trial_start	salient	0	red	right	unaware	1	0
192.855	0.000	trigger_11	11	192855	Trigger-In:11	41	fixation_point_on	salient	0	red	right	unaware	1	0
193.455	0.000	trigger_21	21	193455	Trigger-In:21	41	grating_on	salient	0	red	right	unaware	1	0
193.505	0.000	trigger_20	20	193505	Trigger-In:20	41	grating_off	salient	0	red	right	unaware	1	0
194.105	0.000	trigger_31	31	194105	Trigger-In:31	41	targets_on_fp_color_change	salient	0	red	right	unaware	1	0
195.600	0.000	trigger_201	201	195600	Trigger-In:201	41	trial_end_completed	salient	0	red	right	unaware	1	0
196.670	0.000	trigger_101	101	196670	Trigger-In:101	42	trial_start	staircase	15	red	right	unaware	1	0
196.770	0.000	trigger_11	11	196770	Trigger-In:11	42	fixation_point_on	staircase	15	red	right	unaware	1	0
197.370	0.000	trigger_21	21	197370	Trigger-In:21	42	grating_on	staircase	15	red	right	unaware	1	0
197.420	0.000	trigger_20	20	197420	Trigger-In:20	42	grating_off	staircase	15	red	right	unaware	1	0
198.020	0.000	trigger_31	31	198020	Trigger-In:31	42	targets_on_fp_color_change	staircase	15	red	right	unaware	1	0
199.175	0.000	trigger_201	201	199175	Trigger-In:201	42	trial_end_completed	staircase	15	red	right	unaware	1	0
200.245	0.000	trigger_101	101	200245	Trigger-In:101	43	trial_start	staircase	16	green	left	unaware	1	0
200.345	0.000	trigger_11	11	200345	Trigger-In:11	43	fixation_point_on	staircase	16	green	left	unaware	1	0
200.945	0.000	trigger_21	21	200945	Trigger-In:21	43	grating_on	staircase	16	green	left	unaware	1	0
200.995	0.000	trigger_20	20	200995	Trigger-In:20	43	grating_off	staircase	16	green	left	unaware	1	0
201.595	0.000	trigger_31	31	201595	Trigger-In:31	43	targets_on_fp_color_change	staircase	16	green	left	unaware	1	0
202.780	0.000	trigger_201	201	202780	Trigger-In:201	43	trial_end_completed	staircase	16	green	left	unaware	1	0
203.845	0.000	trigger_101	101	203845	Trigger-In:101	44	trial_start	staircase	17	green	left	unaware	1	0
203.950	0.000	trigger_11	11	203950	Trigger-In:11	44	fixation_point_on	staircase	17	green	left	unaware	1	0
204.550	0.000	trigger_21	21	204550	Trigger-In:21	44	grating_on	staircase	17	green	left	unaware	1	0
204.600	0.000	trigger_20	20	204600	Trigger-In:20	44	grating_off	staircase	17	green	left	unaware	1	0
205.200	0.000	trigger_31	31	205200	Trigger-In:31	44	targets_on_fp_color_change	staircase	17	green	left	unaware	1	0
206.175	0.000	trigger_201	201	206175	Trigger-In:201	44	trial_end_completed	staircase	17	green	left	unaware	1	0
207.245	0.000	trigger_101	101	207245	Trigger-In:101	45	trial_start	staircase	18	red	right	unaware	1	0
207.345	0.000	trigger_11	11	207345	Trigger-In:11	45	fixation_point_on	staircase	18	red	right	unaware	1	0
207.950	0.000	trigger_21	21	207950	Trigger-In:21	45	grating_on	staircase	18	red	right	unaware	1	0
208.000	0.000	trigger_20	20	208000	Trigger-In:20	45	grating_off	staircase	18	red	right	unaware	1	0
208.600	0.000	trigger_31	31	208600	Trigger-In:31	45	targets_on_fp_color_change	staircase	18	red	right	unaware	1	0
210.045	0.000	trigger_201	201	210045	Trigger-In:201	45	trial_end_completed	staircase	18	red	right	unaware	1	0
211.115	0.000	trigger_101	101	211115	Trigger-In:101	46	trial_start	staircase	19	red	left	aware	1	0
211.220	0.000	trigger_11	11	211220	Trigger-In:11	46	fixation_point_on	staircase	19	red	left	aware	1	0
211.820	0.000	trigger_21	21	211820	Trigger-In:21	46	grating_on	staircase	19	red	left	aware	1	0
211.870	0.000	trigger_20	20	211870	Trigger-In:20	46	grating_off	staircase	19	red	left	aware	1	0
212.470	0.000	trigger_31	31	212470	Trigger-In:31	46	targets_on_fp_color_change	staircase	19	red	left	aware	1	0
213.725	0.000	trigger_201	201	213725	Trigger-In:201	46	trial_end_completed	staircase	19	red	left	aware	1	0
214.790	0.000	trigger_101	101	214790	Trigger-In:101	47	trial_start	staircase	18	green	right	aware	1	0
215.165	0.000	trigger_11	11	215165	Trigger-In:11	47	fixation_point_on	staircase	18	green	right	aware	1	0
215.770	0.000	trigger_21	21	215770	Trigger-In:21	47	grating_on	staircase	18	green	right	aware	1	0
215.825	0.000	trigger_20	20	215825	Trigger-In:20	47	grating_off	staircase	18	green	right	aware	1	0
216.425	0.000	trigger_31	31	216425	Trigger-In:31	47	targets_on_fp_color_change	staircase	18	green	right	aware	1	0
217.515	0.000	trigger_201	201	217515	Trigger-In:201	47	trial_end_completed	staircase	18	green	right	aware	1	0
218.580	0.000	trigger_101	101	218580	Trigger-In:101	48	trial_start	salient	0	green	left	unaware	1	0
218.685	0.000	trigger_11	11	218685	Trigger-In:11	48	fixation_point_on	salient	0	green	left	unaware	1	0
219.285	0.000	trigger_21	21	219285	Trigger-In:21	48	grating_on	salient	0	green	left	unaware	1	0
219.335	0.000	trigger_20	20	219335	Trigger-In:20	48	grating_off	salient	0	green	left	unaware	1	0
219.935	0.000	trigger_31	31	219935	Trigger-In:31	48	targets_on_fp_color_change	salient	0	green	left	unaware	1	0
220.825	0.000	trigger_201	201	220825	Trigger-In:201	48	trial_end_completed	salient	0	green	left	unaware	1	0
221.895	0.000	trigger_101	101	221895	Trigger-In:101	49	trial_start	staircase	17	red	right	unaware	1	0
221.995	0.000	trigger_11	11	221995	Trigger-In:11	49	fixation_point_on	staircase	17	red	right	unaware	1	0
222.595	0.000	trigger_21	21	222595	Trigger-In:21	49	grating_on	staircase	17	red	right	unaware	1	0
222.645	0.000	trigger_20	20	222645	Trigger-In:20	49	grating_off	staircase	17	red	right	unaware	1	0
223.245	0.000	trigger_31	31	223245	Trigger-In:31	49	targets_on_fp_color_change	staircase	17	red	right	unaware	1	0
224.735	0.000	trigger_201	201	224735	Trigger-In:201	49	trial_end_completed	staircase	17	red	right	unaware	1	0
225.800	0.000	trigger_101	101	225800	Trigger-In:101	50	trial_start	staircase	18	green	right	aware	1	0
225.905	0.000	trigger_11	11	225905	Trigger-In:11	50	fixation_point_on	staircase	18	green	right	aware	1	0
226.505	0.000	trigger_21	21	226505	Trigger-In:21	50	grating_on	staircase	18	green	right	aware	1	0
226.555	0.000	trigger_20	20	226555	Trigger-In:20	50	grating_off	staircase	18	green	right	aware	1	0
227.160	0.000	trigger_31	31	227160	Trigger-In:31	50	targets_on_fp_color_change	staircase	18	green	right	aware	1	0
228.050	0.000	trigger_201	201	228050	Trigger-In:201	50	trial_end_completed	staircase	18	green	right	aware	1	0
229.115	0.000	trigger_101	101	229115	Trigger-In:101	51	trial_start	staircase	17	green	left	unaware	1	0
229.220	0.000	trigger_11	11	229220	Trigger-In:11	51	fixation_point_on	staircase	17	green	left	unaware	1	0
229.820	0.000	trigger_21	21	229820	Trigger-In:21	51	grating_on	staircase	17	green	left	unaware	1	0
229.870	0.000	trigger_20	20	229870	Trigger-In:20	51	grating_off	staircase	17	green	left	unaware	1	0
230.470	0.000	trigger_31	31	230470	Trigger-In:31	51	targets_on_fp_color_change	staircase	17	green	left	unaware	1	0
231.330	0.000	trigger_201	201	231330	Trigger-In:201	51	trial_end_completed	staircase	17	green	left	unaware	1	0
232.400	0.000	trigger_101	101	232400	Trigger-In:101	52	trial_start	staircase	18	red	right	unaware	1	0
232.505	0.000	trigger_11	11	232505	Trigger-In:11	52	fixation_point_on	staircase	18	red	right	unaware	1	0
233.105	0.000	trigger_21	21	233105	Trigger-In:21	52	grating_on	staircase	18	red	right	unaware	1	0
233.155	0.000	trigger_20	20	233155	Trigger-In:20	52	grating_off	staircase	18	red	right	unaware	1	0
233.755	0.000	trigger_31	31	233755	Trigger-In:31	52	targets_on_fp_color_change	staircase	18	red	right	unaware	1	0
235.020	0.000	trigger_201	201	235020	Trigger-In:201	52	trial_end_completed	staircase	18	red	right	unaware	1	0
236.090	0.000	trigger_101	101	236090	Trigger-In:101	53	trial_start	salient	0	red	right	unaware	1	0
236.190	0.000	trigger_11	11	236190	Trigger-In:11	53	fixation_point_on	salient	0	red	right	unaware	1	0
236.790	0.000	trigger_21	21	236790	Trigger-In:21	53	grating_on	salient	0	red	right	unaware	1	0
236.845	0.000	trigger_20	20	236845	Trigger-In:20	53	grating_off	salient	0	red	right	unaware	1	0
237.445	0.000	trigger_31	31	237445	Trigger-In:31	53	targets_on_fp_color_change	salient	0	red	right	unaware	1	0
238.500	0.000	trigger_201	201	238500	Trigger-In:201	53	trial_end_completed	salient	0	red	right	unaware	1	0
239.565	0.000	trigger_101	101	239565	Trigger-In:101	54	trial_start	absent	70	red	left	aware	1	0
239.670	0.000	trigger_11	11	239670	Trigger-In:11	54	fixation_point_on	absent	70	red	left	aware	1	0
240.270	0.000	trigger_21	21	240270	Trigger-In:21	54	grating_on	absent	70	red	left	aware	1	0
240.325	0.000	trigger_20	20	240325	Trigger-In:20	54	grating_off	absent	70	red	left	aware	1	0
240.925	0.000	trigger_31	31	240925	Trigger-In:31	54	targets_on_fp_color_change	absent	70	red	left	aware	1	0
242.195	0.000	trigger_201	201	242195	Trigger-In:201	54	trial_end_completed	absent	70	red	left	aware	1	0
243.260	0.000	trigger_101	101	243260	Trigger-In:101	55	trial_start	absent	70	red	right	unaware	1	0
243.555	0.000	trigger_11	11	243555	Trigger-In:11	55	fixation_point_on	absent	70	red	right	unaware	1	0
244.160	0.000	trigger_21	21	244160	Trigger-In:21	55	grating_on	absent	70	red	right	unaware	1	0
244.210	0.000	trigger_20	20	244210	Trigger-In:20	55	grating_off	absent	70	red	right	unaware	1	0
244.810	0.000	trigger_31	31	244810	Trigger-In:31	55	targets_on_fp_color_change	absent	70	red	right	unaware	1	0
245.700	0.000	trigger_201	201	245700	Trigger-In:201	55	trial_end_completed	absent	70	red	right	unaware	1	0
247.015	0.000	trigger_101	101	247015	Trigger-In:101	56	trial_start	salient	0	green	left	unaware	1	0
247.125	0.000	trigger_11	11	247125	Trigger-In:11	56	fixation_point_on	salient	0	green	left	unaware	1	0
247.725	0.000	trigger_21	21	247725	Trigger-In:21	56	grating_on	salient	0	green	left	unaware	1	0
247.775	0.000	trigger_20	20	247775	Trigger-In:20	56	grating_off	salient	0	green	left	unaware	1	0
248.375	0.000	trigger_31	31	248375	Trigger-In:31	56	targets_on_fp_color_change	salient	0	green	left	unaware	1	0
250.045	0.000	trigger_201	201	250045	Trigger-In:201	56	trial_end_completed	salient	0	green	left	unaware	1	0
251.115	0.000	trigger_101	101	251115	Trigger-In:101	57	trial_start	salient	0	red	right	unaware	1	0
251.220	0.000	trigger_11	11	251220	Trigger-In:11	57	fixation_point_on	salient	0	red	right	unaware	1	0
251.820	0.000	trigger_21	21	251820	Trigger-In:21	57	grating_on	salient	0	red	right	unaware	1	0
251.870	0.000	trigger_20	20	251870	Trigger-In:20	57	grating_off	salient	0	red	right	unaware	1	0
252.470	0.000	trigger_31	31	252470	Trigger-In:31	57	targets_on_fp_color_change	salient	0	red	right	unaware	1	0
254.100	0.000	trigger_201	201	254100	Trigger-In:201	57	trial_end_completed	salient	0	red	right	unaware	1	0
255.170	0.000	trigger_101	101	255170	Trigger-In:101	58	trial_start	staircase	19	red	right	unaware	1	0
255.275	0.000	trigger_11	11	255275	Trigger-In:11	58	fixation_point_on	staircase	19	red	right	unaware	1	0
255.875	0.000	trigger_21	21	255875	Trigger-In:21	58	grating_on	staircase	19	red	right	unaware	1	0
255.925	0.000	trigger_20	20	255925	Trigger-In:20	58	grating_off	staircase	19	red	right	unaware	1	0
256.525	0.000	trigger_31	31	256525	Trigger-In:31	58	targets_on_fp_color_change	staircase	19	red	right	unaware	1	0
257.745	0.000	trigger_201	201	257745	Trigger-In:201	58	trial_end_completed	staircase	19	red	right	unaware	1	0
258.810	0.000	trigger_101	101	258810	Trigger-In:101	59	trial_start	staircase	20	red	left	aware	1	0
258.920	0.000	trigger_11	11	258920	Trigger-In:11	59	fixation_point_on	staircase	20	red	left	aware	1	0
259.520	0.000	trigger_21	21	259520	Trigger-In:21	59	grating_on	staircase	20	red	left	aware	1	0
259.570	0.000	trigger_20	20	259570	Trigger-In:20	59	grating_off	staircase	20	red	left	aware	1	0
260.170	0.000	trigger_31	31	260170	Trigger-In:31	59	targets_on_fp_color_change	staircase	20	red	left	aware	1	0
261.105	0.000	trigger_201	201	261105	Trigger-In:201	59	trial_end_completed	staircase	20	red	left	aware	1	0
262.170	0.000	trigger_101	101	262170	Trigger-In:101	60	trial_start	staircase	19	red	right	unaware	1	0
262.275	0.000	trigger_11	11	262275	Trigger-In:11	60	fixation_point_on	staircase	19	red	right	unaware	1	0
262.875	0.000	trigger_21	21	262875	Trigger-In:21	60	grating_on	staircase	19	red	right	unaware	1	0
262.930	0.000	trigger_20	20	262930	Trigger-In:20	60	grating_off	staircase	19	red	right	unaware	1	0
263.530	0.000	trigger_31	31	263530	Trigger-In:31	60	targets_on_fp_color_change	staircase	19	red	right	unaware	1	0
264.795	0.000	trigger_201	201	264795	Trigger-In:201	60	trial_end_completed	staircase	19	red	right	unaware	1	0
265.860	0.000	trigger_101	101	265860	Trigger-In:101	61	trial_start	absent	70	green	right	aware	1	0
265.960	0.000	trigger_11	11	265960	Trigger-In:11	61	fixation_point_on	absent	70	green	right	aware	1	0
266.560	0.000	trigger_21	21	266560	Trigger-In:21	61	grating_on	absent	70	green	right	aware	1	0
266.615	0.000	trigger_20	20	266615	Trigger-In:20	61	grating_off	absent	70	green	right	aware	1	0
267.215	0.000	trigger_31	31	267215	Trigger-In:31	61	targets_on_fp_color_change	absent	70	green	right	aware	1	0
268.150	0.000	trigger_201	201	268150	Trigger-In:201	61	trial_end_completed	absent	70	green	right	aware	1	0
269.220	0.000	trigger_101	101	269220	Trigger-In:101	62	trial_start	staircase	20	red	left	aware	1	0
269.325	0.000	trigger_11	11	269325	Trigger-In:11	62	fixation_point_on	staircase	20	red	left	aware	1	0
269.925	0.000	trigger_21	21	269925	Trigger-In:21	62	grating_on	staircase	20	red	left	aware	1	0
269.975	0.000	trigger_20	20	269975	Trigger-In:20	62	grating_off	staircase	20	red	left	aware	1	0
270.575	0.000	trigger_31	31	270575	Trigger-In:31	62	targets_on_fp_color_change	staircase	20	red	left	aware	1	0
271.545	0.000	trigger_201	201	271545	Trigger-In:201	62	trial_end_completed	staircase	20	red	left	aware	1	0
272.610	0.000	trigger_101	101	272610	Trigger-In:101	63	trial_start	absent	70	green	right	aware	1	0
272.715	0.000	trigger_11	11	272715	Trigger-In:11	63	fixation_point_on	absent	70	green	right	aware	1	0
273.315	0.000	trigger_21	21	273315	Trigger-In:21	63	grating_on	absent	70	green	right	aware	1	0
273.365	0.000	trigger_20	20	273365	Trigger-In:20	63	grating_off	absent	70	green	right	aware	1	0
273.965	0.000	trigger_31	31	273965	Trigger-In:31	63	targets_on_fp_color_change	absent	70	green	right	aware	1	0
274.990	0.000	trigger_201	201	274990	Trigger-In:201	63	trial_end_completed	absent	70	green	right	aware	1	0
276.060	0.000	trigger_101	101	276060	Trigger-In:101	64	trial_start	staircase	19	red	left	aware	1	0
276.160	0.000	trigger_11	11	276160	Trigger-In:11	64	fixation_point_on	staircase	19	red	left	aware	1	0
276.760	0.000	trigger_21	21	276760	Trigger-In:21	64	grating_on	staircase	19	red	left	aware	1	0
276.810	0.000	trigger_20	20	276810	Trigger-In:20	64	grating_off	staircase	19	red	left	aware	1	0
277.410	0.000	trigger_31	31	277410	Trigger-In:31	64	targets_on_fp_color_change	staircase	19	red	left	aware	1	0
278.270	0.000	trigger_201	201	278270	Trigger-In:201	64	trial_end_completed	staircase	19	red	left	aware	1	0
279.340	0.000	trigger_101	101	279340	Trigger-In:101	65	trial_start	staircase	18	green	right	aware	1	0
279.445	0.000	trigger_11	11	279445	Trigger-In:11	65	fixation_point_on	staircase	18	green	right	aware	1	0
280.045	0.000	trigger_21	21	280045	Trigger-In:21	65	grating_on	staircase	18	green	right	aware	1	0
280.095	0.000	trigger_20	20	280095	Trigger-In:20	65	grating_off	staircase	18	green	right	aware	1	0
280.695	0.000	trigger_31	31	280695	Trigger-In:31	65	targets_on_fp_color_change	staircase	18	green	right	aware	1	0
282.035	0.000	trigger_201	201	282035	Trigger-In:201	65	trial_end_completed	staircase	18	green	right	aware	1	0
283.105	0.000	trigger_101	101	283105	Trigger-In:101	66	trial_start	salient	0	red	right	unaware	1	0
283.205	0.000	trigger_11	11	283205	Trigger-In:11	66	fixation_point_on	salient	0	red	right	unaware	1	0
283.810	0.000	trigger_21	21	283810	Trigger-In:21	66	grating_on	salient	0	red	right	unaware	1	0
283.860	0.000	trigger_20	20	283860	Trigger-In:20	66	grating_off	salient	0	red	right	unaware	1	0
284.460	0.000	trigger_31	31	284460	Trigger-In:31	66	targets_on_fp_color_change	salient	0	red	right	unaware	1	0
285.410	0.000	trigger_201	201	285410	Trigger-In:201	66	trial_end_completed	salient	0	red	right	unaware	1	0
286.480	0.000	trigger_101	101	286480	Trigger-In:101	67	trial_start	salient	0	green	left	unaware	1	0
286.585	0.000	trigger_11	11	286585	Trigger-In:11	67	fixation_point_on	salient	0	green	left	unaware	1	0
287.185	0.000	trigger_21	21	287185	Trigger-In:21	67	grating_on	salient	0	green	left	unaware	1	0
287.235	0.000	trigger_20	20	287235	Trigger-In:20	67	grating_off	salient	0	green	left	unaware	1	0
287.835	0.000	trigger_31	31	287835	Trigger-In:31	67	targets_on_fp_color_change	salient	0	green	left	unaware	1	0
288.810	0.000	trigger_201	201	288810	Trigger-In:201	67	trial_end_completed	salient	0	green	left	unaware	1	0
289.880	0.000	trigger_101	101	289880	Trigger-In:101	68	trial_start	staircase	17	green	left	unaware	1	0
289.980	0.000	trigger_11	11	289980	Trigger-In:11	68	fixation_point_on	staircase	17	green	left	unaware	1	0
290.580	0.000	trigger_21	21	290580	Trigger-In:21	68	grating_on	staircase	17	green	left	unaware	1	0
290.635	0.000	trigger_20	20	290635	Trigger-In:20	68	grating_off	staircase	17	green	left	unaware	1	0
291.235	0.000	trigger_31	31	291235	Trigger-In:31	68	targets_on_fp_color_change	staircase	17	green	left	unaware	1	0
292.095	0.000	trigger_201	201	292095	Trigger-In:201	68	trial_end_completed	staircase	17	green	left	unaware	1	0
293.160	0.000	trigger_101	101	293160	Trigger-In:101	69	trial_start	staircase	18	red	right	unaware	1	0
293.260	0.000	trigger_11	11	293260	Trigger-In:11	69	fixation_point_on	staircase	18	red	right	unaware	1	0
293.865	0.000	trigger_21	21	293865	Trigger-In:21	69	grating_on	staircase	18	red	right	unaware	1	0
293.915	0.000	trigger_20	20	293915	Trigger-In:20	69	grating_off	staircase	18	red	right	unaware	1	0
294.515	0.000	trigger_31	31	294515	Trigger-In:31	69	targets_on_fp_color_change	staircase	18	red	right	unaware	1	0
295.920	0.000	trigger_201	201	295920	Trigger-In:201	69	trial_end_completed	staircase	18	red	right	unaware	1	0
296.990	0.000	trigger_101	101	296990	Trigger-In:101	70	trial_start	staircase	19	green	left	unaware	1	0
297.095	0.000	trigger_11	11	297095	Trigger-In:11	70	fixation_point_on	staircase	19	green	left	unaware	1	0
297.695	0.000	trigger_21	21	297695	Trigger-In:21	70	grating_on	staircase	19	green	left	unaware	1	0
297.745	0.000	trigger_20	20	297745	Trigger-In:20	70	grating_off	staircase	19	green	left	unaware	1	0
298.345	0.000	trigger_31	31	298345	Trigger-In:31	70	targets_on_fp_color_change	staircase	19	green	left	unaware	1	0
299.560	0.000	trigger_201	201	299560	Trigger-In:201	70	trial_end_completed	staircase	19	green	left	unaware	1	0
300.630	0.000	trigger_101	101	300630	Trigger-In:101	71	trial_start	salient	0	red	right	unaware	1	0
300.730	0.000	trigger_11	11	300730	Trigger-In:11	71	fixation_point_on	salient	0	red	right	unaware	1	0
301.330	0.000	trigger_21	21	301330	Trigger-In:21	71	grating_on	salient	0	red	right	unaware	1	0
301.380	0.000	trigger_20	20	301380	Trigger-In:20	71	grating_off	salient	0	red	right	unaware	1	0
301.980	0.000	trigger_31	31	301980	Trigger-In:31	71	targets_on_fp_color_change	salient	0	red	right	unaware	1	0
303.890	0.000	trigger_201	201	303890	Trigger-In:201	71	trial_end_completed	salient	0	red	right	unaware	1	0
304.960	0.000	trigger_101	101	304960	Trigger-In:101	72	trial_start	staircase	20	red	left	aware	1	0
305.060	0.000	trigger_11	11	305060	Trigger-In:11	72	fixation_point_on	staircase	20	red	left	aware	1	0
305.660	0.000	trigger_21	21	305660	Trigger-In:21	72	grating_on	staircase	20	red	left	aware	1	0
305.710	0.000	trigger_20	20	305710	Trigger-In:20	72	grating_off	staircase	20	red	left	aware	1	0
306.310	0.000	trigger_31	31	306310	Trigger-In:31	72	targets_on_fp_color_change	staircase	20	red	left	aware	1	0
307.595	0.000	trigger_201	201	307595	Trigger-In:201	72	trial_end_completed	staircase	20	red	left	aware	1	0
308.665	0.000	trigger_101	101	308665	Trigger-In:101	73	trial_start	salient	0	red	right	unaware	1	0
308.770	0.000	trigger_11	11	308770	Trigger-In:11	73	fixation_point_on	salient	0	red	right	unaware	1	0
309.370	0.000	trigger_21	21	309370	Trigger-In:21	73	grating_on	salient	0	red	right	unaware	1	0
309.420	0.000	trigger_20	20	309420	Trigger-In:20	73	grating_off	salient	0	red	right	unaware	1	0
310.025	0.000	trigger_31	31	310025	Trigger-In:31	73	targets_on_fp_color_change	salient	0	red	right	unaware	1	0
311.160	0.000	trigger_201	201	311160	Trigger-In:201	73	trial_end_completed	salient	0	red	right	unaware	1	0
312.230	0.000	trigger_101	101	312230	Trigger-In:101	74	trial_start	staircase	19	green	right	aware	1	0
312.330	0.000	trigger_11	11	312330	Trigger-In:11	74	fixation_point_on	staircase	19	green	right	aware	1	0
312.930	0.000	trigger_21	21	312930	Trigger-In:21	74	grating_on	staircase	19	green	right	aware	1	0
312.985	0.000	trigger_20	20	312985	Trigger-In:20	74	grating_off	staircase	19	green	right	aware	1	0
313.585	0.000	trigger_31	31	313585	Trigger-In:31	74	targets_on_fp_color_change	staircase	19	green	right	aware	1	0
314.605	0.000	trigger_201	201	314605	Trigger-In:201	74	trial_end_completed	staircase	19	green	right	aware	1	0
315.675	0.000	trigger_101	101	315675	Trigger-In:101	75	trial_start	salient	0	red	right	unaware	1	0
315.780	0.000	trigger_11	11	315780	Trigger-In:11	75	fixation_point_on	salient	0	red	right	unaware	1	0
316.380	0.000	trigger_21	21	316380	Trigger-In:21	75	grating_on	salient	0	red	right	unaware	1	0
316.430	0.000	trigger_20	20	316430	Trigger-In:20	75	grating_off	salient	0	red	right	unaware	1	0
317.030	0.000	trigger_31	31	317030	Trigger-In:31	75	targets_on_fp_color_change	salient	0	red	right	unaware	1	0
318.725	0.000	trigger_201	201	318725	Trigger-In:201	75	trial_end_completed	salient	0	red	right	unaware	1	0
319.795	0.000	trigger_101	101	319795	Trigger-In:101	76	trial_start	staircase	18	green	right	aware	1	0
319.900	0.000	trigger_11	11	319900	Trigger-In:11	76	fixation_point_on	staircase	18	green	right	aware	1	0
320.500	0.000	trigger_21	21	320500	Trigger-In:21	76	grating_on	staircase	18	green	right	aware	1	0
320.550	0.000	trigger_20	20	320550	Trigger-In:20	76	grating_off	staircase	18	green	right	aware	1	0
321.155	0.000	trigger_31	31	321155	Trigger-In:31	76	targets_on_fp_color_change	staircase	18	green	right	aware	1	0
322.055	0.000	trigger_201	201	322055	Trigger-In:201	76	trial_end_completed	staircase	18	green	right	aware	1	0
323.120	0.000	trigger_101	101	323120	Trigger-In:101	77	trial_start	salient	0	green	left	unaware	1	0
323.225	0.000	trigger_11	11	323225	Trigger-In:11	77	fixation_point_on	salient	0	green	left	unaware	1	0
323.825	0.000	trigger_21	21	323825	Trigger-In:21	77	grating_on	salient	0	green	left	unaware	1	0
323.875	0.000	trigger_20	20	323875	Trigger-In:20	77	grating_off	salient	0	green	left	unaware	1	0
324.475	0.000	trigger_31	31	324475	Trigger-In:31	77	targets_on_fp_color_change	salient	0	green	left	unaware	1	0
325.640	0.000	trigger_201	201	325640	Trigger-In:201	77	trial_end_completed	salient	0	green	left	unaware	1	0
326.710	0.000	trigger_101	101	326710	Trigger-In:101	78	trial_start	staircase	17	red	left	aware	1	0
326.810	0.000	trigger_11	11	326810	Trigger-In:11	78	fixation_point_on	staircase	17	red	left	aware	1	0
327.410	0.000	trigger_21	21	327410	Trigger-In:21	78	grating_on	staircase	17	red	left	aware	1	0
327.460	0.000	trigger_20	20	327460	Trigger-In:20	78	grating_off	staircase	17	red	left	aware	1	0
328.065	0.000	trigger_31	31	328065	Trigger-In:31	78	targets_on_fp_color_change	staircase	17	red	left	aware	1	0
329.275	0.000	trigger_201	201	329275	Trigger-In:201	78	trial_end_completed	staircase	17	red	left	aware	1	0
330.345	0.000	trigger_101	101	330345	Trigger-In:101	79	trial_start	staircase	16	red	right	unaware	1	0
330.450	0.000	trigger_11	11	330450	Trigger-In:11	79	fixation_point_on	staircase	16	red	right	unaware	1	0
331.050	0.000	trigger_21	21	331050	Trigger-In:21	79	grating_on	staircase	16	red	right	unaware	1	0
331.100	0.000	trigger_20	20	331100	Trigger-In:20	79	grating_off	staircase	16	red	right	unaware	1	0
331.700	0.000	trigger_31	31	331700	Trigger-In:31	79	targets_on_fp_color_change	staircase	16	red	right	unaware	1	0
333.180	0.000	trigger_201	201	333180	Trigger-In:201	79	trial_end_completed	staircase	16	red	right	unaware	1	0
334.245	0.000	trigger_101	101	334245	Trigger-In:101	80	trial_start	absent	70	green	right	aware	1	0
334.350	0.000	trigger_11	11	334350	Trigger-In:11	80	fixation_point_on	absent	70	green	right	aware	1	0
334.950	0.000	trigger_21	21	334950	Trigger-In:21	80	grating_on	absent	70	green	right	aware	1	0
335.000	0.000	trigger_20	20	335000	Trigger-In:20	80	grating_off	absent	70	green	right	aware	1	0
335.600	0.000	trigger_31	31	335600	Trigger-In:31	80	targets_on_fp_color_change	absent	70	green	right	aware	1	0
336.805	0.000	trigger_201	201	336805	Trigger-In:201	80	trial_end_completed	absent	70	green	right	aware	1	0
337.875	0.000	trigger_101	101	337875	Trigger-In:101	81	trial_start	staircase	17	green	left	unaware	1	0
337.975	0.000	trigger_11	11	337975	Trigger-In:11	81	fixation_point_on	staircase	17	green	left	unaware	1	0
338.580	0.000	trigger_21	21	338580	Trigger-In:21	81	grating_on	staircase	17	green	left	unaware	1	0
338.630	0.000	trigger_20	20	338630	Trigger-In:20	81	grating_off	staircase	17	green	left	unaware	1	0
339.230	0.000	trigger_31	31	339230	Trigger-In:31	81	targets_on_fp_color_change	staircase	17	green	left	unaware	1	0
340.510	0.000	trigger_201	201	340510	Trigger-In:201	81	trial_end_completed	staircase	17	green	left	unaware	1	0
341.580	0.000	trigger_101	101	341580	Trigger-In:101	82	trial_start	staircase	18	green	left	unaware	1	0
341.685	0.000	trigger_11	11	341685	Trigger-In:11	82	fixation_point_on	staircase	18	green	left	unaware	1	0
342.285	0.000	trigger_21	21	342285	Trigger-In:21	82	grating_on	staircase	18	green	left	unaware	1	0
342.335	0.000	trigger_20	20	342335	Trigger-In:20	82	grating_off	staircase	18	green	left	unaware	1	0
342.935	0.000	trigger_31	31	342935	Trigger-In:31	82	targets_on_fp_color_change	staircase	18	green	left	unaware	1	0
344.220	0.000	trigger_201	201	344220	Trigger-In:201	82	trial_end_completed	staircase	18	green	left	unaware	1	0
345.285	0.000	trigger_101	101	345285	Trigger-In:101	83	trial_start	staircase	19	red	left	aware	1	0
345.390	0.000	trigger_11	11	345390	Trigger-In:11	83	fixation_point_on	staircase	19	red	left	aware	1	0
345.990	0.000	trigger_21	21	345990	Trigger-In:21	83	grating_on	staircase	19	red	left	aware	1	0
346.045	0.000	trigger_20	20	346045	Trigger-In:20	83	grating_off	staircase	19	red	left	aware	1	0
346.645	0.000	trigger_31	31	346645	Trigger-In:31	83	targets_on_fp_color_change	staircase	19	red	left	aware	1	0
348.040	0.000	trigger_201	201	348040	Trigger-In:201	83	trial_end_completed	staircase	19	red	left	aware	1	0
349.110	0.000	trigger_101	101	349110	Trigger-In:101	84	trial_start	staircase	18	green	right	aware	1	0
349.215	0.000	trigger_11	11	349215	Trigger-In:11	84	fixation_point_on	staircase	18	green	right	aware	1	0
349.815	0.000	trigger_21	21	349815	Trigger-In:21	84	grating_on	staircase	18	green	right	aware	1	0
349.865	0.000	trigger_20	20	349865	Trigger-In:20	84	grating_off	staircase	18	green	right	aware	1	0
350.465	0.000	trigger_31	31	350465	Trigger-In:31	84	targets_on_fp_color_change	staircase	18	green	right	aware	1	0
351.180	0.000	trigger_201	201	351180	Trigger-In:201	84	trial_end_completed	staircase	18	green	right	aware	1	0
352.250	0.000	trigger_101	101	352250	Trigger-In:101	85	trial_start	staircase	17	green	left	unaware	1	0
352.350	0.000	trigger_11	11	352350	Trigger-In:11	85	fixation_point_on	staircase	17	green	left	unaware	1	0
352.950	0.000	trigger_21	21	352950	Trigger-In:21	85	grating_on	staircase	17	green	left	unaware	1	0
353.005	0.000	trigger_20	20	353005	Trigger-In:20	85	grating_off	staircase	17	green	left	unaware	1	0
353.605	0.000	trigger_31	31	353605	Trigger-In:31	85	targets_on_fp_color_change	staircase	17	green	left	unaware	1	0
354.735	0.000	trigger_201	201	354735	Trigger-In:201	85	trial_end_completed	staircase	17	green	left	unaware	1	0
355.805	0.000	trigger_101	101	355805	Trigger-In:101	86	trial_start	staircase	18	red	right	unaware	1	0
355.910	0.000	trigger_11	11	355910	Trigger-In:11	86	fixation_point_on	staircase	18	red	right	unaware	1	0
356.510	0.000	trigger_21	21	356510	Trigger-In:21	86	grating_on	staircase	18	red	right	unaware	1	0
356.560	0.000	trigger_20	20	356560	Trigger-In:20	86	grating_off	staircase	18	red	right	unaware	1	0
357.160	0.000	trigger_31	31	357160	Trigger-In:31	86	targets_on_fp_color_change	staircase	18	red	right	unaware	1	0
358.630	0.000	trigger_201	201	358630	Trigger-In:201	86	trial_end_completed	staircase	18	red	right	unaware	1	0
359.700	0.000	trigger_101	101	359700	Trigger-In:101	87	trial_start	staircase	19	green	left	unaware	1	0
359.805	0.000	trigger_11	11	359805	Trigger-In:11	87	fixation_point_on	staircase	19	green	left	unaware	1	0
360.405	0.000	trigger_21	21	360405	Trigger-In:21	87	grating_on	staircase	19	green	left	unaware	1	0
360.455	0.000	trigger_20	20	360455	Trigger-In:20	87	grating_off	staircase	19	green	left	unaware	1	0
361.055	0.000	trigger_31	31	361055	Trigger-In:31	87	targets_on_fp_color_change	staircase	19	green	left	unaware	1	0
361.985	0.000	trigger_201	201	361985	Trigger-In:201	87	trial_end_completed	staircase	19	green	left	unaware	1	0
363.055	0.000	trigger_101	101	363055	Trigger-In:101	88	trial_start	salient	0	green	left	unaware	1	0
363.160	0.000	trigger_11	11	363160	Trigger-In:11	88	fixation_point_on	salient	0	green	left	unaware	1	0
363.760	0.000	trigger_21	21	363760	Trigger-In:21	88	grating_on	salient	0	green	left	unaware	1	0
363.810	0.000	trigger_20	20	363810	Trigger-In:20	88	grating_off	salient	0	green	left	unaware	1	0
364.410	0.000	trigger_31	31	364410	Trigger-In:31	88	targets_on_fp_color_change	salient	0	green	left	unaware	1	0
365.940	0.000	trigger_201	201	365940	Trigger-In:201	88	trial_end_completed	salient	0	green	left	unaware	1	0
367.010	0.000	trigger_101	101	367010	Trigger-In:101	89	trial_start	staircase	20	red	left	aware	1	0
367.110	0.000	trigger_11	11	367110	Trigger-In:11	89	fixation_point_on	staircase	20	red	left	aware	1	0
367.715	0.000	trigger_21	21	367715	Trigger-In:21	89	grating_on	staircase	20	red	left	aware	1	0
367.765	0.000	trigger_20	20	367765	Trigger-In:20	89	grating_off	staircase	20	red	left	aware	1	0
368.365	0.000	trigger_31	31	368365	Trigger-In:31	89	targets_on_fp_color_change	staircase	20	red	left	aware	1	0
369.645	0.000	trigger_201	201	369645	Trigger-In:201	89	trial_end_completed	staircase	20	red	left	aware	1	0
370.710	0.000	trigger_101	101	370710	Trigger-In:101	90	trial_start	salient	0	red	right	unaware	1	0
370.815	0.000	trigger_11	11	370815	Trigger-In:11	90	fixation_point_on	salient	0	red	right	unaware	1	0
371.415	0.000	trigger_21	21	371415	Trigger-In:21	90	grating_on	salient	0	red	right	unaware	1	0
371.465	0.000	trigger_20	20	371465	Trigger-In:20	90	grating_off	salient	0	red	right	unaware	1	0
372.065	0.000	trigger_31	31	372065	Trigger-In:31	90	targets_on_fp_color_change	salient	0	red	right	unaware	1	0
372.975	0.000	trigger_201	201	372975	Trigger-In:201	90	trial_end_completed	salient	0	red	right	unaware	1	0
374.040	0.000	trigger_101	101	374040	Trigger-In:101	91	trial_start	salient	0	green	left	unaware	1	0
374.145	0.000	trigger_11	11	374145	Trigger-In:11	91	fixation_point_on	salient	0	green	left	unaware	1	0
374.745	0.000	trigger_21	21	374745	Trigger-In:21	91	grating_on	salient	0	green	left	unaware	1	0
374.800	0.000	trigger_20	20	374800	Trigger-In:20	91	grating_off	salient	0	green	left	unaware	1	0
375.395	0.000	trigger_31	31	375395	Trigger-In:31	91	targets_on_fp_color_change	salient	0	green	left	unaware	1	0
376.885	0.000	trigger_201	201	376885	Trigger-In:201	91	trial_end_completed	salient	0	green	left	unaware	1	0
377.955	0.000	trigger_101	101	377955	Trigger-In:101	92	trial_start	staircase	19	green	left	unaware	1	0
378.055	0.000	trigger_11	11	378055	Trigger-In:11	92	fixation_point_on	staircase	19	green	left	unaware	1	0
378.655	0.000	trigger_21	21	378655	Trigger-In:21	92	grating_on	staircase	19	green	left	unaware	1	0
378.705	0.000	trigger_20	20	378705	Trigger-In:20	92	grating_off	staircase	19	green	left	unaware	1	0
379.310	0.000	trigger_31	31	379310	Trigger-In:31	92	targets_on_fp_color_change	staircase	19	green	left	unaware	1	0
380.860	0.000	trigger_201	201	380860	Trigger-In:201	92	trial_end_completed	staircase	19	green	left	unaware	1	0
381.930	0.000	trigger_101	101	381930	Trigger-In:101	93	trial_start	staircase	20	red	right	unaware	1	0
382.035	0.000	trigger_11	11	382035	Trigger-In:11	93	fixation_point_on	staircase	20	red	right	unaware	1	0
382.635	0.000	trigger_21	21	382635	Trigger-In:21	93	grating_on	staircase	20	red	right	unaware	1	0
382.685	0.000	trigger_20	20	382685	Trigger-In:20	93	grating_off	staircase	20	red	right	unaware	1	0
383.285	0.000	trigger_31	31	383285	Trigger-In:31	93	targets_on_fp_color_change	staircase	20	red	right	unaware	1	0
384.400	0.000	trigger_201	201	384400	Trigger-In:201	93	trial_end_completed	staircase	20	red	right	unaware	1	0
385.470	0.000	trigger_101	101	385470	Trigger-In:101	94	trial_start	staircase	21	red	right	unaware	1	0
385.570	0.000	trigger_11	11	385570	Trigger-In:11	94	fixation_point_on	staircase	21	red	right	unaware	1	0
386.170	0.000	trigger_21	21	386170	Trigger-In:21	94	grating_on	staircase	21	red	right	unaware	1	0
386.220	0.000	trigger_20	20	386220	Trigger-In:20	94	grating_off	staircase	21	red	right	unaware	1	0
386.820	0.000	trigger_31	31	386820	Trigger-In:31	94	targets_on_fp_color_change	staircase	21	red	right	unaware	1	0
388.135	0.000	trigger_201	201	388135	Trigger-In:201	94	trial_end_completed	staircase	21	red	right	unaware	1	0
389.200	0.000	trigger_101	101	389200	Trigger-In:101	95	trial_start	salient	0	green	left	unaware	1	0
389.305	0.000	trigger_11	11	389305	Trigger-In:11	95	fixation_point_on	salient	0	green	left	unaware	1	0
389.910	0.000	trigger_21	21	389910	Trigger-In:21	95	grating_on	salient	0	green	left	unaware	1	0
389.960	0.000	trigger_20	20	389960	Trigger-In:20	95	grating_off	salient	0	green	left	unaware	1	0
390.560	0.000	trigger_31	31	390560	Trigger-In:31	95	targets_on_fp_color_change	salient	0	green	left	unaware	1	0
391.695	0.000	trigger_201	201	391695	Trigger-In:201	95	trial_end_completed	salient	0	green	left	unaware	1	0
392.760	0.000	trigger_101	101	392760	Trigger-In:101	96	trial_start	staircase	22	red	left	aware	1	0
392.865	0.000	trigger_11	11	392865	Trigger-In:11	96	fixation_point_on	staircase	22	red	left	aware	1	0
393.465	0.000	trigger_21	21	393465	Trigger-In:21	96	grating_on	staircase	22	red	left	aware	1	0
393.515	0.000	trigger_20	20	393515	Trigger-In:20	96	grating_off	staircase	22	red	left	aware	1	0
394.115	0.000	trigger_31	31	394115	Trigger-In:31	96	targets_on_fp_color_change	staircase	22	red	left	aware	1	0
395.520	0.000	trigger_201	201	395520	Trigger-In:201	96	trial_end_completed	staircase	22	red	left	aware	1	0
396.590	0.000	trigger_101	101	396590	Trigger-In:101	97	trial_start	staircase	21	red	right	unaware	1	0
396.695	0.000	trigger_11	11	396695	Trigger-In:11	97	fixation_point_on	staircase	21	red	right	unaware	1	0
397.295	0.000	trigger_21	21	397295	Trigger-In:21	97	grating_on	staircase	21	red	right	unaware	1	0
397.345	0.000	trigger_20	20	397345	Trigger-In:20	97	grating_off	staircase	21	red	right	unaware	1	0
397.945	0.000	trigger_31	31	397945	Trigger-In:31	97	targets_on_fp_color_change	staircase	21	red	right	unaware	1	0
399.005	0.000	trigger_201	201	399005	Trigger-In:201	97	trial_end_completed	staircase	21	red	right	unaware	1	0
400.070	0.000	trigger_101	101	400070	Trigger-In:101	98	trial_start	salient	0	green	left	unaware	1	0
400.175	0.000	trigger_11	11	400175	Trigger-In:11	98	fixation_point_on	salient	0	green	left	unaware	1	0
400.775	0.000	trigger_21	21	400775	Trigger-In:21	98	grating_on	salient	0	green	left	unaware	1	0
400.825	0.000	trigger_20	20	400825	Trigger-In:20	98	grating_off	salient	0	green	left	unaware	1	0
401.430	0.000	trigger_31	31	401430	Trigger-In:31	98	targets_on_fp_color_change	salient	0	green	left	unaware	1	0
402.610	0.000	trigger_201	201	402610	Trigger-In:201	98	trial_end_completed	salient	0	green	left	unaware	1	0
403.675	0.000	trigger_101	101	403675	Trigger-In:101	99	trial_start	staircase	22	red	left	aware	1	0
403.780	0.000	trigger_11	11	403780	Trigger-In:11	99	fixation_point_on	staircase	22	red	left	aware	1	0
404.380	0.000	trigger_21	21	404380	Trigger-In:21	99	grating_on	staircase	22	red	left	aware	1	0
404.430	0.000	trigger_20	20	404430	Trigger-In:20	99	grating_off	staircase	22	red	left	aware	1	0
405.030	0.000	trigger_31	31	405030	Trigger-In:31	99	targets_on_fp_color_change	staircase	22	red	left	aware	1	0
406.685	0.000	trigger_201	201	406685	Trigger-In:201	99	trial_end_completed	staircase	22	red	left	aware	1	0
407.755	0.000	trigger_101	101	407755	Trigger-In:101	100	trial_start	staircase	21	red	right	unaware	1	0
407.860	0.000	trigger_11	11	407860	Trigger-In:11	100	fixation_point_on	staircase	21	red	right	unaware	1	0
408.460	0.000	trigger_21	21	408460	Trigger-In:21	100	grating_on	staircase	21	red	right	unaware	1	0
408.510	0.000	trigger_20	20	408510	Trigger-In:20	100	grating_off	staircase	21	red	right	unaware	1	0
409.110	0.000	trigger_31	31	409110	Trigger-In:31	100	targets_on_fp_color_change	staircase	21	red	right	unaware	1	0
410.420	0.000	trigger_201	201	410420	Trigger-In:201	100	trial_end_completed	staircase	21	red	right	unaware	1	0
411.490	0.000	trigger_101	101	411490	Trigger-In:101	101	trial_start	absent	70	green	right	aware	1	0
411.595	0.000	trigger_11	11	411595	Trigger-In:11	101	fixation_point_on	absent	70	green	right	aware	1	0
412.195	0.000	trigger_21	21	412195	Trigger-In:21	101	grating_on	absent	70	green	right	aware	1	0
412.245	0.000	trigger_20	20	412245	Trigger-In:20	101	grating_off	absent	70	green	right	aware	1	0
412.845	0.000	trigger_31	31	412845	Trigger-In:31	101	targets_on_fp_color_change	absent	70	green	right	aware	1	0
413.880	0.000	trigger_201	201	413880	Trigger-In:201	101	trial_end_completed	absent	70	green	right	aware	1	0
414.955	0.000	trigger_101	101	414955	Trigger-In:101	102	trial_start	absent	70	green	right	aware	1	0
415.055	0.000	trigger_11	11	415055	Trigger-In:11	102	fixation_point_on	absent	70	green	right	aware	1	0
415.655	0.000	trigger_21	21	415655	Trigger-In:21	102	grating_on	absent	70	green	right	aware	1	0
415.710	0.000	trigger_20	20	415710	Trigger-In:20	102	grating_off	absent	70	green	right	aware	1	0
416.310	0.000	trigger_31	31	416310	Trigger-In:31	102	targets_on_fp_color_change	absent	70	green	right	aware	1	0
417.240	0.000	trigger_201	201	417240	Trigger-In:201	102	trial_end_completed	absent	70	green	right	aware	1	0
418.310	0.000	trigger_101	101	418310	Trigger-In:101	103	trial_start	staircase	22	red	right	unaware	1	0
418.415	0.000	trigger_11	11	418415	Trigger-In:11	103	fixation_point_on	staircase	22	red	right	unaware	1	0
419.015	0.000	trigger_21	21	419015	Trigger-In:21	103	grating_on	staircase	22	red	right	unaware	1	0
419.065	0.000	trigger_20	20	419065	Trigger-In:20	103	grating_off	staircase	22	red	right	unaware	1	0
419.665	0.000	trigger_31	31	419665	Trigger-In:31	103	targets_on_fp_color_change	staircase	22	red	right	unaware	1	0
420.925	0.000	trigger_201	201	420925	Trigger-In:201	103	trial_end_completed	staircase	22	red	right	unaware	1	0
421.990	0.000	trigger_101	101	421990	Trigger-In:101	104	trial_start	staircase	23	red	left	aware	1	0
422.095	0.000	trigger_11	11	422095	Trigger-In:11	104	fixation_point_on	staircase	23	red	left	aware	1	0
422.695	0.000	trigger_21	21	422695	Trigger-In:21	104	grating_on	staircase	23	red	left	aware	1	0
422.745	0.000	trigger_20	20	422745	Trigger-In:20	104	grating_off	staircase	23	red	left	aware	1	0
423.345	0.000	trigger_31	31	423345	Trigger-In:31	104	targets_on_fp_color_change	staircase	23	red	left	aware	1	0
424.315	0.000	trigger_201	201	424315	Trigger-In:201	104	trial_end_completed	staircase	23	red	left	aware	1	0
425.385	0.000	trigger_101	101	425385	Trigger-In:101	105	trial_start	staircase	22	green	right	aware	1	0
425.490	0.000	trigger_11	11	425490	Trigger-In:11	105	fixation_point_on	staircase	22	green	right	aware	1	0
426.090	0.000	trigger_21	21	426090	Trigger-In:21	105	grating_on	staircase	22	green	right	aware	1	0
426.145	0.000	trigger_20	20	426145	Trigger-In:20	105	grating_off	staircase	22	green	right	aware	1	0
426.745	0.000	trigger_31	31	426745	Trigger-In:31	105	targets_on_fp_color_change	staircase	22	green	right	aware	1	0
427.665	0.000	trigger_201	201	427665	Trigger-In:201	105	trial_end_completed	staircase	22	green	right	aware	1	0
428.730	0.000	trigger_101	101	428730	Trigger-In:101	106	trial_start	staircase	21	red	left	aware	1	0
428.835	0.000	trigger_11	11	428835	Trigger-In:11	106	fixation_point_on	staircase	21	red	left	aware	1	0
429.435	0.000	trigger_21	21	429435	Trigger-In:21	106	grating_on	staircase	21	red	left	aware	1	0
429.485	0.000	trigger_20	20	429485	Trigger-In:20	106	grating_off	staircase	21	red	left	aware	1	0
430.085	0.000	trigger_31	31	430085	Trigger-In:31	106	targets_on_fp_color_change	staircase	21	red	left	aware	1	0
431.005	0.000	trigger_201	201	431005	Trigger-In:201	106	trial_end_completed	staircase	21	red	left	aware	1	0
432.070	0.000	trigger_101	101	432070	Trigger-In:101	107	trial_start	staircase	20	red	left	aware	1	0
432.180	0.000	trigger_11	11	432180	Trigger-In:11	107	fixation_point_on	staircase	20	red	left	aware	1	0
432.780	0.000	trigger_21	21	432780	Trigger-In:21	107	grating_on	staircase	20	red	left	aware	1	0
432.830	0.000	trigger_20	20	432830	Trigger-In:20	107	grating_off	staircase	20	red	left	aware	1	0
433.430	0.000	trigger_31	31	433430	Trigger-In:31	107	targets_on_fp_color_change	staircase	20	red	left	aware	1	0
434.475	0.000	trigger_201	201	434475	Trigger-In:201	107	trial_end_completed	staircase	20	red	left	aware	1	0
435.540	0.000	trigger_101	101	435540	Trigger-In:101	108	trial_start	staircase	19	green	left	unaware	1	0
435.645	0.000	trigger_11	11	435645	Trigger-In:11	108	fixation_point_on	staircase	19	green	left	unaware	1	0
436.245	0.000	trigger_21	21	436245	Trigger-In:21	108	grating_on	staircase	19	green	left	unaware	1	0
436.295	0.000	trigger_20	20	436295	Trigger-In:20	108	grating_off	staircase	19	green	left	unaware	1	0
436.895	0.000	trigger_31	31	436895	Trigger-In:31	108	targets_on_fp_color_change	staircase	19	green	left	unaware	1	0
438.350	0.000	trigger_201	201	438350	Trigger-In:201	108	trial_end_completed	staircase	19	green	left	unaware	1	0
439.415	0.000	trigger_101	101	439415	Trigger-In:101	109	trial_start	staircase	20	red	right	unaware	1	0
439.520	0.000	trigger_11	11	439520	Trigger-In:11	109	fixation_point_on	staircase	20	red	right	unaware	1	0
440.125	0.000	trigger_21	21	440125	Trigger-In:21	109	grating_on	staircase	20	red	right	unaware	1	0
440.175	0.000	trigger_20	20	440175	Trigger-In:20	109	grating_off	staircase	20	red	right	unaware	1	0
440.775	0.000	trigger_31	31	440775	Trigger-In:31	109	targets_on_fp_color_change	staircase	20	red	right	unaware	1	0
442.195	0.000	trigger_201	201	442195	Trigger-In:201	109	trial_end_completed	staircase	20	red	right	unaware	1	0
443.265	0.000	trigger_101	101	443265	Trigger-In:101	110	trial_start	salient	0	red	right	unaware	1	0
443.370	0.000	trigger_11	11	443370	Trigger-In:11	110	fixation_point_on	salient	0	red	right	unaware	1	0
443.970	0.000	trigger_21	21	443970	Trigger-In:21	110	grating_on	salient	0	red	right	unaware	1	0
444.020	0.000	trigger_20	20	444020	Trigger-In:20	110	grating_off	salient	0	red	right	unaware	1	0
444.620	0.000	trigger_31	31	444620	Trigger-In:31	110	targets_on_fp_color_change	salient	0	red	right	unaware	1	0
445.430	0.000	trigger_201	201	445430	Trigger-In:201	110	trial_end_completed	salient	0	red	right	unaware	1	0
446.495	0.000	trigger_101	101	446495	Trigger-In:101	111	trial_start	staircase	21	red	left	aware	1	0
446.600	0.000	trigger_11	11	446600	Trigger-In:11	111	fixation_point_on	staircase	21	red	left	aware	1	0
447.200	0.000	trigger_21	21	447200	Trigger-In:21	111	grating_on	staircase	21	red	left	aware	1	0
447.255	0.000	trigger_20	20	447255	Trigger-In:20	111	grating_off	staircase	21	red	left	aware	1	0
447.855	0.000	trigger_31	31	447855	Trigger-In:31	111	targets_on_fp_color_change	staircase	21	red	left	aware	1	0
448.815	0.000	trigger_201	201	448815	Trigger-In:201	111	trial_end_completed	staircase	21	red	left	aware	1	0
449.885	0.000	trigger_101	101	449885	Trigger-In:101	112	trial_start	staircase	20	green	left	unaware	1	0
449.985	0.000	trigger_11	11	449985	Trigger-In:11	112	fixation_point_on	staircase	20	green	left	unaware	1	0
450.655	0.000	trigger_21	21	450655	Trigger-In:21	112	grating_on	staircase	20	green	left	unaware	1	0
450.705	0.000	trigger_20	20	450705	Trigger-In:20	112	grating_off	staircase	20	green	left	unaware	1	0
451.305	0.000	trigger_31	31	451305	Trigger-In:31	112	targets_on_fp_color_change	staircase	20	green	left	unaware	1	0
452.535	0.000	trigger_201	201	452535	Trigger-In:201	112	trial_end_completed	staircase	20	green	left	unaware	1	0
453.605	0.000	trigger_101	101	453605	Trigger-In:101	113	trial_start	absent	70	red	left	aware	1	0
453.710	0.000	trigger_11	11	453710	Trigger-In:11	113	fixation_point_on	absent	70	red	left	aware	1	0
454.310	0.000	trigger_21	21	454310	Trigger-In:21	113	grating_on	absent	70	red	left	aware	1	0
454.360	0.000	trigger_20	20	454360	Trigger-In:20	113	grating_off	absent	70	red	left	aware	1	0
454.960	0.000	trigger_31	31	454960	Trigger-In:31	113	targets_on_fp_color_change	absent	70	red	left	aware	1	0
456.790	0.000	trigger_201	201	456790	Trigger-In:201	113	trial_end_completed	absent	70	red	left	aware	1	0
457.860	0.000	trigger_101	101	457860	Trigger-In:101	114	trial_start	staircase	21	red	right	unaware	1	0
457.965	0.000	trigger_11	11	457965	Trigger-In:11	114	fixation_point_on	staircase	21	red	right	unaware	1	0
458.565	0.000	trigger_21	21	458565	Trigger-In:21	114	grating_on	staircase	21	red	right	unaware	1	0
458.615	0.000	trigger_20	20	458615	Trigger-In:20	114	grating_off	staircase	21	red	right	unaware	1	0
459.215	0.000	trigger_31	31	459215	Trigger-In:31	114	targets_on_fp_color_change	staircase	21	red	right	unaware	1	0
460.115	0.000	trigger_201	201	460115	Trigger-In:201	114	trial_end_completed	staircase	21	red	right	unaware	1	0
461.185	0.000	trigger_101	101	461185	Trigger-In:101	115	trial_start	staircase	22	green	right	aware	1	0
461.290	0.000	trigger_11	11	461290	Trigger-In:11	115	fixation_point_on	staircase	22	green	right	aware	1	0
461.890	0.000	trigger_21	21	461890	Trigger-In:21	115	grating_on	staircase	22	green	right	aware	1	0
461.940	0.000	trigger_20	20	461940	Trigger-In:20	115	grating_off	staircase	22	green	right	aware	1	0
462.540	0.000	trigger_31	31	462540	Trigger-In:31	115	targets_on_fp_color_change	staircase	22	green	right	aware	1	0
463.470	0.000	trigger_201	201	463470	Trigger-In:201	115	trial_end_completed	staircase	22	green	right	aware	1	0
464.535	0.000	trigger_101	101	464535	Trigger-In:101	116	trial_start	staircase	21	green	left	unaware	1	0
464.640	0.000	trigger_11	11	464640	Trigger-In:11	116	fixation_point_on	staircase	21	green	left	unaware	1	0
465.240	0.000	trigger_21	21	465240	Trigger-In:21	116	grating_on	staircase	21	green	left	unaware	1	0
465.295	0.000	trigger_20	20	465295	Trigger-In:20	116	grating_off	staircase	21	green	left	unaware	1	0
465.895	0.000	trigger_31	31	465895	Trigger-In:31	116	targets_on_fp_color_change	staircase	21	green	left	unaware	1	0
466.630	0.000	trigger_201	201	466630	Trigger-In:201	116	trial_end_completed	staircase	21	green	left	unaware	1	0
467.695	0.000	trigger_101	101	467695	Trigger-In:101	117	trial_start	staircase	22	red	left	aware	1	0
467.800	0.000	trigger_11	11	467800	Trigger-In:11	117	fixation_point_on	staircase	22	red	left	aware	1	0
468.400	0.000	trigger_21	21	468400	Trigger-In:21	117	grating_on	staircase	22	red	left	aware	1	0
468.455	0.000	trigger_20	20	468455	Trigger-In:20	117	grating_off	staircase	22	red	left	aware	1	0
469.055	0.000	trigger_31	31	469055	Trigger-In:31	117	targets_on_fp_color_change	staircase	22	red	left	aware	1	0
470.410	0.000	trigger_201	201	470410	Trigger-In:201	117	trial_end_completed	staircase	22	red	left	aware	1	0
471.475	0.000	trigger_101	101	471475	Trigger-In:101	118	trial_start	staircase	21	red	left	aware	1	0
471.580	0.000	trigger_11	11	471580	Trigger-In:11	118	fixation_point_on	staircase	21	red	left	aware	1	0
472.180	0.000	trigger_21	21	472180	Trigger-In:21	118	grating_on	staircase	21	red	left	aware	1	0
472.230	0.000	trigger_20	20	472230	Trigger-In:20	118	grating_off	staircase	21	red	left	aware	1	0
472.830	0.000	trigger_31	31	472830	Trigger-In:31	118	targets_on_fp_color_change	staircase	21	red	left	aware	1	0
473.675	0.000	trigger_201	201	473675	Trigger-In:201	118	trial_end_completed	staircase	21	red	left	aware	1	0
474.745	0.000	trigger_101	101	474745	Trigger-In:101	119	trial_start	staircase	20	green	n/a	n/a	0	1
474.850	0.000	trigger_11	11	474850	Trigger-In:11	119	fixation_point_on	staircase	20	green	n/a	n/a	0	1
475.140	0.000	trigger_204	204	475140	Trigger-In:204	119	trial_end_fixation_break	staircase	20	green	n/a	n/a	0	1
476.855	0.000	trigger_101	101	476855	Trigger-In:101	120	trial_start	staircase	20	red	left	aware	1	0
476.965	0.000	trigger_11	11	476965	Trigger-In:11	120	fixation_point_on	staircase	20	red	left	aware	1	0
477.565	0.000	trigger_21	21	477565	Trigger-In:21	120	grating_on	staircase	20	red	left	aware	1	0
477.615	0.000	trigger_20	20	477615	Trigger-In:20	120	grating_off	staircase	20	red	left	aware	1	0
478.215	0.000	trigger_31	31	478215	Trigger-In:31	120	targets_on_fp_color_change	staircase	20	red	left	aware	1	0
479.500	0.000	trigger_201	201	479500	Trigger-In:201	120	trial_end_completed	staircase	20	red	left	aware	1	0
480.565	0.000	trigger_101	101	480565	Trigger-In:101	121	trial_start	salient	0	red	right	unaware	1	0
480.670	0.000	trigger_11	11	480670	Trigger-In:11	121	fixation_point_on	salient	0	red	right	unaware	1	0
481.270	0.000	trigger_21	21	481270	Trigger-In:21	121	grating_on	salient	0	red	right	unaware	1	0
481.320	0.000	trigger_20	20	481320	Trigger-In:20	121	grating_off	salient	0	red	right	unaware	1	0
481.920	0.000	trigger_31	31	481920	Trigger-In:31	121	targets_on_fp_color_change	salient	0	red	right	unaware	1	0
482.895	0.000	trigger_201	201	482895	Trigger-In:201	121	trial_end_completed	salient	0	red	right	unaware	1	0
483.965	0.000	trigger_101	101	483965	Trigger-In:101	122	trial_start	staircase	19	green	right	aware	1	0
484.070	0.000	trigger_11	11	484070	Trigger-In:11	122	fixation_point_on	staircase	19	green	right	aware	1	0
484.670	0.000	trigger_21	21	484670	Trigger-In:21	122	grating_on	staircase	19	green	right	aware	1	0
484.720	0.000	trigger_20	20	484720	Trigger-In:20	122	grating_off	staircase	19	green	right	aware	1	0
485.325	0.000	trigger_31	31	485325	Trigger-In:31	122	targets_on_fp_color_change	staircase	19	green	right	aware	1	0
486.505	0.000	trigger_201	201	486505	Trigger-In:201	122	trial_end_completed	staircase	19	green	right	aware	1	0
487.570	0.000	trigger_101	101	487570	Trigger-In:101	123	trial_start	salient	0	green	left	unaware	1	0
487.675	0.000	trigger_11	11	487675	Trigger-In:11	123	fixation_point_on	salient	0	green	left	unaware	1	0
488.275	0.000	trigger_21	21	488275	Trigger-In:21	123	grating_on	salient	0	green	left	unaware	1	0
488.330	0.000	trigger_20	20	488330	Trigger-In:20	123	grating_off	salient	0	green	left	unaware	1	0
488.930	0.000	trigger_31	31	488930	Trigger-In:31	123	targets_on_fp_color_change	salient	0	green	left	unaware	1	0
490.075	0.000	trigger_201	201	490075	Trigger-In:201	123	trial_end_completed	salient	0	green	left	unaware	1	0
491.145	0.000	trigger_101	101	491145	Trigger-In:101	124	trial_start	staircase	18	red	right	unaware	1	0
491.250	0.000	trigger_11	11	491250	Trigger-In:11	124	fixation_point_on	staircase	18	red	right	unaware	1	0
491.850	0.000	trigger_21	21	491850	Trigger-In:21	124	grating_on	staircase	18	red	right	unaware	1	0
491.900	0.000	trigger_20	20	491900	Trigger-In:20	124	grating_off	staircase	18	red	right	unaware	1	0
492.500	0.000	trigger_31	31	492500	Trigger-In:31	124	targets_on_fp_color_change	staircase	18	red	right	unaware	1	0
493.745	0.000	trigger_201	201	493745	Trigger-In:201	124	trial_end_completed	staircase	18	red	right	unaware	1	0
494.815	0.000	trigger_101	101	494815	Trigger-In:101	125	trial_start	salient	0	green	left	unaware	1	0
494.920	0.000	trigger_11	11	494920	Trigger-In:11	125	fixation_point_on	salient	0	green	left	unaware	1	0
495.520	0.000	trigger_21	21	495520	Trigger-In:21	125	grating_on	salient	0	green	left	unaware	1	0
495.570	0.000	trigger_20	20	495570	Trigger-In:20	125	grating_off	salient	0	green	left	unaware	1	0
496.170	0.000	trigger_31	31	496170	Trigger-In:31	125	targets_on_fp_color_change	salient	0	green	left	unaware	1	0
497.550	0.000	trigger_201	201	497550	Trigger-In:201	125	trial_end_completed	salient	0	green	left	unaware	1	0
498.620	0.000	trigger_101	101	498620	Trigger-In:101	126	trial_start	staircase	19	green	right	aware	1	0
498.725	0.000	trigger_11	11	498725	Trigger-In:11	126	fixation_point_on	staircase	19	green	right	aware	1	0
499.325	0.000	trigger_21	21	499325	Trigger-In:21	126	grating_on	staircase	19	green	right	aware	1	0
499.375	0.000	trigger_20	20	499375	Trigger-In:20	126	grating_off	staircase	19	green	right	aware	1	0
499.975	0.000	trigger_31	31	499975	Trigger-In:31	126	targets_on_fp_color_change	staircase	19	green	right	aware	1	0
500.910	0.000	trigger_201	201	500910	Trigger-In:201	126	trial_end_completed	staircase	19	green	right	aware	1	0
501.980	0.000	trigger_101	101	501980	Trigger-In:101	127	trial_start	staircase	18	red	right	unaware	1	0
502.280	0.000	trigger_11	11	502280	Trigger-In:11	127	fixation_point_on	staircase	18	red	right	unaware	1	0
502.880	0.000	trigger_21	21	502880	Trigger-In:21	127	grating_on	staircase	18	red	right	unaware	1	0
502.930	0.000	trigger_20	20	502930	Trigger-In:20	127	grating_off	staircase	18	red	right	unaware	1	0
503.530	0.000	trigger_31	31	503530	Trigger-In:31	127	targets_on_fp_color_change	staircase	18	red	right	unaware	1	0
505.055	0.000	trigger_201	201	505055	Trigger-In:201	127	trial_end_completed	staircase	18	red	right	unaware	1	0
506.125	0.000	trigger_101	101	506125	Trigger-In:101	128	trial_start	staircase	19	green	right	aware	1	0
506.230	0.000	trigger_11	11	506230	Trigger-In:11	128	fixation_point_on	staircase	19	green	right	aware	1	0
506.830	0.000	trigger_21	21	506830	Trigger-In:21	128	grating_on	staircase	19	green	right	aware	1	0
506.880	0.000	trigger_20	20	506880	Trigger-In:20	128	grating_off	staircase	19	green	right	aware	1	0
507.480	0.000	trigger_31	31	507480	Trigger-In:31	128	targets_on_fp_color_change	staircase	19	green	right	aware	1	0
508.345	0.000	trigger_201	201	508345	Trigger-In:201	128	trial_end_completed	staircase	19	green	right	aware	1	0
509.415	0.000	trigger_101	101	509415	Trigger-In:101	129	trial_start	staircase	18	red	left	aware	1	0
509.520	0.000	trigger_11	11	509520	Trigger-In:11	129	fixation_point_on	staircase	18	red	left	aware	1	0
510.120	0.000	trigger_21	21	510120	Trigger-In:21	129	grating_on	staircase	18	red	left	aware	1	0
510.175	0.000	trigger_20	20	510175	Trigger-In:20	129	grating_off	staircase	18	red	left	aware	1	0
510.775	0.000	trigger_31	31	510775	Trigger-In:31	129	targets_on_fp_color_change	staircase	18	red	left	aware	1	0
511.740	0.000	trigger_201	201	511740	Trigger-In:201	129	trial_end_completed	staircase	18	red	left	aware	1	0
512.810	0.000	trigger_101	101	512810	Trigger-In:101	130	trial_start	staircase	17	red	right	unaware	1	0
512.910	0.000	trigger_11	11	512910	Trigger-In:11	130	fixation_point_on	staircase	17	red	right	unaware	1	0
513.510	0.000	trigger_21	21	513510	Trigger-In:21	130	grating_on	staircase	17	red	right	unaware	1	0
513.560	0.000	trigger_20	20	513560	Trigger-In:20	130	grating_off	staircase	17	red	right	unaware	1	0
514.160	0.000	trigger_31	31	514160	Trigger-In:31	130	targets_on_fp_color_change	staircase	17	red	right	unaware	1	0
515.490	0.000	trigger_201	201	515490	Trigger-In:201	130	trial_end_completed	staircase	17	red	right	unaware	1	0
516.560	0.000	trigger_101	101	516560	Trigger-In:101	131	trial_start	absent	70	red	left	aware	1	0
516.660	0.000	trigger_11	11	516660	Trigger-In:11	131	fixation_point_on	absent	70	red	left	aware	1	0
517.260	0.000	trigger_21	21	517260	Trigger-In:21	131	grating_on	absent	70	red	left	aware	1	0
517.310	0.000	trigger_20	20	517310	Trigger-In:20	131	grating_off	absent	70	red	left	aware	1	0
517.910	0.000	trigger_31	31	517910	Trigger-In:31	131	targets_on_fp_color_change	absent	70	red	left	aware	1	0
518.885	0.000	trigger_201	201	518885	Trigger-In:201	131	trial_end_completed	absent	70	red	left	aware	1	0
519.955	0.000	trigger_101	101	519955	Trigger-In:101	132	trial_start	salient	0	green	left	unaware	1	0
520.280	0.000	trigger_11	11	520280	Trigger-In:11	132	fixation_point_on	salient	0	green	left	unaware	1	0
520.880	0.000	trigger_21	21	520880	Trigger-In:21	132	grating_on	salient	0	green	left	unaware	1	0
520.930	0.000	trigger_20	20	520930	Trigger-In:20	132	grating_off	salient	0	green	left	unaware	1	0
521.535	0.000	trigger_31	31	521535	Trigger-In:31	132	targets_on_fp_color_change	salient	0	green	left	unaware	1	0
522.690	0.000	trigger_201	201	522690	Trigger-In:201	132	trial_end_completed	salient	0	green	left	unaware	1	0
523.760	0.000	trigger_101	101	523760	Trigger-In:101	133	trial_start	staircase	18	green	left	unaware	1	0
523.865	0.000	trigger_11	11	523865	Trigger-In:11	133	fixation_point_on	staircase	18	green	left	unaware	1	0
524.465	0.000	trigger_21	21	524465	Trigger-In:21	133	grating_on	staircase	18	green	left	unaware	1	0
524.515	0.000	trigger_20	20	524515	Trigger-In:20	133	grating_off	staircase	18	green	left	unaware	1	0
525.115	0.000	trigger_31	31	525115	Trigger-In:31	133	targets_on_fp_color_change	staircase	18	green	left	unaware	1	0
526.410	0.000	trigger_201	201	526410	Trigger-In:201	133	trial_end_completed	staircase	18	green	left	unaware	1	0
527.480	0.000	trigger_101	101	527480	Trigger-In:101	134	trial_start	staircase	19	green	left	unaware	1	0
527.585	0.000	trigger_11	11	527585	Trigger-In:11	134	fixation_point_on	staircase	19	green	left	unaware	1	0
528.185	0.000	trigger_21	21	528185	Trigger-In:21	134	grating_on	staircase	19	green	left	unaware	1	0
528.235	0.000	trigger_20	20	528235	Trigger-In:20	134	grating_off	staircase	19	green	left	unaware	1	0
528.835	0.000	trigger_31	31	528835	Trigger-In:31	134	targets_on_fp_color_change	staircase	19	green	left	unaware	1	0
529.965	0.000	trigger_201	201	529965	Trigger-In:201	134	trial_end_completed	staircase	19	green	left	unaware	1	0
531.030	0.000	trigger_101	101	531030	Trigger-In:101	135	trial_start	salient	0	green	left	unaware	1	0
531.140	0.000	trigger_11	11	531140	Trigger-In:11	135	fixation_point_on	salient	0	green	left	unaware	1	0
531.740	0.000	trigger_21	21	531740	Trigger-In:21	135	grating_on	salient	0	green	left	unaware	1	0
531.790	0.000	trigger_20	20	531790	Trigger-In:20	135	grating_off	salient	0	green	left	unaware	1	0
532.390	0.000	trigger_31	31	532390	Trigger-In:31	135	targets_on_fp_color_change	salient	0	green	left	unaware	1	0
533.225	0.000	trigger_201	201	533225	Trigger-In:201	135	trial_end_completed	salient	0	green	left	unaware	1	0
534.295	0.000	trigger_101	101	534295	Trigger-In:101	136	trial_start	staircase	20	red	right	unaware	1	0
534.400	0.000	trigger_11	11	534400	Trigger-In:11	136	fixation_point_on	staircase	20	red	right	unaware	1	0
535.000	0.000	trigger_21	21	535000	Trigger-In:21	136	grating_on	staircase	20	red	right	unaware	1	0
535.050	0.000	trigger_20	20	535050	Trigger-In:20	136	grating_off	staircase	20	red	right	unaware	1	0
535.650	0.000	trigger_31	31	535650	Trigger-In:31	136	targets_on_fp_color_change	staircase	20	red	right	unaware	1	0
536.805	0.000	trigger_201	201	536805	Trigger-In:201	136	trial_end_completed	staircase	20	red	right	unaware	1	0
537.870	0.000	trigger_101	101	537870	Trigger-In:101	137	trial_start	absent	70	green	right	aware	1	0
537.970	0.000	trigger_11	11	537970	Trigger-In:11	137	fixation_point_on	absent	70	green	right	aware	1	0
538.575	0.000	trigger_21	21	538575	Trigger-In:21	137	grating_on	absent	70	green	right	aware	1	0
538.625	0.000	trigger_20	20	538625	Trigger-In:20	137	grating_off	absent	70	green	right	aware	1	0
539.225	0.000	trigger_31	31	539225	Trigger-In:31	137	targets_on_fp_color_change	absent	70	green	right	aware	1	0
540.240	0.000	trigger_201	201	540240	Trigger-In:201	137	trial_end_completed	absent	70	green	right	aware	1	0
541.310	0.000	trigger_101	101	541310	Trigger-In:101	138	trial_start	staircase	21	green	left	unaware	1	0
541.410	0.000	trigger_11	11	541410	Trigger-In:11	138	fixation_point_on	staircase	21	green	left	unaware	1	0
542.010	0.000	trigger_21	21	542010	Trigger-In:21	138	grating_on	staircase	21	green	left	unaware	1	0
542.060	0.000	trigger_20	20	542060	Trigger-In:20	138	grating_off	staircase	21	green	left	unaware	1	0
542.660	0.000	trigger_31	31	542660	Trigger-In:31	138	targets_on_fp_color_change	staircase	21	green	left	unaware	1	0
543.755	0.000	trigger_201	201	543755	Trigger-In:201	138	trial_end_completed	staircase	21	green	left	unaware	1	0
544.825	0.000	trigger_101	101	544825	Trigger-In:101	139	trial_start	staircase	22	green	right	aware	1	0
544.930	0.000	trigger_11	11	544930	Trigger-In:11	139	fixation_point_on	staircase	22	green	right	aware	1	0
545.530	0.000	trigger_21	21	545530	Trigger-In:21	139	grating_on	staircase	22	green	right	aware	1	0
545.580	0.000	trigger_20	20	545580	Trigger-In:20	139	grating_off	staircase	22	green	right	aware	1	0
546.180	0.000	trigger_31	31	546180	Trigger-In:31	139	targets_on_fp_color_change	staircase	22	green	right	aware	1	0
547.220	0.000	trigger_201	201	547220	Trigger-In:201	139	trial_end_completed	staircase	22	green	right	aware	1	0
548.290	0.000	trigger_101	101	548290	Trigger-In:101	140	trial_start	staircase	21	green	left	unaware	1	0
548.395	0.000	trigger_11	11	548395	Trigger-In:11	140	fixation_point_on	staircase	21	green	left	unaware	1	0
548.995	0.000	trigger_21	21	548995	Trigger-In:21	140	grating_on	staircase	21	green	left	unaware	1	0
549.050	0.000	trigger_20	20	549050	Trigger-In:20	140	grating_off	staircase	21	green	left	unaware	1	0
549.650	0.000	trigger_31	31	549650	Trigger-In:31	140	targets_on_fp_color_change	staircase	21	green	left	unaware	1	0
550.860	0.000	trigger_201	201	550860	Trigger-In:201	140	trial_end_completed	staircase	21	green	left	unaware	1	0
551.925	0.000	trigger_101	101	551925	Trigger-In:101	141	trial_start	staircase	22	green	left	unaware	1	0
552.030	0.000	trigger_11	11	552030	Trigger-In:11	141	fixation_point_on	staircase	22	green	left	unaware	1	0
552.630	0.000	trigger_21	21	552630	Trigger-In:21	141	grating_on	staircase	22	green	left	unaware	1	0
552.680	0.000	trigger_20	20	552680	Trigger-In:20	141	grating_off	staircase	22	green	left	unaware	1	0
553.280	0.000	trigger_31	31	553280	Trigger-In:31	141	targets_on_fp_color_change	staircase	22	green	left	unaware	1	0
554.660	0.000	trigger_201	201	554660	Trigger-In:201	141	trial_end_completed	staircase	22	green	left	unaware	1	0
555.730	0.000	trigger_101	101	555730	Trigger-In:101	142	trial_start	staircase	23	green	left	unaware	1	0
555.830	0.000	trigger_11	11	555830	Trigger-In:11	142	fixation_point_on	staircase	23	green	left	unaware	1	0
556.430	0.000	trigger_21	21	556430	Trigger-In:21	142	grating_on	staircase	23	green	left	unaware	1	0
556.480	0.000	trigger_20	20	556480	Trigger-In:20	142	grating_off	staircase	23	green	left	unaware	1	0
557.080	0.000	trigger_31	31	557080	Trigger-In:31	142	targets_on_fp_color_change	staircase	23	green	left	unaware	1	0
558.380	0.000	trigger_201	201	558380	Trigger-In:201	142	trial_end_completed	staircase	23	green	left	unaware	1	0
559.450	0.000	trigger_101	101	559450	Trigger-In:101	143	trial_start	staircase	24	red	left	aware	1	0
559.555	0.000	trigger_11	11	559555	Trigger-In:11	143	fixation_point_on	staircase	24	red	left	aware	1	0
560.155	0.000	trigger_21	21	560155	Trigger-In:21	143	grating_on	staircase	24	red	left	aware	1	0
560.205	0.000	trigger_20	20	560205	Trigger-In:20	143	grating_off	staircase	24	red	left	aware	1	0
560.805	0.000	trigger_31	31	560805	Trigger-In:31	143	targets_on_fp_color_change	staircase	24	red	left	aware	1	0
561.905	0.000	trigger_201	201	561905	Trigger-In:201	143	trial_end_completed	staircase	24	red	left	aware	1	0
562.975	0.000	trigger_101	101	562975	Trigger-In:101	144	trial_start	salient	0	green	left	unaware	1	0
563.075	0.000	trigger_11	11	563075	Trigger-In:11	144	fixation_point_on	salient	0	green	left	unaware	1	0
563.675	0.000	trigger_21	21	563675	Trigger-In:21	144	grating_on	salient	0	green	left	unaware	1	0
563.725	0.000	trigger_20	20	563725	Trigger-In:20	144	grating_off	salient	0	green	left	unaware	1	0
564.325	0.000	trigger_31	31	564325	Trigger-In:31	144	targets_on_fp_color_change	salient	0	green	left	unaware	1	0
565.830	0.000	trigger_201	201	565830	Trigger-In:201	144	trial_end_completed	salient	0	green	left	unaware	1	0
566.895	0.000	trigger_101	101	566895	Trigger-In:101	145	trial_start	staircase	23	green	right	aware	1	0
567.000	0.000	trigger_11	11	567000	Trigger-In:11	145	fixation_point_on	staircase	23	green	right	aware	1	0
567.600	0.000	trigger_21	21	567600	Trigger-In:21	145	grating_on	staircase	23	green	right	aware	1	0
567.650	0.000	trigger_20	20	567650	Trigger-In:20	145	grating_off	staircase	23	green	right	aware	1	0
568.250	0.000	trigger_31	31	568250	Trigger-In:31	145	targets_on_fp_color_change	staircase	23	green	right	aware	1	0
569.195	0.000	trigger_201	201	569195	Trigger-In:201	145	trial_end_completed	staircase	23	green	right	aware	1	0
570.265	0.000	trigger_101	101	570265	Trigger-In:101	146	trial_start	staircase	22	green	right	aware	1	0
570.370	0.000	trigger_11	11	570370	Trigger-In:11	146	fixation_point_on	staircase	22	green	right	aware	1	0
570.970	0.000	trigger_21	21	570970	Trigger-In:21	146	grating_on	staircase	22	green	right	aware	1	0
571.020	0.000	trigger_20	20	571020	Trigger-In:20	146	grating_off	staircase	22	green	right	aware	1	0
571.620	0.000	trigger_31	31	571620	Trigger-In:31	146	targets_on_fp_color_change	staircase	22	green	right	aware	1	0
572.380	0.000	trigger_201	201	572380	Trigger-In:201	146	trial_end_completed	staircase	22	green	right	aware	1	0
573.445	0.000	trigger_101	101	573445	Trigger-In:101	147	trial_start	staircase	21	red	left	aware	1	0
573.550	0.000	trigger_11	11	573550	Trigger-In:11	147	fixation_point_on	staircase	21	red	left	aware	1	0
574.150	0.000	trigger_21	21	574150	Trigger-In:21	147	grating_on	staircase	21	red	left	aware	1	0
574.205	0.000	trigger_20	20	574205	Trigger-In:20	147	grating_off	staircase	21	red	left	aware	1	0
574.805	0.000	trigger_31	31	574805	Trigger-In:31	147	targets_on_fp_color_change	staircase	21	red	left	aware	1	0
575.745	0.000	trigger_201	201	575745	Trigger-In:201	147	trial_end_completed	staircase	21	red	left	aware	1	0
576.815	0.000	trigger_101	101	576815	Trigger-In:101	148	trial_start	staircase	20	green	left	unaware	1	0
576.915	0.000	trigger_11	11	576915	Trigger-In:11	148	fixation_point_on	staircase	20	green	left	unaware	1	0
577.515	0.000	trigger_21	21	577515	Trigger-In:21	148	grating_on	staircase	20	green	left	unaware	1	0
577.570	0.000	trigger_20	20	577570	Trigger-In:20	148	grating_off	staircase	20	green	left	unaware	1	0
578.170	0.000	trigger_31	31	578170	Trigger-In:31	148	targets_on_fp_color_change	staircase	20	green	left	unaware	1	0
579.895	0.000	trigger_201	201	579895	Trigger-In:201	148	trial_end_completed	staircase	20	green	left	unaware	1	0
580.965	0.000	trigger_101	101	580965	Trigger-In:101	149	trial_start	staircase	21	green	right	aware	1	0
581.070	0.000	trigger_11	11	581070	Trigger-In:11	149	fixation_point_on	staircase	21	green	right	aware	1	0
581.670	0.000	trigger_21	21	581670	Trigger-In:21	149	grating_on	staircase	21	green	right	aware	1	0
581.720	0.000	trigger_20	20	581720	Trigger-In:20	149	grating_off	staircase	21	green	right	aware	1	0
582.320	0.000	trigger_31	31	582320	Trigger-In:31	149	targets_on_fp_color_change	staircase	21	green	right	aware	1	0
583.455	0.000	trigger_201	201	583455	Trigger-In:201	149	trial_end_completed	staircase	21	green	right	aware	1	0
584.525	0.000	trigger_101	101	584525	Trigger-In:101	150	trial_start	staircase	20	green	right	aware	1	0
584.625	0.000	trigger_11	11	584625	Trigger-In:11	150	fixation_point_on	staircase	20	green	right	aware	1	0
585.225	0.000	trigger_21	21	585225	Trigger-In:21	150	grating_on	staircase	20	green	right	aware	1	0
585.275	0.000	trigger_20	20	585275	Trigger-In:20	150	grating_off	staircase	20	green	right	aware	1	0
585.875	0.000	trigger_31	31	585875	Trigger-In:31	150	targets_on_fp_color_change	staircase	20	green	right	aware	1	0
586.760	0.000	trigger_201	201	586760	Trigger-In:201	150	trial_end_completed	staircase	20	green	right	aware	1	0
587.830	0.000	trigger_101	101	587830	Trigger-In:101	151	trial_start	staircase	19	green	right	aware	1	0
587.935	0.000	trigger_11	11	587935	Trigger-In:11	151	fixation_point_on	staircase	19	green	right	aware	1	0
588.535	0.000	trigger_21	21	588535	Trigger-In:21	151	grating_on	staircase	19	green	right	aware	1	0
588.585	0.000	trigger_20	20	588585	Trigger-In:20	151	grating_off	staircase	19	green	right	aware	1	0
589.185	0.000	trigger_31	31	589185	Trigger-In:31	151	targets_on_fp_color_change	staircase	19	green	right	aware	1	0
590.030	0.000	trigger_201	201	590030	Trigger-In:201	151	trial_end_completed	staircase	19	green	right	aware	1	0
591.100	0.000	trigger_101	101	591100	Trigger-In:101	152	trial_start	staircase	18	red	left	aware	1	0
591.205	0.000	trigger_11	11	591205	Trigger-In:11	152	fixation_point_on	staircase	18	red	left	aware	1	0
591.805	0.000	trigger_21	21	591805	Trigger-In:21	152	grating_on	staircase	18	red	left	aware	1	0
591.855	0.000	trigger_20	20	591855	Trigger-In:20	152	grating_off	staircase	18	red	left	aware	1	0
592.455	0.000	trigger_31	31	592455	Trigger-In:31	152	targets_on_fp_color_change	staircase	18	red	left	aware	1	0
593.940	0.000	trigger_201	201	593940	Trigger-In:201	152	trial_end_completed	staircase	18	red	left	aware	1	0
595.010	0.000	trigger_101	101	595010	Trigger-In:101	153	trial_start	absent	70	red	left	aware	1	0
595.110	0.000	trigger_11	11	595110	Trigger-In:11	153	fixation_point_on	absent	70	red	left	aware	1	0
595.710	0.000	trigger_21	21	595710	Trigger-In:21	153	grating_on	absent	70	red	left	aware	1	0
595.760	0.000	trigger_20	20	595760	Trigger-In:20	153	grating_off	absent	70	red	left	aware	1	0
596.365	0.000	trigger_31	31	596365	Trigger-In:31	153	targets_on_fp_color_change	absent	70	red	left	aware	1	0
597.155	0.000	trigger_201	201	597155	Trigger-In:201	153	trial_end_completed	absent	70	red	left	aware	1	0
598.220	0.000	trigger_101	101	598220	Trigger-In:101	154	trial_start	staircase	17	green	right	aware	1	0
598.320	0.000	trigger_11	11	598320	Trigger-In:11	154	fixation_point_on	staircase	17	green	right	aware	1	0
598.920	0.000	trigger_21	21	598920	Trigger-In:21	154	grating_on	staircase	17	green	right	aware	1	0
598.975	0.000	trigger_20	20	598975	Trigger-In:20	154	grating_off	staircase	17	green	right	aware	1	0
599.575	0.000	trigger_31	31	599575	Trigger-In:31	154	targets_on_fp_color_change	staircase	17	green	right	aware	1	0
600.360	0.000	trigger_201	201	600360	Trigger-In:201	154	trial_end_completed	staircase	17	green	right	aware	1	0
601.430	0.000	trigger_101	101	601430	Trigger-In:101	155	trial_start	staircase	16	red	left	aware	1	0
601.530	0.000	trigger_11	11	601530	Trigger-In:11	155	fixation_point_on	staircase	16	red	left	aware	1	0
602.130	0.000	trigger_21	21	602130	Trigger-In:21	155	grating_on	staircase	16	red	left	aware	1	0
602.180	0.000	trigger_20	20	602180	Trigger-In:20	155	grating_off	staircase	16	red	left	aware	1	0
602.780	0.000	trigger_31	31	602780	Trigger-In:31	155	targets_on_fp_color_change	staircase	16	red	left	aware	1	0
604.090	0.000	trigger_201	201	604090	Trigger-In:201	155	trial_end_completed	staircase	16	red	left	aware	1	0
605.155	0.000	trigger_101	101	605155	Trigger-In:101	156	trial_start	staircase	15	red	right	unaware	1	0
605.260	0.000	trigger_11	11	605260	Trigger-In:11	156	fixation_point_on	staircase	15	red	right	unaware	1	0
605.860	0.000	trigger_21	21	605860	Trigger-In:21	156	grating_on	staircase	15	red	right	unaware	1	0
605.915	0.000	trigger_20	20	605915	Trigger-In:20	156	grating_off	staircase	15	red	right	unaware	1	0
606.515	0.000	trigger_31	31	606515	Trigger-In:31	156	targets_on_fp_color_change	staircase	15	red	right	unaware	1	0
608.150	0.000	trigger_201	201	608150	Trigger-In:201	156	trial_end_completed	staircase	15	red	right	unaware	1	0
609.220	0.000	trigger_101	101	609220	Trigger-In:101	157	trial_start	staircase	16	red	right	unaware	1	0
609.330	0.000	trigger_11	11	609330	Trigger-In:11	157	fixation_point_on	staircase	16	red	right	unaware	1	0
609.930	0.000	trigger_21	21	609930	Trigger-In:21	157	grating_on	staircase	16	red	right	unaware	1	0
609.980	0.000	trigger_20	20	609980	Trigger-In:20	157	grating_off	staircase	16	red	right	unaware	1	0
610.580	0.000	trigger_31	31	610580	Trigger-In:31	157	targets_on_fp_color_change	staircase	16	red	right	unaware	1	0
611.570	0.000	trigger_201	201	611570	Trigger-In:201	157	trial_end_completed	staircase	16	red	right	unaware	1	0
612.640	0.000	trigger_101	101	612640	Trigger-In:101	158	trial_start	salient	0	green	left	unaware	1	0
612.745	0.000	trigger_11	11	612745	Trigger-In:11	158	fixation_point_on	salient	0	green	left	unaware	1	0
613.345	0.000	trigger_21	21	613345	Trigger-In:21	158	grating_on	salient	0	green	left	unaware	1	0
613.395	0.000	trigger_20	20	613395	Trigger-In:20	158	grating_off	salient	0	green	left	unaware	1	0
613.995	0.000	trigger_31	31	613995	Trigger-In:31	158	targets_on_fp_color_change	salient	0	green	left	unaware	1	0
614.840	0.000	trigger_201	201	614840	Trigger-In:201	158	trial_end_completed	salient	0	green	left	unaware	1	0
615.910	0.000	trigger_101	101	615910	Trigger-In:101	159	trial_start	salient	0	green	left	unaware	1	0
616.015	0.000	trigger_11	11	616015	Trigger-In:11	159	fixation_point_on	salient	0	green	left	unaware	1	0
616.615	0.000	trigger_21	21	616615	Trigger-In:21	159	grating_on	salient	0	green	left	unaware	1	0
616.665	0.000	trigger_20	20	616665	Trigger-In:20	159	grating_off	salient	0	green	left	unaware	1	0
617.265	0.000	trigger_31	31	617265	Trigger-In:31	159	targets_on_fp_color_change	salient	0	green	left	unaware	1	0
618.295	0.000	trigger_201	201	618295	Trigger-In:201	159	trial_end_completed	salient	0	green	left	unaware	1	0
619.365	0.000	trigger_101	101	619365	Trigger-In:101	160	trial_start	salient	0	red	right	unaware	1	0
619.465	0.000	trigger_11	11	619465	Trigger-In:11	160	fixation_point_on	salient	0	red	right	unaware	1	0
620.065	0.000	trigger_21	21	620065	Trigger-In:21	160	grating_on	salient	0	red	right	unaware	1	0
620.115	0.000	trigger_20	20	620115	Trigger-In:20	160	grating_off	salient	0	red	right	unaware	1	0
620.715	0.000	trigger_31	31	620715	Trigger-In:31	160	targets_on_fp_color_change	salient	0	red	right	unaware	1	0
622.165	0.000	trigger_201	201	622165	Trigger-In:201	160	trial_end_completed	salient	0	red	right	unaware	1	0
623.235	0.000	trigger_101	101	623235	Trigger-In:101	161	trial_start	staircase	17	red	right	unaware	1	0
623.335	0.000	trigger_11	11	623335	Trigger-In:11	161	fixation_point_on	staircase	17	red	right	unaware	1	0
623.940	0.000	trigger_21	21	623940	Trigger-In:21	161	grating_on	staircase	17	red	right	unaware	1	0
623.990	0.000	trigger_20	20	623990	Trigger-In:20	161	grating_off	staircase	17	red	right	unaware	1	0
624.590	0.000	trigger_31	31	624590	Trigger-In:31	161	targets_on_fp_color_change	staircase	17	red	right	unaware	1	0
625.375	0.000	trigger_201	201	625375	Trigger-In:201	161	trial_end_completed	staircase	17	red	right	unaware	1	0
626.445	0.000	trigger_101	101	626445	Trigger-In:101	162	trial_start	staircase	18	green	left	unaware	1	0
626.550	0.000	trigger_11	11	626550	Trigger-In:11	162	fixation_point_on	staircase	18	green	left	unaware	1	0
627.150	0.000	trigger_21	21	627150	Trigger-In:21	162	grating_on	staircase	18	green	left	unaware	1	0
627.200	0.000	trigger_20	20	627200	Trigger-In:20	162	grating_off	staircase	18	green	left	unaware	1	0
627.805	0.000	trigger_31	31	627805	Trigger-In:31	162	targets_on_fp_color_change	staircase	18	green	left	unaware	1	0
628.655	0.000	trigger_201	201	628655	Trigger-In:201	162	trial_end_completed	staircase	18	green	left	unaware	1	0
629.725	0.000	trigger_101	101	629725	Trigger-In:101	163	trial_start	staircase	19	red	right	unaware	1	0
629.830	0.000	trigger_11	11	629830	Trigger-In:11	163	fixation_point_on	staircase	19	red	right	unaware	1	0
630.430	0.000	trigger_21	21	630430	Trigger-In:21	163	grating_on	staircase	19	red	right	unaware	1	0
630.480	0.000	trigger_20	20	630480	Trigger-In:20	163	grating_off	staircase	19	red	right	unaware	1	0
631.080	0.000	trigger_31	31	631080	Trigger-In:31	163	targets_on_fp_color_change	staircase	19	red	right	unaware	1	0
632.135	0.000	trigger_201	201	632135	Trigger-In:201	163	trial_end_completed	staircase	19	red	right	unaware	1	0
633.200	0.000	trigger_101	101	633200	Trigger-In:101	164	trial_start	staircase	20	red	right	unaware	1	0
633.300	0.000	trigger_11	11	633300	Trigger-In:11	164	fixation_point_on	staircase	20	red	right	unaware	1	0
633.900	0.000	trigger_21	21	633900	Trigger-In:21	164	grating_on	staircase	20	red	right	unaware	1	0
633.955	0.000	trigger_20	20	633955	Trigger-In:20	164	grating_off	staircase	20	red	right	unaware	1	0
634.555	0.000	trigger_31	31	634555	Trigger-In:31	164	targets_on_fp_color_change	staircase	20	red	right	unaware	1	0
635.920	0.000	trigger_201	201	635920	Trigger-In:201	164	trial_end_completed	staircase	20	red	right	unaware	1	0
636.990	0.000	trigger_101	101	636990	Trigger-In:101	165	trial_start	staircase	21	red	left	aware	1	0
637.090	0.000	trigger_11	11	637090	Trigger-In:11	165	fixation_point_on	staircase	21	red	left	aware	1	0
637.690	0.000	trigger_21	21	637690	Trigger-In:21	165	grating_on	staircase	21	red	left	aware	1	0
637.740	0.000	trigger_20	20	637740	Trigger-In:20	165	grating_off	staircase	21	red	left	aware	1	0
638.340	0.000	trigger_31	31	638340	Trigger-In:31	165	targets_on_fp_color_change	staircase	21	red	left	aware	1	0
639.345	0.000	trigger_201	201	639345	Trigger-In:201	165	trial_end_completed	staircase	21	red	left	aware	1	0
640.415	0.000	trigger_101	101	640415	Trigger-In:101	166	trial_start	staircase	20	green	right	aware	1	0
640.515	0.000	trigger_11	11	640515	Trigger-In:11	166	fixation_point_on	staircase	20	green	right	aware	1	0
641.115	0.000	trigger_21	21	641115	Trigger-In:21	166	grating_on	staircase	20	green	right	aware	1	0
641.165	0.000	trigger_20	20	641165	Trigger-In:20	166	grating_off	staircase	20	green	right	aware	1	0
641.765	0.000	trigger_31	31	641765	Trigger-In:31	166	targets_on_fp_color_change	staircase	20	green	right	aware	1	0
642.700	0.000	trigger_201	201	642700	Trigger-In:201	166	trial_end_completed	staircase	20	green	right	aware	1	0
643.765	0.000	trigger_101	101	643765	Trigger-In:101	167	trial_start	absent	70	green	right	aware	1	0
643.875	0.000	trigger_11	11	643875	Trigger-In:11	167	fixation_point_on	absent	70	green	right	aware	1	0
644.475	0.000	trigger_21	21	644475	Trigger-In:21	167	grating_on	absent	70	green	right	aware	1	0
644.525	0.000	trigger_20	20	644525	Trigger-In:20	167	grating_off	absent	70	green	right	aware	1	0
645.125	0.000	trigger_31	31	645125	Trigger-In:31	167	targets_on_fp_color_change	absent	70	green	right	aware	1	0
646.980	0.000	trigger_201	201	646980	Trigger-In:201	167	trial_end_completed	absent	70	green	right	aware	1	0
648.045	0.000	trigger_101	101	648045	Trigger-In:101	168	trial_start	staircase	19	green	right	aware	1	0
648.155	0.000	trigger_11	11	648155	Trigger-In:11	168	fixation_point_on	staircase	19	green	right	aware	1	0
648.755	0.000	trigger_21	21	648755	Trigger-In:21	168	grating_on	staircase	19	green	right	aware	1	0
648.805	0.000	trigger_20	20	648805	Trigger-In:20	168	grating_off	staircase	19	green	right	aware	1	0
649.405	0.000	trigger_31	31	649405	Trigger-In:31	168	targets_on_fp_color_change	staircase	19	green	right	aware	1	0
650.445	0.000	trigger_201	201	650445	Trigger-In:201	168	trial_end_completed	staircase	19	green	right	aware	1	0
651.515	0.000	trigger_101	101	651515	Trigger-In:101	169	trial_start	absent	70	red	left	aware	1	0
651.615	0.000	trigger_11	11	651615	Trigger-In:11	169	fixation_point_on	absent	70	red	left	aware	1	0
652.215	0.000	trigger_21	21	652215	Trigger-In:21	169	grating_on	absent	70	red	left	aware	1	0
652.265	0.000	trigger_20	20	652265	Trigger-In:20	169	grating_off	absent	70	red	left	aware	1	0
652.865	0.000	trigger_31	31	652865	Trigger-In:31	169	targets_on_fp_color_change	absent	70	red	left	aware	1	0
653.880	0.000	trigger_201	201	653880	Trigger-In:201	169	trial_end_completed	absent	70	red	left	aware	1	0
654.950	0.000	trigger_101	101	654950	Trigger-In:101	170	trial_start	staircase	18	green	left	unaware	1	0
655.055	0.000	trigger_11	11	655055	Trigger-In:11	170	fixation_point_on	staircase	18	green	left	unaware	1	0
655.655	0.000	trigger_21	21	655655	Trigger-In:21	170	grating_on	staircase	18	green	left	unaware	1	0
655.705	0.000	trigger_20	20	655705	Trigger-In:20	170	grating_off	staircase	18	green	left	unaware	1	0
656.305	0.000	trigger_31	31	656305	Trigger-In:31	170	targets_on_fp_color_change	staircase	18	green	left	unaware	1	0
657.780	0.000	trigger_201	201	657780	Trigger-In:201	170	trial_end_completed	staircase	18	green	left	unaware	1	0
658.850	0.000	trigger_101	101	658850	Trigger-In:101	171	trial_start	staircase	19	green	right	aware	1	0
658.955	0.000	trigger_11	11	658955	Trigger-In:11	171	fixation_point_on	staircase	19	green	right	aware	1	0
659.555	0.000	trigger_21	21	659555	Trigger-In:21	171	grating_on	staircase	19	green	right	aware	1	0
659.610	0.000	trigger_20	20	659610	Trigger-In:20	171	grating_off	staircase	19	green	right	aware	1	0
660.210	0.000	trigger_31	31	660210	Trigger-In:31	171	targets_on_fp_color_change	staircase	19	green	right	aware	1	0
661.060	0.000	trigger_201	201	661060	Trigger-In:201	171	trial_end_completed	staircase	19	green	right	aware	1	0
662.130	0.000	trigger_101	101	662130	Trigger-In:101	172	trial_start	staircase	18	green	right	aware	1	0
662.235	0.000	trigger_11	11	662235	Trigger-In:11	172	fixation_point_on	staircase	18	green	right	aware	1	0
662.835	0.000	trigger_21	21	662835	Trigger-In:21	172	grating_on	staircase	18	green	right	aware	1	0
662.885	0.000	trigger_20	20	662885	Trigger-In:20	172	grating_off	staircase	18	green	right	aware	1	0
663.485	0.000	trigger_31	31	663485	Trigger-In:31	172	targets_on_fp_color_change	staircase	18	green	right	aware	1	0
664.400	0.000	trigger_201	201	664400	Trigger-In:201	172	trial_end_completed	staircase	18	green	right	aware	1	0
665.470	0.000	trigger_101	101	665470	Trigger-In:101	173	trial_start	salient	0	red	right	unaware	1	0
665.575	0.000	trigger_11	11	665575	Trigger-In:11	173	fixation_point_on	salient	0	red	right	unaware	1	0
666.175	0.000	trigger_21	21	666175	Trigger-In:21	173	grating_on	salient	0	red	right	unaware	1	0
666.225	0.000	trigger_20	20	666225	Trigger-In:20	173	grating_off	salient	0	red	right	unaware	1	0
666.825	0.000	trigger_31	31	666825	Trigger-In:31	173	targets_on_fp_color_change	salient	0	red	right	unaware	1	0
668.130	0.000	trigger_201	201	668130	Trigger-In:201	173	trial_end_completed	salient	0	red	right	unaware	1	0
669.200	0.000	trigger_101	101	669200	Trigger-In:101	174	trial_start	absent	70	red	left	aware	1	0
669.300	0.000	trigger_11	11	669300	Trigger-In:11	174	fixation_point_on	absent	70	red	left	aware	1	0
669.900	0.000	trigger_21	21	669900	Trigger-In:21	174	grating_on	absent	70	red	left	aware	1	0
669.950	0.000	trigger_20	20	669950	Trigger-In:20	174	grating_off	absent	70	red	left	aware	1	0
670.550	0.000	trigger_31	31	670550	Trigger-In:31	174	targets_on_fp_color_change	absent	70	red	left	aware	1	0
671.615	0.000	trigger_201	201	671615	Trigger-In:201	174	trial_end_completed	absent	70	red	left	aware	1	0
672.685	0.000	trigger_101	101	672685	Trigger-In:101	175	trial_start	salient	0	green	left	unaware	1	0
672.785	0.000	trigger_11	11	672785	Trigger-In:11	175	fixation_point_on	salient	0	green	left	unaware	1	0
673.385	0.000	trigger_21	21	673385	Trigger-In:21	175	grating_on	salient	0	green	left	unaware	1	0
673.435	0.000	trigger_20	20	673435	Trigger-In:20	175	grating_off	salient	0	green	left	unaware	1	0
674.040	0.000	trigger_31	31	674040	Trigger-In:31	175	targets_on_fp_color_change	salient	0	green	left	unaware	1	0
675.485	0.000	trigger_201	201	675485	Trigger-In:201	175	trial_end_completed	salient	0	green	left	unaware	1	0
676.555	0.000	trigger_101	101	676555	Trigger-In:101	176	trial_start	salient	0	green	left	unaware	1	0
676.660	0.000	trigger_11	11	676660	Trigger-In:11	176	fixation_point_on	salient	0	green	left	unaware	1	0
677.260	0.000	trigger_21	21	677260	Trigger-In:21	176	grating_on	salient	0	green	left	unaware	1	0
677.310	0.000	trigger_20	20	677310	Trigger-In:20	176	grating_off	salient	0	green	left	unaware	1	0
677.910	0.000	trigger_31	31	677910	Trigger-In:31	176	targets_on_fp_color_change	salient	0	green	left	unaware	1	0
679.080	0.000	trigger_201	201	679080	Trigger-In:201	176	trial_end_completed	salient	0	green	left	unaware	1	0
680.150	0.000	trigger_101	101	680150	Trigger-In:101	177	trial_start	salient	0	red	right	unaware	1	0
680.255	0.000	trigger_11	11	680255	Trigger-In:11	177	fixation_point_on	salient	0	red	right	unaware	1	0
680.855	0.000	trigger_21	21	680855	Trigger-In:21	177	grating_on	salient	0	red	right	unaware	1	0
680.905	0.000	trigger_20	20	680905	Trigger-In:20	177	grating_off	salient	0	red	right	unaware	1	0
681.505	0.000	trigger_31	31	681505	Trigger-In:31	177	targets_on_fp_color_change	salient	0	red	right	unaware	1	0
682.385	0.000	trigger_201	201	682385	Trigger-In:201	177	trial_end_completed	salient	0	red	right	unaware	1	0
683.455	0.000	trigger_101	101	683455	Trigger-In:101	178	trial_start	staircase	17	red	right	unaware	1	0
683.555	0.000	trigger_11	11	683555	Trigger-In:11	178	fixation_point_on	staircase	17	red	right	unaware	1	0
684.155	0.000	trigger_21	21	684155	Trigger-In:21	178	grating_on	staircase	17	red	right	unaware	1	0
684.205	0.000	trigger_20	20	684205	Trigger-In:20	178	grating_off	staircase	17	red	right	unaware	1	0
684.805	0.000	trigger_31	31	684805	Trigger-In:31	178	targets_on_fp_color_change	staircase	17	red	right	unaware	1	0
685.850	0.000	trigger_201	201	685850	Trigger-In:201	178	trial_end_completed	staircase	17	red	right	unaware	1	0
686.915	0.000	trigger_101	101	686915	Trigger-In:101	179	trial_start	staircase	18	green	left	unaware	1	0
687.025	0.000	trigger_11	11	687025	Trigger-In:11	179	fixation_point_on	staircase	18	green	left	unaware	1	0
687.625	0.000	trigger_21	21	687625	Trigger-In:21	179	grating_on	staircase	18	green	left	unaware	1	0
687.675	0.000	trigger_20	20	687675	Trigger-In:20	179	grating_off	staircase	18	green	left	unaware	1	0
688.275	0.000	trigger_31	31	688275	Trigger-In:31	179	targets_on_fp_color_change	staircase	18	green	left	unaware	1	0
689.535	0.000	trigger_201	201	689535	Trigger-In:201	179	trial_end_completed	staircase	18	green	left	unaware	1	0
690.605	0.000	trigger_101	101	690605	Trigger-In:101	180	trial_start	salient	0	red	left	aware	1	0
690.710	0.000	trigger_11	11	690710	Trigger-In:11	180	fixation_point_on	salient	0	red	left	aware	1	0
691.310	0.000	trigger_21	21	691310	Trigger-In:21	180	grating_on	salient	0	red	left	aware	1	0
691.360	0.000	trigger_20	20	691360	Trigger-In:20	180	grating_off	salient	0	red	left	aware	1	0
691.960	0.000	trigger_31	31	691960	Trigger-In:31	180	targets_on_fp_color_change	salient	0	red	left	aware	1	0
693.400	0.000	trigger_201	201	693400	Trigger-In:201	180	trial_end_completed	salient	0	red	left	aware	1	0
