onset	duration	trial_type	value	sample	source_annotation	trial	event_name	stim_presence	contrast	fp_color	response	awareness	trial_complete	fixation_break
43.389	0.000	trigger_101	101	43389	Trigger-In:101	1	trial_start	salient	0	green	left	unaware	1	0
43.499	0.000	trigger_11	11	43499	Trigger-In:11	1	fixation_point_on	salient	0	green	left	unaware	1	0
44.099	0.000	trigger_21	21	44099	Trigger-In:21	1	grating_on	salient	0	green	left	unaware	1	0
44.159	0.000	trigger_20	20	44159	Trigger-In:20	1	grating_off	salient	0	green	left	unaware	1	0
44.754	0.000	trigger_31	31	44754	Trigger-In:31	1	targets_on_fp_color_change	salient	0	green	left	unaware	1	0
45.884	0.000	trigger_201	201	45884	Trigger-In:201	1	trial_end_completed	salient	0	green	left	unaware	1	0
47.144	0.000	trigger_101	101	47144	Trigger-In:101	2	trial_start	staircase	15	red	left	aware	1	0
47.249	0.000	trigger_11	11	47249	Trigger-In:11	2	fixation_point_on	staircase	15	red	left	aware	1	0
47.849	0.000	trigger_21	21	47849	Trigger-In:21	2	grating_on	staircase	15	red	left	aware	1	0
47.904	0.000	trigger_20	20	47904	Trigger-In:20	2	grating_off	staircase	15	red	left	aware	1	0
48.504	0.000	trigger_31	31	48504	Trigger-In:31	2	targets_on_fp_color_change	staircase	15	red	left	aware	1	0
49.334	0.000	trigger_201	201	49334	Trigger-In:201	2	trial_end_completed	staircase	15	red	left	aware	1	0
50.409	0.000	trigger_101	101	50409	Trigger-In:101	3	trial_start	staircase	14	green	right	aware	1	0
50.514	0.000	trigger_11	11	50514	Trigger-In:11	3	fixation_point_on	staircase	14	green	right	aware	1	0
51.114	0.000	trigger_21	21	51114	Trigger-In:21	3	grating_on	staircase	14	green	right	aware	1	0
51.164	0.000	trigger_20	20	51164	Trigger-In:20	3	grating_off	staircase	14	green	right	aware	1	0
51.769	0.000	trigger_31	31	51769	Trigger-In:31	3	targets_on_fp_color_change	staircase	14	green	right	aware	1	0
52.339	0.000	trigger_201	201	52339	Trigger-In:201	3	trial_end_completed	staircase	14	green	right	aware	1	0
53.414	0.000	trigger_101	101	53414	Trigger-In:101	4	trial_start	salient	0	red	left	aware	1	0
53.524	0.000	trigger_11	11	53524	Trigger-In:11	4	fixation_point_on	salient	0	red	left	aware	1	0
54.124	0.000	trigger_21	21	54124	Trigger-In:21	4	grating_on	salient	0	red	left	aware	1	0
54.179	0.000	trigger_20	20	54179	Trigger-In:20	4	grating_off	salient	0	red	left	aware	1	0
54.779	0.000	trigger_31	31	54779	Trigger-In:31	4	targets_on_fp_color_change	salient	0	red	left	aware	1	0
55.429	0.000	trigger_201	201	55429	Trigger-In:201	4	trial_end_completed	salient	0	red	left	aware	1	0
56.784	0.000	trigger_101	101	56784	Trigger-In:101	5	trial_start	staircase	13	red	right	unaware	1	0
56.919	0.000	trigger_11	11	56919	Trigger-In:11	5	fixation_point_on	staircase	13	red	right	unaware	1	0
57.519	0.000	trigger_21	21	57519	Trigger-In:21	5	grating_on	staircase	13	red	right	unaware	1	0
57.569	0.000	trigger_20	20	57569	Trigger-In:20	5	grating_off	staircase	13	red	right	unaware	1	0
58.169	0.000	trigger_31	31	58169	Trigger-In:31	5	targets_on_fp_color_change	staircase	13	red	right	unaware	1	0
59.069	0.000	trigger_201	201	59069	Trigger-In:201	5	trial_end_completed	staircase	13	red	right	unaware	1	0
60.144	0.000	trigger_101	101	60144	Trigger-In:101	6	trial_start	staircase	14	red	left	aware	1	0
60.249	0.000	trigger_11	11	60249	Trigger-In:11	6	fixation_point_on	staircase	14	red	left	aware	1	0
60.849	0.000	trigger_21	21	60849	Trigger-In:21	6	grating_on	staircase	14	red	left	aware	1	0
60.899	0.000	trigger_20	20	60899	Trigger-In:20	6	grating_off	staircase	14	red	left	aware	1	0
61.499	0.000	trigger_31	31	61499	Trigger-In:31	6	targets_on_fp_color_change	staircase	14	red	left	aware	1	0
62.164	0.000	trigger_201	201	62164	Trigger-In:201	6	trial_end_completed	staircase	14	red	left	aware	1	0
63.234	0.000	trigger_101	101	63234	Trigger-In:101	7	trial_start	staircase	13	red	left	aware	1	0
63.339	0.000	trigger_11	11	63339	Trigger-In:11	7	fixation_point_on	staircase	13	red	left	aware	1	0
63.939	0.000	trigger_21	21	63939	Trigger-In:21	7	grating_on	staircase	13	red	left	aware	1	0
63.989	0.000	trigger_20	20	63989	Trigger-In:20	7	grating_off	staircase	13	red	left	aware	1	0
64.589	0.000	trigger_31	31	64589	Trigger-In:31	7	targets_on_fp_color_change	staircase	13	red	left	aware	1	0
65.229	0.000	trigger_201	201	65229	Trigger-In:201	7	trial_end_completed	staircase	13	red	left	aware	1	0
66.304	0.000	trigger_101	101	66304	Trigger-In:101	8	trial_start	staircase	12	green	right	aware	1	0
66.409	0.000	trigger_11	11	66409	Trigger-In:11	8	fixation_point_on	staircase	12	green	right	aware	1	0
67.009	0.000	trigger_21	21	67009	Trigger-In:21	8	grating_on	staircase	12	green	right	aware	1	0
67.059	0.000	trigger_20	20	67059	Trigger-In:20	8	grating_off	staircase	12	green	right	aware	1	0
67.659	0.000	trigger_31	31	67659	Trigger-In:31	8	targets_on_fp_color_change	staircase	12	green	right	aware	1	0
68.239	0.000	trigger_201	201	68239	Trigger-In:201	8	trial_end_completed	staircase	12	green	right	aware	1	0
69.309	0.000	trigger_101	101	69309	Trigger-In:101	9	trial_start	staircase	11	red	right	unaware	1	0
69.414	0.000	trigger_11	11	69414	Trigger-In:11	9	fixation_point_on	staircase	11	red	right	unaware	1	0
70.014	0.000	trigger_21	21	70014	Trigger-In:21	9	grating_on	staircase	11	red	right	unaware	1	0
70.064	0.000	trigger_20	20	70064	Trigger-In:20	9	grating_off	staircase	11	red	right	unaware	1	0
70.664	0.000	trigger_31	31	70664	Trigger-In:31	9	targets_on_fp_color_change	staircase	11	red	right	unaware	1	0
71.529	0.000	trigger_201	201	71529	Trigger-In:201	9	trial_end_completed	staircase	11	red	right	unaware	1	0
72.599	0.000	trigger_101	101	72599	Trigger-In:101	10	trial_start	salient	0	red	right	unaware	1	0
72.704	0.000	trigger_11	11	72704	Trigger-In:11	10	fixation_point_on	salient	0	red	right	unaware	1	0
73.304	0.000	trigger_21	21	73304	Trigger-In:21	10	grating_on	salient	0	red	right	unaware	1	0
73.354	0.000	trigger_20	20	73354	Trigger-In:20	10	grating_off	salient	0	red	right	unaware	1	0
73.954	0.000	trigger_31	31	73954	Trigger-In:31	10	targets_on_fp_color_change	salient	0	red	right	unaware	1	0
74.599	0.000	trigger_201	201	74599	Trigger-In:201	10	trial_end_completed	salient	0	red	right	unaware	1	0
75.669	0.000	trigger_101	101	75669	Trigger-In:101	11	trial_start	staircase	12	red	left	aware	1	0
75.774	0.000	trigger_11	11	75774	Trigger-In:11	11	fixation_point_on	staircase	12	red	left	aware	1	0
76.374	0.000	trigger_21	21	76374	Trigger-In:21	11	grating_on	staircase	12	red	left	aware	1	0
76.424	0.000	trigger_20	20	76424	Trigger-In:20	11	grating_off	staircase	12	red	left	aware	1	0
77.024	0.000	trigger_31	31	77024	Trigger-In:31	11	targets_on_fp_color_change	staircase	12	red	left	aware	1	0
77.704	0.000	trigger_201	201	77704	Trigger-In:201	11	trial_end_completed	staircase	12	red	left	aware	1	0
78.774	0.000	trigger_101	101	78774	Trigger-In:101	12	trial_start	staircase	11	green	right	aware	1	0
78.879	0.000	trigger_11	11	78879	Trigger-In:11	12	fixation_point_on	staircase	11	green	right	aware	1	0
79.484	0.000	trigger_21	21	79484	Trigger-In:21	12	grating_on	staircase	11	green	right	aware	1	0
79.534	0.000	trigger_20	20	79534	Trigger-In:20	12	grating_off	staircase	11	green	right	aware	1	0
80.134	0.000	trigger_31	31	80134	Trigger-In:31	12	targets_on_fp_color_change	staircase	11	green	right	aware	1	0
80.959	0.000	trigger_201	201	80959	Trigger-In:201	12	trial_end_completed	staircase	11	green	right	aware	1	0
82.024	0.000	trigger_101	101	82024	Trigger-In:101	13	trial_start	staircase	10	red	right	unaware	1	0
82.134	0.000	trigger_11	11	82134	Trigger-In:11	13	fixation_point_on	staircase	10	red	right	unaware	1	0
82.734	0.000	trigger_21	21	82734	Trigger-In:21	13	grating_on	staircase	10	red	right	unaware	1	0
82.784	0.000	trigger_20	20	82784	Trigger-In:20	13	grating_off	staircase	10	red	right	unaware	1	0
83.384	0.000	trigger_31	31	83384	Trigger-In:31	13	targets_on_fp_color_change	staircase	10	red	right	unaware	1	0
84.109	0.000	trigger_201	201	84109	Trigger-In:201	13	trial_end_completed	staircase	10	red	right	unaware	1	0
85.179	0.000	trigger_101	101	85179	Trigger-In:101	14	trial_start	staircase	11	red	left	aware	1	0
85.284	0.000	trigger_11	11	85284	Trigger-In:11	14	fixation_point_on	staircase	11	red	left	aware	1	0
85.884	0.000	trigger_21	21	85884	Trigger-In:21	14	grating_on	staircase	11	red	left	aware	1	0
85.934	0.000	trigger_20	20	85934	Trigger-In:20	14	grating_off	staircase	11	red	left	aware	1	0
86.534	0.000	trigger_31	31	86534	Trigger-In:31	14	targets_on_fp_color_change	staircase	11	red	left	aware	1	0
87.129	0.000	trigger_201	201	87129	Trigger-In:201	14	trial_end_completed	staircase	11	red	left	aware	1	0
88.199	0.000	trigger_101	101	88199	Trigger-In:101	15	trial_start	absent	70	green	right	aware	1	0
88.304	0.000	trigger_11	11	88304	Trigger-In:11	15	fixation_point_on	absent	70	green	right	aware	1	0
88.904	0.000	trigger_21	21	88904	Trigger-In:21	15	grating_on	absent	70	green	right	aware	1	0
88.954	0.000	trigger_20	20	88954	Trigger-In:20	15	grating_off	absent	70	green	right	aware	1	0
89.554	0.000	trigger_31	31	89554	Trigger-In:31	15	targets_on_fp_color_change	absent	70	green	right	aware	1	0
90.179	0.000	trigger_201	201	90179	Trigger-In:201	15	trial_end_completed	absent	70	green	right	aware	1	0
91.254	0.000	trigger_101	101	91254	Trigger-In:101	16	trial_start	staircase	10	green	left	unaware	1	0
91.359	0.000	trigger_11	11	91359	Trigger-In:11	16	fixation_point_on	staircase	10	green	left	unaware	1	0
91.959	0.000	trigger_21	21	91959	Trigger-In:21	16	grating_on	staircase	10	green	left	unaware	1	0
92.009	0.000	trigger_20	20	92009	Trigger-In:20	16	grating_off	staircase	10	green	left	unaware	1	0
92.609	0.000	trigger_31	31	92609	Trigger-In:31	16	targets_on_fp_color_change	staircase	10	green	left	unaware	1	0
93.464	0.000	trigger_201	201	93464	Trigger-In:201	16	trial_end_completed	staircase	10	green	left	unaware	1	0
94.534	0.000	trigger_101	101	94534	Trigger-In:101	17	trial_start	staircase	11	red	left	aware	1	0
94.639	0.000	trigger_11	11	94639	Trigger-In:11	17	fixation_point_on	staircase	11	red	left	aware	1	0
95.239	0.000	trigger_21	21	95239	Trigger-In:21	17	grating_on	staircase	11	red	left	aware	1	0
95.289	0.000	trigger_20	20	95289	Trigger-In:20	17	grating_off	staircase	11	red	left	aware	1	0
95.889	0.000	trigger_31	31	95889	Trigger-In:31	17	targets_on_fp_color_change	staircase	11	red	left	aware	1	0
96.609	0.000	trigger_201	201	96609	Trigger-In:201	17	trial_end_completed	staircase	11	red	left	aware	1	0
97.679	0.000	trigger_101	101	97679	Trigger-In:101	18	trial_start	staircase	10	red	right	unaware	1	0
97.784	0.000	trigger_11	11	97784	Trigger-In:11	18	fixation_point_on	staircase	10	red	right	unaware	1	0
98.384	0.000	trigger_21	21	98384	Trigger-In:21	18	grating_on	staircase	10	red	right	unaware	1	0
98.434	0.000	trigger_20	20	98434	Trigger-In:20	18	grating_off	staircase	10	red	right	unaware	1	0
99.039	0.000	trigger_31	31	99039	Trigger-In:31	18	targets_on_fp_color_change	staircase	10	red	right	unaware	1	0
99.649	0.000	trigger_201	201	99649	Trigger-In:201	18	trial_end_completed	staircase	10	red	right	unaware	1	0
100.719	0.000	trigger_101	101	100719	Trigger-In:101	19	trial_start	staircase	11	green	right	aware	1	0
100.824	0.000	trigger_11	11	100824	Trigger-In:11	19	fixation_point_on	staircase	11	green	right	aware	1	0
101.424	0.000	trigger_21	21	101424	Trigger-In:21	19	grating_on	staircase	11	green	right	aware	1	0
101.474	0.000	trigger_20	20	101474	Trigger-In:20	19	grating_off	staircase	11	green	right	aware	1	0
102.074	0.000	trigger_31	31	102074	Trigger-In:31	19	targets_on_fp_color_change	staircase	11	green	right	aware	1	0
102.969	0.000	trigger_201	201	102969	Trigger-In:201	19	trial_end_completed	staircase	11	green	right	aware	1	0
104.039	0.000	trigger_101	101	104039	Trigger-In:101	20	trial_start	staircase	10	red	right	unaware	1	0
104.144	0.000	trigger_11	11	104144	Trigger-In:11	20	fixation_point_on	staircase	10	red	right	unaware	1	0
104.744	0.000	trigger_21	21	104744	Trigger-In:21	20	grating_on	staircase	10	red	right	unaware	1	0
104.794	0.000	trigger_20	20	104794	Trigger-In:20	20	grating_off	staircase	10	red	right	unaware	1	0
105.394	0.000	trigger_31	31	105394	Trigger-In:31	20	targets_on_fp_color_change	staircase	10	red	right	unaware	1	0
106.079	0.000	trigger_201	201	106079	Trigger-In:201	20	trial_end_completed	staircase	10	red	right	unaware	1	0
107.149	0.000	trigger_101	101	107149	Trigger-In:101	21	trial_start	staircase	11	red	right	unaware	1	0
107.254	0.000	trigger_11	11	107254	Trigger-In:11	21	fixation_point_on	staircase	11	red	right	unaware	1	0
107.854	0.000	trigger_21	21	107854	Trigger-In:21	21	grating_on	staircase	11	red	right	unaware	1	0
107.904	0.000	trigger_20	20	107904	Trigger-In:20	21	grating_off	staircase	11	red	right	unaware	1	0
108.504	0.000	trigger_31	31	108504	Trigger-In:31	21	targets_on_fp_color_change	staircase	11	red	right	unaware	1	0
109.174	0.000	trigger_201	201	109174	Trigger-In:201	21	trial_end_completed	staircase	11	red	right	unaware	1	0
110.244	0.000	trigger_101	101	110244	Trigger-In:101	22	trial_start	salient	0	red	right	unaware	1	0
110.344	0.000	trigger_11	11	110344	Trigger-In:11	22	fixation_point_on	salient	0	red	right	unaware	1	0
110.944	0.000	trigger_21	21	110944	Trigger-In:21	22	grating_on	salient	0	red	right	unaware	1	0
110.994	0.000	trigger_20	20	110994	Trigger-In:20	22	grating_off	salient	0	red	right	unaware	1	0
111.599	0.000	trigger_31	31	111599	Trigger-In:31	22	targets_on_fp_color_change	salient	0	red	right	unaware	1	0
112.299	0.000	trigger_201	201	112299	Trigger-In:201	22	trial_end_completed	salient	0	red	right	unaware	1	0
113.369	0.000	trigger_101	101	113369	Trigger-In:101	23	trial_start	staircase	12	red	right	unaware	1	0
113.469	0.000	trigger_11	11	113469	Trigger-In:11	23	fixation_point_on	staircase	12	red	right	unaware	1	0
114.074	0.000	trigger_21	21	114074	Trigger-In:21	23	grating_on	staircase	12	red	right	unaware	1	0
114.124	0.000	trigger_20	20	114124	Trigger-In:20	23	grating_off	staircase	12	red	right	unaware	1	0
114.724	0.000	trigger_31	31	114724	Trigger-In:31	23	targets_on_fp_color_change	staircase	12	red	right	unaware	1	0
115.409	0.000	trigger_201	201	115409	Trigger-In:201	23	trial_end_completed	staircase	12	red	right	unaware	1	0
116.479	0.000	trigger_101	101	116479	Trigger-In:101	24	trial_start	salient	0	red	right	unaware	1	0
116.584	0.000	trigger_11	11	116584	Trigger-In:11	24	fixation_point_on	salient	0	red	right	unaware	1	0
117.189	0.000	trigger_21	21	117189	Trigger-In:21	24	grating_on	salient	0	red	right	unaware	1	0
117.244	0.000	trigger_20	20	117244	Trigger-In:20	24	grating_off	salient	0	red	right	unaware	1	0
117.844	0.000	trigger_31	31	117844	Trigger-In:31	24	targets_on_fp_color_change	salient	0	red	right	unaware	1	0
118.474	0.000	trigger_201	201	118474	Trigger-In:201	24	trial_end_completed	salient	0	red	right	unaware	1	0
119.544	0.000	trigger_101	101	119544	Trigger-In:101	25	trial_start	staircase	13	green	right	aware	1	0
119.649	0.000	trigger_11	11	119649	Trigger-In:11	25	fixation_point_on	staircase	13	green	right	aware	1	0
120.244	0.000	trigger_21	21	120244	Trigger-In:21	25	grating_on	staircase	13	green	right	aware	1	0
120.299	0.000	trigger_20	20	120299	Trigger-In:20	25	grating_off	staircase	13	green	right	aware	1	0
120.899	0.000	trigger_31	31	120899	Trigger-In:31	25	targets_on_fp_color_change	staircase	13	green	right	aware	1	0
121.669	0.000	trigger_201	201	121669	Trigger-In:201	25	trial_end_completed	staircase	13	green	right	aware	1	0
122.739	0.000	trigger_101	101	122739	Trigger-In:101	26	trial_start	staircase	12	red	right	unaware	1	0
122.839	0.000	trigger_11	11	122839	Trigger-In:11	26	fixation_point_on	staircase	12	red	right	unaware	1	0
123.439	0.000	trigger_21	21	123439	Trigger-In:21	26	grating_on	staircase	12	red	right	unaware	1	0
123.494	0.000	trigger_20	20	123494	Trigger-In:20	26	grating_off	staircase	12	red	right	unaware	1	0
124.094	0.000	trigger_31	31	124094	Trigger-In:31	26	targets_on_fp_color_change	staircase	12	red	right	unaware	1	0
124.689	0.000	trigger_201	201	124689	Trigger-In:201	26	trial_end_completed	staircase	12	red	right	unaware	1	0
125.759	0.000	trigger_101	101	125759	Trigger-In:101	27	trial_start	staircase	13	red	left	aware	1	0
125.859	0.000	trigger_11	11	125859	Trigger-In:11	27	fixation_point_on	staircase	13	red	left	aware	1	0
126.459	0.000	trigger_21	21	126459	Trigger-In:21	27	grating_on	staircase	13	red	left	aware	1	0
126.514	0.000	trigger_20	20	126514	Trigger-In:20	27	grating_off	staircase	13	red	left	aware	1	0
127.114	0.000	trigger_31	31	127114	Trigger-In:31	27	targets_on_fp_color_change	staircase	13	red	left	aware	1	0
127.809	0.000	trigger_201	201	127809	Trigger-In:201	27	trial_end_completed	staircase	13	red	left	aware	1	0
128.879	0.000	trigger_101	101	128879	Trigger-In:101	28	trial_start	staircase	12	green	right	aware	1	0
128.979	0.000	trigger_11	11	128979	Trigger-In:11	28	fixation_point_on	staircase	12	green	right	aware	1	0
129.579	0.000	trigger_21	21	129579	Trigger-In:21	28	grating_on	staircase	12	green	right	aware	1	0
129.634	0.000	trigger_20	20	129634	Trigger-In:20	28	grating_off	staircase	12	green	right	aware	1	0
130.234	0.000	trigger_31	31	130234	Trigger-In:31	28	targets_on_fp_color_change	staircase	12	green	right	aware	1	0
130.954	0.000	trigger_201	201	130954	Trigger-In:201	28	trial_end_completed	staircase	12	green	right	aware	1	0
132.024	0.000	trigger_101	101	132024	Trigger-In:101	29	trial_start	staircase	11	green	left	unaware	1	0
132.124	0.000	trigger_11	11	132124	Trigger-In:11	29	fixation_point_on	staircase	11	green	left	unaware	1	0
132.729	0.000	trigger_21	21	132729	Trigger-In:21	29	grating_on	staircase	11	green	left	unaware	1	0
132.779	0.000	trigger_20	20	132779	Trigger-In:20	29	grating_off	staircase	11	green	left	unaware	1	0
133.379	0.000	trigger_31	31	133379	Trigger-In:31	29	targets_on_fp_color_change	staircase	11	green	left	unaware	1	0
134.299	0.000	trigger_201	201	134299	Trigger-In:201	29	trial_end_completed	staircase	11	green	left	unaware	1	0
135.369	0.000	trigger_101	101	135369	Trigger-In:101	30	trial_start	salient	0	green	left	unaware	1	0
135.474	0.000	trigger_11	11	135474	Trigger-In:11	30	fixation_point_on	salient	0	green	left	unaware	1	0
136.074	0.000	trigger_21	21	136074	Trigger-In:21	30	grating_on	salient	0	green	left	unaware	1	0
136.124	0.000	trigger_20	20	136124	Trigger-In:20	30	grating_off	salient	0	green	left	unaware	1	0
136.724	0.000	trigger_31	31	136724	Trigger-In:31	30	targets_on_fp_color_change	salient	0	green	left	unaware	1	0
137.674	0.000	trigger_201	201	137674	Trigger-In:201	30	trial_end_completed	salient	0	green	left	unaware	1	0
138.744	0.000	trigger_101	101	138744	Trigger-In:101	31	trial_start	staircase	12	red	right	unaware	1	0
138.849	0.000	trigger_11	11	138849	Trigger-In:11	31	fixation_point_on	staircase	12	red	right	unaware	1	0
139.449	0.000	trigger_21	21	139449	Trigger-In:21	31	grating_on	staircase	12	red	right	unaware	1	0
139.499	0.000	trigger_20	20	139499	Trigger-In:20	31	grating_off	staircase	12	red	right	unaware	1	0
140.099	0.000	trigger_31	31	140099	Trigger-In:31	31	targets_on_fp_color_change	staircase	12	red	right	unaware	1	0
140.664	0.000	trigger_201	201	140664	Trigger-In:201	31	trial_end_completed	staircase	12	red	right	unaware	1	0
141.734	0.000	trigger_101	101	141734	Trigger-In:101	32	trial_start	salient	0	green	left	unaware	1	0
141.839	0.000	trigger_11	11	141839	Trigger-In:11	32	fixation_point_on	salient	0	green	left	unaware	1	0
142.444	0.000	trigger_21	21	142444	Trigger-In:21	32	grating_on	salient	0	green	left	unaware	1	0
142.494	0.000	trigger_20	20	142494	Trigger-In:20	32	grating_off	salient	0	green	left	unaware	1	0
143.094	0.000	trigger_31	31	143094	Trigger-In:31	32	targets_on_fp_color_change	salient	0	green	left	unaware	1	0
143.839	0.000	trigger_201	201	143839	Trigger-In:201	32	trial_end_completed	salient	0	green	left	unaware	1	0
144.909	0.000	trigger_101	101	144909	Trigger-In:101	33	trial_start	staircase	13	red	right	unaware	1	0
145.014	0.000	trigger_11	11	145014	Trigger-In:11	33	fixation_point_on	staircase	13	red	right	unaware	1	0
145.614	0.000	trigger_21	21	145614	Trigger-In:21	33	grating_on	staircase	13	red	right	unaware	1	0
145.664	0.000	trigger_20	20	145664	Trigger-In:20	33	grating_off	staircase	13	red	right	unaware	1	0
146.264	0.000	trigger_31	31	146264	Trigger-In:31	33	targets_on_fp_color_change	staircase	13	red	right	unaware	1	0
146.929	0.000	trigger_201	201	146929	Trigger-In:201	33	trial_end_completed	staircase	13	red	right	unaware	1	0
147.999	0.000	trigger_101	101	147999	Trigger-In:101	34	trial_start	staircase	14	red	left	aware	1	0
148.104	0.000	trigger_11	11	148104	Trigger-In:11	34	fixation_point_on	staircase	14	red	left	aware	1	0
148.704	0.000	trigger_21	21	148704	Trigger-In:21	34	grating_on	staircase	14	red	left	aware	1	0
148.754	0.000	trigger_20	20	148754	Trigger-In:20	34	grating_off	staircase	14	red	left	aware	1	0
149.354	0.000	trigger_31	31	149354	Trigger-In:31	34	targets_on_fp_color_change	staircase	14	red	left	aware	1	0
149.999	0.000	trigger_201	201	149999	Trigger-In:201	34	trial_end_completed	staircase	14	red	left	aware	1	0
151.069	0.000	trigger_101	101	151069	Trigger-In:101	35	trial_start	staircase	13	red	left	aware	1	0
151.174	0.000	trigger_11	11	151174	Trigger-In:11	35	fixation_point_on	staircase	13	red	left	aware	1	0
151.779	0.000	trigger_21	21	151779	Trigger-In:21	35	grating_on	staircase	13	red	left	aware	1	0
151.829	0.000	trigger_20	20	151829	Trigger-In:20	35	grating_off	staircase	13	red	left	aware	1	0
152.429	0.000	trigger_31	31	152429	Trigger-In:31	35	targets_on_fp_color_change	staircase	13	red	left	aware	1	0
153.274	0.000	trigger_201	201	153274	Trigger-In:201	35	trial_end_completed	staircase	13	red	left	aware	1	0
154.339	0.000	trigger_101	101	154339	Trigger-In:101	36	trial_start	salient	0	green	left	unaware	1	0
154.444	0.000	trigger_11	11	154444	Trigger-In:11	36	fixation_point_on	salient	0	green	left	unaware	1	0
155.049	0.000	trigger_21	21	155049	Trigger-In:21	36	grating_on	salient	0	green	left	unaware	1	0
155.099	0.000	trigger_20	20	155099	Trigger-In:20	36	grating_off	salient	0	green	left	unaware	1	0
155.699	0.000	trigger_31	31	155699	Trigger-In:31	36	targets_on_fp_color_change	salient	0	green	left	unaware	1	0
156.509	0.000	trigger_201	201	156509	Trigger-In:201	36	trial_end_completed	salient	0	green	left	unaware	1	0
157.574	0.000	trigger_101	101	157574	Trigger-In:101	37	trial_start	salient	0	red	right	unaware	1	0
157.684	0.000	trigger_11	11	157684	Trigger-In:11	37	fixation_point_on	salient	0	red	right	unaware	1	0
158.284	0.000	trigger_21	21	158284	Trigger-In:21	37	grating_on	salient	0	red	right	unaware	1	0
158.334	0.000	trigger_20	20	158334	Trigger-In:20	37	grating_off	salient	0	red	right	unaware	1	0
158.934	0.000	trigger_31	31	158934	Trigger-In:31	37	targets_on_fp_color_change	salient	0	red	right	unaware	1	0
159.694	0.000	trigger_201	201	159694	Trigger-In:201	37	trial_end_completed	salient	0	red	right	unaware	1	0
160.764	0.000	trigger_101	101	160764	Trigger-In:101	38	trial_start	staircase	12	green	left	unaware	1	0
160.869	0.000	trigger_11	11	160869	Trigger-In:11	38	fixation_point_on	staircase	12	green	left	unaware	1	0
161.469	0.000	trigger_21	21	161469	Trigger-In:21	38	grating_on	staircase	12	green	left	unaware	1	0
161.519	0.000	trigger_20	20	161519	Trigger-In:20	38	grating_off	staircase	12	green	left	unaware	1	0
162.119	0.000	trigger_31	31	162119	Trigger-In:31	38	targets_on_fp_color_change	staircase	12	green	left	unaware	1	0
162.729	0.000	trigger_201	201	162729	Trigger-In:201	38	trial_end_completed	staircase	12	green	left	unaware	1	0
163.799	0.000	trigger_101	101	163799	Trigger-In:101	39	trial_start	salient	0	green	left	unaware	1	0
163.904	0.000	trigger_11	11	163904	Trigger-In:11	39	fixation_point_on	salient	0	green	left	unaware	1	0
164.509	0.000	trigger_21	21	164509	Trigger-In:21	39	grating_on	salient	0	green	left	unaware	1	0
164.559	0.000	trigger_20	20	164559	Trigger-In:20	39	grating_off	salient	0	green	left	unaware	1	0
165.159	0.000	trigger_31	31	165159	Trigger-In:31	39	targets_on_fp_color_change	salient	0	green	left	unaware	1	0
165.919	0.000	trigger_201	201	165919	Trigger-In:201	39	trial_end_completed	salient	0	green	left	unaware	1	0
166.989	0.000	trigger_101	101	166989	Trigger-In:101	40	trial_start	staircase	13	red	left	aware	1	0
167.094	0.000	trigger_11	11	167094	Trigger-In:11	40	fixation_point_on	staircase	13	red	left	aware	1	0
167.694	0.000	trigger_21	21	167694	Trigger-In:21	40	grating_on	staircase	13	red	left	aware	1	0
167.744	0.000	trigger_20	20	167744	Trigger-In:20	40	grating_off	staircase	13	red	left	aware	1	0
168.349	0.000	trigger_31	31	168349	Trigger-In:31	40	targets_on_fp_color_change	staircase	13	red	left	aware	1	0
169.009	0.000	trigger_201	201	169009	Trigger-In:201	40	trial_end_completed	staircase	13	red	left	aware	1	0
170.079	0.000	trigger_101	101	170079	Trigger-In:101	41	trial_start	staircase	12	red	left	aware	1	0
170.184	0.000	trigger_11	11	170184	Trigger-In:11	41	fixation_point_on	staircase	12	red	left	aware	1	0
170.784	0.000	trigger_21	21	170784	Trigger-In:21	41	grating_on	staircase	12	red	left	aware	1	0
170.834	0.000	trigger_20	20	170834	Trigger-In:20	41	grating_off	staircase	12	red	left	aware	1	0
171.439	0.000	trigger_31	31	171439	Trigger-In:31	41	targets_on_fp_color_change	staircase	12	red	left	aware	1	0
172.254	0.000	trigger_201	201	172254	Trigger-In:201	41	trial_end_completed	staircase	12	red	left	aware	1	0
173.324	0.000	trigger_101	101	173324	Trigger-In:101	42	trial_start	salient	0	red	right	unaware	1	0
173.429	0.000	trigger_11	11	173429	Trigger-In:11	42	fixation_point_on	salient	0	red	right	unaware	1	0
174.034	0.000	trigger_21	21	174034	Trigger-In:21	42	grating_on	salient	0	red	right	unaware	1	0
174.084	0.000	trigger_20	20	174084	Trigger-In:20	42	grating_off	salient	0	red	right	unaware	1	0
174.684	0.000	trigger_31	31	174684	Trigger-In:31	42	targets_on_fp_color_change	salient	0	red	right	unaware	1	0
175.389	0.000	trigger_201	201	175389	Trigger-In:201	42	trial_end_completed	salient	0	red	right	unaware	1	0
176.459	0.000	trigger_101	101	176459	Trigger-In:101	43	trial_start	salient	0	red	right	unaware	1	0
176.564	0.000	trigger_11	11	176564	Trigger-In:11	43	fixation_point_on	salient	0	red	right	unaware	1	0
177.164	0.000	trigger_21	21	177164	Trigger-In:21	43	grating_on	salient	0	red	right	unaware	1	0
177.214	0.000	trigger_20	20	177214	Trigger-In:20	43	grating_off	salient	0	red	right	unaware	1	0
177.814	0.000	trigger_31	31	177814	Trigger-In:31	43	targets_on_fp_color_change	salient	0	red	right	unaware	1	0
178.454	0.000	trigger_201	201	178454	Trigger-In:201	43	trial_end_completed	salient	0	red	right	unaware	1	0
179.524	0.000	trigger_101	101	179524	Trigger-In:101	44	trial_start	staircase	11	green	left	unaware	1	0
179.629	0.000	trigger_11	11	179629	Trigger-In:11	44	fixation_point_on	staircase	11	green	left	unaware	1	0
180.229	0.000	trigger_21	21	180229	Trigger-In:21	44	grating_on	staircase	11	green	left	unaware	1	0
180.279	0.000	trigger_20	20	180279	Trigger-In:20	44	grating_off	staircase	11	green	left	unaware	1	0
180.884	0.000	trigger_31	31	180884	Trigger-In:31	44	targets_on_fp_color_change	staircase	11	green	left	unaware	1	0
181.694	0.000	trigger_201	201	181694	Trigger-In:201	44	trial_end_completed	staircase	11	green	left	unaware	1	0
182.764	0.000	trigger_101	101	182764	Trigger-In:101	45	trial_start	absent	70	green	right	aware	1	0
182.869	0.000	trigger_11	11	182869	Trigger-In:11	45	fixation_point_on	absent	70	green	right	aware	1	0
183.469	0.000	trigger_21	21	183469	Trigger-In:21	45	grating_on	absent	70	green	right	aware	1	0
183.524	0.000	trigger_20	20	183524	Trigger-In:20	45	grating_off	absent	70	green	right	aware	1	0
184.124	0.000	trigger_31	31	184124	Trigger-In:31	45	targets_on_fp_color_change	absent	70	green	right	aware	1	0
184.774	0.000	trigger_201	201	184774	Trigger-In:201	45	trial_end_completed	absent	70	green	right	aware	1	0
185.844	0.000	trigger_101	101	185844	Trigger-In:101	46	trial_start	absent	70	green	right	aware	1	0
185.949	0.000	trigger_11	11	185949	Trigger-In:11	46	fixation_point_on	absent	70	green	right	aware	1	0
186.549	0.000	trigger_21	21	186549	Trigger-In:21	46	grating_on	absent	70	green	right	aware	1	0
186.599	0.000	trigger_20	20	186599	Trigger-In:20	46	grating_off	absent	70	green	right	aware	1	0
187.199	0.000	trigger_31	31	187199	Trigger-In:31	46	targets_on_fp_color_change	absent	70	green	right	aware	1	0
187.834	0.000	trigger_201	201	187834	Trigger-In:201	46	trial_end_completed	absent	70	green	right	aware	1	0
188.904	0.000	trigger_101	101	188904	Trigger-In:101	47	trial_start	staircase	12	green	left	unaware	1	0
189.019	0.000	trigger_11	11	189019	Trigger-In:11	47	fixation_point_on	staircase	12	green	left	unaware	1	0
189.619	0.000	trigger_21	21	189619	Trigger-In:21	47	grating_on	staircase	12	green	left	unaware	1	0
189.674	0.000	trigger_20	20	189674	Trigger-In:20	47	grating_off	staircase	12	green	left	unaware	1	0
190.274	0.000	trigger_31	31	190274	Trigger-In:31	47	targets_on_fp_color_change	staircase	12	green	left	unaware	1	0
190.924	0.000	trigger_201	201	190924	Trigger-In:201	47	trial_end_completed	staircase	12	green	left	unaware	1	0
191.994	0.000	trigger_101	101	191994	Trigger-In:101	48	trial_start	staircase	13	green	right	aware	1	0
192.104	0.000	trigger_11	11	192104	Trigger-In:11	48	fixation_point_on	staircase	13	green	right	aware	1	0
192.704	0.000	trigger_21	21	192704	Trigger-In:21	48	grating_on	staircase	13	green	right	aware	1	0
192.759	0.000	trigger_20	20	192759	Trigger-In:20	48	grating_off	staircase	13	green	right	aware	1	0
193.359	0.000	trigger_31	31	193359	Trigger-In:31	48	targets_on_fp_color_change	staircase	13	green	right	aware	1	0
193.924	0.000	trigger_201	201	193924	Trigger-In:201	48	trial_end_completed	staircase	13	green	right	aware	1	0
194.989	0.000	trigger_101	101	194989	Trigger-In:101	49	trial_start	staircase	12	green	right	aware	1	0
195.094	0.000	trigger_11	11	195094	Trigger-In:11	49	fixation_point_on	staircase	12	green	right	aware	1	0
195.699	0.000	trigger_21	21	195699	Trigger-In:21	49	grating_on	staircase	12	green	right	aware	1	0
195.749	0.000	trigger_20	20	195749	Trigger-In:20	49	grating_off	staircase	12	green	right	aware	1	0
196.349	0.000	trigger_31	31	196349	Trigger-In:31	49	targets_on_fp_color_change	staircase	12	green	right	aware	1	0
197.014	0.000	trigger_201	201	197014	Trigger-In:201	49	trial_end_completed	staircase	12	green	right	aware	1	0
198.079	0.000	trigger_101	101	198079	Trigger-In:101	50	trial_start	absent	70	red	left	aware	1	0
198.184	0.000	trigger_11	11	198184	Trigger-In:11	50	fixation_point_on	absent	70	red	left	aware	1	0
198.789	0.000	trigger_21	21	198789	Trigger-In:21	50	grating_on	absent	70	red	left	aware	1	0
198.839	0.000	trigger_20	20	198839	Trigger-In:20	50	grating_off	absent	70	red	left	aware	1	0
199.439	0.000	trigger_31	31	199439	Trigger-In:31	50	targets_on_fp_color_change	absent	70	red	left	aware	1	0
200.039	0.000	trigger_201	201	200039	Trigger-In:201	50	trial_end_completed	absent	70	red	left	aware	1	0
201.109	0.000	trigger_101	101	201109	Trigger-In:101	51	trial_start	salient	0	red	right	unaware	1	0
201.209	0.000	trigger_11	11	201209	Trigger-In:11	51	fixation_point_on	salient	0	red	right	unaware	1	0
201.814	0.000	trigger_21	21	201814	Trigger-In:21	51	grating_on	salient	0	red	right	unaware	1	0
201.864	0.000	trigger_20	20	201864	Trigger-In:20	51	grating_off	salient	0	red	right	unaware	1	0
202.464	0.000	trigger_31	31	202464	Trigger-In:31	51	targets_on_fp_color_change	salient	0	red	right	unaware	1	0
203.069	0.000	trigger_201	201	203069	Trigger-In:201	51	trial_end_completed	salient	0	red	right	unaware	1	0
204.139	0.000	trigger_101	101	204139	Trigger-In:101	52	trial_start	absent	70	red	left	aware	1	0
204.244	0.000	trigger_11	11	204244	Trigger-In:11	52	fixation_point_on	absent	70	red	left	aware	1	0
204.844	0.000	trigger_21	21	204844	Trigger-In:21	52	grating_on	absent	70	red	left	aware	1	0
204.894	0.000	trigger_20	20	204894	Trigger-In:20	52	grating_off	absent	70	red	left	aware	1	0
205.494	0.000	trigger_31	31	205494	Trigger-In:31	52	targets_on_fp_color_change	absent	70	red	left	aware	1	0
206.104	0.000	trigger_201	201	206104	Trigger-In:201	52	trial_end_completed	absent	70	red	left	aware	1	0
207.179	0.000	trigger_101	101	207179	Trigger-In:101	53	trial_start	staircase	11	red	left	aware	1	0
207.284	0.000	trigger_11	11	207284	Trigger-In:11	53	fixation_point_on	staircase	11	red	left	aware	1	0
207.884	0.000	trigger_21	21	207884	Trigger-In:21	53	grating_on	staircase	11	red	left	aware	1	0
207.934	0.000	trigger_20	20	207934	Trigger-In:20	53	grating_off	staircase	11	red	left	aware	1	0
208.534	0.000	trigger_31	31	208534	Trigger-In:31	53	targets_on_fp_color_change	staircase	11	red	left	aware	1	0
209.154	0.000	trigger_201	201	209154	Trigger-In:201	53	trial_end_completed	staircase	11	red	left	aware	1	0
210.219	0.000	trigger_101	101	210219	Trigger-In:101	54	trial_start	staircase	10	red	right	unaware	1	0
210.329	0.000	trigger_11	11	210329	Trigger-In:11	54	fixation_point_on	staircase	10	red	right	unaware	1	0
210.929	0.000	trigger_21	21	210929	Trigger-In:21	54	grating_on	staircase	10	red	right	unaware	1	0
210.979	0.000	trigger_20	20	210979	Trigger-In:20	54	grating_off	staircase	10	red	right	unaware	1	0
211.579	0.000	trigger_31	31	211579	Trigger-In:31	54	targets_on_fp_color_change	staircase	10	red	right	unaware	1	0
212.264	0.000	trigger_201	201	212264	Trigger-In:201	54	trial_end_completed	staircase	10	red	right	unaware	1	0
213.334	0.000	trigger_101	101	213334	Trigger-In:101	55	trial_start	staircase	11	green	left	unaware	1	0
213.434	0.000	trigger_11	11	213434	Trigger-In:11	55	fixation_point_on	staircase	11	green	left	unaware	1	0
214.039	0.000	trigger_21	21	214039	Trigger-In:21	55	grating_on	staircase	11	green	left	unaware	1	0
214.089	0.000	trigger_20	20	214089	Trigger-In:20	55	grating_off	staircase	11	green	left	unaware	1	0
214.689	0.000	trigger_31	31	214689	Trigger-In:31	55	targets_on_fp_color_change	staircase	11	green	left	unaware	1	0
215.284	0.000	trigger_201	201	215284	Trigger-In:201	55	trial_end_completed	staircase	11	green	left	unaware	1	0
216.354	0.000	trigger_101	101	216354	Trigger-In:101	56	trial_start	staircase	12	green	right	aware	1	0
216.464	0.000	trigger_11	11	216464	Trigger-In:11	56	fixation_point_on	staircase	12	green	right	aware	1	0
217.064	0.000	trigger_21	21	217064	Trigger-In:21	56	grating_on	staircase	12	green	right	aware	1	0
217.114	0.000	trigger_20	20	217114	Trigger-In:20	56	grating_off	staircase	12	green	right	aware	1	0
217.714	0.000	trigger_31	31	217714	Trigger-In:31	56	targets_on_fp_color_change	staircase	12	green	right	aware	1	0
218.354	0.000	trigger_201	201	218354	Trigger-In:201	56	trial_end_completed	staircase	12	green	right	aware	1	0
219.419	0.000	trigger_101	101	219419	Trigger-In:101	57	trial_start	absent	70	red	left	aware	1	0
219.524	0.000	trigger_11	11	219524	Trigger-In:11	57	fixation_point_on	absent	70	red	left	aware	1	0
220.129	0.000	trigger_21	21	220129	Trigger-In:21	57	grating_on	absent	70	red	left	aware	1	0
220.179	0.000	trigger_20	20	220179	Trigger-In:20	57	grating_off	absent	70	red	left	aware	1	0
220.779	0.000	trigger_31	31	220779	Trigger-In:31	57	targets_on_fp_color_change	absent	70	red	left	aware	1	0
221.364	0.000	trigger_201	201	221364	Trigger-In:201	57	trial_end_completed	absent	70	red	left	aware	1	0
222.434	0.000	trigger_101	101	222434	Trigger-In:101	58	trial_start	staircase	11	green	right	aware	1	0
222.539	0.000	trigger_11	11	222539	Trigger-In:11	58	fixation_point_on	staircase	11	green	right	aware	1	0
223.139	0.000	trigger_21	21	223139	Trigger-In:21	58	grating_on	staircase	11	green	right	aware	1	0
223.189	0.000	trigger_20	20	223189	Trigger-In:20	58	grating_off	staircase	11	green	right	aware	1	0
223.794	0.000	trigger_31	31	223794	Trigger-In:31	58	targets_on_fp_color_change	staircase	11	green	right	aware	1	0
224.749	0.000	trigger_201	201	224749	Trigger-In:201	58	trial_end_completed	staircase	11	green	right	aware	1	0
225.819	0.000	trigger_101	101	225819	Trigger-In:101	59	trial_start	absent	70	red	left	aware	1	0
225.924	0.000	trigger_11	11	225924	Trigger-In:11	59	fixation_point_on	absent	70	red	left	aware	1	0
226.524	0.000	trigger_21	21	226524	Trigger-In:21	59	grating_on	absent	70	red	left	aware	1	0
226.574	0.000	trigger_20	20	226574	Trigger-In:20	59	grating_off	absent	70	red	left	aware	1	0
227.174	0.000	trigger_31	31	227174	Trigger-In:31	59	targets_on_fp_color_change	absent	70	red	left	aware	1	0
227.749	0.000	trigger_201	201	227749	Trigger-In:201	59	trial_end_completed	absent	70	red	left	aware	1	0
228.819	0.000	trigger_101	101	228819	Trigger-In:101	60	trial_start	staircase	10	green	right	aware	1	0
228.924	0.000	trigger_11	11	228924	Trigger-In:11	60	fixation_point_on	staircase	10	green	right	aware	1	0
229.524	0.000	trigger_21	21	229524	Trigger-In:21	60	grating_on	staircase	10	green	right	aware	1	0
229.574	0.000	trigger_20	20	229574	Trigger-In:20	60	grating_off	staircase	10	green	right	aware	1	0
230.174	0.000	trigger_31	31	230174	Trigger-In:31	60	targets_on_fp_color_change	staircase	10	green	right	aware	1	0
230.959	0.000	trigger_201	201	230959	Trigger-In:201	60	trial_end_completed	staircase	10	green	right	aware	1	0
232.029	0.000	trigger_101	101	232029	Trigger-In:101	61	trial_start	staircase	9	red	right	unaware	1	0
232.129	0.000	trigger_11	11	232129	Trigger-In:11	61	fixation_point_on	staircase	9	red	right	unaware	1	0
232.734	0.000	trigger_21	21	232734	Trigger-In:21	61	grating_on	staircase	9	red	right	unaware	1	0
232.784	0.000	trigger_20	20	232784	Trigger-In:20	61	grating_off	staircase	9	red	right	unaware	1	0
233.384	0.000	trigger_31	31	233384	Trigger-In:31	61	targets_on_fp_color_change	staircase	9	red	right	unaware	1	0
234.139	0.000	trigger_201	201	234139	Trigger-In:201	61	trial_end_completed	staircase	9	red	right	unaware	1	0
235.209	0.000	trigger_101	101	235209	Trigger-In:101	62	trial_start	staircase	10	green	left	unaware	1	0
235.309	0.000	trigger_11	11	235309	Trigger-In:11	62	fixation_point_on	staircase	10	green	left	unaware	1	0
235.909	0.000	trigger_21	21	235909	Trigger-In:21	62	grating_on	staircase	10	green	left	unaware	1	0
235.959	0.000	trigger_20	20	235959	Trigger-In:20	62	grating_off	staircase	10	green	left	unaware	1	0
236.559	0.000	trigger_31	31	236559	Trigger-In:31	62	targets_on_fp_color_change	staircase	10	green	left	unaware	1	0
237.334	0.000	trigger_201	201	237334	Trigger-In:201	62	trial_end_completed	staircase	10	green	left	unaware	1	0
238.404	0.000	trigger_101	101	238404	Trigger-In:101	63	trial_start	staircase	11	red	left	aware	1	0
238.509	0.000	trigger_11	11	238509	Trigger-In:11	63	fixation_point_on	staircase	11	red	left	aware	1	0
239.109	0.000	trigger_21	21	239109	Trigger-In:21	63	grating_on	staircase	11	red	left	aware	1	0
239.164	0.000	trigger_20	20	239164	Trigger-In:20	63	grating_off	staircase	11	red	left	aware	1	0
239.764	0.000	trigger_31	31	239764	Trigger-In:31	63	targets_on_fp_color_change	staircase	11	red	left	aware	1	0
240.334	0.000	trigger_201	201	240334	Trigger-In:201	63	trial_end_completed	staircase	11	red	left	aware	1	0
241.404	0.000	trigger_101	101	241404	Trigger-In:101	64	trial_start	absent	70	green	right	aware	1	0
241.509	0.000	trigger_11	11	241509	Trigger-In:11	64	fixation_point_on	absent	70	green	right	aware	1	0
242.109	0.000	trigger_21	21	242109	Trigger-In:21	64	grating_on	absent	70	green	right	aware	1	0
242.159	0.000	trigger_20	20	242159	Trigger-In:20	64	grating_off	absent	70	green	right	aware	1	0
242.759	0.000	trigger_31	31	242759	Trigger-In:31	64	targets_on_fp_color_change	absent	70	green	right	aware	1	0
243.399	0.000	trigger_201	201	243399	Trigger-In:201	64	trial_end_completed	absent	70	green	right	aware	1	0
244.469	0.000	trigger_101	101	244469	Trigger-In:101	65	trial_start	salient	0	green	left	unaware	1	0
244.574	0.000	trigger_11	11	244574	Trigger-In:11	65	fixation_point_on	salient	0	green	left	unaware	1	0
245.174	0.000	trigger_21	21	245174	Trigger-In:21	65	grating_on	salient	0	green	left	unaware	1	0
245.224	0.000	trigger_20	20	245224	Trigger-In:20	65	grating_off	salient	0	green	left	unaware	1	0
245.824	0.000	trigger_31	31	245824	Trigger-In:31	65	targets_on_fp_color_change	salient	0	green	left	unaware	1	0
246.449	0.000	trigger_201	201	246449	Trigger-In:201	65	trial_end_completed	salient	0	green	left	unaware	1	0
247.519	0.000	trigger_101	101	247519	Trigger-In:101	66	trial_start	salient	0	green	left	unaware	1	0
247.624	0.000	trigger_11	11	247624	Trigger-In:11	66	fixation_point_on	salient	0	green	left	unaware	1	0
248.224	0.000	trigger_21	21	248224	Trigger-In:21	66	grating_on	salient	0	green	left	unaware	1	0
248.274	0.000	trigger_20	20	248274	Trigger-In:20	66	grating_off	salient	0	green	left	unaware	1	0
248.879	0.000	trigger_31	31	248879	Trigger-In:31	66	targets_on_fp_color_change	salient	0	green	left	unaware	1	0
249.719	0.000	trigger_201	201	249719	Trigger-In:201	66	trial_end_completed	salient	0	green	left	unaware	1	0
250.789	0.000	trigger_101	101	250789	Trigger-In:101	67	trial_start	staircase	10	green	left	unaware	1	0
250.894	0.000	trigger_11	11	250894	Trigger-In:11	67	fixation_point_on	staircase	10	green	left	unaware	1	0
251.494	0.000	trigger_21	21	251494	Trigger-In:21	67	grating_on	staircase	10	green	left	unaware	1	0
251.544	0.000	trigger_20	20	251544	Trigger-In:20	67	grating_off	staircase	10	green	left	unaware	1	0
252.144	0.000	trigger_31	31	252144	Trigger-In:31	67	targets_on_fp_color_change	staircase	10	green	left	unaware	1	0
252.729	0.000	trigger_201	201	252729	Trigger-In:201	67	trial_end_completed	staircase	10	green	left	unaware	1	0
253.799	0.000	trigger_101	101	253799	Trigger-In:101	68	trial_start	staircase	11	red	right	unaware	1	0
253.909	0.000	trigger_11	11	253909	Trigger-In:11	68	fixation_point_on	staircase	11	red	right	unaware	1	0
254.509	0.000	trigger_21	21	254509	Trigger-In:21	68	grating_on	staircase	11	red	right	unaware	1	0
254.559	0.000	trigger_20	20	254559	Trigger-In:20	68	grating_off	staircase	11	red	right	unaware	1	0
255.159	0.000	trigger_31	31	255159	Trigger-In:31	68	targets_on_fp_color_change	staircase	11	red	right	unaware	1	0
255.799	0.000	trigger_201	201	255799	Trigger-In:201	68	trial_end_completed	staircase	11	red	right	unaware	1	0
256.869	0.000	trigger_101	101	256869	Trigger-In:101	69	trial_start	staircase	12	green	right	aware	1	0
256.969	0.000	trigger_11	11	256969	Trigger-In:11	69	fixation_point_on	staircase	12	green	right	aware	1	0
257.569	0.000	trigger_21	21	257569	Trigger-In:21	69	grating_on	staircase	12	green	right	aware	1	0
257.624	0.000	trigger_20	20	257624	Trigger-In:20	69	grating_off	staircase	12	green	right	aware	1	0
258.224	0.000	trigger_31	31	258224	Trigger-In:31	69	targets_on_fp_color_change	staircase	12	green	right	aware	1	0
259.044	0.000	trigger_201	201	259044	Trigger-In:201	69	trial_end_completed	staircase	12	green	right	aware	1	0
260.114	0.000	trigger_101	101	260114	Trigger-In:101	70	trial_start	staircase	11	red	right	unaware	1	0
260.219	0.000	trigger_11	11	260219	Trigger-In:11	70	fixation_point_on	staircase	11	red	right	unaware	1	0
260.819	0.000	trigger_21	21	260819	Trigger-In:21	70	grating_on	staircase	11	red	right	unaware	1	0
260.869	0.000	trigger_20	20	260869	Trigger-In:20	70	grating_off	staircase	11	red	right	unaware	1	0
261.474	0.000	trigger_31	31	261474	Trigger-In:31	70	targets_on_fp_color_change	staircase	11	red	right	unaware	1	0
262.189	0.000	trigger_201	201	262189	Trigger-In:201	70	trial_end_completed	staircase	11	red	right	unaware	1	0
263.259	0.000	trigger_101	101	263259	Trigger-In:101	71	trial_start	staircase	12	red	right	unaware	1	0
263.364	0.000	trigger_11	11	263364	Trigger-In:11	71	fixation_point_on	staircase	12	red	right	unaware	1	0
263.964	0.000	trigger_21	21	263964	Trigger-In:21	71	grating_on	staircase	12	red	right	unaware	1	0
264.014	0.000	trigger_20	20	264014	Trigger-In:20	71	grating_off	staircase	12	red	right	unaware	1	0
264.614	0.000	trigger_31	31	264614	Trigger-In:31	71	targets_on_fp_color_change	staircase	12	red	right	unaware	1	0
265.249	0.000	trigger_201	201	265249	Trigger-In:201	71	trial_end_completed	staircase	12	red	right	unaware	1	0
266.319	0.000	trigger_101	101	266319	Trigger-In:101	72	trial_start	staircase	13	green	left	unaware	1	0
266.419	0.000	trigger_11	11	266419	Trigger-In:11	72	fixation_point_on	staircase	13	green	left	unaware	1	0
267.024	0.000	trigger_21	21	267024	Trigger-In:21	72	grating_on	staircase	13	green	left	unaware	1	0
267.074	0.000	trigger_20	20	267074	Trigger-In:20	72	grating_off	staircase	13	green	left	unaware	1	0
267.674	0.000	trigger_31	31	267674	Trigger-In:31	72	targets_on_fp_color_change	staircase	13	green	left	unaware	1	0
268.374	0.000	trigger_201	201	268374	Trigger-In:201	72	trial_end_completed	staircase	13	green	left	unaware	1	0
269.444	0.000	trigger_101	101	269444	Trigger-In:101	73	trial_start	staircase	14	green	right	aware	1	0
269.549	0.000	trigger_11	11	269549	Trigger-In:11	73	fixation_point_on	staircase	14	green	right	aware	1	0
270.149	0.000	trigger_21	21	270149	Trigger-In:21	73	grating_on	staircase	14	green	right	aware	1	0
270.204	0.000	trigger_20	20	270204	Trigger-In:20	73	grating_off	staircase	14	green	right	aware	1	0
270.804	0.000	trigger_31	31	270804	Trigger-In:31	73	targets_on_fp_color_change	staircase	14	green	right	aware	1	0
271.379	0.000	trigger_201	201	271379	Trigger-In:201	73	trial_end_completed	staircase	14	green	right	aware	1	0
272.449	0.000	trigger_101	101	272449	Trigger-In:101	74	trial_start	staircase	13	green	right	aware	1	0
272.549	0.000	trigger_11	11	272549	Trigger-In:11	74	fixation_point_on	staircase	13	green	right	aware	1	0
273.149	0.000	trigger_21	21	273149	Trigger-In:21	74	grating_on	staircase	13	green	right	aware	1	0
273.204	0.000	trigger_20	20	273204	Trigger-In:20	74	grating_off	staircase	13	green	right	aware	1	0
273.804	0.000	trigger_31	31	273804	Trigger-In:31	74	targets_on_fp_color_change	staircase	13	green	right	aware	1	0
274.454	0.000	trigger_201	201	274454	Trigger-In:201	74	trial_end_completed	staircase	13	green	right	aware	1	0
275.529	0.000	trigger_101	101	275529	Trigger-In:101	75	trial_start	absent	70	green	right	aware	1	0
275.629	0.000	trigger_11	11	275629	Trigger-In:11	75	fixation_point_on	absent	70	green	right	aware	1	0
276.229	0.000	trigger_21	21	276229	Trigger-In:21	75	grating_on	absent	70	green	right	aware	1	0
276.279	0.000	trigger_20	20	276279	Trigger-In:20	75	grating_off	absent	70	green	right	aware	1	0
276.879	0.000	trigger_31	31	276879	Trigger-In:31	75	targets_on_fp_color_change	absent	70	green	right	aware	1	0
277.459	0.000	trigger_201	201	277459	Trigger-In:201	75	trial_end_completed	absent	70	green	right	aware	1	0
278.529	0.000	trigger_101	101	278529	Trigger-In:101	76	trial_start	salient	0	green	left	unaware	1	0
278.634	0.000	trigger_11	11	278634	Trigger-In:11	76	fixation_point_on	salient	0	green	left	unaware	1	0
279.234	0.000	trigger_21	21	279234	Trigger-In:21	76	grating_on	salient	0	green	left	unaware	1	0
279.284	0.000	trigger_20	20	279284	Trigger-In:20	76	grating_off	salient	0	green	left	unaware	1	0
279.884	0.000	trigger_31	31	279884	Trigger-In:31	76	targets_on_fp_color_change	salient	0	green	left	unaware	1	0
280.584	0.000	trigger_201	201	280584	Trigger-In:201	76	trial_end_completed	salient	0	green	left	unaware	1	0
281.649	0.000	trigger_101	101	281649	Trigger-In:101	77	trial_start	absent	70	red	left	aware	1	0
281.759	0.000	trigger_11	11	281759	Trigger-In:11	77	fixation_point_on	absent	70	red	left	aware	1	0
282.359	0.000	trigger_21	21	282359	Trigger-In:21	77	grating_on	absent	70	red	left	aware	1	0
282.409	0.000	trigger_20	20	282409	Trigger-In:20	77	grating_off	absent	70	red	left	aware	1	0
283.009	0.000	trigger_31	31	283009	Trigger-In:31	77	targets_on_fp_color_change	absent	70	red	left	aware	1	0
283.994	0.000	trigger_201	201	283994	Trigger-In:201	77	trial_end_completed	absent	70	red	left	aware	1	0
285.064	0.000	trigger_101	101	285064	Trigger-In:101	78	trial_start	absent	70	red	left	aware	1	0
285.169	0.000	trigger_11	11	285169	Trigger-In:11	78	fixation_point_on	absent	70	red	left	aware	1	0
285.769	0.000	trigger_21	21	285769	Trigger-In:21	78	grating_on	absent	70	red	left	aware	1	0
285.824	0.000	trigger_20	20	285824	Trigger-In:20	78	grating_off	absent	70	red	left	aware	1	0
286.424	0.000	trigger_31	31	286424	Trigger-In:31	78	targets_on_fp_color_change	absent	70	red	left	aware	1	0
287.039	0.000	trigger_201	201	287039	Trigger-In:201	78	trial_end_completed	absent	70	red	left	aware	1	0
288.109	0.000	trigger_101	101	288109	Trigger-In:101	79	trial_start	staircase	12	red	left	aware	1	0
288.214	0.000	trigger_11	11	288214	Trigger-In:11	79	fixation_point_on	staircase	12	red	left	aware	1	0
288.814	0.000	trigger_21	21	288814	Trigger-In:21	79	grating_on	staircase	12	red	left	aware	1	0
288.864	0.000	trigger_20	20	288864	Trigger-In:20	79	grating_off	staircase	12	red	left	aware	1	0
289.464	0.000	trigger_31	31	289464	Trigger-In:31	79	targets_on_fp_color_change	staircase	12	red	left	aware	1	0
290.104	0.000	trigger_201	201	290104	Trigger-In:201	79	trial_end_completed	staircase	12	red	left	aware	1	0
291.174	0.000	trigger_101	101	291174	Trigger-In:101	80	trial_start	staircase	11	red	right	unaware	1	0
291.274	0.000	trigger_11	11	291274	Trigger-In:11	80	fixation_point_on	staircase	11	red	right	unaware	1	0
291.874	0.000	trigger_21	21	291874	Trigger-In:21	80	grating_on	staircase	11	red	right	unaware	1	0
291.924	0.000	trigger_20	20	291924	Trigger-In:20	80	grating_off	staircase	11	red	right	unaware	1	0
292.529	0.000	trigger_31	31	292529	Trigger-In:31	80	targets_on_fp_color_change	staircase	11	red	right	unaware	1	0
293.194	0.000	trigger_201	201	293194	Trigger-In:201	80	trial_end_completed	staircase	11	red	right	unaware	1	0
294.264	0.000	trigger_101	101	294264	Trigger-In:101	81	trial_start	staircase	12	green	right	aware	1	0
294.369	0.000	trigger_11	11	294369	Trigger-In:11	81	fixation_point_on	staircase	12	green	right	aware	1	0
294.969	0.000	trigger_21	21	294969	Trigger-In:21	81	grating_on	staircase	12	green	right	aware	1	0
295.019	0.000	trigger_20	20	295019	Trigger-In:20	81	grating_off	staircase	12	green	right	aware	1	0
295.619	0.000	trigger_31	31	295619	Trigger-In:31	81	targets_on_fp_color_change	staircase	12	green	right	aware	1	0
296.164	0.000	trigger_201	201	296164	Trigger-In:201	81	trial_end_completed	staircase	12	green	right	aware	1	0
297.234	0.000	trigger_101	101	297234	Trigger-In:101	82	trial_start	staircase	11	red	left	aware	1	0
297.339	0.000	trigger_11	11	297339	Trigger-In:11	82	fixation_point_on	staircase	11	red	left	aware	1	0
297.939	0.000	trigger_21	21	297939	Trigger-In:21	82	grating_on	staircase	11	red	left	aware	1	0
297.989	0.000	trigger_20	20	297989	Trigger-In:20	82	grating_off	staircase	11	red	left	aware	1	0
298.589	0.000	trigger_31	31	298589	Trigger-In:31	82	targets_on_fp_color_change	staircase	11	red	left	aware	1	0
299.214	0.000	trigger_201	201	299214	Trigger-In:201	82	trial_end_completed	staircase	11	red	left	aware	1	0
300.284	0.000	trigger_101	101	300284	Trigger-In:101	83	trial_start	staircase	10	red	right	unaware	1	0
300.394	0.000	trigger_11	11	300394	Trigger-In:11	83	fixation_point_on	staircase	10	red	right	unaware	1	0
300.994	0.000	trigger_21	21	300994	Trigger-In:21	83	grating_on	staircase	10	red	right	unaware	1	0
301.049	0.000	trigger_20	20	301049	Trigger-In:20	83	grating_off	staircase	10	red	right	unaware	1	0
301.649	0.000	trigger_31	31	301649	Trigger-In:31	83	targets_on_fp_color_change	staircase	10	red	right	unaware	1	0
302.444	0.000	trigger_201	201	302444	Trigger-In:201	83	trial_end_completed	staircase	10	red	right	unaware	1	0
303.514	0.000	trigger_101	101	303514	Trigger-In:101	84	trial_start	staircase	11	red	left	aware	1	0
303.614	0.000	trigger_11	11	303614	Trigger-In:11	84	fixation_point_on	staircase	11	red	left	aware	1	0
304.214	0.000	trigger_21	21	304214	Trigger-In:21	84	grating_on	staircase	11	red	left	aware	1	0
304.264	0.000	trigger_20	20	304264	Trigger-In:20	84	grating_off	staircase	11	red	left	aware	1	0
304.869	0.000	trigger_31	31	304869	Trigger-In:31	84	targets_on_fp_color_change	staircase	11	red	left	aware	1	0
305.524	0.000	trigger_201	201	305524	Trigger-In:201	84	trial_end_completed	staircase	11	red	left	aware	1	0
306.594	0.000	trigger_101	101	306594	Trigger-In:101	85	trial_start	staircase	10	green	left	unaware	1	0
306.699	0.000	trigger_11	11	306699	Trigger-In:11	85	fixation_point_on	staircase	10	green	left	unaware	1	0
307.304	0.000	trigger_21	21	307304	Trigger-In:21	85	grating_on	staircase	10	green	left	unaware	1	0
307.354	0.000	trigger_20	20	307354	Trigger-In:20	85	grating_off	staircase	10	green	left	unaware	1	0
307.954	0.000	trigger_31	31	307954	Trigger-In:31	85	targets_on_fp_color_change	staircase	10	green	left	unaware	1	0
308.959	0.000	trigger_201	201	308959	Trigger-In:201	85	trial_end_completed	staircase	10	green	left	unaware	1	0
310.034	0.000	trigger_101	101	310034	Trigger-In:101	86	trial_start	staircase	11	green	left	unaware	1	0
310.139	0.000	trigger_11	11	310139	Trigger-In:11	86	fixation_point_on	staircase	11	green	left	unaware	1	0
310.739	0.000	trigger_21	21	310739	Trigger-In:21	86	grating_on	staircase	11	green	left	unaware	1	0
310.789	0.000	trigger_20	20	310789	Trigger-In:20	86	grating_off	staircase	11	green	left	unaware	1	0
311.389	0.000	trigger_31	31	311389	Trigger-In:31	86	targets_on_fp_color_change	staircase	11	green	left	unaware	1	0
312.204	0.000	trigger_201	201	312204	Trigger-In:201	86	trial_end_completed	staircase	11	green	left	unaware	1	0
313.274	0.000	trigger_101	101	313274	Trigger-In:101	87	trial_start	staircase	12	green	left	unaware	1	0
313.384	0.000	trigger_11	11	313384	Trigger-In:11	87	fixation_point_on	staircase	12	green	left	unaware	1	0
313.984	0.000	trigger_21	21	313984	Trigger-In:21	87	grating_on	staircase	12	green	left	unaware	1	0
314.034	0.000	trigger_20	20	314034	Trigger-In:20	87	grating_off	staircase	12	green	left	unaware	1	0
314.634	0.000	trigger_31	31	314634	Trigger-In:31	87	targets_on_fp_color_change	staircase	12	green	left	unaware	1	0
315.339	0.000	trigger_201	201	315339	Trigger-In:201	87	trial_end_completed	staircase	12	green	left	unaware	1	0
316.409	0.000	trigger_101	101	316409	Trigger-In:101	88	trial_start	staircase	13	red	left	aware	1	0
316.509	0.000	trigger_11	11	316509	Trigger-In:11	88	fixation_point_on	staircase	13	red	left	aware	1	0
317.109	0.000	trigger_21	21	317109	Trigger-In:21	88	grating_on	staircase	13	red	left	aware	1	0
317.164	0.000	trigger_20	20	317164	Trigger-In:20	88	grating_off	staircase	13	red	left	aware	1	0
317.764	0.000	trigger_31	31	317764	Trigger-In:31	88	targets_on_fp_color_change	staircase	13	red	left	aware	1	0
318.484	0.000	trigger_201	201	318484	Trigger-In:201	88	trial_end_completed	staircase	13	red	left	aware	1	0
319.554	0.000	trigger_101	101	319554	Trigger-In:101	89	trial_start	salient	0	red	right	unaware	1	0
319.659	0.000	trigger_11	11	319659	Trigger-In:11	89	fixation_point_on	salient	0	red	right	unaware	1	0
320.259	0.000	trigger_21	21	320259	Trigger-In:21	89	grating_on	salient	0	red	right	unaware	1	0
320.314	0.000	trigger_20	20	320314	Trigger-In:20	89	grating_off	salient	0	red	right	unaware	1	0
320.914	0.000	trigger_31	31	320914	Trigger-In:31	89	targets_on_fp_color_change	salient	0	red	right	unaware	1	0
321.649	0.000	trigger_201	201	321649	Trigger-In:201	89	trial_end_completed	salient	0	red	right	unaware	1	0
322.719	0.000	trigger_101	101	322719	Trigger-In:101	90	trial_start	staircase	12	green	right	aware	1	0
322.824	0.000	trigger_11	11	322824	Trigger-In:11	90	fixation_point_on	staircase	12	green	right	aware	1	0
323.424	0.000	trigger_21	21	323424	Trigger-In:21	90	grating_on	staircase	12	green	right	aware	1	0
323.479	0.000	trigger_20	20	323479	Trigger-In:20	90	grating_off	staircase	12	green	right	aware	1	0
324.079	0.000	trigger_31	31	324079	Trigger-In:31	90	targets_on_fp_color_change	staircase	12	green	right	aware	1	0
325.204	0.000	trigger_201	201	325204	Trigger-In:201	90	trial_end_completed	staircase	12	green	right	aware	1	0
326.274	0.000	trigger_101	101	326274	Trigger-In:101	91	trial_start	staircase	11	green	left	unaware	1	0
326.379	0.000	trigger_11	11	326379	Trigger-In:11	91	fixation_point_on	staircase	11	green	left	unaware	1	0
326.979	0.000	trigger_21	21	326979	Trigger-In:21	91	grating_on	staircase	11	green	left	unaware	1	0
327.029	0.000	trigger_20	20	327029	Trigger-In:20	91	grating_off	staircase	11	green	left	unaware	1	0
327.629	0.000	trigger_31	31	327629	Trigger-In:31	91	targets_on_fp_color_change	staircase	11	green	left	unaware	1	0
328.289	0.000	trigger_201	201	328289	Trigger-In:201	91	trial_end_completed	staircase	11	green	left	unaware	1	0
329.359	0.000	trigger_101	101	329359	Trigger-In:101	92	trial_start	salient	0	green	left	unaware	1	0
329.464	0.000	trigger_11	11	329464	Trigger-In:11	92	fixation_point_on	salient	0	green	left	unaware	1	0
330.064	0.000	trigger_21	21	330064	Trigger-In:21	92	grating_on	salient	0	green	left	unaware	1	0
330.114	0.000	trigger_20	20	330114	Trigger-In:20	92	grating_off	salient	0	green	left	unaware	1	0
330.719	0.000	trigger_31	31	330719	Trigger-In:31	92	targets_on_fp_color_change	salient	0	green	left	unaware	1	0
331.384	0.000	trigger_201	201	331384	Trigger-In:201	92	trial_end_completed	salient	0	green	left	unaware	1	0
332.454	0.000	trigger_101	101	332454	Trigger-In:101	93	trial_start	salient	0	red	right	unaware	1	0
332.559	0.000	trigger_11	11	332559	Trigger-In:11	93	fixation_point_on	salient	0	red	right	unaware	1	0
333.159	0.000	trigger_21	21	333159	Trigger-In:21	93	grating_on	salient	0	red	right	unaware	1	0
333.209	0.000	trigger_20	20	333209	Trigger-In:20	93	grating_off	salient	0	red	right	unaware	1	0
333.809	0.000	trigger_31	31	333809	Trigger-In:31	93	targets_on_fp_color_change	salient	0	red	right	unaware	1	0
334.574	0.000	trigger_201	201	334574	Trigger-In:201	93	trial_end_completed	salient	0	red	right	unaware	1	0
335.644	0.000	trigger_101	101	335644	Trigger-In:101	94	trial_start	staircase	12	red	right	unaware	1	0
335.749	0.000	trigger_11	11	335749	Trigger-In:11	94	fixation_point_on	staircase	12	red	right	unaware	1	0
336.349	0.000	trigger_21	21	336349	Trigger-In:21	94	grating_on	staircase	12	red	right	unaware	1	0
336.399	0.000	trigger_20	20	336399	Trigger-In:20	94	grating_off	staircase	12	red	right	unaware	1	0
336.999	0.000	trigger_31	31	336999	Trigger-In:31	94	targets_on_fp_color_change	staircase	12	red	right	unaware	1	0
337.754	0.000	trigger_201	201	337754	Trigger-In:201	94	trial_end_completed	staircase	12	red	right	unaware	1	0
338.824	0.000	trigger_101	101	338824	Trigger-In:101	95	trial_start	salient	0	red	right	unaware	1	0
338.929	0.000	trigger_11	11	338929	Trigger-In:11	95	fixation_point_on	salient	0	red	right	unaware	1	0
339.529	0.000	trigger_21	21	339529	Trigger-In:21	95	grating_on	salient	0	red	right	unaware	1	0
339.579	0.000	trigger_20	20	339579	Trigger-In:20	95	grating_off	salient	0	red	right	unaware	1	0
340.179	0.000	trigger_31	31	340179	Trigger-In:31	95	targets_on_fp_color_change	salient	0	red	right	unaware	1	0
340.779	0.000	trigger_201	201	340779	Trigger-In:201	95	trial_end_completed	salient	0	red	right	unaware	1	0
341.849	0.000	trigger_101	101	341849	Trigger-In:101	96	trial_start	staircase	13	red	left	aware	1	0
341.954	0.000	trigger_11	11	341954	Trigger-In:11	96	fixation_point_on	staircase	13	red	left	aware	1	0
342.549	0.000	trigger_21	21	342549	Trigger-In:21	96	grating_on	staircase	13	red	left	aware	1	0
342.604	0.000	trigger_20	20	342604	Trigger-In:20	96	grating_off	staircase	13	red	left	aware	1	0
343.204	0.000	trigger_31	31	343204	Trigger-In:31	96	targets_on_fp_color_change	staircase	13	red	left	aware	1	0
343.774	0.000	trigger_201	201	343774	Trigger-In:201	96	trial_end_completed	staircase	13	red	left	aware	1	0
344.844	0.000	trigger_101	101	344844	Trigger-In:101	97	trial_start	salient	0	red	right	unaware	1	0
344.949	0.000	trigger_11	11	344949	Trigger-In:11	97	fixation_point_on	salient	0	red	right	unaware	1	0
345.549	0.000	trigger_21	21	345549	Trigger-In:21	97	grating_on	salient	0	red	right	unaware	1	0
345.604	0.000	trigger_20	20	345604	Trigger-In:20	97	grating_off	salient	0	red	right	unaware	1	0
346.204	0.000	trigger_31	31	346204	Trigger-In:31	97	targets_on_fp_color_change	salient	0	red	right	unaware	1	0
346.984	0.000	trigger_201	201	346984	Trigger-In:201	97	trial_end_completed	salient	0	red	right	unaware	1	0
348.054	0.000	trigger_101	101	348054	Trigger-In:101	98	trial_start	staircase	12	green	right	aware	1	0
348.159	0.000	trigger_11	11	348159	Trigger-In:11	98	fixation_point_on	staircase	12	green	right	aware	1	0
348.759	0.000	trigger_21	21	348759	Trigger-In:21	98	grating_on	staircase	12	green	right	aware	1	0
348.809	0.000	trigger_20	20	348809	Trigger-In:20	98	grating_off	staircase	12	green	right	aware	1	0
349.414	0.000	trigger_31	31	349414	Trigger-In:31	98	targets_on_fp_color_change	staircase	12	green	right	aware	1	0
350.404	0.000	trigger_201	201	350404	Trigger-In:201	98	trial_end_completed	staircase	12	green	right	aware	1	0
351.474	0.000	trigger_101	101	351474	Trigger-In:101	99	trial_start	staircase	11	red	left	aware	1	0
351.579	0.000	trigger_11	11	351579	Trigger-In:11	99	fixation_point_on	staircase	11	red	left	aware	1	0
352.179	0.000	trigger_21	21	352179	Trigger-In:21	99	grating_on	staircase	11	red	left	aware	1	0
352.229	0.000	trigger_20	20	352229	Trigger-In:20	99	grating_off	staircase	11	red	left	aware	1	0
352.829	0.000	trigger_31	31	352829	Trigger-In:31	99	targets_on_fp_color_change	staircase	11	red	left	aware	1	0
353.449	0.000	trigger_201	201	353449	Trigger-In:201	99	trial_end_completed	staircase	11	red	left	aware	1	0
354.519	0.000	trigger_101	101	354519	Trigger-In:101	100	trial_start	staircase	10	red	right	unaware	1	0
354.624	0.000	trigger_11	11	354624	Trigger-In:11	100	fixation_point_on	staircase	10	red	right	unaware	1	0
355.224	0.000	trigger_21	21	355224	Trigger-In:21	100	grating_on	staircase	10	red	right	unaware	1	0
355.279	0.000	trigger_20	20	355279	Trigger-In:20	100	grating_off	staircase	10	red	right	unaware	1	0
355.879	0.000	trigger_31	31	355879	Trigger-In:31	100	targets_on_fp_color_change	staircase	10	red	right	unaware	1	0
356.654	0.000	trigger_201	201	356654	Trigger-In:201	100	trial_end_completed	staircase	10	red	right	unaware	1	0
357.724	0.000	trigger_101	101	357724	Trigger-In:101	101	trial_start	staircase	11	green	left	unaware	1	0
357.829	0.000	trigger_11	11	357829	Trigger-In:11	101	fixation_point_on	staircase	11	green	left	unaware	1	0
358.429	0.000	trigger_21	21	358429	Trigger-In:21	101	grating_on	staircase	11	green	left	unaware	1	0
358.484	0.000	trigger_20	20	358484	Trigger-In:20	101	grating_off	staircase	11	green	left	unaware	1	0
359.084	0.000	trigger_31	31	359084	Trigger-In:31	101	targets_on_fp_color_change	staircase	11	green	left	unaware	1	0
359.919	0.000	trigger_201	201	359919	Trigger-In:201	101	trial_end_completed	staircase	11	green	left	unaware	1	0
360.984	0.000	trigger_101	101	360984	Trigger-In:101	102	trial_start	salient	0	red	right	unaware	1	0
361.089	0.000	trigger_11	11	361089	Trigger-In:11	102	fixation_point_on	salient	0	red	right	unaware	1	0
361.689	0.000	trigger_21	21	361689	Trigger-In:21	102	grating_on	salient	0	red	right	unaware	1	0
361.744	0.000	trigger_20	20	361744	Trigger-In:20	102	grating_off	salient	0	red	right	unaware	1	0
362.344	0.000	trigger_31	31	362344	Trigger-In:31	102	targets_on_fp_color_change	salient	0	red	right	unaware	1	0
363.144	0.000	trigger_201	201	363144	Trigger-In:201	102	trial_end_completed	salient	0	red	right	unaware	1	0
364.219	0.000	trigger_101	101	364219	Trigger-In:101	103	trial_start	staircase	12	red	left	aware	1	0
364.324	0.000	trigger_11	11	364324	Trigger-In:11	103	fixation_point_on	staircase	12	red	left	aware	1	0
364.924	0.000	trigger_21	21	364924	Trigger-In:21	103	grating_on	staircase	12	red	left	aware	1	0
364.974	0.000	trigger_20	20	364974	Trigger-In:20	103	grating_off	staircase	12	red	left	aware	1	0
365.574	0.000	trigger_31	31	365574	Trigger-In:31	103	targets_on_fp_color_change	staircase	12	red	left	aware	1	0
366.329	0.000	trigger_201	201	366329	Trigger-In:201	103	trial_end_completed	staircase	12	red	left	aware	1	0
367.399	0.000	trigger_101	101	367399	Trigger-In:101	104	trial_start	staircase	11	green	left	unaware	1	0
367.504	0.000	trigger_11	11	367504	Trigger-In:11	104	fixation_point_on	staircase	11	green	left	unaware	1	0
368.104	0.000	trigger_21	21	368104	Trigger-In:21	104	grating_on	staircase	11	green	left	unaware	1	0
368.154	0.000	trigger_20	20	368154	Trigger-In:20	104	grating_off	staircase	11	green	left	unaware	1	0
368.754	0.000	trigger_31	31	368754	Trigger-In:31	104	targets_on_fp_color_change	staircase	11	green	left	unaware	1	0
369.674	0.000	trigger_201	201	369674	Trigger-In:201	104	trial_end_completed	staircase	11	green	left	unaware	1	0
370.739	0.000	trigger_101	101	370739	Trigger-In:101	105	trial_start	staircase	12	green	left	unaware	1	0
370.849	0.000	trigger_11	11	370849	Trigger-In:11	105	fixation_point_on	staircase	12	green	left	unaware	1	0
371.449	0.000	trigger_21	21	371449	Trigger-In:21	105	grating_on	staircase	12	green	left	unaware	1	0
371.499	0.000	trigger_20	20	371499	Trigger-In:20	105	grating_off	staircase	12	green	left	unaware	1	0
372.099	0.000	trigger_31	31	372099	Trigger-In:31	105	targets_on_fp_color_change	staircase	12	green	left	unaware	1	0
372.889	0.000	trigger_201	201	372889	Trigger-In:201	105	trial_end_completed	staircase	12	green	left	unaware	1	0
373.959	0.000	trigger_101	101	373959	Trigger-In:101	106	trial_start	staircase	13	green	right	aware	1	0
374.059	0.000	trigger_11	11	374059	Trigger-In:11	106	fixation_point_on	staircase	13	green	right	aware	1	0
374.659	0.000	trigger_21	21	374659	Trigger-In:21	106	grating_on	staircase	13	green	right	aware	1	0
374.709	0.000	trigger_20	20	374709	Trigger-In:20	106	grating_off	staircase	13	green	right	aware	1	0
375.309	0.000	trigger_31	31	375309	Trigger-In:31	106	targets_on_fp_color_change	staircase	13	green	right	aware	1	0
376.039	0.000	trigger_201	201	376039	Trigger-In:201	106	trial_end_completed	staircase	13	green	right	aware	1	0
377.109	0.000	trigger_101	101	377109	Trigger-In:101	107	trial_start	salient	0	green	left	unaware	1	0
377.214	0.000	trigger_11	11	377214	Trigger-In:11	107	fixation_point_on	salient	0	green	left	unaware	1	0
377.814	0.000	trigger_21	21	377814	Trigger-In:21	107	grating_on	salient	0	green	left	unaware	1	0
377.864	0.000	trigger_20	20	377864	Trigger-In:20	107	grating_off	salient	0	green	left	unaware	1	0
378.469	0.000	trigger_31	31	378469	Trigger-In:31	107	targets_on_fp_color_change	salient	0	green	left	unaware	1	0
379.094	0.000	trigger_201	201	379094	Trigger-In:201	107	trial_end_completed	salient	0	green	left	unaware	1	0
380.164	0.000	trigger_101	101	380164	Trigger-In:101	108	trial_start	staircase	12	green	left	unaware	1	0
380.269	0.000	trigger_11	11	380269	Trigger-In:11	108	fixation_point_on	staircase	12	green	left	unaware	1	0
380.869	0.000	trigger_21	21	380869	Trigger-In:21	108	grating_on	staircase	12	green	left	unaware	1	0
380.919	0.000	trigger_20	20	380919	Trigger-In:20	108	grating_off	staircase	12	green	left	unaware	1	0
381.519	0.000	trigger_31	31	381519	Trigger-In:31	108	targets_on_fp_color_change	staircase	12	green	left	unaware	1	0
382.409	0.000	trigger_201	201	382409	Trigger-In:201	108	trial_end_completed	staircase	12	green	left	unaware	1	0
383.484	0.000	trigger_101	101	383484	Trigger-In:101	109	trial_start	staircase	13	red	right	unaware	1	0
383.584	0.000	trigger_11	11	383584	Trigger-In:11	109	fixation_point_on	staircase	13	red	right	unaware	1	0
384.184	0.000	trigger_21	21	384184	Trigger-In:21	109	grating_on	staircase	13	red	right	unaware	1	0
384.239	0.000	trigger_20	20	384239	Trigger-In:20	109	grating_off	staircase	13	red	right	unaware	1	0
384.839	0.000	trigger_31	31	384839	Trigger-In:31	109	targets_on_fp_color_change	staircase	13	red	right	unaware	1	0
385.544	0.000	trigger_201	201	385544	Trigger-In:201	109	trial_end_completed	staircase	13	red	right	unaware	1	0
386.614	0.000	trigger_101	101	386614	Trigger-In:101	110	trial_start	staircase	14	red	right	unaware	1	0
386.719	0.000	trigger_11	11	386719	Trigger-In:11	110	fixation_point_on	staircase	14	red	right	unaware	1	0
387.319	0.000	trigger_21	21	387319	Trigger-In:21	110	grating_on	staircase	14	red	right	unaware	1	0
387.369	0.000	trigger_20	20	387369	Trigger-In:20	110	grating_off	staircase	14	red	right	unaware	1	0
387.969	0.000	trigger_31	31	387969	Trigger-In:31	110	targets_on_fp_color_change	staircase	14	red	right	unaware	1	0
388.699	0.000	trigger_201	201	388699	Trigger-In:201	110	trial_end_completed	staircase	14	red	right	unaware	1	0
389.769	0.000	trigger_101	101	389769	Trigger-In:101	111	trial_start	absent	70	green	right	aware	1	0
389.879	0.000	trigger_11	11	389879	Trigger-In:11	111	fixation_point_on	absent	70	green	right	aware	1	0
390.479	0.000	trigger_21	21	390479	Trigger-In:21	111	grating_on	absent	70	green	right	aware	1	0
390.529	0.000	trigger_20	20	390529	Trigger-In:20	111	grating_off	absent	70	green	right	aware	1	0
391.129	0.000	trigger_31	31	391129	Trigger-In:31	111	targets_on_fp_color_change	absent	70	green	right	aware	1	0
391.919	0.000	trigger_201	201	391919	Trigger-In:201	111	trial_end_completed	absent	70	green	right	aware	1	0
392.989	0.000	trigger_101	101	392989	Trigger-In:101	112	trial_start	staircase	15	red	left	aware	1	0
393.094	0.000	trigger_11	11	393094	Trigger-In:11	112	fixation_point_on	staircase	15	red	left	aware	1	0
393.699	0.000	trigger_21	21	393699	Trigger-In:21	112	grating_on	staircase	15	red	left	aware	1	0
393.749	0.000	trigger_20	20	393749	Trigger-In:20	112	grating_off	staircase	15	red	left	aware	1	0
394.349	0.000	trigger_31	31	394349	Trigger-In:31	112	targets_on_fp_color_change	staircase	15	red	left	aware	1	0
395.109	0.000	trigger_201	201	395109	Trigger-In:201	112	trial_end_completed	staircase	15	red	left	aware	1	0
396.179	0.000	trigger_101	101	396179	Trigger-In:101	113	trial_start	absent	70	red	left	aware	1	0
396.284	0.000	trigger_11	11	396284	Trigger-In:11	113	fixation_point_on	absent	70	red	left	aware	1	0
396.884	0.000	trigger_21	21	396884	Trigger-In:21	113	grating_on	absent	70	red	left	aware	1	0
396.934	0.000	trigger_20	20	396934	Trigger-In:20	113	grating_off	absent	70	red	left	aware	1	0
397.534	0.000	trigger_31	31	397534	Trigger-In:31	113	targets_on_fp_color_change	absent	70	red	left	aware	1	0
398.224	0.000	trigger_201	201	398224	Trigger-In:201	113	trial_end_completed	absent	70	red	left	aware	1	0
399.294	0.000	trigger_101	101	399294	Trigger-In:101	114	trial_start	staircase	14	red	left	aware	1	0
399.399	0.000	trigger_11	11	399399	Trigger-In:11	114	fixation_point_on	staircase	14	red	left	aware	1	0
399.999	0.000	trigger_21	21	399999	Trigger-In:21	114	grating_on	staircase	14	red	left	aware	1	0
400.054	0.000	trigger_20	20	400054	Trigger-In:20	114	grating_off	staircase	14	red	left	aware	1	0
400.654	0.000	trigger_31	31	400654	Trigger-In:31	114	targets_on_fp_color_change	staircase	14	red	left	aware	1	0
401.379	0.000	trigger_201	201	401379	Trigger-In:201	114	trial_end_completed	staircase	14	red	left	aware	1	0
402.444	0.000	trigger_101	101	402444	Trigger-In:101	115	trial_start	staircase	13	red	left	aware	1	0
402.549	0.000	trigger_11	11	402549	Trigger-In:11	115	fixation_point_on	staircase	13	red	left	aware	1	0
403.154	0.000	trigger_21	21	403154	Trigger-In:21	115	grating_on	staircase	13	red	left	aware	1	0
403.204	0.000	trigger_20	20	403204	Trigger-In:20	115	grating_off	staircase	13	red	left	aware	1	0
403.804	0.000	trigger_31	31	403804	Trigger-In:31	115	targets_on_fp_color_change	staircase	13	red	left	aware	1	0
404.434	0.000	trigger_201	201	404434	Trigger-In:201	115	trial_end_completed	staircase	13	red	left	aware	1	0
405.504	0.000	trigger_101	101	405504	Trigger-In:101	116	trial_start	staircase	12	green	left	unaware	1	0
405.609	0.000	trigger_11	11	405609	Trigger-In:11	116	fixation_point_on	staircase	12	green	left	unaware	1	0
406.209	0.000	trigger_21	21	406209	Trigger-In:21	116	grating_on	staircase	12	green	left	unaware	1	0
406.259	0.000	trigger_20	20	406259	Trigger-In:20	116	grating_off	staircase	12	green	left	unaware	1	0
406.859	0.000	trigger_31	31	406859	Trigger-In:31	116	targets_on_fp_color_change	staircase	12	green	left	unaware	1	0
407.524	0.000	trigger_201	201	407524	Trigger-In:201	116	trial_end_completed	staircase	12	green	left	unaware	1	0
408.594	0.000	trigger_101	101	408594	Trigger-In:101	117	trial_start	staircase	13	red	left	aware	1	0
408.704	0.000	trigger_11	11	408704	Trigger-In:11	117	fixation_point_on	staircase	13	red	left	aware	1	0
409.304	0.000	trigger_21	21	409304	Trigger-In:21	117	grating_on	staircase	13	red	left	aware	1	0
409.354	0.000	trigger_20	20	409354	Trigger-In:20	117	grating_off	staircase	13	red	left	aware	1	0
409.954	0.000	trigger_31	31	409954	Trigger-In:31	117	targets_on_fp_color_change	staircase	13	red	left	aware	1	0
410.684	0.000	trigger_201	201	410684	Trigger-In:201	117	trial_end_completed	staircase	13	red	left	aware	1	0
411.754	0.000	trigger_101	101	411754	Trigger-In:101	118	trial_start	staircase	12	green	right	aware	1	0
411.859	0.000	trigger_11	11	411859	Trigger-In:11	118	fixation_point_on	staircase	12	green	right	aware	1	0
412.459	0.000	trigger_21	21	412459	Trigger-In:21	118	grating_on	staircase	12	green	right	aware	1	0
412.509	0.000	trigger_20	20	412509	Trigger-In:20	118	grating_off	staircase	12	green	right	aware	1	0
413.109	0.000	trigger_31	31	413109	Trigger-In:31	118	targets_on_fp_color_change	staircase	12	green	right	aware	1	0
413.699	0.000	trigger_201	201	413699	Trigger-In:201	118	trial_end_completed	staircase	12	green	right	aware	1	0
414.769	0.000	trigger_101	101	414769	Trigger-In:101	119	trial_start	staircase	11	green	left	unaware	1	0
414.874	0.000	trigger_11	11	414874	Trigger-In:11	119	fixation_point_on	staircase	11	green	left	unaware	1	0
415.474	0.000	trigger_21	21	415474	Trigger-In:21	119	grating_on	staircase	11	green	left	unaware	1	0
415.524	0.000	trigger_20	20	415524	Trigger-In:20	119	grating_off	staircase	11	green	left	unaware	1	0
416.124	0.000	trigger_31	31	416124	Trigger-In:31	119	targets_on_fp_color_change	staircase	11	green	left	unaware	1	0
416.759	0.000	trigger_201	201	416759	Trigger-In:201	119	trial_end_completed	staircase	11	green	left	unaware	1	0
417.824	0.000	trigger_101	101	417824	Trigger-In:101	120	trial_start	staircase	12	green	left	unaware	1	0
417.929	0.000	trigger_11	11	417929	Trigger-In:11	120	fixation_point_on	staircase	12	green	left	unaware	1	0
418.529	0.000	trigger_21	21	418529	Trigger-In:21	120	grating_on	staircase	12	green	left	unaware	1	0
418.584	0.000	trigger_20	20	418584	Trigger-In:20	120	grating_off	staircase	12	green	left	unaware	1	0
419.184	0.000	trigger_31	31	419184	Trigger-In:31	120	targets_on_fp_color_change	staircase	12	green	left	unaware	1	0
419.874	0.000	trigger_201	201	419874	Trigger-In:201	120	trial_end_completed	staircase	12	green	left	unaware	1	0
420.944	0.000	trigger_101	101	420944	Trigger-In:101	121	trial_start	salient	0	green	left	unaware	1	0
421.049	0.000	trigger_11	11	421049	Trigger-In:11	121	fixation_point_on	salient	0	green	left	unaware	1	0
421.649	0.000	trigger_21	21	421649	Trigger-In:21	121	grating_on	salient	0	green	left	unaware	1	0
421.699	0.000	trigger_20	20	421699	Trigger-In:20	121	grating_off	salient	0	green	left	unaware	1	0
422.299	0.000	trigger_31	31	422299	Trigger-In:31	121	targets_on_fp_color_change	salient	0	green	left	unaware	1	0
423.094	0.000	trigger_201	201	423094	Trigger-In:201	121	trial_end_completed	salient	0	green	left	unaware	1	0
424.164	0.000	trigger_101	101	424164	Trigger-In:101	122	trial_start	absent	70	green	right	aware	1	0
424.269	0.000	trigger_11	11	424269	Trigger-In:11	122	fixation_point_on	absent	70	green	right	aware	1	0
424.869	0.000	trigger_21	21	424869	Trigger-In:21	122	grating_on	absent	70	green	right	aware	1	0
424.919	0.000	trigger_20	20	424919	Trigger-In:20	122	grating_off	absent	70	green	right	aware	1	0
425.519	0.000	trigger_31	31	425519	Trigger-In:31	122	targets_on_fp_color_change	absent	70	green	right	aware	1	0
426.169	0.000	trigger_201	201	426169	Trigger-In:201	122	trial_end_completed	absent	70	green	right	aware	1	0
427.239	0.000	trigger_101	101	427239	Trigger-In:101	123	trial_start	staircase	13	red	left	aware	1	0
427.344	0.000	trigger_11	11	427344	Trigger-In:11	123	fixation_point_on	staircase	13	red	left	aware	1	0
427.944	0.000	trigger_21	21	427944	Trigger-In:21	123	grating_on	staircase	13	red	left	aware	1	0
427.994	0.000	trigger_20	20	427994	Trigger-In:20	123	grating_off	staircase	13	red	left	aware	1	0
428.594	0.000	trigger_31	31	428594	Trigger-In:31	123	targets_on_fp_color_change	staircase	13	red	left	aware	1	0
429.209	0.000	trigger_201	201	429209	Trigger-In:201	123	trial_end_completed	staircase	13	red	left	aware	1	0
430.279	0.000	trigger_101	101	430279	Trigger-In:101	124	trial_start	salient	0	green	left	unaware	1	0
430.384	0.000	trigger_11	11	430384	Trigger-In:11	124	fixation_point_on	salient	0	green	left	unaware	1	0
430.984	0.000	trigger_21	21	430984	Trigger-In:21	124	grating_on	salient	0	green	left	unaware	1	0
431.034	0.000	trigger_20	20	431034	Trigger-In:20	124	grating_off	salient	0	green	left	unaware	1	0
431.634	0.000	trigger_31	31	431634	Trigger-In:31	124	targets_on_fp_color_change	salient	0	green	left	unaware	1	0
432.644	0.000	trigger_201	201	432644	Trigger-In:201	124	trial_end_completed	salient	0	green	left	unaware	1	0
433.709	0.000	trigger_101	101	433709	Trigger-In:101	125	trial_start	staircase	12	green	right	aware	1	0
433.819	0.000	trigger_11	11	433819	Trigger-In:11	125	fixation_point_on	staircase	12	green	right	aware	1	0
434.419	0.000	trigger_21	21	434419	Trigger-In:21	125	grating_on	staircase	12	green	right	aware	1	0
434.469	0.000	trigger_20	20	434469	Trigger-In:20	125	grating_off	staircase	12	green	right	aware	1	0
435.069	0.000	trigger_31	31	435069	Trigger-In:31	125	targets_on_fp_color_change	staircase	12	green	right	aware	1	0
435.729	0.000	trigger_201	201	435729	Trigger-In:201	125	trial_end_completed	staircase	12	green	right	aware	1	0
436.799	0.000	trigger_101	101	436799	Trigger-In:101	126	trial_start	staircase	11	red	right	unaware	1	0
436.904	0.000	trigger_11	11	436904	Trigger-In:11	126	fixation_point_on	staircase	11	red	right	unaware	1	0
437.509	0.000	trigger_21	21	437509	Trigger-In:21	126	grating_on	staircase	11	red	right	unaware	1	0
437.559	0.000	trigger_20	20	437559	Trigger-In:20	126	grating_off	staircase	11	red	right	unaware	1	0
438.159	0.000	trigger_31	31	438159	Trigger-In:31	126	targets_on_fp_color_change	staircase	11	red	right	unaware	1	0
438.774	0.000	trigger_201	201	438774	Trigger-In:201	126	trial_end_completed	staircase	11	red	right	unaware	1	0
439.844	0.000	trigger_101	101	439844	Trigger-In:101	127	trial_start	staircase	12	red	left	aware	1	0
439.949	0.000	trigger_11	11	439949	Trigger-In:11	127	fixation_point_on	staircase	12	red	left	aware	1	0
440.549	0.000	trigger_21	21	440549	Trigger-In:21	127	grating_on	staircase	12	red	left	aware	1	0
440.604	0.000	trigger_20	20	440604	Trigger-In:20	127	grating_off	staircase	12	red	left	aware	1	0
441.204	0.000	trigger_31	31	441204	Trigger-In:31	127	targets_on_fp_color_change	staircase	12	red	left	aware	1	0
441.919	0.000	trigger_201	201	441919	Trigger-In:201	127	trial_end_completed	staircase	12	red	left	aware	1	0
442.989	0.000	trigger_101	101	442989	Trigger-In:101	128	trial_start	salient	0	green	left	unaware	1	0
443.089	0.000	trigger_11	11	443089	Trigger-In:11	128	fixation_point_on	salient	0	green	left	unaware	1	0
443.689	0.000	trigger_21	21	443689	Trigger-In:21	128	grating_on	salient	0	green	left	unaware	1	0
443.739	0.000	trigger_20	20	443739	Trigger-In:20	128	grating_off	salient	0	green	left	unaware	1	0
444.339	0.000	trigger_31	31	444339	Trigger-In:31	128	targets_on_fp_color_change	salient	0	green	left	unaware	1	0
445.324	0.000	trigger_201	201	445324	Trigger-In:201	128	trial_end_completed	salient	0	green	left	unaware	1	0
446.394	0.000	trigger_101	101	446394	Trigger-In:101	129	trial_start	salient	0	green	left	unaware	1	0
446.499	0.000	trigger_11	11	446499	Trigger-In:11	129	fixation_point_on	salient	0	green	left	unaware	1	0
447.099	0.000	trigger_21	21	447099	Trigger-In:21	129	grating_on	salient	0	green	left	unaware	1	0
447.149	0.000	trigger_20	20	447149	Trigger-In:20	129	grating_off	salient	0	green	left	unaware	1	0
447.749	0.000	trigger_31	31	447749	Trigger-In:31	129	targets_on_fp_color_change	salient	0	green	left	unaware	1	0
448.609	0.000	trigger_201	201	448609	Trigger-In:201	129	trial_end_completed	salient	0	green	left	unaware	1	0
449.684	0.000	trigger_101	101	449684	Trigger-In:101	130	trial_start	staircase	11	red	right	unaware	1	0
449.789	0.000	trigger_11	11	449789	Trigger-In:11	130	fixation_point_on	staircase	11	red	right	unaware	1	0
450.389	0.000	trigger_21	21	450389	Trigger-In:21	130	grating_on	staircase	11	red	right	unaware	1	0
450.439	0.000	trigger_20	20	450439	Trigger-In:20	130	grating_off	staircase	11	red	right	unaware	1	0
451.039	0.000	trigger_31	31	451039	Trigger-In:31	130	targets_on_fp_color_change	staircase	11	red	right	unaware	1	0
451.729	0.000	trigger_201	201	451729	Trigger-In:201	130	trial_end_completed	staircase	11	red	right	unaware	1	0
452.799	0.000	trigger_101	101	452799	Trigger-In:101	131	trial_start	salient	0	green	left	unaware	1	0
453.064	0.000	trigger_11	11	453064	Trigger-In:11	131	fixation_point_on	salient	0	green	left	unaware	1	0
453.664	0.000	trigger_21	21	453664	Trigger-In:21	131	grating_on	salient	0	green	left	unaware	1	0
453.714	0.000	trigger_20	20	453714	Trigger-In:20	131	grating_off	salient	0	green	left	unaware	1	0
454.314	0.000	trigger_31	31	454314	Trigger-In:31	131	targets_on_fp_color_change	salient	0	green	left	unaware	1	0
455.084	0.000	trigger_201	201	455084	Trigger-In:201	131	trial_end_completed	salient	0	green	left	unaware	1	0
456.154	0.000	trigger_101	101	456154	Trigger-In:101	132	trial_start	staircase	12	green	left	unaware	1	0
456.259	0.000	trigger_11	11	456259	Trigger-In:11	132	fixation_point_on	staircase	12	green	left	unaware	1	0
456.859	0.000	trigger_21	21	456859	Trigger-In:21	132	grating_on	staircase	12	green	left	unaware	1	0
456.909	0.000	trigger_20	20	456909	Trigger-In:20	132	grating_off	staircase	12	green	left	unaware	1	0
457.509	0.000	trigger_31	31	457509	Trigger-In:31	132	targets_on_fp_color_change	staircase	12	green	left	unaware	1	0
458.374	0.000	trigger_201	201	458374	Trigger-In:201	132	trial_end_completed	staircase	12	green	left	unaware	1	0
459.444	0.000	trigger_101	101	459444	Trigger-In:101	133	trial_start	staircase	13	green	right	aware	1	0
459.549	0.000	trigger_11	11	459549	Trigger-In:11	133	fixation_point_on	staircase	13	green	right	aware	1	0
460.149	0.000	trigger_21	21	460149	Trigger-In:21	133	grating_on	staircase	13	green	right	aware	1	0
460.204	0.000	trigger_20	20	460204	Trigger-In:20	133	grating_off	staircase	13	green	right	aware	1	0
460.804	0.000	trigger_31	31	460804	Trigger-In:31	133	targets_on_fp_color_change	staircase	13	green	right	aware	1	0
461.669	0.000	trigger_201	201	461669	Trigger-In:201	133	trial_end_completed	staircase	13	green	right	aware	1	0
462.739	0.000	trigger_101	101	462739	Trigger-In:101	134	trial_start	staircase	12	green	right	aware	1	0
462.844	0.000	trigger_11	11	462844	Trigger-In:11	134	fixation_point_on	staircase	12	green	right	aware	1	0
463.444	0.000	trigger_21	21	463444	Trigger-In:21	134	grating_on	staircase	12	green	right	aware	1	0
463.494	0.000	trigger_20	20	463494	Trigger-In:20	134	grating_off	staircase	12	green	right	aware	1	0
464.094	0.000	trigger_31	31	464094	Trigger-In:31	134	targets_on_fp_color_change	staircase	12	green	right	aware	1	0
464.689	0.000	trigger_201	201	464689	Trigger-In:201	134	trial_end_completed	staircase	12	green	right	aware	1	0
465.759	0.000	trigger_101	101	465759	Trigger-In:101	135	trial_start	staircase	11	red	left	aware	1	0
465.864	0.000	trigger_11	11	465864	Trigger-In:11	135	fixation_point_on	staircase	11	red	left	aware	1	0
466.464	0.000	trigger_21	21	466464	Trigger-In:21	135	grating_on	staircase	11	red	left	aware	1	0
466.519	0.000	trigger_20	20	466519	Trigger-In:20	135	grating_off	staircase	11	red	left	aware	1	0
467.119	0.000	trigger_31	31	467119	Trigger-In:31	135	targets_on_fp_color_change	staircase	11	red	left	aware	1	0
467.824	0.000	trigger_201	201	467824	Trigger-In:201	135	trial_end_completed	staircase	11	red	left	aware	1	0
468.894	0.000	trigger_101	101	468894	Trigger-In:101	136	trial_start	salient	0	green	left	unaware	1	0
468.994	0.000	trigger_11	11	468994	Trigger-In:11	136	fixation_point_on	salient	0	green	left	unaware	1	0
469.599	0.000	trigger_21	21	469599	Trigger-In:21	136	grating_on	salient	0	green	left	unaware	1	0
469.649	0.000	trigger_20	20	469649	Trigger-In:20	136	grating_off	salient	0	green	left	unaware	1	0
470.249	0.000	trigger_31	31	470249	Trigger-In:31	136	targets_on_fp_color_change	salient	0	green	left	unaware	1	0
471.079	0.000	trigger_201	201	471079	Trigger-In:201	136	trial_end_completed	salient	0	green	left	unaware	1	0
472.154	0.000	trigger_101	101	472154	Trigger-In:101	137	trial_start	salient	0	red	right	unaware	1	0
472.259	0.000	trigger_11	11	472259	Trigger-In:11	137	fixation_point_on	salient	0	red	right	unaware	1	0
472.859	0.000	trigger_21	21	472859	Trigger-In:21	137	grating_on	salient	0	red	right	unaware	1	0
472.909	0.000	trigger_20	20	472909	Trigger-In:20	137	grating_off	salient	0	red	right	unaware	1	0
473.514	0.000	trigger_31	31	473514	Trigger-In:31	137	targets_on_fp_color_change	salient	0	red	right	unaware	1	0
474.389	0.000	trigger_201	201	474389	Trigger-In:201	137	trial_end_completed	salient	0	red	right	unaware	1	0
475.459	0.000	trigger_101	101	475459	Trigger-In:101	138	trial_start	absent	70	green	right	aware	1	0
475.564	0.000	trigger_11	11	475564	Trigger-In:11	138	fixation_point_on	absent	70	green	right	aware	1	0
476.164	0.000	trigger_21	21	476164	Trigger-In:21	138	grating_on	absent	70	green	right	aware	1	0
476.219	0.000	trigger_20	20	476219	Trigger-In:20	138	grating_off	absent	70	green	right	aware	1	0
476.819	0.000	trigger_31	31	476819	Trigger-In:31	138	targets_on_fp_color_change	absent	70	green	right	aware	1	0
477.594	0.000	trigger_201	201	477594	Trigger-In:201	138	trial_end_completed	absent	70	green	right	aware	1	0
478.664	0.000	trigger_101	101	478664	Trigger-In:101	139	trial_start	absent	70	red	left	aware	1	0
478.769	0.000	trigger_11	11	478769	Trigger-In:11	139	fixation_point_on	absent	70	red	left	aware	1	0
479.369	0.000	trigger_21	21	479369	Trigger-In:21	139	grating_on	absent	70	red	left	aware	1	0
479.419	0.000	trigger_20	20	479419	Trigger-In:20	139	grating_off	absent	70	red	left	aware	1	0
480.019	0.000	trigger_31	31	480019	Trigger-In:31	139	targets_on_fp_color_change	absent	70	red	left	aware	1	0
480.629	0.000	trigger_201	201	480629	Trigger-In:201	139	trial_end_completed	absent	70	red	left	aware	1	0
481.694	0.000	trigger_101	101	481694	Trigger-In:101	140	trial_start	staircase	10	green	left	unaware	1	0
481.804	0.000	trigger_11	11	481804	Trigger-In:11	140	fixation_point_on	staircase	10	green	left	unaware	1	0
482.404	0.000	trigger_21	21	482404	Trigger-In:21	140	grating_on	staircase	10	green	left	unaware	1	0
482.454	0.000	trigger_20	20	482454	Trigger-In:20	140	grating_off	staircase	10	green	left	unaware	1	0
483.054	0.000	trigger_31	31	483054	Trigger-In:31	140	targets_on_fp_color_change	staircase	10	green	left	unaware	1	0
483.819	0.000	trigger_201	201	483819	Trigger-In:201	140	trial_end_completed	staircase	10	green	left	unaware	1	0
484.889	0.000	trigger_101	101	484889	Trigger-In:101	141	trial_start	staircase	11	green	left	unaware	1	0
484.994	0.000	trigger_11	11	484994	Trigger-In:11	141	fixation_point_on	staircase	11	green	left	unaware	1	0
485.594	0.000	trigger_21	21	485594	Trigger-In:21	141	grating_on	staircase	11	green	left	unaware	1	0
485.644	0.000	trigger_20	20	485644	Trigger-In:20	141	grating_off	staircase	11	green	left	unaware	1	0
486.244	0.000	trigger_31	31	486244	Trigger-In:31	141	targets_on_fp_color_change	staircase	11	green	left	unaware	1	0
487.299	0.000	trigger_201	201	487299	Trigger-In:201	141	trial_end_completed	staircase	11	green	left	unaware	1	0
488.369	0.000	trigger_101	101	488369	Trigger-In:101	142	trial_start	salient	0	green	left	unaware	1	0
488.474	0.000	trigger_11	11	488474	Trigger-In:11	142	fixation_point_on	salient	0	green	left	unaware	1	0
489.074	0.000	trigger_21	21	489074	Trigger-In:21	142	grating_on	salient	0	green	left	unaware	1	0
489.124	0.000	trigger_20	20	489124	Trigger-In:20	142	grating_off	salient	0	green	left	unaware	1	0
489.724	0.000	trigger_31	31	489724	Trigger-In:31	142	targets_on_fp_color_change	salient	0	green	left	unaware	1	0
490.569	0.000	trigger_201	201	490569	Trigger-In:201	142	trial_end_completed	salient	0	green	left	unaware	1	0
491.639	0.000	trigger_101	101	491639	Trigger-In:101	143	trial_start	staircase	12	green	right	aware	1	0
491.744	0.000	trigger_11	11	491744	Trigger-In:11	143	fixation_point_on	staircase	12	green	right	aware	1	0
492.349	0.000	trigger_21	21	492349	Trigger-In:21	143	grating_on	staircase	12	green	right	aware	1	0
492.404	0.000	trigger_20	20	492404	Trigger-In:20	143	grating_off	staircase	12	green	right	aware	1	0
493.009	0.000	trigger_31	31	493009	Trigger-In:31	143	targets_on_fp_color_change	staircase	12	green	right	aware	1	0
493.659	0.000	trigger_201	201	493659	Trigger-In:201	143	trial_end_completed	staircase	12	green	right	aware	1	0
494.729	0.000	trigger_101	101	494729	Trigger-In:101	144	trial_start	staircase	11	green	left	unaware	1	0
494.839	0.000	trigger_11	11	494839	Trigger-In:11	144	fixation_point_on	staircase	11	green	left	unaware	1	0
495.439	0.000	trigger_21	21	495439	Trigger-In:21	144	grating_on	staircase	11	green	left	unaware	1	0
495.489	0.000	trigger_20	20	495489	Trigger-In:20	144	grating_off	staircase	11	green	left	unaware	1	0
496.089	0.000	trigger_31	31	496089	Trigger-In:31	144	targets_on_fp_color_change	staircase	11	green	left	unaware	1	0
496.804	0.000	trigger_201	201	496804	Trigger-In:201	144	trial_end_completed	staircase	11	green	left	unaware	1	0
497.874	0.000	trigger_101	101	497874	Trigger-In:101	145	trial_start	staircase	12	red	right	unaware	1	0
497.979	0.000	trigger_11	11	497979	Trigger-In:11	145	fixation_point_on	staircase	12	red	right	unaware	1	0
498.579	0.000	trigger_21	21	498579	Trigger-In:21	145	grating_on	staircase	12	red	right	unaware	1	0
498.634	0.000	trigger_20	20	498634	Trigger-In:20	145	grating_off	staircase	12	red	right	unaware	1	0
499.234	0.000	trigger_31	31	499234	Trigger-In:31	145	targets_on_fp_color_change	staircase	12	red	right	unaware	1	0
499.924	0.000	trigger_201	201	499924	Trigger-In:201	145	trial_end_completed	staircase	12	red	right	unaware	1	0
500.994	0.000	trigger_101	101	500994	Trigger-In:101	146	trial_start	staircase	13	green	right	aware	1	0
501.099	0.000	trigger_11	11	501099	Trigger-In:11	146	fixation_point_on	staircase	13	green	right	aware	1	0
501.699	0.000	trigger_21	21	501699	Trigger-In:21	146	grating_on	staircase	13	green	right	aware	1	0
501.749	0.000	trigger_20	20	501749	Trigger-In:20	146	grating_off	staircase	13	green	right	aware	1	0
502.354	0.000	trigger_31	31	502354	Trigger-In:31	146	targets_on_fp_color_change	staircase	13	green	right	aware	1	0
503.234	0.000	trigger_201	201	503234	Trigger-In:201	146	trial_end_completed	staircase	13	green	right	aware	1	0
504.304	0.000	trigger_101	101	504304	Trigger-In:101	147	trial_start	staircase	12	green	left	unaware	1	0
504.414	0.000	trigger_11	11	504414	Trigger-In:11	147	fixation_point_on	staircase	12	green	left	unaware	1	0
505.014	0.000	trigger_21	21	505014	Trigger-In:21	147	grating_on	staircase	12	green	left	unaware	1	0
505.064	0.000	trigger_20	20	505064	Trigger-In:20	147	grating_off	staircase	12	green	left	unaware	1	0
505.664	0.000	trigger_31	31	505664	Trigger-In:31	147	targets_on_fp_color_change	staircase	12	green	left	unaware	1	0
506.364	0.000	trigger_201	201	506364	Trigger-In:201	147	trial_end_completed	staircase	12	green	left	unaware	1	0
507.434	0.000	trigger_101	101	507434	Trigger-In:101	148	trial_start	staircase	13	green	left	unaware	1	0
507.539	0.000	trigger_11	11	507539	Trigger-In:11	148	fixation_point_on	staircase	13	green	left	unaware	1	0
508.139	0.000	trigger_21	21	508139	Trigger-In:21	148	grating_on	staircase	13	green	left	unaware	1	0
508.189	0.000	trigger_20	20	508189	Trigger-In:20	148	grating_off	staircase	13	green	left	unaware	1	0
508.789	0.000	trigger_31	31	508789	Trigger-In:31	148	targets_on_fp_color_change	staircase	13	green	left	unaware	1	0
509.514	0.000	trigger_201	201	509514	Trigger-In:201	148	trial_end_completed	staircase	13	green	left	unaware	1	0
510.584	0.000	trigger_101	101	510584	Trigger-In:101	149	trial_start	staircase	14	red	left	aware	1	0
510.689	0.000	trigger_11	11	510689	Trigger-In:11	149	fixation_point_on	staircase	14	red	left	aware	1	0
511.294	0.000	trigger_21	21	511294	Trigger-In:21	149	grating_on	staircase	14	red	left	aware	1	0
511.344	0.000	trigger_20	20	511344	Trigger-In:20	149	grating_off	staircase	14	red	left	aware	1	0
511.944	0.000	trigger_31	31	511944	Trigger-In:31	149	targets_on_fp_color_change	staircase	14	red	left	aware	1	0
512.689	0.000	trigger_201	201	512689	Trigger-In:201	149	trial_end_completed	staircase	14	red	left	aware	1	0
513.759	0.000	trigger_101	101	513759	Trigger-In:101	150	trial_start	staircase	13	red	right	unaware	1	0
513.864	0.000	trigger_11	11	513864	Trigger-In:11	150	fixation_point_on	staircase	13	red	right	unaware	1	0
514.464	0.000	trigger_21	21	514464	Trigger-In:21	150	grating_on	staircase	13	red	right	unaware	1	0
514.514	0.000	trigger_20	20	514514	Trigger-In:20	150	grating_off	staircase	13	red	right	unaware	1	0
515.114	0.000	trigger_31	31	515114	Trigger-In:31	150	targets_on_fp_color_change	staircase	13	red	right	unaware	1	0
515.839	0.000	trigger_201	201	515839	Trigger-In:201	150	trial_end_completed	staircase	13	red	right	unaware	1	0
516.909	0.000	trigger_101	101	516909	Trigger-In:101	151	trial_start	staircase	14	green	right	aware	1	0
517.014	0.000	trigger_11	11	517014	Trigger-In:11	151	fixation_point_on	staircase	14	green	right	aware	1	0
517.614	0.000	trigger_21	21	517614	Trigger-In:21	151	grating_on	staircase	14	green	right	aware	1	0
517.664	0.000	trigger_20	20	517664	Trigger-In:20	151	grating_off	staircase	14	green	right	aware	1	0
518.264	0.000	trigger_31	31	518264	Trigger-In:31	151	targets_on_fp_color_change	staircase	14	green	right	aware	1	0
519.104	0.000	trigger_201	201	519104	Trigger-In:201	151	trial_end_completed	staircase	14	green	right	aware	1	0
520.174	0.000	trigger_101	101	520174	Trigger-In:101	152	trial_start	salient	0	green	left	unaware	1	0
520.279	0.000	trigger_11	11	520279	Trigger-In:11	152	fixation_point_on	salient	0	green	left	unaware	1	0
520.884	0.000	trigger_21	21	520884	Trigger-In:21	152	grating_on	salient	0	green	left	unaware	1	0
520.934	0.000	trigger_20	20	520934	Trigger-In:20	152	grating_off	salient	0	green	left	unaware	1	0
521.534	0.000	trigger_31	31	521534	Trigger-In:31	152	targets_on_fp_color_change	salient	0	green	left	unaware	1	0
522.194	0.000	trigger_201	201	522194	Trigger-In:201	152	trial_end_completed	salient	0	green	left	unaware	1	0
523.264	0.000	trigger_101	101	523264	Trigger-In:101	153	trial_start	staircase	13	red	left	aware	1	0
523.369	0.000	trigger_11	11	523369	Trigger-In:11	153	fixation_point_on	staircase	13	red	left	aware	1	0
523.969	0.000	trigger_21	21	523969	Trigger-In:21	153	grating_on	staircase	13	red	left	aware	1	0
524.019	0.000	trigger_20	20	524019	Trigger-In:20	153	grating_off	staircase	13	red	left	aware	1	0
524.619	0.000	trigger_31	31	524619	Trigger-In:31	153	targets_on_fp_color_change	staircase	13	red	left	aware	1	0
525.664	0.000	trigger_201	201	525664	Trigger-In:201	153	trial_end_completed	staircase	13	red	left	aware	1	0
526.734	0.000	trigger_101	101	526734	Trigger-In:101	154	trial_start	salient	0	red	right	unaware	1	0
526.839	0.000	trigger_11	11	526839	Trigger-In:11	154	fixation_point_on	salient	0	red	right	unaware	1	0
527.439	0.000	trigger_21	21	527439	Trigger-In:21	154	grating_on	salient	0	red	right	unaware	1	0
527.494	0.000	trigger_20	20	527494	Trigger-In:20	154	grating_off	salient	0	red	right	unaware	1	0
528.094	0.000	trigger_31	31	528094	Trigger-In:31	154	targets_on_fp_color_change	salient	0	red	right	unaware	1	0
528.759	0.000	trigger_201	201	528759	Trigger-In:201	154	trial_end_completed	salient	0	red	right	unaware	1	0
529.829	0.000	trigger_101	101	529829	Trigger-In:101	155	trial_start	staircase	12	red	left	aware	1	0
529.934	0.000	trigger_11	11	529934	Trigger-In:11	155	fixation_point_on	staircase	12	red	left	aware	1	0
530.534	0.000	trigger_21	21	530534	Trigger-In:21	155	grating_on	staircase	12	red	left	aware	1	0
530.584	0.000	trigger_20	20	530584	Trigger-In:20	155	grating_off	staircase	12	red	left	aware	1	0
531.184	0.000	trigger_31	31	531184	Trigger-In:31	155	targets_on_fp_color_change	staircase	12	red	left	aware	1	0
532.194	0.000	trigger_201	201	532194	Trigger-In:201	155	trial_end_completed	staircase	12	red	left	aware	1	0
533.264	0.000	trigger_101	101	533264	Trigger-In:101	156	trial_start	salient	0	red	right	unaware	1	0
533.369	0.000	trigger_11	11	533369	Trigger-In:11	156	fixation_point_on	salient	0	red	right	unaware	1	0
533.969	0.000	trigger_21	21	533969	Trigger-In:21	156	grating_on	salient	0	red	right	unaware	1	0
534.019	0.000	trigger_20	20	534019	Trigger-In:20	156	grating_off	salient	0	red	right	unaware	1	0
534.619	0.000	trigger_31	31	534619	Trigger-In:31	156	targets_on_fp_color_change	salient	0	red	right	unaware	1	0
535.269	0.000	trigger_201	201	535269	Trigger-In:201	156	trial_end_completed	salient	0	red	right	unaware	1	0
536.339	0.000	trigger_101	101	536339	Trigger-In:101	157	trial_start	staircase	11	green	right	aware	1	0
536.449	0.000	trigger_11	11	536449	Trigger-In:11	157	fixation_point_on	staircase	11	green	right	aware	1	0
537.049	0.000	trigger_21	21	537049	Trigger-In:21	157	grating_on	staircase	11	green	right	aware	1	0
537.099	0.000	trigger_20	20	537099	Trigger-In:20	157	grating_off	staircase	11	green	right	aware	1	0
537.699	0.000	trigger_31	31	537699	Trigger-In:31	157	targets_on_fp_color_change	staircase	11	green	right	aware	1	0
538.524	0.000	trigger_201	201	538524	Trigger-In:201	157	trial_end_completed	staircase	11	green	right	aware	1	0
539.599	0.000	trigger_101	101	539599	Trigger-In:101	158	trial_start	staircase	10	red	right	unaware	1	0
539.704	0.000	trigger_11	11	539704	Trigger-In:11	158	fixation_point_on	staircase	10	red	right	unaware	1	0
540.304	0.000	trigger_21	21	540304	Trigger-In:21	158	grating_on	staircase	10	red	right	unaware	1	0
540.354	0.000	trigger_20	20	540354	Trigger-In:20	158	grating_off	staircase	10	red	right	unaware	1	0
540.954	0.000	trigger_31	31	540954	Trigger-In:31	158	targets_on_fp_color_change	staircase	10	red	right	unaware	1	0
542.104	0.000	trigger_201	201	542104	Trigger-In:201	158	trial_end_completed	staircase	10	red	right	unaware	1	0
543.174	0.000	trigger_101	101	543174	Trigger-In:101	159	trial_start	staircase	11	green	left	unaware	1	0
543.279	0.000	trigger_11	11	543279	Trigger-In:11	159	fixation_point_on	staircase	11	green	left	unaware	1	0
543.879	0.000	trigger_21	21	543879	Trigger-In:21	159	grating_on	staircase	11	green	left	unaware	1	0
543.929	0.000	trigger_20	20	543929	Trigger-In:20	159	grating_off	staircase	11	green	left	unaware	1	0
544.534	0.000	trigger_31	31	544534	Trigger-In:31	159	targets_on_fp_color_change	staircase	11	green	left	unaware	1	0
545.314	0.000	trigger_201	201	545314	Trigger-In:201	159	trial_end_completed	staircase	11	green	left	unaware	1	0
546.389	0.000	trigger_101	101	546389	Trigger-In:101	160	trial_start	staircase	12	red	right	unaware	1	0
546.494	0.000	trigger_11	11	546494	Trigger-In:11	160	fixation_point_on	staircase	12	red	right	unaware	1	0
547.094	0.000	trigger_21	21	547094	Trigger-In:21	160	grating_on	staircase	12	red	right	unaware	1	0
547.144	0.000	trigger_20	20	547144	Trigger-In:20	160	grating_off	staircase	12	red	right	unaware	1	0
547.744	0.000	trigger_31	31	547744	Trigger-In:31	160	targets_on_fp_color_change	staircase	12	red	right	unaware	1	0
548.369	0.000	trigger_201	201	548369	Trigger-In:201	160	trial_end_completed	staircase	12	red	right	unaware	1	0
549.439	0.000	trigger_101	101	549439	Trigger-In:101	161	trial_start	staircase	13	green	left	unaware	1	0
549.544	0.000	trigger_11	11	549544	Trigger-In:11	161	fixation_point_on	staircase	13	green	left	unaware	1	0
550.144	0.000	trigger_21	21	550144	Trigger-In:21	161	grating_on	staircase	13	green	left	unaware	1	0
550.194	0.000	trigger_20	20	550194	Trigger-In:20	161	grating_off	staircase	13	green	left	unaware	1	0
550.794	0.000	trigger_31	31	550794	Trigger-In:31	161	targets_on_fp_color_change	staircase	13	green	left	unaware	1	0
551.514	0.000	trigger_201	201	551514	Trigger-In:201	161	trial_end_completed	staircase	13	green	left	unaware	1	0
552.584	0.000	trigger_101	101	552584	Trigger-In:101	162	trial_start	staircase	14	green	right	aware	1	0
552.694	0.000	trigger_11	11	552694	Trigger-In:11	162	fixation_point_on	staircase	14	green	right	aware	1	0
553.294	0.000	trigger_21	21	553294	Trigger-In:21	162	grating_on	staircase	14	green	right	aware	1	0
553.344	0.000	trigger_20	20	553344	Trigger-In:20	162	grating_off	staircase	14	green	right	aware	1	0
553.944	0.000	trigger_31	31	553944	Trigger-In:31	162	targets_on_fp_color_change	staircase	14	green	right	aware	1	0
554.609	0.000	trigger_201	201	554609	Trigger-In:201	162	trial_end_completed	staircase	14	green	right	aware	1	0
555.684	0.000	trigger_101	101	555684	Trigger-In:101	163	trial_start	salient	0	green	left	unaware	1	0
555.789	0.000	trigger_11	11	555789	Trigger-In:11	163	fixation_point_on	salient	0	green	left	unaware	1	0
556.389	0.000	trigger_21	21	556389	Trigger-In:21	163	grating_on	salient	0	green	left	unaware	1	0
556.439	0.000	trigger_20	20	556439	Trigger-In:20	163	grating_off	salient	0	green	left	unaware	1	0
557.039	0.000	trigger_31	31	557039	Trigger-In:31	163	targets_on_fp_color_change	salient	0	green	left	unaware	1	0
557.854	0.000	trigger_201	201	557854	Trigger-In:201	163	trial_end_completed	salient	0	green	left	unaware	1	0
558.924	0.000	trigger_101	101	558924	Trigger-In:101	164	trial_start	staircase	13	green	left	unaware	1	0
559.029	0.000	trigger_11	11	559029	Trigger-In:11	164	fixation_point_on	staircase	13	green	left	unaware	1	0
559.629	0.000	trigger_21	21	559629	Trigger-In:21	164	grating_on	staircase	13	green	left	unaware	1	0
559.679	0.000	trigger_20	20	559679	Trigger-In:20	164	grating_off	staircase	13	green	left	unaware	1	0
560.279	0.000	trigger_31	31	560279	Trigger-In:31	164	targets_on_fp_color_change	staircase	13	green	left	unaware	1	0
561.014	0.000	trigger_201	201	561014	Trigger-In:201	164	trial_end_completed	staircase	13	green	left	unaware	1	0
562.084	0.000	trigger_101	101	562084	Trigger-In:101	165	trial_start	staircase	14	red	right	unaware	1	0
562.189	0.000	trigger_11	11	562189	Trigger-In:11	165	fixation_point_on	staircase	14	red	right	unaware	1	0
562.789	0.000	trigger_21	21	562789	Trigger-In:21	165	grating_on	staircase	14	red	right	unaware	1	0
562.839	0.000	trigger_20	20	562839	Trigger-In:20	165	grating_off	staircase	14	red	right	unaware	1	0
563.444	0.000	trigger_31	31	563444	Trigger-In:31	165	targets_on_fp_color_change	staircase	14	red	right	unaware	1	0
564.049	0.000	trigger_201	201	564049	Trigger-In:201	165	trial_end_completed	staircase	14	red	right	unaware	1	0
565.119	0.000	trigger_101	101	565119	Trigger-In:101	166	trial_start	staircase	15	green	right	aware	1	0
565.229	0.000	trigger_11	11	565229	Trigger-In:11	166	fixation_point_on	staircase	15	green	right	aware	1	0
565.829	0.000	trigger_21	21	565829	Trigger-In:21	166	grating_on	staircase	15	green	right	aware	1	0
565.879	0.000	trigger_20	20	565879	Trigger-In:20	166	grating_off	staircase	15	green	right	aware	1	0
566.479	0.000	trigger_31	31	566479	Trigger-In:31	166	targets_on_fp_color_change	staircase	15	green	right	aware	1	0
567.579	0.000	trigger_201	201	567579	Trigger-In:201	166	trial_end_completed	staircase	15	green	right	aware	1	0
568.649	0.000	trigger_101	101	568649	Trigger-In:101	167	trial_start	staircase	14	red	left	aware	1	0
568.789	0.000	trigger_11	11	568789	Trigger-In:11	167	fixation_point_on	staircase	14	red	left	aware	1	0
569.389	0.000	trigger_21	21	569389	Trigger-In:21	167	grating_on	staircase	14	red	left	aware	1	0
569.444	0.000	trigger_20	20	569444	Trigger-In:20	167	grating_off	staircase	14	red	left	aware	1	0
570.044	0.000	trigger_31	31	570044	Trigger-In:31	167	targets_on_fp_color_change	staircase	14	red	left	aware	1	0
570.639	0.000	trigger_201	201	570639	Trigger-In:201	167	trial_end_completed	staircase	14	red	left	aware	1	0
571.709	0.000	trigger_101	101	571709	Trigger-In:101	168	trial_start	staircase	13	green	left	unaware	1	0
571.809	0.000	trigger_11	11	571809	Trigger-In:11	168	fixation_point_on	staircase	13	green	left	unaware	1	0
572.409	0.000	trigger_21	21	572409	Trigger-In:21	168	grating_on	staircase	13	green	left	unaware	1	0
572.459	0.000	trigger_20	20	572459	Trigger-In:20	168	grating_off	staircase	13	green	left	unaware	1	0
573.059	0.000	trigger_31	31	573059	Trigger-In:31	168	targets_on_fp_color_change	staircase	13	green	left	unaware	1	0
573.854	0.000	trigger_201	201	573854	Trigger-In:201	168	trial_end_completed	staircase	13	green	left	unaware	1	0
574.924	0.000	trigger_101	101	574924	Trigger-In:101	169	trial_start	absent	70	red	left	aware	1	0
575.029	0.000	trigger_11	11	575029	Trigger-In:11	169	fixation_point_on	absent	70	red	left	aware	1	0
575.629	0.000	trigger_21	21	575629	Trigger-In:21	169	grating_on	absent	70	red	left	aware	1	0
575.679	0.000	trigger_20	20	575679	Trigger-In:20	169	grating_off	absent	70	red	left	aware	1	0
576.279	0.000	trigger_31	31	576279	Trigger-In:31	169	targets_on_fp_color_change	absent	70	red	left	aware	1	0
577.299	0.000	trigger_201	201	577299	Trigger-In:201	169	trial_end_completed	absent	70	red	left	aware	1	0
578.374	0.000	trigger_101	101	578374	Trigger-In:101	170	trial_start	staircase	14	red	left	aware	1	0
578.479	0.000	trigger_11	11	578479	Trigger-In:11	170	fixation_point_on	staircase	14	red	left	aware	1	0
579.079	0.000	trigger_21	21	579079	Trigger-In:21	170	grating_on	staircase	14	red	left	aware	1	0
579.129	0.000	trigger_20	20	579129	Trigger-In:20	170	grating_off	staircase	14	red	left	aware	1	0
579.729	0.000	trigger_31	31	579729	Trigger-In:31	170	targets_on_fp_color_change	staircase	14	red	left	aware	1	0
580.424	0.000	trigger_201	201	580424	Trigger-In:201	170	trial_end_completed	staircase	14	red	left	aware	1	0
581.494	0.000	trigger_101	101	581494	Trigger-In:101	171	trial_start	staircase	13	red	right	unaware	1	0
581.599	0.000	trigger_11	11	581599	Trigger-In:11	171	fixation_point_on	staircase	13	red	right	unaware	1	0
582.199	0.000	trigger_21	21	582199	Trigger-In:21	171	grating_on	staircase	13	red	right	unaware	1	0
582.249	0.000	trigger_20	20	582249	Trigger-In:20	171	grating_off	staircase	13	red	right	unaware	1	0
582.849	0.000	trigger_31	31	582849	Trigger-In:31	171	targets_on_fp_color_change	staircase	13	red	right	unaware	1	0
583.714	0.000	trigger_201	201	583714	Trigger-In:201	171	trial_end_completed	staircase	13	red	right	unaware	1	0
584.784	0.000	trigger_101	101	584784	Trigger-In:101	172	trial_start	staircase	14	red	left	aware	1	0
584.894	0.000	trigger_11	11	584894	Trigger-In:11	172	fixation_point_on	staircase	14	red	left	aware	1	0
585.494	0.000	trigger_21	21	585494	Trigger-In:21	172	grating_on	staircase	14	red	left	aware	1	0
585.544	0.000	trigger_20	20	585544	Trigger-In:20	172	grating_off	staircase	14	red	left	aware	1	0
586.144	0.000	trigger_31	31	586144	Trigger-In:31	172	targets_on_fp_color_change	staircase	14	red	left	aware	1	0
586.869	0.000	trigger_201	201	586869	Trigger-In:201	172	trial_end_completed	staircase	14	red	left	aware	1	0
587.939	0.000	trigger_101	101	587939	Trigger-In:101	173	trial_start	staircase	13	green	right	aware	1	0
588.044	0.000	trigger_11	11	588044	Trigger-In:11	173	fixation_point_on	staircase	13	green	right	aware	1	0
588.644	0.000	trigger_21	21	588644	Trigger-In:21	173	grating_on	staircase	13	green	right	aware	1	0
588.694	0.000	trigger_20	20	588694	Trigger-In:20	173	grating_off	staircase	13	green	right	aware	1	0
589.294	0.000	trigger_31	31	589294	Trigger-In:31	173	targets_on_fp_color_change	staircase	13	green	right	aware	1	0
590.194	0.000	trigger_201	201	590194	Trigger-In:201	173	trial_end_completed	staircase	13	green	right	aware	1	0
591.264	0.000	trigger_101	101	591264	Trigger-In:101	174	trial_start	staircase	12	green	right	aware	1	0
591.364	0.000	trigger_11	11	591364	Trigger-In:11	174	fixation_point_on	staircase	12	green	right	aware	1	0
591.969	0.000	trigger_21	21	591969	Trigger-In:21	174	grating_on	staircase	12	green	right	aware	1	0
592.019	0.000	trigger_20	20	592019	Trigger-In:20	174	grating_off	staircase	12	green	right	aware	1	0
592.619	0.000	trigger_31	31	592619	Trigger-In:31	174	targets_on_fp_color_change	staircase	12	green	right	aware	1	0
593.484	0.000	trigger_201	201	593484	Trigger-In:201	174	trial_end_completed	staircase	12	green	right	aware	1	0
594.554	0.000	trigger_101	101	594554	Trigger-In:101	175	trial_start	absent	70	red	left	aware	1	0
594.649	0.000	trigger_11	11	594649	Trigger-In:11	175	fixation_point_on	absent	70	red	left	aware	1	0
595.249	0.000	trigger_21	21	595249	Trigger-In:21	175	grating_on	absent	70	red	left	aware	1	0
595.299	0.000	trigger_20	20	595299	Trigger-In:20	175	grating_off	absent	70	red	left	aware	1	0
595.904	0.000	trigger_31	31	595904	Trigger-In:31	175	targets_on_fp_color_change	absent	70	red	left	aware	1	0
596.514	0.000	trigger_201	201	596514	Trigger-In:201	175	trial_end_completed	absent	70	red	left	aware	1	0
597.584	0.000	trigger_101	101	597584	Trigger-In:101	176	trial_start	salient	0	red	right	unaware	1	0
597.689	0.000	trigger_11	11	597689	Trigger-In:11	176	fixation_point_on	salient	0	red	right	unaware	1	0
598.289	0.000	trigger_21	21	598289	Trigger-In:21	176	grating_on	salient	0	red	right	unaware	1	0
598.344	0.000	trigger_20	20	598344	Trigger-In:20	176	grating_off	salient	0	red	right	unaware	1	0
598.944	0.000	trigger_31	31	598944	Trigger-In:31	176	targets_on_fp_color_change	salient	0	red	right	unaware	1	0
600.119	0.000	trigger_201	201	600119	Trigger-In:201	176	trial_end_completed	salient	0	red	right	unaware	1	0
601.189	0.000	trigger_101	101	601189	Trigger-In:101	177	trial_start	staircase	11	green	left	unaware	1	0
601.294	0.000	trigger_11	11	601294	Trigger-In:11	177	fixation_point_on	staircase	11	green	left	unaware	1	0
601.894	0.000	trigger_21	21	601894	Trigger-In:21	177	grating_on	staircase	11	green	left	unaware	1	0
601.944	0.000	trigger_20	20	601944	Trigger-In:20	177	grating_off	staircase	11	green	left	unaware	1	0
602.549	0.000	trigger_31	31	602549	Trigger-In:31	177	targets_on_fp_color_change	staircase	11	green	left	unaware	1	0
603.434	0.000	trigger_201	201	603434	Trigger-In:201	177	trial_end_completed	staircase	11	green	left	unaware	1	0
604.504	0.000	trigger_101	101	604504	Trigger-In:101	178	trial_start	staircase	12	green	right	aware	1	0
604.609	0.000	trigger_11	11	604609	Trigger-In:11	178	fixation_point_on	staircase	12	green	right	aware	1	0
605.209	0.000	trigger_21	21	605209	Trigger-In:21	178	grating_on	staircase	12	green	right	aware	1	0
605.259	0.000	trigger_20	20	605259	Trigger-In:20	178	grating_off	staircase	12	green	right	aware	1	0
605.859	0.000	trigger_31	31	605859	Trigger-In:31	178	targets_on_fp_color_change	staircase	12	green	right	aware	1	0
606.539	0.000	trigger_201	201	606539	Trigger-In:201	178	trial_end_completed	staircase	12	green	right	aware	1	0
607.609	0.000	trigger_101	101	607609	Trigger-In:101	179	trial_start	staircase	11	green	left	unaware	1	0
607.714	0.000	trigger_11	11	607714	Trigger-In:11	179	fixation_point_on	staircase	11	green	left	unaware	1	0
608.314	0.000	trigger_21	21	608314	Trigger-In:21	179	grating_on	staircase	11	green	left	unaware	1	0
608.369	0.000	trigger_20	20	608369	Trigger-In:20	179	grating_off	staircase	11	green	left	unaware	1	0
608.969	0.000	trigger_31	31	608969	Trigger-In:31	179	targets_on_fp_color_change	staircase	11	green	left	unaware	1	0
609.774	0.000	trigger_201	201	609774	Trigger-In:201	179	trial_end_completed	staircase	11	green	left	unaware	1	0
610.844	0.000	trigger_101	101	610844	Trigger-In:101	180	trial_start	staircase	12	red	left	aware	1	0
610.954	0.000	trigger_11	11	610954	Trigger-In:11	180	fixation_point_on	staircase	12	red	left	aware	1	0
611.554	0.000	trigger_21	21	611554	Trigger-In:21	180	grating_on	staircase	12	red	left	aware	1	0
611.604	0.000	trigger_20	20	611604	Trigger-In:20	180	grating_off	staircase	12	red	left	aware	1	0
612.204	0.000	trigger_31	31	612204	Trigger-In:31	180	targets_on_fp_color_change	staircase	12	red	left	aware	1	0
613.064	0.000	trigger_192	192	613064	Trigger-In:192	180	n/a	staircase	12	red	left	aware	1	0
